scheme,policy,family,model,n,n_full,frac_neg,mae,mae_se,mae_dollar,mape,mape_dollar,bias,rmse,dim_phi,tau,theta_l1,alpha_med,elapsed_s
A,PVD,Base,Base,1041,1508,0.6903183023872679,0.6340226381923298,0.05307266796697047,544.6757408260241,1.8597674495400494,0.695624482692802,-0.2382116507811027,1.273981342974562,2,1,,,0.014442920684814453
A,PVD,I,OLS,1041,1508,0.6903183023872679,0.39670410942265955,0.02656690830684063,602.7409278482111,1.6461814919474334,0.6220992402218837,9.349887253525442e-05,0.7918074259549147,4,1,2.304259288337928,,0.02199411392211914
A,PVD,I,Ridge,1041,1508,0.6903183023872679,0.39588363447963565,0.026500944026211313,601.2381652396733,1.6418292719589151,0.6228919784089094,6.467510524504772e-05,0.7918027671193174,4,1,1.065246619579354,10.0,0.3880198001861572
A,PVD,I,GBR,1041,1508,0.6903183023872679,0.37147629149781547,0.02593042536938801,421.47843495166427,1.1794376696636568,0.39644428001499993,-0.02429249103307405,0.7289329276656187,4,1,,,2.810713529586792
A,PVD,II,OLS,1041,1508,0.6903183023872679,0.39110488167470076,0.02558790911991596,561.0954961349711,1.5190028414415342,0.6213689657648201,-1.643131508391564e-05,0.7819123175235184,4,1,0.854512029257276,,0.019999980926513672
A,PVD,II,Ridge,1041,1508,0.6903183023872679,0.3904679712400684,0.025500626608635543,560.7025043187078,1.5184866110037738,0.622004964173377,-3.534997270649975e-05,0.781899027672067,4,1,1.0928331082506817,10.0,0.3979978561401367
A,PVD,II,GBR,1041,1508,0.6903183023872679,0.3705408549964987,0.025421663312729974,420.5742604588153,1.175639538029938,0.397394644138814,-0.024417669564702274,0.726687029769821,4,1,,,2.77821683883667
A,PVD,III,OLS,1040,1507,0.6901128069011281,0.3834523903008695,0.026554248570434917,520.4894268672457,1.3766140441880335,0.5982870363277752,-7.687194244171499e-05,0.7740232060784367,6,2,1.680716983815474,,0.021000146865844727
A,PVD,III,Ridge,1040,1507,0.6901128069011281,0.3820040573009461,0.02617850127585386,529.5151877180284,1.4176558599012206,0.6043803496623813,-0.00023030347827162408,0.774690497445391,6,2,1.8186256521119948,10.0,0.38400888442993164
A,PVD,III,GBR,1040,1507,0.6901128069011281,0.36752187442198225,0.024187892567598807,418.7434340007546,1.1437881445252163,0.41505631685289857,-0.020086420914042016,0.7294025454706972,6,2,,,3.6155142784118652
A,PVD,IV,OLS,1041,1508,0.6903183023872679,0.3922658837859384,0.024990386092335334,568.5610564429078,1.4954197526213453,0.6184524942345334,0.0007717531965869595,0.780744706889372,6,1,2.1315427128956297,,0.020968914031982422
A,PVD,IV,Ridge,1041,1508,0.6903183023872679,0.39149101360045624,0.025013162351950537,567.8330373925096,1.4964869983768259,0.6189439105721134,0.0007299332106185037,0.7806420788436464,6,1,1.2447459103399983,10.0,0.3785247802734375
A,PVD,IV,GBR,1041,1508,0.6903183023872679,0.3664367738520329,0.02486628439343106,418.1936815492491,1.1488736641784256,0.39389945269314675,-0.019184938449743123,0.7166869563982702,6,1,,,2.7832601070404053
A,PVD,V,OLS,1041,1508,0.6903183023872679,0.38987986759514154,0.02550889288192138,562.5096893114077,1.5720673490064594,0.631561308557714,-7.057812322250433e-05,0.785633689060855,3,1,0.7225641505872515,,0.01901412010192871
A,PVD,V,Ridge,1041,1508,0.6903183023872679,0.3894505817037754,0.02544606487605286,562.4830378179134,1.5738240417972171,0.6321010196916576,-8.431324966100131e-05,0.7856221841956716,3,1,0.9469966949477678,10.0,0.35798072814941406
A,PVD,V,GBR,1041,1508,0.6903183023872679,0.3883139426178286,0.017086428891013774,472.8169230347731,1.3482935060779815,0.43699871570720666,-0.0006444141397598467,0.7658858509238511,3,1,,,1.9305236339569092
A,PVD,VI,OLS,1040,1507,0.6901128069011281,0.3815167618191778,0.02610129779012036,518.9691660237588,1.3843224374494079,0.6056843183679571,0.00025661880113720607,0.7759583857104053,4,2,0.9764447723895513,,0.01900935173034668
A,PVD,VI,Ridge,1040,1507,0.6901128069011281,0.3810470722377186,0.02605837411971185,519.082237631969,1.3854506143438519,0.6062807033043295,0.0002426073117362785,0.7759351068377803,4,2,1.0659899364141834,10.0,0.37067174911499023
A,PVD,VI,GBR,1040,1507,0.6901128069011281,0.38967127800538515,0.019404492539503795,444.4471100803758,1.2154787265816882,0.4743819367794017,0.003508199730565268,0.7852434370098906,4,2,,,2.39095401763916
A,PVD,VII,OLS,1040,1507,0.6901128069011281,0.3854119310146416,0.026667976050027773,530.9163219602635,1.4087587298466597,0.5998779057681098,0.0007272379250490273,0.7739452572839486,7,2,1.4913009998297457,,0.019996166229248047
A,PVD,VII,Ridge,1040,1507,0.6901128069011281,0.3848905564226725,0.026661335017502993,530.8861577804639,1.4082209530608352,0.6003354876904387,0.0007032637871094248,0.7738900625012763,7,2,1.1256329865905301,10.0,0.3754730224609375
A,PVD,VII,GBR,1040,1507,0.6901128069011281,0.36832048777881315,0.01941689563867611,391.9023914925719,1.0435900971645249,0.43991696367530614,-0.00599268740873109,0.7573939344936363,7,2,,,2.91721248626709
A,IC,Base,Base,885,1198,0.7387312186978298,0.9607369130992469,0.03926866705096589,449.43273070050526,1.8993174172448855,1.0864279219125097,-0.4321925079284037,1.7203708288927786,2,1,,,0.011999368667602539
A,IC,I,OLS,885,1198,0.7387312186978298,0.686865229091969,0.02447005057717741,579.4010079118158,1.595140119489547,0.8914627429846564,0.0012389366267419996,1.1332409446463638,4,1,3.9316487578369026,,0.020005226135253906
A,IC,I,Ridge,885,1198,0.7387312186978298,0.6852980661201926,0.024498685949201186,577.2578610554513,1.5910312679160545,0.89234457364478,0.0012043847765813897,1.1332030372444617,4,1,1.5480137797102889,10.0,0.3609962463378906
A,IC,I,GBR,885,1198,0.7387312186978298,0.5770934987863224,0.021966566734335537,384.4549277699292,1.086042354466331,0.7313031463700569,-0.0068825785026976295,1.022990046228074,4,1,,,2.43257737159729
A,IC,II,OLS,885,1198,0.7387312186978298,0.6535541532879833,0.019079315445849083,502.7710745393592,1.4204852624617026,0.9261632140434861,-0.00020561302359617213,1.1151182771157009,4,1,0.7881446469778246,,0.01900625228881836
A,IC,II,Ridge,885,1198,0.7387312186978298,0.6527465060114218,0.019148882190273844,502.8921636771797,1.4212350154846347,0.9264875418014267,-0.00021661240506980358,1.1150678743502094,4,1,1.6007118721170104,10.0,0.35802459716796875
A,IC,II,GBR,885,1198,0.7387312186978298,0.5772861396658473,0.022234410646280255,384.67729641571435,1.0899737223030141,0.7278720954783401,-0.007977883509109553,1.022886737732359,4,1,,,2.4526124000549316
A,IC,III,OLS,885,1198,0.7387312186978298,0.6523568913748973,0.01832155355576729,492.39373026855526,1.4020888695970055,0.9372764563264028,0.0005592559179698093,1.117457893240301,6,2,0.9127177761790072,,0.019011497497558594
A,IC,III,Ridge,885,1198,0.7387312186978298,0.6516843572541273,0.01926462786418749,497.06575241427237,1.410385215596183,0.9318704053351838,0.0006494712832060798,1.116033921445344,6,2,1.691512351840097,10.0,0.3639829158782959
A,IC,III,GBR,885,1198,0.7387312186978298,0.6046554328155409,0.021248012222618285,382.91693695526595,1.0986638627240575,0.7476047854289569,-0.02060840523858213,1.0520011326097987,6,2,,,3.4491446018218994
A,IC,IV,OLS,885,1198,0.7387312186978298,0.6551589280048771,0.018895035718001087,508.6513932577979,1.4381947463567457,0.926350729427044,0.0006011315069921844,1.1156860093873953,6,1,1.831753523271741,,0.01999354362487793
A,IC,IV,Ridge,885,1198,0.7387312186978298,0.6545750904268686,0.018943643089682074,509.13204986148753,1.4412288083739146,0.9261580531313449,0.0005923832729482163,1.1155484876127233,6,1,1.6833838068101552,10.0,0.397996187210083
A,IC,IV,GBR,885,1198,0.7387312186978298,0.5756045118764544,0.02040315671082537,386.213162868931,1.0855228387842448,0.721620287572983,-0.0115526868130073,1.0144693788770551,6,1,,,2.640437364578247
A,IC,V,OLS,885,1198,0.7387312186978298,0.6516291751494068,0.01978727154011224,504.55735104911633,1.47940579580986,0.963093509793624,-0.0013430551146096557,1.123099065503136,3,1,0.833266528590394,,0.021009206771850586
A,IC,V,Ridge,885,1198,0.7387312186978298,0.6513448531629565,0.019867921252033415,505.7756372238416,1.4831500229499905,0.9633358557085208,-0.0013180085951101563,1.1230715793435853,3,1,1.4899665517619982,10.0,0.37100768089294434
A,IC,V,GBR,885,1198,0.7387312186978298,0.6359481448971848,0.028547183688481557,436.99555578717053,1.3119006572947327,0.7576085193152077,0.0029351841943773683,1.0767523043796856,3,1,,,2.0929765701293945
A,IC,VI,OLS,885,1198,0.7387312186978298,0.6499916365006418,0.018193618647285238,494.10606892109377,1.4567304627867812,0.9736974618187673,-0.0013339100415791208,1.1245436837039309,4,2,0.8977961095741986,,0.019978046417236328
A,IC,VI,Ridge,885,1198,0.7387312186978298,0.6497632210857943,0.018273848702232122,495.446407721382,1.460398568756743,0.9740038475431707,-0.0013102205136697111,1.124502556994373,4,2,1.5336100453532542,10.0,0.4144275188446045
A,IC,VI,GBR,885,1198,0.7387312186978298,0.6340718558159613,0.028186149514282992,395.6596497684913,1.1854859573567393,0.7893146015113021,-0.004674931657397537,1.1070363955648403,4,2,,,2.688206195831299
A,IC,VII,OLS,885,1198,0.7387312186978298,0.6545481278673717,0.01801075101743992,500.0069802644026,1.4319276375339645,0.9347913482234792,0.0008321339248395026,1.1174213875393135,7,2,1.7204322114405488,,0.02602362632751465
A,IC,VII,Ridge,885,1198,0.7387312186978298,0.6537179450724359,0.01808143266798412,500.1770701841389,1.4330633954201684,0.9350700609121515,0.0008299632114670404,1.117352460000261,7,2,1.7148606274614167,10.0,0.4685056209564209
A,IC,VII,GBR,885,1198,0.7387312186978298,0.582264733764119,0.023942383873891752,369.4498978353727,1.0042593284170194,0.6625332458150782,-0.011508335474871345,1.0159453864759702,7,2,,,2.7969555854797363
A,FRB,Base,Base,917,1054,0.8700189753320683,1.005510748810701,0.06252837456903737,455.1848937193976,1.9010865513126627,1.1266856666074632,-0.43483259832887144,1.7532300179001552,2,1,,,0.013973712921142578
A,FRB,I,OLS,917,1054,0.8700189753320683,0.8014420663934766,0.03392413330935328,581.5819478123985,1.675256744681073,0.8752880564224924,0.0013530571898893254,1.2343683070285314,4,1,4.390207286183607,,0.022000789642333984
A,FRB,I,Ridge,917,1054,0.8700189753320683,0.7997135121463742,0.034078362805355214,579.2903197444452,1.6691410475689954,0.8765046051723814,0.0013327033015347563,1.234277738330299,4,1,1.8230722416040324,10.0,0.39999985694885254
A,FRB,I,GBR,917,1054,0.8700189753320683,0.7357713781913044,0.04380481842051677,380.7421530662618,1.245727922490352,0.7656733825451991,-0.07190524710467809,1.233735992784068,4,1,,,2.733940362930298
A,FRB,II,OLS,917,1054,0.8700189753320683,0.7635655657627537,0.04122734327972876,491.9742005813472,1.4339618561916516,0.9119007041367093,-0.0009773619437236278,1.2250860770059293,4,1,1.046445575645653,,0.019992589950561523
A,FRB,II,Ridge,917,1054,0.8700189753320683,0.7623197890978769,0.041190514902845796,491.1138640279114,1.4326588304650174,0.9125377251934162,-0.0009618679154803951,1.225013047774105,4,1,1.8552292243427597,10.0,0.3959934711456299
A,FRB,II,GBR,917,1054,0.8700189753320683,0.7318621300955493,0.043937216089442774,376.8517584577453,1.2279227336395886,0.7625808212273942,-0.06985910474015414,1.2314039161808288,4,1,,,2.6585395336151123
A,FRB,III,OLS,917,1054,0.8700189753320683,0.7500106838496282,0.04284422175583904,447.9246895856672,1.3171443841919046,0.8737548475706571,0.00045783853400610996,1.2122947502595307,6,2,1.6443921950605294,,0.019981861114501953
A,FRB,III,Ridge,917,1054,0.8700189753320683,0.7478164816960794,0.04243659899993066,454.93011286947564,1.348992279768889,0.8756405718488747,-0.0006210895982996468,1.210458113084229,6,2,2.8921694621418372,10.0,0.40954089164733887
A,FRB,III,GBR,917,1054,0.8700189753320683,0.7116361429374078,0.039936281551248246,352.9479665267095,1.1523073934410313,0.7596436826979677,-0.05034649660573147,1.1950375260493353,6,2,,,3.6701395511627197
A,FRB,IV,OLS,917,1054,0.8700189753320683,0.7635769647603219,0.04140096741406007,490.620644663978,1.4280911366528835,0.9136977539194568,-0.0010519906369114854,1.2258354279597048,6,1,1.6360936995199216,,0.025031328201293945
A,FRB,IV,Ridge,917,1054,0.8700189753320683,0.7627935704036028,0.041160651314040515,491.3186441300318,1.4310445216276284,0.9139649861643682,-0.0009990945501826842,1.225690334962661,6,1,1.9077907132553453,10.0,0.4365260601043701
A,FRB,IV,GBR,917,1054,0.8700189753320683,0.7340747523962387,0.044292442176014316,379.9725866839552,1.2306427997900664,0.7683163988476457,-0.07237340537366944,1.2330230069451076,6,1,,,2.836028814315796
A,FRB,V,OLS,917,1054,0.8700189753320683,0.7680585876655304,0.034271202088289196,500.7169368033049,1.591637534932409,0.988548958189786,-0.0011720276784537137,1.2533893574801562,3,1,0.9522309074483565,,0.023990869522094727
A,FRB,V,Ridge,917,1054,0.8700189753320683,0.7680224794362346,0.034272720761708814,501.4407516656117,1.5929965546663865,0.9887034040684338,-0.0011381876238021984,1.253335761009838,3,1,1.6221740599227104,0.001,0.4279904365539551
A,FRB,V,GBR,917,1054,0.8700189753320683,0.7052804090182386,0.03619146663038183,413.56811597751334,1.3313795880252837,0.7659042545528741,-0.008031023672203656,1.1541736309554278,3,1,,,2.1056766510009766
A,FRB,VI,OLS,917,1054,0.8700189753320683,0.7467174024163387,0.040723789886835886,437.31445569015386,1.3499940236511545,0.9127916340486659,-0.0005613458955612035,1.2271952383943958,4,2,1.1838670100172903,,0.018993616104125977
A,FRB,VI,Ridge,917,1054,0.8700189753320683,0.746740808863968,0.04054576599638862,439.41457475706915,1.3559265396901667,0.9137351763400107,-0.0005840657763322866,1.2271335370009748,4,2,1.817149235752686,10.0,0.412996768951416
A,FRB,VI,GBR,917,1054,0.8700189753320683,0.7173077964902584,0.033698039402513,355.6390787629044,1.1451628302260128,0.806450700735717,-0.01923541040672317,1.211905689501312,4,2,,,2.644585371017456
A,FRB,VII,OLS,917,1054,0.8700189753320683,0.7460847768643885,0.04415799138351282,439.0253218917266,1.2903895958846459,0.8689278467135808,-0.000474683644061634,1.209107806846051,7,2,1.5447493675804296,,0.019977092742919922
A,FRB,VII,Ridge,917,1054,0.8700189753320683,0.7454890448660432,0.04394359089257435,440.1752936355184,1.2937662058417423,0.8695209953652239,-0.0004638618438015811,1.2090113999920402,7,2,2.0545278981041304,10.0,0.452028751373291
A,FRB,VII,GBR,917,1054,0.8700189753320683,0.6954313840979004,0.037558120982988774,333.8033555710325,1.048968414747295,0.7509610797588974,-0.04347956421464256,1.1801538986140099,7,2,,,3.137681722640991
A,RFK,Base,Base,868,1555,0.5581993569131832,0.6180614800556549,0.034361731887973875,558.8582916013142,2.1118126784394953,0.6711761556032964,-0.10914941542541927,1.1495745776760817,2,1,,,0.017988920211791992
A,RFK,I,OLS,868,1555,0.5581993569131832,0.5443746344575191,0.02689898920683862,648.9885972696832,2.286058802608681,0.5964988732162522,-0.0004331554953394359,0.9367315853832549,4,1,3.1933638403304037,,0.023566484451293945
A,RFK,I,Ridge,868,1555,0.5581993569131832,0.5434518055551947,0.026839661083798826,647.7864632099606,2.2813461726601885,0.5972645662248903,-0.0004397748030934223,0.936727539425267,4,1,1.3012707492604556,10.0,0.5025935173034668
A,RFK,I,GBR,868,1555,0.5581993569131832,0.4854071100874473,0.02820273974714406,387.47800764820107,1.2740850856995316,0.5341774277231103,-0.04053862339405967,0.9359400497641605,4,1,,,3.377342462539673
A,RFK,II,OLS,868,1555,0.5581993569131832,0.5301705237441775,0.023049968103422018,593.7229939556864,2.0519612391621975,0.5701160333553674,-0.0014950841214439515,0.9030177654821798,4,1,0.9822410409305928,,0.02500009536743164
A,RFK,II,Ridge,868,1555,0.5581993569131832,0.5291167266937966,0.02304111525377407,593.0563386793267,2.0502369295432583,0.5707105203721473,-0.001478616341392721,0.9029594282035742,4,1,1.4385971520743281,10.0,0.47661447525024414
A,RFK,II,GBR,868,1555,0.5581993569131832,0.4850342800530087,0.028395715552799617,387.86625966311175,1.2820590264325682,0.5277626497537024,-0.042881211019436066,0.9366465260607046,4,1,,,2.9293265342712402
A,RFK,III,OLS,868,1555,0.5581993569131832,0.522332920988083,0.024000547327043282,569.0946049509697,1.9591931978183466,0.5681217161831803,-0.0025502129009411082,0.9024820755798062,6,2,1.1188484026982253,,0.019991636276245117
A,RFK,III,Ridge,868,1555,0.5581993569131832,0.5201545024452018,0.0244154446849565,569.7590648074015,1.9676659587122085,0.5678278895664796,-0.002318554486049895,0.9020774874316496,6,2,1.5844385999291086,10.0,0.4420204162597656
A,RFK,III,GBR,868,1555,0.5581993569131832,0.48340762696647255,0.02975473150406727,394.9133392723857,1.2956902402279018,0.5583111099164217,-0.032602950495107794,0.9438737887870593,6,2,,,3.6871509552001953
A,RFK,IV,OLS,868,1555,0.5581993569131832,0.5233194984700714,0.024425408773074392,577.3987620737505,1.956440106300279,0.5664451848785598,-0.0019285491294045033,0.9005476338726577,6,1,3.2569969617262995,,0.020001888275146484
A,RFK,IV,Ridge,868,1555,0.5581993569131832,0.5222161521469262,0.02424109728994852,576.7930077045825,1.9616696592892398,0.5667730326270134,-0.0018935652071162398,0.900468703895327,6,1,1.7181094893388458,10.0,0.4130074977874756
A,RFK,IV,GBR,868,1555,0.5581993569131832,0.4850569861630991,0.029973104974726397,388.1826781311171,1.2739941527852938,0.5242828251527915,-0.04186609888512717,0.9387570417294087,6,1,,,2.8910021781921387
A,RFK,V,OLS,868,1555,0.5581993569131832,0.5325541169046976,0.01872426966371715,599.2192382615067,2.14927510227609,0.5932175987878355,-0.0007426181909919665,0.9162251804313619,3,1,0.941274800872436,,0.02098560333251953
A,RFK,V,Ridge,868,1555,0.5581993569131832,0.531648155753852,0.018763899274766856,598.7342869416279,2.1504609444479934,0.5939251606716635,-0.0007277353459740334,0.9161771545722392,3,1,1.3275516252518103,10.0,0.4565589427947998
A,RFK,V,GBR,868,1555,0.5581993569131832,0.5169989213713352,0.020125614441233654,477.56821547631534,1.7077055811321273,0.5642347187910359,-0.019039176329043984,0.9362657659490017,3,1,,,2.0439751148223877
A,RFK,VI,OLS,868,1555,0.5581993569131832,0.5271376324610985,0.01826858692360257,577.781077803575,2.038578062278229,0.589227882883312,-0.0014200635755578681,0.913755143617558,4,2,1.0507421652351794,,0.019989967346191406
A,RFK,VI,Ridge,868,1555,0.5581993569131832,0.5262484343396371,0.01827621700988584,577.2192777323945,2.039381664579813,0.5899511739559992,-0.001395468713883448,0.9136740611261647,4,2,1.4050319792833974,10.0,0.4050009250640869
A,RFK,VI,GBR,868,1555,0.5581993569131832,0.5161997202518304,0.019040344949957183,438.46094356698933,1.6069081123098328,0.5810121089410305,-0.014200100566859494,0.9706337155818751,4,2,,,2.4035115242004395
A,RFK,VII,OLS,868,1555,0.5581993569131832,0.5267777256842212,0.023019299449463022,577.4357119597879,1.9832358265236079,0.5699432413076482,-0.0026235770428356753,0.9028294475231521,7,2,1.7454129856560516,,0.021968841552734375
A,RFK,VII,Ridge,868,1555,0.5581993569131832,0.525572135746469,0.022883266379212782,576.6873721849363,1.984332780870063,0.5702258490610744,-0.002550620962906131,0.9027182355341253,7,2,1.5514198729240327,10.0,0.42600345611572266
A,RFK,VII,GBR,868,1555,0.5581993569131832,0.48996251612647973,0.027675966514955522,372.06037191321127,1.2699196244565065,0.5192733467490684,-0.03974446125099655,0.9637946138233788,7,2,,,2.871648073196411
A,OADS,Base,Base,955,1118,0.8542039355992844,0.8331528100442883,0.041378866691250175,455.280307194867,1.4817407029116931,1.2518976716388848,-0.18097308741584023,1.520684271252434,2,1,,,0.010007143020629883
A,OADS,I,OLS,955,1118,0.8542039355992844,0.7987167798463215,0.037213465640282,664.7251705181245,1.6859018689976386,0.9562961952353438,0.0023148542003285093,1.2368163864732802,4,1,4.354084027184809,,0.01899886131286621
A,OADS,I,Ridge,955,1118,0.8542039355992844,0.7972123681522677,0.03739469249659694,662.5998257619048,1.6838451137524422,0.9568643764510084,0.0022678873651892704,1.236802594483287,4,1,1.768621769016102,10.0,0.3730008602142334
A,OADS,I,GBR,955,1118,0.8542039355992844,0.6843089352872223,0.036035214951588526,412.4352692696401,1.140534677512877,0.8026574727363296,-0.04291006370526692,1.1942267517898058,4,1,,,2.8760552406311035
A,OADS,II,OLS,955,1118,0.8542039355992844,0.7446234953961118,0.0343923235990014,565.4113368844546,1.4330811886200843,0.9902112164329329,0.0012688855278470829,1.2096801648229887,4,1,0.9411131471395575,,0.022003173828125
A,OADS,II,Ridge,955,1118,0.8542039355992844,0.7438895755337127,0.03457727401793618,565.4720286357245,1.4359952895249757,0.990078284182359,0.0012538108760888655,1.2096248813150141,4,1,1.836212241807205,10.0,0.38000059127807617
A,OADS,II,GBR,955,1118,0.8542039355992844,0.6808593011013956,0.0350555137734036,411.302530473147,1.1347740092569267,0.7895126296082343,-0.041734923388821295,1.1909680293532805,4,1,,,2.63006854057312
A,OADS,III,OLS,955,1118,0.8542039355992844,0.7413063066651542,0.03600311680827108,536.1392994304726,1.355591131506579,0.9891823290297502,0.0006857645342111432,1.205601891398993,6,2,1.3449672364273813,,0.018996477127075195
A,OADS,III,Ridge,955,1118,0.8542039355992844,0.7394560982756931,0.035675261253451176,544.7501312884865,1.3814144400386537,0.9889786847615389,0.0009140128235243007,1.2061758216038974,6,2,2.421628578296557,10.0,0.36698007583618164
A,OADS,III,GBR,955,1118,0.8542039355992844,0.6916705889753337,0.03584695036549146,408.6549049475863,1.134584245491285,0.8541929419975663,-0.05119154962536046,1.195481655492629,6,2,,,3.2710702419281006
A,OADS,IV,OLS,955,1118,0.8542039355992844,0.7423436187208637,0.03433193261706807,558.0908320635348,1.408448314383073,0.9893251685386074,0.0011227936486602867,1.2096948262692442,6,1,2.1553628948999743,,0.018980026245117188
A,OADS,IV,Ridge,955,1118,0.8542039355992844,0.7424414038138835,0.034266106364079126,559.3772628938806,1.4138401054645848,0.9883094323022081,0.0007514340992573766,1.2096945205753515,6,1,1.9236364681389215,10.0,0.3720114231109619
A,OADS,IV,GBR,955,1118,0.8542039355992844,0.6799648836668192,0.035725006629252626,411.1622922328892,1.1404260319927906,0.7914861003875217,-0.041677862750229805,1.1932065460712846,6,1,,,2.5536208152770996
A,OADS,V,OLS,955,1118,0.8542039355992844,0.7450229361824309,0.03493206422116661,566.4008961585981,1.5663127820461427,1.036497613293796,0.0012695514248962508,1.226357698183258,3,1,0.942198571955035,,0.01900959014892578
A,OADS,V,Ridge,955,1118,0.8542039355992844,0.7447347629904741,0.03491402828765153,567.8096449128262,1.5714662545981148,1.0364558476380932,0.0012873722517641936,1.2263380408241231,3,1,1.6612814601325328,10.0,0.3569936752319336
A,OADS,V,GBR,955,1118,0.8542039355992844,0.6677773319154033,0.02820576266007823,450.0868935518217,1.2870767437001611,0.776831992125842,-0.001343870513916549,1.1211305826093951,3,1,,,1.8265044689178467
A,OADS,VI,OLS,955,1118,0.8542039355992844,0.7387778515385491,0.03668166246530577,531.655895200762,1.4510204544420207,1.0254006787820382,0.0006041011218325324,1.218584889256077,4,2,1.1282984956893993,,0.01799798011779785
A,OADS,VI,Ridge,955,1118,0.8542039355992844,0.7384786434800201,0.036676739033941606,532.8432356319815,1.4554435718101764,1.0253480684012992,0.0006291073841446154,1.218538258664707,4,2,1.79630654810619,10.0,0.3590085506439209
A,OADS,VI,GBR,955,1118,0.8542039355992844,0.700693051208092,0.03594377787555467,405.4415369147585,1.1871322561265307,0.7686431829327462,-0.021655040664986733,1.1982103246477311,4,2,,,2.2324953079223633
A,OADS,VII,OLS,955,1118,0.8542039355992844,0.7413502806023727,0.03593808011122589,536.3866469420067,1.3544306882426669,0.986990473439528,0.0006884288770045878,1.2050628412338997,7,2,1.8522488926692748,,0.018982410430908203
A,OADS,VII,Ridge,955,1118,0.8542039355992844,0.740775546892654,0.03593641453378902,536.7278448769223,1.357724470914564,0.9862981706365151,0.0007222316871411571,1.2049699438085457,7,2,2.034193926377456,10.0,0.36501145362854004
A,OADS,VII,GBR,955,1118,0.8542039355992844,0.6646655199172776,0.036921551324915036,375.98777199149845,1.050817133931076,0.7273730130788504,-0.031152616454982636,1.1454454969439785,7,2,,,2.714995861053467
A,MEVJ,Base,Base,1022,1274,0.8021978021978022,0.6325196460281375,0.04123236278738638,497.36587975221715,1.6462658889088813,0.6747568306617825,-0.21113578231738458,1.2926402784622744,2,1,,,0.010988950729370117
A,MEVJ,I,OLS,1022,1274,0.8021978021978022,0.49582539374582096,0.030108711677141572,649.2783071128814,1.8674051134631149,0.6377292541276637,3.97562175629879e-05,0.9255722777826405,4,1,2.887108371108775,,0.01798415184020996
A,MEVJ,I,Ridge,1022,1274,0.8021978021978022,0.49447533871683186,0.030031235004592136,646.6568555351658,1.8616815644653895,0.6383167777945566,4.1165309058750756e-05,0.9255218266300452,4,1,1.1297093815958479,10.0,0.3590049743652344
A,MEVJ,I,GBR,1022,1274,0.8021978021978022,0.4163024595888519,0.028212940240879985,407.14350344454164,1.137737461054845,0.48350703990155963,-0.0359421781568351,0.8562088177591357,4,1,,,2.594703435897827
A,MEVJ,II,OLS,1022,1274,0.8021978021978022,0.48369435091493257,0.02855152498478783,599.915432567089,1.658562735580309,0.613663834899702,-0.0009687556234400798,0.8941859889599719,4,1,0.7717011776242556,,0.017998218536376953
A,MEVJ,II,Ridge,1022,1274,0.8021978021978022,0.4821921923518235,0.028565423860783156,597.3130342378101,1.6547877370646729,0.6141001775462741,-0.000946168139355896,0.8941231984113162,4,1,1.2441936491174794,10.0,0.3630228042602539
A,MEVJ,II,GBR,1022,1274,0.8021978021978022,0.4166460041259932,0.028926822893395175,407.9403921309639,1.1407713957352115,0.48006904028588976,-0.038132995015835544,0.85956530128893,4,1,,,2.568997859954834
A,MEVJ,III,OLS,1022,1274,0.8021978021978022,0.47714844815258495,0.027553646282940884,559.7613624706429,1.4671957996340932,0.5617538839215361,-0.000736258398959495,0.8764428684274514,6,2,2.1151367917104453,,0.021001100540161133
A,MEVJ,III,Ridge,1022,1274,0.8021978021978022,0.470139274026142,0.02799715589970924,561.1398972045538,1.512021442448995,0.5776802037023383,-0.0006449502283770028,0.8789017544297464,6,2,2.390882018219386,10.0,0.3650343418121338
A,MEVJ,III,GBR,1022,1274,0.8021978021978022,0.42030858587926695,0.020847489935869993,392.3773179599312,1.0662603626532703,0.5037911630338735,-0.02863643226549509,0.8608785079426649,6,2,,,3.454420804977417
A,MEVJ,IV,OLS,1022,1274,0.8021978021978022,0.4842565396894961,0.02854134268315653,600.2716008995769,1.6530954272833138,0.6152015329751369,-0.0007789063748899478,0.8947746397858097,6,1,0.8273582111756348,,0.017975807189941406
A,MEVJ,IV,Ridge,1022,1274,0.8021978021978022,0.482729771192646,0.0285480741863399,597.7876718239087,1.6500437733546856,0.6156147036835741,-0.0007720778782371291,0.8946779424458398,6,1,1.2605086121219427,10.0,0.36275529861450195
A,MEVJ,IV,GBR,1022,1274,0.8021978021978022,0.4151159032498499,0.027764191010975103,406.3063082814442,1.13015197540142,0.47976924246931796,-0.039382266222585456,0.8502030734206548,6,1,,,2.6443514823913574
A,MEVJ,V,OLS,1022,1274,0.8021978021978022,0.4806888606964514,0.02911878541806989,596.5057228991917,1.7161819180988809,0.6333637873444986,-0.0010804555931691342,0.9017381341105277,3,1,0.7422442207004394,,0.017003774642944336
A,MEVJ,V,Ridge,1022,1274,0.8021978021978022,0.47955025373394244,0.029088193266074817,594.9186238868302,1.714843969899398,0.6341109955629608,-0.0010678445834943044,0.9016942974899693,3,1,1.1508665147447419,10.0,0.34949731826782227
A,MEVJ,V,GBR,1022,1274,0.8021978021978022,0.40572966583085807,0.029480865558083803,447.059539468206,1.2948306328505603,0.4503792988414253,-0.018635084936894707,0.8064514712980949,3,1,,,1.8640000820159912
A,MEVJ,VI,OLS,1022,1274,0.8021978021978022,0.4709918625647935,0.028281743906199378,549.0301368810444,1.4659120511037536,0.5677156416013392,-0.001183476956267422,0.8791997667877305,4,2,1.2220502571554936,,0.0179901123046875
A,MEVJ,VI,Ridge,1022,1274,0.8021978021978022,0.4697216256208426,0.028293083714007374,547.3183554773622,1.4640551575227552,0.568366725931688,-0.0011697211053034121,0.8791211095542698,4,2,1.319008519257197,10.0,0.35799670219421387
A,MEVJ,VI,GBR,1022,1274,0.8021978021978022,0.4218264463946819,0.027978657179856384,400.5182370886357,1.1082038380594457,0.493697846904053,-0.014481994497169753,0.8589776217651242,4,2,,,2.3399910926818848
A,MEVJ,VII,OLS,1022,1274,0.8021978021978022,0.4757876601551816,0.027986792850363,557.9901438050764,1.4579752852123853,0.5617716056243983,-0.0004752402886001712,0.8753851698218008,7,2,1.4552167647370462,,0.018008947372436523
A,MEVJ,VII,Ridge,1022,1274,0.8021978021978022,0.4743327221918887,0.028027726133846707,555.8624513817122,1.4552293436112442,0.5623191896882647,-0.0004991509084686813,0.8753055438801356,7,2,1.4062027006588336,10.0,0.37000322341918945
A,MEVJ,VII,GBR,1022,1274,0.8021978021978022,0.41110237156095863,0.024985214928835594,376.83587134464227,1.0054457238970065,0.4869100137461204,-0.014949123342777378,0.8607751454250056,7,2,,,2.8626368045806885
B,PVD,Base,Base,1388,1555,0.8926045016077171,0.48152261288626924,0.03196775733209943,423.63846480201573,1.9784507448644422,0.54248535170159,-0.1177737160297082,1.0073332638728494,2,1,,,0.011995315551757812
B,PVD,I,OLS,1388,1555,0.8926045016077171,0.4197428077111526,0.015456561645342476,552.793250684418,2.2710618941675613,0.5130668001071313,-0.000493101747630554,0.799639745537549,4,1,3.2558695126777124,,0.019006967544555664
B,PVD,I,Ridge,1388,1555,0.8926045016077171,0.41894281279351314,0.015462224252043955,550.5452786408883,2.273216620435643,0.5141955195182369,-0.0004861712295928158,0.7996517393864142,4,1,1.3502987956991044,10.0,0.3769855499267578
B,PVD,I,GBR,1388,1555,0.8926045016077171,0.33711047609196176,0.024838542323378995,312.70928456306183,0.9812115093745065,0.33374886375498697,-0.00794325726784729,0.7229472154448222,4,1,,,3.293114423751831
B,PVD,II,OLS,1388,1555,0.8926045016077171,0.39767995991323796,0.01733516629335589,488.8176817607256,1.9875078568701785,0.4873316874637979,-0.0006069696609961578,0.7681970445601044,4,1,1.2681390998040627,,0.020001649856567383
B,PVD,II,Ridge,1388,1555,0.8926045016077171,0.3971803201626572,0.017254395068075485,488.05197713340766,1.9953146434364828,0.4882909580420395,-0.0005827262913580004,0.7681984846489058,4,1,1.46698713055966,10.0,0.36501264572143555
B,PVD,II,GBR,1388,1555,0.8926045016077171,0.33855443204729524,0.025249761834019613,314.5274355109368,0.984039006551866,0.33716984064349254,-0.008661113840035798,0.7268707807196193,4,1,,,3.3301594257354736
B,PVD,III,OLS,1388,1555,0.8926045016077171,0.3677514971270942,0.017663464438664577,409.1108592876797,1.5332779913750914,0.4476708945912011,-0.0003613534458530246,0.7511598658409956,6,2,2.2475601026996337,,0.02300262451171875
B,PVD,III,Ridge,1388,1555,0.8926045016077171,0.36775012318730854,0.017655175834966626,409.6148802176841,1.5365845252147154,0.4478277201852131,-0.00041316207418054247,0.7507693901866994,6,2,3.0445256429600476,0.001,0.397000789642334
B,PVD,III,GBR,1388,1555,0.8926045016077171,0.32406089752070827,0.022143026068507855,295.1186297011606,0.881164811909598,0.3126053211176661,-0.007075224107842659,0.6928467792247408,6,2,,,4.724242448806763
B,PVD,IV,OLS,1388,1555,0.8926045016077171,0.3968007487111524,0.017079229508556233,489.43278895392024,1.9859752220181284,0.4821931405792885,-0.0001192243521893234,0.7658895543750301,6,1,3.3701192061537646,,0.020978450775146484
B,PVD,IV,Ridge,1388,1555,0.8926045016077171,0.39618747432934165,0.017100686675980314,488.5892068444115,1.989077401665721,0.48264756816556437,-5.416307968319052e-05,0.7657980034641149,6,1,1.5328790895468183,10.0,0.38599562644958496
B,PVD,IV,GBR,1388,1555,0.8926045016077171,0.33724077879769365,0.025022421022202042,314.57529093851906,0.986824613952726,0.3362517425113582,-0.00891288603935166,0.724368128515778,6,1,,,3.4283554553985596
B,PVD,V,OLS,1388,1555,0.8926045016077171,0.40209684439195315,0.015500451818032548,499.8523272121438,2.0960775461600436,0.4942169862885767,0.00015412228446328504,0.7723023860948206,3,1,0.9831853925162835,,0.019987821578979492
B,PVD,V,Ridge,1388,1555,0.8926045016077171,0.4014350136795651,0.015489898884297172,498.82218810538797,2.0976893171111186,0.49463930045891336,0.0001458448441997359,0.7722769916821665,3,1,1.0964713049046582,10.0,0.3650081157684326
B,PVD,V,GBR,1388,1555,0.8926045016077171,0.3416964001356956,0.023365987565507673,329.6982883825209,1.1443740118809198,0.3496218074481965,-0.007674955867935201,0.7144426039408928,3,1,,,2.730759859085083
B,PVD,VI,OLS,1388,1555,0.8926045016077171,0.3668832051985289,0.01720086542830053,405.2972224173369,1.5396066165728635,0.447077104817833,-3.63057677893038e-05,0.7519463157610827,4,2,1.388482475995556,,0.020999908447265625
B,PVD,VI,Ridge,1388,1555,0.8926045016077171,0.36627442696502976,0.017185132145447556,404.4613529602002,1.5407106927931242,0.44735244463794943,-3.9895605250525815e-05,0.7518952107897808,4,2,1.1872611358922964,10.0,0.37615513801574707
B,PVD,VI,GBR,1388,1555,0.8926045016077171,0.3198391705825962,0.019952132765987535,282.57588345958777,0.9272600656346023,0.30747979290971844,-0.010562694628632673,0.6804854907265472,4,2,,,3.305145025253296
B,PVD,VII,OLS,1388,1555,0.8926045016077171,0.3689806296464979,0.01734399640515664,413.21375728836296,1.5684036971823507,0.44489601546252766,-0.00013665308100253612,0.7500395399078178,7,2,1.8754664116027993,,0.01999664306640625
B,PVD,VII,Ridge,1388,1555,0.8926045016077171,0.3684139916080862,0.01734126639751459,412.446653099018,1.5675325628586343,0.4450239012424966,-0.0001343357294516211,0.7499557939232242,7,2,1.2157015718380626,10.0,0.39097046852111816
B,PVD,VII,GBR,1388,1555,0.8926045016077171,0.3115280136125322,0.020605315237995248,269.28529710192043,0.8215780832829316,0.29384413404267334,-0.01154390159331101,0.6821949837847914,7,2,,,4.050547361373901
B,IC,Base,Base,1076,1208,0.890728476821192,1.170564262302467,0.053433054232357724,468.54977620524625,2.4036919863883743,1.5120663210065017,-0.4231919747041105,1.903418498466625,2,1,,,0.010988473892211914
B,IC,I,OLS,1076,1208,0.890728476821192,0.8908138613450987,0.031747817257717595,568.2605479219499,2.187318555390994,0.9187172910827495,0.0003663785609871352,1.308448454043101,4,1,5.245487513862141,,0.01797628402709961
B,IC,I,Ridge,1076,1208,0.890728476821192,0.8886886478508098,0.03178782227192162,565.3817962660314,2.188172896889622,0.9212772393573821,0.0003593050302917445,1.3082429889724392,4,1,2.1315481418618822,10.0,0.35600757598876953
B,IC,I,GBR,1076,1208,0.890728476821192,0.763640454922625,0.03464533009098528,345.37819100164717,1.0639756178310615,0.7992953013669393,-0.013941970930773874,1.236980272879267,4,1,,,2.715839385986328
B,IC,II,OLS,1076,1208,0.890728476821192,0.8574340694866734,0.03638105444286096,508.02917433661145,1.9476608456223556,1.0353898367941523,-0.0034167013894527264,1.320686832932798,4,1,1.1140577788018224,,0.01899123191833496
B,IC,II,Ridge,1076,1208,0.890728476821192,0.8572606654206746,0.03618534119765607,509.6748493743377,1.955059917629591,1.0363866011032175,-0.003529596711954251,1.320588046469975,4,1,2.017704043161614,10.0,0.3570106029510498
B,IC,II,GBR,1076,1208,0.890728476821192,0.7667873497372795,0.03496752180766495,347.318717696011,1.0629050907273445,0.7999128313894182,-0.01601686464058715,1.2383158748688037,4,1,,,2.789292335510254
B,IC,III,OLS,1076,1208,0.890728476821192,0.8474743206689427,0.03693889274213494,466.84082833654236,1.6877057127802928,0.9766068374254434,-0.0038136206831403444,1.308534694794373,6,2,1.531783642456174,,0.01900005340576172
B,IC,III,Ridge,1076,1208,0.890728476821192,0.8485004147030971,0.036980960129161675,474.1911501716711,1.73377212564668,0.9818937981770461,-0.005129909327062318,1.3091108966434741,6,2,2.8813045622855853,10.0,0.3702964782714844
B,IC,III,GBR,1076,1208,0.890728476821192,0.7511024461201866,0.03591188445847826,320.7657146703829,0.985845895462418,0.797638081522057,-0.012906286047315243,1.230886415712593,6,2,,,3.5801138877868652
B,IC,IV,OLS,1076,1208,0.890728476821192,0.8513836443033869,0.03387807374547304,494.0765953328005,1.7149334665143159,1.0179239208074895,-0.0025409733457150683,1.312022307780978,6,1,5.647387311065369,,0.0189974308013916
B,IC,IV,Ridge,1076,1208,0.890728476821192,0.8511923448104128,0.03373592107769262,495.53406047118915,1.7178668321853623,1.0184609550366597,-0.002550947463024663,1.3118359491205958,6,1,2.0686024973437145,10.0,0.3709900379180908
B,IC,IV,GBR,1076,1208,0.890728476821192,0.7658142377076298,0.0349574494583147,347.2072572559898,1.0738006149913548,0.8033496722222815,-0.01735873259699087,1.2395448473202872,6,1,,,2.79045033454895
B,IC,V,OLS,1076,1208,0.890728476821192,0.8556867143113648,0.03088939958693682,513.2450484728506,2.1081276290176296,1.1338151802962915,-0.0029044009532823933,1.3382518253277575,3,1,1.4013438869748935,,0.017994403839111328
B,IC,V,Ridge,1076,1208,0.890728476821192,0.8554433986310708,0.03086585408602588,513.8622542548716,2.1101328286843866,1.134186484046262,-0.002507845349354402,1.3380565952637982,3,1,1.8438200358002286,1.0,0.3510017395019531
B,IC,V,GBR,1076,1208,0.890728476821192,0.8193667797236992,0.03409100555189242,402.2482461327292,1.477205767514022,0.878425642696919,-0.015649383872711798,1.2737658835089953,3,1,,,2.2760567665100098
B,IC,VI,OLS,1076,1208,0.890728476821192,0.84384873172534,0.032105250433131845,468.73914721064773,1.837549495282342,1.063840089977813,-0.0031106768573336977,1.325852811134676,4,2,1.523968597668253,,0.01898670196533203
B,IC,VI,Ridge,1076,1208,0.890728476821192,0.843832654111217,0.032088165552534444,469.3381442738705,1.839229633158926,1.0642088614622356,-0.0028696393465415665,1.3258170188642764,4,2,1.9831330485100445,0.001,0.3560035228729248
B,IC,VI,GBR,1076,1208,0.890728476821192,0.780196163630975,0.030654032168845557,334.5168848771311,1.1422326031957002,0.7252076756376871,-0.012034562212694168,1.2275903698556305,4,2,,,2.720585346221924
B,IC,VII,OLS,1076,1208,0.890728476821192,0.8456129658262328,0.03473468106982817,469.2983600814063,1.5966546683245977,0.9784076139019416,-0.0027755964656961925,1.3071984111615298,7,2,4.535409606773035,,0.019676685333251953
B,IC,VII,Ridge,1076,1208,0.890728476821192,0.845057839315878,0.03462130144444273,469.89544552420324,1.5985346536220457,0.9795078539614919,-0.0027451401978135807,1.3071002263611895,7,2,2.1649446992394146,10.0,0.37430262565612793
B,IC,VII,GBR,1076,1208,0.890728476821192,0.7585524445683093,0.03473467139553849,312.3114335963491,0.9396224311049372,0.7202663718163805,-0.006114547841957134,1.2241573609420848,7,2,,,3.277618408203125
B,FRB,Base,Base,1167,1247,0.9358460304731355,1.0977815456176172,0.039571380598092135,404.2566422306376,2.0106464034135745,0.9459608198890839,-0.49459807066846967,1.7383523034362296,2,1,,,0.011988639831542969
B,FRB,I,OLS,1167,1247,0.9358460304731355,0.7338336619654074,0.02373787931730339,468.9126988436355,1.8646842612741554,0.6942693285704378,-0.00044646008039154344,1.113815518177014,4,1,4.79627506783185,,0.019006013870239258
B,FRB,I,Ridge,1167,1247,0.9358460304731355,0.7322165557732543,0.023637802027868436,466.9848696949118,1.8666337863344602,0.6952008332880786,-0.00048587004167390896,1.1137370949528544,4,1,2.0202255861491274,10.0,0.3599879741668701
B,FRB,I,GBR,1167,1247,0.9358460304731355,0.6569662840742672,0.02461056863118491,276.979238062198,0.8500389840897595,0.5313095112834566,-0.014269593712747133,1.067077252940355,4,1,,,2.9456067085266113
B,FRB,II,OLS,1167,1247,0.9358460304731355,0.719337596422788,0.0180784501717999,431.56284613799,1.7169737938061524,0.7580779907735964,-0.0016153063632620137,1.1317892509469119,4,1,1.1121702739064667,,0.019057273864746094
B,FRB,II,Ridge,1167,1247,0.9358460304731355,0.7194840723442392,0.018120136180132303,431.93864470447386,1.7180883667224465,0.7585351411213096,-0.0013623160219317127,1.1319390303565293,4,1,1.7895863177523685,0.001,0.36494922637939453
B,FRB,II,GBR,1167,1247,0.9358460304731355,0.6559136787706985,0.02442520333955186,276.8097517474882,0.8501902085147907,0.5292540517678161,-0.012999836879467533,1.0653711396952183,4,1,,,2.870023488998413
B,FRB,III,OLS,1167,1247,0.9358460304731355,0.6991165200943638,0.024086972880706128,366.33895760753387,1.3580530214550113,0.7091244952676252,-0.0018964141401623961,1.1087726391779607,6,2,1.7491982112885613,,0.019995927810668945
B,FRB,III,Ridge,1167,1247,0.9358460304731355,0.6991167245568717,0.02408670592461233,366.3421413407224,1.3580688540048613,0.7091259753619156,-0.0018963851534511795,1.1087725107362176,6,2,3.823379307768712,0.001,0.36902546882629395
B,FRB,III,GBR,1167,1247,0.9358460304731355,0.6682342309654102,0.02306921867898929,271.4257984657351,0.8345496346104743,0.5563209499430193,-0.02347394317976973,1.0917737277510589,6,2,,,3.793987512588501
B,FRB,IV,OLS,1167,1247,0.9358460304731355,0.7111822746853501,0.01561132528642917,415.31352504317607,1.4416895665936404,0.7364429822910504,-0.0006935269107655943,1.1214534942684264,6,1,6.511886024000384,,0.020002126693725586
B,FRB,IV,Ridge,1167,1247,0.9358460304731355,0.7112416632824435,0.015594340620074705,416.1489604947245,1.444635495411165,0.7369352522058366,-0.000640597766623085,1.1215775368735839,6,1,1.8445607499270642,10.0,0.37952089309692383
B,FRB,IV,GBR,1167,1247,0.9358460304731355,0.6574693511010364,0.024338494831017743,278.92872570364466,0.8566093880502978,0.5259892595201241,-0.016091017588855342,1.067290739675828,6,1,,,2.926544189453125
B,FRB,V,OLS,1167,1247,0.9358460304731355,0.718606946594665,0.016661876414583103,438.98122160772806,1.8124758021944491,0.7699411155297401,-0.0010254498260247238,1.1391764424973885,3,1,1.316403549854911,,0.01902031898498535
B,FRB,V,Ridge,1167,1247,0.9358460304731355,0.7186271251129052,0.016675680703818408,439.06720906719374,1.812771149582148,0.770034322935386,-0.0009865108725076897,1.1392147988864607,3,1,1.6273419373006608,0.001,0.34699034690856934
B,FRB,V,GBR,1167,1247,0.9358460304731355,0.6863494418956214,0.020358405772004217,325.9936634899282,1.1633367340985914,0.615960742745194,0.006346383038291346,1.0768293391874026,3,1,,,2.353645086288452
B,FRB,VI,OLS,1167,1247,0.9358460304731355,0.6967245263284387,0.023071443992048038,367.8864785017683,1.4086237308545138,0.7098560763203057,-0.0021200608699776494,1.1119754191761,4,2,1.4067878115076096,,0.0189971923828125
B,FRB,VI,Ridge,1167,1247,0.9358460304731355,0.6967245339727061,0.023071431554637926,367.8866513941569,1.4086243033509116,0.7098561283521098,-0.002120059499520497,1.1119754133793518,4,2,1.7912834559730717,0.001,0.36101627349853516
B,FRB,VI,GBR,1167,1247,0.9358460304731355,0.685446915332761,0.021847863203890643,279.89895887897484,0.929169546365594,0.6025985627040878,-0.0011579590078139247,1.0951132155396035,4,2,,,2.8561789989471436
B,FRB,VII,OLS,1167,1247,0.9358460304731355,0.6951409439993382,0.021821831316396416,361.7745700168457,1.2421865229485514,0.6940540815872315,-0.001622438043286227,1.103638094924743,7,2,4.151376198771029,,0.01903223991394043
B,FRB,VII,Ridge,1167,1247,0.9358460304731355,0.6950243092611277,0.021774206257227504,363.00507077895685,1.246023882800336,0.6943891951722172,-0.0016054320043415002,1.1035782085197485,7,2,1.8923701815694507,10.0,0.37399983406066895
B,FRB,VII,GBR,1167,1247,0.9358460304731355,0.669061036860023,0.027218846275191,261.3642908753524,0.84095535092575,0.5623935011297915,-0.010536576494554297,1.0827109033910647,7,2,,,3.459486246109009
B,RFK,Base,Base,1156,1262,0.9160063391442155,0.9769771121346751,0.054422637055692905,438.3505167980057,2.2724673121865404,1.2022042542970306,-0.27533258570541996,1.6485674399585881,2,1,,,0.012000322341918945
B,RFK,I,OLS,1156,1262,0.9160063391442155,0.8391786401686564,0.03135306659813461,537.7365842008655,2.3259605442149507,0.8395470154096344,-0.001585043144224929,1.2545523477997824,4,1,5.979277125220663,,0.01967167854309082
B,RFK,I,Ridge,1156,1262,0.9160063391442155,0.8369413715167027,0.03137320505640666,536.046116921142,2.3337817627170563,0.8416546869979815,-0.0014996505167670724,1.2544909314024983,4,1,2.3631734620516367,10.0,0.3530113697052002
B,RFK,I,GBR,1156,1262,0.9160063391442155,0.7177885552086668,0.03257948484238104,306.53967763109335,1.062314902414803,0.69467473612058,-0.027589486287142913,1.1748004918783266,4,1,,,2.8874964714050293
B,RFK,II,OLS,1156,1262,0.9160063391442155,0.8005741690415111,0.030000001580493027,454.6062909883941,2.0054874383792445,0.8886464179669259,-0.005006911304969495,1.2524109242604917,4,1,1.58149304386026,,0.020998477935791016
B,RFK,II,Ridge,1156,1262,0.9160063391442155,0.8008931340181242,0.02997580448911316,456.1095457782593,2.010636971962368,0.8890494681667438,-0.005238030770477159,1.252386116552496,4,1,2.3432402753692285,0.0505,0.3760073184967041
B,RFK,II,GBR,1156,1262,0.9160063391442155,0.7163928758095842,0.03262088334609133,307.11681519445455,1.067835517725937,0.7029431511678318,-0.027160317222467478,1.1753070900907063,4,1,,,3.0206804275512695
B,RFK,III,OLS,1156,1262,0.9160063391442155,0.7803049678037371,0.030701621131978902,389.9463576131835,1.6603362988935437,0.8435204581086263,-0.0036448802490996472,1.2404697195913308,6,2,2.148140953425514,,0.019008874893188477
B,RFK,III,Ridge,1156,1262,0.9160063391442155,0.7803054686817203,0.03070158886745124,389.949150196834,1.6603519332622905,0.8435219420101558,-0.003644905683548541,1.2404696157077384,6,2,3.6845674300244204,0.001,0.38898134231567383
B,RFK,III,GBR,1156,1262,0.9160063391442155,0.7192772983103166,0.030845106729017843,294.8190182913446,1.0244871150944224,0.7001093184062912,-0.02930243856266467,1.1897508823491922,6,2,,,4.093230724334717
B,RFK,IV,OLS,1156,1262,0.9160063391442155,0.792870989089788,0.031772731547514185,424.40108003897774,1.7466036184418743,0.8715141526628799,-0.003306580180236379,1.2459260385158057,6,1,5.996493132658235,,0.021021366119384766
B,RFK,IV,Ridge,1156,1262,0.9160063391442155,0.7930386157430452,0.031853785498283764,426.39729447056925,1.7531011057803851,0.8711806285254722,-0.0032952683688882195,1.2457506677521664,6,1,2.3840357170086675,5.5,0.39145779609680176
B,RFK,IV,GBR,1156,1262,0.9160063391442155,0.7149550875378535,0.03282694237753001,305.3321700124143,1.0601101253196894,0.6992736347210912,-0.024389965247651173,1.1745763096554602,6,1,,,3.1634645462036133
B,RFK,V,OLS,1156,1262,0.9160063391442155,0.8001637513561706,0.03001979404163463,458.4774249329318,2.151211174400578,0.9270393261772787,-0.005039146302371252,1.2626445633183732,3,1,1.5620542783386522,,0.019002437591552734
B,RFK,V,Ridge,1156,1262,0.9160063391442155,0.7999021015395344,0.029882925524598026,459.8323906886135,2.159950491249373,0.9277867602121703,-0.004977057338361833,1.2625554806976391,3,1,1.8696347006764693,10.0,0.3569931983947754
B,RFK,V,GBR,1156,1262,0.9160063391442155,0.7510627991737173,0.024044142404727676,317.57730274227106,1.1347948100314285,0.7702867161395858,-0.0037558931671051346,1.2232509520746673,3,1,,,2.479534387588501
B,RFK,VI,OLS,1156,1262,0.9160063391442155,0.7771223876854866,0.030210456292724973,390.42099034323337,1.7273870729883096,0.8607487562045012,-0.00403685883673784,1.2457003720897513,4,2,1.6801647943109619,,0.01999664306640625
B,RFK,VI,Ridge,1156,1262,0.9160063391442155,0.7770746370074614,0.03015993183261934,391.4494550216754,1.730868990386176,0.861271772309678,-0.003858116729551307,1.245568533190068,4,2,2.0045468975597855,10.0,0.3680250644683838
B,RFK,VI,GBR,1156,1262,0.9160063391442155,0.7375673471270144,0.02592239199570673,281.08476913879423,0.9996425067189861,0.7290678064268346,-0.012721046935895403,1.2074881286383865,4,2,,,2.8823657035827637
B,RFK,VII,OLS,1156,1262,0.9160063391442155,0.7756904859379844,0.031511691658350036,372.5681240072257,1.5149608151228895,0.831492410680898,-0.0030280657110857245,1.2352679069491777,7,2,4.780266049754406,,0.01898193359375
B,RFK,VII,Ridge,1156,1262,0.9160063391442155,0.7754306871919571,0.031431027311926256,373.81424450830474,1.5189311977808486,0.8323575217540267,-0.0029829988906145146,1.235190701135142,7,2,2.1433458702629617,10.0,0.37224268913269043
B,RFK,VII,GBR,1156,1262,0.9160063391442155,0.7211000046154243,0.029050357773027603,275.89711993714576,0.9352959755074242,0.6887375291654266,-0.02035682151246257,1.1898329359650597,7,2,,,3.4739863872528076
B,OADS,Base,Base,1188,1261,0.9421094369547978,0.9411871265785738,0.05470646501842444,414.12101500426627,1.856262622478512,1.2023568841564318,-0.3403240918108885,1.6665056288227227,2,1,,,0.010999202728271484
B,OADS,I,OLS,1188,1261,0.9421094369547978,0.7491514673522964,0.04319123968239161,552.1430226491566,1.850501567399032,0.8369065568787772,-0.001295210290830807,1.184082796900357,4,1,5.373129102190062,,0.018999814987182617
B,OADS,I,Ridge,1188,1261,0.9421094369547978,0.7465628523889856,0.0431786884865545,548.7058898144187,1.8534309471458608,0.8403853915504643,-0.001174117023446166,1.1840685545519063,4,1,2.242654959589051,10.0,0.3585703372955322
B,OADS,I,GBR,1188,1261,0.9421094369547978,0.6469696738702553,0.04708706821669815,342.2506502025482,0.9606673429147159,0.7196957808944556,-0.018090390242162437,1.1216456718843002,4,1,,,2.907090902328491
B,OADS,II,OLS,1188,1261,0.9421094369547978,0.7010938215623536,0.04116878613892015,454.63693980303134,1.5654696142739069,0.8911033079977557,-0.00245634256568334,1.1748209063810557,4,1,1.582706205553062,,0.018978595733642578
B,OADS,II,Ridge,1188,1261,0.9421094369547978,0.7002076277166238,0.04122116100901328,454.9679750285,1.5714062810671854,0.8926165391900432,-0.0015932861240900921,1.1741190494714755,4,1,2.1700067824637603,10.0,0.3659944534301758
B,OADS,II,GBR,1188,1261,0.9421094369547978,0.6489420243421072,0.04757678649540491,344.08099417881,0.9648494883716704,0.7226012487137145,-0.020611582639354326,1.1240819748906479,4,1,,,2.9926881790161133
B,OADS,III,OLS,1188,1261,0.9421094369547978,0.6825811247770373,0.04312812392121441,394.12674899650426,1.2696708376098491,0.8138206855832334,-0.0025461776375984213,1.153054842405247,6,2,2.5985613010066544,,0.020531177520751953
B,OADS,III,Ridge,1188,1261,0.9421094369547978,0.682595228030965,0.04306197279450685,400.9851078769972,1.296427056623997,0.8169813638108591,-0.0028608841458548436,1.1513193442993288,6,2,4.287190911898652,1.0,0.3886075019836426
B,OADS,III,GBR,1188,1261,0.9421094369547978,0.6342708398352679,0.050636675613731204,327.5760973745702,0.890737026776794,0.7207918037058211,-0.024762104196220568,1.1045276907911488,6,2,,,3.915741205215454
B,OADS,IV,OLS,1188,1261,0.9421094369547978,0.7006420452616721,0.0378885575898464,460.78574884060015,1.5299107075241511,0.886951658314806,-0.0019355758360380256,1.1705003498067625,6,1,4.2032147659002,,0.019017934799194336
B,OADS,IV,Ridge,1188,1261,0.9421094369547978,0.6999080298244872,0.037867697681617324,461.3689422222201,1.534869299608428,0.8882500524078595,-0.0014769795612840112,1.1700408456912386,6,1,2.2278388017729314,10.0,0.3715226650238037
B,OADS,IV,GBR,1188,1261,0.9421094369547978,0.6458328001226125,0.046421413267707885,343.51689929623836,0.9599615607755111,0.7200692801586036,-0.018674764407497442,1.1198947740870902,6,1,,,3.0013465881347656
B,OADS,V,OLS,1188,1261,0.9421094369547978,0.7016193315972477,0.039856227029854675,457.26779102456015,1.6495260385755317,0.9387880798828082,-0.0017569507868716676,1.1811634733027918,3,1,1.386431530047146,,0.019002914428710938
B,OADS,V,Ridge,1188,1261,0.9421094369547978,0.701224959041403,0.03975698914265902,457.90912345312955,1.6546084741506522,0.9400443963957291,-0.0017511211633560169,1.1811106874617976,3,1,1.7173267427341834,10.0,0.34401416778564453
B,OADS,V,GBR,1188,1261,0.9421094369547978,0.6655692430951604,0.03737592464653595,367.9343087216462,1.12177530573364,0.7578547524824188,-0.004098530698377697,1.1236322176896232,3,1,,,2.3887338638305664
B,OADS,VI,OLS,1188,1261,0.9421094369547978,0.6812430451999928,0.04244874013161258,393.1900943855163,1.30384937984294,0.834142520840375,-0.001477836644646354,1.1550632164563612,4,2,1.6258443869201198,,0.01801609992980957
B,OADS,VI,Ridge,1188,1261,0.9421094369547978,0.6809372778974352,0.042408795725862196,393.9644645285057,1.3088905620157933,0.8354828339403351,-0.0014759592112035137,1.1549893258703687,4,2,1.8737646586360373,10.0,0.35099029541015625
B,OADS,VI,GBR,1188,1261,0.9421094369547978,0.6354682301706176,0.03849559972077593,328.2176719747734,0.9462927140906979,0.7169869339516696,-0.006926393721344437,1.094781241789201,4,2,,,3.0849051475524902
B,OADS,VII,OLS,1188,1261,0.9421094369547978,0.6827598204763968,0.041083627670998005,400.5381358927277,1.2780526994023762,0.8106861405860918,-0.0014273420622933782,1.1496121170370932,7,2,3.2421324989049114,,0.025998592376708984
B,OADS,VII,Ridge,1188,1261,0.9421094369547978,0.6822843488490131,0.04106409075738652,400.9371242874172,1.2802588299890532,0.8119429969152654,-0.0014110433176247317,1.1495241721955576,7,2,1.9702377831743465,10.0,0.49552130699157715
B,OADS,VII,GBR,1188,1261,0.9421094369547978,0.6380714459487649,0.043824095425708254,324.7791676516711,0.8870972987039868,0.7214018318465499,-0.030997591177608724,1.1176628558879944,7,2,,,4.059380292892456
B,MEVJ,Base,Base,1390,1504,0.9242021276595744,0.7305455881008052,0.048074581658778336,432.61686330178566,2.074696255162893,0.6219087357692157,-0.3272966832644867,1.3922756649359653,2,1,,,0.01198887825012207
B,MEVJ,I,OLS,1390,1504,0.9242021276595744,0.5134238750778796,0.018357161269728414,564.3045562128727,1.9506909796133762,0.5551763716308685,-0.0005968170731149247,0.9041819478258792,4,1,4.125273956175903,,0.018997669219970703
B,MEVJ,I,Ridge,1390,1504,0.9242021276595744,0.5117378683728682,0.018496737491855576,560.8090674825559,1.9480962214182134,0.5559143150881849,-0.0005430263860797645,0.9040996958238855,4,1,1.6277642024969552,10.0,0.371995210647583
B,MEVJ,I,GBR,1390,1504,0.9242021276595744,0.42335014808857346,0.014219578296773727,329.38158830213564,0.9129658086465681,0.4262176764024238,-0.014885036964334733,0.8301072138544123,4,1,,,3.284303665161133
B,MEVJ,II,OLS,1390,1504,0.9242021276595744,0.480759682522387,0.015266485921944682,465.27701018964774,1.6108863282585595,0.5500412860323513,-0.0011773079947018767,0.8804897881877275,4,1,1.3276355150666626,,0.019989967346191406
B,MEVJ,II,Ridge,1390,1504,0.9242021276595744,0.4801198486127963,0.01544072934386215,465.1592281824102,1.618401329489411,0.5507594738857294,-0.001108540281971231,0.8803810166616591,4,1,1.6782637870018668,10.0,0.36300039291381836
B,MEVJ,II,GBR,1390,1504,0.9242021276595744,0.42399217903898195,0.013540633822033632,330.0260767989441,0.9168143911112608,0.43033686462382914,-0.0154133401085295,0.8327100124447016,4,1,,,3.299485921859741
B,MEVJ,III,OLS,1390,1504,0.9242021276595744,0.45836254307684243,0.013510706642327886,394.0904949785183,1.2384056230813028,0.49074417419049776,-2.548193627043059e-05,0.8573318551974061,6,2,2.4700327100720325,,0.02098560333251953
B,MEVJ,III,Ridge,1390,1504,0.9242021276595744,0.45848434766827223,0.013533759602991441,396.11278253260696,1.2520796956533913,0.4924558093476991,4.165890802039362e-05,0.8575876100567049,6,2,3.577320696499499,1.0,0.39049482345581055
B,MEVJ,III,GBR,1390,1504,0.9242021276595744,0.40524959724003523,0.012873461820719431,296.7726888572472,0.7914539634398612,0.3805959848483478,-0.014135564093090257,0.8025340696137848,6,2,,,4.406782388687134
B,MEVJ,IV,OLS,1390,1504,0.9242021276595744,0.4755463462950025,0.014807501077495885,458.0052163791027,1.5577432313827204,0.5420279039895097,-0.00030808766315649843,0.8774332055052654,6,1,3.566289647388365,,0.020022869110107422
B,MEVJ,IV,Ridge,1390,1504,0.9242021276595744,0.4750816480319159,0.01491886463536239,458.4931935635531,1.5631158890819354,0.5425849865546474,-0.0002547102934490688,0.8773149953904648,6,1,1.7279145027347949,10.0,0.3753700256347656
B,MEVJ,IV,GBR,1390,1504,0.9242021276595744,0.42525142285928036,0.014489092836915195,332.4353171481858,0.9204507195812837,0.4302205920748057,-0.017070307159397842,0.8328061063515944,6,1,,,3.3571972846984863
B,MEVJ,V,OLS,1390,1504,0.9242021276595744,0.47854624094230913,0.014293611460587281,460.51288126453125,1.6966947139038075,0.560430176435192,-0.0008478278014968096,0.8864374463304053,3,1,1.1251010719040033,,0.01926875114440918
B,MEVJ,V,Ridge,1390,1504,0.9242021276595744,0.47772553436539106,0.014280349183954079,459.78590673772146,1.6983460124435021,0.5608855795669168,-0.0008385145174977032,0.8863987111313467,3,1,1.3278060941762564,10.0,0.3589928150177002
B,MEVJ,V,GBR,1390,1504,0.9242021276595744,0.4389342260129094,0.014228379728575699,353.29059641556523,1.1128770667702492,0.47886746883188236,-0.007520798312155471,0.8532875787259402,3,1,,,2.8316266536712646
B,MEVJ,VI,OLS,1390,1504,0.9242021276595744,0.45529281930608434,0.013422238300622193,386.49123246330345,1.252076308562866,0.4934751655624137,-0.0002307957285128655,0.8590401491884617,4,2,1.5684785917206605,,0.01901555061340332
B,MEVJ,VI,Ridge,1390,1504,0.9242021276595744,0.45464521236685607,0.013419119490591958,386.0897562431227,1.2544901172829133,0.49394079054661294,-0.000230982107852149,0.8589978183201444,4,2,1.4473061479014098,10.0,0.3580002784729004
B,MEVJ,VI,GBR,1390,1504,0.9242021276595744,0.4151572401105658,0.011152295321223646,281.4736127885634,0.8045698366345526,0.3949856388622685,-0.015459238989291824,0.83580855300561,4,2,,,3.315307140350342
B,MEVJ,VII,OLS,1390,1504,0.9242021276595744,0.45604182807804383,0.013290223106398153,391.86730630611606,1.233220140825254,0.4884091797609733,0.00017953524398436218,0.8558600503878978,7,2,2.395879913310935,,0.020000219345092773
B,MEVJ,VII,Ridge,1390,1504,0.9242021276595744,0.45523377356549627,0.013326937371876122,391.0758323861335,1.2331573942570424,0.48866844549519467,0.00017278068131717928,0.8558028068339478,7,2,1.505507589474922,10.0,0.39097023010253906
B,MEVJ,VII,GBR,1390,1504,0.9242021276595744,0.39917077311184634,0.011079493524916837,274.87110653502526,0.7369649622820236,0.3697550548613926,-0.01775932065138078,0.8039909884297769,7,2,,,4.043911695480347
C,PVD,Base,Base,941,1906,0.49370409233997903,0.2627296662719223,0.038259345894858035,294.463058130343,0.9997159681045373,0.16928302514470767,-0.12145925218450808,0.7490509716178668,2,1,,,0.010024785995483398
C,PVD,I,OLS,941,1906,0.49370409233997903,0.20325876173691565,0.009926347537729929,398.385520950043,1.0909920667838302,0.2007526555376023,0.0005731374679495432,0.40348109445270663,4,1,2.615232317341995,,0.018659353256225586
C,PVD,I,Ridge,941,1906,0.49370409233997903,0.2009350594848413,0.010540682951041307,394.41957920174065,1.0792065466300416,0.20371311447678678,0.0005660678830921921,0.4050216791662029,4,1,0.8540494580071172,10.0,0.35298800468444824
C,PVD,I,GBR,941,1906,0.49370409233997903,0.16829829274935063,0.015837482481347764,255.4992488530701,0.7176724143979883,0.14003501608291036,-0.014254771833663455,0.4019057794774615,4,1,,,2.5405805110931396
C,PVD,II,OLS,941,1906,0.49370409233997903,0.1890320249186397,0.01155037351398443,367.727989761333,0.9846382981600239,0.17646669583927635,-0.0004866384068296569,0.3768693204109297,4,1,1.4052432365006076,,0.01798081398010254
C,PVD,II,Ridge,941,1906,0.49370409233997903,0.18516067155521315,0.012370766854295218,359.9972671083645,0.962321167119658,0.17865535987815592,-0.0005110734134945636,0.37877219308006244,4,1,0.9361732137503527,10.0,0.3460211753845215
C,PVD,II,GBR,941,1906,0.49370409233997903,0.16849124142296382,0.01578423924921522,255.67850047589232,0.7143477295645076,0.14053788681394158,-0.0140186634258017,0.4026630571471211,4,1,,,2.5055015087127686
C,PVD,III,OLS,941,1906,0.49370409233997903,0.17948442623408395,0.011441331362007371,337.8857879725551,0.9032269992672128,0.17019960171287418,-0.0002560021467296881,0.37317587826342874,6,2,2.047222887888497,,0.018015146255493164
C,PVD,III,Ridge,941,1906,0.49370409233997903,0.1786051555293379,0.011656604906738598,337.31570975950723,0.9003816587445053,0.17053730545657134,-0.0002515856372996645,0.3731237889250631,6,2,2.282947921389595,1.0,0.37299108505249023
C,PVD,III,GBR,941,1906,0.49370409233997903,0.1635543616545169,0.019732217776476435,247.64887700753002,0.6771861195389365,0.13363070641740402,-0.015643284726482593,0.4009051217189964,6,2,,,3.214480400085449
C,PVD,IV,OLS,941,1906,0.49370409233997903,0.18848135319909365,0.010686750166678598,373.6979142481271,0.9673832285962131,0.17509957904873458,0.000699935060952029,0.3752494615636913,6,1,4.192704562042383,,0.019001483917236328
C,PVD,IV,Ridge,941,1906,0.49370409233997903,0.1852834524625966,0.011283704043663407,367.47970162877857,0.9485839770989545,0.17785114800477891,0.0006782085515576354,0.37730681558438706,6,1,0.9846767218484332,10.0,0.36101794242858887
C,PVD,IV,GBR,941,1906,0.49370409233997903,0.16752452087628322,0.014638950577983645,254.6286849195787,0.7137194568215326,0.13990632287025628,-0.01348308075650924,0.3977644847937598,6,1,,,2.5450127124786377
C,PVD,V,OLS,941,1906,0.49370409233997903,0.19264725306987196,0.00985447245037819,385.92992396917253,1.0469397112454106,0.18016785798114426,0.0003153661944664966,0.3834869283745835,3,1,0.8563132791136703,,0.017976999282836914
C,PVD,V,Ridge,941,1906,0.49370409233997903,0.19204158873392035,0.009837018846126524,384.4394345599464,1.0435128116493533,0.1802821704291381,0.0003124924266813447,0.38348083660998816,3,1,0.5701178990360897,10.0,0.3469984531402588
C,PVD,V,GBR,941,1906,0.49370409233997903,0.1756430938798995,0.015824586275430482,275.9938747436265,0.8315688189484904,0.15624127968414916,-0.019062000212200877,0.4232839956036988,3,1,,,2.124187707901001
C,PVD,VI,OLS,941,1906,0.49370409233997903,0.18189103314114857,0.010079346725477504,351.33261808668465,0.9402591301176699,0.17438466978698486,0.0005092811396653109,0.3783088930902252,4,2,1.1836101001125092,,0.018006563186645508
C,PVD,VI,Ridge,941,1906,0.49370409233997903,0.1812877493475211,0.010060467804063349,349.98735344396505,0.9369300683891923,0.17442139840154272,0.0005006165510526414,0.3782749808695318,4,2,0.6253175789629593,10.0,0.3599815368652344
C,PVD,VI,GBR,941,1906,0.49370409233997903,0.164922778741915,0.01630459990431867,246.67921446396647,0.7196141213415326,0.1522755430741941,-0.014028381689040255,0.4025262742237161,4,2,,,2.4949464797973633
C,PVD,VII,OLS,941,1906,0.49370409233997903,0.1775833692191496,0.010681021236894043,335.85663332030305,0.8671028386256525,0.16801287473553364,0.0003944082515662502,0.37124906751628056,7,2,4.085565120803499,,0.0189974308013916
C,PVD,VII,Ridge,941,1906,0.49370409233997903,0.17645696556430449,0.01058504758551514,333.1003235218879,0.8610117003460017,0.16787928995560028,0.0004221459609711158,0.37116121852107536,7,2,0.7932982794369602,10.0,0.36298489570617676
C,PVD,VII,GBR,941,1906,0.49370409233997903,0.1544849178588273,0.014973317545705973,221.5487559958369,0.6214116056853214,0.1301976929228886,-0.011054456883721142,0.38973549536338764,7,2,,,2.965113401412964
C,IC,Base,Base,960,1791,0.5360134003350083,0.8051018030806926,0.04503651265941699,439.6430716666222,1.5903571322959562,0.7015125717271966,-0.3510846575994318,1.573008629170428,2,1,,,0.009999752044677734
C,IC,I,OLS,960,1791,0.5360134003350083,0.6042112701310984,0.022346360869247343,591.2752715020123,1.4015591782233838,0.6759267299781413,-0.0006287748562585996,1.0348686028282494,4,1,5.656429746953652,,0.01700282096862793
C,IC,I,Ridge,960,1791,0.5360134003350083,0.6020918978187378,0.022300395679769332,583.7229332548873,1.388017542392151,0.6818311493004423,-0.0008135154594083908,1.0370117452196714,4,1,1.8727667825891112,10.0,0.3505380153656006
C,IC,I,GBR,960,1791,0.5360134003350083,0.496123122180024,0.03293997161185487,387.18637693793823,1.0198556419067428,0.42905541858841717,-0.02166557659785733,0.8957953875102994,4,1,,,2.513059616088867
C,IC,II,OLS,960,1791,0.5360134003350083,0.5651287093840319,0.02527438191557004,515.2748401150208,1.2498482322475553,0.6373153090872875,-0.0005122242491181724,0.9906263620614275,4,1,2.459239692944645,,0.01799321174621582
C,IC,II,Ridge,960,1791,0.5360134003350083,0.5655906858925868,0.02498321632974228,511.39993535704696,1.2478238987190806,0.6417378345737795,-0.0011899333394987943,0.9919979645469997,4,1,1.9929811376523947,10.0,0.3489964008331299
C,IC,II,GBR,960,1791,0.5360134003350083,0.49844658746122505,0.03309177448000078,389.3376886794064,1.0280455858518178,0.426361781782782,-0.023352875855350418,0.8971690222682939,4,1,,,2.5550146102905273
C,IC,III,OLS,960,1791,0.5360134003350083,0.5577522270596584,0.028751596896360383,497.6886080735751,1.2170169289848356,0.6237487470810251,-0.000502096455058824,0.9855702897298686,6,2,3.2436004024950824,,0.019988536834716797
C,IC,III,Ridge,960,1791,0.5360134003350083,0.5576261911071978,0.027292841294670273,496.09253940026343,1.2195943724991603,0.6300328143066356,-0.0008324131323471577,0.9880358557454392,6,2,2.8478545486050253,10.0,0.3620154857635498
C,IC,III,GBR,960,1791,0.5360134003350083,0.49098530295980297,0.030901863030888786,374.3499404058146,1.0044605539435016,0.4438601216290942,-0.022394795303597743,0.914696511402054,6,2,,,3.2695579528808594
C,IC,IV,OLS,960,1791,0.5360134003350083,0.5631419161373571,0.026401004799308733,510.940994971194,1.2044103707257017,0.6353674360343892,5.6232811899348255e-05,0.9897488767176988,6,1,14.013845084925071,,0.018006563186645508
C,IC,IV,Ridge,960,1791,0.5360134003350083,0.5637673539541036,0.02597513937525751,507.6844918012047,1.2017940630811004,0.6396980918768911,-0.0005691651979879456,0.9908756331170882,6,1,2.0403661241961286,10.0,0.3584630489349365
C,IC,IV,GBR,960,1791,0.5360134003350083,0.49546605852404396,0.03273415291444381,386.1307840090514,1.0188070528452933,0.42850649002579355,-0.02538459655589179,0.8955024122802384,6,1,,,2.614480495452881
C,IC,V,OLS,960,1791,0.5360134003350083,0.5520565938807551,0.02779103540090795,491.8567264981659,1.1979505480394859,0.6709370347646323,-6.468024133797398e-05,1.0010977826884897,3,1,1.4026744600541394,,0.017004013061523438
C,IC,V,Ridge,960,1791,0.5360134003350083,0.5510015442073279,0.027798249052718427,490.87023335008865,1.1964130777294502,0.6722572304748461,-6.984621720726261e-05,1.0010900919505352,3,1,1.3834195151019695,10.0,0.34200596809387207
C,IC,V,GBR,960,1791,0.5360134003350083,0.4934275722219524,0.03193472301083675,408.2689856655605,1.0640159216927647,0.46710786712560903,-0.01011628160563468,0.9017890368188309,3,1,,,2.146517038345337
C,IC,VI,OLS,960,1791,0.5360134003350083,0.5399128088128882,0.03016187878047563,465.934784943661,1.1534022634011956,0.6581345856875142,5.25043198375208e-05,0.9964248465036989,4,2,1.6476730779202473,,0.017993450164794922
C,IC,VI,Ridge,960,1791,0.5360134003350083,0.5388221577382734,0.03023511692025871,464.6674094600374,1.151219018375911,0.6591542702311154,4.395612199086981e-05,0.9963514911325255,4,2,1.4715532603746095,10.0,0.35352373123168945
C,IC,VI,GBR,960,1791,0.5360134003350083,0.4687454753715631,0.027958349564841327,366.6691965429755,0.9881039853621633,0.443261488189543,-0.003019079110601582,0.8746118737658514,4,2,,,2.5181949138641357
C,IC,VII,OLS,960,1791,0.5360134003350083,0.555648100098098,0.02834119620510017,490.90939112438303,1.1811127981927678,0.6273876823749812,-0.00010261103240124154,0.9873593797085222,7,2,10.42288057949051,,0.019994020462036133
C,IC,VII,Ridge,960,1791,0.5360134003350083,0.553102006678036,0.02842838864486709,486.64854294504295,1.1738225481610631,0.6291130171107141,-8.728984347696755e-05,0.9872036839098195,7,2,1.8016309275609967,10.0,0.3700225353240967
C,IC,VII,GBR,960,1791,0.5360134003350083,0.48498254904559357,0.030295238409763312,365.92547497933435,0.9845464282757584,0.43391840549558036,-0.0196904932718904,0.8994778020928773,7,2,,,3.047044515609741
C,FRB,Base,Base,1454,1789,0.8127445500279485,0.6888356507241089,0.04288730824604852,289.7429712288209,1.3889958166294358,0.45103347557961426,-0.3934774771311403,1.4393839963826882,2,1,,,0.012000560760498047
C,FRB,I,OLS,1454,1789,0.8127445500279485,0.4749676527475789,0.021122770435823664,427.44991007647553,1.1810369636337015,0.4627038125378909,-0.00011851407893288471,0.8582419203468762,4,1,4.262621461354442,,0.020000934600830078
C,FRB,I,Ridge,1454,1789,0.8127445500279485,0.4757195388647195,0.020797427570782873,429.4004173511058,1.1860205790031602,0.4644907429731993,-0.00016772688516977029,0.8584297780408637,4,1,1.43877781534133,10.0,0.3730034828186035
C,FRB,I,GBR,1454,1789,0.8127445500279485,0.4016164336582292,0.026588456552313747,271.32282081983726,0.8355660467154037,0.39319899563102845,-0.005362542060616283,0.8098833907880485,4,1,,,3.2629990577697754
C,FRB,II,OLS,1454,1789,0.8127445500279485,0.4353810497767258,0.02131915373246407,328.1238594522626,0.9635231135889053,0.43190454330085043,-0.0008837378996533144,0.823362927105355,4,1,1.2012997703605688,,0.019999027252197266
C,FRB,II,Ridge,1454,1789,0.8127445500279485,0.43603244807319097,0.021292663421607794,329.6100837244573,0.9667620509250586,0.4321394474736369,-0.0008253693572716383,0.8232097048072644,4,1,1.6418566213047594,5.05,0.3712170124053955
C,FRB,II,GBR,1454,1789,0.8127445500279485,0.4008171327308965,0.0259156563329672,269.2525952853695,0.8343063009707744,0.3923304385410245,-0.0056205780802336975,0.8105689528249439,4,1,,,3.335219621658325
C,FRB,III,OLS,1454,1789,0.8127445500279485,0.4274916928103056,0.021138241620013765,303.66449084286455,0.9016420473517356,0.41822217736680684,-0.0008686768109660475,0.8215914040218983,6,2,1.842201549742302,,0.020995616912841797
C,FRB,III,Ridge,1454,1789,0.8127445500279485,0.427612123529962,0.021202706480617128,304.4142945708374,0.9035714071110379,0.41871980081727966,-0.0009268285276249344,0.8214048127407699,6,2,2.8694884592736223,0.55,0.3800082206726074
C,FRB,III,GBR,1454,1789,0.8127445500279485,0.4062874734090726,0.029351242946570516,262.4040956472885,0.8368390978536624,0.34614377782189615,-0.01815966430127046,0.8047707833977493,6,2,,,4.475980520248413
C,FRB,IV,OLS,1454,1789,0.8127445500279485,0.4356069870793836,0.02132333456403013,328.0666058378469,0.9604578198728501,0.4322001073319926,-0.0001574239006143318,0.8235989093823071,6,1,5.111329550141278,,0.01999497413635254
C,FRB,IV,Ridge,1454,1789,0.8127445500279485,0.4364034038599397,0.02130346076923727,330.09759285719,0.9657889342353715,0.43399742532625685,-0.00020341712716903453,0.8236862156853831,6,1,1.513435557159346,10.0,0.41000843048095703
C,FRB,IV,GBR,1454,1789,0.8127445500279485,0.4031538046500194,0.0261797499120104,270.72050371167325,0.8357364205931196,0.3933646426973684,-0.0076063799934240565,0.811930338267276,6,1,,,3.433359384536743
C,FRB,V,OLS,1454,1789,0.8127445500279485,0.42603255610638097,0.021360212712421927,327.7484703830436,0.9702017399051959,0.45459018479285435,-0.0010649820864960594,0.8367675618499669,3,1,0.8368358846568732,,0.02198195457458496
C,FRB,V,Ridge,1454,1789,0.8127445500279485,0.4255697417134027,0.0213497745126037,327.7552888530261,0.9715662634022298,0.45514827216269144,-0.0010555457204977528,0.8367565723428817,3,1,1.157983770973872,10.0,0.3816359043121338
C,FRB,V,GBR,1454,1789,0.8127445500279485,0.4121814717901747,0.02253140276918137,279.0422669580494,0.8786759425567608,0.3779429738104343,-0.005941367162270371,0.8285725655928563,3,1,,,2.8621089458465576
C,FRB,VI,OLS,1454,1789,0.8127445500279485,0.4142310320791176,0.02077812331327026,294.6243819368476,0.8814094740001156,0.43321985213124653,-0.0005343683967205572,0.8327895779891095,4,2,1.0879366699256918,,0.02200031280517578
C,FRB,VI,Ridge,1454,1789,0.8127445500279485,0.41376231711522754,0.020749292844961766,294.37809157540937,0.8818016200394276,0.4335902295737818,-0.0005298724810806507,0.8327745895903838,4,2,1.2195474314285546,10.0,0.41242170333862305
C,FRB,VI,GBR,1454,1789,0.8127445500279485,0.3999807374097005,0.026041599655787395,245.99849282249926,0.7750875193547901,0.3711051929424767,-0.012239908945070448,0.8224507082230671,4,2,,,3.2434022426605225
C,FRB,VII,OLS,1454,1789,0.8127445500279485,0.42856182378508895,0.019440938482001145,311.29874804919535,0.9082793235207253,0.41220228564591277,0.0005432781980435202,0.8187064425727258,7,2,3.6106021419897667,,0.020998716354370117
C,FRB,VII,Ridge,1454,1789,0.8127445500279485,0.4269800701199538,0.019407749206944172,308.7856513144897,0.9036583394973805,0.41234753134142765,0.0005326125213743951,0.8186643940674313,7,2,1.5395842619844051,10.0,0.3855326175689697
C,FRB,VII,GBR,1454,1789,0.8127445500279485,0.3935344460095654,0.021921079504523197,246.15601633119934,0.7610822434644211,0.3674361356826775,-0.009419512489592404,0.811376506561143,7,2,,,3.9911317825317383
C,RFK,Base,Base,924,1815,0.509090909090909,0.5906772690437428,0.06187284081888581,397.17548492851915,1.4349384863313535,0.3456269597328408,-0.30831799803811794,1.3038765837291288,2,1,,,0.00999903678894043
C,RFK,I,OLS,924,1815,0.509090909090909,0.4001511606114958,0.020546447846920616,512.2411794466883,1.3028476700984697,0.43125819656467235,-0.002005179803519592,0.7565126617792711,4,1,5.357180953101424,,0.01800823211669922
C,RFK,I,Ridge,924,1815,0.509090909090909,0.3991726091253565,0.02031673750298342,509.42552666309615,1.3027572228036908,0.4328860111445691,-0.0020371000894965786,0.7568554599005534,4,1,2.976431625350096,1.0,0.35249972343444824
C,RFK,I,GBR,924,1815,0.509090909090909,0.3616344279680146,0.02798906194775559,344.7192337722929,0.9095593601425915,0.3504010535460259,-0.008681783225284859,0.7729880943780411,4,1,,,2.4405438899993896
C,RFK,II,OLS,924,1815,0.509090909090909,0.3736444965269194,0.018984216362676387,445.4398317893616,1.128240927041056,0.37944371349255807,-0.0026439276667400012,0.713857168223945,4,1,3.0821814806619034,,0.019993066787719727
C,RFK,II,Ridge,924,1815,0.509090909090909,0.373963372502651,0.018588742261921642,446.25564662605996,1.130188253791221,0.3803325053924269,-0.003204897552848544,0.7136840983329782,4,1,3.1813410780864038,1.0,0.3564746379852295
C,RFK,II,GBR,924,1815,0.509090909090909,0.36099282869616306,0.027481311486799026,345.7660743488165,0.9119799168675612,0.3462135568775525,-0.00808424603442383,0.7651800268916709,4,1,,,2.4528141021728516
C,RFK,III,OLS,924,1815,0.509090909090909,0.35507398614722036,0.014389388579302772,397.70732395627647,1.0085129279573553,0.34621151332793093,-0.003011477118038463,0.6969179344668449,6,2,4.937012284561076,,0.019023656845092773
C,RFK,III,Ridge,924,1815,0.509090909090909,0.35402898791948834,0.014661619469174148,396.0450760780097,1.0045178658863874,0.3468689637641518,-0.003023913335552507,0.6960559590367916,6,2,4.727813923067961,1.0,0.361985445022583
C,RFK,III,GBR,924,1815,0.509090909090909,0.3496265718017508,0.02597050535882274,332.7025653425629,0.8573040646748973,0.35519966984479784,-0.003166874658038377,0.7529597532771961,6,2,,,3.178884983062744
C,RFK,IV,OLS,924,1815,0.509090909090909,0.37307881321262343,0.01905169994209448,471.69885232038274,1.1500268873922075,0.37863532697709995,-0.00043627109314571636,0.7126615964440989,6,1,11.483170906716566,,0.017978191375732422
C,RFK,IV,Ridge,924,1815,0.509090909090909,0.37210911750688,0.019075083257663245,468.86798054900015,1.1460177846328379,0.3793650585637333,-0.0008381653754664352,0.7123959854440617,6,1,3.2181013950916326,1.0,0.3560214042663574
C,RFK,IV,GBR,924,1815,0.509090909090909,0.36421903956701274,0.02803382868555986,347.6929484649569,0.9199115818279322,0.35212702464141005,-0.011056112547167023,0.7734276719537776,6,1,,,2.5105316638946533
C,RFK,V,OLS,924,1815,0.509090909090909,0.36895751532588145,0.020598393889660768,448.0137520362379,1.1212542406161219,0.3848011424302428,-0.0010179440158965525,0.7169214827756032,3,1,1.7208569137618264,,0.017004013061523438
C,RFK,V,Ridge,924,1815,0.509090909090909,0.36760802961623973,0.02058647698573774,446.0766024950518,1.117898933079633,0.38553356899335656,-0.0010092559345379862,0.7168662198996316,3,1,1.112495693066551,10.0,0.34497785568237305
C,RFK,V,GBR,924,1815,0.509090909090909,0.3781609667557154,0.021858127012636452,357.06847673341235,0.9920990018638591,0.36051596693385424,-0.009589447756432166,0.7942901791422963,3,1,,,2.0884788036346436
C,RFK,VI,OLS,924,1815,0.509090909090909,0.354086610309871,0.014781450061314018,403.00769192645316,1.0000786448401464,0.3525716793594173,-0.00129980353385263,0.6988835299323165,4,2,2.3511520811213535,,0.01900506019592285
C,RFK,VI,Ridge,924,1815,0.509090909090909,0.3530190814402262,0.014804391360187349,401.35762902721524,0.9966943763000158,0.35312560867399206,-0.0012793278756883949,0.6987749119633254,4,2,1.2335379041505137,10.0,0.34239983558654785
C,RFK,VI,GBR,924,1815,0.509090909090909,0.34959939597004736,0.016594252822817446,308.2210297310555,0.8522343931172836,0.3664807878951317,-0.0059647180911369235,0.7881617640070373,4,2,,,2.383042573928833
C,RFK,VII,OLS,924,1815,0.509090909090909,0.3545645894425263,0.014563170959647884,416.40057626927404,1.0198816723889303,0.3450483435129854,-0.0015248515808920877,0.6950887728749601,7,2,10.667543748009043,,0.017979145050048828
C,RFK,VII,Ridge,924,1815,0.509090909090909,0.35305782062665075,0.014498873659779138,413.03303209900776,1.0125473021423996,0.345730391497037,-0.0014970574091676197,0.6948942902425208,7,2,1.4131430769531559,10.0,0.3719906806945801
C,RFK,VII,GBR,924,1815,0.509090909090909,0.33246272273621075,0.019118022889017434,305.6543260872963,0.7806346227919214,0.33294315035509325,0.002715155849645548,0.7393956918881688,7,2,,,2.870844841003418
C,OADS,Base,Base,1256,1872,0.6709401709401709,0.604862226084568,0.034915604850722544,344.8804089340522,1.3805090992226112,0.3474934693978314,-0.35500951628728833,1.357593406505535,2,1,,,0.010973215103149414
C,OADS,I,OLS,1256,1872,0.6709401709401709,0.3396951741852385,0.007204943100387503,413.9279194452601,1.0365322176580527,0.3695146989835355,-0.0008211392418541561,0.6887653990815095,4,1,3.55668978074363,,0.02000260353088379
C,OADS,I,Ridge,1256,1872,0.6709401709401709,0.339981581465099,0.007321090854885891,414.3304873151811,1.0381344606381662,0.3709328464243113,-0.0008794733157500974,0.688869713393982,4,1,2.0024983341167895,1.0,0.3569955825805664
C,OADS,I,GBR,1256,1872,0.6709401709401709,0.3061704651458,0.008812486046952391,321.1870677422286,0.7814028281165175,0.33131038482006736,0.006710244021084106,0.660746864320967,4,1,,,2.949000120162964
C,OADS,II,OLS,1256,1872,0.6709401709401709,0.32540090217635326,0.008905033409319148,362.29518259776836,0.9056728138920194,0.3442546363781123,-0.0012449708651084306,0.658250668816361,4,1,1.846114115390419,,0.017978668212890625
C,OADS,II,Ridge,1256,1872,0.6709401709401709,0.3247482715893056,0.009178468272843333,361.2657433079909,0.904059571740328,0.3455370627605942,-0.0010652174082455468,0.6585685428256234,4,1,2.279074201040882,1.0,0.35300111770629883
C,OADS,II,GBR,1256,1872,0.6709401709401709,0.3083066123205557,0.009227969176677848,323.75330813476484,0.7891573619495144,0.3328421885961372,0.005874007397827307,0.6618834703170472,4,1,,,2.959536552429199
C,OADS,III,OLS,1256,1872,0.6709401709401709,0.3156764858981115,0.008961157248170502,334.15007659724483,0.8233694280095805,0.32246817205361605,-0.0006998997059127602,0.6523412802435715,6,2,2.5585274899208925,,0.020159482955932617
C,OADS,III,Ridge,1256,1872,0.6709401709401709,0.3145877322866839,0.009200108792267297,332.9632575855071,0.8230810822575924,0.3237641043874389,-0.000721914797905506,0.652150112495529,6,2,3.351090178088814,1.0,0.36939024925231934
C,OADS,III,GBR,1256,1872,0.6709401709401709,0.29739447463307533,0.012126139438851633,304.05869590278303,0.7461417500732408,0.31234960293890895,0.0008060692313624471,0.6300870432850968,6,2,,,3.9135565757751465
C,OADS,IV,OLS,1256,1872,0.6709401709401709,0.3274553593986226,0.008694394138884594,391.6761715654128,0.9542731515615526,0.34563944227375853,0.0008655272182372397,0.6596094475790729,6,1,5.1972143771002886,,0.020006895065307617
C,OADS,IV,Ridge,1256,1872,0.6709401709401709,0.3269131344108433,0.009000248279743026,390.8540681280255,0.9542145401621347,0.34709794808080147,0.00019337825794990866,0.6599884461985469,6,1,2.3461045448303817,1.0,0.36499905586242676
C,OADS,IV,GBR,1256,1872,0.6709401709401709,0.3070211328909212,0.008681956903190916,320.9370260264086,0.7813571418008681,0.3328354050502358,0.00786176750680074,0.6602664175832936,6,1,,,3.0119664669036865
C,OADS,V,OLS,1256,1872,0.6709401709401709,0.32517937740229347,0.008393897434975532,367.50170351817724,0.9243928693522553,0.3438721834575383,-0.0005780730722498631,0.660353304922345,3,1,1.1359519075802398,,0.018993139266967773
C,OADS,V,Ridge,1256,1872,0.6709401709401709,0.3246007919920949,0.008349915897438377,367.06160298461896,0.9241702590667076,0.34423652561420837,-0.0005745652534947366,0.6603264779339658,3,1,0.9326537565152719,10.0,0.34500718116760254
C,OADS,V,GBR,1256,1872,0.6709401709401709,0.31640798254803926,0.011396185611815489,312.21831439484004,0.8217812304247831,0.32624005076880985,-0.0026230714859623114,0.6700303365047887,3,1,,,2.4542717933654785
C,OADS,VI,OLS,1256,1872,0.6709401709401709,0.31519643230955546,0.008854090334390182,337.3253148821557,0.8331733041982514,0.32218033029262827,-5.743584955057025e-05,0.6529564621987849,4,2,1.4483297261329335,,0.02098536491394043
C,OADS,VI,Ridge,1256,1872,0.6709401709401709,0.3146809556752494,0.00883597792692002,336.9495617586261,0.8327836310998366,0.3223890724330935,-5.752869637831372e-05,0.6529077300175522,4,2,0.9992746536449049,10.0,0.3590106964111328
C,OADS,VI,GBR,1256,1872,0.6709401709401709,0.3179499654774435,0.012372243404680143,299.643081866911,0.7381207809897046,0.3255721220481046,-0.0034544744923768944,0.6828524279441059,4,2,,,2.964465379714966
C,OADS,VII,OLS,1256,1872,0.6709401709401709,0.3158408774327284,0.009149231899348327,346.124418262759,0.8466517526728828,0.3227519151163003,0.00015964279541898492,0.651748641032419,7,2,5.565416646689348,,0.022001028060913086
C,OADS,VII,Ridge,1256,1872,0.6709401709401709,0.31506599123424334,0.009107100361010746,344.8086238265787,0.8445356820872761,0.32280301872941963,0.00014617537030672866,0.6516647295663726,7,2,1.1290167848990507,10.0,0.3746037483215332
C,OADS,VII,GBR,1256,1872,0.6709401709401709,0.3186256886375577,0.014457177335515527,298.3124730122269,0.7468771210089798,0.34006195650747884,-0.008641933051893145,0.6911571691281847,7,2,,,3.8396670818328857
C,MEVJ,Base,Base,1149,1948,0.589835728952772,0.3239004580265436,0.04505282639098325,307.3494209627289,1.1376335215778268,0.20504663548411126,-0.15994851690143233,0.8538898645055619,2,1,,,0.012992620468139648
C,MEVJ,I,OLS,1149,1948,0.589835728952772,0.22353326089703493,0.0174855068993095,379.9628328268579,1.1105792614942265,0.2282594192735637,1.667476710932332e-05,0.4484896811874847,4,1,2.4542866730706034,,0.01899433135986328
C,MEVJ,I,Ridge,1149,1948,0.589835728952772,0.2236846095844187,0.01745908286585485,380.1587651654955,1.11179234618298,0.22859153569905924,-3.209785832361009e-05,0.4484232034620914,4,1,1.5309524645388768,0.1,0.4286370277404785
C,MEVJ,I,GBR,1149,1948,0.589835728952772,0.18684341982960778,0.014471638497416008,264.9797154743062,0.7739057804681941,0.18208436818227075,-0.0030529416426683317,0.4406424970797022,4,1,,,3.072697877883911
C,MEVJ,II,OLS,1149,1948,0.589835728952772,0.21050596255671472,0.017511245728559905,354.21235273910185,0.9965439362024986,0.20423087936374504,-0.0002315216661154114,0.421109046711764,4,1,1.2633308087894763,,0.021989822387695312
C,MEVJ,II,Ridge,1149,1948,0.589835728952772,0.2105981193672906,0.0175375015888859,353.924622681211,0.9956555804296312,0.2046955013057197,-0.00020958330302730366,0.4211518366107174,4,1,1.516543972718772,1.0,0.37502503395080566
C,MEVJ,II,GBR,1149,1948,0.589835728952772,0.18653994327719203,0.014515453152198661,264.02064407174447,0.7672728662218132,0.1820421289745724,-0.0030203896898819303,0.43997932055158406,4,1,,,3.005099058151245
C,MEVJ,III,OLS,1149,1948,0.589835728952772,0.19181153851640104,0.016282670876567647,304.4117329710864,0.8193775021304525,0.18120905517687247,-0.0005328379003848834,0.3970403100881197,6,2,2.7306476963477397,,0.01999378204345703
C,MEVJ,III,Ridge,1149,1948,0.589835728952772,0.1908727169884587,0.01634467971959906,302.9130629193715,0.8195530458309388,0.18179447548154695,-0.0004905103101687614,0.39702907110055236,6,2,3.248160500977642,1.0,0.36802124977111816
C,MEVJ,III,GBR,1149,1948,0.589835728952772,0.1903773665843411,0.015927110457358618,254.51403705569803,0.7436946702294895,0.18119844044339867,-0.006122203939045123,0.4664635394422231,6,2,,,3.751732587814331
C,MEVJ,IV,OLS,1149,1948,0.589835728952772,0.20942457934138273,0.017410496500764948,348.85780533922195,0.9838846500389877,0.20320901094287983,-0.00021421584939927885,0.42052699194332693,6,1,5.563135588988527,,0.019993066787719727
C,MEVJ,IV,Ridge,1149,1948,0.589835728952772,0.20950440551699578,0.017440202151215046,348.4714386395459,0.9832004244259819,0.2035688243540312,-0.0002645958000211083,0.420508766669688,6,1,1.5853897845369613,0.55,0.366030216217041
C,MEVJ,IV,GBR,1149,1948,0.589835728952772,0.1873943798206632,0.01474144455999235,264.0450757112575,0.7710074079752083,0.18289217627507418,-0.0044054228803541776,0.44348905510374614,6,1,,,2.900733709335327
C,MEVJ,V,OLS,1149,1948,0.589835728952772,0.2104866345370862,0.01732848635171365,362.1330652715388,1.0468908799049064,0.2076150663162886,0.00023272324923914687,0.425270475372454,3,1,0.7920221013584626,,0.017994403839111328
C,MEVJ,V,Ridge,1149,1948,0.589835728952772,0.20998488571649238,0.01729839928661339,361.0861061533801,1.0450407490542697,0.2077108051398852,0.00022838288222528407,0.4252492413694735,3,1,0.611301123155141,10.0,0.35099077224731445
C,MEVJ,V,GBR,1149,1948,0.589835728952772,0.18943950688404507,0.01601796868630349,277.35153566092305,0.8118452272262117,0.19109056881596098,0.004119723551908249,0.44612751893856,3,1,,,2.3764150142669678
C,MEVJ,VI,OLS,1149,1948,0.589835728952772,0.19248298586114884,0.016615290001005006,311.0637857449871,0.8440103942164301,0.18532156240340886,-0.0004425522569769324,0.40000693224836403,4,2,1.4320083272433877,,0.022005081176757812
C,MEVJ,VI,Ridge,1149,1948,0.589835728952772,0.1920906614655915,0.016590044870004657,310.37644589976475,0.8431148979165513,0.1853962856820567,-0.00043857727315655987,0.3999613807837261,4,2,0.719902509585701,10.0,0.37700390815734863
C,MEVJ,VI,GBR,1149,1948,0.589835728952772,0.17881156405280346,0.016292708609907048,237.63857451962457,0.6505628668783979,0.17312810159319061,-0.000756632212427452,0.44380966821129836,4,2,,,2.8504817485809326
C,MEVJ,VII,OLS,1149,1948,0.589835728952772,0.19213366983631255,0.01655738862818429,303.81817192299206,0.8077682281422769,0.18153041336856574,-0.0005868893149431174,0.3964538869854135,7,2,3.7911343713589103,,0.018999814987182617
C,MEVJ,VII,Ridge,1149,1948,0.589835728952772,0.19137775058941084,0.016583082086969615,302.2608945878089,0.8039190881936745,0.18149828388506173,-0.0005907601719236496,0.3963860130621272,7,2,0.8378546643523795,10.0,0.3670010566711426
C,MEVJ,VII,GBR,1149,1948,0.589835728952772,0.1704391510838409,0.016831861661687965,225.53945318557814,0.6150141491728167,0.16516640559778623,-0.0019325128343587455,0.42116311856607436,7,2,,,3.4830996990203857
D,PVD,Base,Base,1026,1283,0.7996882307092751,0.3942079930518927,0.04125340087734626,431.3123973200325,1.1837971919852908,0.32269319265547475,-0.15748411274862978,0.9446123699650039,2,1,,,0.010993242263793945
D,PVD,I,OLS,1026,1283,0.7996882307092751,0.2608625576374943,0.014252181556470343,433.82559061333956,1.0309765841620835,0.3351443672667691,0.001095757547259429,0.5318647576467648,4,1,4.185988496616281,,0.019011974334716797
D,PVD,I,Ridge,1026,1283,0.7996882307092751,0.2528131282587286,0.015616549177879802,426.9416588217558,1.0296200292506692,0.3434461838429287,0.0013019636131628976,0.5360113507188147,4,1,1.644158708360316,10.0,0.3840212821960449
D,PVD,I,GBR,1026,1283,0.7996882307092751,0.2413629938176662,0.02963496748199755,332.5483290654804,0.7089353303412761,0.28291741607932347,-0.0028661825313364615,0.5721166693088067,4,1,,,2.6671550273895264
D,PVD,II,OLS,1026,1283,0.7996882307092751,0.25705495921098814,0.01471505467888811,422.94667599788124,0.9861456356947399,0.3169972842526531,0.0008171027466726412,0.5147447002405865,4,1,2.7423175237025825,,0.018982410430908203
D,PVD,II,Ridge,1026,1283,0.7996882307092751,0.2492307195289404,0.016292142477972962,412.46319291509167,0.9810522167122632,0.32621743645778467,0.001041695029288251,0.519763432568718,4,1,1.7334701088486013,10.0,0.343991756439209
D,PVD,II,GBR,1026,1283,0.7996882307092751,0.24182701504073995,0.030140346511078508,333.7192868051926,0.7082023212559835,0.28509583845763264,-0.0029878952131969904,0.5743678007875226,4,1,,,2.601128578186035
D,PVD,III,OLS,1026,1283,0.7996882307092751,0.23819646603384417,0.014265920557368628,366.61820222528644,0.8633861864473547,0.29088532586574234,0.0010770176166000486,0.5015300634900983,6,2,3.4548201757393624,,0.01900935173034668
D,PVD,III,Ridge,1026,1283,0.7996882307092751,0.23796339284968962,0.014481786961237106,368.1305128801317,0.8756756098584192,0.29319457767770923,0.00026770651612236077,0.501904437993032,6,2,3.367463626875058,1.0,0.35999059677124023
D,PVD,III,GBR,1026,1283,0.7996882307092751,0.23274668104888852,0.030866988255113168,313.96301026825313,0.6757584166488838,0.2771554842684771,-0.0013490315183681484,0.5716368444307248,6,2,,,3.3734936714172363
D,PVD,IV,OLS,1026,1283,0.7996882307092751,0.25508573196144724,0.015098700191724697,420.20317009916255,0.9319992815444618,0.3123439413842279,0.0009570291466721,0.5122688502841338,6,1,3.2975539547790165,,0.02002859115600586
D,PVD,IV,Ridge,1026,1283,0.7996882307092751,0.24716358972559263,0.016626546102364692,410.49845205991767,0.9359348246477925,0.3224145076742574,0.0012455401257776939,0.5177445369880377,6,1,1.8017291970853928,10.0,0.35700035095214844
D,PVD,IV,GBR,1026,1283,0.7996882307092751,0.24270153097217675,0.030420286123598837,332.6713102196249,0.7085627576393205,0.28964220902024207,-0.0031160899158577072,0.5836466694737754,6,1,,,2.67052960395813
D,PVD,V,OLS,1026,1283,0.7996882307092751,0.25664833327446507,0.014815399408808482,421.98957218346743,0.9842123124287818,0.316072069740444,0.00044289065458579034,0.5142908831422229,3,1,1.5094237759366278,,0.01899409294128418
D,PVD,V,Ridge,1026,1283,0.7996882307092751,0.2553458985518203,0.014834810703713983,419.51281692613776,0.9801342718976884,0.31637430982126824,0.0004390902791402842,0.5142819958960657,3,1,0.9118710714522908,10.0,0.343005895614624
D,PVD,V,GBR,1026,1283,0.7996882307092751,0.22340772975489243,0.016503266644067725,348.62751663480157,0.8182527981107234,0.2808373053085576,0.001061229284991676,0.4622671030332178,3,1,,,2.1475307941436768
D,PVD,VI,OLS,1026,1283,0.7996882307092751,0.23903461327059955,0.014736436169487768,370.2630233659769,0.8623590678409702,0.2925550821175462,0.001384379488121711,0.5013021317576928,4,2,1.8286475141712,,0.018001317977905273
D,PVD,VI,Ridge,1026,1283,0.7996882307092751,0.2380828119343701,0.014757031237035811,368.39858438794965,0.8591632925861489,0.29266738029130096,0.0013808167289584715,0.5012382028811049,4,2,0.9444996391432545,10.0,0.3480112552642822
D,PVD,VI,GBR,1026,1283,0.7996882307092751,0.2168600207851761,0.01683631474805527,312.37514220863625,0.7480107968240769,0.26171706030167874,0.004846015442191299,0.4822039116389916,4,2,,,2.572183609008789
D,PVD,VII,OLS,1026,1283,0.7996882307092751,0.2338811349527041,0.014805001996991212,356.4367937925951,0.7921152793861267,0.2845499856959385,0.0014316178943338104,0.49820974042949545,7,2,14.686298380455826,,0.0200042724609375
D,PVD,VII,Ridge,1026,1283,0.7996882307092751,0.2330294245578053,0.014834145800403728,354.9614889126596,0.790250862390632,0.2847670312556793,0.0014391319787329007,0.4981091727360012,7,2,1.0744556218311898,10.0,0.3680124282836914
D,PVD,VII,GBR,1026,1283,0.7996882307092751,0.2214371309166373,0.024924781600731902,297.02969539646864,0.6408907523375174,0.2631691453997083,-0.0040039793197240055,0.5447917975670578,7,2,,,3.114680051803589
D,IC,Base,Base,858,1092,0.7857142857142857,0.8510215209104613,0.04965666753566461,465.6337741708923,1.4188237627491584,0.610251932785605,-0.2801917862713847,1.6039102880420406,2,1,,,0.010805368423461914
D,IC,I,OLS,858,1092,0.7857142857142857,0.7046329705874418,0.0263522423759686,585.4038033213267,1.4268451571849992,0.7734269932882213,-0.00021298780328244654,1.1472568963020946,4,1,7.8089552458689635,,0.01798844337463379
D,IC,I,Ridge,858,1092,0.7857142857142857,0.6961591416047895,0.029240156292265878,572.2442807600426,1.376091942454309,0.7920365533611202,0.00019780613618314394,1.1507205181463813,4,1,2.750162906867607,10.0,0.35299015045166016
D,IC,I,GBR,858,1092,0.7857142857142857,0.5903514037131758,0.038686067792821736,407.06316368294773,0.9564858878472249,0.5425295029638477,-0.015460911498862749,1.0800000597872355,4,1,,,2.32521653175354
D,IC,II,OLS,858,1092,0.7857142857142857,0.6761956141672762,0.029493856926476363,527.1067429828038,1.286229965065585,0.7177338719907126,-0.001158003847619546,1.1110014707942353,4,1,4.279783126247493,,0.017995834350585938
D,IC,II,Ridge,858,1092,0.7857142857142857,0.6674345781235713,0.032304635668420095,509.3168378941086,1.2300715421937345,0.7363413681624125,-0.0008795430220114396,1.1154375917364943,4,1,2.8903088661450282,10.0,0.35399699211120605
D,IC,II,GBR,858,1092,0.7857142857142857,0.5908273824577942,0.03941817232892611,410.18849624488905,0.9699457824215317,0.5402423859456489,-0.016647437142592026,1.0770354643970756,4,1,,,2.321011781692505
D,IC,III,OLS,858,1092,0.7857142857142857,0.6741979671878128,0.02962599126600275,517.4854593808479,1.271735942792122,0.7136945572729044,-0.0008744354840230492,1.1119648089888254,6,2,3.8073710932439417,,0.019023418426513672
D,IC,III,Ridge,858,1092,0.7857142857142857,0.6684394893014489,0.030737738311028027,508.3153291896777,1.2387125690772027,0.7245365973845307,-0.0004735910954110208,1.113215971292404,6,2,2.918654068364466,10.0,0.35451364517211914
D,IC,III,GBR,858,1092,0.7857142857142857,0.566388035237041,0.03487414635690534,394.3481762222093,0.92533005218783,0.5377444744398342,-0.01107419821858917,1.0376324638508414,6,2,,,2.9829750061035156
D,IC,IV,OLS,858,1092,0.7857142857142857,0.6722176293889593,0.029035628521236617,531.7776089259281,1.2134968095532923,0.7066251214066527,-0.0005521541613478963,1.1046065961326927,6,1,27.769462830128024,,0.018520116806030273
D,IC,IV,Ridge,858,1092,0.7857142857142857,0.6641800719047383,0.03153140073037804,517.0528634837133,1.1911864523396771,0.7271032412469105,4.765381054927598e-05,1.1101912127679059,6,1,3.0879851409589936,10.0,0.369126558303833
D,IC,IV,GBR,858,1092,0.7857142857142857,0.5899206707419241,0.03866878286505914,405.85365185979623,0.9677353443208044,0.5444628960478602,-0.016869278303093628,1.083491837164286,6,1,,,2.371509075164795
D,IC,V,OLS,858,1092,0.7857142857142857,0.674757119946119,0.029314016352711025,525.2959114244235,1.2877026941999172,0.7170771171777952,-0.0005706042140162913,1.1103746193540383,3,1,2.506360931745869,,0.017000198364257812
D,IC,V,Ridge,858,1092,0.7857142857142857,0.67238111034863,0.02936069600522623,522.2742023176445,1.2843209419661397,0.7200671764631018,-0.0005772765447068954,1.1102938903685222,3,1,1.8563442939519401,10.0,0.3355560302734375
D,IC,V,GBR,858,1092,0.7857142857142857,0.6277294847228544,0.03336761411013164,441.56995810000166,1.1013721555375808,0.6017486699397672,0.0101246019552215,1.1060104528703916,3,1,,,1.9731345176696777
D,IC,VI,OLS,858,1092,0.7857142857142857,0.6748001279648389,0.029244394539388405,522.4455353537279,1.2845126633800765,0.7209592164372955,-0.00042928443961513953,1.1130917822576982,4,2,2.540338049309086,,0.01801609992980957
D,IC,VI,Ridge,858,1092,0.7857142857142857,0.6719996929739446,0.029317986174954406,518.1054970629481,1.2786168792498096,0.7234750131651269,-0.0004384696163032387,1.1129771407098392,4,2,1.8648174552771568,10.0,0.3491859436035156
D,IC,VI,GBR,858,1092,0.7857142857142857,0.6203334910998395,0.03142294178996602,419.8048552646238,1.0909381957642883,0.6633627303217488,0.012789290113175108,1.1194291543194759,4,2,,,2.3379836082458496
D,IC,VII,OLS,858,1092,0.7857142857142857,0.6713021272172686,0.028757796184159586,515.7567691517902,1.2087187930622452,0.7088634400132356,-0.00104824261490609,1.10687784756101,7,2,20.12835375513476,,0.02000141143798828
D,IC,VII,Ridge,858,1092,0.7857142857142857,0.6683362690629427,0.028710683319333435,511.2183305421413,1.200419925631185,0.7113074922100506,-0.0010425205689654424,1.106681892607954,7,2,2.07260164167139,10.0,0.3550143241882324
D,IC,VII,GBR,858,1092,0.7857142857142857,0.5901330042367114,0.03153468031637826,386.55026292207174,0.9312596773060089,0.6369220494412787,0.005006666822194103,1.098302904226079,7,2,,,2.774629592895508
D,FRB,Base,Base,897,1071,0.8375350140056023,0.9851770039139427,0.05853720310885807,435.1172234991346,1.697293582383913,0.8358516834632904,-0.48953490417600865,1.8090683483294776,2,1,,,0.009990453720092773
D,FRB,I,OLS,897,1071,0.8375350140056023,0.6139945735314402,0.026262410840485514,433.56804902611543,1.0420986912020471,0.6939684992566245,-0.0014933375558366685,1.0582117089062717,4,1,7.603587299315096,,0.01698470115661621
D,FRB,I,Ridge,897,1071,0.8375350140056023,0.6135003724098185,0.02694196352543186,436.9734349812537,1.066566058220637,0.711328097020306,-0.003243598434067741,1.0630086505293042,4,1,2.791813408760131,10.0,0.3510153293609619
D,FRB,I,GBR,897,1071,0.8375350140056023,0.600929388795492,0.026726693058476306,357.8094678307924,0.8565128043007344,0.6714131167696726,0.007584348832894732,1.1043635978289095,4,1,,,2.589768171310425
D,FRB,II,OLS,897,1071,0.8375350140056023,0.5910633650529816,0.028206933247468476,380.3360590166556,0.9851959446718711,0.6995236861032337,-0.001278589231171026,1.0407076425530122,4,1,3.913614056765937,,0.01902627944946289
D,FRB,II,Ridge,897,1071,0.8375350140056023,0.5925359587728705,0.02801141442799453,386.002559749663,1.0164058146671422,0.7129583120928433,-0.004995892397703853,1.0441581902000354,4,1,2.737141915345531,10.0,0.3999910354614258
D,FRB,II,GBR,897,1071,0.8375350140056023,0.6006047165290287,0.02594311640547478,358.69665995391074,0.8575323028097486,0.6780693624627453,0.010834919485429372,1.1052447661680431,4,1,,,2.717818260192871
D,FRB,III,OLS,897,1071,0.8375350140056023,0.594800937718916,0.027296859745673436,388.7089664835553,1.0108361392396783,0.6942965682847979,-0.0030994394619436724,1.041077471253109,6,2,3.4511366197495215,,0.02098822593688965
D,FRB,III,Ridge,897,1071,0.8375350140056023,0.5928321682959405,0.02579519667481309,393.97858886636453,1.031534243274812,0.7035005407149453,-0.0033614952298665637,1.041257846385612,6,2,2.8161703558179174,10.0,0.4375267028808594
D,FRB,III,GBR,897,1071,0.8375350140056023,0.611288548779408,0.02908627864482271,356.4366741128055,0.8898810864746499,0.6841744432568018,-0.003841043858801519,1.1327346439464134,6,2,,,3.3616607189178467
D,FRB,IV,OLS,897,1071,0.8375350140056023,0.5899049702380315,0.02714441940822596,381.5114136189051,0.9399927373290318,0.6980087966688243,-0.0006933319184999401,1.039030256244072,6,1,14.811294219985692,,0.019008636474609375
D,FRB,IV,Ridge,897,1071,0.8375350140056023,0.5909307182504889,0.027382990667633122,381.30331746362606,0.9482376452386586,0.7089483109503696,-0.0016543655422704001,1.0435020161967345,6,1,4.346123685314014,1.0,0.35700154304504395
D,FRB,IV,GBR,897,1071,0.8375350140056023,0.5985676205517775,0.0262384480829801,358.89185279438806,0.8590724943957396,0.6611198496179227,0.007210350547138024,1.1008329578406768,6,1,,,2.4251387119293213
D,FRB,V,OLS,897,1071,0.8375350140056023,0.5894111865201423,0.028225584630666916,379.5767798944619,0.9829194842658935,0.6975176380571978,-0.001217249576088151,1.039212476840336,3,1,2.2247418388117777,,0.01701951026916504
D,FRB,V,Ridge,897,1071,0.8375350140056023,0.5881877877914119,0.028045376329490515,378.89016033451975,0.9824319054480629,0.6997900375013367,-0.0012133542457509056,1.0391839131278924,3,1,1.7536765985045237,10.0,0.3415412902832031
D,FRB,V,GBR,897,1071,0.8375350140056023,0.6257516469684211,0.02879084416042663,381.8373937477051,1.057659487831052,0.7519541566226163,0.01258457971252307,1.1506374398334984,3,1,,,1.9925503730773926
D,FRB,VI,OLS,897,1071,0.8375350140056023,0.5921135901811665,0.028020646013365905,386.2212241262703,0.9992986504188147,0.7017461247437656,-0.0023345059188390506,1.041331766619486,4,2,2.2923434879644313,,0.018005847930908203
D,FRB,VI,Ridge,897,1071,0.8375350140056023,0.5903859331592898,0.027897723235300476,383.6564919333138,0.9959421767054293,0.7034150827337471,-0.0022989206512003682,1.041253760869895,4,2,1.7846617125794713,10.0,0.3470180034637451
D,FRB,VI,GBR,897,1071,0.8375350140056023,0.6072310265748722,0.028840284755574066,347.42095790325817,0.969830566447088,0.7337941672906861,0.005896658180630218,1.1412261460989395,4,2,,,2.358830451965332
D,FRB,VII,OLS,897,1071,0.8375350140056023,0.5921852492365413,0.027328733308051776,389.1424236530166,0.9816635768681515,0.7019268001936317,-0.0019228193130965939,1.041013747710581,7,2,16.60460387326806,,0.01900482177734375
D,FRB,VII,Ridge,897,1071,0.8375350140056023,0.5904600947655773,0.027154465702546596,386.71345792995186,0.9785661064746359,0.7035536410418872,-0.0018675717787159155,1.0408278794535708,7,2,1.894470739504658,10.0,0.36501002311706543
D,FRB,VII,GBR,897,1071,0.8375350140056023,0.5991096620098022,0.03042830352789171,324.92636235543216,0.8215454448829982,0.7078039769385938,0.003878377116147573,1.137206077727987,7,2,,,2.8265717029571533
D,RFK,Base,Base,894,1079,0.8285449490268767,0.8741744788402401,0.06188762588379457,489.0540391103883,1.8066525206232362,1.151449503440255,-0.3153770950083913,1.6892323730223375,2,1,,,0.010009527206420898
D,RFK,I,OLS,894,1079,0.8285449490268767,0.6466414309117241,0.02602676881259181,565.7326763757711,1.1980178130617403,0.826166229507695,0.0005576236921671248,1.1230131634625937,4,1,8.345614437260096,,0.017011642456054688
D,RFK,I,Ridge,894,1079,0.8285449490268767,0.6459381426224878,0.025577694891556438,568.6104270601952,1.1999829006801777,0.8358544779435304,0.0013722641630423314,1.1229510971720762,4,1,4.5991855344332935,1.0,0.34899091720581055
D,RFK,I,GBR,894,1079,0.8285449490268767,0.5727064029807915,0.02164240325415756,412.6218552019063,0.8842127949429205,0.8922154093232217,-0.0006623830407841246,1.1376114999349143,4,1,,,2.378056049346924
D,RFK,II,OLS,894,1079,0.8285449490268767,0.6089045171267414,0.029064374668566876,487.5789858312011,1.0886024680426276,0.8410782394199294,9.112958005304127e-05,1.108696637591736,4,1,4.864634310118011,,0.017987966537475586
D,RFK,II,Ridge,894,1079,0.8285449490268767,0.6043605269704015,0.02598408329057235,487.4383740879568,1.0959855672396195,0.8558263901312327,-0.000470827429284294,1.1060950054240881,4,1,4.691487626189305,1.0,0.3424663543701172
D,RFK,II,GBR,894,1079,0.8285449490268767,0.569929160638559,0.02182118845206191,412.9989018200433,0.8802026668202266,0.8822312986129678,-0.0004781083199779674,1.134545459532095,4,1,,,2.375558376312256
D,RFK,III,OLS,894,1079,0.8285449490268767,0.6018746187533048,0.027958994309595826,461.47221687296224,1.0436282561000152,0.8045999176999281,0.00048329347499777027,1.1006603724130601,6,2,5.240269691891141,,0.01997518539428711
D,RFK,III,Ridge,894,1079,0.8285449490268767,0.6024807251361705,0.027301515838146512,468.16342231247853,1.0517628264091035,0.8147717724448895,0.002934381105152086,1.0998518159529638,6,2,5.212823592244908,1.0,0.3535947799682617
D,RFK,III,GBR,894,1079,0.8285449490268767,0.5590141144211704,0.022268910749583176,399.06865085157733,0.8698209550041951,0.8634834585580524,-0.005475408197268627,1.1269495557491498,6,2,,,3.0673789978027344
D,RFK,IV,OLS,894,1079,0.8285449490268767,0.6050498703079428,0.027734725320728185,484.7326902409131,1.0644214203403695,0.8334767362003899,0.0001575513707568756,1.1040020162631374,6,1,13.815227900155186,,0.017992734909057617
D,RFK,IV,Ridge,894,1079,0.8285449490268767,0.6024627903344962,0.027234425497956207,481.14430245530343,1.0636742623466924,0.8415416481597837,-0.0001275359695214578,1.1036148737306681,6,1,4.949372858510664,1.0,0.35802125930786133
D,RFK,IV,GBR,894,1079,0.8285449490268767,0.5710313315010328,0.02224582723040662,412.1017137636638,0.8760262370165733,0.881532002767043,0.00153554652825555,1.1360692501441312,6,1,,,2.4180209636688232
D,RFK,V,OLS,894,1079,0.8285449490268767,0.6064784484384156,0.028612186277596666,485.2824412553198,1.089147909182942,0.8439509300722986,-0.00018213621138795887,1.1084260697400143,3,1,3.018540879052683,,0.017993927001953125
D,RFK,V,Ridge,894,1079,0.8285449490268767,0.6047918887191958,0.028575953804712936,483.3733337383058,1.0866688235091542,0.8485555163560654,-0.00019522406998198657,1.1083294528328071,3,1,1.8474358783665932,10.0,0.33659863471984863
D,RFK,V,GBR,894,1079,0.8285449490268767,0.6119496277622122,0.03150049064545107,431.605683203819,1.0483506719114384,0.8397303891741591,-0.01661255719245205,1.175560056464203,3,1,,,1.9989995956420898
D,RFK,VI,OLS,894,1079,0.8285449490268767,0.5957742893848088,0.02772082304954996,452.04644284541035,1.0353811309453096,0.8100211546556819,2.101479862214434e-05,1.100478524843856,4,2,3.30113044973697,,0.017975568771362305
D,RFK,VI,Ridge,894,1079,0.8285449490268767,0.5941680329247214,0.02762758421174871,449.7600999697349,1.0319245804253565,0.8130674071803985,-1.0354942599437246e-05,1.1002965319494138,4,2,1.8902535440175288,10.0,0.34702134132385254
D,RFK,VI,GBR,894,1079,0.8285449490268767,0.5805284304596293,0.029263693413159122,406.27566470654546,0.968633985088357,0.8675840412635177,-0.01078020393767635,1.1427619026815283,4,2,,,2.3615193367004395
D,RFK,VII,OLS,894,1079,0.8285449490268767,0.5935356933603209,0.02751024526144986,451.7821228752811,0.9770050723033971,0.8028030444202983,-0.0028337943820433338,1.097697814292043,7,2,13.427806218771977,,0.019010543823242188
D,RFK,VII,Ridge,894,1079,0.8285449490268767,0.5920953883330873,0.027440107376270877,450.07604624008457,0.9751728878709958,0.8056930322588175,-0.002857620424965354,1.0974351214120726,7,2,2.016647986380507,10.0,0.36197853088378906
D,RFK,VII,GBR,894,1079,0.8285449490268767,0.5695429117854337,0.027907503104251725,384.847890420328,0.8190165777486732,0.8290098678253474,-0.007894173846546285,1.126685222031583,7,2,,,2.8500020503997803
D,OADS,Base,Base,955,1166,0.8190394511149228,0.6619707209547956,0.029321732667928667,486.8209911645877,1.5069003269363985,0.5171681029348695,-0.26595181897385906,1.3987195862843664,2,1,,,0.011018514633178711
D,OADS,I,OLS,955,1166,0.8190394511149228,0.501873867590289,0.02238645831117028,550.667256290173,1.1271502096017714,0.6039400115917165,0.00027214272251137154,0.9155766312817507,4,1,6.775161104697446,,0.018019676208496094
D,OADS,I,Ridge,955,1166,0.8190394511149228,0.49014604643455617,0.02259420805726319,532.7543611492739,1.1083911017698147,0.6218588739155334,0.0008520957904418437,0.9220585376829774,4,1,2.5856852778647883,10.0,0.35497617721557617
D,OADS,I,GBR,955,1166,0.8190394511149228,0.4255551460763752,0.02343439153523179,383.77971596395565,0.7628784944396569,0.4702732114160698,-0.0038579720189048858,0.9015558278936564,4,1,,,2.4906694889068604
D,OADS,II,OLS,955,1166,0.8190394511149228,0.49247496944907665,0.020985054015382625,530.2948015367905,1.0899930528472344,0.5548603445678963,0.00010766755893550294,0.8771932841464689,4,1,4.2649130568012,,0.01800227165222168
D,OADS,II,Ridge,955,1166,0.8190394511149228,0.4796419205228952,0.021488010384882083,501.56972006975275,1.055715806779488,0.5680932690653142,0.0006839445589648033,0.8844236208012752,4,1,2.6886410563711185,10.0,0.3470120429992676
D,OADS,II,GBR,955,1166,0.8190394511149228,0.425629673109095,0.023390077277592382,382.3036383664187,0.7623813452245906,0.47601110829830495,-0.007926133634931685,0.9041711536112206,4,1,,,2.526167869567871
D,OADS,III,OLS,955,1166,0.8190394511149228,0.48508453075184,0.020569354490180217,506.07031337659697,1.0551232822578132,0.540798024321753,-0.0005683084305934702,0.8742045416582094,6,2,4.435245444826169,,0.018968820571899414
D,OADS,III,Ridge,955,1166,0.8190394511149228,0.4798499271540711,0.020615593999637614,497.5272638108986,1.0563061271536114,0.5488981417347575,-4.6364195917311364e-05,0.8774331052319144,6,2,3.036700072248754,10.0,0.3534379005432129
D,OADS,III,GBR,955,1166,0.8190394511149228,0.39993459847369267,0.018492616663369047,376.4738197123703,0.7609538491722257,0.43672170244897296,-0.017034705024868948,0.8400661651398446,6,2,,,3.2791268825531006
D,OADS,IV,OLS,955,1166,0.8190394511149228,0.4877024190404633,0.020542221922476872,520.393542187751,1.0369114244953472,0.5480204277118342,6.768482394668723e-05,0.872510693225218,6,1,8.951548677689017,,0.017991065979003906
D,OADS,IV,Ridge,955,1166,0.8190394511149228,0.476225485018831,0.020698317975894717,494.5776286164238,1.0086365879598544,0.5622699816704826,0.0006664025887071502,0.880187360750827,6,1,2.7923464933475914,10.0,0.359987735748291
D,OADS,IV,GBR,955,1166,0.8190394511149228,0.42557085610457107,0.023095198709249937,384.8534743454639,0.7653068653358266,0.4731447844457658,-0.006985629248794513,0.9000536286019016,6,1,,,2.5455374717712402
D,OADS,V,OLS,955,1166,0.8190394511149228,0.4916788339925665,0.02091615915846826,529.6712912935138,1.0900317131685457,0.5519261908655624,-0.00019065003262775163,0.8761801459029538,3,1,2.4391305327492416,,0.017975568771362305
D,OADS,V,Ridge,955,1166,0.8190394511149228,0.4891623754527032,0.020888671116256873,525.4548137093269,1.0832364951184648,0.5534658866569977,-0.00019581598335988897,0.8761785320691966,3,1,1.501842533691018,10.0,0.3349897861480713
D,OADS,V,GBR,955,1166,0.8190394511149228,0.4096996325200634,0.02733061755450146,416.4473441215686,0.873586764404204,0.5383960817356768,-0.005735469180487965,0.836435915025935,3,1,,,2.0918447971343994
D,OADS,VI,OLS,955,1166,0.8190394511149228,0.482681337288802,0.020527168109338398,504.8666175060162,1.0407466178648976,0.5413870019444929,-0.0002653921159342447,0.8738167180810019,4,2,2.6591300010781524,,0.018013477325439453
D,OADS,VI,Ridge,955,1166,0.8190394511149228,0.48028365437504456,0.020513440595884197,500.54200714664296,1.0334178048333083,0.5425439091906351,-0.0002670393534310763,0.873750314703552,4,2,1.5324509903665615,10.0,0.3549833297729492
D,OADS,VI,GBR,955,1166,0.8190394511149228,0.3934617386846912,0.024487578811376698,391.72091549805924,0.8293422873810402,0.4732159212903631,-0.008604072510106763,0.7903880477133194,4,2,,,2.576674699783325
D,OADS,VII,OLS,955,1166,0.8190394511149228,0.47616207158436324,0.019985500372822596,492.792494234607,0.9823000546059316,0.5364411657437947,-0.00010745009674375353,0.8694677022565673,7,2,18.612663524528482,,0.019011735916137695
D,OADS,VII,Ridge,955,1166,0.8190394511149228,0.4737404412811052,0.019949195987609584,488.51905593672655,0.9755060121558726,0.5374734300061903,-8.831068294099741e-05,0.8693473183661966,7,2,1.7212422685025988,10.0,0.3689999580383301
D,OADS,VII,GBR,955,1166,0.8190394511149228,0.3739771193157626,0.021945799265770585,361.5225063455934,0.7140452354691759,0.4391814246552129,-0.005919789751602874,0.7916495702449772,7,2,,,3.00850510597229
D,MEVJ,Base,Base,982,1226,0.800978792822186,0.5287903484795196,0.03840622658668514,447.8545689534874,1.3647935497148835,0.3001483480962427,-0.23584144203227686,1.212915255264174,2,1,,,0.011987924575805664
D,MEVJ,I,OLS,982,1226,0.800978792822186,0.3303705416580123,0.028862915490575406,474.7389123726073,1.0378672568813723,0.3962422878830036,0.001947605973497265,0.673757989713169,4,1,5.5799515540762625,,0.022974729537963867
D,MEVJ,I,Ridge,982,1226,0.800978792822186,0.3189751349455072,0.029877967110351768,459.36006930253546,1.0094931233529727,0.41889023755003624,0.0008790481196780412,0.68110195815449,4,1,2.18249556645648,10.0,0.3719930648803711
D,MEVJ,I,GBR,982,1226,0.800978792822186,0.2973791290376038,0.020883734515071556,339.6530866704957,0.7851327878509106,0.3056174214497006,-0.0028520939882417176,0.7012170250539944,4,1,,,2.594573497772217
D,MEVJ,II,OLS,982,1226,0.800978792822186,0.3256683488017049,0.027767627600451227,454.25575887948435,1.0006905430417308,0.36666163053330236,0.001399288070869643,0.6572251778857284,4,1,3.7302840919781293,,0.019398212432861328
D,MEVJ,II,Ridge,982,1226,0.800978792822186,0.3124086172285603,0.028652154690424435,427.98660552182923,0.9525331366302112,0.38552180388223567,0.0004069492293745149,0.6648122846905355,4,1,2.2158362690595377,10.0,0.361835241317749
D,MEVJ,II,GBR,982,1226,0.800978792822186,0.2975171842800909,0.020800959717998592,339.30545090672194,0.7849710032125524,0.3072608304911625,-0.0021400468883989616,0.7020270292865286,4,1,,,2.5982935428619385
D,MEVJ,III,OLS,982,1226,0.800978792822186,0.31138949254652276,0.02558875403249293,409.497974106116,0.9263681059706275,0.35426169004098484,0.00029918654339502966,0.6522066532050094,6,2,3.752062837829148,,0.019589900970458984
D,MEVJ,III,Ridge,982,1226,0.800978792822186,0.306432528000937,0.026126494615242992,403.6589512942638,0.9125964723148373,0.3658064663331737,-8.100385524827179e-05,0.6552178476418792,6,2,2.5989257079243395,10.0,0.3550143241882324
D,MEVJ,III,GBR,982,1226,0.800978792822186,0.2995248511492646,0.02688811638980631,324.20482775745916,0.7485555162574609,0.29799440927688975,-0.008578660093281626,0.7110440000337374,6,2,,,3.2860586643218994
D,MEVJ,IV,OLS,982,1226,0.800978792822186,0.325050574731191,0.026500932114833578,451.34173978990714,0.9788925714101614,0.36244753738950086,0.0015266100210463483,0.6547159306107934,6,1,4.119877957874472,,0.0190122127532959
D,MEVJ,IV,Ridge,982,1226,0.800978792822186,0.3129660493162292,0.028069396867088436,429.616409919382,0.9437797903145139,0.3837794710491937,0.00042197434626113856,0.6629179931735604,6,1,2.280910632150898,10.0,0.35499024391174316
D,MEVJ,IV,GBR,982,1226,0.800978792822186,0.2966626642230947,0.02156696526043259,341.8794883458013,0.7899118323250873,0.31073000505142256,-0.00034921617395837327,0.6957697639639249,6,1,,,2.5830085277557373
D,MEVJ,V,OLS,982,1226,0.800978792822186,0.32536545985030113,0.0274924200253601,450.6152691964132,0.9867215682261345,0.36868165707063744,0.0015357733110002902,0.6579086398836187,3,1,1.8564443137215665,,0.01799631118774414
D,MEVJ,V,Ridge,982,1226,0.800978792822186,0.3234842438843939,0.027670511141768373,447.20304043426364,0.9796217145046422,0.3695363920007796,0.001504434316915359,0.6578157640144098,3,1,1.0870673324843423,10.0,0.34499645233154297
D,MEVJ,V,GBR,982,1226,0.800978792822186,0.30917557692526293,0.022476894878879786,377.03010883116457,0.8781875140382037,0.3012834879260066,-0.020816070853564548,0.685346699090684,3,1,,,2.1029317378997803
D,MEVJ,VI,OLS,982,1226,0.800978792822186,0.3140231143494685,0.02668695591389292,417.79917241978654,0.9302574840116885,0.3631385289630767,0.0002962057377021196,0.6548131249322585,4,2,2.0198725595509583,,0.018308162689208984
D,MEVJ,VI,Ridge,982,1226,0.800978792822186,0.3122027339126115,0.02685722613234607,414.31240309678725,0.9232164640185039,0.3636945481624355,0.00028119411200046356,0.6546605749273391,4,2,1.1042691322578373,10.0,0.3464806079864502
D,MEVJ,VI,GBR,982,1226,0.800978792822186,0.2957400533384678,0.02370303839217501,341.8726570374761,0.7690940906265329,0.2856434661867574,-0.017042451003785705,0.6830869125033323,4,2,,,2.5232279300689697
D,MEVJ,VII,OLS,982,1226,0.800978792822186,0.3100633718631642,0.025833039517435843,408.6111279334941,0.9082049967884992,0.35497465053303445,8.98752138102158e-05,0.6506967416476924,7,2,7.701191822826203,,0.019002914428710938
D,MEVJ,VII,Ridge,982,1226,0.800978792822186,0.30830567947946247,0.025996748711008304,405.42725086190774,0.9018667134102292,0.355583824266162,7.403588512480261e-05,0.6505150896802986,7,2,1.2824635247345768,10.0,0.359999418258667
D,MEVJ,VII,GBR,982,1226,0.800978792822186,0.2867253881146761,0.023679873605022907,311.1449063110665,0.6792089584367748,0.26989460762950124,-0.015175817314035356,0.6900358232361261,7,2,,,3.014641046524048
