=== START exp03_fixed_reciprocal_fairness_keeper ===
    schedule    : fixed__reciprocal_fairness_keeper
    adaptive    : False  (switches=[])
    unique strat: ['reciprocal_fairness_keeper']
    n_rounds    : 16
    n_cars      : 5
    runs/car    : 30
    total runs  : 150
    total calls : 2400  (~12.0 h @ 200 calls/h)
    model       : deepseek-reasoner
    base_url    : https://api.deepseek.com
    base_seed   : 20260420
    output      : results\exp03_fixed_reciprocal_fairness_keeper.json

--- CAR 1/5: 2014 Mercedes-Benz S550  (M=$96,000.00  cost=$19,000.00  cost/M=19.79%) ---

   run 1/30 on 2014 Mercedes-Benz S550  seed=20560420
      R 1  buy $ 27,300.07   sel     $29,900.00   [strat=reciprocal_fairness_keeper] *
      R 2  buy $ 27,061.95   sel     $29,500.00   [strat=reciprocal_fairness_keeper]
      R 3  buy $ 16,200.32   sel     $28,500.00   [strat=reciprocal_fairness_keeper]
      R 4  buy $  7,222.71   sel     $28,900.00   [strat=reciprocal_fairness_keeper]
      R 5  buy $ 25,164.31   sel     $27,500.00   [strat=reciprocal_fairness_keeper]
      R 6  buy $  5,705.93   sel     $28,500.00   [strat=reciprocal_fairness_keeper]
      R 7  buy $  7,279.35   sel     $28,500.00   [strat=reciprocal_fairness_keeper]
      R 8  buy $ 20,660.23   sel     $26,500.00   [strat=reciprocal_fairness_keeper]
      R 9  buy $ 24,516.64   sel     $25,900.00   [strat=reciprocal_fairness_keeper]
      R10  buy $  5,202.82   sel     $28,000.00   [strat=reciprocal_fairness_keeper]
      R11  buy $ 13,787.34   sel     $26,500.00   [strat=reciprocal_fairness_keeper]
      R12  buy $ 18,631.23   sel     $25,000.00   [strat=reciprocal_fairness_keeper]
      R13  buy $ 24,122.27   sel     $24,500.00   [strat=reciprocal_fairness_keeper]
      R14  buy $  8,494.07   sel     $28,500.00   [strat=reciprocal_fairness_keeper]
      R15  buy $  5,721.70   sel     $28,500.00   [strat=reciprocal_fairness_keeper]
      R16  buy $    180.98   sel     $28,500.00   [strat=reciprocal_fairness_keeper]
   run 1 done in 4.9 min

   run 2/30 on 2014 Mercedes-Benz S550  seed=20560421
      R 1  buy $ 94,277.00   sel     $95,500.00   [strat=reciprocal_fairness_keeper] *
      R 2  buy $ 66,754.88   sel     $95,000.00   [strat=reciprocal_fairness_keeper]
      R 3  buy $  5,266.52   sel     $95,000.00   [strat=reciprocal_fairness_keeper]
      R 4  buy $ 51,621.43   sel     $94,500.00   [strat=reciprocal_fairness_keeper]
      R 5  buy $ 55,121.85   sel     $94,000.00   [strat=reciprocal_fairness_keeper]
      R 6  buy $ 64,507.84   sel     $93,500.00   [strat=reciprocal_fairness_keeper]
      R 7  buy $ 21,576.32   sel     $93,000.00   [strat=reciprocal_fairness_keeper]
      R 8  buy $ 17,550.81   sel     $92,500.00   [strat=reciprocal_fairness_keeper]
      R 9  buy $ 88,205.82   sel     $91,000.00   [strat=reciprocal_fairness_keeper]
      R10  buy $ 80,843.96   sel     $90,500.00   [strat=reciprocal_fairness_keeper]
      R11  buy $ 57,390.67   sel     $90,000.00   [strat=reciprocal_fairness_keeper]
      R12  buy $ 41,407.64   sel     $89,000.00   [strat=reciprocal_fairness_keeper]
      R13  buy $ 66,320.43   sel     $88,500.00   [strat=reciprocal_fairness_keeper]
      R14  buy $ 82,555.90   sel     $88,000.00   [strat=reciprocal_fairness_keeper]
      R15  buy $ 83,689.28   sel     $87,500.00   [strat=reciprocal_fairness_keeper]
      R16  buy $ 26,173.53   sel     $87,000.00   [strat=reciprocal_fairness_keeper]
   run 2 done in 4.3 min

   run 3/30 on 2014 Mercedes-Benz S550  seed=20560422
      R 1  buy $ 23,277.56   sel     $29,000.00   [strat=reciprocal_fairness_keeper] *
      R 2  buy $  6,744.89   sel     $28,500.00   [strat=reciprocal_fairness_keeper]
      R 3  buy $ 16,920.97   sel     $28,000.00   [strat=reciprocal_fairness_keeper]
      R 4  buy $  7,326.26   sel     $27,500.00   [strat=reciprocal_fairness_keeper]
      R 5  buy $  4,805.51   sel     $27,300.00   [strat=reciprocal_fairness_keeper]
      R 6  buy $ 26,917.49   sel     $27,000.00   [strat=reciprocal_fairness_keeper]
      R 7  buy $  2,558.69   sel     $27,000.00   [strat=reciprocal_fairness_keeper]
      R 8  buy $    428.10   sel     $27,000.00   [strat=reciprocal_fairness_keeper]
      R 9  buy $  8,673.71   sel     $26,900.00   [strat=reciprocal_fairness_keeper]
      R10  buy $  7,095.97   sel     $26,800.00   [strat=reciprocal_fairness_keeper]
      R11  buy $    601.97   sel     $26,500.00   [strat=reciprocal_fairness_keeper]
      R12  buy $ 11,812.43   sel     $26,300.00   [strat=reciprocal_fairness_keeper]
      R13  buy $ 13,800.64   sel     $26,000.00   [strat=reciprocal_fairness_keeper]
      R14  buy $  6,713.19   sel     $25,500.00   [strat=reciprocal_fairness_keeper]
      R15  buy $    663.90   sel     $25,000.00   [strat=reciprocal_fairness_keeper]
      R16  buy $ 23,749.56   sel     $24,500.00   [strat=reciprocal_fairness_keeper]
   run 3 done in 4.3 min

   run 4/30 on 2014 Mercedes-Benz S550  seed=20560423
      R 1  buy $ 13,773.84   sel     $25,000.00   [strat=reciprocal_fairness_keeper] *
      R 2  buy $    835.24   sel     $24,500.00   [strat=reciprocal_fairness_keeper]
      R 3  buy $ 14,475.67   sel     $24,000.00   [strat=reciprocal_fairness_keeper]
      R 4  buy $  8,689.61   sel     $23,500.00   [strat=reciprocal_fairness_keeper]
      R 5  buy $ 17,118.92   sel     $23,000.00   [strat=reciprocal_fairness_keeper]
      R 6  buy $     22.68   sel     $23,200.00   [strat=reciprocal_fairness_keeper]
      R 7  buy $  1,089.15   sel     $23,000.00   [strat=reciprocal_fairness_keeper]
      R 8  buy $  5,694.77   sel     $22,500.00   [strat=reciprocal_fairness_keeper]
      R 9  buy $  2,121.83   sel     $22,000.00   [strat=reciprocal_fairness_keeper]
      R10  buy $ 19,577.20   sel     $20,000.00   [strat=reciprocal_fairness_keeper]
      R11  buy $  2,568.61   sel     $22,000.00   [strat=reciprocal_fairness_keeper]
      R12  buy $  4,222.52   sel     $21,000.00   [strat=reciprocal_fairness_keeper]
      R13  buy $ 15,504.26   sel     $20,000.00   [strat=reciprocal_fairness_keeper]
      R14  buy $ 18,885.20   sel     $19,000.00   [strat=reciprocal_fairness_keeper]
      R15  buy $  4,531.05   sel     $22,000.00   [strat=reciprocal_fairness_keeper]
      R16  buy $  8,082.20   sel     $23,000.00   [strat=reciprocal_fairness_keeper]
   run 4 done in 5.4 min

   run 5/30 on 2014 Mercedes-Benz S550  seed=20560424
      R 1  buy $ 50,783.90   sel     $65,000.00   [strat=reciprocal_fairness_keeper] *
      R 2  buy $  2,328.72   sel     $65,000.00   [strat=reciprocal_fairness_keeper]
      R 3  buy $ 22,036.55   sel     $65,000.00   [strat=reciprocal_fairness_keeper]
      R 4  buy $ 11,105.82   sel     $65,000.00   [strat=reciprocal_fairness_keeper]
      R 5  buy $ 16,152.87   sel     $64,000.00   [strat=reciprocal_fairness_keeper]
      R 6  buy $ 59,681.59   sel     $63,500.00   [strat=reciprocal_fairness_keeper]
      R 7  buy $ 61,307.18   sel     $62,500.00   [strat=reciprocal_fairness_keeper]
      R 8  buy $ 52,180.56   sel     $62,500.00   [strat=reciprocal_fairness_keeper]
      R 9  buy $ 27,688.13   sel     $62,500.00   [strat=reciprocal_fairness_keeper]
      R10  buy $ 23,610.03   sel     $62,500.00   [strat=reciprocal_fairness_keeper]
      R11  buy $  9,057.10   sel     $62,500.00   [strat=reciprocal_fairness_keeper]
      R12  buy $ 40,711.56   sel     $60,000.00   [strat=reciprocal_fairness_keeper]
      R13  buy $ 48,048.71   sel     $57,500.00   [strat=reciprocal_fairness_keeper]
      R14  buy $ 40,949.01   sel     $57,000.00   [strat=reciprocal_fairness_keeper]
      R15  buy $ 50,136.51   sel     $56,500.00   [strat=reciprocal_fairness_keeper]
      R16  buy $ 34,691.27   sel     $56,000.00   [strat=reciprocal_fairness_keeper]
   run 5 done in 5.1 min

   run 6/30 on 2014 Mercedes-Benz S550  seed=20560425
      R 1  buy $ 52,470.73   sel     $62,500.00   [strat=reciprocal_fairness_keeper] *
      R 2  buy $ 41,862.04   sel     $59,500.00   [strat=reciprocal_fairness_keeper]
      R 3  buy $ 21,620.11   sel     $55,000.00   [strat=reciprocal_fairness_keeper]
      R 4  buy $ 16,210.46   sel     $54,000.00   [strat=reciprocal_fairness_keeper]
      R 5  buy $ 46,154.61   sel     $50,500.00   [strat=reciprocal_fairness_keeper]
      R 6  buy $  6,895.97   sel     $50,000.00   [strat=reciprocal_fairness_keeper]
      R 7  buy $ 35,438.28   sel     $47,500.00   [strat=reciprocal_fairness_keeper]
      R 8  buy $ 31,160.56   sel     $46,000.00   [strat=reciprocal_fairness_keeper]
      R 9  buy $ 20,806.97   sel     $44,000.00   [strat=reciprocal_fairness_keeper]
      R10  buy $ 13,438.67   sel     $42,000.00   [strat=reciprocal_fairness_keeper]
      R11  buy $ 10,733.40   sel     $41,000.00   [strat=reciprocal_fairness_keeper]
      R12  buy $ 29,808.62   sel     $38,500.00   [strat=reciprocal_fairness_keeper]
      R13  buy $ 12,674.04   sel     $38,000.00   [strat=reciprocal_fairness_keeper]
      R14  buy $ 26,421.48   sel     $35,000.00   [strat=reciprocal_fairness_keeper]
      R15  buy $ 11,302.65   sel     $33,500.00   [strat=reciprocal_fairness_keeper]
      R16  buy $  9,123.04   sel     $33,000.00   [strat=reciprocal_fairness_keeper]
   run 6 done in 5.6 min

   run 7/30 on 2014 Mercedes-Benz S550  seed=20560426
      R 1  buy $ 54,045.85   sel     $56,000.00   [strat=reciprocal_fairness_keeper] *
      R 2  buy $ 12,771.98   sel     $55,000.00   [strat=reciprocal_fairness_keeper]
      R 3  buy $ 41,294.95   sel     $48,000.00   [strat=reciprocal_fairness_keeper]
      R 4  buy $ 24,420.08   sel     $46,500.00   [strat=reciprocal_fairness_keeper]
      R 5  buy $  1,948.42   sel     $45,000.00   [strat=reciprocal_fairness_keeper]
      R 6  buy $  4,694.46   sel     $45,000.00   [strat=reciprocal_fairness_keeper]
      R 7  buy $ 18,122.73   sel     $45,000.00   [strat=reciprocal_fairness_keeper]
      R 8  buy $  3,202.98   sel     $44,500.00   [strat=reciprocal_fairness_keeper]
      R 9  buy $ 25,115.60   sel     $39,500.00   [strat=reciprocal_fairness_keeper]
      R10  buy $    465.67   sel     $44,500.00   [strat=reciprocal_fairness_keeper]
      R11  buy $ 38,918.08   sel     $42,000.00   [strat=reciprocal_fairness_keeper]
      R12  buy $  1,524.73   sel     $44,500.00   [strat=reciprocal_fairness_keeper]
      R13  buy $  2,611.15   sel     $44,500.00   [strat=reciprocal_fairness_keeper]
      R14  buy $ 26,276.15   sel     $36,000.00   [strat=reciprocal_fairness_keeper]
      R15  buy $    682.42   sel     $44,500.00   [strat=reciprocal_fairness_keeper]
      R16  buy $ 43,300.60   sel     $43,900.00   [strat=reciprocal_fairness_keeper]
   run 7 done in 5.9 min

   run 8/30 on 2014 Mercedes-Benz S550  seed=20560427
      R 1  buy $  1,932.88   sel     $89,500.00   [strat=reciprocal_fairness_keeper] *
      R 2  buy $ 72,571.38   sel     $85,000.00   [strat=reciprocal_fairness_keeper]
      R 3  buy $ 58,031.19   sel     $82,500.00   [strat=reciprocal_fairness_keeper]
      R 4  buy $ 64,404.55   sel     $80,000.00   [strat=reciprocal_fairness_keeper]
      R 5  buy $  4,256.41   sel     $80,000.00   [strat=reciprocal_fairness_keeper]
      R 6  buy $ 63,548.00   sel     $78,500.00   [strat=reciprocal_fairness_keeper]
      R 7  buy $ 43,676.31   sel     $78,000.00   [strat=reciprocal_fairness_keeper]
      R 8  buy $ 18,393.31   sel     $78,000.00   [strat=reciprocal_fairness_keeper]
      R 9  buy $ 26,133.11   sel     $77,500.00   [strat=reciprocal_fairness_keeper]
      R10  buy $ 24,751.76   sel     $77,000.00   [strat=reciprocal_fairness_keeper]
      R11  buy $  5,029.53   sel     $76,500.00   [strat=reciprocal_fairness_keeper]
      R12  buy $ 74,095.51   sel     $75,000.00   [strat=reciprocal_fairness_keeper]
      R13  buy $ 27,816.22   sel     $74,500.00   [strat=reciprocal_fairness_keeper]
      R14  buy $  7,926.42   sel     $75,000.00   [strat=reciprocal_fairness_keeper]
      R15  buy $ 57,075.00   sel     $73,000.00   [strat=reciprocal_fairness_keeper]
      R16  buy $ 18,222.65   sel     $72,500.00   [strat=reciprocal_fairness_keeper]
   run 8 done in 5.1 min

   run 9/30 on 2014 Mercedes-Benz S550  seed=20560428
      R 1  buy $ 13,027.11   sel     $24,000.00   [strat=reciprocal_fairness_keeper] *
      R 2  buy $ 13,525.68   sel     $23,500.00   [strat=reciprocal_fairness_keeper]
      R 3  buy $ 10,163.49   sel     $23,000.00   [strat=reciprocal_fairness_keeper]
      R 4  buy $ 22,920.30   sel     $22,500.00   [strat=reciprocal_fairness_keeper]
      R 5  buy $ 12,609.94   sel     $22,000.00   [strat=reciprocal_fairness_keeper]
      R 6  buy $  1,881.22   sel     $22,500.00   [strat=reciprocal_fairness_keeper]
      R 7  buy $ 12,850.25   sel     $22,000.00   [strat=reciprocal_fairness_keeper]
      R 8  buy $ 21,114.95   sel     $21,500.00   [strat=reciprocal_fairness_keeper]
      R 9  buy $  4,146.59   sel     $22,000.00   [strat=reciprocal_fairness_keeper]
      R10  buy $ 16,191.68   sel     $21,800.00   [strat=reciprocal_fairness_keeper]
      R11  buy $ 20,385.19   sel     $21,000.00   [strat=reciprocal_fairness_keeper]
      R12  buy $  2,370.27   sel     $22,500.00   [strat=reciprocal_fairness_keeper]
      R13  buy $  2,040.20   sel     $22,500.00   [strat=reciprocal_fairness_keeper]
      R14  buy $ 13,660.07   sel     $22,000.00   [strat=reciprocal_fairness_keeper]
      R15  buy $ 12,979.38   sel     $21,800.00   [strat=reciprocal_fairness_keeper]
      R16  buy $ 17,056.30   sel     $20,500.00   [strat=reciprocal_fairness_keeper]
   run 9 done in 5.1 min

   run 10/30 on 2014 Mercedes-Benz S550  seed=20560429
      R 1  buy $ 72,885.53   sel     $85,000.00   [strat=reciprocal_fairness_keeper] *
      R 2  buy $ 16,631.69   sel     $75,000.00   [strat=reciprocal_fairness_keeper]
      R 3  buy $ 68,985.45   sel     $72,000.00   [strat=reciprocal_fairness_keeper]
      R 4  buy $ 48,724.40   sel     $71,000.00   [strat=reciprocal_fairness_keeper]
      R 5  buy $ 26,061.97   sel     $70,000.00   [strat=reciprocal_fairness_keeper]
      R 6  buy $ 11,078.73   sel     $69,500.00   [strat=reciprocal_fairness_keeper]
      R 7  buy $ 47,870.64   sel     $69,000.00   [strat=reciprocal_fairness_keeper]
      R 8  buy $ 31,949.21   sel     $68,500.00   [strat=reciprocal_fairness_keeper]
      R 9  buy $ 37,231.03   sel     $68,000.00   [strat=reciprocal_fairness_keeper]
      R10  buy $ 65,379.60   sel     $66,500.00   [strat=reciprocal_fairness_keeper]
      R11  buy $    334.47   sel     $66,500.00   [strat=reciprocal_fairness_keeper]
      R12  buy $ 52,879.79   sel     $66,000.00   [strat=reciprocal_fairness_keeper]
      R13  buy $ 40,100.24   sel     $65,500.00   [strat=reciprocal_fairness_keeper]
      R14  buy $ 21,474.45   sel     $65,000.00   [strat=reciprocal_fairness_keeper]
      R15  buy $ 50,700.02   sel     $64,500.00   [strat=reciprocal_fairness_keeper]
      R16  buy $ 61,269.90   sel     $62,900.00   [strat=reciprocal_fairness_keeper]
   run 10 done in 5.2 min

   run 11/30 on 2014 Mercedes-Benz S550  seed=20560430
      R 1  buy $ 28,657.75   sel     $32,500.00   [strat=reciprocal_fairness_keeper] *
      R 2  buy $ 10,491.34   sel     $32,000.00   [strat=reciprocal_fairness_keeper]
      R 3  buy $ 10,864.13   sel     $32,000.00   [strat=reciprocal_fairness_keeper]
      R 4  buy $ 27,827.11   sel     $31,500.00   [strat=reciprocal_fairness_keeper]
      R 5  buy $ 20,494.73   sel     $31,000.00   [strat=reciprocal_fairness_keeper]
      R 6  buy $  9,048.77   sel     $32,000.00   [strat=reciprocal_fairness_keeper]
      R 7  buy $  3,958.88   sel     $32,000.00   [strat=reciprocal_fairness_keeper]
      R 8  buy $ 25,362.58   sel     $30,000.00   [strat=reciprocal_fairness_keeper]
      R 9  buy $ 25,670.96   sel     $29,500.00   [strat=reciprocal_fairness_keeper]
      R10  buy $ 17,579.35   sel     $29,500.00   [strat=reciprocal_fairness_keeper]
      R11  buy $ 10,704.13   sel     $29,500.00   [strat=reciprocal_fairness_keeper]
      R12  buy $  3,902.46   sel     $29,500.00   [strat=reciprocal_fairness_keeper]
      R13  buy $ 13,658.14   sel     $29,500.00   [strat=reciprocal_fairness_keeper]
      R14  buy $  5,289.82   sel     $29,500.00   [strat=reciprocal_fairness_keeper]
      R15  buy $ 24,478.46   sel     $28,000.00   [strat=reciprocal_fairness_keeper]
      R16  buy $ 10,717.39   sel     $28,000.00   [strat=reciprocal_fairness_keeper]
   run 11 done in 6.3 min

   run 12/30 on 2014 Mercedes-Benz S550  seed=20560431
      R 1  buy $ 75,998.31   sel     $79,500.00   [strat=reciprocal_fairness_keeper] *
      R 2  buy $ 48,797.90   sel     $78,500.00   [strat=reciprocal_fairness_keeper]
      R 3  buy $ 35,385.64   sel     $78,500.00   [strat=reciprocal_fairness_keeper]
      R 4  buy $ 11,494.77   sel     $78,500.00   [strat=reciprocal_fairness_keeper]
      R 5  buy $ 19,588.36   sel     $78,500.00   [strat=reciprocal_fairness_keeper]
      R 6  buy $ 70,944.94   sel     $74,900.00   [strat=reciprocal_fairness_keeper]
      R 7  buy $  4,126.84   sel     $74,900.00   [strat=reciprocal_fairness_keeper]
      R 8  buy $ 26,222.74   sel     $72,500.00   [strat=reciprocal_fairness_keeper]
      R 9  buy $ 34,592.59   sel     $72,500.00   [strat=reciprocal_fairness_keeper]
      R10  buy $ 33,059.52   sel     $72,000.00   [strat=reciprocal_fairness_keeper]
      R11  buy $ 35,101.31   sel     $71,500.00   [strat=reciprocal_fairness_keeper]
      R12  buy $ 16,294.29   sel     $71,500.00   [strat=reciprocal_fairness_keeper]
      R13  buy $ 47,536.18   sel     $69,000.00   [strat=reciprocal_fairness_keeper]
      R14  buy $ 40,797.28   sel     $68,000.00   [strat=reciprocal_fairness_keeper]
      R15  buy $ 36,956.03   sel     $67,500.00   [strat=reciprocal_fairness_keeper]
      R16  buy $ 13,556.52   sel     $67,500.00   [strat=reciprocal_fairness_keeper]
   run 12 done in 6.7 min

   run 13/30 on 2014 Mercedes-Benz S550  seed=20560432
      R 1  buy $ 20,911.07   sel     $23,995.00   [strat=reciprocal_fairness_keeper] *
      R 2  buy $ 15,318.18   sel     $23,500.00   [strat=reciprocal_fairness_keeper]
      R 3  buy $  3,908.59   sel     $23,000.00   [strat=reciprocal_fairness_keeper]
      R 4  buy $  5,532.68   sel     $22,500.00   [strat=reciprocal_fairness_keeper]
      R 5  buy $  4,909.45   sel     $22,000.00   [strat=reciprocal_fairness_keeper]
      R 6  buy $  8,785.24   sel     $22,000.00   [strat=reciprocal_fairness_keeper]
      R 7  buy $  8,764.93   sel     $22,000.00   [strat=reciprocal_fairness_keeper]
      R 8  buy $  6,672.11   sel     $21,800.00   [strat=reciprocal_fairness_keeper]
      R 9  buy $ 10,043.14   sel     $21,500.00   [strat=reciprocal_fairness_keeper]
      R10  buy $ 11,077.09   sel     $21,500.00   [strat=reciprocal_fairness_keeper]
      R11  buy $  4,285.88   sel     $21,500.00   [strat=reciprocal_fairness_keeper]
      R12  buy $  2,109.71   sel     $21,500.00   [strat=reciprocal_fairness_keeper]
      R13  buy $ 13,998.11   sel     $21,000.00   [strat=reciprocal_fairness_keeper]
      R14  buy $  9,734.58   sel     $20,500.00   [strat=reciprocal_fairness_keeper]
      R15  buy $ 17,228.82   sel     $19,800.00   [strat=reciprocal_fairness_keeper]
      R16  buy $  5,723.26   sel     $19,700.00   [strat=reciprocal_fairness_keeper]
   run 13 done in 5.1 min

   run 14/30 on 2014 Mercedes-Benz S550  seed=20560433
      R 1  buy $ 41,131.41   sel     $42,500.00   [strat=reciprocal_fairness_keeper] *
      R 2  buy $ 24,616.85   sel     $40,500.00   [strat=reciprocal_fairness_keeper]
      R 3  buy $ 20,024.56   sel     $39,000.00   [strat=reciprocal_fairness_keeper]
      R 4  buy $ 23,995.84   sel     $38,000.00   [strat=reciprocal_fairness_keeper]
      R 5  buy $ 32,601.79   sel     $36,500.00   [strat=reciprocal_fairness_keeper]
      R 6  buy $ 11,638.07   sel     $36,000.00   [strat=reciprocal_fairness_keeper]
      R 7  buy $ 12,109.03   sel     $35,500.00   [strat=reciprocal_fairness_keeper]
      R 8  buy $ 34,630.67   sel     $35,000.00   [strat=reciprocal_fairness_keeper]
      R 9  buy $ 13,601.50   sel     $35,000.00   [strat=reciprocal_fairness_keeper]
      R10  buy $ 16,198.09   sel     $35,000.00   [strat=reciprocal_fairness_keeper]
      R11  buy $ 23,071.13   sel     $34,500.00   [strat=reciprocal_fairness_keeper]
      R12  buy $ 26,014.89   sel     $33,000.00   [strat=reciprocal_fairness_keeper]
      R13  buy $ 32,704.49   sel     $32,704.49   [strat=reciprocal_fairness_keeper]
      R14  buy $  7,947.39   sel     $32,704.49   [strat=reciprocal_fairness_keeper]
      R15  buy $ 21,633.89   sel     $31,000.00   [strat=reciprocal_fairness_keeper]
      R16  buy $ 11,869.50   sel     $30,000.00   [strat=reciprocal_fairness_keeper]
   run 14 done in 5.2 min

   run 15/30 on 2014 Mercedes-Benz S550  seed=20560434
      R 1  buy $ 86,239.87   sel     $89,750.00   [strat=reciprocal_fairness_keeper] *
      R 2  buy $ 20,522.38   sel     $89,750.00   [strat=reciprocal_fairness_keeper]
      R 3  buy $ 24,922.37   sel     $85,000.00   [strat=reciprocal_fairness_keeper]
      R 4  buy $ 27,210.10   sel     $83,500.00   [strat=reciprocal_fairness_keeper]
      R 5  buy $ 54,955.61   sel     $80,000.00   [strat=reciprocal_fairness_keeper]
      R 6  buy $ 49,706.85   sel     $80,000.00   [strat=reciprocal_fairness_keeper]
      R 7  buy $ 79,245.05   sel     $79,500.00   [strat=reciprocal_fairness_keeper]
      R 8  buy $ 78,643.13   sel     $79,250.00   [strat=reciprocal_fairness_keeper]
      R 9  buy $ 64,127.36   sel     $79,250.00   [strat=reciprocal_fairness_keeper]
      R10  buy $ 64,323.58   sel     $79,000.00   [strat=reciprocal_fairness_keeper]
      R11  buy $  4,292.72   sel     $79,000.00   [strat=reciprocal_fairness_keeper]
      R12  buy $ 44,983.63   sel     $77,500.00   [strat=reciprocal_fairness_keeper]
      R13  buy $ 73,834.37   sel     $75,500.00   [strat=reciprocal_fairness_keeper]
      R14  buy $  1,668.03   sel     $77,000.00   [strat=reciprocal_fairness_keeper]
      R15  buy $ 61,948.50   sel     $74,500.00   [strat=reciprocal_fairness_keeper]
      R16  buy $ 43,436.18   sel     $74,000.00   [strat=reciprocal_fairness_keeper]
   run 15 done in 5.5 min

   run 16/30 on 2014 Mercedes-Benz S550  seed=20560435
      R 1  buy $ 21,471.24   sel     $24,999.99   [strat=reciprocal_fairness_keeper] *
      R 2  buy $ 15,876.19   sel     $24,500.00   [strat=reciprocal_fairness_keeper]
      R 3  buy $ 22,262.10   sel     $23,500.00   [strat=reciprocal_fairness_keeper]
      R 4  buy $  5,171.29   sel     $23,500.00   [strat=reciprocal_fairness_keeper]
      R 5  buy $ 19,012.95   sel     $23,250.00   [strat=reciprocal_fairness_keeper]
      R 6  buy $  2,879.77   sel     $23,250.00   [strat=reciprocal_fairness_keeper]
      R 7  buy $ 11,205.59   sel     $23,000.00   [strat=reciprocal_fairness_keeper]
      R 8  buy $ 12,909.71   sel     $22,500.00   [strat=reciprocal_fairness_keeper]
      R 9  buy $  9,370.98   sel     $22,000.00   [strat=reciprocal_fairness_keeper]
      R10  buy $    739.39   sel     $22,000.00   [strat=reciprocal_fairness_keeper]
      R11  buy $ 18,523.88   sel     $21,500.00   [strat=reciprocal_fairness_keeper]
      R12  buy $ 20,368.75   sel     $20,900.00   [strat=reciprocal_fairness_keeper]
      R13  buy $ 19,182.23   sel     $20,500.00   [strat=reciprocal_fairness_keeper]
      R14  buy $ 10,736.04   sel     $20,000.00   [strat=reciprocal_fairness_keeper]
      R15  buy $  4,962.56   sel     $20,000.00   [strat=reciprocal_fairness_keeper]
      R16  buy $  5,885.18   sel     $20,000.00   [strat=reciprocal_fairness_keeper]
   run 16 done in 5.4 min

   run 17/30 on 2014 Mercedes-Benz S550  seed=20560436
      R 1  buy $ 47,698.46   sel     $55,900.00   [strat=reciprocal_fairness_keeper] *
      R 2  buy $ 44,884.69   sel     $54,500.00   [strat=reciprocal_fairness_keeper]
      R 3  buy $ 47,216.35   sel     $53,500.00   [strat=reciprocal_fairness_keeper]
      R 4  buy $ 31,490.85   sel     $54,000.00   [strat=reciprocal_fairness_keeper]
      R 5  buy $  8,502.45   sel     $54,000.00   [strat=reciprocal_fairness_keeper]
      R 6  buy $ 45,705.61   sel     $53,000.00   [strat=reciprocal_fairness_keeper]
      R 7  buy $    684.54   sel     $54,000.00   [strat=reciprocal_fairness_keeper]
      R 8  buy $ 45,844.90   sel     $52,500.00   [strat=reciprocal_fairness_keeper]
      R 9  buy $ 15,272.43   sel     $52,500.00   [strat=reciprocal_fairness_keeper]
      R10  buy $ 45,021.21   sel     $51,000.00   [strat=reciprocal_fairness_keeper]
      R11  buy $ 27,358.97   sel     $51,000.00   [strat=reciprocal_fairness_keeper]
      R12  buy $ 10,783.86   sel     $51,000.00   [strat=reciprocal_fairness_keeper]
      R13  buy $ 30,735.06   sel     $50,000.00   [strat=reciprocal_fairness_keeper]
      R14  buy $ 28,449.71   sel     $50,000.00   [strat=reciprocal_fairness_keeper]
      R15  buy $ 28,884.83   sel     $49,500.00   [strat=reciprocal_fairness_keeper]
      R16  buy $ 28,715.69   sel     $50,000.00   [strat=reciprocal_fairness_keeper]
   run 17 done in 5.6 min

   run 18/30 on 2014 Mercedes-Benz S550  seed=20560437
      R 1  buy $ 29,915.52   sel     $34,500.00   [strat=reciprocal_fairness_keeper] *
      R 2  buy $ 32,981.18   sel     $33,500.00   [strat=reciprocal_fairness_keeper]
      R 3  buy $ 27,543.49   sel     $33,500.00   [strat=reciprocal_fairness_keeper]
      R 4  buy $ 21,063.75   sel     $33,500.00   [strat=reciprocal_fairness_keeper]
      R 5  buy $  2,649.55   sel     $33,500.00   [strat=reciprocal_fairness_keeper]
      R 6  buy $ 16,935.82   sel     $33,500.00   [strat=reciprocal_fairness_keeper]
      R 7  buy $  8,139.32   sel     $33,500.00   [strat=reciprocal_fairness_keeper]
      R 8  buy $ 27,424.84   sel     $32,500.00   [strat=reciprocal_fairness_keeper]
      R 9  buy $ 14,406.78   sel     $32,000.00   [strat=reciprocal_fairness_keeper]
      R10  buy $ 11,066.79   sel     $32,000.00   [strat=reciprocal_fairness_keeper]
      R11  buy $  6,936.64   sel     $32,000.00   [strat=reciprocal_fairness_keeper]
      R12  buy $  6,590.14   sel     $32,000.00   [strat=reciprocal_fairness_keeper]
      R13  buy $  1,121.96   sel     $32,000.00   [strat=reciprocal_fairness_keeper]
      R14  buy $ 28,941.71   sel     $31,000.00   [strat=reciprocal_fairness_keeper]
      R15  buy $  8,900.99   sel     $31,000.00   [strat=reciprocal_fairness_keeper]
      R16  buy $    103.97   sel     $31,000.00   [strat=reciprocal_fairness_keeper]
   run 18 done in 5.2 min

   run 19/30 on 2014 Mercedes-Benz S550  seed=20560438
      R 1  buy $ 95,782.54   sel     $95,900.00   [strat=reciprocal_fairness_keeper] *
      R 2  buy $ 61,231.04   sel     $95,500.00   [strat=reciprocal_fairness_keeper]
      R 3  buy $  2,382.56   sel     $95,500.00   [strat=reciprocal_fairness_keeper]
      R 4  buy $ 40,976.70   sel     $95,000.00   [strat=reciprocal_fairness_keeper]
      R 5  buy $ 83,314.82   sel     $89,000.00   [strat=reciprocal_fairness_keeper]
      R 6  buy $ 87,117.53   sel     $88,000.00   [strat=reciprocal_fairness_keeper]
      R 7  buy $ 83,604.59   sel     $87,500.00   [strat=reciprocal_fairness_keeper]
      R 8  buy $ 11,070.11   sel     $87,000.00   [strat=reciprocal_fairness_keeper]
      R 9  buy $ 86,473.10   sel     $86,750.00   [strat=reciprocal_fairness_keeper]
      R10  buy $ 22,460.23   sel     $86,750.00   [strat=reciprocal_fairness_keeper]
      R11  buy $  5,622.72   sel     $86,750.00   [strat=reciprocal_fairness_keeper]
      R12  buy $  4,986.70   sel     $86,500.00   [strat=reciprocal_fairness_keeper]
      R13  buy $ 24,796.95   sel     $86,500.00   [strat=reciprocal_fairness_keeper]
      R14  buy $ 49,048.02   sel     $86,000.00   [strat=reciprocal_fairness_keeper]
      R15  buy $ 55,113.07   sel     $85,500.00   [strat=reciprocal_fairness_keeper]
      R16  buy $ 43,492.05   sel     $85,000.00   [strat=reciprocal_fairness_keeper]
   run 19 done in 6.9 min

   run 20/30 on 2014 Mercedes-Benz S550  seed=20560439
      R 1  buy $ 27,457.80   sel     $32,500.00   [strat=reciprocal_fairness_keeper] *
      R 2  buy $ 22,635.52   sel     $32,500.00   [strat=reciprocal_fairness_keeper]
      R 3  buy $  6,559.88   sel     $32,500.00   [strat=reciprocal_fairness_keeper]
      R 4  buy $ 15,506.22   sel     $32,500.00   [strat=reciprocal_fairness_keeper]
      R 5  buy $ 17,699.56   sel     $30,000.00   [strat=reciprocal_fairness_keeper]
      R 6  buy $  2,679.47   sel     $30,000.00   [strat=reciprocal_fairness_keeper]
      R 7  buy $ 19,623.49   sel     $28,500.00   [strat=reciprocal_fairness_keeper]
      R 8  buy $ 11,007.07   sel     $28,500.00   [strat=reciprocal_fairness_keeper]
      R 9  buy $ 24,568.36   sel     $26,500.00   [strat=reciprocal_fairness_keeper]
      R10  buy $  4,714.18   sel     $26,500.00   [strat=reciprocal_fairness_keeper]
      R11  buy $  6,307.67   sel     $26,500.00   [strat=reciprocal_fairness_keeper]
      R12  buy $  4,221.60   sel     $26,500.00   [strat=reciprocal_fairness_keeper]
      R13  buy $ 12,306.34   sel     $25,000.00   [strat=reciprocal_fairness_keeper]
      R14  buy $  4,215.15   sel     $25,000.00   [strat=reciprocal_fairness_keeper]
      R15  buy $ 15,339.15   sel     $24,000.00   [strat=reciprocal_fairness_keeper]
      R16  buy $  2,948.86   sel     $24,000.00   [strat=reciprocal_fairness_keeper]
   run 20 done in 6.6 min

   run 21/30 on 2014 Mercedes-Benz S550  seed=20560440
      R 1  buy $ 94,498.17   sel     $95,998.17   [strat=reciprocal_fairness_keeper] *
      R 2  buy $ 58,138.73   sel     $89,998.17   [strat=reciprocal_fairness_keeper]
      R 3  buy $ 50,307.04   sel     $87,500.00   [strat=reciprocal_fairness_keeper]
      R 4  buy $ 17,634.20   sel     $87,499.99   [strat=reciprocal_fairness_keeper]
      R 5  buy $ 82,214.41   sel     $84,999.99   [strat=reciprocal_fairness_keeper]
      R 6  buy $ 50,644.38   sel     $84,499.99   [strat=reciprocal_fairness_keeper]
      R 7  buy $ 53,098.05   sel     $84,499.99   [strat=reciprocal_fairness_keeper]
      R 8  buy $ 20,012.33   sel     $84,499.99   [strat=reciprocal_fairness_keeper]
      R 9  buy $ 77,842.01   sel     $83,999.99   [strat=reciprocal_fairness_keeper]
      R10  buy $ 40,799.97   sel     $83,750.00   [strat=reciprocal_fairness_keeper]
      R11  buy $ 38,335.60   sel     $83,500.00   [strat=reciprocal_fairness_keeper]
      R12  buy $ 14,524.27   sel     $83,250.00   [strat=reciprocal_fairness_keeper]
      R13  buy $ 74,932.21   sel     $82,000.00   [strat=reciprocal_fairness_keeper]
      R14  buy $ 61,114.25   sel     $81,500.00   [strat=reciprocal_fairness_keeper]
      R15  buy $ 73,038.26   sel     $79,500.00   [strat=reciprocal_fairness_keeper]
      R16  buy $ 18,601.65   sel     $79,250.00   [strat=reciprocal_fairness_keeper]
   run 21 done in 5.9 min

   run 22/30 on 2014 Mercedes-Benz S550  seed=20560441
      R 1  buy $ 90,604.92   sel     $94,500.00   [strat=reciprocal_fairness_keeper] *
      R 2  buy $ 72,047.45   sel     $92,000.00   [strat=reciprocal_fairness_keeper]
      R 3  buy $ 16,354.27   sel     $92,000.00   [strat=reciprocal_fairness_keeper]
      R 4  buy $  9,819.73   sel     $92,000.00   [strat=reciprocal_fairness_keeper]
      R 5  buy $ 73,419.40   sel     $90,000.00   [strat=reciprocal_fairness_keeper]
      R 6  buy $ 38,118.47   sel     $89,000.00   [strat=reciprocal_fairness_keeper]
      R 7  buy $ 42,752.02   sel     $88,500.00   [strat=reciprocal_fairness_keeper]
      R 8  buy $ 29,312.13   sel     $88,000.00   [strat=reciprocal_fairness_keeper]
      R 9  buy $ 53,000.61   sel     $87,500.00   [strat=reciprocal_fairness_keeper]
      R10  buy $ 23,499.25   sel     $87,500.00   [strat=reciprocal_fairness_keeper]
      R11  buy $ 80,994.04   sel     $84,500.00   [strat=reciprocal_fairness_keeper]
      R12  buy $ 69,211.47   sel     $82,000.00   [strat=reciprocal_fairness_keeper]
      R13  buy $ 64,084.96   sel     $80,000.00   [strat=reciprocal_fairness_keeper]
      R14  buy $ 54,291.68   sel     $79,500.00   [strat=reciprocal_fairness_keeper]
      R15  buy $ 22,295.21   sel     $79,500.00   [strat=reciprocal_fairness_keeper]
      R16  buy $ 17,140.90   sel     $78,500.00   [strat=reciprocal_fairness_keeper]
   run 22 done in 6.2 min

   run 23/30 on 2014 Mercedes-Benz S550  seed=20560442
      R 1  buy $ 20,855.58   sel     $28,500.00   [strat=reciprocal_fairness_keeper] *
      R 2  buy $ 14,058.12   sel     $27,500.00   [strat=reciprocal_fairness_keeper]
      R 3  buy $  7,682.15   sel     $27,000.00   [strat=reciprocal_fairness_keeper]
      R 4  buy $ 24,107.19   sel     $26,500.00   [strat=reciprocal_fairness_keeper]
      R 5  buy $ 11,926.28   sel     $26,600.00   [strat=reciprocal_fairness_keeper]
      R 6  buy $  3,151.20   sel     $26,600.00   [strat=reciprocal_fairness_keeper]
      R 7  buy $  7,975.42   sel     $26,500.00   [strat=reciprocal_fairness_keeper]
      R 8  buy $ 22,774.17   sel     $26,000.00   [strat=reciprocal_fairness_keeper]
      R 9  buy $  5,446.96   sel     $26,000.00   [strat=reciprocal_fairness_keeper]
      R10  buy $  3,800.69   sel     $25,900.00   [strat=reciprocal_fairness_keeper]
      R11  buy $ 21,300.26   sel     $25,000.00   [strat=reciprocal_fairness_keeper]
      R12  buy $ 23,991.94   sel     $24,800.00   [strat=reciprocal_fairness_keeper]
      R13  buy $  1,541.62   sel     $24,800.00   [strat=reciprocal_fairness_keeper]
      R14  buy $ 20,559.25   sel     $24,600.00   [strat=reciprocal_fairness_keeper]
      R15  buy $  9,427.37   sel     $24,500.00   [strat=reciprocal_fairness_keeper]
      R16  buy $  1,617.90   sel     $24,400.00   [strat=reciprocal_fairness_keeper]
   run 23 done in 5.7 min

   run 24/30 on 2014 Mercedes-Benz S550  seed=20560443
      R 1  buy $ 25,390.19   sel     $29,500.00   [strat=reciprocal_fairness_keeper] *
      R 2  buy $ 11,112.04   sel     $28,900.00   [strat=reciprocal_fairness_keeper]
      R 3  buy $  9,684.89   sel     $28,750.00   [strat=reciprocal_fairness_keeper]
      R 4  buy $ 13,120.03   sel     $28,500.00   [strat=reciprocal_fairness_keeper]
      R 5  buy $ 13,595.97   sel     $28,250.00   [strat=reciprocal_fairness_keeper]
      R 6  buy $ 22,306.78   sel     $27,500.00   [strat=reciprocal_fairness_keeper]
      R 7  buy $  1,236.19   sel     $27,400.00   [strat=reciprocal_fairness_keeper]
      R 8  buy $ 22,666.80   sel     $26,900.00   [strat=reciprocal_fairness_keeper]
      R 9  buy $ 12,450.43   sel     $26,800.00   [strat=reciprocal_fairness_keeper]
      R10  buy $ 15,736.27   sel     $26,500.00   [strat=reciprocal_fairness_keeper]
      R11  buy $ 20,063.06   sel     $24,000.00   [strat=reciprocal_fairness_keeper]
      R12  buy $ 10,600.88   sel     $23,800.00   [strat=reciprocal_fairness_keeper]
      R13  buy $ 17,925.97   sel     $23,600.00   [strat=reciprocal_fairness_keeper]
      R14  buy $ 10,797.38   sel     $23,500.00   [strat=reciprocal_fairness_keeper]
      R15  buy $ 10,274.07   sel     $23,400.00   [strat=reciprocal_fairness_keeper]
      R16  buy $  3,795.51   sel     $23,300.00   [strat=reciprocal_fairness_keeper]
   run 24 done in 5.3 min

   run 25/30 on 2014 Mercedes-Benz S550  seed=20560444
      R 1  buy $ 19,000.68   sel     $24,500.00   [strat=reciprocal_fairness_keeper] *
      R 2  buy $  9,434.20   sel     $24,000.00   [strat=reciprocal_fairness_keeper]
      R 3  buy $  4,903.25   sel     $23,500.00   [strat=reciprocal_fairness_keeper]
      R 4  buy $  1,768.13   sel     $23,000.00   [strat=reciprocal_fairness_keeper]
      R 5  buy $ 19,934.09   sel     $22,000.00   [strat=reciprocal_fairness_keeper]
      R 6  buy $  3,112.77   sel     $21,500.00   [strat=reciprocal_fairness_keeper]
      R 7  buy $  4,501.73   sel     $22,500.00   [strat=reciprocal_fairness_keeper]
      R 8  buy $  5,750.33   sel     $22,500.00   [strat=reciprocal_fairness_keeper]
      R 9  buy $ 20,385.50   sel     $21,500.00   [strat=reciprocal_fairness_keeper]
      R10  buy $ 11,925.49   sel     $22,000.00   [strat=reciprocal_fairness_keeper]
      R11  buy $ 19,348.23   sel     $21,000.00   [strat=reciprocal_fairness_keeper]
      R12  buy $ 11,071.38   sel     $22,000.00   [strat=reciprocal_fairness_keeper]
      R13  buy $ 20,325.29   sel     $21,250.00   [strat=reciprocal_fairness_keeper]
      R14  buy $ 17,855.84   sel     $20,750.00   [strat=reciprocal_fairness_keeper]
      R15  buy $  9,379.91   sel     $21,000.00   [strat=reciprocal_fairness_keeper]
      R16  buy $ 12,563.04   sel     $21,000.00   [strat=reciprocal_fairness_keeper]
   run 25 done in 6.5 min

   run 26/30 on 2014 Mercedes-Benz S550  seed=20560445
      R 1  buy $  8,284.64   sel     $34,500.00   [strat=reciprocal_fairness_keeper] *
      R 2  buy $ 11,706.76   sel     $33,000.00   [strat=reciprocal_fairness_keeper]
      R 3  buy $  6,042.02   sel     $33,000.00   [strat=reciprocal_fairness_keeper]
      R 4  buy $ 23,586.52   sel     $29,500.00   [strat=reciprocal_fairness_keeper]
      R 5  buy $ 22,429.68   sel     $28,900.00   [strat=reciprocal_fairness_keeper]
      R 6  buy $ 10,142.38   sel     $28,900.00   [strat=reciprocal_fairness_keeper]
      R 7  buy $ 17,136.55   sel     $28,500.00   [strat=reciprocal_fairness_keeper]
      R 8  buy $ 23,906.57   sel     $27,800.00   [strat=reciprocal_fairness_keeper]
      R 9  buy $ 21,481.32   sel     $27,500.00   [strat=reciprocal_fairness_keeper]
      R10  buy $  4,352.87   sel     $27,500.00   [strat=reciprocal_fairness_keeper]
      R11  buy $ 10,065.62   sel     $27,000.00   [strat=reciprocal_fairness_keeper]
      R12  buy $  9,194.52   sel     $27,000.00   [strat=reciprocal_fairness_keeper]
      R13  buy $  4,478.14   sel     $27,500.00   [strat=reciprocal_fairness_keeper]
      R14  buy $ 12,327.82   sel     $26,500.00   [strat=reciprocal_fairness_keeper]
      R15  buy $ 12,226.19   sel     $26,000.00   [strat=reciprocal_fairness_keeper]
      R16  buy $  6,329.49   sel     $26,000.00   [strat=reciprocal_fairness_keeper]
   run 26 done in 7.3 min

   run 27/30 on 2014 Mercedes-Benz S550  seed=20560446
      R 1  buy $  5,500.18   sel     $24,000.00   [strat=reciprocal_fairness_keeper] *
      R 2  buy $ 16,154.86   sel     $22,000.00   [strat=reciprocal_fairness_keeper]
      R 3  buy $    446.05   sel     $21,500.00   [strat=reciprocal_fairness_keeper]
      R 4  buy $ 11,731.73   sel     $21,000.00   [strat=reciprocal_fairness_keeper]
      R 5  buy $  2,329.03   sel     $20,500.00   [strat=reciprocal_fairness_keeper]
      R 6  buy $ 14,315.78   sel     $20,000.00   [strat=reciprocal_fairness_keeper]
      R 7  buy $  5,953.51   sel     $19,900.00   [strat=reciprocal_fairness_keeper]
      R 8  buy $  4,093.12   sel     $19,800.00   [strat=reciprocal_fairness_keeper]
      R 9  buy $ 12,642.22   sel     $19,600.00   [strat=reciprocal_fairness_keeper]
      R10  buy $  1,446.35   sel     $19,500.00   [strat=reciprocal_fairness_keeper]
      R11  buy $  3,870.48   sel     $19,400.00   [strat=reciprocal_fairness_keeper]
      R12  buy $ 14,107.16   sel     $19,300.00   [strat=reciprocal_fairness_keeper]
      R13  buy $ 18,605.07   sel     $19,200.00   [strat=reciprocal_fairness_keeper]
      R14  buy $ 13,676.80   sel     $19,100.00   [strat=reciprocal_fairness_keeper]
      R15  buy $ 14,497.81   sel     $19,000.00   [strat=reciprocal_fairness_keeper]
      R16  buy $  9,473.98   sel     $19,000.00   [strat=reciprocal_fairness_keeper]
   run 27 done in 6.0 min

   run 28/30 on 2014 Mercedes-Benz S550  seed=20560447
      R 1  buy $ 42,888.26   sel     $49,999.99   [strat=reciprocal_fairness_keeper] *
      R 2  buy $ 30,563.59   sel     $49,999.00   [strat=reciprocal_fairness_keeper]
      R 3  buy $ 42,644.18   sel     $48,500.00   [strat=reciprocal_fairness_keeper]
      R 4  buy $ 31,034.38   sel     $47,500.00   [strat=reciprocal_fairness_keeper]
      R 5  buy $ 36,248.81   sel     $45,000.00   [strat=reciprocal_fairness_keeper]
      R 6  buy $ 24,896.95   sel     $43,500.00   [strat=reciprocal_fairness_keeper]
      R 7  buy $ 37,326.75   sel     $42,000.00   [strat=reciprocal_fairness_keeper]
      R 8  buy $ 24,531.63   sel     $41,000.00   [strat=reciprocal_fairness_keeper]
      R 9  buy $ 37,427.93   sel     $39,500.00   [strat=reciprocal_fairness_keeper]
      R10  buy $ 27,433.43   sel     $38,500.00   [strat=reciprocal_fairness_keeper]
      R11  buy $  3,538.00   sel     $38,000.00   [strat=reciprocal_fairness_keeper]
      R12  buy $ 29,812.48   sel     $37,500.00   [strat=reciprocal_fairness_keeper]
      R13  buy $  9,804.87   sel     $37,500.00   [strat=reciprocal_fairness_keeper]
      R14  buy $  7,203.79   sel     $37,500.00   [strat=reciprocal_fairness_keeper]
      R15  buy $ 13,340.17   sel     $36,000.00   [strat=reciprocal_fairness_keeper]
      R16  buy $ 15,204.41   sel     $35,000.00   [strat=reciprocal_fairness_keeper]
   run 28 done in 6.8 min

   run 29/30 on 2014 Mercedes-Benz S550  seed=20560448
      R 1  buy $ 84,568.09   sel     $94,500.00   [strat=reciprocal_fairness_keeper] *
      R 2  buy $ 31,320.15   sel     $92,000.00   [strat=reciprocal_fairness_keeper]
      R 3  buy $ 88,358.50   sel     $90,500.00   [strat=reciprocal_fairness_keeper]
      R 4  buy $ 13,143.39   sel     $90,500.00   [strat=reciprocal_fairness_keeper]
      R 5  buy $ 36,440.77   sel     $89,000.00   [strat=reciprocal_fairness_keeper]
      R 6  buy $ 26,907.41   sel     $88,000.00   [strat=reciprocal_fairness_keeper]
      R 7  buy $ 42,214.81   sel     $88,000.00   [strat=reciprocal_fairness_keeper]
      R 8  buy $ 49,216.39   sel     $88,000.00   [strat=reciprocal_fairness_keeper]
      R 9  buy $ 40,392.75   sel     $88,000.00   [strat=reciprocal_fairness_keeper]
      R10  buy $ 73,780.24   sel     $87,500.00   [strat=reciprocal_fairness_keeper]
      R11  buy $ 33,463.80   sel     $87,000.00   [strat=reciprocal_fairness_keeper]
      R12  buy $ 45,912.39   sel     $86,500.00   [strat=reciprocal_fairness_keeper]
      R13  buy $  3,056.63   sel     $86,500.00   [strat=reciprocal_fairness_keeper]
      R14  buy $ 15,735.20   sel     $86,500.00   [strat=reciprocal_fairness_keeper]
      R15  buy $ 16,554.15   sel     $86,500.00   [strat=reciprocal_fairness_keeper]
      R16  buy $ 23,998.41   sel     $86,500.00   [strat=reciprocal_fairness_keeper]
   run 29 done in 5.8 min

   run 30/30 on 2014 Mercedes-Benz S550  seed=20560449
      R 1  buy $ 17,672.63   sel     $24,500.00   [strat=reciprocal_fairness_keeper] *
      R 2  buy $  6,776.64   sel     $24,000.00   [strat=reciprocal_fairness_keeper]
      R 3  buy $ 14,851.68   sel     $23,500.00   [strat=reciprocal_fairness_keeper]
      R 4  buy $ 10,971.03   sel     $23,000.00   [strat=reciprocal_fairness_keeper]
      R 5  buy $ 21,466.31   sel     $22,500.00   [strat=reciprocal_fairness_keeper]
      R 6  buy $  3,430.01   sel     $22,500.00   [strat=reciprocal_fairness_keeper]
      R 7  buy $  2,924.54   sel     $22,500.00   [strat=reciprocal_fairness_keeper]
      R 8  buy $  8,450.82   sel     $22,000.00   [strat=reciprocal_fairness_keeper]
      R 9  buy $ 14,879.56   sel     $20,500.00   [strat=reciprocal_fairness_keeper]
      R10  buy $  5,375.06   sel     $20,500.00   [strat=reciprocal_fairness_keeper]
      R11  buy $  5,114.79   sel     $20,000.00   [strat=reciprocal_fairness_keeper]
      R12  buy $  1,251.69   sel     $19,500.00   [strat=reciprocal_fairness_keeper]
      R13  buy $  2,785.33   sel     $19,250.00   [strat=reciprocal_fairness_keeper]
      R14  buy $ 11,690.89   sel     $19,000.00   [strat=reciprocal_fairness_keeper]
      R15  buy $ 17,235.06   sel     $18,500.00   [strat=reciprocal_fairness_keeper]
      R16  buy $ 12,952.07   sel     $18,250.00   [strat=reciprocal_fairness_keeper]
   run 30 done in 6.3 min

   ---> checkpoint: car 1/5 done in 171.3 min; total so far 171.3 min; saved 30 runs to exp03_fixed_reciprocal_fairness_keeper.json

--- CAR 2/5: 2016 Cadillac CTS 3.6 Luxury  (M=$45,000.00  cost=$15,750.00  cost/M=35.00%) ---

   run 1/30 on 2016 Cadillac CTS 3.6 Luxury  seed=20561420
      R 1  buy $ 29,280.78   sel     $34,995.00   [strat=reciprocal_fairness_keeper] *
      R 2  buy $ 11,964.79   sel     $33,500.00   [strat=reciprocal_fairness_keeper]
      R 3  buy $ 29,882.62   sel     $31,500.00   [strat=reciprocal_fairness_keeper]
      R 4  buy $ 26,547.34   sel     $30,500.00   [strat=reciprocal_fairness_keeper]
      R 5  buy $ 21,281.32   sel     $29,500.00   [strat=reciprocal_fairness_keeper]
      R 6  buy $ 12,453.32   sel     $27,500.00   [strat=reciprocal_fairness_keeper]
      R 7  buy $  7,914.99   sel     $27,500.00   [strat=reciprocal_fairness_keeper]
      R 8  buy $ 25,109.21   sel     $26,500.00   [strat=reciprocal_fairness_keeper]
      R 9  buy $ 25,009.30   sel     $26,000.00   [strat=reciprocal_fairness_keeper]
      R10  buy $ 10,593.32   sel     $25,500.00   [strat=reciprocal_fairness_keeper]
      R11  buy $ 15,848.00   sel     $23,000.00   [strat=reciprocal_fairness_keeper]
      R12  buy $ 21,901.42   sel     $22,500.00   [strat=reciprocal_fairness_keeper]
      R13  buy $  4,789.91   sel     $22,500.00   [strat=reciprocal_fairness_keeper]
      R14  buy $ 12,122.23   sel     $22,500.00   [strat=reciprocal_fairness_keeper]
      R15  buy $ 16,018.25   sel     $16,250.00   [strat=reciprocal_fairness_keeper]
      R16  buy $ 13,059.96   sel     $16,250.00   [strat=reciprocal_fairness_keeper]
   run 1 done in 7.1 min

   run 2/30 on 2016 Cadillac CTS 3.6 Luxury  seed=20561421
      R 1  buy $ 39,371.03   sel     $43,750.00   [strat=reciprocal_fairness_keeper] *
      R 2  buy $    808.28   sel     $42,500.00   [strat=reciprocal_fairness_keeper]
      R 3  buy $ 22,322.37   sel     $41,500.00   [strat=reciprocal_fairness_keeper]
      R 4  buy $ 14,789.39   sel     $41,000.00   [strat=reciprocal_fairness_keeper]
      R 5  buy $ 30,992.11   sel     $30,992.11   [strat=reciprocal_fairness_keeper]
      R 6  buy $ 10,819.45   sel     $41,000.00   [strat=reciprocal_fairness_keeper]
      R 7  buy $ 34,027.36   sel     $34,027.36   [strat=reciprocal_fairness_keeper]
      R 8  buy $ 25,200.37   sel     $39,000.00   [strat=reciprocal_fairness_keeper]
      R 9  buy $ 35,362.84   sel     $37,000.00   [strat=reciprocal_fairness_keeper]
      R10  buy $ 35,959.62   sel     $36,500.00   [strat=reciprocal_fairness_keeper]
      R11  buy $  2,129.94   sel     $40,000.00   [strat=reciprocal_fairness_keeper]
      R12  buy $  3,468.34   sel     $40,500.00   [strat=reciprocal_fairness_keeper]
      R13  buy $ 10,540.96   sel     $40,000.00   [strat=reciprocal_fairness_keeper]
      R14  buy $ 11,355.71   sel     $40,000.00   [strat=reciprocal_fairness_keeper]
      R15  buy $  9,783.74   sel     $40,000.00   [strat=reciprocal_fairness_keeper]
      R16  buy $ 25,322.75   sel     $38,000.00   [strat=reciprocal_fairness_keeper]
   run 2 done in 5.5 min

   run 3/30 on 2016 Cadillac CTS 3.6 Luxury  seed=20561422
      R 1  buy $ 44,282.82   sel     $45,500.00   [strat=reciprocal_fairness_keeper] *
      R 2  buy $ 16,324.66   sel     $42,500.00   [strat=reciprocal_fairness_keeper]
      R 3  buy $ 27,637.85   sel     $40,000.00   [strat=reciprocal_fairness_keeper]
      R 4  buy $ 32,146.55   sel     $38,000.00   [strat=reciprocal_fairness_keeper]
      R 5  buy $ 34,915.81   sel     $36,500.00   [strat=reciprocal_fairness_keeper]
      R 6  buy $ 35,519.00   sel     $36,200.00   [strat=reciprocal_fairness_keeper]
      R 7  buy $  5,720.59   sel     $36,200.00   [strat=reciprocal_fairness_keeper]
      R 8  buy $  4,175.26   sel     $36,200.00   [strat=reciprocal_fairness_keeper]
      R 9  buy $ 18,963.24   sel     $36,200.00   [strat=reciprocal_fairness_keeper]
      R10  buy $ 34,868.03   sel     $35,500.00   [strat=reciprocal_fairness_keeper]
      R11  buy $ 31,641.29   sel     $35,000.00   [strat=reciprocal_fairness_keeper]
      R12  buy $ 30,778.59   sel     $34,500.00   [strat=reciprocal_fairness_keeper]
      R13  buy $ 11,570.86   sel     $34,500.00   [strat=reciprocal_fairness_keeper]
      R14  buy $ 32,054.53   sel     $33,500.00   [strat=reciprocal_fairness_keeper]
      R15  buy $ 11,311.51   sel     $33,000.00   [strat=reciprocal_fairness_keeper]
      R16  buy $ 28,460.88   sel     $32,000.00   [strat=reciprocal_fairness_keeper]
   run 3 done in 9.7 min

   run 4/30 on 2016 Cadillac CTS 3.6 Luxury  seed=20561423
      R 1  buy $  6,160.76   sel     $27,995.00   [strat=reciprocal_fairness_keeper] *
      R 2  buy $  2,247.59   sel     $27,995.00   [strat=reciprocal_fairness_keeper]
      R 3  buy $  2,349.65   sel     $26,500.00   [strat=reciprocal_fairness_keeper]
      R 4  buy $  1,858.38   sel     $26,500.00   [strat=reciprocal_fairness_keeper]
      R 5  buy $  6,946.53   sel     $26,500.00   [strat=reciprocal_fairness_keeper]
      R 6  buy $ 21,548.05   sel     $24,995.00   [strat=reciprocal_fairness_keeper]
      R 7  buy $ 20,097.78   sel     $24,500.00   [strat=reciprocal_fairness_keeper]
      R 8  buy $ 23,521.14   sel     $24,000.00   [strat=reciprocal_fairness_keeper]
      R 9  buy $  7,850.33   sel     $24,500.00   [strat=reciprocal_fairness_keeper]
      R10  buy $  2,131.55   sel     $24,500.00   [strat=reciprocal_fairness_keeper]
      R11  buy $  3,646.04   sel     $24,500.00   [strat=reciprocal_fairness_keeper]
      R12  buy $    430.92   sel     $24,500.00   [strat=reciprocal_fairness_keeper]
      R13  buy $  1,039.27   sel     $24,500.00   [strat=reciprocal_fairness_keeper]
      R14  buy $ 20,011.74   sel     $23,000.00   [strat=reciprocal_fairness_keeper]
      R15  buy $ 13,317.41   sel     $22,000.00   [strat=reciprocal_fairness_keeper]
      R16  buy $ 20,148.53   sel     $21,000.00   [strat=reciprocal_fairness_keeper]
   run 4 done in 7.2 min

   run 5/30 on 2016 Cadillac CTS 3.6 Luxury  seed=20561424
      R 1  buy $ 13,161.14   sel     $18,495.00   [strat=reciprocal_fairness_keeper] *
      R 2  buy $ 11,869.68   sel     $17,500.00   [strat=reciprocal_fairness_keeper]
      R 3  buy $  8,063.37   sel     $17,250.00   [strat=reciprocal_fairness_keeper]
      R 4  buy $  3,239.15   sel     $17,000.00   [strat=reciprocal_fairness_keeper]
      R 5  buy $  3,931.22   sel     $16,500.00   [strat=reciprocal_fairness_keeper]
      R 6  buy $  1,037.02   sel     $16,000.00   [strat=reciprocal_fairness_keeper]
      R 7  buy $  4,914.90   sel     $16,000.00   [strat=reciprocal_fairness_keeper]
      R 8  buy $ 12,776.99   sel     $15,800.00   [strat=reciprocal_fairness_keeper]
      R 9  buy $ 14,914.96   sel     $15,600.00   [strat=reciprocal_fairness_keeper]
      R10  buy $  6,447.59   sel     $15,800.00   [strat=reciprocal_fairness_keeper]
      R11  buy $ 15,703.16   sel     $15,750.00   [strat=reciprocal_fairness_keeper]
      R12  buy $  3,083.51   sel     $15,750.00   [strat=reciprocal_fairness_keeper]
      R13  buy $ 13,905.56   sel     $15,650.00   [strat=reciprocal_fairness_keeper]
      R14  buy $  9,207.11   sel     $15,600.00   [strat=reciprocal_fairness_keeper]
      R15  buy $ 15,054.25   sel     $15,900.00   [strat=reciprocal_fairness_keeper]
      R16  buy $    717.31   sel     $15,900.00   [strat=reciprocal_fairness_keeper]
   run 5 done in 9.0 min

   run 6/30 on 2016 Cadillac CTS 3.6 Luxury  seed=20561425
      R 1  buy $ 15,568.72   sel     $16,200.00   [strat=reciprocal_fairness_keeper] *
      R 2  buy $ 15,976.89   sel     $16,100.00   [strat=reciprocal_fairness_keeper]
      R 3  buy $  8,843.09   sel     $16,100.00   [strat=reciprocal_fairness_keeper]
      R 4  buy $ 15,243.10   sel     $15,900.00   [strat=reciprocal_fairness_keeper]
      R 5  buy $  3,042.53   sel     $15,850.00   [strat=reciprocal_fairness_keeper]
      R 6  buy $  6,066.63   sel     $15,850.00   [strat=reciprocal_fairness_keeper]
      R 7  buy $  8,636.88   sel     $15,850.00   [strat=reciprocal_fairness_keeper]
      R 8  buy $  8,108.37   sel     $15,850.00   [strat=reciprocal_fairness_keeper]
      R 9  buy $  5,032.79   sel     $15,850.00   [strat=reciprocal_fairness_keeper]
      R10  buy $ 14,990.09   sel     $15,800.00   [strat=reciprocal_fairness_keeper]
      R11  buy $ 15,162.91   sel     $15,700.00   [strat=reciprocal_fairness_keeper]
      R12  buy $  2,673.95   sel     $15,700.00   [strat=reciprocal_fairness_keeper]
      R13  buy $  2,765.20   sel     $15,750.00   [strat=reciprocal_fairness_keeper]
      R14  buy $  7,925.57   sel     $15,750.00   [strat=reciprocal_fairness_keeper]
      R15  buy $ 15,748.81   sel     $15,755.00   [strat=reciprocal_fairness_keeper]
      R16  buy $ 14,189.46   sel     $15,800.00   [strat=reciprocal_fairness_keeper]
   run 6 done in 5.8 min

   run 7/30 on 2016 Cadillac CTS 3.6 Luxury  seed=20561426
      R 1  buy $ 28,568.47   sel     $37,995.00   [strat=reciprocal_fairness_keeper] *
      R 2  buy $  3,669.33   sel     $37,500.00   [strat=reciprocal_fairness_keeper]
      R 3  buy $ 33,013.49   sel     $36,000.00   [strat=reciprocal_fairness_keeper]
      R 4  buy $  4,756.28   sel     $34,500.00   [strat=reciprocal_fairness_keeper]
      R 5  buy $ 34,000.56   sel     $34,250.00   [strat=reciprocal_fairness_keeper]
      R 6  buy $  5,135.77   sel     $34,250.00   [strat=reciprocal_fairness_keeper]
      R 7  buy $ 17,370.15   sel     $33,500.00   [strat=reciprocal_fairness_keeper]
      R 8  buy $  8,388.17   sel     $33,000.00   [strat=reciprocal_fairness_keeper]
      R 9  buy $ 24,354.72   sel     $32,000.00   [strat=reciprocal_fairness_keeper]
      R10  buy $ 15,549.16   sel     $31,500.00   [strat=reciprocal_fairness_keeper]
      R11  buy $ 22,289.43   sel     $29,500.00   [strat=reciprocal_fairness_keeper]
      R12  buy $ 18,658.63   sel     $28,500.00   [strat=reciprocal_fairness_keeper]
      R13  buy $ 24,409.63   sel     $27,900.00   [strat=reciprocal_fairness_keeper]
      R14  buy $ 11,961.47   sel     $27,500.00   [strat=reciprocal_fairness_keeper]
      R15  buy $ 11,222.36   sel     $27,500.00   [strat=reciprocal_fairness_keeper]
      R16  buy $ 23,318.55   sel     $27,000.00   [strat=reciprocal_fairness_keeper]
   run 7 done in 6.3 min

   run 8/30 on 2016 Cadillac CTS 3.6 Luxury  seed=20561427
      R 1  buy $ 40,644.30   sel     $44,500.00   [strat=reciprocal_fairness_keeper] *
      R 2  buy $  4,269.88   sel     $43,500.00   [strat=reciprocal_fairness_keeper]
      R 3  buy $ 11,183.92   sel     $42,000.00   [strat=reciprocal_fairness_keeper]
      R 4  buy $ 37,701.09   sel     $39,850.00   [strat=reciprocal_fairness_keeper]
      R 5  buy $ 33,180.89   sel     $38,500.00   [strat=reciprocal_fairness_keeper]
      R 6  buy $  9,279.57   sel     $38,000.00   [strat=reciprocal_fairness_keeper]
      R 7  buy $ 35,327.28   sel     $37,000.00   [strat=reciprocal_fairness_keeper]
      R 8  buy $ 12,717.01   sel     $37,000.00   [strat=reciprocal_fairness_keeper]
      R 9  buy $ 11,763.10   sel     $37,000.00   [strat=reciprocal_fairness_keeper]
      R10  buy $ 18,645.04   sel     $36,000.00   [strat=reciprocal_fairness_keeper]
      R11  buy $ 22,148.54   sel     $36,000.00   [strat=reciprocal_fairness_keeper]
      R12  buy $ 20,366.21   sel     $35,500.00   [strat=reciprocal_fairness_keeper]
      R13  buy $  3,208.06   sel     $35,000.00   [strat=reciprocal_fairness_keeper]
      R14  buy $ 24,840.58   sel     $33,500.00   [strat=reciprocal_fairness_keeper]
      R15  buy $ 24,319.81   sel     $32,000.00   [strat=reciprocal_fairness_keeper]
      R16  buy $  2,245.18   sel     $32,000.00   [strat=reciprocal_fairness_keeper]
   run 8 done in 6.2 min

   run 9/30 on 2016 Cadillac CTS 3.6 Luxury  seed=20561428
      R 1  buy $ 42,055.47   sel     $44,000.00   [strat=reciprocal_fairness_keeper] *
      R 2  buy $ 29,530.77   sel     $43,000.00   [strat=reciprocal_fairness_keeper]
      R 3  buy $  8,146.71   sel     $42,500.00   [strat=reciprocal_fairness_keeper]
      R 4  buy $ 30,829.71   sel     $41,500.00   [strat=reciprocal_fairness_keeper]
      R 5  buy $ 31,841.38   sel     $40,000.00   [strat=reciprocal_fairness_keeper]
      R 6  buy $  7,793.00   sel     $40,000.00   [strat=reciprocal_fairness_keeper]
      R 7  buy $ 32,692.97   sel     $38,000.00   [strat=reciprocal_fairness_keeper]
      R 8  buy $ 12,397.62   sel     $37,500.00   [strat=reciprocal_fairness_keeper]
      R 9  buy $ 17,309.37   sel     $36,000.00   [strat=reciprocal_fairness_keeper]
      R10  buy $ 33,178.33   sel     $34,500.00   [strat=reciprocal_fairness_keeper]
      R11  buy $ 18,558.26   sel     $34,000.00   [strat=reciprocal_fairness_keeper]
      R12  buy $ 19,364.45   sel     $33,500.00   [strat=reciprocal_fairness_keeper]
      R13  buy $  7,827.48   sel     $33,000.00   [strat=reciprocal_fairness_keeper]
      R14  buy $  9,965.66   sel     $32,750.00   [strat=reciprocal_fairness_keeper]
      R15  buy $ 10,648.96   sel     $32,500.00   [strat=reciprocal_fairness_keeper]
      R16  buy $ 19,684.61   sel     $32,000.00   [strat=reciprocal_fairness_keeper]
   run 9 done in 5.5 min

   run 10/30 on 2016 Cadillac CTS 3.6 Luxury  seed=20561429
      R 1  buy $ 20,921.61   sel     $25,500.00   [strat=reciprocal_fairness_keeper] *
      R 2  buy $  9,439.06   sel     $24,000.00   [strat=reciprocal_fairness_keeper]
      R 3  buy $  6,679.29   sel     $24,000.00   [strat=reciprocal_fairness_keeper]
      R 4  buy $  4,710.17   sel     $24,000.00   [strat=reciprocal_fairness_keeper]
      R 5  buy $ 18,838.80   sel     $22,500.00   [strat=reciprocal_fairness_keeper]
      R 6  buy $ 15,692.61   sel     $22,000.00   [strat=reciprocal_fairness_keeper]
      R 7  buy $    511.10   sel     $21,500.00   [strat=reciprocal_fairness_keeper]
      R 8  buy $  2,358.69   sel     $21,000.00   [strat=reciprocal_fairness_keeper]
      R 9  buy $    254.21   sel     $21,000.00   [strat=reciprocal_fairness_keeper]
      R10  buy $  7,517.68   sel     $21,000.00   [strat=reciprocal_fairness_keeper]
      R11  buy $  9,069.60   sel     $20,500.00   [strat=reciprocal_fairness_keeper]
      R12  buy $ 19,831.69   sel     $20,250.00   [strat=reciprocal_fairness_keeper]
      R13  buy $  3,038.62   sel     $20,000.00   [strat=reciprocal_fairness_keeper]
      R14  buy $ 16,614.32   sel     $19,500.00   [strat=reciprocal_fairness_keeper]
      R15  buy $  9,982.33   sel     $19,250.00   [strat=reciprocal_fairness_keeper]
      R16  buy $ 12,905.79   sel     $18,500.00   [strat=reciprocal_fairness_keeper]
   run 10 done in 5.8 min

   run 11/30 on 2016 Cadillac CTS 3.6 Luxury  seed=20561430
      R 1  buy $  9,920.73   sel     $28,500.00   [strat=reciprocal_fairness_keeper] *
      R 2  buy $  2,652.96   sel     $27,500.00   [strat=reciprocal_fairness_keeper]
      R 3  buy $ 22,330.15   sel     $25,900.00   [strat=reciprocal_fairness_keeper]
      R 4  buy $ 18,123.03   sel     $24,500.00   [strat=reciprocal_fairness_keeper]
      R 5  buy $ 15,980.73   sel     $23,500.00   [strat=reciprocal_fairness_keeper]
      R 6  buy $ 10,967.03   sel     $22,500.00   [strat=reciprocal_fairness_keeper]
      R 7  buy $  9,076.56   sel     $22,500.00   [strat=reciprocal_fairness_keeper]
      R 8  buy $ 19,972.01   sel     $21,200.00   [strat=reciprocal_fairness_keeper]
      R 9  buy $  8,381.69   sel     $21,200.00   [strat=reciprocal_fairness_keeper]
      R10  buy $ 16,470.27   sel     $18,900.00   [strat=reciprocal_fairness_keeper]
      R11  buy $ 16,738.82   sel     $18,400.00   [strat=reciprocal_fairness_keeper]
      R12  buy $ 10,464.04   sel     $18,400.00   [strat=reciprocal_fairness_keeper]
      R13  buy $  6,571.27   sel     $18,400.00   [strat=reciprocal_fairness_keeper]
      R14  buy $  9,888.14   sel     $18,000.00   [strat=reciprocal_fairness_keeper]
      R15  buy $  9,365.91   sel     $17,500.00   [strat=reciprocal_fairness_keeper]
      R16  buy $  4,757.61   sel     $17,000.00   [strat=reciprocal_fairness_keeper]
   run 11 done in 5.3 min

   run 12/30 on 2016 Cadillac CTS 3.6 Luxury  seed=20561431
      R 1  buy $ 22,688.76   sel     $25,500.00   [strat=reciprocal_fairness_keeper] *
      R 2  buy $  1,005.00   sel     $25,000.00   [strat=reciprocal_fairness_keeper]
      R 3  buy $ 13,272.85   sel     $24,500.00   [strat=reciprocal_fairness_keeper]
      R 4  buy $ 21,703.67   sel     $24,000.00   [strat=reciprocal_fairness_keeper]
      R 5  buy $ 18,850.83   sel     $23,500.00   [strat=reciprocal_fairness_keeper]
      R 6  buy $  7,207.72   sel     $23,500.00   [strat=reciprocal_fairness_keeper]
      R 7  buy $ 18,344.78   sel     $23,000.00   [strat=reciprocal_fairness_keeper]
      R 8  buy $ 15,514.94   sel     $22,500.00   [strat=reciprocal_fairness_keeper]
      R 9  buy $  3,777.12   sel     $22,000.00   [strat=reciprocal_fairness_keeper]
      R10  buy $  3,164.59   sel     $22,000.00   [strat=reciprocal_fairness_keeper]
      R11  buy $  4,103.45   sel     $22,000.00   [strat=reciprocal_fairness_keeper]
      R12  buy $ 20,826.77   sel     $21,400.00   [strat=reciprocal_fairness_keeper]
      R13  buy $ 15,100.85   sel     $21,000.00   [strat=reciprocal_fairness_keeper]
      R14  buy $ 10,406.45   sel     $20,500.00   [strat=reciprocal_fairness_keeper]
      R15  buy $  4,822.73   sel     $20,000.00   [strat=reciprocal_fairness_keeper]
      R16  buy $  6,056.41   sel     $20,000.00   [strat=reciprocal_fairness_keeper]
   run 12 done in 5.1 min

   run 13/30 on 2016 Cadillac CTS 3.6 Luxury  seed=20561432
      R 1  buy $ 23,833.06   sel     $24,999.99   [strat=reciprocal_fairness_keeper] *
      R 2  buy $ 19,927.52   sel     $24,500.00   [strat=reciprocal_fairness_keeper]
      R 3  buy $ 12,005.06   sel     $24,500.00   [strat=reciprocal_fairness_keeper]
      R 4  buy $ 19,858.21   sel     $24,000.00   [strat=reciprocal_fairness_keeper]
      R 5  buy $ 12,183.60   sel     $24,000.00   [strat=reciprocal_fairness_keeper]
      R 6  buy $ 14,593.43   sel     $22,500.00   [strat=reciprocal_fairness_keeper]
      R 7  buy $ 17,571.05   sel     $20,000.00   [strat=reciprocal_fairness_keeper]
      R 8  buy $    824.66   sel     $20,000.00   [strat=reciprocal_fairness_keeper]
      R 9  buy $ 12,109.62   sel     $20,000.00   [strat=reciprocal_fairness_keeper]
      R10  buy $ 11,308.25   sel     $20,000.00   [strat=reciprocal_fairness_keeper]
      R11  buy $  8,752.11   sel     $20,000.00   [strat=reciprocal_fairness_keeper]
      R12  buy $ 11,056.71   sel     $19,000.00   [strat=reciprocal_fairness_keeper]
      R13  buy $  7,810.54   sel     $18,500.00   [strat=reciprocal_fairness_keeper]
      R14  buy $    552.08   sel     $18,000.00   [strat=reciprocal_fairness_keeper]
      R15  buy $  2,763.95   sel     $18,000.00   [strat=reciprocal_fairness_keeper]
      R16  buy $  1,943.03   sel     $18,000.00   [strat=reciprocal_fairness_keeper]
   run 13 done in 6.1 min

   run 14/30 on 2016 Cadillac CTS 3.6 Luxury  seed=20561433
      R 1  buy $  5,129.18   sel     $28,500.00   [strat=reciprocal_fairness_keeper] *
      R 2  buy $ 22,361.04   sel     $27,000.00   [strat=reciprocal_fairness_keeper]
      R 3  buy $  8,634.43   sel     $26,500.00   [strat=reciprocal_fairness_keeper]
      R 4  buy $  9,215.55   sel     $26,000.00   [strat=reciprocal_fairness_keeper]
      R 5  buy $ 19,557.93   sel     $24,500.00   [strat=reciprocal_fairness_keeper]
      R 6  buy $ 17,164.99   sel     $23,900.00   [strat=reciprocal_fairness_keeper]
      R 7  buy $  4,823.67   sel     $23,500.00   [strat=reciprocal_fairness_keeper]
      R 8  buy $  6,656.57   sel     $23,000.00   [strat=reciprocal_fairness_keeper]
      R 9  buy $ 15,694.50   sel     $15,995.00   [strat=reciprocal_fairness_keeper]
      R10  buy $  1,396.46   sel     $15,795.00   [strat=reciprocal_fairness_keeper]
      R11  buy $  1,303.93   sel     $15,795.00   [strat=reciprocal_fairness_keeper]
      R12  buy $  7,646.61   sel     $15,790.00   [strat=reciprocal_fairness_keeper]
      R13  buy $  8,446.36   sel     $15,790.00   [strat=reciprocal_fairness_keeper]
      R14  buy $  9,828.32   sel     $15,790.00   [strat=reciprocal_fairness_keeper]
      R15  buy $ 10,431.04   sel     $15,790.00   [strat=reciprocal_fairness_keeper]
      R16  buy $  4,671.70   sel     $15,785.00   [strat=reciprocal_fairness_keeper]
   run 14 done in 6.0 min

   run 15/30 on 2016 Cadillac CTS 3.6 Luxury  seed=20561434
      R 1  buy $ 14,636.39   sel     $17,500.00   [strat=reciprocal_fairness_keeper] *
      R 2  buy $  1,384.76   sel     $17,500.00   [strat=reciprocal_fairness_keeper]
      R 3  buy $ 16,784.07   sel     $17,000.00   [strat=reciprocal_fairness_keeper]
      R 4  buy $  1,868.60   sel     $16,900.00   [strat=reciprocal_fairness_keeper]
      R 5  buy $    845.64   sel     $16,850.00   [strat=reciprocal_fairness_keeper]
      R 6  buy $  5,769.12   sel     $16,850.00   [strat=reciprocal_fairness_keeper]
      R 7  buy $  2,325.30   sel     $16,850.00   [strat=reciprocal_fairness_keeper]
      R 8  buy $  9,733.50   sel     $16,850.00   [strat=reciprocal_fairness_keeper]
      R 9  buy $ 12,659.33   sel     $16,850.00   [strat=reciprocal_fairness_keeper]
      R10  buy $  1,354.61   sel     $16,850.00   [strat=reciprocal_fairness_keeper]
      R11  buy $ 11,396.09   sel     $16,850.00   [strat=reciprocal_fairness_keeper]
      R12  buy $ 11,424.59   sel     $16,850.00   [strat=reciprocal_fairness_keeper]
      R13  buy $  4,120.48   sel     $16,850.00   [strat=reciprocal_fairness_keeper]
      R14  buy $ 15,378.18   sel     $16,500.00   [strat=reciprocal_fairness_keeper]
      R15  buy $ 11,919.96   sel     $16,250.00   [strat=reciprocal_fairness_keeper]
      R16  buy $ 14,386.35   sel     $15,900.00   [strat=reciprocal_fairness_keeper]
   run 15 done in 4.8 min

   run 16/30 on 2016 Cadillac CTS 3.6 Luxury  seed=20561435
      R 1  buy $ 15,252.86   sel     $19,995.00   [strat=reciprocal_fairness_keeper] *
      R 2  buy $  9,945.02   sel     $19,995.00   [strat=reciprocal_fairness_keeper]
      R 3  buy $  9,826.37   sel     $19,450.00   [strat=reciprocal_fairness_keeper]
      R 4  buy $  2,563.42   sel     $18,995.00   [strat=reciprocal_fairness_keeper]
      R 5  buy $  5,883.86   sel     $18,750.00   [strat=reciprocal_fairness_keeper]
      R 6  buy $ 14,955.74   sel     $17,500.00   [strat=reciprocal_fairness_keeper]
      R 7  buy $ 10,978.97   sel     $16,995.00   [strat=reciprocal_fairness_keeper]
      R 8  buy $    969.90   sel     $16,900.00   [strat=reciprocal_fairness_keeper]
      R 9  buy $  9,928.24   sel     $16,800.00   [strat=reciprocal_fairness_keeper]
      R10  buy $ 15,901.32   sel     $16,200.00   [strat=reciprocal_fairness_keeper]
      R11  buy $ 15,366.95   sel     $15,950.00   [strat=reciprocal_fairness_keeper]
      R12  buy $  3,063.27   sel     $15,900.00   [strat=reciprocal_fairness_keeper]
      R13  buy $ 14,467.22   sel     $15,800.00   [strat=reciprocal_fairness_keeper]
      R14  buy $  5,307.94   sel     $15,790.00   [strat=reciprocal_fairness_keeper]
      R15  buy $  4,931.86   sel     $15,785.00   [strat=reciprocal_fairness_keeper]
      R16  buy $ 11,369.52   sel     $15,775.00   [strat=reciprocal_fairness_keeper]
   run 16 done in 8.3 min

   run 17/30 on 2016 Cadillac CTS 3.6 Luxury  seed=20561436
      R 1  buy $ 26,369.56   sel     $31,500.00   [strat=reciprocal_fairness_keeper] *
      R 2  buy $    375.84   sel     $30,000.00   [strat=reciprocal_fairness_keeper]
      R 3  buy $ 14,232.21   sel     $28,500.00   [strat=reciprocal_fairness_keeper]
      R 4  buy $ 13,991.20   sel     $27,000.00   [strat=reciprocal_fairness_keeper]
      R 5  buy $ 14,044.34   sel     $26,500.00   [strat=reciprocal_fairness_keeper]
      R 6  buy $ 14,222.58   sel     $25,500.00   [strat=reciprocal_fairness_keeper]
      R 7  buy $ 24,865.43   sel     $25,000.00   [strat=reciprocal_fairness_keeper]
      R 8  buy $ 18,218.73   sel     $24,750.00   [strat=reciprocal_fairness_keeper]
      R 9  buy $  5,241.22   sel     $24,750.00   [strat=reciprocal_fairness_keeper]
      R10  buy $ 16,486.49   sel     $22,500.00   [strat=reciprocal_fairness_keeper]
      R11  buy $ 17,239.58   sel     $21,500.00   [strat=reciprocal_fairness_keeper]
      R12  buy $ 17,915.42   sel     $20,500.00   [strat=reciprocal_fairness_keeper]
      R13  buy $  7,698.78   sel     $20,000.00   [strat=reciprocal_fairness_keeper]
      R14  buy $ 17,622.44   sel     $19,500.00   [strat=reciprocal_fairness_keeper]
      R15  buy $  9,624.49   sel     $18,500.00   [strat=reciprocal_fairness_keeper]
      R16  buy $  6,727.35   sel     $18,000.00   [strat=reciprocal_fairness_keeper]
   run 17 done in 7.6 min

   run 18/30 on 2016 Cadillac CTS 3.6 Luxury  seed=20561437
      R 1  buy $ 36,729.56   sel     $40,999.99   [strat=reciprocal_fairness_keeper] *
      R 2  buy $  3,503.36   sel     $40,500.00   [strat=reciprocal_fairness_keeper]
      R 3  buy $ 39,571.12   sel     $40,000.00   [strat=reciprocal_fairness_keeper]
      R 4  buy $ 35,853.31   sel     $39,900.00   [strat=reciprocal_fairness_keeper]
      R 5  buy $ 12,277.54   sel     $39,500.00   [strat=reciprocal_fairness_keeper]
      R 6  buy $  8,154.77   sel     $39,000.00   [strat=reciprocal_fairness_keeper]
      R 7  buy $ 18,586.71   sel     $38,000.00   [strat=reciprocal_fairness_keeper]
      R 8  buy $ 31,346.27   sel     $37,500.00   [strat=reciprocal_fairness_keeper]
      R 9  buy $ 13,571.12   sel     $37,000.00   [strat=reciprocal_fairness_keeper]
      R10  buy $ 13,102.03   sel     $36,500.00   [strat=reciprocal_fairness_keeper]
      R11  buy $ 22,678.15   sel     $36,000.00   [strat=reciprocal_fairness_keeper]
      R12  buy $  5,110.83   sel     $35,500.00   [strat=reciprocal_fairness_keeper]
      R13  buy $  2,343.27   sel     $35,000.00   [strat=reciprocal_fairness_keeper]
      R14  buy $  2,248.56   sel     $35,000.00   [strat=reciprocal_fairness_keeper]
      R15  buy $    170.22   sel     $34,500.00   [strat=reciprocal_fairness_keeper]
      R16  buy $ 33,151.22   sel     $33,500.00   [strat=reciprocal_fairness_keeper]
   run 18 done in 8.6 min

   run 19/30 on 2016 Cadillac CTS 3.6 Luxury  seed=20561438
      R 1  buy $ 26,908.85   sel     $31,995.00   [strat=reciprocal_fairness_keeper] *
      R 2  buy $ 24,799.30   sel     $31,995.00   [strat=reciprocal_fairness_keeper]
      R 3  buy $  9,498.17   sel     $29,995.00   [strat=reciprocal_fairness_keeper]
      R 4  buy $ 10,597.68   sel     $28,500.00   [strat=reciprocal_fairness_keeper]
      R 5  buy $ 16,226.87   sel     $25,500.00   [strat=reciprocal_fairness_keeper]
      R 6  buy $ 23,520.92   sel     $24,500.00   [strat=reciprocal_fairness_keeper]
      R 7  buy $ 19,214.39   sel     $23,999.00   [strat=reciprocal_fairness_keeper]
      R 8  buy $  3,038.60   sel     $23,999.00   [strat=reciprocal_fairness_keeper]
      R 9  buy $ 15,931.84   sel     $22,500.00   [strat=reciprocal_fairness_keeper]
      R10  buy $  9,966.45   sel     $22,000.00   [strat=reciprocal_fairness_keeper]
      R11  buy $  2,144.47   sel     $22,000.00   [strat=reciprocal_fairness_keeper]
      R12  buy $  1,057.85   sel     $22,000.00   [strat=reciprocal_fairness_keeper]
      R13  buy $  9,075.17   sel     $21,500.00   [strat=reciprocal_fairness_keeper]
      R14  buy $  5,421.33   sel     $21,250.00   [strat=reciprocal_fairness_keeper]
      R15  buy $    485.49   sel     $21,250.00   [strat=reciprocal_fairness_keeper]
      R16  buy $ 20,273.26   sel     $20,500.00   [strat=reciprocal_fairness_keeper]
   run 19 done in 7.4 min

   run 20/30 on 2016 Cadillac CTS 3.6 Luxury  seed=20561439
      R 1  buy $  5,618.75   sel     $25,000.00   [strat=reciprocal_fairness_keeper] *
      R 2  buy $ 24,580.29   sel     $24,200.00   [strat=reciprocal_fairness_keeper]
      R 3  buy $     37.28   sel     $24,000.00   [strat=reciprocal_fairness_keeper]
      R 4  buy $ 22,097.20   sel     $23,500.00   [strat=reciprocal_fairness_keeper]
      R 5  buy $ 18,577.97   sel     $21,000.00   [strat=reciprocal_fairness_keeper]
      R 6  buy $    434.80   sel     $20,500.00   [strat=reciprocal_fairness_keeper]
      R 7  buy $ 14,054.36   sel     $19,000.00   [strat=reciprocal_fairness_keeper]
      R 8  buy $ 15,074.37   sel     $17,500.00   [strat=reciprocal_fairness_keeper]
      R 9  buy $ 17,461.07   sel     $17,461.07   [strat=reciprocal_fairness_keeper]
      R10  buy $ 14,724.33   sel     $17,000.00   [strat=reciprocal_fairness_keeper]
      R11  buy $ 12,046.40   sel     $16,800.00   [strat=reciprocal_fairness_keeper]
      R12  buy $  4,654.17   sel     $16,500.00   [strat=reciprocal_fairness_keeper]
      R13  buy $ 12,352.28   sel     PARSE-FAIL   [strat=reciprocal_fairness_keeper]
      R14  buy $  4,126.34   sel     $16,200.00   [strat=reciprocal_fairness_keeper]
      R15  buy $  2,471.28   sel     $16,000.00   [strat=reciprocal_fairness_keeper]
      R16  buy $  6,993.51   sel     $15,800.00   [strat=reciprocal_fairness_keeper]
   run 20 done in 5.7 min

   run 21/30 on 2016 Cadillac CTS 3.6 Luxury  seed=20561440
      R 1  buy $ 36,884.12   sel     $41,995.00   [strat=reciprocal_fairness_keeper] *
      R 2  buy $ 38,023.25   sel     $40,995.00   [strat=reciprocal_fairness_keeper]
      R 3  buy $ 22,389.36   sel     $39,995.00   [strat=reciprocal_fairness_keeper]
      R 4  buy $ 10,629.36   sel     $39,995.00   [strat=reciprocal_fairness_keeper]
      R 5  buy $ 29,221.14   sel     $36,500.00   [strat=reciprocal_fairness_keeper]
      R 6  buy $  1,374.40   sel     $39,995.00   [strat=reciprocal_fairness_keeper]
      R 7  buy $  1,304.71   sel     $39,995.00   [strat=reciprocal_fairness_keeper]
      R 8  buy $  4,616.01   sel     $36,500.00   [strat=reciprocal_fairness_keeper]
      R 9  buy $ 16,210.32   sel     $34,995.00   [strat=reciprocal_fairness_keeper]
      R10  buy $    516.37   sel     $34,995.00   [strat=reciprocal_fairness_keeper]
      R11  buy $ 23,843.65   sel     $32,995.00   [strat=reciprocal_fairness_keeper]
      R12  buy $ 28,894.49   sel     $31,995.00   [strat=reciprocal_fairness_keeper]
      R13  buy $ 18,222.12   sel     $30,995.00   [strat=reciprocal_fairness_keeper]
      R14  buy $  3,656.53   sel     $31,995.00   [strat=reciprocal_fairness_keeper]
      R15  buy $  3,305.29   sel     $31,995.00   [strat=reciprocal_fairness_keeper]
      R16  buy $  3,840.01   sel     $31,995.00   [strat=reciprocal_fairness_keeper]
   run 21 done in 7.5 min

   run 22/30 on 2016 Cadillac CTS 3.6 Luxury  seed=20561441
      R 1  buy $ 12,823.09   sel     $16,500.00   [strat=reciprocal_fairness_keeper] *
      R 2  buy $    669.52   sel     $16,000.00   [strat=reciprocal_fairness_keeper]
      R 3  buy $  7,685.33   sel     $15,900.00   [strat=reciprocal_fairness_keeper]
      R 4  buy $ 14,154.54   sel     $15,800.00   [strat=reciprocal_fairness_keeper]
      R 5  buy $  6,230.66   sel     $15,700.00   [strat=reciprocal_fairness_keeper]
      R 6  buy $  9,431.78   sel     $15,700.00   [strat=reciprocal_fairness_keeper]
      R 7  buy $ 14,262.83   sel     $15,600.00   [strat=reciprocal_fairness_keeper]
      R 8  buy $ 12,555.28   sel     $15,600.00   [strat=reciprocal_fairness_keeper]
      R 9  buy $  9,841.59   sel     PARSE-FAIL   [strat=reciprocal_fairness_keeper]
      R10  buy $  3,151.10   sel     $15,600.00   [strat=reciprocal_fairness_keeper]
      R11  buy $ 14,044.21   sel     $15,500.00   [strat=reciprocal_fairness_keeper]
      R12  buy $ 10,431.94   sel     $15,600.00   [strat=reciprocal_fairness_keeper]
      R13  buy $  8,869.91   sel     $15,600.00   [strat=reciprocal_fairness_keeper]
      R14  buy $  4,472.02   sel     $15,600.00   [strat=reciprocal_fairness_keeper]
      R15  buy $  6,444.07   sel     $15,800.00   [strat=reciprocal_fairness_keeper]
      R16  buy $ 13,485.27   sel     $15,700.00   [strat=reciprocal_fairness_keeper]
   run 22 done in 7.6 min

   run 23/30 on 2016 Cadillac CTS 3.6 Luxury  seed=20561442
      R 1  buy $ 18,686.62   sel     $20,500.00   [strat=reciprocal_fairness_keeper] *
      R 2  buy $  3,973.08   sel     $20,500.00   [strat=reciprocal_fairness_keeper]
      R 3  buy $ 11,575.09   sel     $19,800.00   [strat=reciprocal_fairness_keeper]
      R 4  buy $ 10,803.59   sel     $19,500.00   [strat=reciprocal_fairness_keeper]
      R 5  buy $ 10,514.47   sel     $19,200.00   [strat=reciprocal_fairness_keeper]
      R 6  buy $  3,895.06   sel     $19,000.00   [strat=reciprocal_fairness_keeper]
      R 7  buy $ 14,900.20   sel     $18,800.00   [strat=reciprocal_fairness_keeper]
      R 8  buy $    520.08   sel     $18,800.00   [strat=reciprocal_fairness_keeper]
      R 9  buy $ 16,424.81   sel     $17,800.00   [strat=reciprocal_fairness_keeper]
      R10  buy $  9,698.29   sel     $17,600.00   [strat=reciprocal_fairness_keeper]
      R11  buy $  4,703.86   sel     $17,500.00   [strat=reciprocal_fairness_keeper]
      R12  buy $ 13,995.41   sel     $17,200.00   [strat=reciprocal_fairness_keeper]
      R13  buy $ 12,299.69   sel     $16,800.00   [strat=reciprocal_fairness_keeper]
      R14  buy $ 12,045.44   sel     $16,500.00   [strat=reciprocal_fairness_keeper]
      R15  buy $ 16,066.87   sel     $16,200.00   [strat=reciprocal_fairness_keeper]
      R16  buy $  6,862.01   sel     $16,000.00   [strat=reciprocal_fairness_keeper]
   run 23 done in 7.0 min

   run 24/30 on 2016 Cadillac CTS 3.6 Luxury  seed=20561443
      R 1  buy $ 12,346.73   sel     $18,000.00   [strat=reciprocal_fairness_keeper] *
      R 2  buy $ 11,325.01   sel     $17,500.00   [strat=reciprocal_fairness_keeper]
      R 3  buy $ 15,187.92   sel     $16,500.00   [strat=reciprocal_fairness_keeper]
      R 4  buy $  2,656.27   sel     $16,500.00   [strat=reciprocal_fairness_keeper]
      R 5  buy $ 15,278.35   sel     $16,200.00   [strat=reciprocal_fairness_keeper]
      R 6  buy $    766.15   sel     $16,200.00   [strat=reciprocal_fairness_keeper]
      R 7  buy $  3,771.47   sel     $16,100.00   [strat=reciprocal_fairness_keeper]
      R 8  buy $  8,437.60   sel     $16,000.00   [strat=reciprocal_fairness_keeper]
      R 9  buy $ 15,344.60   sel     $15,800.00   [strat=reciprocal_fairness_keeper]
      R10  buy $  9,778.40   sel     $15,800.00   [strat=reciprocal_fairness_keeper]
      R11  buy $    558.16   sel     $15,800.00   [strat=reciprocal_fairness_keeper]
      R12  buy $ 11,591.96   sel     $15,600.00   [strat=reciprocal_fairness_keeper]
      R13  buy $ 12,016.83   sel     $15,500.00   [strat=reciprocal_fairness_keeper]
      R14  buy $ 10,614.82   sel     $15,800.00   [strat=reciprocal_fairness_keeper]
      R15  buy $  5,019.61   sel     $15,800.00   [strat=reciprocal_fairness_keeper]
      R16  buy $  8,063.76   sel     $15,800.00   [strat=reciprocal_fairness_keeper]
   run 24 done in 8.6 min

   run 25/30 on 2016 Cadillac CTS 3.6 Luxury  seed=20561444
      R 1  buy $ 41,375.03   sel     $43,500.00   [strat=reciprocal_fairness_keeper] *
      R 2  buy $ 18,828.74   sel     $43,500.00   [strat=reciprocal_fairness_keeper]
      R 3  buy $ 26,334.79   sel     $43,500.00   [strat=reciprocal_fairness_keeper]
      R 4  buy $ 17,661.48   sel     $43,500.00   [strat=reciprocal_fairness_keeper]
      R 5  buy $ 42,364.24   sel     $42,932.00   [strat=reciprocal_fairness_keeper]
      R 6  buy $  1,854.33   sel     $43,500.00   [strat=reciprocal_fairness_keeper]
      R 7  buy $ 23,322.74   sel     $42,500.00   [strat=reciprocal_fairness_keeper]
      R 8  buy $  6,710.49   sel     $42,500.00   [strat=reciprocal_fairness_keeper]
      R 9  buy $ 29,987.58   sel     $42,000.00   [strat=reciprocal_fairness_keeper]
      R10  buy $ 22,787.49   sel     $41,500.00   [strat=reciprocal_fairness_keeper]
      R11  buy $ 41,181.16   sel     $41,340.00   [strat=reciprocal_fairness_keeper]
      R12  buy $ 32,077.65   sel     $40,500.00   [strat=reciprocal_fairness_keeper]
      R13  buy $  6,148.81   sel     $40,000.00   [strat=reciprocal_fairness_keeper]
      R14  buy $ 14,313.49   sel     $40,000.00   [strat=reciprocal_fairness_keeper]
      R15  buy $ 13,744.05   sel     $40,000.00   [strat=reciprocal_fairness_keeper]
      R16  buy $ 37,183.65   sel     $39,000.00   [strat=reciprocal_fairness_keeper]
   run 25 done in 8.4 min

   run 26/30 on 2016 Cadillac CTS 3.6 Luxury  seed=20561445
      R 1  buy $ 41,088.15   sel     $43,500.00   [strat=reciprocal_fairness_keeper] *
      R 2  buy $ 14,199.06   sel     $43,000.00   [strat=reciprocal_fairness_keeper]
      R 3  buy $ 19,718.30   sel     $43,000.00   [strat=reciprocal_fairness_keeper]
      R 4  buy $  4,289.79   sel     $43,000.00   [strat=reciprocal_fairness_keeper]
      R 5  buy $ 33,232.67   sel     $42,000.00   [strat=reciprocal_fairness_keeper]
      R 6  buy $ 35,917.74   sel     $39,500.00   [strat=reciprocal_fairness_keeper]
      R 7  buy $  2,674.81   sel     $39,500.00   [strat=reciprocal_fairness_keeper]
      R 8  buy $ 28,181.12   sel     $37,000.00   [strat=reciprocal_fairness_keeper]
      R 9  buy $ 19,077.28   sel     $36,500.00   [strat=reciprocal_fairness_keeper]
      R10  buy $ 15,442.12   sel     $35,000.00   [strat=reciprocal_fairness_keeper]
      R11  buy $  8,692.04   sel     $34,500.00   [strat=reciprocal_fairness_keeper]
      R12  buy $ 13,837.58   sel     $33,500.00   [strat=reciprocal_fairness_keeper]
      R13  buy $ 30,063.53   sel     $32,000.00   [strat=reciprocal_fairness_keeper]
      R14  buy $ 15,521.11   sel     $31,000.00   [strat=reciprocal_fairness_keeper]
      R15  buy $  8,596.77   sel     $30,500.00   [strat=reciprocal_fairness_keeper]
      R16  buy $ 30,118.75   sel     $30,300.00   [strat=reciprocal_fairness_keeper]
   run 26 done in 9.5 min

   run 27/30 on 2016 Cadillac CTS 3.6 Luxury  seed=20561446
      R 1  buy $  8,328.70   sel     $19,995.00   [strat=reciprocal_fairness_keeper] *
      R 2  buy $  2,765.33   sel     $19,995.00   [strat=reciprocal_fairness_keeper]
      R 3  buy $ 14,737.86   sel     $17,500.00   [strat=reciprocal_fairness_keeper]
      R 4  buy $  3,971.40   sel     $17,000.00   [strat=reciprocal_fairness_keeper]
      R 5  buy $  1,374.40   sel     $16,500.00   [strat=reciprocal_fairness_keeper]
      R 6  buy $ 12,333.69   sel     $16,000.00   [strat=reciprocal_fairness_keeper]
      R 7  buy $  9,855.05   sel     $15,800.00   [strat=reciprocal_fairness_keeper]
      R 8  buy $  1,558.83   sel     $16,000.00   [strat=reciprocal_fairness_keeper]
      R 9  buy $ 11,879.24   sel     $15,850.00   [strat=reciprocal_fairness_keeper]
      R10  buy $ 11,777.56   sel     $15,800.00   [strat=reciprocal_fairness_keeper]
      R11  buy $ 12,472.50   sel     $15,600.00   [strat=reciprocal_fairness_keeper]
      R12  buy $  3,857.10   sel     $15,600.00   [strat=reciprocal_fairness_keeper]
      R13  buy $ 14,964.40   sel     $15,500.00   [strat=reciprocal_fairness_keeper]
      R14  buy $  5,773.85   sel     $15,500.00   [strat=reciprocal_fairness_keeper]
      R15  buy $  9,559.09   sel     $15,450.00   [strat=reciprocal_fairness_keeper]
      R16  buy $  8,702.27   sel     $15,400.00   [strat=reciprocal_fairness_keeper]
   run 27 done in 7.1 min

   run 28/30 on 2016 Cadillac CTS 3.6 Luxury  seed=20561447
      R 1  buy $ 34,542.04   sel     $41,995.00   [strat=reciprocal_fairness_keeper] *
      R 2  buy $  1,544.57   sel     $40,995.00   [strat=reciprocal_fairness_keeper]
      R 3  buy $ 22,594.63   sel     $38,995.00   [strat=reciprocal_fairness_keeper]
      R 4  buy $  5,468.03   sel     $38,500.00   [strat=reciprocal_fairness_keeper]
      R 5  buy $  5,940.73   sel     $38,000.00   [strat=reciprocal_fairness_keeper]
      R 6  buy $ 31,443.95   sel     $36,500.00   [strat=reciprocal_fairness_keeper]
      R 7  buy $ 32,363.89   sel     $35,000.00   [strat=reciprocal_fairness_keeper]
      R 8  buy $ 11,701.08   sel     $35,000.00   [strat=reciprocal_fairness_keeper]
      R 9  buy $ 21,824.09   sel     $34,500.00   [strat=reciprocal_fairness_keeper]
      R10  buy $ 27,277.00   sel     $32,000.00   [strat=reciprocal_fairness_keeper]
      R11  buy $ 13,815.96   sel     $31,500.00   [strat=reciprocal_fairness_keeper]
      R12  buy $ 19,261.86   sel     $30,000.00   [strat=reciprocal_fairness_keeper]
      R13  buy $ 16,770.18   sel     $29,500.00   [strat=reciprocal_fairness_keeper]
      R14  buy $  3,091.18   sel     $28,500.00   [strat=reciprocal_fairness_keeper]
      R15  buy $  6,375.75   sel     $28,000.00   [strat=reciprocal_fairness_keeper]
      R16  buy $  3,417.96   sel     $27,500.00   [strat=reciprocal_fairness_keeper]
   run 28 done in 9.4 min

   run 29/30 on 2016 Cadillac CTS 3.6 Luxury  seed=20561448
      R 1  buy $ 37,284.63   sel     $42,500.00   [strat=reciprocal_fairness_keeper] *
      R 2  buy $ 25,971.10   sel     $41,900.00   [strat=reciprocal_fairness_keeper]
      R 3  buy $ 23,492.78   sel     $41,500.00   [strat=reciprocal_fairness_keeper]
      R 4  buy $ 24,990.96   sel     $41,900.00   [strat=reciprocal_fairness_keeper]
      R 5  buy $  1,837.02   sel     $41,500.00   [strat=reciprocal_fairness_keeper]
      R 6  buy $ 20,282.97   sel     $41,500.00   [strat=reciprocal_fairness_keeper]
      R 7  buy $ 35,574.62   sel     $39,500.00   [strat=reciprocal_fairness_keeper]
      R 8  buy $ 15,758.51   sel     $39,500.00   [strat=reciprocal_fairness_keeper]
      R 9  buy $  9,084.61   sel     $39,500.00   [strat=reciprocal_fairness_keeper]
      R10  buy $ 36,140.02   sel     $38,000.00   [strat=reciprocal_fairness_keeper]
      R11  buy $ 34,447.55   sel     $36,500.00   [strat=reciprocal_fairness_keeper]
      R12  buy $ 33,721.62   sel     $35,000.00   [strat=reciprocal_fairness_keeper]
      R13  buy $ 15,602.94   sel     $35,000.00   [strat=reciprocal_fairness_keeper]
      R14  buy $ 23,596.78   sel     $34,500.00   [strat=reciprocal_fairness_keeper]
      R15  buy $ 18,277.54   sel     $33,000.00   [strat=reciprocal_fairness_keeper]
      R16  buy $ 30,948.61   sel     $32,000.00   [strat=reciprocal_fairness_keeper]
   run 29 done in 7.3 min

   run 30/30 on 2016 Cadillac CTS 3.6 Luxury  seed=20561449
      R 1  buy $ 35,566.68   sel     $40,299.00   [strat=reciprocal_fairness_keeper] *
      R 2  buy $  7,672.98   sel     $39,000.00   [strat=reciprocal_fairness_keeper]
      R 3  buy $  5,239.96   sel     $39,000.00   [strat=reciprocal_fairness_keeper]
      R 4  buy $  3,698.35   sel     $38,500.00   [strat=reciprocal_fairness_keeper]
      R 5  buy $ 14,718.59   sel     $38,000.00   [strat=reciprocal_fairness_keeper]
      R 6  buy $ 23,624.01   sel     $37,500.00   [strat=reciprocal_fairness_keeper]
      R 7  buy $ 12,970.47   sel     $37,000.00   [strat=reciprocal_fairness_keeper]
      R 8  buy $ 30,817.56   sel     $35,500.00   [strat=reciprocal_fairness_keeper]
      R 9  buy $ 26,019.81   sel     $35,000.00   [strat=reciprocal_fairness_keeper]
      R10  buy $ 34,320.83   sel     $34,500.00   [strat=reciprocal_fairness_keeper]
      R11  buy $ 25,813.74   sel     $34,500.00   [strat=reciprocal_fairness_keeper]
      R12  buy $ 29,687.91   sel     $34,000.00   [strat=reciprocal_fairness_keeper]
      R13  buy $ 13,932.15   sel     $34,000.00   [strat=reciprocal_fairness_keeper]
      R14  buy $ 13,134.38   sel     $33,500.00   [strat=reciprocal_fairness_keeper]
      R15  buy $ 25,532.81   sel     $33,000.00   [strat=reciprocal_fairness_keeper]
      R16  buy $  2,203.34   sel     $33,000.00   [strat=reciprocal_fairness_keeper]
   run 30 done in 8.9 min

   ---> checkpoint: car 2/5 done in 214.4 min; total so far 385.6 min; saved 60 runs to exp03_fixed_reciprocal_fairness_keeper.json

--- CAR 3/5: 2019 Honda Accord Sport 1.5T  (M=$28,000.00  cost=$14,000.00  cost/M=50.00%) ---

   run 1/30 on 2019 Honda Accord Sport 1.5T  seed=20562420
      R 1  buy $  5,879.33   sel     $24,500.00   [strat=reciprocal_fairness_keeper] *
      R 2  buy $ 17,309.08   sel     $22,000.00   [strat=reciprocal_fairness_keeper]
      R 3  buy $ 15,341.27   sel     $21,500.00   [strat=reciprocal_fairness_keeper]
      R 4  buy $  9,989.61   sel     $21,000.00   [strat=reciprocal_fairness_keeper]
      R 5  buy $ 17,347.95   sel     $20,500.00   [strat=reciprocal_fairness_keeper]
      R 6  buy $ 16,391.25   sel     $20,000.00   [strat=reciprocal_fairness_keeper]
      R 7  buy $ 16,973.00   sel     $19,500.00   [strat=reciprocal_fairness_keeper]
      R 8  buy $  5,374.41   sel     $19,500.00   [strat=reciprocal_fairness_keeper]
      R 9  buy $  8,331.36   sel     $19,000.00   [strat=reciprocal_fairness_keeper]
      R10  buy $  9,423.87   sel     $19,000.00   [strat=reciprocal_fairness_keeper]
      R11  buy $    721.73   sel     $19,000.00   [strat=reciprocal_fairness_keeper]
      R12  buy $  4,688.88   sel     $18,500.00   [strat=reciprocal_fairness_keeper]
      R13  buy $  6,843.13   sel     $18,500.00   [strat=reciprocal_fairness_keeper]
      R14  buy $ 16,858.64   sel     $18,000.00   [strat=reciprocal_fairness_keeper]
      R15  buy $    925.24   sel     $18,000.00   [strat=reciprocal_fairness_keeper]
      R16  buy $  6,577.61   sel     $17,500.00   [strat=reciprocal_fairness_keeper]
   run 1 done in 9.7 min

   run 2/30 on 2019 Honda Accord Sport 1.5T  seed=20562421
      R 1  buy $ 17,807.02   sel     $26,500.00   [strat=reciprocal_fairness_keeper] *
      R 2  buy $  1,710.16   sel     $26,250.00   [strat=reciprocal_fairness_keeper]
      R 3  buy $ 25,708.47   sel     $25,999.00   [strat=reciprocal_fairness_keeper]
      R 4  buy $  1,968.55   sel     $25,750.00   [strat=reciprocal_fairness_keeper]
      R 5  buy $ 19,354.98   sel     $25,500.00   [strat=reciprocal_fairness_keeper]
      R 6  buy $ 16,730.57   sel     $25,250.00   [strat=reciprocal_fairness_keeper]
      R 7  buy $ 19,166.20   sel     $25,200.00   [strat=reciprocal_fairness_keeper]
      R 8  buy $  1,631.47   sel     $25,150.00   [strat=reciprocal_fairness_keeper]
      R 9  buy $ 21,738.84   sel     $25,000.00   [strat=reciprocal_fairness_keeper]
      R10  buy $ 21,338.85   sel     $24,750.00   [strat=reciprocal_fairness_keeper]
      R11  buy $  8,117.05   sel     $24,500.00   [strat=reciprocal_fairness_keeper]
      R12  buy $ 10,293.03   sel     PARSE-FAIL   [strat=reciprocal_fairness_keeper]
      R13  buy $ 23,755.50   sel     $24,250.00   [strat=reciprocal_fairness_keeper]
      R14  buy $ 10,173.68   sel     $24,000.00   [strat=reciprocal_fairness_keeper]
      R15  buy $  9,918.59   sel     $24,000.00   [strat=reciprocal_fairness_keeper]
      R16  buy $ 19,647.10   sel     $23,750.00   [strat=reciprocal_fairness_keeper]
   run 2 done in 8.4 min

   run 3/30 on 2019 Honda Accord Sport 1.5T  seed=20562422
      R 1  buy $ 16,759.74   sel     $24,500.00   [strat=reciprocal_fairness_keeper] *
      R 2  buy $  9,537.80   sel     $24,000.00   [strat=reciprocal_fairness_keeper]
      R 3  buy $  7,163.43   sel     $23,500.00   [strat=reciprocal_fairness_keeper]
      R 4  buy $ 17,528.24   sel     $22,000.00   [strat=reciprocal_fairness_keeper]
      R 5  buy $  1,550.10   sel     $21,500.00   [strat=reciprocal_fairness_keeper]
      R 6  buy $ 14,645.98   sel     $20,500.00   [strat=reciprocal_fairness_keeper]
      R 7  buy $  8,809.78   sel     $20,000.00   [strat=reciprocal_fairness_keeper]
      R 8  buy $ 18,493.75   sel     $19,250.00   [strat=reciprocal_fairness_keeper]
      R 9  buy $ 12,490.98   sel     $19,000.00   [strat=reciprocal_fairness_keeper]
      R10  buy $ 11,128.10   sel     $18,750.00   [strat=reciprocal_fairness_keeper]
      R11  buy $ 15,846.02   sel     $18,000.00   [strat=reciprocal_fairness_keeper]
      R12  buy $  6,512.60   sel     $18,500.00   [strat=reciprocal_fairness_keeper]
      R13  buy $  8,343.12   sel     $18,400.00   [strat=reciprocal_fairness_keeper]
      R14  buy $    943.42   sel     $18,300.00   [strat=reciprocal_fairness_keeper]
      R15  buy $  2,512.07   sel     $18,250.00   [strat=reciprocal_fairness_keeper]
      R16  buy $  5,130.23   sel     $18,200.00   [strat=reciprocal_fairness_keeper]
   run 3 done in 9.8 min

   run 4/30 on 2019 Honda Accord Sport 1.5T  seed=20562423
      R 1  buy $  3,680.97   sel     $24,000.00   [strat=reciprocal_fairness_keeper] *
      R 2  buy $ 14,023.12   sel     $21,500.00   [strat=reciprocal_fairness_keeper]
      R 3  buy $  6,463.16   sel     $21,000.00   [strat=reciprocal_fairness_keeper]
      R 4  buy $ 19,367.23   sel     $20,500.00   [strat=reciprocal_fairness_keeper]
      R 5  buy $ 17,597.01   sel     $20,000.00   [strat=reciprocal_fairness_keeper]
      R 6  buy $  6,452.64   sel     $20,000.00   [strat=reciprocal_fairness_keeper]
      R 7  buy $ 11,442.74   sel     $19,900.00   [strat=reciprocal_fairness_keeper]
      R 8  buy $ 11,930.50   sel     $19,800.00   [strat=reciprocal_fairness_keeper]
      R 9  buy $  4,870.74   sel     $19,800.00   [strat=reciprocal_fairness_keeper]
      R10  buy $ 13,754.80   sel     $19,500.00   [strat=reciprocal_fairness_keeper]
      R11  buy $  2,257.74   sel     $19,500.00   [strat=reciprocal_fairness_keeper]
      R12  buy $ 15,448.32   sel     $18,500.00   [strat=reciprocal_fairness_keeper]
      R13  buy $  6,603.72   sel     $18,300.00   [strat=reciprocal_fairness_keeper]
      R14  buy $ 11,951.10   sel     $18,000.00   [strat=reciprocal_fairness_keeper]
      R15  buy $  1,025.04   sel     $17,500.00   [strat=reciprocal_fairness_keeper]
      R16  buy $ 10,068.85   sel     $16,500.00   [strat=reciprocal_fairness_keeper]
   run 4 done in 9.2 min

   run 5/30 on 2019 Honda Accord Sport 1.5T  seed=20562424
      R 1  buy $ 17,659.70   sel     $22,999.00   [strat=reciprocal_fairness_keeper] *
      R 2  buy $  4,274.10   sel     $22,500.00   [strat=reciprocal_fairness_keeper]
      R 3  buy $  2,918.80   sel     $22,400.00   [strat=reciprocal_fairness_keeper]
      R 4  buy $  6,478.18   sel     $22,200.00   [strat=reciprocal_fairness_keeper]
      R 5  buy $  3,064.35   sel     $22,100.00   [strat=reciprocal_fairness_keeper]
      R 6  buy $ 20,866.61   sel     $21,400.00   [strat=reciprocal_fairness_keeper]
      R 7  buy $  4,287.04   sel     $21,400.00   [strat=reciprocal_fairness_keeper]
      R 8  buy $  3,623.01   sel     $21,400.00   [strat=reciprocal_fairness_keeper]
      R 9  buy $ 11,694.93   sel     $21,200.00   [strat=reciprocal_fairness_keeper]
      R10  buy $ 16,383.05   sel     $21,400.00   [strat=reciprocal_fairness_keeper]
      R11  buy $ 20,584.95   sel     $20,800.00   [strat=reciprocal_fairness_keeper]
      R12  buy $ 17,244.26   sel     $20,600.00   [strat=reciprocal_fairness_keeper]
      R13  buy $ 12,153.78   sel     $20,600.00   [strat=reciprocal_fairness_keeper]
      R14  buy $  7,460.50   sel     $20,600.00   [strat=reciprocal_fairness_keeper]
      R15  buy $ 19,414.87   sel     $20,200.00   [strat=reciprocal_fairness_keeper]
      R16  buy $  8,343.38   sel     $20,000.00   [strat=reciprocal_fairness_keeper]
   run 5 done in 8.8 min

   run 6/30 on 2019 Honda Accord Sport 1.5T  seed=20562425
      R 1  buy $  4,877.57   sel     $24,000.00   [strat=reciprocal_fairness_keeper] *
      R 2  buy $  4,112.18   sel     $23,500.00   [strat=reciprocal_fairness_keeper]
      R 3  buy $ 21,185.89   sel     $22,000.00   [strat=reciprocal_fairness_keeper]
      R 4  buy $ 14,032.95   sel     $22,000.00   [strat=reciprocal_fairness_keeper]
      R 5  buy $ 17,680.33   sel     $19,900.00   [strat=reciprocal_fairness_keeper]
      R 6  buy $  1,111.73   sel     $19,900.00   [strat=reciprocal_fairness_keeper]
      R 7  buy $  5,318.71   sel     $19,900.00   [strat=reciprocal_fairness_keeper]
      R 8  buy $ 11,552.09   sel     $19,900.00   [strat=reciprocal_fairness_keeper]
      R 9  buy $  7,762.12   sel     $19,900.00   [strat=reciprocal_fairness_keeper]
      R10  buy $ 18,784.31   sel     $19,300.00   [strat=reciprocal_fairness_keeper]
      R11  buy $  9,479.53   sel     $19,300.00   [strat=reciprocal_fairness_keeper]
      R12  buy $ 14,123.14   sel     $17,000.00   [strat=reciprocal_fairness_keeper]
      R13  buy $  6,897.23   sel     $17,000.00   [strat=reciprocal_fairness_keeper]
      R14  buy $  3,567.78   sel     $17,000.00   [strat=reciprocal_fairness_keeper]
      R15  buy $ 10,651.56   sel     $16,000.00   [strat=reciprocal_fairness_keeper]
      R16  buy $  6,433.33   sel     $16,000.00   [strat=reciprocal_fairness_keeper]
   run 6 done in 9.1 min

   run 7/30 on 2019 Honda Accord Sport 1.5T  seed=20562426
      R 1  buy $ 26,585.23   sel     $27,500.00   [strat=reciprocal_fairness_keeper] *
      R 2  buy $ 17,526.75   sel     $27,250.00   [strat=reciprocal_fairness_keeper]
      R 3  buy $ 15,215.13   sel     $27,000.00   [strat=reciprocal_fairness_keeper]
      R 4  buy $ 12,033.85   sel     $27,000.00   [strat=reciprocal_fairness_keeper]
      R 5  buy $ 15,240.99   sel     $26,000.00   [strat=reciprocal_fairness_keeper]
      R 6  buy $  8,759.56   sel     $26,000.00   [strat=reciprocal_fairness_keeper]
      R 7  buy $ 24,846.20   sel     $25,425.00   [strat=reciprocal_fairness_keeper]
      R 8  buy $  5,699.55   sel     $25,425.00   [strat=reciprocal_fairness_keeper]
      R 9  buy $ 23,223.46   sel     $24,500.00   [strat=reciprocal_fairness_keeper]
      R10  buy $ 16,620.09   sel     $24,000.00   [strat=reciprocal_fairness_keeper]
      R11  buy $ 11,275.47   sel     $23,500.00   [strat=reciprocal_fairness_keeper]
      R12  buy $  3,736.88   sel     $23,500.00   [strat=reciprocal_fairness_keeper]
      R13  buy $  1,704.85   sel     $23,500.00   [strat=reciprocal_fairness_keeper]
      R14  buy $ 22,879.28   sel     $23,000.00   [strat=reciprocal_fairness_keeper]
      R15  buy $ 12,151.08   sel     $23,000.00   [strat=reciprocal_fairness_keeper]
      R16  buy $ 15,300.02   sel     $22,500.00   [strat=reciprocal_fairness_keeper]
   run 7 done in 9.2 min

   run 8/30 on 2019 Honda Accord Sport 1.5T  seed=20562427
      R 1  buy $  4,043.59   sel     $22,000.00   [strat=reciprocal_fairness_keeper] *
      R 2  buy $ 12,713.05   sel     $18,500.00   [strat=reciprocal_fairness_keeper]
      R 3  buy $ 13,718.46   sel     $16,500.00   [strat=reciprocal_fairness_keeper]
      R 4  buy $  5,971.43   sel     $16,500.00   [strat=reciprocal_fairness_keeper]
      R 5  buy $  6,243.32   sel     $16,500.00   [strat=reciprocal_fairness_keeper]
      R 6  buy $  2,111.02   sel     $16,500.00   [strat=reciprocal_fairness_keeper]
      R 7  buy $ 12,565.86   sel     $15,900.00   [strat=reciprocal_fairness_keeper]
      R 8  buy $  7,530.64   sel     $15,800.00   [strat=reciprocal_fairness_keeper]
      R 9  buy $ 14,348.09   sel     $15,000.00   [strat=reciprocal_fairness_keeper]
      R10  buy $  7,803.00   sel     $14,900.00   [strat=reciprocal_fairness_keeper]
      R11  buy $  2,510.85   sel     $14,900.00   [strat=reciprocal_fairness_keeper]
      R12  buy $  5,573.76   sel     $14,900.00   [strat=reciprocal_fairness_keeper]
      R13  buy $  3,722.44   sel     $14,900.00   [strat=reciprocal_fairness_keeper]
      R14  buy $  3,021.23   sel     $14,800.00   [strat=reciprocal_fairness_keeper]
      R15  buy $  7,379.78   sel     $14,700.00   [strat=reciprocal_fairness_keeper]
      R16  buy $ 10,548.33   sel     $14,600.00   [strat=reciprocal_fairness_keeper]
   run 8 done in 8.9 min

   run 9/30 on 2019 Honda Accord Sport 1.5T  seed=20562428
      R 1  buy $  3,519.39   sel     $25,999.00   [strat=reciprocal_fairness_keeper] *
      R 2  buy $ 25,534.42   sel     $25,766.71   [strat=reciprocal_fairness_keeper]
      R 3  buy $ 13,759.50   sel     $25,000.00   [strat=reciprocal_fairness_keeper]
      R 4  buy $ 16,714.78   sel     $24,500.00   [strat=reciprocal_fairness_keeper]
      R 5  buy $  7,924.02   sel     $24,000.00   [strat=reciprocal_fairness_keeper]
      R 6  buy $ 19,252.35   sel     $23,500.00   [strat=reciprocal_fairness_keeper]
      R 7  buy $ 18,441.52   sel     $22,500.00   [strat=reciprocal_fairness_keeper]
      R 8  buy $ 13,572.92   sel     $22,500.00   [strat=reciprocal_fairness_keeper]
      R 9  buy $  2,008.08   sel     $22,000.00   [strat=reciprocal_fairness_keeper]
      R10  buy $ 12,602.44   sel     $21,500.00   [strat=reciprocal_fairness_keeper]
      R11  buy $ 12,076.55   sel     $20,500.00   [strat=reciprocal_fairness_keeper]
      R12  buy $ 11,111.92   sel     $19,900.00   [strat=reciprocal_fairness_keeper]
      R13  buy $  6,571.44   sel     $19,500.00   [strat=reciprocal_fairness_keeper]
      R14  buy $  5,136.92   sel     $18,000.00   [strat=reciprocal_fairness_keeper]
      R15  buy $  7,095.53   sel     $17,500.00   [strat=reciprocal_fairness_keeper]
      R16  buy $ 14,276.33   sel     $16,000.00   [strat=reciprocal_fairness_keeper]
   run 9 done in 9.2 min

   run 10/30 on 2019 Honda Accord Sport 1.5T  seed=20562429
      R 1  buy $ 26,232.70   sel     $27,500.00   [strat=reciprocal_fairness_keeper] *
      R 2  buy $  6,902.90   sel     $26,800.00   [strat=reciprocal_fairness_keeper]
      R 3  buy $ 19,299.68   sel     $25,000.00   [strat=reciprocal_fairness_keeper]
      R 4  buy $  9,451.02   sel     $24,500.00   [strat=reciprocal_fairness_keeper]
      R 5  buy $  7,675.56   sel     $24,000.00   [strat=reciprocal_fairness_keeper]
      R 6  buy $  2,243.63   sel     $23,500.00   [strat=reciprocal_fairness_keeper]
      R 7  buy $  1,701.45   sel     $23,500.00   [strat=reciprocal_fairness_keeper]
      R 8  buy $ 19,107.30   sel     $21,500.00   [strat=reciprocal_fairness_keeper]
      R 9  buy $ 12,644.80   sel     $19,500.00   [strat=reciprocal_fairness_keeper]
      R10  buy $  5,489.97   sel     $18,500.00   [strat=reciprocal_fairness_keeper]
      R11  buy $ 11,745.95   sel     $17,500.00   [strat=reciprocal_fairness_keeper]
      R12  buy $ 11,977.56   sel     $16,500.00   [strat=reciprocal_fairness_keeper]
      R13  buy $  9,982.96   sel     $16,000.00   [strat=reciprocal_fairness_keeper]
      R14  buy $  7,533.88   sel     $15,500.00   [strat=reciprocal_fairness_keeper]
      R15  buy $  8,515.53   sel     $15,000.00   [strat=reciprocal_fairness_keeper]
      R16  buy $ 12,799.72   sel     $14,500.00   [strat=reciprocal_fairness_keeper]
   run 10 done in 8.1 min

   run 11/30 on 2019 Honda Accord Sport 1.5T  seed=20562430
      R 1  buy $    518.49   sel     $23,995.00   [strat=reciprocal_fairness_keeper] *
      R 2  buy $ 15,904.92   sel     $19,999.00   [strat=reciprocal_fairness_keeper]
      R 3  buy $  7,304.13   sel     $19,500.00   [strat=reciprocal_fairness_keeper]
      R 4  buy $ 13,503.52   sel     $18,000.00   [strat=reciprocal_fairness_keeper]
      R 5  buy $  5,066.71   sel     $17,500.00   [strat=reciprocal_fairness_keeper]
      R 6  buy $  3,449.86   sel     $17,500.00   [strat=reciprocal_fairness_keeper]
      R 7  buy $ 13,341.32   sel     $17,000.00   [strat=reciprocal_fairness_keeper]
      R 8  buy $  2,729.75   sel     $17,000.00   [strat=reciprocal_fairness_keeper]
      R 9  buy $  8,005.39   sel     $16,500.00   [strat=reciprocal_fairness_keeper]
      R10  buy $ 13,015.05   sel     $16,200.00   [strat=reciprocal_fairness_keeper]
      R11  buy $ 10,109.33   sel     $16,200.00   [strat=reciprocal_fairness_keeper]
      R12  buy $ 13,623.18   sel     $15,900.00   [strat=reciprocal_fairness_keeper]
      R13  buy $  5,184.28   sel     $15,900.00   [strat=reciprocal_fairness_keeper]
      R14  buy $  6,886.07   sel     $15,800.00   [strat=reciprocal_fairness_keeper]
      R15  buy $  6,309.27   sel     $15,700.00   [strat=reciprocal_fairness_keeper]
      R16  buy $  5,439.15   sel     $15,600.00   [strat=reciprocal_fairness_keeper]
   run 11 done in 7.4 min

   run 12/30 on 2019 Honda Accord Sport 1.5T  seed=20562431
      R 1  buy $ 27,033.90   sel     $27,995.00   [strat=reciprocal_fairness_keeper] *
      R 2  buy $  5,403.04   sel     $27,500.00   [strat=reciprocal_fairness_keeper]
      R 3  buy $ 19,684.76   sel     $24,500.00   [strat=reciprocal_fairness_keeper]
      R 4  buy $  3,851.36   sel     $24,500.00   [strat=reciprocal_fairness_keeper]
      R 5  buy $ 14,145.94   sel     $21,000.00   [strat=reciprocal_fairness_keeper]
      R 6  buy $ 12,716.99   sel     $19,500.00   [strat=reciprocal_fairness_keeper]
      R 7  buy $ 15,392.31   sel     $18,250.00   [strat=reciprocal_fairness_keeper]
      R 8  buy $    287.60   sel     $18,000.00   [strat=reciprocal_fairness_keeper]
      R 9  buy $ 16,663.50   sel     $17,250.00   [strat=reciprocal_fairness_keeper]
      R10  buy $ 11,562.35   sel     $17,250.00   [strat=reciprocal_fairness_keeper]
      R11  buy $ 16,806.87   sel     $17,000.00   [strat=reciprocal_fairness_keeper]
      R12  buy $ 14,989.29   sel     $16,500.00   [strat=reciprocal_fairness_keeper]
      R13  buy $ 11,883.64   sel     $16,000.00   [strat=reciprocal_fairness_keeper]
      R14  buy $ 12,337.01   sel     $15,500.00   [strat=reciprocal_fairness_keeper]
      R15  buy $  7,460.52   sel     $15,000.00   [strat=reciprocal_fairness_keeper]
      R16  buy $ 14,560.07   sel     $14,800.00   [strat=reciprocal_fairness_keeper]
   run 12 done in 8.7 min

   run 13/30 on 2019 Honda Accord Sport 1.5T  seed=20562432
      R 1  buy $  6,720.93   sel     $19,995.00   [strat=reciprocal_fairness_keeper] *
      R 2  buy $ 15,751.42   sel     $19,000.00   [strat=reciprocal_fairness_keeper]
      R 3  buy $ 12,259.23   sel     $18,500.00   [strat=reciprocal_fairness_keeper]
      R 4  buy $ 11,587.79   sel     $18,250.00   [strat=reciprocal_fairness_keeper]
      R 5  buy $  3,999.78   sel     $18,000.00   [strat=reciprocal_fairness_keeper]
      R 6  buy $ 16,007.53   sel     $17,250.00   [strat=reciprocal_fairness_keeper]
      R 7  buy $ 11,909.66   sel     $17,000.00   [strat=reciprocal_fairness_keeper]
      R 8  buy $  7,076.91   sel     $16,500.00   [strat=reciprocal_fairness_keeper]
      R 9  buy $  9,907.69   sel     $16,000.00   [strat=reciprocal_fairness_keeper]
      R10  buy $ 14,822.66   sel     $15,500.00   [strat=reciprocal_fairness_keeper]
      R11  buy $  1,301.57   sel     $15,500.00   [strat=reciprocal_fairness_keeper]
      R12  buy $ 14,058.98   sel     $14,900.00   [strat=reciprocal_fairness_keeper]
      R13  buy $ 10,894.70   sel     $14,500.00   [strat=reciprocal_fairness_keeper]
      R14  buy $  2,859.23   sel     $14,900.00   [strat=reciprocal_fairness_keeper]
      R15  buy $  9,390.39   sel     $14,250.00   [strat=reciprocal_fairness_keeper]
      R16  buy $ 12,233.42   sel     $14,500.00   [strat=reciprocal_fairness_keeper]
   run 13 done in 9.3 min

   run 14/30 on 2019 Honda Accord Sport 1.5T  seed=20562433
      R 1  buy $  8,397.68   sel     $25,500.00   [strat=reciprocal_fairness_keeper] *
      R 2  buy $ 13,895.64   sel     $22,000.00   [strat=reciprocal_fairness_keeper]
      R 3  buy $ 21,099.79   sel     $21,499.00   [strat=reciprocal_fairness_keeper]
      R 4  buy $  3,173.08   sel     $21,499.00   [strat=reciprocal_fairness_keeper]
      R 5  buy $ 10,498.34   sel     $21,000.00   [strat=reciprocal_fairness_keeper]
      R 6  buy $ 17,155.67   sel     $21,000.00   [strat=reciprocal_fairness_keeper]
      R 7  buy $ 11,027.95   sel     $21,000.00   [strat=reciprocal_fairness_keeper]
      R 8  buy $ 10,951.02   sel     $21,000.00   [strat=reciprocal_fairness_keeper]
      R 9  buy $ 12,419.03   sel     $19,999.00   [strat=reciprocal_fairness_keeper]
      R10  buy $ 17,996.90   sel     $18,900.00   [strat=reciprocal_fairness_keeper]
      R11  buy $ 14,776.05   sel     $17,500.00   [strat=reciprocal_fairness_keeper]
      R12  buy $ 12,411.76   sel     $17,000.00   [strat=reciprocal_fairness_keeper]
      R13  buy $  7,522.35   sel     $16,500.00   [strat=reciprocal_fairness_keeper]
      R14  buy $ 11,396.36   sel     $16,000.00   [strat=reciprocal_fairness_keeper]
      R15  buy $  8,423.34   sel     $16,500.00   [strat=reciprocal_fairness_keeper]
      R16  buy $ 15,261.18   sel     $15,800.00   [strat=reciprocal_fairness_keeper]
   run 14 done in 9.3 min

   run 15/30 on 2019 Honda Accord Sport 1.5T  seed=20562434
      R 1  buy $  5,434.25   sel     $25,000.00   [strat=reciprocal_fairness_keeper] *
      R 2  buy $ 14,352.27   sel     $18,500.00   [strat=reciprocal_fairness_keeper]
      R 3  buy $ 12,907.37   sel     $17,500.00   [strat=reciprocal_fairness_keeper]
      R 4  buy $ 11,023.82   sel     $17,000.00   [strat=reciprocal_fairness_keeper]
      R 5  buy $ 14,145.44   sel     $16,500.00   [strat=reciprocal_fairness_keeper]
      R 6  buy $  5,875.02   sel     $16,000.00   [strat=reciprocal_fairness_keeper]
      R 7  buy $  5,278.04   sel     $16,000.00   [strat=reciprocal_fairness_keeper]
      R 8  buy $  3,355.70   sel     $16,000.00   [strat=reciprocal_fairness_keeper]
      R 9  buy $  1,858.81   sel     $15,900.00   [strat=reciprocal_fairness_keeper]
      R10  buy $  4,602.86   sel     $15,900.00   [strat=reciprocal_fairness_keeper]
      R11  buy $  9,791.15   sel     $15,800.00   [strat=reciprocal_fairness_keeper]
      R12  buy $  8,313.08   sel     $15,700.00   [strat=reciprocal_fairness_keeper]
      R13  buy $ 11,831.73   sel     $15,600.00   [strat=reciprocal_fairness_keeper]
      R14  buy $ 11,071.83   sel     $15,500.00   [strat=reciprocal_fairness_keeper]
      R15  buy $  4,749.71   sel     $15,400.00   [strat=reciprocal_fairness_keeper]
      R16  buy $  7,701.38   sel     $15,300.00   [strat=reciprocal_fairness_keeper]
   run 15 done in 8.1 min

   run 16/30 on 2019 Honda Accord Sport 1.5T  seed=20562435
      R 1  buy $ 17,382.83   sel     $26,500.00   [strat=reciprocal_fairness_keeper] *
      R 2  buy $    800.16   sel     $26,000.00   [strat=reciprocal_fairness_keeper]
      R 3  buy $    602.94   sel     $25,500.00   [strat=reciprocal_fairness_keeper]
      R 4  buy $  1,270.37   sel     $25,000.00   [strat=reciprocal_fairness_keeper]
      R 5  buy $ 20,634.84   sel     $24,200.00   [strat=reciprocal_fairness_keeper]
      R 6  buy $ 10,012.04   sel     $23,500.00   [strat=reciprocal_fairness_keeper]
      R 7  buy $  7,877.59   sel     $23,000.00   [strat=reciprocal_fairness_keeper]
      R 8  buy $ 15,261.07   sel     $22,000.00   [strat=reciprocal_fairness_keeper]
      R 9  buy $ 18,485.15   sel     $21,000.00   [strat=reciprocal_fairness_keeper]
      R10  buy $ 14,467.45   sel     $20,000.00   [strat=reciprocal_fairness_keeper]
      R11  buy $  8,943.22   sel     $19,500.00   [strat=reciprocal_fairness_keeper]
      R12  buy $  5,309.75   sel     $19,000.00   [strat=reciprocal_fairness_keeper]
      R13  buy $ 12,557.51   sel     $17,500.00   [strat=reciprocal_fairness_keeper]
      R14  buy $ 14,045.59   sel     $16,800.00   [strat=reciprocal_fairness_keeper]
      R15  buy $ 15,451.31   sel     $16,200.00   [strat=reciprocal_fairness_keeper]
      R16  buy $ 12,165.20   sel     $16,000.00   [strat=reciprocal_fairness_keeper]
   run 16 done in 8.9 min

   run 17/30 on 2019 Honda Accord Sport 1.5T  seed=20562436
      R 1  buy $ 27,463.48   sel     $27,800.00   [strat=reciprocal_fairness_keeper] *
      R 2  buy $  8,715.78   sel     $27,000.00   [strat=reciprocal_fairness_keeper]
      R 3  buy $ 14,787.81   sel     $26,500.00   [strat=reciprocal_fairness_keeper]
      R 4  buy $ 12,160.35   sel     $26,000.00   [strat=reciprocal_fairness_keeper]
      R 5  buy $ 17,989.95   sel     $25,500.00   [strat=reciprocal_fairness_keeper]
      R 6  buy $ 24,816.97   sel     $25,000.00   [strat=reciprocal_fairness_keeper]
      R 7  buy $ 24,647.40   sel     $24,825.00   [strat=reciprocal_fairness_keeper]
      R 8  buy $    293.68   sel     $24,800.00   [strat=reciprocal_fairness_keeper]
      R 9  buy $ 15,539.67   sel     $24,700.00   [strat=reciprocal_fairness_keeper]
      R10  buy $  6,846.57   sel     $24,500.00   [strat=reciprocal_fairness_keeper]
      R11  buy $ 22,389.65   sel     $24,000.00   [strat=reciprocal_fairness_keeper]
      R12  buy $  6,876.69   sel     $24,400.00   [strat=reciprocal_fairness_keeper]
      R13  buy $ 22,941.88   sel     $23,900.00   [strat=reciprocal_fairness_keeper]
      R14  buy $  2,593.31   sel     $23,800.00   [strat=reciprocal_fairness_keeper]
      R15  buy $ 17,684.46   sel     $23,500.00   [strat=reciprocal_fairness_keeper]
      R16  buy $  6,114.29   sel     $23,400.00   [strat=reciprocal_fairness_keeper]
   run 17 done in 10.5 min

   run 18/30 on 2019 Honda Accord Sport 1.5T  seed=20562437
      R 1  buy $ 25,016.45   sel     $26,995.00   [strat=reciprocal_fairness_keeper] *
      R 2  buy $ 24,242.85   sel     $26,500.00   [strat=reciprocal_fairness_keeper]
      R 3  buy $  7,688.50   sel     $26,000.00   [strat=reciprocal_fairness_keeper]
      R 4  buy $ 18,966.34   sel     $25,500.00   [strat=reciprocal_fairness_keeper]
      R 5  buy $  2,058.71   sel     $25,500.00   [strat=reciprocal_fairness_keeper]
      R 6  buy $ 14,083.13   sel     $24,500.00   [strat=reciprocal_fairness_keeper]
      R 7  buy $  9,276.89   sel     $24,000.00   [strat=reciprocal_fairness_keeper]
      R 8  buy $ 17,374.16   sel     $22,500.00   [strat=reciprocal_fairness_keeper]
      R 9  buy $ 13,961.08   sel     $22,000.00   [strat=reciprocal_fairness_keeper]
      R10  buy $  7,344.55   sel     $21,500.00   [strat=reciprocal_fairness_keeper]
      R11  buy $ 11,288.59   sel     $21,000.00   [strat=reciprocal_fairness_keeper]
      R12  buy $  3,248.31   sel     $20,500.00   [strat=reciprocal_fairness_keeper]
      R13  buy $ 11,747.36   sel     $20,000.00   [strat=reciprocal_fairness_keeper]
      R14  buy $ 11,018.04   sel     $19,750.00   [strat=reciprocal_fairness_keeper]
      R15  buy $ 19,383.62   sel     $19,500.00   [strat=reciprocal_fairness_keeper]
      R16  buy $  5,042.94   sel     $19,250.00   [strat=reciprocal_fairness_keeper]
   run 18 done in 9.1 min

   run 19/30 on 2019 Honda Accord Sport 1.5T  seed=20562438
      R 1  buy $  1,006.21   sel     $24,995.00   [strat=reciprocal_fairness_keeper] *
      R 2  buy $ 19,342.09   sel     $22,995.00   [strat=reciprocal_fairness_keeper]
      R 3  buy $ 13,258.88   sel     $22,500.00   [strat=reciprocal_fairness_keeper]
      R 4  buy $ 16,017.46   sel     $21,500.00   [strat=reciprocal_fairness_keeper]
      R 5  buy $  3,086.40   sel     $21,000.00   [strat=reciprocal_fairness_keeper]
      R 6  buy $ 16,705.00   sel     $20,500.00   [strat=reciprocal_fairness_keeper]
      R 7  buy $ 15,320.69   sel     $19,999.00   [strat=reciprocal_fairness_keeper]
      R 8  buy $  4,047.64   sel     $19,500.00   [strat=reciprocal_fairness_keeper]
      R 9  buy $  2,569.11   sel     $18,500.00   [strat=reciprocal_fairness_keeper]
      R10  buy $ 10,558.94   sel     $17,500.00   [strat=reciprocal_fairness_keeper]
      R11  buy $  7,867.65   sel     $17,000.00   [strat=reciprocal_fairness_keeper]
      R12  buy $  1,229.74   sel     $16,500.00   [strat=reciprocal_fairness_keeper]
      R13  buy $  1,686.76   sel     $16,000.00   [strat=reciprocal_fairness_keeper]
      R14  buy $  7,981.72   sel     $16,000.00   [strat=reciprocal_fairness_keeper]
      R15  buy $  9,315.44   sel     $15,500.00   [strat=reciprocal_fairness_keeper]
      R16  buy $ 13,849.49   sel     $14,900.00   [strat=reciprocal_fairness_keeper]
   run 19 done in 8.9 min

   run 20/30 on 2019 Honda Accord Sport 1.5T  seed=20562439
      R 1  buy $ 19,232.70   sel     $25,500.00   [strat=reciprocal_fairness_keeper] *
      R 2  buy $ 12,466.10   sel     $24,900.00   [strat=reciprocal_fairness_keeper]
      R 3  buy $ 19,395.72   sel     $24,400.00   [strat=reciprocal_fairness_keeper]
      R 4  buy $  2,452.42   sel     $24,200.00   [strat=reciprocal_fairness_keeper]
      R 5  buy $  5,596.97   sel     $24,000.00   [strat=reciprocal_fairness_keeper]
      R 6  buy $ 15,875.81   sel     $23,000.00   [strat=reciprocal_fairness_keeper]
      R 7  buy $    168.58   sel     $22,500.00   [strat=reciprocal_fairness_keeper]
      R 8  buy $ 18,003.60   sel     $21,500.00   [strat=reciprocal_fairness_keeper]
      R 9  buy $ 18,519.98   sel     $20,500.00   [strat=reciprocal_fairness_keeper]
      R10  buy $  6,228.85   sel     $20,000.00   [strat=reciprocal_fairness_keeper]
      R11  buy $ 12,244.95   sel     $19,500.00   [strat=reciprocal_fairness_keeper]
      R12  buy $  5,185.85   sel     $19,000.00   [strat=reciprocal_fairness_keeper]
      R13  buy $  9,910.68   sel     $19,000.00   [strat=reciprocal_fairness_keeper]
      R14  buy $ 10,073.29   sel     $19,000.00   [strat=reciprocal_fairness_keeper]
      R15  buy $ 15,533.92   sel     $18,000.00   [strat=reciprocal_fairness_keeper]
      R16  buy $  5,281.54   sel     $17,500.00   [strat=reciprocal_fairness_keeper]
   run 20 done in 8.2 min

   run 21/30 on 2019 Honda Accord Sport 1.5T  seed=20562440
      R 1  buy $ 23,116.68   sel     $25,995.00   [strat=reciprocal_fairness_keeper] *
      R 2  buy $ 11,193.04   sel     $25,995.00   [strat=reciprocal_fairness_keeper]
      R 3  buy $  9,632.33   sel     $25,995.00   [strat=reciprocal_fairness_keeper]
      R 4  buy $ 10,162.73   sel     $25,995.00   [strat=reciprocal_fairness_keeper]
      R 5  buy $  4,196.63   sel     $25,995.00   [strat=reciprocal_fairness_keeper]
      R 6  buy $  9,697.61   sel     $25,895.00   [strat=reciprocal_fairness_keeper]
      R 7  buy $     46.46   sel     $25,895.00   [strat=reciprocal_fairness_keeper]
      R 8  buy $ 18,411.48   sel     $24,495.00   [strat=reciprocal_fairness_keeper]
      R 9  buy $  8,096.69   sel     $24,495.00   [strat=reciprocal_fairness_keeper]
      R10  buy $ 14,467.63   sel     $22,495.00   [strat=reciprocal_fairness_keeper]
      R11  buy $ 19,838.81   sel     $21,495.00   [strat=reciprocal_fairness_keeper]
      R12  buy $ 19,566.50   sel     $21,295.00   [strat=reciprocal_fairness_keeper]
      R13  buy $    836.18   sel     $21,295.00   [strat=reciprocal_fairness_keeper]
      R14  buy $ 15,650.24   sel     $20,995.00   [strat=reciprocal_fairness_keeper]
      R15  buy $ 13,169.10   sel     $20,495.00   [strat=reciprocal_fairness_keeper]
      R16  buy $  2,145.62   sel     $20,295.00   [strat=reciprocal_fairness_keeper]
   run 21 done in 9.4 min

   run 22/30 on 2019 Honda Accord Sport 1.5T  seed=20562441
      R 1  buy $  1,509.90   sel     $25,999.90   [strat=reciprocal_fairness_keeper] *
