=== START exp01_fixed_busy_impatient_closer ===
    schedule    : fixed__busy_impatient_closer
    adaptive    : False  (switches=[])
    unique strat: ['busy_impatient_closer']
    n_rounds    : 16
    n_cars      : 5
    runs/car    : 30
    total runs  : 150
    total calls : 2400  (~12.0 h @ 200 calls/h)
    model       : deepseek-reasoner
    base_url    : https://api.deepseek.com
    base_seed   : 20260420
    output      : results\exp01_fixed_busy_impatient_closer.json

--- CAR 1/5: 2014 Mercedes-Benz S550  (M=$96,000.00  cost=$19,000.00  cost/M=19.79%) ---

   run 1/30 on 2014 Mercedes-Benz S550  seed=20360420
      R 1  buy $ 27,210.15   sel     $32,000.00   [strat=busy_impatient_closer] *
      R 2  buy $  8,194.32   sel     $29,999.00   [strat=busy_impatient_closer]
      R 3  buy $ 20,704.58   sel     $25,500.00   [strat=busy_impatient_closer]
      R 4  buy $ 18,977.59   sel     $24,999.00   [strat=busy_impatient_closer]
      R 5  buy $  4,878.68   sel     $24,999.00   [strat=busy_impatient_closer]
      R 6  buy $  2,940.63   sel     $24,500.00   [strat=busy_impatient_closer]
      R 7  buy $  3,152.75   sel     $24,000.00   [strat=busy_impatient_closer]
      R 8  buy $    338.48   sel     $23,500.00   [strat=busy_impatient_closer]
      R 9  buy $  1,930.25   sel     $22,000.00   [strat=busy_impatient_closer]
      R10  buy $ 20,753.42   sel     $20,900.00   [strat=busy_impatient_closer]
      R11  buy $ 12,611.84   sel     $20,500.00   [strat=busy_impatient_closer]
      R12  buy $ 11,009.37   sel     $20,000.00   [strat=busy_impatient_closer]
      R13  buy $ 13,486.05   sel     $19,800.00   [strat=busy_impatient_closer]
      R14  buy $    180.06   sel     $19,500.00   [strat=busy_impatient_closer]
      R15  buy $ 12,244.51   sel     $19,500.00   [strat=busy_impatient_closer]
      R16  buy $  5,258.26   sel     $19,250.00   [strat=busy_impatient_closer]
   run 1 done in 4.9 min

   run 2/30 on 2014 Mercedes-Benz S550  seed=20360421
      R 1  buy $ 84,076.16   sel     $92,500.00   [strat=busy_impatient_closer] *
      R 2  buy $ 59,026.83   sel     $89,500.00   [strat=busy_impatient_closer]
      R 3  buy $ 20,919.68   sel     $85,000.00   [strat=busy_impatient_closer]
      R 4  buy $    867.22   sel     $85,000.00   [strat=busy_impatient_closer]
      R 5  buy $ 67,151.43   sel     $80,000.00   [strat=busy_impatient_closer]
      R 6  buy $ 10,675.07   sel     $80,000.00   [strat=busy_impatient_closer]
      R 7  buy $ 18,418.80   sel     $75,000.00   [strat=busy_impatient_closer]
      R 8  buy $ 73,275.79   sel     $74,000.00   [strat=busy_impatient_closer]
      R 9  buy $ 27,854.84   sel     $74,500.00   [strat=busy_impatient_closer]
      R10  buy $ 31,902.88   sel     $60,000.00   [strat=busy_impatient_closer]
      R11  buy $ 33,958.60   sel     $45,000.00   [strat=busy_impatient_closer]
      R12  buy $ 14,236.85   sel     $30,000.00   [strat=busy_impatient_closer]
      R13  buy $ 23,794.92   sel     $30,000.00   [strat=busy_impatient_closer]
      R14  buy $ 17,712.25   sel     $25,000.00   [strat=busy_impatient_closer]
      R15  buy $ 24,567.32   sel     $24,567.32   [strat=busy_impatient_closer]
      R16  buy $ 16,224.61   sel     $22,500.00   [strat=busy_impatient_closer]
   run 2 done in 4.8 min

   run 3/30 on 2014 Mercedes-Benz S550  seed=20360422
      R 1  buy $ 28,131.45   sel     $30,900.00   [strat=busy_impatient_closer] *
      R 2  buy $ 13,079.41   sel     $29,500.00   [strat=busy_impatient_closer]
      R 3  buy $  6,783.90   sel     $28,500.00   [strat=busy_impatient_closer]
      R 4  buy $ 18,425.05   sel     $28,000.00   [strat=busy_impatient_closer]
      R 5  buy $ 27,900.33   sel     $27,900.33   [strat=busy_impatient_closer]
      R 6  buy $ 10,759.76   sel     $28,000.00   [strat=busy_impatient_closer]
      R 7  buy $ 21,233.65   sel     $28,250.00   [strat=busy_impatient_closer]
      R 8  buy $    464.86   sel     $28,000.00   [strat=busy_impatient_closer]
      R 9  buy $ 23,459.80   sel     $28,000.00   [strat=busy_impatient_closer]
      R10  buy $ 13,565.39   sel     $28,500.00   [strat=busy_impatient_closer]
      R11  buy $ 26,226.51   sel     $27,500.00   [strat=busy_impatient_closer]
      R12  buy $ 12,472.68   sel     $27,000.00   [strat=busy_impatient_closer]
      R13  buy $ 18,178.95   sel     $27,000.00   [strat=busy_impatient_closer]
      R14  buy $ 18,669.37   sel     $26,500.00   [strat=busy_impatient_closer]
      R15  buy $ 13,656.31   sel     $25,500.00   [strat=busy_impatient_closer]
      R16  buy $  7,634.87   sel     $24,500.00   [strat=busy_impatient_closer]
   run 3 done in 3.3 min

   run 4/30 on 2014 Mercedes-Benz S550  seed=20360423
      R 1  buy $ 90,378.48   sel     $95,500.00   [strat=busy_impatient_closer] *
      R 2  buy $ 86,660.25   sel     $95,000.00   [strat=busy_impatient_closer]
      R 3  buy $ 28,171.00   sel     $94,500.00   [strat=busy_impatient_closer]
      R 4  buy $ 26,451.95   sel     $94,000.00   [strat=busy_impatient_closer]
      R 5  buy $ 43,035.70   sel     $93,500.00   [strat=busy_impatient_closer]
      R 6  buy $ 86,334.71   sel     $92,000.00   [strat=busy_impatient_closer]
      R 7  buy $ 11,160.93   sel     $91,000.00   [strat=busy_impatient_closer]
      R 8  buy $ 25,480.79   sel     $90,000.00   [strat=busy_impatient_closer]
      R 9  buy $ 46,477.87   sel     $80,000.00   [strat=busy_impatient_closer]
      R10  buy $  3,711.96   sel     $75,000.00   [strat=busy_impatient_closer]
      R11  buy $ 35,020.29   sel     $65,000.00   [strat=busy_impatient_closer]
      R12  buy $ 52,757.16   sel     $60,000.00   [strat=busy_impatient_closer]
      R13  buy $ 37,799.78   sel     $55,000.00   [strat=busy_impatient_closer]
      R14  buy $ 40,868.03   sel     $50,000.00   [strat=busy_impatient_closer]
      R15  buy $  3,439.12   sel     $45,000.00   [strat=busy_impatient_closer]
      R16  buy $ 30,588.59   sel     $40,000.00   [strat=busy_impatient_closer]
   run 4 done in 4.2 min

   run 5/30 on 2014 Mercedes-Benz S550  seed=20360424
      R 1  buy $ 70,410.52   sel     $85,000.00   [strat=busy_impatient_closer] *
      R 2  buy $    158.22   sel     $84,500.00   [strat=busy_impatient_closer]
      R 3  buy $ 45,525.39   sel     $80,000.00   [strat=busy_impatient_closer]
      R 4  buy $ 21,840.50   sel     $75,000.00   [strat=busy_impatient_closer]
      R 5  buy $ 49,376.98   sel     $72,000.00   [strat=busy_impatient_closer]
      R 6  buy $ 50,016.08   sel     $68,000.00   [strat=busy_impatient_closer]
      R 7  buy $ 57,951.91   sel     $65,000.00   [strat=busy_impatient_closer]
      R 8  buy $ 60,949.75   sel     $62,000.00   [strat=busy_impatient_closer]
      R 9  buy $ 13,517.97   sel     $61,000.00   [strat=busy_impatient_closer]
      R10  buy $ 45,126.29   sel     $52,000.00   [strat=busy_impatient_closer]
      R11  buy $ 27,498.69   sel     $42,000.00   [strat=busy_impatient_closer]
      R12  buy $  6,324.28   sel     $38,000.00   [strat=busy_impatient_closer]
      R13  buy $ 29,300.82   sel     $34,500.00   [strat=busy_impatient_closer]
      R14  buy $ 15,771.47   sel     $32,000.00   [strat=busy_impatient_closer]
      R15  buy $ 26,616.78   sel     $30,000.00   [strat=busy_impatient_closer]
      R16  buy $  2,105.82   sel     $25,000.00   [strat=busy_impatient_closer]
   run 5 done in 4.7 min

   run 6/30 on 2014 Mercedes-Benz S550  seed=20360425
      R 1  buy $ 42,997.18   sel     $55,000.00   [strat=busy_impatient_closer] *
      R 2  buy $ 36,731.05   sel     $52,500.00   [strat=busy_impatient_closer]
      R 3  buy $  3,425.12   sel     $52,000.00   [strat=busy_impatient_closer]
      R 4  buy $ 40,998.15   sel     $50,000.00   [strat=busy_impatient_closer]
      R 5  buy $ 30,507.98   sel     $45,000.00   [strat=busy_impatient_closer]
      R 6  buy $ 28,624.18   sel     $39,995.00   [strat=busy_impatient_closer]
      R 7  buy $  4,475.79   sel     $39,995.00   [strat=busy_impatient_closer]
      R 8  buy $    323.21   sel     $37,500.00   [strat=busy_impatient_closer]
      R 9  buy $ 17,330.33   sel     $34,995.00   [strat=busy_impatient_closer]
      R10  buy $  5,533.42   sel     $32,500.00   [strat=busy_impatient_closer]
      R11  buy $ 22,021.43   sel     $27,995.00   [strat=busy_impatient_closer]
      R12  buy $ 15,143.88   sel     $24,995.00   [strat=busy_impatient_closer]
      R13  buy $ 13,475.27   sel     $21,995.00   [strat=busy_impatient_closer]
      R14  buy $  4,469.51   sel     $19,995.00   [strat=busy_impatient_closer]
      R15  buy $ 16,933.71   sel     $18,500.00   [strat=busy_impatient_closer]
      R16  buy $  1,959.08   sel     $18,500.00   [strat=busy_impatient_closer]
   run 6 done in 4.7 min

   run 7/30 on 2014 Mercedes-Benz S550  seed=20360426
      R 1  buy $ 15,902.25   sel     $23,500.00   [strat=busy_impatient_closer] *
      R 2  buy $ 13,434.00   sel     $22,800.00   [strat=busy_impatient_closer]
      R 3  buy $    822.81   sel     $22,500.00   [strat=busy_impatient_closer]
      R 4  buy $ 11,855.83   sel     $21,000.00   [strat=busy_impatient_closer]
      R 5  buy $  4,852.23   sel     $20,000.00   [strat=busy_impatient_closer]
      R 6  buy $ 13,482.34   sel     $19,500.00   [strat=busy_impatient_closer]
      R 7  buy $ 13,841.26   sel     $19,250.00   [strat=busy_impatient_closer]
      R 8  buy $ 11,451.44   sel     $19,000.00   [strat=busy_impatient_closer]
      R 9  buy $  5,704.13   sel     $19,000.00   [strat=busy_impatient_closer]
      R10  buy $ 13,205.67   sel     $18,500.00   [strat=busy_impatient_closer]
      R11  buy $  4,893.34   sel     $19,000.00   [strat=busy_impatient_closer]
      R12  buy $  1,937.29   sel     $19,500.00   [strat=busy_impatient_closer]
      R13  buy $ 14,081.72   sel     $19,000.00   [strat=busy_impatient_closer]
      R14  buy $  3,248.04   sel     $19,500.00   [strat=busy_impatient_closer]
      R15  buy $ 15,640.64   sel     $18,750.00   [strat=busy_impatient_closer]
      R16  buy $  3,542.74   sel     $19,250.00   [strat=busy_impatient_closer]
   run 7 done in 5.5 min

   run 8/30 on 2014 Mercedes-Benz S550  seed=20360427
      R 1  buy $ 53,284.15   sel     $65,000.00   [strat=busy_impatient_closer] *
      R 2  buy $ 60,879.42   sel     $63,500.00   [strat=busy_impatient_closer]
      R 3  buy $ 25,331.76   sel     $63,000.00   [strat=busy_impatient_closer]
      R 4  buy $ 43,190.88   sel     $62,500.00   [strat=busy_impatient_closer]
      R 5  buy $ 15,727.56   sel     $62,000.00   [strat=busy_impatient_closer]
      R 6  buy $ 32,409.05   sel     $61,500.00   [strat=busy_impatient_closer]
      R 7  buy $ 29,101.41   sel     $61,000.00   [strat=busy_impatient_closer]
      R 8  buy $ 60,704.36   sel     $60,704.36   [strat=busy_impatient_closer]
      R 9  buy $  9,366.12   sel     $60,500.00   [strat=busy_impatient_closer]
      R10  buy $  7,194.40   sel     $60,000.00   [strat=busy_impatient_closer]
      R11  buy $ 18,330.15   sel     $59,500.00   [strat=busy_impatient_closer]
      R12  buy $ 59,009.30   sel     $59,009.30   [strat=busy_impatient_closer]
      R13  buy $ 38,935.88   sel     $58,500.00   [strat=busy_impatient_closer]
      R14  buy $ 49,432.53   sel     PARSE-FAIL   [strat=busy_impatient_closer]
      R15  buy $ 49,402.16   sel     $58,000.00   [strat=busy_impatient_closer]
      R16  buy $ 23,100.49   sel     $57,500.00   [strat=busy_impatient_closer]
   run 8 done in 3.4 min

   run 9/30 on 2014 Mercedes-Benz S550  seed=20360428
      R 1  buy $ 45,726.41   sel     $52,995.00   [strat=busy_impatient_closer] *
      R 2  buy $ 38,347.66   sel     $49,900.00   [strat=busy_impatient_closer]
      R 3  buy $ 44,862.31   sel     $44,862.31   [strat=busy_impatient_closer]
      R 4  buy $ 23,541.07   sel     $44,862.31   [strat=busy_impatient_closer]
      R 5  buy $ 15,451.82   sel     $43,900.00   [strat=busy_impatient_closer]
      R 6  buy $ 35,446.87   sel     $41,500.00   [strat=busy_impatient_closer]
      R 7  buy $  4,099.70   sel     $38,000.00   [strat=busy_impatient_closer]
      R 8  buy $ 28,228.80   sel     $36,500.00   [strat=busy_impatient_closer]
      R 9  buy $ 20,159.67   sel     $25,000.00   [strat=busy_impatient_closer]
      R10  buy $ 13,252.92   sel     $21,500.00   [strat=busy_impatient_closer]
      R11  buy $  7,975.12   sel     $20,000.00   [strat=busy_impatient_closer]
      R12  buy $  7,824.04   sel     $19,500.00   [strat=busy_impatient_closer]
      R13  buy $  3,227.83   sel     $19,500.00   [strat=busy_impatient_closer]
      R14  buy $    499.43   sel     $19,250.00   [strat=busy_impatient_closer]
      R15  buy $ 11,098.56   sel     $19,250.00   [strat=busy_impatient_closer]
      R16  buy $ 12,168.59   sel     $19,250.00   [strat=busy_impatient_closer]
   run 9 done in 5.9 min

   run 10/30 on 2014 Mercedes-Benz S550  seed=20360429
      R 1  buy $ 65,217.91   sel     $75,000.00   [strat=busy_impatient_closer] *
      R 2  buy $ 20,146.33   sel     $74,500.00   [strat=busy_impatient_closer]
      R 3  buy $ 14,761.91   sel     $73,000.00   [strat=busy_impatient_closer]
      R 4  buy $ 53,594.66   sel     $72,000.00   [strat=busy_impatient_closer]
      R 5  buy $ 38,989.28   sel     $70,000.00   [strat=busy_impatient_closer]
      R 6  buy $ 14,784.93   sel     $69,500.00   [strat=busy_impatient_closer]
      R 7  buy $ 46,843.91   sel     $68,000.00   [strat=busy_impatient_closer]
      R 8  buy $ 21,457.62   sel     $67,500.00   [strat=busy_impatient_closer]
      R 9  buy $ 41,990.99   sel     $66,000.00   [strat=busy_impatient_closer]
      R10  buy $ 62,184.11   sel     $65,000.00   [strat=busy_impatient_closer]
      R11  buy $ 19,968.78   sel     $64,500.00   [strat=busy_impatient_closer]
      R12  buy $ 40,949.66   sel     $52,000.00   [strat=busy_impatient_closer]
      R13  buy $ 11,938.10   sel     $48,000.00   [strat=busy_impatient_closer]
      R14  buy $ 26,242.52   sel     $47,500.00   [strat=busy_impatient_closer]
      R15  buy $  4,434.68   sel     $45,000.00   [strat=busy_impatient_closer]
      R16  buy $ 41,502.29   sel     $43,000.00   [strat=busy_impatient_closer]
   run 10 done in 4.0 min

   run 11/30 on 2014 Mercedes-Benz S550  seed=20360430
      R 1  buy $ 25,073.76   sel     $29,900.00   [strat=busy_impatient_closer] *
      R 2  buy $ 16,695.88   sel     $27,500.00   [strat=busy_impatient_closer]
      R 3  buy $ 18,521.32   sel     $25,000.00   [strat=busy_impatient_closer]
      R 4  buy $ 20,939.06   sel     $23,000.00   [strat=busy_impatient_closer]
      R 5  buy $ 20,956.33   sel     $23,000.00   [strat=busy_impatient_closer]
      R 6  buy $  1,501.03   sel     $23,000.00   [strat=busy_impatient_closer]
      R 7  buy $  8,075.68   sel     $23,000.00   [strat=busy_impatient_closer]
      R 8  buy $  5,499.65   sel     $22,000.00   [strat=busy_impatient_closer]
      R 9  buy $  5,204.51   sel     $22,000.00   [strat=busy_impatient_closer]
      R10  buy $  8,411.41   sel     $21,000.00   [strat=busy_impatient_closer]
      R11  buy $  9,617.18   sel     $21,000.00   [strat=busy_impatient_closer]
      R12  buy $  6,265.20   sel     $20,500.00   [strat=busy_impatient_closer]
      R13  buy $  3,559.90   sel     $20,500.00   [strat=busy_impatient_closer]
      R14  buy $  8,466.02   sel     $19,500.00   [strat=busy_impatient_closer]
      R15  buy $ 16,828.92   sel     $19,200.00   [strat=busy_impatient_closer]
      R16  buy $  5,149.77   sel     $19,000.00   [strat=busy_impatient_closer]
   run 11 done in 4.5 min

   run 12/30 on 2014 Mercedes-Benz S550  seed=20360431
      R 1  buy $ 39,357.04   sel     $55,000.00   [strat=busy_impatient_closer] *
      R 2  buy $ 36,708.39   sel     $52,500.00   [strat=busy_impatient_closer]
      R 3  buy $ 35,924.58   sel     $49,900.00   [strat=busy_impatient_closer]
      R 4  buy $ 24,255.87   sel     $45,900.00   [strat=busy_impatient_closer]
      R 5  buy $  3,919.07   sel     $44,500.00   [strat=busy_impatient_closer]
      R 6  buy $  1,613.29   sel     $44,000.00   [strat=busy_impatient_closer]
      R 7  buy $ 24,426.81   sel     $43,500.00   [strat=busy_impatient_closer]
      R 8  buy $ 40,224.68   sel     $43,000.00   [strat=busy_impatient_closer]
      R 9  buy $  9,804.25   sel     $42,500.00   [strat=busy_impatient_closer]
      R10  buy $ 27,330.95   sel     $41,000.00   [strat=busy_impatient_closer]
      R11  buy $ 26,586.73   sel     $38,000.00   [strat=busy_impatient_closer]
      R12  buy $ 21,219.39   sel     $34,500.00   [strat=busy_impatient_closer]
      R13  buy $  3,819.06   sel     $32,000.00   [strat=busy_impatient_closer]
      R14  buy $ 13,578.47   sel     $28,000.00   [strat=busy_impatient_closer]
      R15  buy $ 25,999.60   sel     $27,500.00   [strat=busy_impatient_closer]
      R16  buy $ 20,853.86   sel     $27,000.00   [strat=busy_impatient_closer]
   run 12 done in 3.4 min

   run 13/30 on 2014 Mercedes-Benz S550  seed=20360432
      R 1  buy $ 28,947.71   sel     $30,995.00   [strat=busy_impatient_closer] *
      R 2  buy $ 19,621.26   sel     $29,500.00   [strat=busy_impatient_closer]
      R 3  buy $  9,691.90   sel     $28,500.00   [strat=busy_impatient_closer]
      R 4  buy $ 22,010.16   sel     $24,500.00   [strat=busy_impatient_closer]
      R 5  buy $  1,781.51   sel     $24,500.00   [strat=busy_impatient_closer]
      R 6  buy $ 12,572.67   sel     $23,500.00   [strat=busy_impatient_closer]
      R 7  buy $  6,665.29   sel     $22,000.00   [strat=busy_impatient_closer]
      R 8  buy $ 12,963.49   sel     $21,000.00   [strat=busy_impatient_closer]
      R 9  buy $  7,094.68   sel     $20,500.00   [strat=busy_impatient_closer]
      R10  buy $  5,030.69   sel     $20,000.00   [strat=busy_impatient_closer]
      R11  buy $ 19,335.93   sel     $19,500.00   [strat=busy_impatient_closer]
      R12  buy $    620.50   sel     $19,500.00   [strat=busy_impatient_closer]
      R13  buy $ 18,200.13   sel     $19,100.00   [strat=busy_impatient_closer]
      R14  buy $  7,109.33   sel     $19,000.00   [strat=busy_impatient_closer]
      R15  buy $  6,758.88   sel     $19,000.00   [strat=busy_impatient_closer]
      R16  buy $    781.41   sel     $19,000.00   [strat=busy_impatient_closer]
   run 13 done in 4.0 min

   run 14/30 on 2014 Mercedes-Benz S550  seed=20360433
      R 1  buy $ 74,167.21   sel     $85,000.00   [strat=busy_impatient_closer] *
      R 2  buy $ 52,872.44   sel     $78,500.00   [strat=busy_impatient_closer]
      R 3  buy $  4,608.37   sel     $77,000.00   [strat=busy_impatient_closer]
      R 4  buy $ 38,027.47   sel     $76,500.00   [strat=busy_impatient_closer]
      R 5  buy $ 17,908.08   sel     $74,500.00   [strat=busy_impatient_closer]
      R 6  buy $  9,987.35   sel     $25,000.00   [strat=busy_impatient_closer]
      R 7  buy $ 23,859.48   sel     $23,859.48   [strat=busy_impatient_closer]
      R 8  buy $    752.95   sel     $23,859.48   [strat=busy_impatient_closer]
      R 9  buy $ 12,000.25   sel     $22,000.00   [strat=busy_impatient_closer]
      R10  buy $ 12,615.23   sel     $21,500.00   [strat=busy_impatient_closer]
      R11  buy $  4,299.66   sel     $20,000.00   [strat=busy_impatient_closer]
      R12  buy $  4,493.91   sel     $19,500.00   [strat=busy_impatient_closer]
      R13  buy $ 15,172.49   sel     $19,000.00   [strat=busy_impatient_closer]
      R14  buy $  4,777.46   sel     $19,500.00   [strat=busy_impatient_closer]
      R15  buy $ 11,651.44   sel     $19,000.00   [strat=busy_impatient_closer]
      R16  buy $ 10,642.42   sel     $19,000.00   [strat=busy_impatient_closer]
   run 14 done in 4.9 min

   run 15/30 on 2014 Mercedes-Benz S550  seed=20360434
      R 1  buy $  3,569.00   sel     $28,500.00   [strat=busy_impatient_closer] *
      R 2  buy $  7,651.06   sel     $26,500.00   [strat=busy_impatient_closer]
      R 3  buy $ 11,713.51   sel     $24,500.00   [strat=busy_impatient_closer]
      R 4  buy $  9,422.52   sel     $23,500.00   [strat=busy_impatient_closer]
      R 5  buy $  9,559.31   sel     $22,500.00   [strat=busy_impatient_closer]
      R 6  buy $  6,989.33   sel     $21,500.00   [strat=busy_impatient_closer]
      R 7  buy $ 17,810.79   sel     $20,500.00   [strat=busy_impatient_closer]
      R 8  buy $  2,319.27   sel     $20,000.00   [strat=busy_impatient_closer]
      R 9  buy $  7,123.42   sel     $19,500.00   [strat=busy_impatient_closer]
      R10  buy $ 11,467.67   sel     $19,500.00   [strat=busy_impatient_closer]
      R11  buy $  3,509.97   sel     $19,000.00   [strat=busy_impatient_closer]
      R12  buy $  1,058.50   sel     $19,000.00   [strat=busy_impatient_closer]
      R13  buy $ 11,045.06   sel     $19,000.00   [strat=busy_impatient_closer]
      R14  buy $ 11,790.34   sel     $19,000.00   [strat=busy_impatient_closer]
      R15  buy $ 16,973.67   sel     $19,000.00   [strat=busy_impatient_closer]
      R16  buy $ 18,107.20   sel     $19,000.00   [strat=busy_impatient_closer]
   run 15 done in 4.8 min

   run 16/30 on 2014 Mercedes-Benz S550  seed=20360435
      R 1  buy $ 71,767.25   sel     $74,995.00   [strat=busy_impatient_closer] *
      R 2  buy $ 69,777.22   sel     $72,500.00   [strat=busy_impatient_closer]
      R 3  buy $ 16,944.51   sel     $70,000.00   [strat=busy_impatient_closer]
      R 4  buy $ 44,176.21   sel     $65,000.00   [strat=busy_impatient_closer]
      R 5  buy $ 63,002.87   sel     $63,002.87   [strat=busy_impatient_closer]
      R 6  buy $ 50,372.91   sel     $61,500.00   [strat=busy_impatient_closer]
      R 7  buy $ 26,686.60   sel     $59,999.00   [strat=busy_impatient_closer]
      R 8  buy $ 11,692.53   sel     $58,500.00   [strat=busy_impatient_closer]
      R 9  buy $ 56,334.30   sel     $57,500.00   [strat=busy_impatient_closer]
      R10  buy $ 13,843.05   sel     $55,000.00   [strat=busy_impatient_closer]
      R11  buy $ 37,345.35   sel     $50,000.00   [strat=busy_impatient_closer]
      R12  buy $  6,952.62   sel     $50,000.00   [strat=busy_impatient_closer]
      R13  buy $  2,429.98   sel     $48,000.00   [strat=busy_impatient_closer]
      R14  buy $ 15,141.26   sel     $45,000.00   [strat=busy_impatient_closer]
      R15  buy $ 35,844.03   sel     $42,000.00   [strat=busy_impatient_closer]
      R16  buy $ 21,036.40   sel     $38,000.00   [strat=busy_impatient_closer]
   run 16 done in 5.2 min

   run 17/30 on 2014 Mercedes-Benz S550  seed=20360436
      R 1  buy $ 30,279.87   sel     $32,500.00   [strat=busy_impatient_closer] *
      R 2  buy $ 28,656.29   sel     $31,500.00   [strat=busy_impatient_closer]
      R 3  buy $  6,946.20   sel     $30,000.00   [strat=busy_impatient_closer]
      R 4  buy $ 16,720.42   sel     $30,000.00   [strat=busy_impatient_closer]
      R 5  buy $  1,219.01   sel     $30,000.00   [strat=busy_impatient_closer]
      R 6  buy $  3,737.24   sel     $30,000.00   [strat=busy_impatient_closer]
      R 7  buy $ 10,315.96   sel     $29,500.00   [strat=busy_impatient_closer]
      R 8  buy $ 16,130.20   sel     $28,000.00   [strat=busy_impatient_closer]
      R 9  buy $  2,358.04   sel     $26,000.00   [strat=busy_impatient_closer]
      R10  buy $ 21,039.12   sel     $24,000.00   [strat=busy_impatient_closer]
      R11  buy $ 18,145.35   sel     $22,000.00   [strat=busy_impatient_closer]
      R12  buy $ 10,904.70   sel     $24,000.00   [strat=busy_impatient_closer]
      R13  buy $    679.56   sel     $21,000.00   [strat=busy_impatient_closer]
      R14  buy $  9,101.20   sel     $20,000.00   [strat=busy_impatient_closer]
      R15  buy $  8,184.57   sel     $19,500.00   [strat=busy_impatient_closer]
      R16  buy $ 17,348.32   sel     $19,250.00   [strat=busy_impatient_closer]
   run 17 done in 5.5 min

   run 18/30 on 2014 Mercedes-Benz S550  seed=20360437
      R 1  buy $ 82,104.44   sel     $90,000.00   [strat=busy_impatient_closer] *
      R 2  buy $  9,985.69   sel     $85,000.00   [strat=busy_impatient_closer]
      R 3  buy $ 67,918.46   sel     $78,000.00   [strat=busy_impatient_closer]
      R 4  buy $ 24,564.30   sel     $70,000.00   [strat=busy_impatient_closer]
      R 5  buy $     10.20   sel     $65,000.00   [strat=busy_impatient_closer]
      R 6  buy $  5,939.43   sel     $60,000.00   [strat=busy_impatient_closer]
      R 7  buy $ 18,462.38   sel     $58,000.00   [strat=busy_impatient_closer]
      R 8  buy $ 10,228.96   sel     $55,000.00   [strat=busy_impatient_closer]
      R 9  buy $ 17,413.10   sel     $30,000.00   [strat=busy_impatient_closer]
      R10  buy $ 17,764.12   sel     $25,000.00   [strat=busy_impatient_closer]
      R11  buy $ 11,335.95   sel     $22,500.00   [strat=busy_impatient_closer]
      R12  buy $ 19,513.33   sel     $20,000.00   [strat=busy_impatient_closer]
      R13  buy $ 18,048.33   sel     $19,500.00   [strat=busy_impatient_closer]
      R14  buy $  8,574.68   sel     $19,250.00   [strat=busy_impatient_closer]
      R15  buy $ 13,130.09   sel     $19,000.00   [strat=busy_impatient_closer]
      R16  buy $  8,654.34   sel     $19,100.00   [strat=busy_impatient_closer]
   run 18 done in 4.5 min

   run 19/30 on 2014 Mercedes-Benz S550  seed=20360438
      R 1  buy $ 14,149.00   sel     $24,999.00   [strat=busy_impatient_closer] *
      R 2  buy $ 20,923.26   sel     $23,500.00   [strat=busy_impatient_closer]
      R 3  buy $ 18,288.48   sel     $23,000.00   [strat=busy_impatient_closer]
      R 4  buy $  4,399.97   sel     $23,000.00   [strat=busy_impatient_closer]
      R 5  buy $  7,213.70   sel     PARSE-FAIL   [strat=busy_impatient_closer]
      R 6  buy $  9,940.84   sel     $23,000.00   [strat=busy_impatient_closer]
      R 7  buy $  3,666.37   sel     $23,000.00   [strat=busy_impatient_closer]
      R 8  buy $    575.99   sel     $22,500.00   [strat=busy_impatient_closer]
      R 9  buy $    446.76   sel     $22,500.00   [strat=busy_impatient_closer]
      R10  buy $ 13,225.67   sel     $21,900.00   [strat=busy_impatient_closer]
      R11  buy $ 20,903.24   sel     $21,500.00   [strat=busy_impatient_closer]
      R12  buy $  1,394.39   sel     $21,000.00   [strat=busy_impatient_closer]
      R13  buy $     23.89   sel     $21,000.00   [strat=busy_impatient_closer]
      R14  buy $  6,870.72   sel     $20,903.24   [strat=busy_impatient_closer]
      R15  buy $  5,492.97   sel     $20,903.24   [strat=busy_impatient_closer]
      R16  buy $ 19,084.78   sel     $20,000.00   [strat=busy_impatient_closer]
   run 19 done in 5.3 min

   run 20/30 on 2014 Mercedes-Benz S550  seed=20360439
      R 1  buy $ 61,891.55   sel     $87,500.00   [strat=busy_impatient_closer] *
      R 2  buy $ 13,662.31   sel     $65,000.00   [strat=busy_impatient_closer]
      R 3  buy $ 21,892.23   sel     $50,000.00   [strat=busy_impatient_closer]
      R 4  buy $  2,616.58   sel     $32,500.00   [strat=busy_impatient_closer]
      R 5  buy $ 30,857.71   sel     $31,678.86   [strat=busy_impatient_closer]
      R 6  buy $ 24,655.67   sel     $28,000.00   [strat=busy_impatient_closer]
      R 7  buy $  1,025.23   sel     $25,500.00   [strat=busy_impatient_closer]
      R 8  buy $  8,325.46   sel     $22,000.00   [strat=busy_impatient_closer]
      R 9  buy $  4,580.11   sel     $20,500.00   [strat=busy_impatient_closer]
      R10  buy $ 13,225.19   sel     $19,500.00   [strat=busy_impatient_closer]
      R11  buy $    639.69   sel     $19,000.00   [strat=busy_impatient_closer]
      R12  buy $ 13,268.84   sel     $19,000.00   [strat=busy_impatient_closer]
      R13  buy $  9,452.78   sel     $19,000.00   [strat=busy_impatient_closer]
      R14  buy $ 12,505.57   sel     $19,000.00   [strat=busy_impatient_closer]
      R15  buy $  6,798.15   sel     $19,000.00   [strat=busy_impatient_closer]
      R16  buy $  6,111.39   sel     $19,000.00   [strat=busy_impatient_closer]
   run 20 done in 5.0 min

   run 21/30 on 2014 Mercedes-Benz S550  seed=20360440
      R 1  buy $  7,033.11   sel     $24,500.00   [strat=busy_impatient_closer] *
      R 2  buy $  7,713.55   sel     $23,000.00   [strat=busy_impatient_closer]
      R 3  buy $ 17,248.26   sel     $20,500.00   [strat=busy_impatient_closer]
      R 4  buy $  3,075.17   sel     $20,000.00   [strat=busy_impatient_closer]
      R 5  buy $  7,118.19   sel     $19,500.00   [strat=busy_impatient_closer]
      R 6  buy $  3,987.68   sel     $19,250.00   [strat=busy_impatient_closer]
      R 7  buy $ 18,025.39   sel     $19,100.00   [strat=busy_impatient_closer]
      R 8  buy $  1,771.05   sel     $19,100.00   [strat=busy_impatient_closer]
      R 9  buy $  9,450.84   sel     $18,900.00   [strat=busy_impatient_closer]
      R10  buy $  4,117.32   sel     $19,100.00   [strat=busy_impatient_closer]
      R11  buy $  2,868.70   sel     $19,100.00   [strat=busy_impatient_closer]
      R12  buy $  6,758.00   sel     $19,100.00   [strat=busy_impatient_closer]
      R13  buy $  5,845.75   sel     $19,000.00   [strat=busy_impatient_closer]
      R14  buy $    962.45   sel     $19,000.00   [strat=busy_impatient_closer]
      R15  buy $ 17,732.99   sel     $19,000.00   [strat=busy_impatient_closer]
      R16  buy $ 10,049.76   sel     $19,000.00   [strat=busy_impatient_closer]
   run 21 done in 4.7 min

   run 22/30 on 2014 Mercedes-Benz S550  seed=20360441
      R 1  buy $ 18,993.31   sel     $21,500.00   [strat=busy_impatient_closer] *
      R 2  buy $  5,026.77   sel     $21,000.00   [strat=busy_impatient_closer]
      R 3  buy $ 18,568.83   sel     $20,500.00   [strat=busy_impatient_closer]
      R 4  buy $ 17,208.51   sel     $20,000.00   [strat=busy_impatient_closer]
      R 5  buy $  5,017.10   sel     $19,500.00   [strat=busy_impatient_closer]
      R 6  buy $ 13,267.13   sel     $19,500.00   [strat=busy_impatient_closer]
      R 7  buy $    711.98   sel     $19,250.00   [strat=busy_impatient_closer]
      R 8  buy $  2,790.19   sel     $19,200.00   [strat=busy_impatient_closer]
      R 9  buy $ 14,511.38   sel     $19,100.00   [strat=busy_impatient_closer]
      R10  buy $  2,086.27   sel     $19,000.00   [strat=busy_impatient_closer]
      R11  buy $ 16,450.30   sel     $19,050.00   [strat=busy_impatient_closer]
      R12  buy $ 16,140.27   sel     PARSE-FAIL   [strat=busy_impatient_closer]
      R13  buy $ 12,840.75   sel     $19,000.00   [strat=busy_impatient_closer]
      R14  buy $ 16,149.66   sel     $18,900.00   [strat=busy_impatient_closer]
      R15  buy $  7,961.23   sel     $18,750.00   [strat=busy_impatient_closer]
      R16  buy $ 14,900.54   sel     $19,000.00   [strat=busy_impatient_closer]
   run 22 done in 4.7 min

   run 23/30 on 2014 Mercedes-Benz S550  seed=20360442
      R 1  buy $ 71,509.90   sel     $85,000.00   [strat=busy_impatient_closer] *
      R 2  buy $ 28,548.03   sel     $78,000.00   [strat=busy_impatient_closer]
      R 3  buy $ 25,280.21   sel     $75,000.00   [strat=busy_impatient_closer]
      R 4  buy $    336.14   sel     $75,000.00   [strat=busy_impatient_closer]
      R 5  buy $  4,202.25   sel     $75,000.00   [strat=busy_impatient_closer]
      R 6  buy $ 48,651.34   sel     $70,000.00   [strat=busy_impatient_closer]
      R 7  buy $ 10,511.44   sel     $68,000.00   [strat=busy_impatient_closer]
      R 8  buy $ 62,459.14   sel     $65,200.00   [strat=busy_impatient_closer]
      R 9  buy $ 29,477.20   sel     $48,000.00   [strat=busy_impatient_closer]
      R10  buy $  7,825.74   sel     $45,000.00   [strat=busy_impatient_closer]
      R11  buy $ 43,986.34   sel     $44,500.00   [strat=busy_impatient_closer]
      R12  buy $ 17,999.38   sel     $35,000.00   [strat=busy_impatient_closer]
      R13  buy $  7,867.36   sel     $32,000.00   [strat=busy_impatient_closer]
      R14  buy $  2,136.16   sel     $30,000.00   [strat=busy_impatient_closer]
      R15  buy $ 27,371.56   sel     $29,000.00   [strat=busy_impatient_closer]
      R16  buy $  3,283.46   sel     $27,500.00   [strat=busy_impatient_closer]
   run 23 done in 4.6 min

   run 24/30 on 2014 Mercedes-Benz S550  seed=20360443
      R 1  buy $ 74,315.92   sel     $82,000.00   [strat=busy_impatient_closer] *
      R 2  buy $ 39,645.43   sel     $79,000.00   [strat=busy_impatient_closer]
      R 3  buy $ 23,069.60   sel     $79,000.00   [strat=busy_impatient_closer]
      R 4  buy $  4,154.86   sel     $79,000.00   [strat=busy_impatient_closer]
      R 5  buy $ 20,348.82   sel     $20,348.82   [strat=busy_impatient_closer]
      R 6  buy $ 20,194.25   sel     $20,194.25   [strat=busy_impatient_closer]
      R 7  buy $  7,267.97   sel     $21,500.00   [strat=busy_impatient_closer]
      R 8  buy $ 16,333.38   sel     $20,000.00   [strat=busy_impatient_closer]
      R 9  buy $  1,908.08   sel     $19,500.00   [strat=busy_impatient_closer]
      R10  buy $  9,364.64   sel     $19,500.00   [strat=busy_impatient_closer]
      R11  buy $ 10,220.45   sel     $19,500.00   [strat=busy_impatient_closer]
      R12  buy $  7,051.59   sel     $19,200.00   [strat=busy_impatient_closer]
      R13  buy $ 18,555.88   sel     $19,100.00   [strat=busy_impatient_closer]
      R14  buy $  8,161.84   sel     $18,800.00   [strat=busy_impatient_closer]
      R15  buy $ 16,107.43   sel     $18,500.00   [strat=busy_impatient_closer]
      R16  buy $  8,036.91   sel     $18,500.00   [strat=busy_impatient_closer]
   run 24 done in 4.4 min

   run 25/30 on 2014 Mercedes-Benz S550  seed=20360444
      R 1  buy $ 31,334.62   sel     $34,500.00   [strat=busy_impatient_closer] *
      R 2  buy $ 27,889.35   sel     $32,500.00   [strat=busy_impatient_closer]
      R 3  buy $ 11,436.30   sel     $32,000.00   [strat=busy_impatient_closer]
      R 4  buy $ 13,563.86   sel     $30,000.00   [strat=busy_impatient_closer]
      R 5  buy $ 28,351.97   sel     $29,500.00   [strat=busy_impatient_closer]
      R 6  buy $ 14,736.72   sel     $28,500.00   [strat=busy_impatient_closer]
      R 7  buy $ 25,269.21   sel     $27,000.00   [strat=busy_impatient_closer]
      R 8  buy $  2,607.66   sel     $26,500.00   [strat=busy_impatient_closer]
      R 9  buy $ 18,973.87   sel     $24,000.00   [strat=busy_impatient_closer]
      R10  buy $ 21,797.91   sel     $22,500.00   [strat=busy_impatient_closer]
      R11  buy $  1,207.10   sel     $21,000.00   [strat=busy_impatient_closer]
      R12  buy $ 19,747.65   sel     $20,500.00   [strat=busy_impatient_closer]
      R13  buy $ 12,447.84   sel     $19,500.00   [strat=busy_impatient_closer]
      R14  buy $  9,194.38   sel     $19,500.00   [strat=busy_impatient_closer]
      R15  buy $ 15,269.40   sel     $19,250.00   [strat=busy_impatient_closer]
      R16  buy $ 18,842.96   sel     $19,100.00   [strat=busy_impatient_closer]
   run 25 done in 4.8 min

   run 26/30 on 2014 Mercedes-Benz S550  seed=20360445
      R 1  buy $ 10,603.95   sel     $28,500.00   [strat=busy_impatient_closer] *
      R 2  buy $ 11,248.68   sel     $26,500.00   [strat=busy_impatient_closer]
      R 3  buy $ 23,498.05   sel     $24,500.00   [strat=busy_impatient_closer]
      R 4  buy $  5,055.83   sel     $24,500.00   [strat=busy_impatient_closer]
      R 5  buy $  5,904.54   sel     $24,500.00   [strat=busy_impatient_closer]
      R 6  buy $     11.97   sel     $24,000.00   [strat=busy_impatient_closer]
      R 7  buy $ 11,185.08   sel     $23,000.00   [strat=busy_impatient_closer]
      R 8  buy $ 10,666.72   sel     $21,500.00   [strat=busy_impatient_closer]
      R 9  buy $  7,112.58   sel     $20,500.00   [strat=busy_impatient_closer]
      R10  buy $  7,749.74   sel     $20,000.00   [strat=busy_impatient_closer]
      R11  buy $ 10,696.33   sel     $19,999.00   [strat=busy_impatient_closer]
      R12  buy $  2,221.93   sel     $19,500.00   [strat=busy_impatient_closer]
      R13  buy $ 12,586.93   sel     $19,500.00   [strat=busy_impatient_closer]
      R14  buy $  3,123.40   sel     $19,250.00   [strat=busy_impatient_closer]
      R15  buy $ 11,312.44   sel     $19,100.00   [strat=busy_impatient_closer]
      R16  buy $  7,380.06   sel     $19,100.00   [strat=busy_impatient_closer]
   run 26 done in 5.2 min

   run 27/30 on 2014 Mercedes-Benz S550  seed=20360446
      R 1  buy $ 72,770.38   sel     $89,500.00   [strat=busy_impatient_closer] *
      R 2  buy $ 12,356.90   sel     $87,000.00   [strat=busy_impatient_closer]
      R 3  buy $ 22,090.59   sel     $85,000.00   [strat=busy_impatient_closer]
      R 4  buy $  9,960.02   sel     $84,000.00   [strat=busy_impatient_closer]
      R 5  buy $ 58,408.61   sel     $82,500.00   [strat=busy_impatient_closer]
      R 6  buy $ 51,042.64   sel     $82,000.00   [strat=busy_impatient_closer]
      R 7  buy $ 75,480.54   sel     $80,000.00   [strat=busy_impatient_closer]
      R 8  buy $ 33,244.84   sel     $78,000.00   [strat=busy_impatient_closer]
      R 9  buy $ 44,312.05   sel     $76,500.00   [strat=busy_impatient_closer]
      R10  buy $  8,784.47   sel     $75,480.00   [strat=busy_impatient_closer]
      R11  buy $ 62,469.73   sel     $75,480.00   [strat=busy_impatient_closer]
      R12  buy $ 30,140.20   sel     $75,480.00   [strat=busy_impatient_closer]
      R13  buy $ 63,443.04   sel     $75,480.00   [strat=busy_impatient_closer]
      R14  buy $ 26,255.38   sel     $75,480.00   [strat=busy_impatient_closer]
      R15  buy $ 33,694.30   sel     $75,480.00   [strat=busy_impatient_closer]
      R16  buy $ 54,991.04   sel     $74,000.00   [strat=busy_impatient_closer]
   run 27 done in 4.3 min

   run 28/30 on 2014 Mercedes-Benz S550  seed=20360447
      R 1  buy $ 74,483.10   sel     $85,000.00   [strat=busy_impatient_closer] *
      R 2  buy $ 79,627.31   sel     $82,500.00   [strat=busy_impatient_closer]
      R 3  buy $  4,713.91   sel     $80,000.00   [strat=busy_impatient_closer]
      R 4  buy $ 48,526.00   sel     $77,500.00   [strat=busy_impatient_closer]
      R 5  buy $ 71,546.31   sel     $74,500.00   [strat=busy_impatient_closer]
      R 6  buy $ 61,298.75   sel     $72,000.00   [strat=busy_impatient_closer]
      R 7  buy $ 59,475.05   sel     $70,000.00   [strat=busy_impatient_closer]
      R 8  buy $ 19,176.10   sel     $68,000.00   [strat=busy_impatient_closer]
      R 9  buy $ 24,314.32   sel     $65,000.00   [strat=busy_impatient_closer]
      R10  buy $ 32,436.88   sel     $50,000.00   [strat=busy_impatient_closer]
      R11  buy $ 45,282.27   sel     $46,000.00   [strat=busy_impatient_closer]
      R12  buy $ 35,272.67   sel     $40,000.00   [strat=busy_impatient_closer]
      R13  buy $  2,941.24   sel     $25,000.00   [strat=busy_impatient_closer]
      R14  buy $ 23,557.15   sel     $23,557.15   [strat=busy_impatient_closer]
      R15  buy $  2,868.81   sel     $20,000.00   [strat=busy_impatient_closer]
      R16  buy $ 15,160.70   sel     $21,000.00   [strat=busy_impatient_closer]
   run 28 done in 7.0 min

   run 29/30 on 2014 Mercedes-Benz S550  seed=20360448
      R 1  buy $ 38,478.19   sel     $48,000.00   [strat=busy_impatient_closer] *
      R 2  buy $ 16,976.31   sel     $42,500.00   [strat=busy_impatient_closer]
      R 3  buy $ 12,013.38   sel     $38,000.00   [strat=busy_impatient_closer]
      R 4  buy $  3,337.56   sel     $38,000.00   [strat=busy_impatient_closer]
      R 5  buy $ 33,736.87   sel     $36,000.00   [strat=busy_impatient_closer]
      R 6  buy $  5,707.37   sel     $35,000.00   [strat=busy_impatient_closer]
      R 7  buy $ 16,806.06   sel     $35,000.00   [strat=busy_impatient_closer]
      R 8  buy $ 31,216.04   sel     $34,000.00   [strat=busy_impatient_closer]
      R 9  buy $  4,786.84   sel     $32,000.00   [strat=busy_impatient_closer]
      R10  buy $  6,350.18   sel     $30,000.00   [strat=busy_impatient_closer]
      R11  buy $ 19,092.95   sel     $25,000.00   [strat=busy_impatient_closer]
      R12  buy $ 11,151.08   sel     $23,000.00   [strat=busy_impatient_closer]
      R13  buy $ 21,262.60   sel     $21,500.00   [strat=busy_impatient_closer]
      R14  buy $ 13,043.93   sel     $20,000.00   [strat=busy_impatient_closer]
      R15  buy $ 10,841.09   sel     $19,500.00   [strat=busy_impatient_closer]
      R16  buy $ 18,087.46   sel     $19,000.00   [strat=busy_impatient_closer]
   run 29 done in 5.9 min

   run 30/30 on 2014 Mercedes-Benz S550  seed=20360449
      R 1  buy $ 66,623.23   sel     $75,000.00   [strat=busy_impatient_closer] *
      R 2  buy $ 20,141.36   sel     $69,500.00   [strat=busy_impatient_closer]
      R 3  buy $ 22,182.31   sel     $68,000.00   [strat=busy_impatient_closer]
      R 4  buy $ 37,233.96   sel     $49,500.00   [strat=busy_impatient_closer]
      R 5  buy $ 23,908.60   sel     $45,000.00   [strat=busy_impatient_closer]
      R 6  buy $ 10,116.56   sel     $35,000.00   [strat=busy_impatient_closer]
      R 7  buy $ 12,297.14   sel     $28,000.00   [strat=busy_impatient_closer]
      R 8  buy $ 25,165.70   sel     $26,500.00   [strat=busy_impatient_closer]
      R 9  buy $ 15,326.67   sel     $22,500.00   [strat=busy_impatient_closer]
      R10  buy $ 12,046.59   sel     $21,000.00   [strat=busy_impatient_closer]
      R11  buy $ 10,560.71   sel     $20,000.00   [strat=busy_impatient_closer]
      R12  buy $  5,570.30   sel     $19,500.00   [strat=busy_impatient_closer]
      R13  buy $  2,787.08   sel     $19,000.00   [strat=busy_impatient_closer]
      R14  buy $  3,887.40   sel     $19,000.00   [strat=busy_impatient_closer]
      R15  buy $ 10,954.24   sel     $18,500.00   [strat=busy_impatient_closer]
      R16  buy $ 15,223.96   sel     $18,500.00   [strat=busy_impatient_closer]
   run 30 done in 4.8 min

   ---> checkpoint: car 1/5 done in 142.8 min; total so far 142.8 min; saved 30 runs to exp01_fixed_busy_impatient_closer.json

--- CAR 2/5: 2016 Cadillac CTS 3.6 Luxury  (M=$45,000.00  cost=$15,750.00  cost/M=35.00%) ---

   run 1/30 on 2016 Cadillac CTS 3.6 Luxury  seed=20361420
      R 1  buy $ 23,187.06   sel     $26,995.00   [strat=busy_impatient_closer] *
      R 2  buy $  3,796.45   sel     $24,995.00   [strat=busy_impatient_closer]
      R 3  buy $  3,508.99   sel     $24,500.00   [strat=busy_impatient_closer]
      R 4  buy $  9,048.33   sel     $24,000.00   [strat=busy_impatient_closer]
      R 5  buy $ 10,696.33   sel     $23,500.00   [strat=busy_impatient_closer]
      R 6  buy $  8,149.46   sel     $23,000.00   [strat=busy_impatient_closer]
      R 7  buy $ 12,422.06   sel     $22,000.00   [strat=busy_impatient_closer]
      R 8  buy $ 17,862.30   sel     $21,000.00   [strat=busy_impatient_closer]
      R 9  buy $  1,990.94   sel     $20,500.00   [strat=busy_impatient_closer]
      R10  buy $ 13,055.77   sel     $19,500.00   [strat=busy_impatient_closer]
      R11  buy $  6,934.33   sel     $18,500.00   [strat=busy_impatient_closer]
      R12  buy $  2,691.13   sel     $17,500.00   [strat=busy_impatient_closer]
      R13  buy $  1,438.84   sel     $16,500.00   [strat=busy_impatient_closer]
      R14  buy $  1,754.64   sel     $16,000.00   [strat=busy_impatient_closer]
      R15  buy $ 13,015.35   sel     $15,500.00   [strat=busy_impatient_closer]
      R16  buy $ 10,888.68   sel     $15,800.00   [strat=busy_impatient_closer]
   run 1 done in 5.2 min

   run 2/30 on 2016 Cadillac CTS 3.6 Luxury  seed=20361421
      R 1  buy $ 22,615.99   sel     $27,499.00   [strat=busy_impatient_closer] *
      R 2  buy $ 15,821.20   sel     $24,999.00   [strat=busy_impatient_closer]
      R 3  buy $  7,530.16   sel     $22,500.00   [strat=busy_impatient_closer]
      R 4  buy $ 17,058.41   sel     $20,999.00   [strat=busy_impatient_closer]
      R 5  buy $  4,240.29   sel     $20,000.00   [strat=busy_impatient_closer]
      R 6  buy $ 13,739.99   sel     PARSE-FAIL   [strat=busy_impatient_closer]
      R 7  buy $  3,575.56   sel     $18,500.00   [strat=busy_impatient_closer]
      R 8  buy $ 12,365.61   sel     $17,000.00   [strat=busy_impatient_closer]
      R 9  buy $    595.24   sel     $16,500.00   [strat=busy_impatient_closer]
      R10  buy $  8,858.49   sel     $16,000.00   [strat=busy_impatient_closer]
      R11  buy $ 13,170.30   sel     $15,900.00   [strat=busy_impatient_closer]
      R12  buy $     83.45   sel     $15,800.00   [strat=busy_impatient_closer]
      R13  buy $  4,006.32   sel     $15,750.00   [strat=busy_impatient_closer]
      R14  buy $ 13,039.26   sel     $15,750.00   [strat=busy_impatient_closer]
      R15  buy $  1,404.11   sel     $15,749.00   [strat=busy_impatient_closer]
      R16  buy $  2,707.78   sel     $15,748.00   [strat=busy_impatient_closer]
   run 2 done in 4.4 min

   run 3/30 on 2016 Cadillac CTS 3.6 Luxury  seed=20361422
      R 1  buy $ 28,572.61   sel     $32,500.00   [strat=busy_impatient_closer] *
      R 2  buy $ 14,127.97   sel     $31,500.00   [strat=busy_impatient_closer]
      R 3  buy $    736.98   sel     $30,000.00   [strat=busy_impatient_closer]
      R 4  buy $  7,382.51   sel     $29,000.00   [strat=busy_impatient_closer]
      R 5  buy $ 24,533.62   sel     $26,766.81   [strat=busy_impatient_closer]
      R 6  buy $ 11,586.13   sel     $25,500.00   [strat=busy_impatient_closer]
      R 7  buy $  9,894.09   sel     $24,500.00   [strat=busy_impatient_closer]
      R 8  buy $  5,457.55   sel     $24,500.00   [strat=busy_impatient_closer]
      R 9  buy $ 11,939.65   sel     $22,000.00   [strat=busy_impatient_closer]
      R10  buy $ 10,324.81   sel     $19,500.00   [strat=busy_impatient_closer]
      R11  buy $  2,397.85   sel     $17,500.00   [strat=busy_impatient_closer]
      R12  buy $ 14,042.63   sel     $16,500.00   [strat=busy_impatient_closer]
      R13  buy $  5,414.27   sel     $16,000.00   [strat=busy_impatient_closer]
      R14  buy $  8,224.78   sel     $16,000.00   [strat=busy_impatient_closer]
      R15  buy $ 13,082.33   sel     $15,500.00   [strat=busy_impatient_closer]
      R16  buy $ 10,434.81   sel     $15,000.00   [strat=busy_impatient_closer]
   run 3 done in 4.8 min

   run 4/30 on 2016 Cadillac CTS 3.6 Luxury  seed=20361423
      R 1  buy $ 18,158.69   sel     $18,995.00   [strat=busy_impatient_closer] *
      R 2  buy $ 14,889.60   sel     $18,500.00   [strat=busy_impatient_closer]
      R 3  buy $  5,761.97   sel     $16,500.00   [strat=busy_impatient_closer]
      R 4  buy $ 12,842.85   sel     $16,500.00   [strat=busy_impatient_closer]
      R 5  buy $  5,382.54   sel     $16,500.00   [strat=busy_impatient_closer]
      R 6  buy $  3,452.97   sel     $16,500.00   [strat=busy_impatient_closer]
      R 7  buy $ 12,902.39   sel     $16,500.00   [strat=busy_impatient_closer]
      R 8  buy $  6,941.37   sel     $16,000.00   [strat=busy_impatient_closer]
      R 9  buy $ 14,207.93   sel     $15,900.00   [strat=busy_impatient_closer]
      R10  buy $  6,292.10   sel     $15,750.00   [strat=busy_impatient_closer]
      R11  buy $  6,755.55   sel     $15,750.00   [strat=busy_impatient_closer]
      R12  buy $ 10,567.51   sel     $15,600.00   [strat=busy_impatient_closer]
      R13  buy $ 12,353.46   sel     $15,750.00   [strat=busy_impatient_closer]
      R14  buy $ 11,798.90   sel     $15,750.00   [strat=busy_impatient_closer]
      R15  buy $  9,624.50   sel     $15,750.00   [strat=busy_impatient_closer]
      R16  buy $    885.62   sel     $15,750.00   [strat=busy_impatient_closer]
   run 4 done in 4.6 min

   run 5/30 on 2016 Cadillac CTS 3.6 Luxury  seed=20361424
      R 1  buy $ 39,508.39   sel     $42,500.00   [strat=busy_impatient_closer] *
      R 2  buy $  2,311.83   sel     $42,000.00   [strat=busy_impatient_closer]
      R 3  buy $ 23,462.45   sel     $42,000.00   [strat=busy_impatient_closer]
      R 4  buy $  3,383.64   sel     $41,500.00   [strat=busy_impatient_closer]
      R 5  buy $ 39,359.80   sel     $40,500.00   [strat=busy_impatient_closer]
      R 6  buy $ 15,827.47   sel     $40,500.00   [strat=busy_impatient_closer]
      R 7  buy $  7,779.91   sel     $39,500.00   [strat=busy_impatient_closer]
      R 8  buy $  1,383.47   sel     $39,500.00   [strat=busy_impatient_closer]
      R 9  buy $ 22,635.96   sel     $39,500.00   [strat=busy_impatient_closer]
      R10  buy $ 12,650.87   sel     $39,500.00   [strat=busy_impatient_closer]
      R11  buy $  1,953.18   sel     $39,000.00   [strat=busy_impatient_closer]
      R12  buy $ 31,156.18   sel     $35,000.00   [strat=busy_impatient_closer]
      R13  buy $ 13,023.74   sel     $35,000.00   [strat=busy_impatient_closer]
      R14  buy $ 33,827.76   sel     $34,500.00   [strat=busy_impatient_closer]
      R15  buy $ 34,086.71   sel     $34,086.71   [strat=busy_impatient_closer]
      R16  buy $ 19,193.53   sel     $34,500.00   [strat=busy_impatient_closer]
   run 5 done in 5.0 min

   run 6/30 on 2016 Cadillac CTS 3.6 Luxury  seed=20361425
      R 1  buy $ 11,976.24   sel     $17,995.00   [strat=busy_impatient_closer] *
      R 2  buy $ 10,616.85   sel     $17,500.00   [strat=busy_impatient_closer]
      R 3  buy $  5,949.55   sel     $17,250.00   [strat=busy_impatient_closer]
      R 4  buy $ 13,491.61   sel     $16,900.00   [strat=busy_impatient_closer]
      R 5  buy $  5,999.95   sel     $16,600.00   [strat=busy_impatient_closer]
      R 6  buy $  9,610.24   sel     $16,300.00   [strat=busy_impatient_closer]
      R 7  buy $ 11,325.38   sel     $15,900.00   [strat=busy_impatient_closer]
      R 8  buy $ 14,931.88   sel     $15,600.00   [strat=busy_impatient_closer]
      R 9  buy $ 15,077.19   sel     $15,500.00   [strat=busy_impatient_closer]
      R10  buy $ 10,555.97   sel     $15,800.00   [strat=busy_impatient_closer]
      R11  buy $  4,810.71   sel     $16,000.00   [strat=busy_impatient_closer]
      R12  buy $  1,868.98   sel     $16,300.00   [strat=busy_impatient_closer]
      R13  buy $  1,758.61   sel     $16,300.00   [strat=busy_impatient_closer]
      R14  buy $ 10,112.23   sel     $15,999.00   [strat=busy_impatient_closer]
      R15  buy $  8,650.24   sel     $15,850.00   [strat=busy_impatient_closer]
      R16  buy $  6,767.06   sel     $15,800.00   [strat=busy_impatient_closer]
   run 6 done in 5.6 min

   run 7/30 on 2016 Cadillac CTS 3.6 Luxury  seed=20361426
      R 1  buy $  9,098.33   sel     $18,995.00   [strat=busy_impatient_closer] *
      R 2  buy $  2,366.05   sel     $18,500.00   [strat=busy_impatient_closer]
      R 3  buy $  1,548.12   sel     $18,000.00   [strat=busy_impatient_closer]
      R 4  buy $ 11,829.23   sel     $17,500.00   [strat=busy_impatient_closer]
      R 5  buy $ 14,111.19   sel     $16,999.00   [strat=busy_impatient_closer]
      R 6  buy $ 10,878.04   sel     $16,500.00   [strat=busy_impatient_closer]
      R 7  buy $ 14,721.41   sel     $16,250.00   [strat=busy_impatient_closer]
      R 8  buy $  8,363.89   sel     $15,999.00   [strat=busy_impatient_closer]
      R 9  buy $ 10,228.31   sel     $15,750.00   [strat=busy_impatient_closer]
      R10  buy $  3,477.28   sel     $16,000.00   [strat=busy_impatient_closer]
      R11  buy $    451.65   sel     $15,900.00   [strat=busy_impatient_closer]
      R12  buy $  7,168.52   sel     $15,800.00   [strat=busy_impatient_closer]
      R13  buy $  3,360.22   sel     $15,995.00   [strat=busy_impatient_closer]
      R14  buy $ 14,168.80   sel     $15,800.00   [strat=busy_impatient_closer]
      R15  buy $  2,846.22   sel     $15,750.00   [strat=busy_impatient_closer]
      R16  buy $  8,287.31   sel     $15,600.00   [strat=busy_impatient_closer]
   run 7 done in 5.1 min

   run 8/30 on 2016 Cadillac CTS 3.6 Luxury  seed=20361427
      R 1  buy $ 18,134.56   sel     $19,995.00   [strat=busy_impatient_closer] *
      R 2  buy $  4,342.16   sel     $18,500.00   [strat=busy_impatient_closer]
      R 3  buy $ 14,534.63   sel     $18,000.00   [strat=busy_impatient_closer]
      R 4  buy $    729.78   sel     $17,500.00   [strat=busy_impatient_closer]
      R 5  buy $  8,370.80   sel     $17,000.00   [strat=busy_impatient_closer]
      R 6  buy $ 14,543.15   sel     $16,500.00   [strat=busy_impatient_closer]
      R 7  buy $ 14,667.57   sel     $16,000.00   [strat=busy_impatient_closer]
      R 8  buy $ 13,130.56   sel     $16,000.00   [strat=busy_impatient_closer]
      R 9  buy $  6,490.71   sel     $15,900.00   [strat=busy_impatient_closer]
      R10  buy $  3,318.89   sel     $15,800.00   [strat=busy_impatient_closer]
      R11  buy $  9,745.76   sel     $15,700.00   [strat=busy_impatient_closer]
      R12  buy $ 14,036.50   sel     $15,800.00   [strat=busy_impatient_closer]
      R13  buy $  9,765.31   sel     $15,790.00   [strat=busy_impatient_closer]
      R14  buy $  2,038.11   sel     $15,800.00   [strat=busy_impatient_closer]
      R15  buy $  1,313.77   sel     $15,800.00   [strat=busy_impatient_closer]
      R16  buy $ 14,870.92   sel     $15,800.00   [strat=busy_impatient_closer]
   run 8 done in 5.6 min

   run 9/30 on 2016 Cadillac CTS 3.6 Luxury  seed=20361428
      R 1  buy $  7,962.66   sel     $16,995.00   [strat=busy_impatient_closer] *
      R 2  buy $  2,840.40   sel     $16,500.00   [strat=busy_impatient_closer]
      R 3  buy $ 12,624.17   sel     $15,500.00   [strat=busy_impatient_closer]
      R 4  buy $ 12,130.83   sel     $15,250.00   [strat=busy_impatient_closer]
      R 5  buy $ 13,372.73   sel     $15,800.00   [strat=busy_impatient_closer]
      R 6  buy $  5,780.13   sel     $15,800.00   [strat=busy_impatient_closer]
      R 7  buy $  4,827.50   sel     $15,800.00   [strat=busy_impatient_closer]
      R 8  buy $  7,512.88   sel     $15,800.00   [strat=busy_impatient_closer]
      R 9  buy $  4,211.38   sel     $15,800.00   [strat=busy_impatient_closer]
      R10  buy $  4,401.35   sel     $15,800.00   [strat=busy_impatient_closer]
      R11  buy $  1,724.19   sel     $15,800.00   [strat=busy_impatient_closer]
      R12  buy $  6,871.66   sel     $15,800.00   [strat=busy_impatient_closer]
      R13  buy $  7,052.08   sel     $15,800.00   [strat=busy_impatient_closer]
      R14  buy $  5,168.09   sel     PARSE-FAIL   [strat=busy_impatient_closer]
      R15  buy $ 10,136.44   sel     $15,800.00   [strat=busy_impatient_closer]
      R16  buy $  5,954.68   sel     $15,800.00   [strat=busy_impatient_closer]
   run 9 done in 4.6 min

   run 10/30 on 2016 Cadillac CTS 3.6 Luxury  seed=20361429
      R 1  buy $ 35,292.35   sel     $37,995.00   [strat=busy_impatient_closer] *
      R 2  buy $ 10,056.08   sel     $36,500.00   [strat=busy_impatient_closer]
      R 3  buy $ 17,362.14   sel     $32,000.00   [strat=busy_impatient_closer]
      R 4  buy $ 21,165.22   sel     $29,500.00   [strat=busy_impatient_closer]
      R 5  buy $  2,482.81   sel     $27,500.00   [strat=busy_impatient_closer]
      R 6  buy $ 13,515.23   sel     $26,000.00   [strat=busy_impatient_closer]
      R 7  buy $  7,490.56   sel     $22,500.00   [strat=busy_impatient_closer]
      R 8  buy $ 13,668.70   sel     $19,500.00   [strat=busy_impatient_closer]
      R 9  buy $ 16,675.70   sel     $16,900.00   [strat=busy_impatient_closer]
      R10  buy $ 12,348.18   sel     $15,900.00   [strat=busy_impatient_closer]
      R11  buy $ 12,626.59   sel     $15,800.00   [strat=busy_impatient_closer]
      R12  buy $ 12,409.15   sel     $15,795.00   [strat=busy_impatient_closer]
      R13  buy $ 11,154.34   sel     $15,790.00   [strat=busy_impatient_closer]
      R14  buy $  1,555.70   sel     $15,750.00   [strat=busy_impatient_closer]
      R15  buy $ 15,245.43   sel     $15,750.00   [strat=busy_impatient_closer]
      R16  buy $ 13,090.51   sel     $15,750.00   [strat=busy_impatient_closer]
   run 10 done in 5.8 min

   run 11/30 on 2016 Cadillac CTS 3.6 Luxury  seed=20361430
      R 1  buy $  1,435.46   sel     PARSE-FAIL   [strat=busy_impatient_closer] *
      R 2  buy $    399.45   sel     $39,999.99   [strat=busy_impatient_closer]
      R 3  buy $  1,983.90   sel     $36,500.00   [strat=busy_impatient_closer]
      R 4  buy $ 23,471.30   sel     $30,000.00   [strat=busy_impatient_closer]
      R 5  buy $ 28,310.17   sel     $29,150.00   [strat=busy_impatient_closer]
      R 6  buy $ 13,821.69   sel     $28,900.00   [strat=busy_impatient_closer]
      R 7  buy $  1,803.21   sel     $27,500.00   [strat=busy_impatient_closer]
      R 8  buy $ 14,368.85   sel     $26,500.00   [strat=busy_impatient_closer]
      R 9  buy $ 10,458.50   sel     $25,900.00   [strat=busy_impatient_closer]
      R10  buy $ 19,602.03   sel     $24,500.00   [strat=busy_impatient_closer]
      R11  buy $ 11,613.51   sel     $22,000.00   [strat=busy_impatient_closer]
      R12  buy $ 13,208.02   sel     $20,500.00   [strat=busy_impatient_closer]
      R13  buy $ 15,504.41   sel     $18,500.00   [strat=busy_impatient_closer]
      R14  buy $  9,339.42   sel     $17,000.00   [strat=busy_impatient_closer]
      R15  buy $  6,928.30   sel     $16,000.00   [strat=busy_impatient_closer]
      R16  buy $    777.03   sel     $15,900.00   [strat=busy_impatient_closer]
   run 11 done in 5.9 min

   run 12/30 on 2016 Cadillac CTS 3.6 Luxury  seed=20361431
      R 1  buy $ 41,695.25   sel     $44,500.00   [strat=busy_impatient_closer] *
      R 2  buy $ 41,149.86   sel     $44,000.00   [strat=busy_impatient_closer]
      R 3  buy $  7,668.99   sel     $43,500.00   [strat=busy_impatient_closer]
      R 4  buy $ 42,258.46   sel     $43,000.00   [strat=busy_impatient_closer]
      R 5  buy $ 19,099.87   sel     $42,500.00   [strat=busy_impatient_closer]
      R 6  buy $ 19,409.38   sel     $42,500.00   [strat=busy_impatient_closer]
      R 7  buy $ 37,068.05   sel     $41,500.00   [strat=busy_impatient_closer]
      R 8  buy $    748.29   sel     $39,000.00   [strat=busy_impatient_closer]
      R 9  buy $  8,317.88   sel     $38,500.00   [strat=busy_impatient_closer]
      R10  buy $ 36,726.61   sel     $37,500.00   [strat=busy_impatient_closer]
      R11  buy $ 36,143.72   sel     $36,800.00   [strat=busy_impatient_closer]
      R12  buy $  7,373.97   sel     $36,500.00   [strat=busy_impatient_closer]
      R13  buy $ 17,884.30   sel     $28,000.00   [strat=busy_impatient_closer]
      R14  buy $ 23,418.17   sel     $24,000.00   [strat=busy_impatient_closer]
      R15  buy $  5,567.47   sel     $23,000.00   [strat=busy_impatient_closer]
      R16  buy $  1,831.01   sel     $22,000.00   [strat=busy_impatient_closer]
   run 12 done in 8.3 min

   run 13/30 on 2016 Cadillac CTS 3.6 Luxury  seed=20361432
      R 1  buy $ 18,658.45   sel     $20,995.00   [strat=busy_impatient_closer] *
      R 2  buy $ 14,417.20   sel     $20,500.00   [strat=busy_impatient_closer]
      R 3  buy $  9,434.74   sel     $19,995.00   [strat=busy_impatient_closer]
      R 4  buy $  9,746.52   sel     $19,500.00   [strat=busy_impatient_closer]
      R 5  buy $ 14,066.12   sel     $18,500.00   [strat=busy_impatient_closer]
      R 6  buy $  7,895.74   sel     $17,500.00   [strat=busy_impatient_closer]
      R 7  buy $    347.39   sel     $16,500.00   [strat=busy_impatient_closer]
      R 8  buy $  2,384.29   sel     $15,500.00   [strat=busy_impatient_closer]
      R 9  buy $ 13,814.84   sel     $15,800.00   [strat=busy_impatient_closer]
      R10  buy $  7,263.83   sel     $15,800.00   [strat=busy_impatient_closer]
      R11  buy $ 14,927.80   sel     $15,800.00   [strat=busy_impatient_closer]
      R12  buy $ 12,041.09   sel     $15,800.00   [strat=busy_impatient_closer]
      R13  buy $  5,530.69   sel     $15,750.00   [strat=busy_impatient_closer]
      R14  buy $ 14,367.65   sel     $15,600.00   [strat=busy_impatient_closer]
      R15  buy $  7,788.70   sel     $15,600.00   [strat=busy_impatient_closer]
      R16  buy $ 10,055.32   sel     $15,300.00   [strat=busy_impatient_closer]
   run 13 done in 9.3 min

   run 14/30 on 2016 Cadillac CTS 3.6 Luxury  seed=20361433
      R 1  buy $ 34,140.04   sel     $39,995.00   [strat=busy_impatient_closer] *
      R 2  buy $ 36,015.74   sel     $38,500.00   [strat=busy_impatient_closer]
      R 3  buy $ 16,363.97   sel     $37,900.00   [strat=busy_impatient_closer]
      R 4  buy $  6,752.39   sel     $37,900.00   [strat=busy_impatient_closer]
      R 5  buy $ 31,738.11   sel     $36,000.00   [strat=busy_impatient_closer]
      R 6  buy $ 14,924.63   sel     $35,500.00   [strat=busy_impatient_closer]
      R 7  buy $  5,715.20   sel     $34,500.00   [strat=busy_impatient_closer]
      R 8  buy $  5,977.24   sel     $34,000.00   [strat=busy_impatient_closer]
      R 9  buy $ 13,770.76   sel     $33,500.00   [strat=busy_impatient_closer]
      R10  buy $ 18,337.04   sel     $32,000.00   [strat=busy_impatient_closer]
      R11  buy $ 11,192.61   sel     $30,000.00   [strat=busy_impatient_closer]
      R12  buy $  1,090.85   sel     $29,500.00   [strat=busy_impatient_closer]
      R13  buy $ 26,536.10   sel     $27,500.00   [strat=busy_impatient_closer]
      R14  buy $ 23,036.80   sel     $25,000.00   [strat=busy_impatient_closer]
      R15  buy $ 21,740.39   sel     $23,500.00   [strat=busy_impatient_closer]
      R16  buy $ 13,537.90   sel     $22,000.00   [strat=busy_impatient_closer]
   run 14 done in 5.9 min

   run 15/30 on 2016 Cadillac CTS 3.6 Luxury  seed=20361434
      R 1  buy $ 23,635.04   sel     $28,500.00   [strat=busy_impatient_closer] *
      R 2  buy $ 25,246.92   sel     $27,500.00   [strat=busy_impatient_closer]
      R 3  buy $ 26,286.37   sel     $26,900.00   [strat=busy_impatient_closer]
      R 4  buy $ 24,387.99   sel     $26,500.00   [strat=busy_impatient_closer]
      R 5  buy $  8,909.77   sel     $26,500.00   [strat=busy_impatient_closer]
      R 6  buy $  8,109.07   sel     $26,500.00   [strat=busy_impatient_closer]
      R 7  buy $ 18,541.12   sel     $25,900.00   [strat=busy_impatient_closer]
      R 8  buy $  5,954.80   sel     $25,500.00   [strat=busy_impatient_closer]
      R 9  buy $ 11,187.64   sel     $24,900.00   [strat=busy_impatient_closer]
      R10  buy $ 17,790.78   sel     $24,500.00   [strat=busy_impatient_closer]
      R11  buy $ 13,568.86   sel     $23,900.00   [strat=busy_impatient_closer]
      R12  buy $ 21,825.29   sel     $22,500.00   [strat=busy_impatient_closer]
      R13  buy $ 20,142.20   sel     $21,500.00   [strat=busy_impatient_closer]
      R14  buy $  5,899.77   sel     $20,000.00   [strat=busy_impatient_closer]
      R15  buy $    457.75   sel     $19,500.00   [strat=busy_impatient_closer]
      R16  buy $  2,005.65   sel     $18,000.00   [strat=busy_impatient_closer]
   run 15 done in 4.3 min

   run 16/30 on 2016 Cadillac CTS 3.6 Luxury  seed=20361435
      R 1  buy $ 29,252.59   sel     $31,500.00   [strat=busy_impatient_closer] *
      R 2  buy $ 27,843.22   sel     $31,000.00   [strat=busy_impatient_closer]
      R 3  buy $  9,855.86   sel     $31,000.00   [strat=busy_impatient_closer]
      R 4  buy $ 24,685.90   sel     $30,000.00   [strat=busy_impatient_closer]
      R 5  buy $ 18,333.05   sel     $29,500.00   [strat=busy_impatient_closer]
      R 6  buy $ 20,189.62   sel     $28,000.00   [strat=busy_impatient_closer]
      R 7  buy $  6,922.63   sel     $27,500.00   [strat=busy_impatient_closer]
      R 8  buy $ 22,918.29   sel     $26,500.00   [strat=busy_impatient_closer]
      R 9  buy $ 21,592.11   sel     $25,500.00   [strat=busy_impatient_closer]
      R10  buy $ 16,490.98   sel     $24,000.00   [strat=busy_impatient_closer]
      R11  buy $    458.75   sel     $23,500.00   [strat=busy_impatient_closer]
      R12  buy $ 17,702.10   sel     $22,000.00   [strat=busy_impatient_closer]
      R13  buy $ 21,721.34   sel     $21,900.00   [strat=busy_impatient_closer]
      R14  buy $ 12,906.00   sel     $20,000.00   [strat=busy_impatient_closer]
      R15  buy $ 12,727.68   sel     $19,500.00   [strat=busy_impatient_closer]
      R16  buy $  6,654.61   sel     $19,500.00   [strat=busy_impatient_closer]
   run 16 done in 4.4 min

   run 17/30 on 2016 Cadillac CTS 3.6 Luxury  seed=20361436
      R 1  buy $ 31,780.55   sel     $38,500.00   [strat=busy_impatient_closer] *
      R 2  buy $ 10,669.45   sel     $34,000.00   [strat=busy_impatient_closer]
      R 3  buy $ 16,087.85   sel     $29,500.00   [strat=busy_impatient_closer]
      R 4  buy $  3,219.47   sel     $24,000.00   [strat=busy_impatient_closer]
      R 5  buy $ 12,119.12   sel     $24,000.00   [strat=busy_impatient_closer]
      R 6  buy $ 13,788.48   sel     $24,000.00   [strat=busy_impatient_closer]
      R 7  buy $  8,504.25   sel     $24,000.00   [strat=busy_impatient_closer]
      R 8  buy $ 11,186.93   sel     $22,000.00   [strat=busy_impatient_closer]
      R 9  buy $ 12,069.64   sel     $18,500.00   [strat=busy_impatient_closer]
      R10  buy $  6,208.22   sel     $17,000.00   [strat=busy_impatient_closer]
      R11  buy $ 12,639.51   sel     $16,500.00   [strat=busy_impatient_closer]
      R12  buy $  2,566.97   sel     $15,500.00   [strat=busy_impatient_closer]
      R13  buy $    555.59   sel     $16,000.00   [strat=busy_impatient_closer]
      R14  buy $  9,314.95   sel     $15,999.99   [strat=busy_impatient_closer]
      R15  buy $ 11,670.36   sel     $15,250.00   [strat=busy_impatient_closer]
      R16  buy $  7,677.99   sel     $15,999.00   [strat=busy_impatient_closer]
   run 17 done in 4.8 min

   run 18/30 on 2016 Cadillac CTS 3.6 Luxury  seed=20361437
      R 1  buy $ 42,139.83   sel     $43,500.00   [strat=busy_impatient_closer] *
      R 2  buy $  2,642.70   sel     $43,000.00   [strat=busy_impatient_closer]
      R 3  buy $ 20,272.73   sel     $43,000.00   [strat=busy_impatient_closer]
      R 4  buy $ 30,764.05   sel     $42,500.00   [strat=busy_impatient_closer]
      R 5  buy $ 42,148.01   sel     $42,148.01   [strat=busy_impatient_closer]
      R 6  buy $ 12,074.47   sel     $42,148.01   [strat=busy_impatient_closer]
      R 7  buy $ 32,762.57   sel     $39,900.00   [strat=busy_impatient_closer]
      R 8  buy $ 33,248.82   sel     $35,000.00   [strat=busy_impatient_closer]
      R 9  buy $ 20,277.09   sel     $34,500.00   [strat=busy_impatient_closer]
      R10  buy $  2,499.73   sel     $33,000.00   [strat=busy_impatient_closer]
      R11  buy $    200.28   sel     $32,500.00   [strat=busy_impatient_closer]
      R12  buy $ 25,470.53   sel     $30,000.00   [strat=busy_impatient_closer]
      R13  buy $ 20,732.71   sel     $28,500.00   [strat=busy_impatient_closer]
      R14  buy $  9,954.64   sel     $24,500.00   [strat=busy_impatient_closer]
      R15  buy $  4,912.59   sel     $22,000.00   [strat=busy_impatient_closer]
      R16  buy $  1,357.21   sel     $20,000.00   [strat=busy_impatient_closer]
   run 18 done in 6.3 min

   run 19/30 on 2016 Cadillac CTS 3.6 Luxury  seed=20361438
      R 1  buy $ 10,532.47   sel     $18,250.00   [strat=busy_impatient_closer] *
      R 2  buy $  6,253.45   sel     $16,500.00   [strat=busy_impatient_closer]
      R 3  buy $  1,659.49   sel     $15,000.00   [strat=busy_impatient_closer]
      R 4  buy $ 13,291.27   sel     $14,500.00   [strat=busy_impatient_closer]
      R 5  buy $ 11,508.40   sel     $15,999.00   [strat=busy_impatient_closer]
      R 6  buy $  5,656.57   sel     $15,999.00   [strat=busy_impatient_closer]
      R 7  buy $  3,207.59   sel     $15,800.00   [strat=busy_impatient_closer]
      R 8  buy $    116.12   sel     $15,750.00   [strat=busy_impatient_closer]
      R 9  buy $  5,167.30   sel     $15,500.00   [strat=busy_impatient_closer]
      R10  buy $  6,906.01   sel     $15,500.00   [strat=busy_impatient_closer]
      R11  buy $ 10,274.44   sel     $15,250.00   [strat=busy_impatient_closer]
      R12  buy $ 10,444.62   sel     $15,000.00   [strat=busy_impatient_closer]
      R13  buy $ 14,845.56   sel     $15,500.00   [strat=busy_impatient_closer]
      R14  buy $ 10,755.39   sel     $15,750.00   [strat=busy_impatient_closer]
      R15  buy $  6,859.04   sel     $15,750.00   [strat=busy_impatient_closer]
      R16  buy $  1,994.67   sel     $15,750.00   [strat=busy_impatient_closer]
   run 19 done in 5.7 min

   run 20/30 on 2016 Cadillac CTS 3.6 Luxury  seed=20361439
      R 1  buy $ 10,361.50   sel     $24,500.00   [strat=busy_impatient_closer] *
      R 2  buy $  3,704.35   sel     $22,000.00   [strat=busy_impatient_closer]
      R 3  buy $ 16,671.91   sel     $20,500.00   [strat=busy_impatient_closer]
      R 4  buy $ 14,943.44   sel     $18,585.00   [strat=busy_impatient_closer]
      R 5  buy $ 16,188.54   sel     $17,386.77   [strat=busy_impatient_closer]
      R 6  buy $  3,971.93   sel     $17,000.00   [strat=busy_impatient_closer]
      R 7  buy $ 10,963.38   sel     $16,500.00   [strat=busy_impatient_closer]
      R 8  buy $ 16,174.06   sel     $16,350.00   [strat=busy_impatient_closer]
      R 9  buy $ 10,536.93   sel     $16,000.00   [strat=busy_impatient_closer]
      R10  buy $  3,234.10   sel     $16,000.00   [strat=busy_impatient_closer]
      R11  buy $  2,558.61   sel     $16,000.00   [strat=busy_impatient_closer]
      R12  buy $  8,003.56   sel     $15,950.00   [strat=busy_impatient_closer]
      R13  buy $  4,029.17   sel     $15,800.00   [strat=busy_impatient_closer]
      R14  buy $  7,624.94   sel     $15,800.00   [strat=busy_impatient_closer]
      R15  buy $ 14,972.51   sel     $15,750.00   [strat=busy_impatient_closer]
      R16  buy $ 13,556.65   sel     $15,750.00   [strat=busy_impatient_closer]
   run 20 done in 6.9 min

   run 21/30 on 2016 Cadillac CTS 3.6 Luxury  seed=20361440
      R 1  buy $ 36,756.47   sel     PARSE-FAIL   [strat=busy_impatient_closer] *
      R 2  buy $ 34,685.43   sel     $37,500.00   [strat=busy_impatient_closer]
      R 3  buy $ 27,074.63   sel     $36,500.00   [strat=busy_impatient_closer]
      R 4  buy $ 21,408.79   sel     $35,000.00   [strat=busy_impatient_closer]
      R 5  buy $ 26,122.84   sel     $33,500.00   [strat=busy_impatient_closer]
      R 6  buy $  8,802.32   sel     $32,000.00   [strat=busy_impatient_closer]
      R 7  buy $ 24,795.84   sel     $28,000.00   [strat=busy_impatient_closer]
      R 8  buy $ 16,342.28   sel     $16,342.28   [strat=busy_impatient_closer]
      R 9  buy $ 11,500.35   sel     $16,000.00   [strat=busy_impatient_closer]
      R10  buy $ 12,222.51   sel     $16,000.00   [strat=busy_impatient_closer]
      R11  buy $    919.96   sel     $16,000.00   [strat=busy_impatient_closer]
      R12  buy $    722.43   sel     $15,800.00   [strat=busy_impatient_closer]
      R13  buy $  4,335.97   sel     $15,800.00   [strat=busy_impatient_closer]
      R14  buy $    566.48   sel     $15,800.00   [strat=busy_impatient_closer]
      R15  buy $  5,346.90   sel     $15,750.00   [strat=busy_impatient_closer]
      R16  buy $  5,077.61   sel     $15,750.00   [strat=busy_impatient_closer]
   run 21 done in 6.4 min

   run 22/30 on 2016 Cadillac CTS 3.6 Luxury  seed=20361441
      R 1  buy $  1,000.50   sel     $38,995.00   [strat=busy_impatient_closer] *
      R 2  buy $ 11,027.01   sel     $28,500.00   [strat=busy_impatient_closer]
      R 3  buy $ 26,798.40   sel     $27,600.00   [strat=busy_impatient_closer]
      R 4  buy $ 24,672.42   sel     $27,000.00   [strat=busy_impatient_closer]
      R 5  buy $  7,547.49   sel     $26,500.00   [strat=busy_impatient_closer]
      R 6  buy $ 13,270.15   sel     $26,000.00   [strat=busy_impatient_closer]
      R 7  buy $  2,616.16   sel     $25,500.00   [strat=busy_impatient_closer]
      R 8  buy $  1,528.98   sel     $25,000.00   [strat=busy_impatient_closer]
      R 9  buy $ 19,147.02   sel     $24,000.00   [strat=busy_impatient_closer]
      R10  buy $ 12,609.34   sel     $23,500.00   [strat=busy_impatient_closer]
      R11  buy $ 15,530.78   sel     $23,000.00   [strat=busy_impatient_closer]
      R12  buy $  9,044.76   sel     $22,000.00   [strat=busy_impatient_closer]
      R13  buy $ 19,480.23   sel     $19,480.23   [strat=busy_impatient_closer]
      R14  buy $ 18,663.30   sel     $19,480.23   [strat=busy_impatient_closer]
      R15  buy $ 10,223.31   sel     $19,480.23   [strat=busy_impatient_closer]
      R16  buy $  3,081.92   sel     $19,000.00   [strat=busy_impatient_closer]
   run 22 done in 5.1 min

   run 23/30 on 2016 Cadillac CTS 3.6 Luxury  seed=20361442
      R 1  buy $ 28,465.36   sel     $32,500.00   [strat=busy_impatient_closer] *
      R 2  buy $ 16,966.59   sel     $29,000.00   [strat=busy_impatient_closer]
      R 3  buy $ 18,271.19   sel     $27,500.00   [strat=busy_impatient_closer]
      R 4  buy $  3,609.91   sel     $25,000.00   [strat=busy_impatient_closer]
      R 5  buy $ 24,735.76   sel     $24,900.00   [strat=busy_impatient_closer]
      R 6  buy $ 10,926.53   sel     $24,700.00   [strat=busy_impatient_closer]
      R 7  buy $  9,566.65   sel     $24,600.00   [strat=busy_impatient_closer]
      R 8  buy $ 12,157.39   sel     $24,500.00   [strat=busy_impatient_closer]
      R 9  buy $ 14,405.28   sel     $24,000.00   [strat=busy_impatient_closer]
      R10  buy $ 10,679.40   sel     $23,500.00   [strat=busy_impatient_closer]
      R11  buy $ 17,006.49   sel     $21,500.00   [strat=busy_impatient_closer]
      R12  buy $ 14,378.11   sel     $20,000.00   [strat=busy_impatient_closer]
      R13  buy $ 17,493.93   sel     $19,500.00   [strat=busy_impatient_closer]
      R14  buy $  3,009.74   sel     $18,500.00   [strat=busy_impatient_closer]
      R15  buy $ 15,174.30   sel     $17,500.00   [strat=busy_impatient_closer]
      R16  buy $  3,388.75   sel     $17,000.00   [strat=busy_impatient_closer]
   run 23 done in 5.7 min

   run 24/30 on 2016 Cadillac CTS 3.6 Luxury  seed=20361443
      R 1  buy $ 32,001.48   sel     $34,500.00   [strat=busy_impatient_closer] *
      R 2  buy $  4,598.37   sel     $34,000.00   [strat=busy_impatient_closer]
      R 3  buy $  9,635.94   sel     $33,500.00   [strat=busy_impatient_closer]
      R 4  buy $  3,105.47   sel     $33,000.00   [strat=busy_impatient_closer]
      R 5  buy $ 29,815.37   sel     $32,500.00   [strat=busy_impatient_closer]
      R 6  buy $ 22,342.63   sel     $32,000.00   [strat=busy_impatient_closer]
      R 7  buy $  8,220.14   sel     $31,500.00   [strat=busy_impatient_closer]
      R 8  buy $ 16,494.56   sel     $29,500.00   [strat=busy_impatient_closer]
      R 9  buy $ 29,254.58   sel     $29,254.58   [strat=busy_impatient_closer]
      R10  buy $ 13,837.18   sel     $28,500.00   [strat=busy_impatient_closer]
      R11  buy $ 28,058.51   sel     $28,058.51   [strat=busy_impatient_closer]
      R12  buy $ 12,105.66   sel     $27,500.00   [strat=busy_impatient_closer]
      R13  buy $ 23,892.03   sel     $26,000.00   [strat=busy_impatient_closer]
      R14  buy $ 18,316.49   sel     $25,000.00   [strat=busy_impatient_closer]
      R15  buy $    131.50   sel     $24,500.00   [strat=busy_impatient_closer]
      R16  buy $ 24,232.13   sel     $24,300.00   [strat=busy_impatient_closer]
   run 24 done in 5.4 min

   run 25/30 on 2016 Cadillac CTS 3.6 Luxury  seed=20361444
      R 1  buy $ 20,203.34   sel     $25,500.00   [strat=busy_impatient_closer] *
      R 2  buy $ 10,437.69   sel     $24,000.00   [strat=busy_impatient_closer]
      R 3  buy $  6,659.77   sel     $23,500.00   [strat=busy_impatient_closer]
      R 4  buy $ 11,259.50   sel     $22,000.00   [strat=busy_impatient_closer]
      R 5  buy $ 15,886.85   sel     $21,000.00   [strat=busy_impatient_closer]
      R 6  buy $ 13,688.61   sel     $20,500.00   [strat=busy_impatient_closer]
      R 7  buy $ 11,587.66   sel     $20,000.00   [strat=busy_impatient_closer]
      R 8  buy $ 13,499.71   sel     $19,500.00   [strat=busy_impatient_closer]
      R 9  buy $ 14,720.02   sel     $18,900.00   [strat=busy_impatient_closer]
      R10  buy $  7,049.45   sel     $18,500.00   [strat=busy_impatient_closer]
      R11  buy $  9,503.00   sel     $18,250.00   [strat=busy_impatient_closer]
      R12  buy $  1,854.82   sel     $17,900.00   [strat=busy_impatient_closer]
      R13  buy $ 11,363.06   sel     $17,500.00   [strat=busy_impatient_closer]
      R14  buy $  2,672.77   sel     $17,000.00   [strat=busy_impatient_closer]
      R15  buy $  1,751.77   sel     $16,900.00   [strat=busy_impatient_closer]
      R16  buy $ 11,880.59   sel     $16,500.00   [strat=busy_impatient_closer]
   run 25 done in 6.8 min

   run 26/30 on 2016 Cadillac CTS 3.6 Luxury  seed=20361445
      R 1  buy $ 15,909.41   sel     $18,250.00   [strat=busy_impatient_closer] *
      R 2  buy $  4,940.03   sel     $17,500.00   [strat=busy_impatient_closer]
      R 3  buy $  2,915.47   sel     $16,999.00   [strat=busy_impatient_closer]
      R 4  buy $  4,983.67   sel     $16,500.00   [strat=busy_impatient_closer]
      R 5  buy $ 11,657.24   sel     $15,999.00   [strat=busy_impatient_closer]
      R 6  buy $  9,207.77   sel     $15,500.00   [strat=busy_impatient_closer]
      R 7  buy $  7,715.33   sel     $15,250.00   [strat=busy_impatient_closer]
      R 8  buy $ 14,609.51   sel     $15,999.00   [strat=busy_impatient_closer]
      R 9  buy $  8,096.97   sel     $15,750.00   [strat=busy_impatient_closer]
      R10  buy $ 14,518.77   sel     $15,999.00   [strat=busy_impatient_closer]
      R11  buy $    600.05   sel     $15,999.00   [strat=busy_impatient_closer]
      R12  buy $  2,507.53   sel     $15,750.00   [strat=busy_impatient_closer]
      R13  buy $  1,655.72   sel     $15,500.00   [strat=busy_impatient_closer]
      R14  buy $ 12,581.47   sel     $15,999.00   [strat=busy_impatient_closer]
      R15  buy $    414.04   sel     $15,800.00   [strat=busy_impatient_closer]
      R16  buy $ 10,221.06   sel     $15,750.00   [strat=busy_impatient_closer]
   run 26 done in 5.3 min

   run 27/30 on 2016 Cadillac CTS 3.6 Luxury  seed=20361446
      R 1  buy $ 34,574.02   sel     $42,500.00   [strat=busy_impatient_closer] *
      R 2  buy $ 11,589.89   sel     $40,000.00   [strat=busy_impatient_closer]
      R 3  buy $ 28,762.77   sel     $37,500.00   [strat=busy_impatient_closer]
      R 4  buy $ 20,694.84   sel     $34,900.00   [strat=busy_impatient_closer]
      R 5  buy $ 18,536.94   sel     $33,000.00   [strat=busy_impatient_closer]
      R 6  buy $ 14,323.55   sel     $32,000.00   [strat=busy_impatient_closer]
      R 7  buy $ 10,437.39   sel     $30,500.00   [strat=busy_impatient_closer]
      R 8  buy $ 18,467.80   sel     $29,500.00   [strat=busy_impatient_closer]
      R 9  buy $ 25,390.65   sel     $28,500.00   [strat=busy_impatient_closer]
      R10  buy $  8,668.86   sel     $27,500.00   [strat=busy_impatient_closer]
      R11  buy $ 14,393.35   sel     $26,000.00   [strat=busy_impatient_closer]
      R12  buy $  2,116.49   sel     $25,000.00   [strat=busy_impatient_closer]
      R13  buy $  8,782.73   sel     $24,500.00   [strat=busy_impatient_closer]
      R14  buy $ 13,075.08   sel     $23,000.00   [strat=busy_impatient_closer]
      R15  buy $ 14,162.05   sel     $22,000.00   [strat=busy_impatient_closer]
      R16  buy $  2,290.13   sel     $20,000.00   [strat=busy_impatient_closer]
   run 27 done in 4.7 min

   run 28/30 on 2016 Cadillac CTS 3.6 Luxury  seed=20361447
      R 1  buy $ 36,104.57   sel     $41,500.00   [strat=busy_impatient_closer] *
      R 2  buy $ 26,447.22   sel     $38,000.00   [strat=busy_impatient_closer]
      R 3  buy $ 23,600.32   sel     $37,000.00   [strat=busy_impatient_closer]
      R 4  buy $ 22,156.45   sel     $36,000.00   [strat=busy_impatient_closer]
      R 5  buy $ 29,035.14   sel     $34,500.00   [strat=busy_impatient_closer]
      R 6  buy $ 18,108.04   sel     $32,000.00   [strat=busy_impatient_closer]
      R 7  buy $ 10,699.98   sel     $31,000.00   [strat=busy_impatient_closer]
      R 8  buy $  6,093.11   sel     $30,500.00   [strat=busy_impatient_closer]
      R 9  buy $ 11,436.69   sel     $30,000.00   [strat=busy_impatient_closer]
      R10  buy $  3,340.95   sel     $29,500.00   [strat=busy_impatient_closer]
      R11  buy $  8,211.72   sel     $27,500.00   [strat=busy_impatient_closer]
      R12  buy $ 22,514.34   sel     $25,000.00   [strat=busy_impatient_closer]
      R13  buy $ 19,798.87   sel     $22,000.00   [strat=busy_impatient_closer]
      R14  buy $ 20,347.88   sel     $20,500.00   [strat=busy_impatient_closer]
      R15  buy $ 16,502.25   sel     $17,500.00   [strat=busy_impatient_closer]
      R16  buy $ 14,009.24   sel     $16,000.00   [strat=busy_impatient_closer]
   run 28 done in 6.6 min

   run 29/30 on 2016 Cadillac CTS 3.6 Luxury  seed=20361448
      R 1  buy $ 18,404.04   sel     $21,500.00   [strat=busy_impatient_closer] *
      R 2  buy $  1,576.68   sel     $20,900.00   [strat=busy_impatient_closer]
      R 3  buy $ 10,190.53   sel     $19,900.00   [strat=busy_impatient_closer]
      R 4  buy $  8,387.26   sel     $19,900.00   [strat=busy_impatient_closer]
      R 5  buy $ 17,877.43   sel     $19,500.00   [strat=busy_impatient_closer]
      R 6  buy $ 15,892.61   sel     $19,250.00   [strat=busy_impatient_closer]
      R 7  buy $ 12,025.33   sel     $19,250.00   [strat=busy_impatient_closer]
      R 8  buy $ 14,574.87   sel     $18,900.00   [strat=busy_impatient_closer]
      R 9  buy $ 12,736.16   sel     $18,500.00   [strat=busy_impatient_closer]
      R10  buy $  6,545.36   sel     $18,000.00   [strat=busy_impatient_closer]
      R11  buy $ 11,009.38   sel     $17,500.00   [strat=busy_impatient_closer]
      R12  buy $ 14,467.15   sel     $17,250.00   [strat=busy_impatient_closer]
      R13  buy $ 11,696.29   sel     $16,900.00   [strat=busy_impatient_closer]
      R14  buy $  9,083.44   sel     $16,500.00   [strat=busy_impatient_closer]
      R15  buy $  4,831.68   sel     $16,000.00   [strat=busy_impatient_closer]
      R16  buy $ 15,810.12   sel     $15,900.00   [strat=busy_impatient_closer]
   run 29 done in 5.6 min

   run 30/30 on 2016 Cadillac CTS 3.6 Luxury  seed=20361449
      R 1  buy $  3,773.04   sel     $22,500.00   [strat=busy_impatient_closer] *
      R 2  buy $ 14,887.06   sel     $19,500.00   [strat=busy_impatient_closer]
      R 3  buy $ 12,309.21   sel     $18,500.00   [strat=busy_impatient_closer]
      R 4  buy $  6,079.09   sel     $18,000.00   [strat=busy_impatient_closer]
      R 5  buy $  3,193.83   sel     $18,000.00   [strat=busy_impatient_closer]
      R 6  buy $  8,067.47   sel     $18,000.00   [strat=busy_impatient_closer]
      R 7  buy $ 14,879.73   sel     $16,500.00   [strat=busy_impatient_closer]
      R 8  buy $ 10,661.51   sel     $16,000.00   [strat=busy_impatient_closer]
      R 9  buy $ 12,817.91   sel     $15,999.00   [strat=busy_impatient_closer]
      R10  buy $    545.32   sel     $15,999.00   [strat=busy_impatient_closer]
      R11  buy $  6,786.07   sel     $15,999.00   [strat=busy_impatient_closer]
      R12  buy $ 14,598.12   sel     $15,800.00   [strat=busy_impatient_closer]
      R13  buy $  1,420.66   sel     $15,750.00   [strat=busy_impatient_closer]
      R14  buy $  1,780.34   sel     $15,750.00   [strat=busy_impatient_closer]
      R15  buy $    735.33   sel     $15,750.00   [strat=busy_impatient_closer]
      R16  buy $  8,671.81   sel     $15,750.00   [strat=busy_impatient_closer]
   run 30 done in 8.2 min

   ---> checkpoint: car 2/5 done in 172.3 min; total so far 315.1 min; saved 60 runs to exp01_fixed_busy_impatient_closer.json

--- CAR 3/5: 2019 Honda Accord Sport 1.5T  (M=$28,000.00  cost=$14,000.00  cost/M=50.00%) ---

   run 1/30 on 2019 Honda Accord Sport 1.5T  seed=20362420
      R 1  buy $  3,193.89   sel     $25,999.00   [strat=busy_impatient_closer] *
      R 2  buy $ 15,816.08   sel     $24,999.00   [strat=busy_impatient_closer]
      R 3  buy $ 10,675.75   sel     $23,999.00   [strat=busy_impatient_closer]
      R 4  buy $ 10,334.19   sel     $22,999.00   [strat=busy_impatient_closer]
      R 5  buy $  7,319.24   sel     $21,999.00   [strat=busy_impatient_closer]
      R 6  buy $ 11,455.80   sel     $20,999.00   [strat=busy_impatient_closer]
      R 7  buy $ 16,622.55   sel     $19,999.00   [strat=busy_impatient_closer]
      R 8  buy $ 14,515.37   sel     $18,500.00   [strat=busy_impatient_closer]
      R 9  buy $ 14,863.96   sel     $16,999.00   [strat=busy_impatient_closer]
      R10  buy $ 15,978.71   sel     $16,500.00   [strat=busy_impatient_closer]
      R11  buy $  2,678.05   sel     $15,999.00   [strat=busy_impatient_closer]
      R12  buy $  3,977.42   sel     $14,999.00   [strat=busy_impatient_closer]
      R13  buy $  3,000.21   sel     $13,999.00   [strat=busy_impatient_closer]
      R14  buy $  3,864.03   sel     $14,500.00   [strat=busy_impatient_closer]
      R15  buy $ 10,706.75   sel     $13,500.00   [strat=busy_impatient_closer]
      R16  buy $  9,351.08   sel     $12,500.00   [strat=busy_impatient_closer]
   run 1 done in 5.7 min

   run 2/30 on 2019 Honda Accord Sport 1.5T  seed=20362421
      R 1  buy $ 23,868.21   sel     $26,500.00   [strat=busy_impatient_closer] *
      R 2  buy $ 15,528.14   sel     $24,500.00   [strat=busy_impatient_closer]
      R 3  buy $ 23,511.35   sel     $24,000.00   [strat=busy_impatient_closer]
      R 4  buy $ 13,321.47   sel     $23,000.00   [strat=busy_impatient_closer]
      R 5  buy $  3,332.38   sel     $22,500.00   [strat=busy_impatient_closer]
      R 6  buy $ 15,158.33   sel     $21,500.00   [strat=busy_impatient_closer]
      R 7  buy $  5,019.34   sel     $20,000.00   [strat=busy_impatient_closer]
      R 8  buy $  3,319.10   sel     $19,500.00   [strat=busy_impatient_closer]
      R 9  buy $ 17,945.73   sel     $18,500.00   [strat=busy_impatient_closer]
      R10  buy $ 13,199.25   sel     $16,000.00   [strat=busy_impatient_closer]
      R11  buy $    771.40   sel     $14,500.00   [strat=busy_impatient_closer]
      R12  buy $    464.29   sel     $14,250.00   [strat=busy_impatient_closer]
      R13  buy $  6,509.54   sel     $14,000.00   [strat=busy_impatient_closer]
      R14  buy $     58.29   sel     $14,000.00   [strat=busy_impatient_closer]
      R15  buy $  3,987.61   sel     $14,000.00   [strat=busy_impatient_closer]
      R16  buy $  1,483.52   sel     $14,000.00   [strat=busy_impatient_closer]
   run 2 done in 6.9 min

   run 3/30 on 2019 Honda Accord Sport 1.5T  seed=20362422
      R 1  buy $ 13,071.61   sel     $19,000.00   [strat=busy_impatient_closer] *
      R 2  buy $ 18,761.38   sel     $18,900.00   [strat=busy_impatient_closer]
      R 3  buy $ 18,170.84   sel     $18,900.00   [strat=busy_impatient_closer]
      R 4  buy $  6,105.82   sel     $18,500.00   [strat=busy_impatient_closer]
      R 5  buy $ 11,135.94   sel     $18,000.00   [strat=busy_impatient_closer]
      R 6  buy $ 16,253.38   sel     $17,500.00   [strat=busy_impatient_closer]
      R 7  buy $ 16,701.38   sel     $17,000.00   [strat=busy_impatient_closer]
      R 8  buy $  6,921.95   sel     $17,000.00   [strat=busy_impatient_closer]
      R 9  buy $  5,142.80   sel     $16,500.00   [strat=busy_impatient_closer]
      R10  buy $  7,978.57   sel     $16,000.00   [strat=busy_impatient_closer]
      R11  buy $  3,941.87   sel     $15,500.00   [strat=busy_impatient_closer]
      R12  buy $ 14,215.11   sel     PARSE-FAIL   [strat=busy_impatient_closer]
      R13  buy $  9,368.57   sel     $15,000.00   [strat=busy_impatient_closer]
      R14  buy $  1,177.26   sel     $14,500.00   [strat=busy_impatient_closer]
      R15  buy $ 11,075.26   sel     $14,250.00   [strat=busy_impatient_closer]
      R16  buy $ 13,059.59   sel     $14,100.00   [strat=busy_impatient_closer]
   run 3 done in 6.9 min

   run 4/30 on 2019 Honda Accord Sport 1.5T  seed=20362423
      R 1  buy $  9,971.76   sel     $24,500.00   [strat=busy_impatient_closer] *
      R 2  buy $ 13,412.81   sel     $22,000.00   [strat=busy_impatient_closer]
      R 3  buy $ 12,542.97   sel     $20,000.00   [strat=busy_impatient_closer]
      R 4  buy $  8,160.02   sel     $19,500.00   [strat=busy_impatient_closer]
      R 5  buy $ 17,968.89   sel     $18,250.00   [strat=busy_impatient_closer]
      R 6  buy $ 15,154.79   sel     $17,000.00   [strat=busy_impatient_closer]
      R 7  buy $ 12,283.25   sel     $16,500.00   [strat=busy_impatient_closer]
      R 8  buy $ 10,917.40   sel     $15,500.00   [strat=busy_impatient_closer]
      R 9  buy $  4,898.25   sel     $15,000.00   [strat=busy_impatient_closer]
      R10  buy $  1,336.37   sel     $14,500.00   [strat=busy_impatient_closer]
      R11  buy $  6,582.13   sel     $14,000.00   [strat=busy_impatient_closer]
      R12  buy $ 12,667.30   sel     $14,000.00   [strat=busy_impatient_closer]
      R13  buy $  1,332.56   sel     $14,000.00   [strat=busy_impatient_closer]
      R14  buy $  7,944.84   sel     $14,000.00   [strat=busy_impatient_closer]
      R15  buy $ 11,509.09   sel     $14,250.00   [strat=busy_impatient_closer]
      R16  buy $  5,317.80   sel     $14,100.00   [strat=busy_impatient_closer]
   run 4 done in 7.4 min

   run 5/30 on 2019 Honda Accord Sport 1.5T  seed=20362424
      R 1  buy $ 26,081.05   sel     $27,500.00   [strat=busy_impatient_closer] *
      R 2  buy $  8,686.23   sel     $27,000.00   [strat=busy_impatient_closer]
      R 3  buy $ 12,095.10   sel     $26,500.00   [strat=busy_impatient_closer]
      R 4  buy $ 11,455.58   sel     $26,000.00   [strat=busy_impatient_closer]
      R 5  buy $ 23,740.68   sel     $25,500.00   [strat=busy_impatient_closer]
      R 6  buy $ 12,255.72   sel     $24,500.00   [strat=busy_impatient_closer]
      R 7  buy $  2,741.69   sel     $24,500.00   [strat=busy_impatient_closer]
      R 8  buy $ 16,180.72   sel     $24,000.00   [strat=busy_impatient_closer]
      R 9  buy $  2,317.79   sel     $23,500.00   [strat=busy_impatient_closer]
      R10  buy $ 16,119.75   sel     $23,000.00   [strat=busy_impatient_closer]
      R11  buy $ 22,094.97   sel     $22,500.00   [strat=busy_impatient_closer]
      R12  buy $ 15,678.94   sel     $20,000.00   [strat=busy_impatient_closer]
      R13  buy $ 15,792.39   sel     $19,000.00   [strat=busy_impatient_closer]
      R14  buy $ 14,389.85   sel     $17,000.00   [strat=busy_impatient_closer]
      R15  buy $  5,760.05   sel     $16,000.00   [strat=busy_impatient_closer]
      R16  buy $  3,831.79   sel     $15,000.00   [strat=busy_impatient_closer]
   run 5 done in 7.2 min

   run 6/30 on 2019 Honda Accord Sport 1.5T  seed=20362425
      R 1  buy $ 16,614.19   sel     $26,500.00   [strat=busy_impatient_closer] *
      R 2  buy $  3,551.22   sel     $22,500.00   [strat=busy_impatient_closer]
      R 3  buy $ 14,254.28   sel     $19,500.00   [strat=busy_impatient_closer]
      R 4  buy $  5,936.56   sel     $18,500.00   [strat=busy_impatient_closer]
      R 5  buy $ 16,896.42   sel     $17,500.00   [strat=busy_impatient_closer]
      R 6  buy $    528.76   sel     $17,000.00   [strat=busy_impatient_closer]
      R 7  buy $ 15,206.13   sel     $16,000.00   [strat=busy_impatient_closer]
      R 8  buy $  1,165.11   sel     $15,500.00   [strat=busy_impatient_closer]
      R 9  buy $  3,342.77   sel     $15,000.00   [strat=busy_impatient_closer]
      R10  buy $ 12,132.56   sel     $14,500.00   [strat=busy_impatient_closer]
      R11  buy $  6,267.11   sel     $14,500.00   [strat=busy_impatient_closer]
      R12  buy $ 10,719.27   sel     $14,250.00   [strat=busy_impatient_closer]
      R13  buy $ 10,266.04   sel     $14,000.00   [strat=busy_impatient_closer]
      R14  buy $  4,658.06   sel     $14,000.00   [strat=busy_impatient_closer]
      R15  buy $  9,375.91   sel     $14,000.00   [strat=busy_impatient_closer]
      R16  buy $ 11,532.85   sel     $14,000.00   [strat=busy_impatient_closer]
   run 6 done in 6.9 min

   run 7/30 on 2019 Honda Accord Sport 1.5T  seed=20362426
      R 1  buy $ 10,462.15   sel     $25,900.00   [strat=busy_impatient_closer] *
      R 2  buy $ 10,464.27   sel     $24,500.00   [strat=busy_impatient_closer]
      R 3  buy $ 24,144.87   sel     $23,900.00   [strat=busy_impatient_closer]
      R 4  buy $  1,195.37   sel     $23,500.00   [strat=busy_impatient_closer]
      R 5  buy $  1,356.92   sel     $23,500.00   [strat=busy_impatient_closer]
      R 6  buy $  1,421.42   sel     $23,500.00   [strat=busy_impatient_closer]
      R 7  buy $ 20,166.58   sel     $23,000.00   [strat=busy_impatient_closer]
      R 8  buy $ 13,466.23   sel     $22,500.00   [strat=busy_impatient_closer]
      R 9  buy $ 21,118.20   sel     $21,500.00   [strat=busy_impatient_closer]
      R10  buy $ 21,029.76   sel     $21,029.76   [strat=busy_impatient_closer]
      R11  buy $ 11,279.42   sel     $21,029.76   [strat=busy_impatient_closer]
      R12  buy $  6,977.78   sel     $20,500.00   [strat=busy_impatient_closer]
      R13  buy $ 13,500.45   sel     $20,500.00   [strat=busy_impatient_closer]
      R14  buy $  6,069.87   sel     $20,000.00   [strat=busy_impatient_closer]
      R15  buy $ 10,925.26   sel     $20,000.00   [strat=busy_impatient_closer]
      R16  buy $    791.91   sel     $20,500.00   [strat=busy_impatient_closer]
   run 7 done in 7.3 min

   run 8/30 on 2019 Honda Accord Sport 1.5T  seed=20362427
      R 1  buy $ 17,692.74   sel     $24,500.00   [strat=busy_impatient_closer] *
      R 2  buy $  4,408.83   sel     $24,000.00   [strat=busy_impatient_closer]
      R 3  buy $ 21,300.97   sel     $23,500.00   [strat=busy_impatient_closer]
      R 4  buy $  5,139.78   sel     $23,000.00   [strat=busy_impatient_closer]
      R 5  buy $  4,117.87   sel     $22,500.00   [strat=busy_impatient_closer]
      R 6  buy $  7,708.69   sel     $22,500.00   [strat=busy_impatient_closer]
      R 7  buy $ 21,479.62   sel     $22,000.00   [strat=busy_impatient_closer]
      R 8  buy $ 17,134.10   sel     $22,000.00   [strat=busy_impatient_closer]
      R 9  buy $  3,576.07   sel     $22,000.00   [strat=busy_impatient_closer]
      R10  buy $ 18,748.96   sel     $20,500.00   [strat=busy_impatient_closer]
      R11  buy $  3,439.44   sel     $20,000.00   [strat=busy_impatient_closer]
      R12  buy $  4,595.23   sel     $15,000.00   [strat=busy_impatient_closer]
      R13  buy $  5,070.62   sel     $15,000.00   [strat=busy_impatient_closer]
      R14  buy $  9,994.22   sel     $15,000.00   [strat=busy_impatient_closer]
      R15  buy $ 12,791.43   sel     $15,000.00   [strat=busy_impatient_closer]
      R16  buy $  2,688.25   sel     $15,000.00   [strat=busy_impatient_closer]
   run 8 done in 6.0 min

   run 9/30 on 2019 Honda Accord Sport 1.5T  seed=20362428
      R 1  buy $ 21,896.52   sel     $25,500.00   [strat=busy_impatient_closer] *
      R 2  buy $  8,333.65   sel     $23,500.00   [strat=busy_impatient_closer]
      R 3  buy $ 21,399.39   sel     $22,800.00   [strat=busy_impatient_closer]
      R 4  buy $ 13,685.44   sel     $22,000.00   [strat=busy_impatient_closer]
      R 5  buy $ 15,268.97   sel     $21,500.00   [strat=busy_impatient_closer]
      R 6  buy $  1,608.99   sel     $21,500.00   [strat=busy_impatient_closer]
      R 7  buy $    664.43   sel     $21,500.00   [strat=busy_impatient_closer]
      R 8  buy $ 21,136.28   sel     $21,136.28   [strat=busy_impatient_closer]
      R 9  buy $ 11,853.50   sel     $21,000.00   [strat=busy_impatient_closer]
      R10  buy $ 16,148.82   sel     $20,500.00   [strat=busy_impatient_closer]
      R11  buy $  4,713.37   sel     $20,000.00   [strat=busy_impatient_closer]
      R12  buy $  3,574.73   sel     $19,500.00   [strat=busy_impatient_closer]
      R13  buy $ 19,384.91   sel     $19,384.91   [strat=busy_impatient_closer]
      R14  buy $  7,674.85   sel     $19,000.00   [strat=busy_impatient_closer]
      R15  buy $  6,195.61   sel     $18,500.00   [strat=busy_impatient_closer]
      R16  buy $  2,872.26   sel     $18,000.00   [strat=busy_impatient_closer]
   run 9 done in 6.5 min

   run 10/30 on 2019 Honda Accord Sport 1.5T  seed=20362429
      R 1  buy $  5,357.37   sel     $26,500.00   [strat=busy_impatient_closer] *
      R 2  buy $ 13,121.99   sel     $24,500.00   [strat=busy_impatient_closer]
      R 3  buy $  5,797.48   sel     $23,500.00   [strat=busy_impatient_closer]
      R 4  buy $  6,232.07   sel     $23,000.00   [strat=busy_impatient_closer]
      R 5  buy $  6,909.62   sel     $21,500.00   [strat=busy_impatient_closer]
      R 6  buy $ 12,950.64   sel     $18,500.00   [strat=busy_impatient_closer]
      R 7  buy $ 17,592.80   sel     $18,000.00   [strat=busy_impatient_closer]
      R 8  buy $  2,256.41   sel     $18,000.00   [strat=busy_impatient_closer]
      R 9  buy $  5,331.85   sel     PARSE-FAIL   [strat=busy_impatient_closer]
      R10  buy $  3,199.27   sel     $17,500.00   [strat=busy_impatient_closer]
      R11  buy $ 15,724.17   sel     $16,500.00   [strat=busy_impatient_closer]
      R12  buy $  3,322.20   sel     $15,999.00   [strat=busy_impatient_closer]
      R13  buy $ 15,857.50   sel     $15,857.50   [strat=busy_impatient_closer]
      R14  buy $  1,314.43   sel     $15,500.00   [strat=busy_impatient_closer]
      R15  buy $ 11,988.04   sel     $15,000.00   [strat=busy_impatient_closer]
      R16  buy $  9,153.60   sel     $14,500.00   [strat=busy_impatient_closer]
   run 10 done in 5.3 min

   run 11/30 on 2019 Honda Accord Sport 1.5T  seed=20362430
      R 1  buy $  9,665.42   sel     $22,995.00   [strat=busy_impatient_closer] *
      R 2  buy $ 18,628.28   sel     $21,995.00   [strat=busy_impatient_closer]
      R 3  buy $ 19,191.63   sel     $21,500.00   [strat=busy_impatient_closer]
      R 4  buy $  3,803.23   sel     $20,995.00   [strat=busy_impatient_closer]
      R 5  buy $  3,763.36   sel     $20,500.00   [strat=busy_impatient_closer]
      R 6  buy $ 20,199.84   sel     $20,199.84   [strat=busy_impatient_closer]
      R 7  buy $  9,366.81   sel     $20,199.84   [strat=busy_impatient_closer]
      R 8  buy $ 15,037.35   sel     $19,500.00   [strat=busy_impatient_closer]
      R 9  buy $ 19,335.48   sel     $19,450.00   [strat=busy_impatient_closer]
      R10  buy $ 12,261.11   sel     $18,995.00   [strat=busy_impatient_closer]
      R11  buy $  6,990.20   sel     $18,500.00   [strat=busy_impatient_closer]
      R12  buy $ 15,078.10   sel     $17,995.00   [strat=busy_impatient_closer]
      R13  buy $ 12,113.60   sel     $17,500.00   [strat=busy_impatient_closer]
      R14  buy $ 11,062.51   sel     $16,000.00   [strat=busy_impatient_closer]
      R15  buy $ 10,647.47   sel     $15,500.00   [strat=busy_impatient_closer]
      R16  buy $  2,653.29   sel     $14,500.00   [strat=busy_impatient_closer]
   run 11 done in 5.4 min

   run 12/30 on 2019 Honda Accord Sport 1.5T  seed=20362431
      R 1  buy $ 16,251.52   sel     $26,500.00   [strat=busy_impatient_closer] *
      R 2  buy $  3,051.47   sel     $25,000.00   [strat=busy_impatient_closer]
      R 3  buy $  3,907.39   sel     $24,500.00   [strat=busy_impatient_closer]
      R 4  buy $ 16,463.21   sel     $23,500.00   [strat=busy_impatient_closer]
      R 5  buy $  6,672.17   sel     $22,500.00   [strat=busy_impatient_closer]
      R 6  buy $  9,530.43   sel     $22,500.00   [strat=busy_impatient_closer]
      R 7  buy $ 11,607.82   sel     $21,000.00   [strat=busy_impatient_closer]
      R 8  buy $  4,700.51   sel     $21,000.00   [strat=busy_impatient_closer]
      R 9  buy $ 20,602.65   sel     $20,800.00   [strat=busy_impatient_closer]
      R10  buy $  2,541.17   sel     $21,000.00   [strat=busy_impatient_closer]
      R11  buy $  2,459.99   sel     $21,000.00   [strat=busy_impatient_closer]
      R12  buy $  7,946.71   sel     $21,000.00   [strat=busy_impatient_closer]
      R13  buy $ 10,920.18   sel     $20,500.00   [strat=busy_impatient_closer]
      R14  buy $ 12,997.81   sel     $19,999.00   [strat=busy_impatient_closer]
      R15  buy $ 16,195.76   sel     $18,500.00   [strat=busy_impatient_closer]
      R16  buy $ 12,983.05   sel     $17,500.00   [strat=busy_impatient_closer]
   run 12 done in 5.0 min

   run 13/30 on 2019 Honda Accord Sport 1.5T  seed=20362432
      R 1  buy $ 11,148.97   sel     $21,000.00   [strat=busy_impatient_closer] *
      R 2  buy $ 16,560.68   sel     $19,500.00   [strat=busy_impatient_closer]
      R 3  buy $ 17,759.55   sel     $18,750.00   [strat=busy_impatient_closer]
      R 4  buy $  3,972.76   sel     $18,500.00   [strat=busy_impatient_closer]
      R 5  buy $ 17,229.48   sel     $17,850.00   [strat=busy_impatient_closer]
      R 6  buy $  8,342.40   sel     $17,500.00   [strat=busy_impatient_closer]
      R 7  buy $  2,524.89   sel     $17,250.00   [strat=busy_impatient_closer]
      R 8  buy $  9,706.46   sel     $17,000.00   [strat=busy_impatient_closer]
      R 9  buy $  6,760.86   sel     $16,000.00   [strat=busy_impatient_closer]
      R10  buy $  1,945.08   sel     $15,500.00   [strat=busy_impatient_closer]
      R11  buy $  2,936.56   sel     $15,500.00   [strat=busy_impatient_closer]
      R12  buy $  1,967.10   sel     $15,000.00   [strat=busy_impatient_closer]
      R13  buy $  2,594.07   sel     $14,500.00   [strat=busy_impatient_closer]
      R14  buy $  4,446.48   sel     $14,250.00   [strat=busy_impatient_closer]
      R15  buy $  3,472.86   sel     $14,000.00   [strat=busy_impatient_closer]
      R16  buy $  8,973.81   sel     $14,250.00   [strat=busy_impatient_closer]
   run 13 done in 8.2 min

   run 14/30 on 2019 Honda Accord Sport 1.5T  seed=20362433
      R 1  buy $ 11,948.13   sel     $16,995.00   [strat=busy_impatient_closer] *
      R 2  buy $    136.32   sel     $16,500.00   [strat=busy_impatient_closer]
      R 3  buy $ 15,673.27   sel     $16,200.00   [strat=busy_impatient_closer]
      R 4  buy $ 13,692.46   sel     $15,900.00   [strat=busy_impatient_closer]
      R 5  buy $  1,233.38   sel     $15,850.00   [strat=busy_impatient_closer]
      R 6  buy $  3,641.15   sel     $15,800.00   [strat=busy_impatient_closer]
      R 7  buy $  6,565.08   sel     $15,500.00   [strat=busy_impatient_closer]
      R 8  buy $ 10,953.45   sel     $15,500.00   [strat=busy_impatient_closer]
      R 9  buy $  6,958.00   sel     $15,500.00   [strat=busy_impatient_closer]
      R10  buy $ 13,712.78   sel     $15,500.00   [strat=busy_impatient_closer]
      R11  buy $  4,535.86   sel     $15,300.00   [strat=busy_impatient_closer]
      R12  buy $ 13,401.61   sel     PARSE-FAIL   [strat=busy_impatient_closer]
      R13  buy $    120.97   sel     $15,000.00   [strat=busy_impatient_closer]
      R14  buy $  9,602.56   sel     $14,500.00   [strat=busy_impatient_closer]
      R15  buy $  9,026.50   sel     $14,250.00   [strat=busy_impatient_closer]
      R16  buy $  2,776.52   sel     $14,200.00   [strat=busy_impatient_closer]
   run 14 done in 7.7 min

   run 15/30 on 2019 Honda Accord Sport 1.5T  seed=20362434
      R 1  buy $  2,096.98   sel     $26,500.00   [strat=busy_impatient_closer] *
      R 2  buy $ 15,273.38   sel     $25,900.00   [strat=busy_impatient_closer]
      R 3  buy $ 10,737.06   sel     $25,500.00   [strat=busy_impatient_closer]
      R 4  buy $ 12,656.17   sel     $25,000.00   [strat=busy_impatient_closer]
      R 5  buy $ 22,529.80   sel     $24,000.00   [strat=busy_impatient_closer]
      R 6  buy $ 17,615.35   sel     $22,000.00   [strat=busy_impatient_closer]
      R 7  buy $    857.28   sel     $21,500.00   [strat=busy_impatient_closer]
      R 8  buy $ 12,502.63   sel     $20,500.00   [strat=busy_impatient_closer]
      R 9  buy $ 18,473.72   sel     $20,000.00   [strat=busy_impatient_closer]
      R10  buy $ 16,357.14   sel     $19,500.00   [strat=busy_impatient_closer]
      R11  buy $ 19,112.53   sel     $19,112.53   [strat=busy_impatient_closer]
      R12  buy $  1,962.83   sel     $20,000.00   [strat=busy_impatient_closer]
      R13  buy $ 18,153.54   sel     $18,153.54   [strat=busy_impatient_closer]
      R14  buy $ 16,324.58   sel     $17,500.00   [strat=busy_impatient_closer]
      R15  buy $  9,940.18   sel     $17,000.00   [strat=busy_impatient_closer]
      R16  buy $  3,856.34   sel     $17,000.00   [strat=busy_impatient_closer]
   run 15 done in 6.6 min

   run 16/30 on 2019 Honda Accord Sport 1.5T  seed=20362435
      R 1  buy $  7,262.83   sel     $25,500.00   [strat=busy_impatient_closer] *
      R 2  buy $ 17,515.00   sel     $23,250.00   [strat=busy_impatient_closer]
      R 3  buy $  6,527.88   sel     $22,000.00   [strat=busy_impatient_closer]
      R 4  buy $  3,283.49   sel     $21,500.00   [strat=busy_impatient_closer]
      R 5  buy $  4,786.52   sel     $20,000.00   [strat=busy_impatient_closer]
      R 6  buy $  4,911.23   sel     $20,000.00   [strat=busy_impatient_closer]
      R 7  buy $    210.19   sel     $20,000.00   [strat=busy_impatient_closer]
      R 8  buy $  8,199.16   sel     $19,500.00   [strat=busy_impatient_closer]
      R 9  buy $ 18,639.63   sel     $19,250.00   [strat=busy_impatient_closer]
      R10  buy $  7,755.62   sel     $19,000.00   [strat=busy_impatient_closer]
      R11  buy $ 15,907.04   sel     $18,500.00   [strat=busy_impatient_closer]
      R12  buy $ 14,484.52   sel     $17,500.00   [strat=busy_impatient_closer]
      R13  buy $  9,501.83   sel     $17,000.00   [strat=busy_impatient_closer]
      R14  buy $ 11,533.94   sel     $16,500.00   [strat=busy_impatient_closer]
      R15  buy $  6,223.83   sel     $16,000.00   [strat=busy_impatient_closer]
      R16  buy $  4,735.89   sel     $15,500.00   [strat=busy_impatient_closer]
   run 16 done in 7.9 min

   run 17/30 on 2019 Honda Accord Sport 1.5T  seed=20362436
      R 1  buy $ 26,419.77   sel     $27,500.00   [strat=busy_impatient_closer] *
      R 2  buy $ 23,655.29   sel     $27,000.00   [strat=busy_impatient_closer]
      R 3  buy $ 10,488.60   sel     $26,500.00   [strat=busy_impatient_closer]
      R 4  buy $ 23,930.74   sel     $26,500.00   [strat=busy_impatient_closer]
      R 5  buy $  8,270.57   sel     $26,500.00   [strat=busy_impatient_closer]
      R 6  buy $ 18,876.57   sel     $26,500.00   [strat=busy_impatient_closer]
      R 7  buy $ 17,764.01   sel     $26,000.00   [strat=busy_impatient_closer]
      R 8  buy $ 10,154.48   sel     $26,000.00   [strat=busy_impatient_closer]
      R 9  buy $ 18,973.44   sel     $26,000.00   [strat=busy_impatient_closer]
      R10  buy $  8,804.57   sel     $26,000.00   [strat=busy_impatient_closer]
      R11  buy $ 15,487.95   sel     $26,000.00   [strat=busy_impatient_closer]
      R12  buy $  7,979.38   sel     $26,000.00   [strat=busy_impatient_closer]
      R13  buy $ 22,718.51   sel     $26,000.00   [strat=busy_impatient_closer]
      R14  buy $  4,440.03   sel     $26,000.00   [strat=busy_impatient_closer]
      R15  buy $  7,104.36   sel     $26,000.00   [strat=busy_impatient_closer]
      R16  buy $ 23,719.18   sel     $26,000.00   [strat=busy_impatient_closer]
   run 17 done in 6.7 min

   run 18/30 on 2019 Honda Accord Sport 1.5T  seed=20362437
      R 1  buy $ 17,179.34   sel     $22,500.00   [strat=busy_impatient_closer] *
      R 2  buy $ 18,584.72   sel     $21,500.00   [strat=busy_impatient_closer]
      R 3  buy $ 13,354.25   sel     $21,000.00   [strat=busy_impatient_closer]
      R 4  buy $    230.10   sel     $20,800.00   [strat=busy_impatient_closer]
      R 5  buy $ 19,707.79   sel     $19,707.79   [strat=busy_impatient_closer]
      R 6  buy $ 19,018.26   sel     $19,500.00   [strat=busy_impatient_closer]
      R 7  buy $ 16,550.51   sel     $18,000.00   [strat=busy_impatient_closer]
      R 8  buy $  1,764.09   sel     $18,000.00   [strat=busy_impatient_closer]
      R 9  buy $  1,443.23   sel     $17,500.00   [strat=busy_impatient_closer]
      R10  buy $ 13,318.89   sel     $16,500.00   [strat=busy_impatient_closer]
      R11  buy $  2,221.18   sel     $15,500.00   [strat=busy_impatient_closer]
      R12  buy $ 14,854.78   sel     $15,000.00   [strat=busy_impatient_closer]
      R13  buy $     50.48   sel     $14,500.00   [strat=busy_impatient_closer]
      R14  buy $    410.27   sel     $14,500.00   [strat=busy_impatient_closer]
      R15  buy $  4,143.04   sel     $14,250.00   [strat=busy_impatient_closer]
      R16  buy $  5,740.64   sel     $14,000.00   [strat=busy_impatient_closer]
   run 18 done in 8.3 min

   run 19/30 on 2019 Honda Accord Sport 1.5T  seed=20362438
      R 1  buy $ 22,092.93   sel     $25,500.00   [strat=busy_impatient_closer] *
      R 2  buy $  7,425.44   sel     $24,000.00   [strat=busy_impatient_closer]
      R 3  buy $  3,010.04   sel     $23,500.00   [strat=busy_impatient_closer]
      R 4  buy $     54.61   sel     $23,000.00   [strat=busy_impatient_closer]
      R 5  buy $  4,134.42   sel     $22,000.00   [strat=busy_impatient_closer]
      R 6  buy $ 17,520.07   sel     $20,000.00   [strat=busy_impatient_closer]
      R 7  buy $ 18,200.99   sel     $20,000.00   [strat=busy_impatient_closer]
      R 8  buy $  7,907.70   sel     $19,500.00   [strat=busy_impatient_closer]
      R 9  buy $ 18,356.74   sel     $19,000.00   [strat=busy_impatient_closer]
      R10  buy $  1,223.09   sel     $18,500.00   [strat=busy_impatient_closer]
      R11  buy $  6,605.09   sel     $18,000.00   [strat=busy_impatient_closer]
      R12  buy $ 15,125.33   sel     $18,000.00   [strat=busy_impatient_closer]
      R13  buy $ 12,257.01   sel     $18,000.00   [strat=busy_impatient_closer]
      R14  buy $  4,933.76   sel     $18,000.00   [strat=busy_impatient_closer]
      R15  buy $  7,233.26   sel     $17,000.00   [strat=busy_impatient_closer]
      R16  buy $ 12,994.74   sel     $16,500.00   [strat=busy_impatient_closer]
   run 19 done in 6.3 min

   run 20/30 on 2019 Honda Accord Sport 1.5T  seed=20362439
      R 1  buy $ 26,776.96   sel     $27,500.00   [strat=busy_impatient_closer] *
      R 2  buy $    881.10   sel     $27,500.00   [strat=busy_impatient_closer]
      R 3  buy $  1,843.61   sel     $27,500.00   [strat=busy_impatient_closer]
      R 4  buy $  5,642.15   sel     $27,250.00   [strat=busy_impatient_closer]
      R 5  buy $ 18,525.56   sel     $25,000.00   [strat=busy_impatient_closer]
      R 6  buy $ 18,765.67   sel     $24,500.00   [strat=busy_impatient_closer]
      R 7  buy $ 20,966.04   sel     $24,000.00   [strat=busy_impatient_closer]
      R 8  buy $  1,051.92   sel     $23,500.00   [strat=busy_impatient_closer]
      R 9  buy $  5,299.41   sel     $23,500.00   [strat=busy_impatient_closer]
      R10  buy $ 16,697.01   sel     $20,000.00   [strat=busy_impatient_closer]
      R11  buy $ 10,433.42   sel     $19,500.00   [strat=busy_impatient_closer]
      R12  buy $ 15,260.61   sel     $15,260.61   [strat=busy_impatient_closer]
      R13  buy $  6,737.76   sel     $16,000.00   [strat=busy_impatient_closer]
      R14  buy $    169.08   sel     $15,000.00   [strat=busy_impatient_closer]
      R15  buy $  8,371.04   sel     $14,500.00   [strat=busy_impatient_closer]
      R16  buy $    862.72   sel     $14,000.00   [strat=busy_impatient_closer]
   run 20 done in 9.2 min

   run 21/30 on 2019 Honda Accord Sport 1.5T  seed=20362440
      R 1  buy $  3,311.17   sel     $23,800.00   [strat=busy_impatient_closer] *
      R 2  buy $    592.63   sel     $23,500.00   [strat=busy_impatient_closer]
      R 3  buy $ 22,941.97   sel     $23,300.00   [strat=busy_impatient_closer]
      R 4  buy $ 14,848.28   sel     $22,000.00   [strat=busy_impatient_closer]
      R 5  buy $  6,363.54   sel     $22,000.00   [strat=busy_impatient_closer]
      R 6  buy $  5,433.99   sel     $22,000.00   [strat=busy_impatient_closer]
      R 7  buy $  2,596.26   sel     $22,000.00   [strat=busy_impatient_closer]
      R 8  buy $  7,417.90   sel     $22,000.00   [strat=busy_impatient_closer]
      R 9  buy $  4,679.78   sel     $21,800.00   [strat=busy_impatient_closer]
      R10  buy $ 11,972.59   sel     $21,500.00   [strat=busy_impatient_closer]
      R11  buy $ 10,733.24   sel     $21,000.00   [strat=busy_impatient_closer]
      R12  buy $  8,743.11   sel     $20,000.00   [strat=busy_impatient_closer]
      R13  buy $  5,103.71   sel     $19,500.00   [strat=busy_impatient_closer]
      R14  buy $ 11,101.84   sel     $18,500.00   [strat=busy_impatient_closer]
      R15  buy $ 15,919.68   sel     $17,200.00   [strat=busy_impatient_closer]
      R16  buy $  5,266.55   sel     $16,500.00   [strat=busy_impatient_closer]
   run 21 done in 7.9 min

   run 22/30 on 2019 Honda Accord Sport 1.5T  seed=20362441
      R 1  buy $    412.64   sel     $26,500.00   [strat=busy_impatient_closer] *
      R 2  buy $ 25,108.91   sel     $25,800.00   [strat=busy_impatient_closer]
      R 3  buy $ 12,334.85   sel     $25,800.00   [strat=busy_impatient_closer]
      R 4  buy $ 15,796.04   sel     $24,500.00   [strat=busy_impatient_closer]
      R 5  buy $ 12,811.37   sel     $23,500.00   [strat=busy_impatient_closer]
      R 6  buy $ 10,502.17   sel     $22,000.00   [strat=busy_impatient_closer]
      R 7  buy $ 15,155.89   sel     $21,500.00   [strat=busy_impatient_closer]
      R 8  buy $ 11,924.96   sel     $21,000.00   [strat=busy_impatient_closer]
      R 9  buy $ 18,929.82   sel     $20,000.00   [strat=busy_impatient_closer]
      R10  buy $ 18,596.99   sel     $19,500.00   [strat=busy_impatient_closer]
      R11  buy $ 14,553.06   sel     $17,500.00   [strat=busy_impatient_closer]
      R12  buy $ 16,658.99   sel     $17,100.00   [strat=busy_impatient_closer]
      R13  buy $ 13,913.75   sel     $16,500.00   [strat=busy_impatient_closer]
      R14  buy $ 14,391.32   sel     $15,500.00   [strat=busy_impatient_closer]
      R15  buy $  2,276.24   sel     $15,000.00   [strat=busy_impatient_closer]
      R16  buy $  2,934.12   sel     $14,500.00   [strat=busy_impatient_closer]
   run 22 done in 6.0 min

   run 23/30 on 2019 Honda Accord Sport 1.5T  seed=20362442
      R 1  buy $ 16,874.94   sel     $23,000.00   [strat=busy_impatient_closer] *
      R 2  buy $ 21,745.73   sel     $22,500.00   [strat=busy_impatient_closer]
      R 3  buy $ 11,111.20   sel     $22,100.00   [strat=busy_impatient_closer]
      R 4  buy $ 10,057.14   sel     $21,000.00   [strat=busy_impatient_closer]
      R 5  buy $ 18,858.49   sel     $20,500.00   [strat=busy_impatient_closer]
      R 6  buy $ 20,261.53   sel     PARSE-FAIL   [strat=busy_impatient_closer]
      R 7  buy $ 12,266.87   sel     $20,000.00   [strat=busy_impatient_closer]
      R 8  buy $ 11,425.79   sel     $19,500.00   [strat=busy_impatient_closer]
      R 9  buy $  1,908.27   sel     $19,000.00   [strat=busy_impatient_closer]
      R10  buy $  2,568.09   sel     $18,500.00   [strat=busy_impatient_closer]
      R11  buy $ 13,243.40   sel     $18,000.00   [strat=busy_impatient_closer]
      R12  buy $  6,335.84   sel     $17,500.00   [strat=busy_impatient_closer]
      R13  buy $ 12,640.27   sel     $16,500.00   [strat=busy_impatient_closer]
      R14  buy $ 14,814.91   sel     $16,000.00   [strat=busy_impatient_closer]
      R15  buy $  2,528.47   sel     $15,500.00   [strat=busy_impatient_closer]
      R16  buy $  1,963.55   sel     $15,000.00   [strat=busy_impatient_closer]
   run 23 done in 6.8 min

   run 24/30 on 2019 Honda Accord Sport 1.5T  seed=20362443
      R 1  buy $  4,565.62   sel     $25,500.00   [strat=busy_impatient_closer] *
      R 2  buy $  3,874.94   sel     $24,500.00   [strat=busy_impatient_closer]
      R 3  buy $  8,728.09   sel     $24,000.00   [strat=busy_impatient_closer]
      R 4  buy $ 15,278.82   sel     $23,500.00   [strat=busy_impatient_closer]
      R 5  buy $ 22,676.89   sel     $23,000.00   [strat=busy_impatient_closer]
      R 6  buy $ 18,310.67   sel     $22,800.00   [strat=busy_impatient_closer]
      R 7  buy $  4,486.08   sel     $22,800.00   [strat=busy_impatient_closer]
      R 8  buy $  2,680.21   sel     $22,500.00   [strat=busy_impatient_closer]
      R 9  buy $ 12,012.67   sel     $22,000.00   [strat=busy_impatient_closer]
      R10  buy $  7,752.43   sel     $21,500.00   [strat=busy_impatient_closer]
      R11  buy $ 15,012.68   sel     $20,000.00   [strat=busy_impatient_closer]
      R12  buy $  9,986.09   sel     $19,500.00   [strat=busy_impatient_closer]
      R13  buy $ 16,215.84   sel     $18,000.00   [strat=busy_impatient_closer]
      R14  buy $  1,282.18   sel     $17,000.00   [strat=busy_impatient_closer]
      R15  buy $ 14,936.78   sel     $16,000.00   [strat=busy_impatient_closer]
      R16  buy $  5,306.43   sel     $15,000.00   [strat=busy_impatient_closer]
   run 24 done in 7.9 min

   run 25/30 on 2019 Honda Accord Sport 1.5T  seed=20362444
      R 1  buy $ 27,465.19   sel     $28,000.00   [strat=busy_impatient_closer] *
      R 2  buy $  4,728.44   sel     $28,000.00   [strat=busy_impatient_closer]
      R 3  buy $ 16,519.33   sel     $27,000.00   [strat=busy_impatient_closer]
      R 4  buy $    315.50   sel     $19,000.00   [strat=busy_impatient_closer]
      R 5  buy $ 12,491.90   sel     $17,500.00   [strat=busy_impatient_closer]
      R 6  buy $ 15,200.99   sel     $16,000.00   [strat=busy_impatient_closer]
      R 7  buy $  9,397.04   sel     $15,500.00   [strat=busy_impatient_closer]
      R 8  buy $  3,365.81   sel     $15,000.00   [strat=busy_impatient_closer]
      R 9  buy $  7,639.56   sel     $15,000.00   [strat=busy_impatient_closer]
      R10  buy $  5,323.86   sel     $14,500.00   [strat=busy_impatient_closer]
      R11  buy $  6,875.96   sel     $14,200.00   [strat=busy_impatient_closer]
      R12  buy $ 13,960.94   sel     $14,100.00   [strat=busy_impatient_closer]
      R13  buy $  2,911.39   sel     PARSE-FAIL   [strat=busy_impatient_closer]
      R14  buy $  8,781.45   sel     $14,000.00   [strat=busy_impatient_closer]
      R15  buy $  7,576.95   sel     $14,000.00   [strat=busy_impatient_closer]
      R16  buy $  3,207.41   sel     $14,000.00   [strat=busy_impatient_closer]
   run 25 done in 7.0 min

   run 26/30 on 2019 Honda Accord Sport 1.5T  seed=20362445
      R 1  buy $ 18,205.19   sel     $26,500.00   [strat=busy_impatient_closer] *
      R 2  buy $  6,358.87   sel     $24,999.00   [strat=busy_impatient_closer]
      R 3  buy $  2,194.61   sel     $23,500.00   [strat=busy_impatient_closer]
      R 4  buy $  3,774.35   sel     $22,000.00   [strat=busy_impatient_closer]
      R 5  buy $ 17,835.69   sel     $21,500.00   [strat=busy_impatient_closer]
      R 6  buy $ 20,378.63   sel     $21,000.00   [strat=busy_impatient_closer]
      R 7  buy $ 13,094.48   sel     $20,500.00   [strat=busy_impatient_closer]
      R 8  buy $  5,365.80   sel     $20,000.00   [strat=busy_impatient_closer]
      R 9  buy $ 12,334.85   sel     $19,500.00   [strat=busy_impatient_closer]
      R10  buy $  3,935.38   sel     $19,000.00   [strat=busy_impatient_closer]
      R11  buy $ 18,598.23   sel     $18,800.00   [strat=busy_impatient_closer]
      R12  buy $  3,164.99   sel     $18,600.00   [strat=busy_impatient_closer]
      R13  buy $  7,908.60   sel     $18,500.00   [strat=busy_impatient_closer]
      R14  buy $ 13,607.42   sel     $18,000.00   [strat=busy_impatient_closer]
      R15  buy $ 16,983.63   sel     $17,250.00   [strat=busy_impatient_closer]
      R16  buy $  3,851.68   sel     $16,750.00   [strat=busy_impatient_closer]
   run 26 done in 7.7 min

   run 27/30 on 2019 Honda Accord Sport 1.5T  seed=20362446
      R 1  buy $ 15,375.90   sel     $17,999.99   [strat=busy_impatient_closer] *
      R 2  buy $  7,046.58   sel     $17,500.00   [strat=busy_impatient_closer]
      R 3  buy $  5,071.92   sel     $17,500.00   [strat=busy_impatient_closer]
      R 4  buy $ 10,382.58   sel     $17,000.00   [strat=busy_impatient_closer]
      R 5  buy $ 16,247.52   sel     $16,800.00   [strat=busy_impatient_closer]
      R 6  buy $  7,729.41   sel     $16,800.00   [strat=busy_impatient_closer]
      R 7  buy $  1,154.06   sel     $16,500.00   [strat=busy_impatient_closer]
      R 8  buy $ 15,127.62   sel     $16,000.00   [strat=busy_impatient_closer]
      R 9  buy $    109.67   sel     $16,300.00   [strat=busy_impatient_closer]
      R10  buy $  4,771.90   sel     $15,800.00   [strat=busy_impatient_closer]
      R11  buy $  5,264.99   sel     $15,500.00   [strat=busy_impatient_closer]
      R12  buy $  9,762.92   sel     $15,300.00   [strat=busy_impatient_closer]
      R13  buy $ 15,149.70   sel     $15,200.00   [strat=busy_impatient_closer]
      R14  buy $  5,693.80   sel     $15,100.00   [strat=busy_impatient_closer]
      R15  buy $    808.24   sel     $15,000.00   [strat=busy_impatient_closer]
      R16  buy $  8,125.46   sel     $14,900.00   [strat=busy_impatient_closer]
   run 27 done in 7.8 min

   run 28/30 on 2019 Honda Accord Sport 1.5T  seed=20362447
      R 1  buy $ 20,268.26   sel     $26,500.00   [strat=busy_impatient_closer] *
      R 2  buy $ 11,622.96   sel     $25,900.00   [strat=busy_impatient_closer]
      R 3  buy $ 16,640.54   sel     $25,500.00   [strat=busy_impatient_closer]
      R 4  buy $ 21,647.94   sel     $24,900.00   [strat=busy_impatient_closer]
      R 5  buy $ 13,275.00   sel     $24,500.00   [strat=busy_impatient_closer]
      R 6  buy $  1,592.01   sel     $24,500.00   [strat=busy_impatient_closer]
      R 7  buy $ 15,873.37   sel     $23,900.00   [strat=busy_impatient_closer]
      R 8  buy $ 19,235.29   sel     $19,500.00   [strat=busy_impatient_closer]
      R 9  buy $ 11,707.27   sel     $18,500.00   [strat=busy_impatient_closer]
      R10  buy $  7,364.08   sel     $19,000.00   [strat=busy_impatient_closer]
      R11  buy $  1,820.98   sel     $18,500.00   [strat=busy_impatient_closer]
      R12  buy $  6,692.37   sel     $18,000.00   [strat=busy_impatient_closer]
      R13  buy $ 12,273.53   sel     $17,500.00   [strat=busy_impatient_closer]
      R14  buy $ 17,226.69   sel     $17,226.69   [strat=busy_impatient_closer]
      R15  buy $ 12,866.64   sel     $16,500.00   [strat=busy_impatient_closer]
      R16  buy $ 16,003.64   sel     $16,250.00   [strat=busy_impatient_closer]
   run 28 done in 7.0 min

   run 29/30 on 2019 Honda Accord Sport 1.5T  seed=20362448
      R 1  buy $ 26,799.61   sel     $27,595.00   [strat=busy_impatient_closer] *
      R 2  buy $ 27,169.02   sel     $27,395.00   [strat=busy_impatient_closer]
      R 3  buy $  9,253.61   sel     $27,200.00   [strat=busy_impatient_closer]
      R 4  buy $ 16,245.88   sel     $27,200.00   [strat=busy_impatient_closer]
      R 5  buy $    219.32   sel     $27,200.00   [strat=busy_impatient_closer]
      R 6  buy $  1,553.68   sel     $27,200.00   [strat=busy_impatient_closer]
      R 7  buy $ 16,275.70   sel     $27,000.00   [strat=busy_impatient_closer]
      R 8  buy $ 16,906.83   sel     $27,000.00   [strat=busy_impatient_closer]
      R 9  buy $  7,357.43   sel     $27,000.00   [strat=busy_impatient_closer]
      R10  buy $ 21,897.53   sel     $26,500.00   [strat=busy_impatient_closer]
      R11  buy $ 13,186.63   sel     $25,995.00   [strat=busy_impatient_closer]
      R12  buy $ 13,481.75   sel     $25,500.00   [strat=busy_impatient_closer]
      R13  buy $ 14,097.48   sel     $22,000.00   [strat=busy_impatient_closer]
      R14  buy $  9,679.80   sel     $20,000.00   [strat=busy_impatient_closer]
      R15  buy $ 14,481.07   sel     $18,000.00   [strat=busy_impatient_closer]
      R16  buy $  1,055.67   sel     $17,500.00   [strat=busy_impatient_closer]
   run 29 done in 6.4 min

   run 30/30 on 2019 Honda Accord Sport 1.5T  seed=20362449
      R 1  buy $  1,385.36   sel     $26,500.00   [strat=busy_impatient_closer] *
      R 2  buy $ 12,940.30   sel     $24,500.00   [strat=busy_impatient_closer]
      R 3  buy $  8,453.51   sel     $22,500.00   [strat=busy_impatient_closer]
      R 4  buy $    319.13   sel     $22,500.00   [strat=busy_impatient_closer]
      R 5  buy $ 13,183.70   sel     $18,500.00   [strat=busy_impatient_closer]
      R 6  buy $  7,940.25   sel     $18,500.00   [strat=busy_impatient_closer]
      R 7  buy $ 16,355.54   sel     $17,500.00   [strat=busy_impatient_closer]
      R 8  buy $ 16,046.40   sel     $16,750.00   [strat=busy_impatient_closer]
      R 9  buy $  1,882.19   sel     $16,750.00   [strat=busy_impatient_closer]
      R10  buy $ 10,594.01   sel     $16,500.00   [strat=busy_impatient_closer]
      R11  buy $  3,520.09   sel     $16,000.00   [strat=busy_impatient_closer]
      R12  buy $ 11,502.47   sel     $16,000.00   [strat=busy_impatient_closer]
      R13  buy $  3,303.44   sel     $16,000.00   [strat=busy_impatient_closer]
      R14  buy $  3,184.56   sel     $16,000.00   [strat=busy_impatient_closer]
      R15  buy $ 15,072.00   sel     $15,500.00   [strat=busy_impatient_closer]
      R16  buy $ 12,331.88   sel     $15,000.00   [strat=busy_impatient_closer]
   run 30 done in 6.2 min

   ---> checkpoint: car 3/5 done in 208.0 min; total so far 523.2 min; saved 90 runs to exp01_fixed_busy_impatient_closer.json

--- CAR 4/5: 2022 Toyota RAV4 XLE AWD  (M=$32,000.00  cost=$20,800.00  cost/M=65.00%) ---

   run 1/30 on 2022 Toyota RAV4 XLE AWD  seed=20363420
      R 1  buy $  6,587.47   sel     $29,995.00   [strat=busy_impatient_closer] *
      R 2  buy $  1,360.46   sel     $28,500.00   [strat=busy_impatient_closer]
      R 3  buy $ 22,192.69   sel     $27,500.00   [strat=busy_impatient_closer]
      R 4  buy $  9,292.95   sel     $27,000.00   [strat=busy_impatient_closer]
      R 5  buy $  2,569.15   sel     $26,500.00   [strat=busy_impatient_closer]
      R 6  buy $  3,411.71   sel     $26,000.00   [strat=busy_impatient_closer]
      R 7  buy $  1,511.65   sel     $25,500.00   [strat=busy_impatient_closer]
      R 8  buy $ 14,156.15   sel     $25,000.00   [strat=busy_impatient_closer]
      R 9  buy $ 18,719.44   sel     $24,500.00   [strat=busy_impatient_closer]
      R10  buy $  4,781.63   sel     $24,500.00   [strat=busy_impatient_closer]
      R11  buy $ 15,233.42   sel     $24,000.00   [strat=busy_impatient_closer]
      R12  buy $  3,184.88   sel     $23,500.00   [strat=busy_impatient_closer]
      R13  buy $ 11,378.87   sel     $23,000.00   [strat=busy_impatient_closer]
      R14  buy $ 12,716.47   sel     $22,900.00   [strat=busy_impatient_closer]
      R15  buy $ 19,202.07   sel     $22,500.00   [strat=busy_impatient_closer]
      R16  buy $ 12,587.21   sel     $21,500.00   [strat=busy_impatient_closer]
   run 1 done in 7.3 min

   run 2/30 on 2022 Toyota RAV4 XLE AWD  seed=20363421
      R 1  buy $ 10,456.92   sel     $29,500.00   [strat=busy_impatient_closer] *
      R 2  buy $ 25,454.45   sel     $28,500.00   [strat=busy_impatient_closer]
      R 3  buy $ 28,400.70   sel     $28,400.70   [strat=busy_impatient_closer]
      R 4  buy $  7,051.34   sel     $28,400.70   [strat=busy_impatient_closer]
      R 5  buy $ 24,622.02   sel     $27,900.00   [strat=busy_impatient_closer]
      R 6  buy $  8,740.17   sel     $27,900.00   [strat=busy_impatient_closer]
      R 7  buy $ 21,254.94   sel     $27,500.00   [strat=busy_impatient_closer]
      R 8  buy $ 10,419.57   sel     $27,500.00   [strat=busy_impatient_closer]
      R 9  buy $ 22,294.00   sel     $25,500.00   [strat=busy_impatient_closer]
      R10  buy $ 16,655.41   sel     $24,000.00   [strat=busy_impatient_closer]
      R11  buy $ 21,243.96   sel     $23,500.00   [strat=busy_impatient_closer]
      R12  buy $ 13,503.13   sel     PARSE-FAIL   [strat=busy_impatient_closer]
      R13  buy $ 18,187.38   sel     $22,000.00   [strat=busy_impatient_closer]
      R14  buy $  5,859.64   sel     $21,500.00   [strat=busy_impatient_closer]
      R15  buy $ 15,435.40   sel     $21,000.00   [strat=busy_impatient_closer]
      R16  buy $  6,842.10   sel     $20,800.00   [strat=busy_impatient_closer]
   run 2 done in 9.1 min

   run 3/30 on 2022 Toyota RAV4 XLE AWD  seed=20363422
      R 1  buy $ 31,780.21   sel     $32,250.00   [strat=busy_impatient_closer] *
      R 2  buy $ 22,504.28   sel     $31,500.00   [strat=busy_impatient_closer]
      R 3  buy $  7,429.50   sel     $29,500.00   [strat=busy_impatient_closer]
      R 4  buy $ 13,743.47   sel     $27,500.00   [strat=busy_impatient_closer]
      R 5  buy $  3,504.11   sel     $25,999.00   [strat=busy_impatient_closer]
      R 6  buy $ 17,550.49   sel     $24,500.00   [strat=busy_impatient_closer]
      R 7  buy $ 15,519.78   sel     $23,900.00   [strat=busy_impatient_closer]
      R 8  buy $  9,070.78   sel     $22,500.00   [strat=busy_impatient_closer]
      R 9  buy $  3,596.99   sel     $21,500.00   [strat=busy_impatient_closer]
      R10  buy $  7,079.56   sel     $21,500.00   [strat=busy_impatient_closer]
      R11  buy $ 20,104.51   sel     $21,000.00   [strat=busy_impatient_closer]
      R12  buy $  8,919.45   sel     $20,900.00   [strat=busy_impatient_closer]
      R13  buy $ 13,112.95   sel     $20,800.00   [strat=busy_impatient_closer]
      R14  buy $ 19,301.12   sel     $20,500.00   [strat=busy_impatient_closer]
      R15  buy $  3,939.37   sel     $20,800.00   [strat=busy_impatient_closer]
      R16  buy $ 14,612.12   sel     $20,900.00   [strat=busy_impatient_closer]
   run 3 done in 8.2 min

   run 4/30 on 2022 Toyota RAV4 XLE AWD  seed=20363423
      R 1  buy $  7,217.26   sel     $30,995.00   [strat=busy_impatient_closer] *
      R 2  buy $  5,310.36   sel     $29,995.00   [strat=busy_impatient_closer]
      R 3  buy $ 17,832.51   sel     $28,995.00   [strat=busy_impatient_closer]
      R 4  buy $ 13,174.06   sel     $27,995.00   [strat=busy_impatient_closer]
      R 5  buy $ 25,749.39   sel     $26,995.00   [strat=busy_impatient_closer]
      R 6  buy $ 12,212.76   sel     $26,495.00   [strat=busy_impatient_closer]
      R 7  buy $  4,285.20   sel     $26,495.00   [strat=busy_impatient_closer]
      R 8  buy $ 20,266.25   sel     $25,495.00   [strat=busy_impatient_closer]
      R 9  buy $ 20,955.54   sel     $21,995.00   [strat=busy_impatient_closer]
      R10  buy $ 18,630.33   sel     $21,495.00   [strat=busy_impatient_closer]
      R11  buy $ 14,899.71   sel     $20,995.00   [strat=busy_impatient_closer]
      R12  buy $  5,450.64   sel     $20,495.00   [strat=busy_impatient_closer]
      R13  buy $  7,727.82   sel     $21,000.00   [strat=busy_impatient_closer]
      R14  buy $  2,090.83   sel     $20,900.00   [strat=busy_impatient_closer]
      R15  buy $ 20,383.75   sel     $20,850.00   [strat=busy_impatient_closer]
      R16  buy $  2,413.39   sel     $20,850.00   [strat=busy_impatient_closer]
   run 4 done in 10.3 min

   run 5/30 on 2022 Toyota RAV4 XLE AWD  seed=20363424
      R 1  buy $  4,562.80   sel     $31,500.00   [strat=busy_impatient_closer] *
      R 2  buy $ 11,746.62   sel     $29,999.00   [strat=busy_impatient_closer]
      R 3  buy $  4,034.83   sel     $28,950.00   [strat=busy_impatient_closer]
      R 4  buy $ 22,481.68   sel     $27,500.00   [strat=busy_impatient_closer]
      R 5  buy $  8,565.28   sel     $26,900.00   [strat=busy_impatient_closer]
      R 6  buy $  4,576.73   sel     $26,500.00   [strat=busy_impatient_closer]
      R 7  buy $ 19,001.47   sel     $25,900.00   [strat=busy_impatient_closer]
      R 8  buy $  2,936.25   sel     $25,500.00   [strat=busy_impatient_closer]
      R 9  buy $  7,118.91   sel     $24,500.00   [strat=busy_impatient_closer]
      R10  buy $ 19,920.13   sel     $23,900.00   [strat=busy_impatient_closer]
      R11  buy $ 22,344.13   sel     $24,500.00   [strat=busy_impatient_closer]
      R12  buy $  1,516.51   sel     $24,900.00   [strat=busy_impatient_closer]
      R13  buy $  2,979.63   sel     $23,000.00   [strat=busy_impatient_closer]
      R14  buy $  6,210.21   sel     $22,000.00   [strat=busy_impatient_closer]
      R15  buy $ 13,254.54   sel     $21,999.00   [strat=busy_impatient_closer]
      R16  buy $  6,205.07   sel     $21,500.00   [strat=busy_impatient_closer]
   run 5 done in 7.8 min

   run 6/30 on 2022 Toyota RAV4 XLE AWD  seed=20363425
      R 1  buy $  7,029.59   sel     $29,999.00   [strat=busy_impatient_closer] *
      R 2  buy $ 16,983.26   sel     $28,500.00   [strat=busy_impatient_closer]
      R 3  buy $ 23,331.27   sel     $28,000.00   [strat=busy_impatient_closer]
      R 4  buy $ 12,489.85   sel     $27,500.00   [strat=busy_impatient_closer]
      R 5  buy $  7,687.62   sel     $27,000.00   [strat=busy_impatient_closer]
      R 6  buy $  5,125.04   sel     $26,500.00   [strat=busy_impatient_closer]
      R 7  buy $ 18,566.93   sel     $25,500.00   [strat=busy_impatient_closer]
      R 8  buy $ 11,373.23   sel     $24,900.00   [strat=busy_impatient_closer]
      R 9  buy $ 14,668.05   sel     $24,000.00   [strat=busy_impatient_closer]
      R10  buy $  4,577.26   sel     $23,500.00   [strat=busy_impatient_closer]
      R11  buy $    463.47   sel     $23,000.00   [strat=busy_impatient_closer]
      R12  buy $ 14,222.23   sel     $22,500.00   [strat=busy_impatient_closer]
      R13  buy $  6,814.47   sel     $22,000.00   [strat=busy_impatient_closer]
      R14  buy $ 20,624.36   sel     $21,500.00   [strat=busy_impatient_closer]
      R15  buy $ 17,022.89   sel     $21,000.00   [strat=busy_impatient_closer]
      R16  buy $  6,744.54   sel     $20,500.00   [strat=busy_impatient_closer]
   run 6 done in 7.7 min

   run 7/30 on 2022 Toyota RAV4 XLE AWD  seed=20363426
      R 1  buy $ 24,840.99   sel     $26,500.00   [strat=busy_impatient_closer] *
      R 2  buy $ 14,031.47   sel     $26,000.00   [strat=busy_impatient_closer]
