=== START exp07_transitionA_rep2 ===
    schedule    : twophase__friendly_rapport_builder__to__patient_value_defender@r9
    adaptive    : True  (switches=[9])
    unique strat: ['friendly_rapport_builder', 'patient_value_defender']
    n_rounds    : 16
    n_cars      : 5
    runs/car    : 30
    total runs  : 150
    total calls : 2400  (~12.0 h @ 200 calls/h)
    model       : deepseek-reasoner
    base_url    : https://api.deepseek.com
    base_seed   : 20260420
    output      : results\exp07_transitionA_rep2.json

--- CAR 1/5: 2014 Mercedes-Benz S550  (M=$96,000.00  cost=$19,000.00  cost/M=19.79%) ---

   run 1/30 on 2014 Mercedes-Benz S550  seed=20960420
      R 1  buy $ 46,712.59   sel     $58,500.00   [strat=friendly_rapport_builder] *
      R 2  buy $ 55,223.37   sel     $56,800.00   [strat=friendly_rapport_builder]
      R 3  buy $ 49,914.42   sel     $54,500.00   [strat=friendly_rapport_builder]
      R 4  buy $ 40,575.90   sel     $53,000.00   [strat=friendly_rapport_builder]
      R 5  buy $ 27,953.45   sel     $52,000.00   [strat=friendly_rapport_builder]
      R 6  buy $ 16,065.79   sel     $51,000.00   [strat=friendly_rapport_builder]
      R 7  buy $ 15,603.72   sel     $50,000.00   [strat=friendly_rapport_builder]
      R 8  buy $  4,069.46   sel     $49,500.00   [strat=friendly_rapport_builder]
      R 9  buy $ 36,669.88   sel     $48,500.00   [strat=patient_value_defender] *
      R10  buy $ 34,612.65   sel     $47,000.00   [strat=patient_value_defender]
      R11  buy $  3,323.39   sel     $45,000.00   [strat=patient_value_defender]
      R12  buy $ 44,145.08   sel     $44,145.08   [strat=patient_value_defender]
      R13  buy $ 41,119.72   sel     $42,500.00   [strat=patient_value_defender]
      R14  buy $ 38,664.44   sel     $40,000.00   [strat=patient_value_defender]
      R15  buy $ 30,111.72   sel     $37,000.00   [strat=patient_value_defender]
      R16  buy $ 34,594.27   sel     $36,000.00   [strat=patient_value_defender]
   run 1 done in 5.1 min

   run 2/30 on 2014 Mercedes-Benz S550  seed=20960421
      R 1  buy $ 20,091.34   sel     $23,500.00   [strat=friendly_rapport_builder] *
      R 2  buy $ 10,389.35   sel     $22,000.00   [strat=friendly_rapport_builder]
      R 3  buy $ 19,095.60   sel     $21,000.00   [strat=friendly_rapport_builder]
      R 4  buy $  7,741.42   sel     $21,000.00   [strat=friendly_rapport_builder]
      R 5  buy $ 19,746.33   sel     $20,500.00   [strat=friendly_rapport_builder]
      R 6  buy $  2,627.13   sel     $20,000.00   [strat=friendly_rapport_builder]
      R 7  buy $  3,893.53   sel     $19,500.00   [strat=friendly_rapport_builder]
      R 8  buy $  7,184.03   sel     $19,250.00   [strat=friendly_rapport_builder]
      R 9  buy $    607.23   sel     $19,250.00   [strat=patient_value_defender] *
      R10  buy $  1,273.61   sel     $19,250.00   [strat=patient_value_defender]
      R11  buy $  2,079.88   sel     $19,250.00   [strat=patient_value_defender]
      R12  buy $  9,526.14   sel     $19,250.00   [strat=patient_value_defender]
      R13  buy $  8,669.54   sel     $19,250.00   [strat=patient_value_defender]
      R14  buy $ 14,517.06   sel     $19,250.00   [strat=patient_value_defender]
      R15  buy $  9,072.81   sel     $19,250.00   [strat=patient_value_defender]
      R16  buy $  5,274.06   sel     $19,250.00   [strat=patient_value_defender]
   run 2 done in 3.3 min

   run 3/30 on 2014 Mercedes-Benz S550  seed=20960422
      R 1  buy $ 74,930.74   sel     $94,500.00   [strat=friendly_rapport_builder] *
      R 2  buy $ 75,545.10   sel     $92,000.00   [strat=friendly_rapport_builder]
      R 3  buy $ 53,739.10   sel     $89,000.00   [strat=friendly_rapport_builder]
      R 4  buy $ 49,511.93   sel     $86,000.00   [strat=friendly_rapport_builder]
      R 5  buy $ 21,014.18   sel     $83,000.00   [strat=friendly_rapport_builder]
      R 6  buy $ 39,844.59   sel     $80,000.00   [strat=friendly_rapport_builder]
      R 7  buy $ 60,677.75   sel     $78,500.00   [strat=friendly_rapport_builder]
      R 8  buy $ 33,984.02   sel     $77,000.00   [strat=friendly_rapport_builder]
      R 9  buy $ 68,602.70   sel     $76,500.00   [strat=patient_value_defender] *
      R10  buy $ 72,757.28   sel     $76,000.00   [strat=patient_value_defender]
      R11  buy $ 29,883.10   sel     $75,500.00   [strat=patient_value_defender]
      R12  buy $ 13,898.02   sel     $75,000.00   [strat=patient_value_defender]
      R13  buy $ 22,405.14   sel     $74,500.00   [strat=patient_value_defender]
      R14  buy $  1,291.08   sel     $74,000.00   [strat=patient_value_defender]
      R15  buy $  6,283.88   sel     $73,500.00   [strat=patient_value_defender]
      R16  buy $ 24,232.40   sel     $73,000.00   [strat=patient_value_defender]
   run 3 done in 3.3 min

   run 4/30 on 2014 Mercedes-Benz S550  seed=20960423
      R 1  buy $  9,153.37   sel     $31,500.00   [strat=friendly_rapport_builder] *
      R 2  buy $ 30,433.62   sel     $31,000.00   [strat=friendly_rapport_builder]
      R 3  buy $ 18,434.37   sel     $30,000.00   [strat=friendly_rapport_builder]
      R 4  buy $ 12,580.91   sel     $29,500.00   [strat=friendly_rapport_builder]
      R 5  buy $ 26,878.92   sel     $28,500.00   [strat=friendly_rapport_builder]
      R 6  buy $ 19,943.13   sel     $27,000.00   [strat=friendly_rapport_builder]
      R 7  buy $ 21,866.71   sel     $26,000.00   [strat=friendly_rapport_builder]
      R 8  buy $ 16,304.13   sel     $25,000.00   [strat=friendly_rapport_builder]
      R 9  buy $  6,239.21   sel     $24,000.00   [strat=patient_value_defender] *
      R10  buy $ 22,314.09   sel     $23,000.00   [strat=patient_value_defender]
      R11  buy $  4,603.26   sel     $22,500.00   [strat=patient_value_defender]
      R12  buy $  8,044.19   sel     $22,000.00   [strat=patient_value_defender]
      R13  buy $ 18,331.77   sel     $21,000.00   [strat=patient_value_defender]
      R14  buy $ 17,003.93   sel     $20,000.00   [strat=patient_value_defender]
      R15  buy $  2,113.31   sel     $20,000.00   [strat=patient_value_defender]
      R16  buy $  3,497.09   sel     $20,000.00   [strat=patient_value_defender]
   run 4 done in 5.3 min

   run 5/30 on 2014 Mercedes-Benz S550  seed=20960424
      R 1  buy $ 21,689.98   sel     $22,500.00   [strat=friendly_rapport_builder] *
      R 2  buy $ 17,412.66   sel     $21,250.00   [strat=friendly_rapport_builder]
      R 3  buy $  4,862.60   sel     $21,000.00   [strat=friendly_rapport_builder]
      R 4  buy $  8,284.98   sel     $20,500.00   [strat=friendly_rapport_builder]
      R 5  buy $ 13,505.02   sel     $19,500.00   [strat=friendly_rapport_builder]
      R 6  buy $ 13,466.58   sel     $18,500.00   [strat=friendly_rapport_builder]
      R 7  buy $  4,385.19   sel     $18,000.00   [strat=friendly_rapport_builder]
      R 8  buy $ 16,321.34   sel     $17,500.00   [strat=friendly_rapport_builder]
      R 9  buy $ 16,584.35   sel     $17,200.00   [strat=patient_value_defender] *
      R10  buy $  6,938.78   sel     $19,500.00   [strat=patient_value_defender]
      R11  buy $ 11,115.60   sel     $18,800.00   [strat=patient_value_defender]
      R12  buy $ 12,519.04   sel     $19,000.00   [strat=patient_value_defender]
      R13  buy $  1,984.04   sel     $18,500.00   [strat=patient_value_defender]
      R14  buy $  8,865.29   sel     $18,200.00   [strat=patient_value_defender]
      R15  buy $ 16,080.92   sel     $19,200.00   [strat=patient_value_defender]
      R16  buy $ 13,254.24   sel     $18,800.00   [strat=patient_value_defender]
   run 5 done in 5.2 min

   run 6/30 on 2014 Mercedes-Benz S550  seed=20960425
      R 1  buy $  9,108.81   sel     $24,999.00   [strat=friendly_rapport_builder] *
      R 2  buy $ 24,003.65   sel     $24,500.00   [strat=friendly_rapport_builder]
      R 3  buy $  9,280.33   sel     $24,000.00   [strat=friendly_rapport_builder]
      R 4  buy $    110.91   sel     $23,500.00   [strat=friendly_rapport_builder]
      R 5  buy $ 23,288.31   sel     $23,200.00   [strat=friendly_rapport_builder]
      R 6  buy $ 17,252.04   sel     $22,800.00   [strat=friendly_rapport_builder]
      R 7  buy $ 14,000.30   sel     $22,500.00   [strat=friendly_rapport_builder]
      R 8  buy $  1,377.47   sel     $22,250.00   [strat=friendly_rapport_builder]
      R 9  buy $ 14,302.97   sel     $22,000.00   [strat=patient_value_defender] *
      R10  buy $  9,698.15   sel     $21,800.00   [strat=patient_value_defender]
      R11  buy $  9,144.47   sel     $21,500.00   [strat=patient_value_defender]
      R12  buy $  9,709.63   sel     $21,400.00   [strat=patient_value_defender]
      R13  buy $ 10,467.55   sel     $21,300.00   [strat=patient_value_defender]
      R14  buy $ 13,882.61   sel     $21,000.00   [strat=patient_value_defender]
      R15  buy $ 10,602.89   sel     $20,800.00   [strat=patient_value_defender]
      R16  buy $    264.05   sel     $20,500.00   [strat=patient_value_defender]
   run 6 done in 4.1 min

   run 7/30 on 2014 Mercedes-Benz S550  seed=20960426
      R 1  buy $ 31,944.56   sel     $34,995.00   [strat=friendly_rapport_builder] *
      R 2  buy $ 23,927.37   sel     $32,500.00   [strat=friendly_rapport_builder]
      R 3  buy $ 28,648.06   sel     $30,500.00   [strat=friendly_rapport_builder]
      R 4  buy $ 30,105.40   sel     $30,300.00   [strat=friendly_rapport_builder]
      R 5  buy $ 27,214.38   sel     $30,000.00   [strat=friendly_rapport_builder]
      R 6  buy $ 19,243.07   sel     $29,500.00   [strat=friendly_rapport_builder]
      R 7  buy $ 19,547.83   sel     $28,800.00   [strat=friendly_rapport_builder]
      R 8  buy $ 14,074.83   sel     $30,500.00   [strat=friendly_rapport_builder]
      R 9  buy $ 13,536.72   sel     $28,500.00   [strat=patient_value_defender] *
      R10  buy $ 25,393.95   sel     $27,500.00   [strat=patient_value_defender]
      R11  buy $  9,897.05   sel     $27,000.00   [strat=patient_value_defender]
      R12  buy $ 17,523.77   sel     $26,500.00   [strat=patient_value_defender]
      R13  buy $ 18,370.66   sel     $25,000.00   [strat=patient_value_defender]
      R14  buy $ 16,930.28   sel     $24,000.00   [strat=patient_value_defender]
      R15  buy $  6,913.35   sel     $23,500.00   [strat=patient_value_defender]
      R16  buy $    604.94   sel     $23,000.00   [strat=patient_value_defender]
   run 7 done in 5.1 min

   run 8/30 on 2014 Mercedes-Benz S550  seed=20960427
      R 1  buy $ 85,951.78   sel     $89,500.00   [strat=friendly_rapport_builder] *
      R 2  buy $ 22,599.20   sel     $87,900.00   [strat=friendly_rapport_builder]
      R 3  buy $ 75,410.17   sel     $84,000.00   [strat=friendly_rapport_builder]
      R 4  buy $ 40,815.41   sel     $79,900.00   [strat=friendly_rapport_builder]
      R 5  buy $ 35,133.46   sel     $77,500.00   [strat=friendly_rapport_builder]
      R 6  buy $ 76,524.20   sel     $76,900.00   [strat=friendly_rapport_builder]
      R 7  buy $ 37,671.19   sel     $76,500.00   [strat=friendly_rapport_builder]
      R 8  buy $ 18,696.14   sel     $76,000.00   [strat=friendly_rapport_builder]
      R 9  buy $ 65,031.66   sel     $74,500.00   [strat=patient_value_defender] *
      R10  buy $    184.57   sel     $73,500.00   [strat=patient_value_defender]
      R11  buy $ 37,445.55   sel     $72,000.00   [strat=patient_value_defender]
      R12  buy $ 32,303.14   sel     $71,000.00   [strat=patient_value_defender]
      R13  buy $ 65,205.52   sel     $69,000.00   [strat=patient_value_defender]
      R14  buy $ 59,000.65   sel     $67,000.00   [strat=patient_value_defender]
      R15  buy $ 56,218.11   sel     $63,000.00   [strat=patient_value_defender]
      R16  buy $ 46,143.73   sel     $61,000.00   [strat=patient_value_defender]
   run 8 done in 4.8 min

   run 9/30 on 2014 Mercedes-Benz S550  seed=20960428
      R 1  buy $ 13,838.32   sel     $21,990.00   [strat=friendly_rapport_builder] *
      R 2  buy $  3,785.84   sel     $20,990.00   [strat=friendly_rapport_builder]
      R 3  buy $ 12,788.78   sel     $20,500.00   [strat=friendly_rapport_builder]
      R 4  buy $  8,010.76   sel     $20,200.00   [strat=friendly_rapport_builder]
      R 5  buy $ 17,576.33   sel     $19,900.00   [strat=friendly_rapport_builder]
      R 6  buy $  5,890.43   sel     $19,800.00   [strat=friendly_rapport_builder]
      R 7  buy $  4,893.86   sel     $19,750.00   [strat=friendly_rapport_builder]
      R 8  buy $  1,259.28   sel     $19,700.00   [strat=friendly_rapport_builder]
      R 9  buy $  3,900.74   sel     $19,650.00   [strat=patient_value_defender] *
      R10  buy $ 17,874.58   sel     $19,500.00   [strat=patient_value_defender]
      R11  buy $    122.94   sel     $19,450.00   [strat=patient_value_defender]
      R12  buy $  5,080.60   sel     $19,400.00   [strat=patient_value_defender]
      R13  buy $  6,137.34   sel     $19,350.00   [strat=patient_value_defender]
      R14  buy $  9,007.55   sel     $19,300.00   [strat=patient_value_defender]
      R15  buy $  3,788.26   sel     $19,250.00   [strat=patient_value_defender]
      R16  buy $ 16,755.93   sel     $19,250.00   [strat=patient_value_defender]
   run 9 done in 4.0 min

   run 10/30 on 2014 Mercedes-Benz S550  seed=20960429
      R 1  buy $ 86,398.58   sel     $94,500.00   [strat=friendly_rapport_builder] *
      R 2  buy $ 51,896.33   sel     $92,000.00   [strat=friendly_rapport_builder]
      R 3  buy $ 27,359.68   sel     $88,500.00   [strat=friendly_rapport_builder]
      R 4  buy $ 68,466.72   sel     $85,000.00   [strat=friendly_rapport_builder]
      R 5  buy $ 41,515.18   sel     $83,000.00   [strat=friendly_rapport_builder]
      R 6  buy $  8,648.32   sel     $82,000.00   [strat=friendly_rapport_builder]
      R 7  buy $ 60,873.41   sel     $80,000.00   [strat=friendly_rapport_builder]
      R 8  buy $ 19,007.13   sel     $78,000.00   [strat=friendly_rapport_builder]
      R 9  buy $ 12,537.86   sel     $76,000.00   [strat=patient_value_defender] *
      R10  buy $ 72,119.31   sel     $74,000.00   [strat=patient_value_defender]
      R11  buy $ 66,654.89   sel     $72,000.00   [strat=patient_value_defender]
      R12  buy $ 18,615.15   sel     $70,000.00   [strat=patient_value_defender]
      R13  buy $ 23,041.76   sel     $69,000.00   [strat=patient_value_defender]
      R14  buy $ 44,164.89   sel     $68,000.00   [strat=patient_value_defender]
      R15  buy $ 25,702.36   sel     $67,500.00   [strat=patient_value_defender]
      R16  buy $ 36,702.98   sel     $66,000.00   [strat=patient_value_defender]
   run 10 done in 4.3 min

   run 11/30 on 2014 Mercedes-Benz S550  seed=20960430
      R 1  buy $ 59,926.02   sel     $64,500.00   [strat=friendly_rapport_builder] *
      R 2  buy $  7,536.66   sel     $62,000.00   [strat=friendly_rapport_builder]
      R 3  buy $ 52,286.22   sel     $60,000.00   [strat=friendly_rapport_builder]
      R 4  buy $ 49,568.14   sel     $58,500.00   [strat=friendly_rapport_builder]
      R 5  buy $ 56,894.79   sel     $57,500.00   [strat=friendly_rapport_builder]
      R 6  buy $ 30,605.74   sel     $55,000.00   [strat=friendly_rapport_builder]
      R 7  buy $ 51,980.78   sel     $54,000.00   [strat=friendly_rapport_builder]
      R 8  buy $ 45,249.84   sel     $53,000.00   [strat=friendly_rapport_builder]
      R 9  buy $  8,217.41   sel     $52,000.00   [strat=patient_value_defender] *
      R10  buy $ 33,249.62   sel     $51,000.00   [strat=patient_value_defender]
      R11  buy $  7,813.78   sel     $50,000.00   [strat=patient_value_defender]
      R12  buy $ 30,228.15   sel     $48,000.00   [strat=patient_value_defender]
      R13  buy $ 44,896.07   sel     $47,000.00   [strat=patient_value_defender]
      R14  buy $  4,798.29   sel     $46,500.00   [strat=patient_value_defender]
      R15  buy $ 10,985.50   sel     $46,000.00   [strat=patient_value_defender]
      R16  buy $ 20,622.72   sel     $45,000.00   [strat=patient_value_defender]
   run 11 done in 5.0 min

   run 12/30 on 2014 Mercedes-Benz S550  seed=20960431
      R 1  buy $ 12,150.86   sel     $23,500.00   [strat=friendly_rapport_builder] *
      R 2  buy $ 13,166.65   sel     $22,000.00   [strat=friendly_rapport_builder]
      R 3  buy $ 17,610.22   sel     $21,000.00   [strat=friendly_rapport_builder]
      R 4  buy $ 14,760.94   sel     $20,000.00   [strat=friendly_rapport_builder]
      R 5  buy $  7,253.40   sel     $19,500.00   [strat=friendly_rapport_builder]
      R 6  buy $    754.96   sel     $19,200.00   [strat=friendly_rapport_builder]
      R 7  buy $ 18,247.38   sel     $19,100.00   [strat=friendly_rapport_builder]
      R 8  buy $    549.53   sel     $19,050.00   [strat=friendly_rapport_builder]
      R 9  buy $  6,002.61   sel     $19,000.00   [strat=patient_value_defender] *
      R10  buy $  4,059.21   sel     $19,000.00   [strat=patient_value_defender]
      R11  buy $  7,043.96   sel     $19,000.00   [strat=patient_value_defender]
      R12  buy $ 13,424.64   sel     $19,000.00   [strat=patient_value_defender]
      R13  buy $  1,061.44   sel     $19,000.00   [strat=patient_value_defender]
      R14  buy $ 16,035.44   sel     $19,000.00   [strat=patient_value_defender]
      R15  buy $  5,257.35   sel     $19,000.00   [strat=patient_value_defender]
      R16  buy $  4,548.69   sel     $19,000.00   [strat=patient_value_defender]
   run 12 done in 4.7 min

   run 13/30 on 2014 Mercedes-Benz S550  seed=20960432
      R 1  buy $ 59,406.69   sel     $62,500.00   [strat=friendly_rapport_builder] *
      R 2  buy $ 47,488.44   sel     $59,900.00   [strat=friendly_rapport_builder]
      R 3  buy $ 25,320.39   sel     $59,500.00   [strat=friendly_rapport_builder]
      R 4  buy $ 11,389.90   sel     $59,000.00   [strat=friendly_rapport_builder]
      R 5  buy $  3,655.60   sel     $58,500.00   [strat=friendly_rapport_builder]
      R 6  buy $ 38,961.23   sel     $57,000.00   [strat=friendly_rapport_builder]
      R 7  buy $ 53,515.08   sel     $56,000.00   [strat=friendly_rapport_builder]
      R 8  buy $ 13,719.50   sel     $55,000.00   [strat=friendly_rapport_builder]
      R 9  buy $ 28,000.14   sel     $54,500.00   [strat=patient_value_defender] *
      R10  buy $ 38,515.68   sel     $52,000.00   [strat=patient_value_defender]
      R11  buy $ 38,585.79   sel     $50,000.00   [strat=patient_value_defender]
      R12  buy $ 12,505.73   sel     $48,500.00   [strat=patient_value_defender]
      R13  buy $ 24,072.87   sel     $47,000.00   [strat=patient_value_defender]
      R14  buy $ 36,081.17   sel     $45,500.00   [strat=patient_value_defender]
      R15  buy $ 35,039.89   sel     $43,000.00   [strat=patient_value_defender]
      R16  buy $ 42,232.31   sel     $42,500.00   [strat=patient_value_defender]
   run 13 done in 4.9 min

   run 14/30 on 2014 Mercedes-Benz S550  seed=20960433
      R 1  buy $ 32,164.86   sel     $42,000.00   [strat=friendly_rapport_builder] *
      R 2  buy $ 20,734.35   sel     $38,500.00   [strat=friendly_rapport_builder]
      R 3  buy $ 38,285.38   sel     $38,285.38   [strat=friendly_rapport_builder]
      R 4  buy $ 20,784.72   sel     $36,500.00   [strat=friendly_rapport_builder]
      R 5  buy $  5,190.65   sel     $35,000.00   [strat=friendly_rapport_builder]
      R 6  buy $ 13,591.26   sel     $33,500.00   [strat=friendly_rapport_builder]
      R 7  buy $ 23,527.09   sel     $31,500.00   [strat=friendly_rapport_builder]
      R 8  buy $ 10,710.20   sel     $29,500.00   [strat=friendly_rapport_builder]
      R 9  buy $ 26,089.44   sel     $27,500.00   [strat=patient_value_defender] *
      R10  buy $ 15,776.08   sel     $26,500.00   [strat=patient_value_defender]
      R11  buy $ 22,009.41   sel     $24,500.00   [strat=patient_value_defender]
      R12  buy $  9,001.15   sel     $23,000.00   [strat=patient_value_defender]
      R13  buy $ 18,724.99   sel     $22,500.00   [strat=patient_value_defender]
      R14  buy $ 17,227.47   sel     $21,500.00   [strat=patient_value_defender]
      R15  buy $  7,854.22   sel     $20,500.00   [strat=patient_value_defender]
      R16  buy $  5,868.58   sel     $20,500.00   [strat=patient_value_defender]
   run 14 done in 4.6 min

   run 15/30 on 2014 Mercedes-Benz S550  seed=20960434
      R 1  buy $ 53,771.51   sel     $85,500.00   [strat=friendly_rapport_builder] *
      R 2  buy $ 84,076.17   sel     $84,500.00   [strat=friendly_rapport_builder]
      R 3  buy $ 72,075.23   sel     $82,500.00   [strat=friendly_rapport_builder]
      R 4  buy $ 15,510.56   sel     $80,000.00   [strat=friendly_rapport_builder]
      R 5  buy $ 17,809.58   sel     $78,500.00   [strat=friendly_rapport_builder]
      R 6  buy $ 25,986.22   sel     $77,500.00   [strat=friendly_rapport_builder]
      R 7  buy $ 59,018.70   sel     $75,000.00   [strat=friendly_rapport_builder]
      R 8  buy $ 41,724.62   sel     $70,000.00   [strat=friendly_rapport_builder]
      R 9  buy $ 26,036.54   sel     $68,500.00   [strat=patient_value_defender] *
      R10  buy $ 14,155.07   sel     $67,500.00   [strat=patient_value_defender]
      R11  buy $ 28,557.98   sel     $65,000.00   [strat=patient_value_defender]
      R12  buy $ 42,690.24   sel     $62,500.00   [strat=patient_value_defender]
      R13  buy $ 28,847.88   sel     $60,000.00   [strat=patient_value_defender]
      R14  buy $ 25,125.18   sel     $59,000.00   [strat=patient_value_defender]
      R15  buy $ 35,690.63   sel     $57,000.00   [strat=patient_value_defender]
      R16  buy $ 29,837.42   sel     $56,000.00   [strat=patient_value_defender]
   run 15 done in 5.4 min

   run 16/30 on 2014 Mercedes-Benz S550  seed=20960435
      R 1  buy $ 36,198.29   sel     $39,995.00   [strat=friendly_rapport_builder] *
      R 2  buy $ 15,800.48   sel     $38,500.00   [strat=friendly_rapport_builder]
      R 3  buy $  3,206.48   sel     $37,500.00   [strat=friendly_rapport_builder]
      R 4  buy $  9,987.13   sel     $36,500.00   [strat=friendly_rapport_builder]
      R 5  buy $ 34,367.89   sel     $36,000.00   [strat=friendly_rapport_builder]
      R 6  buy $ 29,667.47   sel     $35,500.00   [strat=friendly_rapport_builder]
      R 7  buy $ 32,893.98   sel     $34,500.00   [strat=friendly_rapport_builder]
      R 8  buy $  7,006.15   sel     $33,900.00   [strat=friendly_rapport_builder]
      R 9  buy $ 26,711.47   sel     $32,500.00   [strat=patient_value_defender] *
      R10  buy $ 10,713.00   sel     $31,000.00   [strat=patient_value_defender]
      R11  buy $    359.05   sel     $30,500.00   [strat=patient_value_defender]
      R12  buy $ 17,299.80   sel     $30,500.00   [strat=patient_value_defender]
      R13  buy $  5,243.79   sel     $30,000.00   [strat=patient_value_defender]
      R14  buy $ 12,288.09   sel     $29,500.00   [strat=patient_value_defender]
      R15  buy $  5,011.69   sel     $29,000.00   [strat=patient_value_defender]
      R16  buy $ 18,377.81   sel     $28,000.00   [strat=patient_value_defender]
   run 16 done in 4.7 min

   run 17/30 on 2014 Mercedes-Benz S550  seed=20960436
      R 1  buy $ 90,948.28   sel     $94,500.00   [strat=friendly_rapport_builder] *
      R 2  buy $ 43,315.94   sel     $92,000.00   [strat=friendly_rapport_builder]
      R 3  buy $ 67,144.49   sel     $89,500.00   [strat=friendly_rapport_builder]
      R 4  buy $ 60,710.93   sel     $88,000.00   [strat=friendly_rapport_builder]
      R 5  buy $ 69,468.04   sel     $85,500.00   [strat=friendly_rapport_builder]
      R 6  buy $ 37,859.07   sel     $82,000.00   [strat=friendly_rapport_builder]
      R 7  buy $ 73,824.58   sel     $79,500.00   [strat=friendly_rapport_builder]
      R 8  buy $ 58,935.01   sel     $78,000.00   [strat=friendly_rapport_builder]
      R 9  buy $ 50,063.46   sel     $76,500.00   [strat=patient_value_defender] *
      R10  buy $ 25,995.10   sel     $75,000.00   [strat=patient_value_defender]
      R11  buy $ 20,862.43   sel     $74,000.00   [strat=patient_value_defender]
      R12  buy $ 12,874.97   sel     $73,000.00   [strat=patient_value_defender]
      R13  buy $ 47,261.99   sel     $72,000.00   [strat=patient_value_defender]
      R14  buy $  2,418.84   sel     $71,000.00   [strat=patient_value_defender]
      R15  buy $ 47,834.48   sel     $70,000.00   [strat=patient_value_defender]
      R16  buy $ 34,468.59   sel     $68,000.00   [strat=patient_value_defender]
   run 17 done in 5.0 min

   run 18/30 on 2014 Mercedes-Benz S550  seed=20960437
      R 1  buy $ 30,209.79   sel     $35,000.00   [strat=friendly_rapport_builder] *
      R 2  buy $ 21,956.16   sel     $33,500.00   [strat=friendly_rapport_builder]
      R 3  buy $ 32,879.95   sel     $32,500.00   [strat=friendly_rapport_builder]
      R 4  buy $    126.99   sel     $32,500.00   [strat=friendly_rapport_builder]
      R 5  buy $ 31,291.85   sel     $31,900.00   [strat=friendly_rapport_builder]
      R 6  buy $ 25,796.84   sel     $29,500.00   [strat=friendly_rapport_builder]
      R 7  buy $ 26,909.92   sel     $28,500.00   [strat=friendly_rapport_builder]
      R 8  buy $  3,920.91   sel     $27,900.00   [strat=friendly_rapport_builder]
      R 9  buy $ 15,911.36   sel     $27,500.00   [strat=patient_value_defender] *
      R10  buy $ 18,377.90   sel     $25,000.00   [strat=patient_value_defender]
      R11  buy $ 18,208.47   sel     $24,500.00   [strat=patient_value_defender]
      R12  buy $ 19,799.62   sel     $23,000.00   [strat=patient_value_defender]
      R13  buy $  1,980.19   sel     $22,500.00   [strat=patient_value_defender]
      R14  buy $ 18,089.16   sel     $21,500.00   [strat=patient_value_defender]
      R15  buy $  5,859.33   sel     $21,000.00   [strat=patient_value_defender]
      R16  buy $ 18,205.17   sel     $19,500.00   [strat=patient_value_defender]
   run 18 done in 4.2 min

   run 19/30 on 2014 Mercedes-Benz S550  seed=20960438
      R 1  buy $  2,155.27   sel     $24,995.00   [strat=friendly_rapport_builder] *
      R 2  buy $ 13,291.72   sel     $23,500.00   [strat=friendly_rapport_builder]
      R 3  buy $ 17,227.59   sel     $21,500.00   [strat=friendly_rapport_builder]
      R 4  buy $  6,718.11   sel     $20,000.00   [strat=friendly_rapport_builder]
      R 5  buy $ 17,740.24   sel     $19,500.00   [strat=friendly_rapport_builder]
      R 6  buy $  8,680.55   sel     $19,500.00   [strat=friendly_rapport_builder]
      R 7  buy $ 17,819.12   sel     $19,200.00   [strat=friendly_rapport_builder]
      R 8  buy $ 16,650.89   sel     $19,100.00   [strat=friendly_rapport_builder]
      R 9  buy $ 10,039.11   sel     $19,100.00   [strat=patient_value_defender] *
      R10  buy $  3,692.64   sel     $19,100.00   [strat=patient_value_defender]
      R11  buy $ 10,695.19   sel     $19,100.00   [strat=patient_value_defender]
      R12  buy $  1,413.56   sel     $19,100.00   [strat=patient_value_defender]
      R13  buy $  1,028.46   sel     $19,100.00   [strat=patient_value_defender]
      R14  buy $  4,249.81   sel     $19,100.00   [strat=patient_value_defender]
      R15  buy $ 13,914.46   sel     $19,100.00   [strat=patient_value_defender]
      R16  buy $  4,472.78   sel     $19,100.00   [strat=patient_value_defender]
   run 19 done in 5.2 min

   run 20/30 on 2014 Mercedes-Benz S550  seed=20960439
      R 1  buy $  5,597.85   sel     $49,995.00   [strat=friendly_rapport_builder] *
      R 2  buy $ 25,542.15   sel     $39,995.00   [strat=friendly_rapport_builder]
      R 3  buy $ 15,965.40   sel     $37,500.00   [strat=friendly_rapport_builder]
      R 4  buy $ 35,008.96   sel     $36,500.00   [strat=friendly_rapport_builder]
      R 5  buy $  3,206.28   sel     $35,000.00   [strat=friendly_rapport_builder]
      R 6  buy $  7,917.72   sel     $34,500.00   [strat=friendly_rapport_builder]
      R 7  buy $  9,142.20   sel     $33,995.00   [strat=friendly_rapport_builder]
      R 8  buy $ 20,898.08   sel     $32,500.00   [strat=friendly_rapport_builder]
      R 9  buy $ 21,540.58   sel     $31,000.00   [strat=patient_value_defender] *
      R10  buy $ 23,523.73   sel     $27,500.00   [strat=patient_value_defender]
      R11  buy $ 23,497.91   sel     $26,500.00   [strat=patient_value_defender]
      R12  buy $  1,466.13   sel     $26,500.00   [strat=patient_value_defender]
      R13  buy $ 22,285.64   sel     $25,000.00   [strat=patient_value_defender]
      R14  buy $ 13,568.03   sel     $25,000.00   [strat=patient_value_defender]
      R15  buy $  1,699.68   sel     $25,000.00   [strat=patient_value_defender]
      R16  buy $ 11,702.83   sel     $24,000.00   [strat=patient_value_defender]
   run 20 done in 5.6 min

   run 21/30 on 2014 Mercedes-Benz S550  seed=20960440
      R 1  buy $ 30,965.34   sel     $33,995.00   [strat=friendly_rapport_builder] *
      R 2  buy $ 23,053.21   sel     $32,500.00   [strat=friendly_rapport_builder]
      R 3  buy $  3,351.21   sel     $31,500.00   [strat=friendly_rapport_builder]
      R 4  buy $  7,238.73   sel     $30,500.00   [strat=friendly_rapport_builder]
      R 5  buy $ 29,492.83   sel     $30,000.00   [strat=friendly_rapport_builder]
      R 6  buy $    862.40   sel     $29,500.00   [strat=friendly_rapport_builder]
      R 7  buy $ 20,883.19   sel     $25,500.00   [strat=friendly_rapport_builder]
      R 8  buy $ 12,979.86   sel     $25,500.00   [strat=friendly_rapport_builder]
      R 9  buy $ 25,453.26   sel     $25,500.00   [strat=patient_value_defender] *
      R10  buy $  3,499.52   sel     $25,500.00   [strat=patient_value_defender]
      R11  buy $ 23,149.16   sel     $24,500.00   [strat=patient_value_defender]
      R12  buy $ 17,041.00   sel     $24,000.00   [strat=patient_value_defender]
      R13  buy $  6,973.78   sel     $24,000.00   [strat=patient_value_defender]
      R14  buy $ 18,103.09   sel     $23,500.00   [strat=patient_value_defender]
      R15  buy $ 23,079.37   sel     $23,200.00   [strat=patient_value_defender]
      R16  buy $  5,194.29   sel     $23,200.00   [strat=patient_value_defender]
   run 21 done in 5.4 min

   run 22/30 on 2014 Mercedes-Benz S550  seed=20960441
      R 1  buy $ 80,379.52   sel     $94,000.00   [strat=friendly_rapport_builder] *
      R 2  buy $ 12,189.32   sel     $93,500.00   [strat=friendly_rapport_builder]
      R 3  buy $ 34,092.70   sel     $93,000.00   [strat=friendly_rapport_builder]
      R 4  buy $ 72,102.85   sel     $90,000.00   [strat=friendly_rapport_builder]
      R 5  buy $ 25,828.22   sel     $89,500.00   [strat=friendly_rapport_builder]
      R 6  buy $ 12,268.97   sel     $89,000.00   [strat=friendly_rapport_builder]
      R 7  buy $ 78,262.81   sel     $88,000.00   [strat=friendly_rapport_builder]
      R 8  buy $ 18,695.43   sel     $88,500.00   [strat=friendly_rapport_builder]
      R 9  buy $ 70,759.66   sel     $87,000.00   [strat=patient_value_defender] *
      R10  buy $ 84,720.16   sel     $86,000.00   [strat=patient_value_defender]
      R11  buy $ 74,532.14   sel     $85,000.00   [strat=patient_value_defender]
      R12  buy $ 23,805.45   sel     $85,000.00   [strat=patient_value_defender]
      R13  buy $ 38,997.61   sel     $84,000.00   [strat=patient_value_defender]
      R14  buy $ 49,158.10   sel     $83,500.00   [strat=patient_value_defender]
      R15  buy $ 44,682.08   sel     $83,000.00   [strat=patient_value_defender]
      R16  buy $  8,923.03   sel     $82,500.00   [strat=patient_value_defender]
   run 22 done in 4.9 min

   run 23/30 on 2014 Mercedes-Benz S550  seed=20960442
      R 1  buy $ 51,227.04   sel     $69,950.00   [strat=friendly_rapport_builder] *
      R 2  buy $ 60,054.06   sel     $65,000.00   [strat=friendly_rapport_builder]
      R 3  buy $ 17,766.61   sel     $64,000.00   [strat=friendly_rapport_builder]
      R 4  buy $ 62,625.31   sel     $63,300.00   [strat=friendly_rapport_builder]
      R 5  buy $ 61,898.40   sel     $62,600.00   [strat=friendly_rapport_builder]
      R 6  buy $ 37,400.38   sel     $61,800.00   [strat=friendly_rapport_builder]
      R 7  buy $ 59,633.37   sel     $61,500.00   [strat=friendly_rapport_builder]
      R 8  buy $ 41,741.48   sel     $60,000.00   [strat=friendly_rapport_builder]
      R 9  buy $ 52,771.42   sel     $59,000.00   [strat=patient_value_defender] *
      R10  buy $ 40,459.16   sel     $58,000.00   [strat=patient_value_defender]
      R11  buy $ 55,102.67   sel     $56,500.00   [strat=patient_value_defender]
      R12  buy $ 14,700.37   sel     $55,000.00   [strat=patient_value_defender]
      R13  buy $ 34,901.37   sel     $54,000.00   [strat=patient_value_defender]
      R14  buy $ 28,364.06   sel     $52,000.00   [strat=patient_value_defender]
      R15  buy $ 34,111.62   sel     $50,000.00   [strat=patient_value_defender]
      R16  buy $ 25,583.09   sel     $48,000.00   [strat=patient_value_defender]
   run 23 done in 5.5 min

   run 24/30 on 2014 Mercedes-Benz S550  seed=20960443
      R 1  buy $ 25,347.16   sel     $28,000.00   [strat=friendly_rapport_builder] *
      R 2  buy $  7,476.69   sel     $27,000.00   [strat=friendly_rapport_builder]
      R 3  buy $ 17,645.50   sel     $24,500.00   [strat=friendly_rapport_builder]
      R 4  buy $  4,026.93   sel     $22,500.00   [strat=friendly_rapport_builder]
      R 5  buy $ 10,045.69   sel     $20,000.00   [strat=friendly_rapport_builder]
      R 6  buy $ 14,231.27   sel     $19,500.00   [strat=friendly_rapport_builder]
      R 7  buy $ 18,978.47   sel     $19,500.00   [strat=friendly_rapport_builder]
      R 8  buy $    367.90   sel     $19,250.00   [strat=friendly_rapport_builder]
      R 9  buy $ 12,153.15   sel     $19,000.00   [strat=patient_value_defender] *
      R10  buy $  6,139.49   sel     $19,000.00   [strat=patient_value_defender]
      R11  buy $ 12,266.28   sel     $19,000.00   [strat=patient_value_defender]
      R12  buy $ 13,203.32   sel     $19,000.00   [strat=patient_value_defender]
      R13  buy $  3,682.26   sel     $18,900.00   [strat=patient_value_defender]
      R14  buy $  8,175.42   sel     $19,000.00   [strat=patient_value_defender]
      R15  buy $  6,611.95   sel     $19,000.00   [strat=patient_value_defender]
      R16  buy $  7,665.90   sel     $19,000.00   [strat=patient_value_defender]
   run 24 done in 5.6 min

   run 25/30 on 2014 Mercedes-Benz S550  seed=20960444
      R 1  buy $ 70,632.04   sel     $85,000.00   [strat=friendly_rapport_builder] *
      R 2  buy $ 59,530.53   sel     $82,000.00   [strat=friendly_rapport_builder]
      R 3  buy $  8,690.28   sel     $79,000.00   [strat=friendly_rapport_builder]
      R 4  buy $ 24,368.26   sel     $55,000.00   [strat=friendly_rapport_builder]
      R 5  buy $ 24,530.86   sel     $53,000.00   [strat=friendly_rapport_builder]
      R 6  buy $ 43,200.74   sel     $49,000.00   [strat=friendly_rapport_builder]
      R 7  buy $ 48,363.12   sel     $48,363.12   [strat=friendly_rapport_builder]
      R 8  buy $ 34,744.63   sel     $47,000.00   [strat=friendly_rapport_builder]
      R 9  buy $ 24,661.33   sel     $45,000.00   [strat=patient_value_defender] *
      R10  buy $ 31,757.52   sel     $44,000.00   [strat=patient_value_defender]
      R11  buy $ 31,271.43   sel     $42,000.00   [strat=patient_value_defender]
      R12  buy $ 28,967.05   sel     $40,000.00   [strat=patient_value_defender]
      R13  buy $ 28,762.14   sel     $39,000.00   [strat=patient_value_defender]
      R14  buy $ 12,718.89   sel     $39,000.00   [strat=patient_value_defender]
      R15  buy $ 25,913.61   sel     $37,000.00   [strat=patient_value_defender]
      R16  buy $ 30,530.10   sel     $36,000.00   [strat=patient_value_defender]
   run 25 done in 5.3 min

   run 26/30 on 2014 Mercedes-Benz S550  seed=20960445
      R 1  buy $ 35,277.83   sel     $50,000.00   [strat=friendly_rapport_builder] *
      R 2  buy $  2,854.37   sel     $48,500.00   [strat=friendly_rapport_builder]
      R 3  buy $ 15,638.21   sel     $47,000.00   [strat=friendly_rapport_builder]
      R 4  buy $ 36,406.00   sel     $45,000.00   [strat=friendly_rapport_builder]
      R 5  buy $ 40,708.35   sel     $43,500.00   [strat=friendly_rapport_builder]
      R 6  buy $ 17,960.24   sel     $42,000.00   [strat=friendly_rapport_builder]
      R 7  buy $ 38,368.69   sel     $40,000.00   [strat=friendly_rapport_builder]
      R 8  buy $ 16,311.83   sel     $40,000.00   [strat=friendly_rapport_builder]
      R 9  buy $ 21,614.30   sel     $39,500.00   [strat=patient_value_defender] *
      R10  buy $ 37,477.62   sel     $39,000.00   [strat=patient_value_defender]
      R11  buy $ 30,519.08   sel     $38,500.00   [strat=patient_value_defender]
      R12  buy $ 25,970.51   sel     $37,500.00   [strat=patient_value_defender]
      R13  buy $ 32,008.15   sel     $36,000.00   [strat=patient_value_defender]
      R14  buy $ 19,257.83   sel     $36,000.00   [strat=patient_value_defender]
      R15  buy $ 10,163.09   sel     $35,000.00   [strat=patient_value_defender]
      R16  buy $ 22,343.86   sel     $34,000.00   [strat=patient_value_defender]
   run 26 done in 5.8 min

   run 27/30 on 2014 Mercedes-Benz S550  seed=20960446
      R 1  buy $ 16,732.00   sel     $22,000.00   [strat=friendly_rapport_builder] *
      R 2  buy $ 12,909.67   sel     $21,500.00   [strat=friendly_rapport_builder]
      R 3  buy $  9,396.50   sel     $21,000.00   [strat=friendly_rapport_builder]
      R 4  buy $ 18,553.81   sel     $20,500.00   [strat=friendly_rapport_builder]
      R 5  buy $ 11,218.16   sel     $20,000.00   [strat=friendly_rapport_builder]
      R 6  buy $ 10,884.48   sel     $19,500.00   [strat=friendly_rapport_builder]
      R 7  buy $ 17,465.65   sel     $19,250.00   [strat=friendly_rapport_builder]
      R 8  buy $  3,029.77   sel     $19,000.00   [strat=friendly_rapport_builder]
      R 9  buy $ 16,489.86   sel     $18,750.00   [strat=patient_value_defender] *
      R10  buy $ 18,628.64   sel     $19,000.00   [strat=patient_value_defender]
      R11  buy $ 15,146.57   sel     $19,000.00   [strat=patient_value_defender]
      R12  buy $  1,688.80   sel     $19,000.00   [strat=patient_value_defender]
      R13  buy $ 11,487.45   sel     $19,000.00   [strat=patient_value_defender]
      R14  buy $ 11,598.00   sel     $19,000.00   [strat=patient_value_defender]
      R15  buy $  6,283.43   sel     $19,000.00   [strat=patient_value_defender]
      R16  buy $ 16,733.79   sel     $19,100.00   [strat=patient_value_defender]
   run 27 done in 6.1 min

   run 28/30 on 2014 Mercedes-Benz S550  seed=20960447
      R 1  buy $ 80,044.74   sel     $94,500.00   [strat=friendly_rapport_builder] *
      R 2  buy $  4,308.44   sel     $89,000.00   [strat=friendly_rapport_builder]
      R 3  buy $ 79,307.95   sel     $85,000.00   [strat=friendly_rapport_builder]
      R 4  buy $  5,509.54   sel     $82,000.00   [strat=friendly_rapport_builder]
      R 5  buy $ 44,253.45   sel     $78,000.00   [strat=friendly_rapport_builder]
      R 6  buy $ 30,613.40   sel     $72,000.00   [strat=friendly_rapport_builder]
      R 7  buy $  2,777.74   sel     $68,000.00   [strat=friendly_rapport_builder]
      R 8  buy $ 39,434.96   sel     $58,000.00   [strat=friendly_rapport_builder]
      R 9  buy $ 35,857.07   sel     $56,000.00   [strat=patient_value_defender] *
      R10  buy $ 12,169.76   sel     $50,000.00   [strat=patient_value_defender]
      R11  buy $ 20,476.44   sel     $46,000.00   [strat=patient_value_defender]
      R12  buy $ 36,557.15   sel     $42,000.00   [strat=patient_value_defender]
      R13  buy $ 16,577.89   sel     $38,000.00   [strat=patient_value_defender]
      R14  buy $ 20,284.48   sel     $38,000.00   [strat=patient_value_defender]
      R15  buy $ 33,436.06   sel     $36,000.00   [strat=patient_value_defender]
      R16  buy $ 30,724.54   sel     $36,000.00   [strat=patient_value_defender]
   run 28 done in 5.1 min

   run 29/30 on 2014 Mercedes-Benz S550  seed=20960448
      R 1  buy $ 42,616.25   sel     $48,995.00   [strat=friendly_rapport_builder] *
      R 2  buy $ 27,569.07   sel     $47,500.00   [strat=friendly_rapport_builder]
      R 3  buy $ 10,906.56   sel     $46,500.00   [strat=friendly_rapport_builder]
      R 4  buy $ 37,691.95   sel     $45,500.00   [strat=friendly_rapport_builder]
      R 5  buy $ 26,117.01   sel     $44,500.00   [strat=friendly_rapport_builder]
      R 6  buy $  4,290.73   sel     $43,500.00   [strat=friendly_rapport_builder]
      R 7  buy $ 39,884.75   sel     $42,500.00   [strat=friendly_rapport_builder]
      R 8  buy $ 17,576.37   sel     $42,000.00   [strat=friendly_rapport_builder]
      R 9  buy $ 19,301.52   sel     $41,500.00   [strat=patient_value_defender] *
      R10  buy $ 10,081.80   sel     $41,000.00   [strat=patient_value_defender]
      R11  buy $  7,958.74   sel     $40,500.00   [strat=patient_value_defender]
      R12  buy $ 21,284.89   sel     $39,500.00   [strat=patient_value_defender]
      R13  buy $ 38,261.12   sel     $38,800.00   [strat=patient_value_defender]
      R14  buy $ 20,984.26   sel     $38,500.00   [strat=patient_value_defender]
      R15  buy $  8,116.20   sel     $38,000.00   [strat=patient_value_defender]
      R16  buy $  9,688.34   sel     $37,500.00   [strat=patient_value_defender]
   run 29 done in 5.7 min

   run 30/30 on 2014 Mercedes-Benz S550  seed=20960449
      R 1  buy $ 81,389.41   sel     $94,500.00   [strat=friendly_rapport_builder] *
      R 2  buy $ 44,305.82   sel     $89,900.00   [strat=friendly_rapport_builder]
      R 3  buy $ 18,638.16   sel     $84,500.00   [strat=friendly_rapport_builder]
      R 4  buy $ 64,186.37   sel     $79,900.00   [strat=friendly_rapport_builder]
      R 5  buy $ 17,635.57   sel     $77,500.00   [strat=friendly_rapport_builder]
      R 6  buy $ 76,320.86   sel     $77,000.00   [strat=friendly_rapport_builder]
      R 7  buy $ 21,846.62   sel     $76,000.00   [strat=friendly_rapport_builder]
      R 8  buy $  4,793.85   sel     $76,000.00   [strat=friendly_rapport_builder]
      R 9  buy $  1,763.62   sel     $76,000.00   [strat=patient_value_defender] *
      R10  buy $  5,690.52   sel     $75,500.00   [strat=patient_value_defender]
      R11  buy $ 72,611.96   sel     $73,500.00   [strat=patient_value_defender]
      R12  buy $  8,077.45   sel     $73,000.00   [strat=patient_value_defender]
      R13  buy $ 61,142.61   sel     $72,000.00   [strat=patient_value_defender]
      R14  buy $ 28,946.86   sel     $71,500.00   [strat=patient_value_defender]
      R15  buy $ 36,569.87   sel     $70,500.00   [strat=patient_value_defender]
      R16  buy $ 32,483.58   sel     $70,000.00   [strat=patient_value_defender]
   run 30 done in 5.7 min

   ---> checkpoint: car 1/5 done in 148.9 min; total so far 148.9 min; saved 30 runs to exp07_transitionA_rep2.json

--- CAR 2/5: 2016 Cadillac CTS 3.6 Luxury  (M=$45,000.00  cost=$15,750.00  cost/M=35.00%) ---

   run 1/30 on 2016 Cadillac CTS 3.6 Luxury  seed=20961420
      R 1  buy $ 17,959.51   sel     $19,499.00   [strat=friendly_rapport_builder] *
      R 2  buy $  6,092.32   sel     $18,499.00   [strat=friendly_rapport_builder]
      R 3  buy $ 13,554.88   sel     $17,999.00   [strat=friendly_rapport_builder]
      R 4  buy $  6,833.54   sel     $17,750.00   [strat=friendly_rapport_builder]
      R 5  buy $ 10,161.59   sel     $17,500.00   [strat=friendly_rapport_builder]
      R 6  buy $ 13,073.20   sel     $17,250.00   [strat=friendly_rapport_builder]
      R 7  buy $  8,221.05   sel     $17,000.00   [strat=friendly_rapport_builder]
      R 8  buy $ 12,993.25   sel     $16,900.00   [strat=friendly_rapport_builder]
      R 9  buy $  1,251.82   sel     $16,800.00   [strat=patient_value_defender] *
      R10  buy $  5,171.94   sel     $16,750.00   [strat=patient_value_defender]
      R11  buy $  6,565.46   sel     $16,700.00   [strat=patient_value_defender]
      R12  buy $ 10,839.07   sel     $16,600.00   [strat=patient_value_defender]
      R13  buy $  4,118.36   sel     $16,500.00   [strat=patient_value_defender]
      R14  buy $  2,318.02   sel     $16,500.00   [strat=patient_value_defender]
      R15  buy $  4,570.15   sel     $16,500.00   [strat=patient_value_defender]
      R16  buy $ 14,072.81   sel     $16,250.00   [strat=patient_value_defender]
   run 1 done in 4.7 min

   run 2/30 on 2016 Cadillac CTS 3.6 Luxury  seed=20961421
      R 1  buy $ 37,080.01   sel     $43,500.00   [strat=friendly_rapport_builder] *
      R 2  buy $ 16,342.40   sel     $42,000.00   [strat=friendly_rapport_builder]
      R 3  buy $ 23,396.59   sel     $40,000.00   [strat=friendly_rapport_builder]
      R 4  buy $ 13,784.17   sel     $40,000.00   [strat=friendly_rapport_builder]
      R 5  buy $ 29,477.53   sel     $38,500.00   [strat=friendly_rapport_builder]
      R 6  buy $  6,116.26   sel     $37,500.00   [strat=friendly_rapport_builder]
      R 7  buy $ 22,752.03   sel     $36,500.00   [strat=friendly_rapport_builder]
      R 8  buy $  2,333.33   sel     $36,000.00   [strat=friendly_rapport_builder]
      R 9  buy $ 35,917.93   sel     $35,800.00   [strat=patient_value_defender] *
      R10  buy $    177.72   sel     $36,000.00   [strat=patient_value_defender]
      R11  buy $ 20,732.99   sel     $34,500.00   [strat=patient_value_defender]
      R12  buy $ 18,882.21   sel     $33,500.00   [strat=patient_value_defender]
      R13  buy $ 30,746.67   sel     $32,500.00   [strat=patient_value_defender]
      R14  buy $ 29,920.61   sel     $31,500.00   [strat=patient_value_defender]
      R15  buy $ 26,916.61   sel     $31,000.00   [strat=patient_value_defender]
      R16  buy $  2,151.28   sel     $30,500.00   [strat=patient_value_defender]
   run 2 done in 5.3 min

   run 3/30 on 2016 Cadillac CTS 3.6 Luxury  seed=20961422
      R 1  buy $  5,351.84   sel     $24,995.00   [strat=friendly_rapport_builder] *
      R 2  buy $ 11,731.85   sel     $19,995.00   [strat=friendly_rapport_builder]
      R 3  buy $ 17,901.00   sel     $18,995.00   [strat=friendly_rapport_builder]
      R 4  buy $  3,998.74   sel     $18,495.00   [strat=friendly_rapport_builder]
      R 5  buy $  3,997.33   sel     $18,395.00   [strat=friendly_rapport_builder]
      R 6  buy $  9,882.77   sel     $17,995.00   [strat=friendly_rapport_builder]
      R 7  buy $  5,366.23   sel     $17,500.00   [strat=friendly_rapport_builder]
      R 8  buy $ 16,491.87   sel     $17,495.00   [strat=friendly_rapport_builder]
      R 9  buy $ 13,020.38   sel     $16,995.00   [strat=patient_value_defender] *
      R10  buy $  1,693.51   sel     $16,895.00   [strat=patient_value_defender]
      R11  buy $  3,926.96   sel     $16,495.00   [strat=patient_value_defender]
      R12  buy $  8,462.31   sel     $16,395.00   [strat=patient_value_defender]
      R13  buy $  2,673.56   sel     $16,295.00   [strat=patient_value_defender]
      R14  buy $  5,974.44   sel     $16,195.00   [strat=patient_value_defender]
      R15  buy $  2,789.25   sel     $16,095.00   [strat=patient_value_defender]
      R16  buy $ 13,435.81   sel     $15,995.00   [strat=patient_value_defender]
   run 3 done in 5.1 min

   run 4/30 on 2016 Cadillac CTS 3.6 Luxury  seed=20961423
      R 1  buy $ 24,342.44   sel     $27,500.00   [strat=friendly_rapport_builder] *
      R 2  buy $  4,152.57   sel     $26,900.00   [strat=friendly_rapport_builder]
      R 3  buy $ 13,241.91   sel     $25,500.00   [strat=friendly_rapport_builder]
      R 4  buy $ 24,565.03   sel     $24,900.00   [strat=friendly_rapport_builder]
      R 5  buy $ 20,226.39   sel     $24,500.00   [strat=friendly_rapport_builder]
      R 6  buy $ 21,451.99   sel     $23,900.00   [strat=friendly_rapport_builder]
      R 7  buy $ 21,353.96   sel     $23,400.00   [strat=friendly_rapport_builder]
      R 8  buy $ 14,442.62   sel     $22,900.00   [strat=friendly_rapport_builder]
      R 9  buy $ 12,541.33   sel     $22,500.00   [strat=patient_value_defender] *
      R10  buy $  3,933.07   sel     $22,500.00   [strat=patient_value_defender]
      R11  buy $ 19,993.10   sel     $21,500.00   [strat=patient_value_defender]
      R12  buy $  9,948.82   sel     $21,000.00   [strat=patient_value_defender]
      R13  buy $ 13,730.38   sel     $20,500.00   [strat=patient_value_defender]
      R14  buy $  6,932.53   sel     $20,000.00   [strat=patient_value_defender]
      R15  buy $  3,521.14   sel     $19,500.00   [strat=patient_value_defender]
      R16  buy $  2,639.97   sel     $18,500.00   [strat=patient_value_defender]
   run 4 done in 5.3 min

   run 5/30 on 2016 Cadillac CTS 3.6 Luxury  seed=20961424
      R 1  buy $ 32,369.74   sel     $42,500.00   [strat=friendly_rapport_builder] *
      R 2  buy $ 31,773.77   sel     $39,500.00   [strat=friendly_rapport_builder]
      R 3  buy $ 34,195.94   sel     $36,500.00   [strat=friendly_rapport_builder]
      R 4  buy $  7,716.25   sel     $35,000.00   [strat=friendly_rapport_builder]
      R 5  buy $ 22,152.81   sel     $34,000.00   [strat=friendly_rapport_builder]
      R 6  buy $  9,243.74   sel     $33,000.00   [strat=friendly_rapport_builder]
      R 7  buy $ 25,265.43   sel     $32,500.00   [strat=friendly_rapport_builder]
      R 8  buy $ 31,583.41   sel     $31,800.00   [strat=friendly_rapport_builder]
      R 9  buy $    669.39   sel     $30,000.00   [strat=patient_value_defender] *
      R10  buy $  6,391.82   sel     $29,500.00   [strat=patient_value_defender]
      R11  buy $    279.10   sel     $27,500.00   [strat=patient_value_defender]
      R12  buy $ 17,242.48   sel     $25,000.00   [strat=patient_value_defender]
      R13  buy $ 16,710.12   sel     $23,500.00   [strat=patient_value_defender]
      R14  buy $  8,716.26   sel     $22,000.00   [strat=patient_value_defender]
      R15  buy $  7,993.28   sel     $21,500.00   [strat=patient_value_defender]
      R16  buy $ 20,136.74   sel     $21,000.00   [strat=patient_value_defender]
   run 5 done in 5.5 min

   run 6/30 on 2016 Cadillac CTS 3.6 Luxury  seed=20961425
      R 1  buy $  3,417.92   sel     $39,500.00   [strat=friendly_rapport_builder] *
      R 2  buy $  4,921.78   sel     $34,500.00   [strat=friendly_rapport_builder]
      R 3  buy $ 33,023.35   sel     $33,750.00   [strat=friendly_rapport_builder]
      R 4  buy $  3,064.59   sel     $30,000.00   [strat=friendly_rapport_builder]
      R 5  buy $ 11,609.87   sel     $28,500.00   [strat=friendly_rapport_builder]
      R 6  buy $ 26,305.00   sel     $27,400.00   [strat=friendly_rapport_builder]
      R 7  buy $  6,771.78   sel     $25,900.00   [strat=friendly_rapport_builder]
      R 8  buy $ 15,531.15   sel     $24,500.00   [strat=friendly_rapport_builder]
      R 9  buy $ 17,307.45   sel     $22,500.00   [strat=patient_value_defender] *
      R10  buy $ 19,081.69   sel     $20,500.00   [strat=patient_value_defender]
      R11  buy $  9,187.26   sel     $18,500.00   [strat=patient_value_defender]
      R12  buy $ 14,889.06   sel     $17,000.00   [strat=patient_value_defender]
      R13  buy $  4,244.66   sel     $16,500.00   [strat=patient_value_defender]
      R14  buy $  8,305.98   sel     $16,500.00   [strat=patient_value_defender]
      R15  buy $ 14,962.03   sel     $16,000.00   [strat=patient_value_defender]
      R16  buy $  1,537.97   sel     $15,900.00   [strat=patient_value_defender]
   run 6 done in 6.2 min

   run 7/30 on 2016 Cadillac CTS 3.6 Luxury  seed=20961426
      R 1  buy $  6,363.32   sel     $19,995.00   [strat=friendly_rapport_builder] *
      R 2  buy $  7,675.23   sel     $16,500.00   [strat=friendly_rapport_builder]
      R 3  buy $  4,519.87   sel     $14,500.00   [strat=friendly_rapport_builder]
      R 4  buy $ 10,096.78   sel     $13,900.00   [strat=friendly_rapport_builder]
      R 5  buy $  5,317.85   sel     $13,500.00   [strat=friendly_rapport_builder]
      R 6  buy $    917.74   sel     $13,200.00   [strat=friendly_rapport_builder]
      R 7  buy $  5,326.97   sel     $13,000.00   [strat=friendly_rapport_builder]
      R 8  buy $  9,468.81   sel     $15,800.00   [strat=friendly_rapport_builder]
      R 9  buy $    791.23   sel     $15,500.00   [strat=patient_value_defender] *
      R10  buy $ 15,329.96   sel     $15,750.00   [strat=patient_value_defender]
      R11  buy $ 11,514.40   sel     $15,750.00   [strat=patient_value_defender]
      R12  buy $  3,710.48   sel     $15,750.00   [strat=patient_value_defender]
      R13  buy $ 10,123.46   sel     $15,750.00   [strat=patient_value_defender]
      R14  buy $  3,465.88   sel     $15,750.00   [strat=patient_value_defender]
      R15  buy $  9,901.48   sel     $15,750.00   [strat=patient_value_defender]
      R16  buy $ 11,064.38   sel     $15,750.00   [strat=patient_value_defender]
   run 7 done in 7.3 min

   run 8/30 on 2016 Cadillac CTS 3.6 Luxury  seed=20961427
      R 1  buy $ 12,982.60   sel     $18,499.99   [strat=friendly_rapport_builder] *
      R 2  buy $  4,223.26   sel     $17,999.99   [strat=friendly_rapport_builder]
      R 3  buy $  1,050.45   sel     $17,499.99   [strat=friendly_rapport_builder]
      R 4  buy $  9,773.39   sel     $16,999.99   [strat=friendly_rapport_builder]
      R 5  buy $  8,989.79   sel     $16,499.99   [strat=friendly_rapport_builder]
      R 6  buy $  4,898.23   sel     $15,999.99   [strat=friendly_rapport_builder]
      R 7  buy $  8,238.74   sel     $15,499.99   [strat=friendly_rapport_builder]
      R 8  buy $ 10,248.46   sel     $15,299.99   [strat=friendly_rapport_builder]
      R 9  buy $  8,406.55   sel     $14,999.99   [strat=patient_value_defender] *
      R10  buy $  9,495.92   sel     $14,799.99   [strat=patient_value_defender]
      R11  buy $  2,431.22   sel     $14,799.99   [strat=patient_value_defender]
      R12  buy $ 11,667.97   sel     $14,599.99   [strat=patient_value_defender]
      R13  buy $ 10,195.73   sel     $14,399.99   [strat=patient_value_defender]
      R14  buy $  5,149.77   sel     $14,299.99   [strat=patient_value_defender]
      R15  buy $  4,142.33   sel     $15,999.99   [strat=patient_value_defender]
      R16  buy $  6,378.36   sel     $15,799.99   [strat=patient_value_defender]
   run 8 done in 5.7 min

   run 9/30 on 2016 Cadillac CTS 3.6 Luxury  seed=20961428
      R 1  buy $ 32,648.52   sel     $38,500.00   [strat=friendly_rapport_builder] *
      R 2  buy $ 37,407.08   sel     $37,999.99   [strat=friendly_rapport_builder]
      R 3  buy $ 35,851.58   sel     $37,500.00   [strat=friendly_rapport_builder]
      R 4  buy $ 21,855.89   sel     $37,000.00   [strat=friendly_rapport_builder]
      R 5  buy $ 33,615.24   sel     $36,000.00   [strat=friendly_rapport_builder]
      R 6  buy $  1,980.64   sel     $35,000.00   [strat=friendly_rapport_builder]
      R 7  buy $  3,130.85   sel     $34,500.00   [strat=friendly_rapport_builder]
      R 8  buy $ 34,249.38   sel     $34,249.38   [strat=friendly_rapport_builder]
      R 9  buy $ 18,815.82   sel     $33,000.00   [strat=patient_value_defender] *
      R10  buy $ 18,596.82   sel     $30,000.00   [strat=patient_value_defender]
      R11  buy $ 17,796.70   sel     $30,000.00   [strat=patient_value_defender]
      R12  buy $ 15,177.67   sel     $28,500.00   [strat=patient_value_defender]
      R13  buy $  2,319.17   sel     $28,000.00   [strat=patient_value_defender]
      R14  buy $ 20,848.68   sel     $26,500.00   [strat=patient_value_defender]
      R15  buy $ 11,206.80   sel     $25,000.00   [strat=patient_value_defender]
      R16  buy $  2,257.31   sel     $24,500.00   [strat=patient_value_defender]
   run 9 done in 4.8 min

   run 10/30 on 2016 Cadillac CTS 3.6 Luxury  seed=20961429
      R 1  buy $ 41,858.85   sel     $44,500.00   [strat=friendly_rapport_builder] *
      R 2  buy $ 40,399.69   sel     $44,000.00   [strat=friendly_rapport_builder]
      R 3  buy $  3,608.78   sel     $43,500.00   [strat=friendly_rapport_builder]
      R 4  buy $ 10,448.12   sel     $43,000.00   [strat=friendly_rapport_builder]
      R 5  buy $ 34,318.76   sel     $42,500.00   [strat=friendly_rapport_builder]
      R 6  buy $ 20,282.25   sel     $42,000.00   [strat=friendly_rapport_builder]
      R 7  buy $ 40,835.34   sel     $41,500.00   [strat=friendly_rapport_builder]
      R 8  buy $ 32,705.12   sel     $41,000.00   [strat=friendly_rapport_builder]
      R 9  buy $ 36,745.79   sel     $40,000.00   [strat=patient_value_defender] *
      R10  buy $  9,021.53   sel     $39,500.00   [strat=patient_value_defender]
      R11  buy $ 21,669.56   sel     $39,000.00   [strat=patient_value_defender]
      R12  buy $ 23,861.41   sel     $39,000.00   [strat=patient_value_defender]
      R13  buy $ 16,662.99   sel     $38,500.00   [strat=patient_value_defender]
      R14  buy $ 33,613.22   sel     $38,000.00   [strat=patient_value_defender]
      R15  buy $ 11,790.27   sel     $37,500.00   [strat=patient_value_defender]
      R16  buy $ 21,625.42   sel     $37,000.00   [strat=patient_value_defender]
   run 10 done in 4.8 min

   run 11/30 on 2016 Cadillac CTS 3.6 Luxury  seed=20961430
      R 1  buy $ 19,857.13   sel     $23,500.00   [strat=friendly_rapport_builder] *
      R 2  buy $  5,720.71   sel     $22,500.00   [strat=friendly_rapport_builder]
      R 3  buy $ 10,679.10   sel     $21,500.00   [strat=friendly_rapport_builder]
      R 4  buy $  8,086.55   sel     $20,500.00   [strat=friendly_rapport_builder]
      R 5  buy $    242.52   sel     $20,000.00   [strat=friendly_rapport_builder]
      R 6  buy $  3,837.80   sel     $19,500.00   [strat=friendly_rapport_builder]
      R 7  buy $  4,033.06   sel     $19,000.00   [strat=friendly_rapport_builder]
      R 8  buy $  5,520.71   sel     $18,500.00   [strat=friendly_rapport_builder]
      R 9  buy $ 11,828.93   sel     $18,000.00   [strat=patient_value_defender] *
      R10  buy $  7,540.16   sel     $17,500.00   [strat=patient_value_defender]
      R11  buy $ 12,470.59   sel     $17,000.00   [strat=patient_value_defender]
      R12  buy $    840.66   sel     $16,750.00   [strat=patient_value_defender]
      R13  buy $ 14,481.92   sel     $16,500.00   [strat=patient_value_defender]
      R14  buy $  8,918.46   sel     $16,250.00   [strat=patient_value_defender]
      R15  buy $ 15,367.66   sel     $16,000.00   [strat=patient_value_defender]
      R16  buy $  4,988.99   sel     $15,999.00   [strat=patient_value_defender]
   run 11 done in 4.5 min

   run 12/30 on 2016 Cadillac CTS 3.6 Luxury  seed=20961431
      R 1  buy $  5,004.13   sel     $19,500.00   [strat=friendly_rapport_builder] *
      R 2  buy $  1,565.63   sel     $18,500.00   [strat=friendly_rapport_builder]
      R 3  buy $ 14,253.41   sel     $17,500.00   [strat=friendly_rapport_builder]
      R 4  buy $ 10,947.92   sel     $16,500.00   [strat=friendly_rapport_builder]
      R 5  buy $  9,749.64   sel     $16,000.00   [strat=friendly_rapport_builder]
      R 6  buy $ 13,090.65   sel     $15,500.00   [strat=friendly_rapport_builder]
      R 7  buy $  2,445.24   sel     $15,250.00   [strat=friendly_rapport_builder]
      R 8  buy $  2,009.04   sel     $15,100.00   [strat=friendly_rapport_builder]
      R 9  buy $ 13,532.96   sel     $15,000.00   [strat=patient_value_defender] *
      R10  buy $  4,746.73   sel     $14,900.00   [strat=patient_value_defender]
      R11  buy $  3,353.24   sel     $14,800.00   [strat=patient_value_defender]
      R12  buy $ 10,683.88   sel     $15,800.00   [strat=patient_value_defender]
      R13  buy $  4,546.82   sel     $15,600.00   [strat=patient_value_defender]
      R14  buy $ 12,874.69   sel     $15,400.00   [strat=patient_value_defender]
      R15  buy $ 12,526.64   sel     $15,500.00   [strat=patient_value_defender]
      R16  buy $     12.35   sel     $15,000.00   [strat=patient_value_defender]
   run 12 done in 6.7 min

   run 13/30 on 2016 Cadillac CTS 3.6 Luxury  seed=20961432
      R 1  buy $ 35,946.56   sel     $37,995.00   [strat=friendly_rapport_builder] *
      R 2  buy $ 36,805.24   sel     $37,400.00   [strat=friendly_rapport_builder]
      R 3  buy $ 11,826.52   sel     $37,000.00   [strat=friendly_rapport_builder]
      R 4  buy $ 33,804.70   sel     $35,400.00   [strat=friendly_rapport_builder]
      R 5  buy $ 14,238.26   sel     $34,500.00   [strat=friendly_rapport_builder]
      R 6  buy $ 16,021.60   sel     $34,000.00   [strat=friendly_rapport_builder]
      R 7  buy $ 20,911.75   sel     $33,000.00   [strat=friendly_rapport_builder]
      R 8  buy $ 28,445.72   sel     $32,000.00   [strat=friendly_rapport_builder]
      R 9  buy $ 10,256.82   sel     $31,000.00   [strat=patient_value_defender] *
      R10  buy $  3,307.92   sel     $30,000.00   [strat=patient_value_defender]
      R11  buy $ 21,261.86   sel     $28,000.00   [strat=patient_value_defender]
      R12  buy $ 22,411.69   sel     $26,000.00   [strat=patient_value_defender]
      R13  buy $ 11,401.04   sel     $25,000.00   [strat=patient_value_defender]
      R14  buy $ 18,714.80   sel     $24,500.00   [strat=patient_value_defender]
      R15  buy $ 23,314.55   sel     $24,000.00   [strat=patient_value_defender]
      R16  buy $ 13,614.68   sel     $23,500.00   [strat=patient_value_defender]
   run 13 done in 5.9 min

   run 14/30 on 2016 Cadillac CTS 3.6 Luxury  seed=20961433
      R 1  buy $ 22,863.78   sel     $25,500.00   [strat=friendly_rapport_builder] *
      R 2  buy $ 14,090.36   sel     $24,500.00   [strat=friendly_rapport_builder]
      R 3  buy $  2,393.01   sel     $23,500.00   [strat=friendly_rapport_builder]
      R 4  buy $  1,548.70   sel     $23,000.00   [strat=friendly_rapport_builder]
      R 5  buy $ 18,378.19   sel     $22,000.00   [strat=friendly_rapport_builder]
      R 6  buy $  3,850.89   sel     $21,500.00   [strat=friendly_rapport_builder]
      R 7  buy $ 13,370.13   sel     $20,000.00   [strat=friendly_rapport_builder]
      R 8  buy $ 18,467.37   sel     $19,250.00   [strat=friendly_rapport_builder]
      R 9  buy $  4,149.58   sel     $18,500.00   [strat=patient_value_defender] *
      R10  buy $    243.62   sel     $18,500.00   [strat=patient_value_defender]
      R11  buy $  5,511.22   sel     $18,500.00   [strat=patient_value_defender]
      R12  buy $ 11,046.61   sel     $17,500.00   [strat=patient_value_defender]
      R13  buy $ 14,099.71   sel     $16,500.00   [strat=patient_value_defender]
      R14  buy $  4,778.75   sel     $16,000.00   [strat=patient_value_defender]
      R15  buy $  7,695.11   sel     $15,500.00   [strat=patient_value_defender]
      R16  buy $ 10,669.61   sel     $15,750.00   [strat=patient_value_defender]
   run 14 done in 5.6 min

   run 15/30 on 2016 Cadillac CTS 3.6 Luxury  seed=20961434
      R 1  buy $ 42,735.20   sel     $44,000.00   [strat=friendly_rapport_builder] *
      R 2  buy $ 19,564.48   sel     $43,500.00   [strat=friendly_rapport_builder]
      R 3  buy $ 32,560.48   sel     $42,500.00   [strat=friendly_rapport_builder]
      R 4  buy $ 22,149.92   sel     $41,000.00   [strat=friendly_rapport_builder]
      R 5  buy $ 35,084.54   sel     $39,500.00   [strat=friendly_rapport_builder]
      R 6  buy $  5,002.81   sel     $38,500.00   [strat=friendly_rapport_builder]
      R 7  buy $    686.57   sel     $38,500.00   [strat=friendly_rapport_builder]
      R 8  buy $  9,523.20   sel     $38,000.00   [strat=friendly_rapport_builder]
      R 9  buy $ 17,297.80   sel     $37,500.00   [strat=patient_value_defender] *
      R10  buy $ 22,349.67   sel     $37,000.00   [strat=patient_value_defender]
      R11  buy $  3,298.17   sel     $36,500.00   [strat=patient_value_defender]
      R12  buy $  3,388.66   sel     $36,000.00   [strat=patient_value_defender]
      R13  buy $ 19,602.43   sel     $35,500.00   [strat=patient_value_defender]
      R14  buy $ 13,333.05   sel     $35,000.00   [strat=patient_value_defender]
      R15  buy $ 25,065.71   sel     $34,500.00   [strat=patient_value_defender]
      R16  buy $ 10,501.39   sel     $34,000.00   [strat=patient_value_defender]
   run 15 done in 4.8 min

   run 16/30 on 2016 Cadillac CTS 3.6 Luxury  seed=20961435
      R 1  buy $ 35,159.37   sel     $39,500.00   [strat=friendly_rapport_builder] *
      R 2  buy $  8,015.82   sel     $38,500.00   [strat=friendly_rapport_builder]
      R 3  buy $  9,134.16   sel     $37,000.00   [strat=friendly_rapport_builder]
      R 4  buy $  3,193.87   sel     $36,500.00   [strat=friendly_rapport_builder]
      R 5  buy $ 33,689.97   sel     $34,500.00   [strat=friendly_rapport_builder]
      R 6  buy $  9,351.69   sel     $34,000.00   [strat=friendly_rapport_builder]
      R 7  buy $  9,868.10   sel     $33,500.00   [strat=friendly_rapport_builder]
      R 8  buy $ 27,260.69   sel     $32,000.00   [strat=friendly_rapport_builder]
      R 9  buy $ 22,331.42   sel     $31,000.00   [strat=patient_value_defender] *
      R10  buy $ 28,625.92   sel     $30,000.00   [strat=patient_value_defender]
      R11  buy $  6,535.29   sel     $29,500.00   [strat=patient_value_defender]
      R12  buy $ 11,987.11   sel     $29,500.00   [strat=patient_value_defender]
      R13  buy $  5,137.66   sel     $29,500.00   [strat=patient_value_defender]
      R14  buy $  1,837.90   sel     $28,500.00   [strat=patient_value_defender]
      R15  buy $ 24,751.49   sel     $26,000.00   [strat=patient_value_defender]
      R16  buy $ 22,026.13   sel     $25,000.00   [strat=patient_value_defender]
   run 16 done in 5.6 min

   run 17/30 on 2016 Cadillac CTS 3.6 Luxury  seed=20961436
      R 1  buy $  1,118.00   sel     $27,500.00   [strat=friendly_rapport_builder] *
      R 2  buy $ 22,138.33   sel     $25,000.00   [strat=friendly_rapport_builder]
      R 3  buy $  9,723.59   sel     $24,500.00   [strat=friendly_rapport_builder]
      R 4  buy $ 17,975.53   sel     $22,500.00   [strat=friendly_rapport_builder]
      R 5  buy $ 19,155.84   sel     $21,000.00   [strat=friendly_rapport_builder]
      R 6  buy $    162.27   sel     $20,500.00   [strat=friendly_rapport_builder]
      R 7  buy $ 14,410.43   sel     $19,999.00   [strat=friendly_rapport_builder]
      R 8  buy $ 18,118.76   sel     $19,100.00   [strat=friendly_rapport_builder]
      R 9  buy $  3,197.28   sel     $18,500.00   [strat=patient_value_defender] *
      R10  buy $  8,599.52   sel     $18,000.00   [strat=patient_value_defender]
      R11  buy $  6,437.40   sel     $17,500.00   [strat=patient_value_defender]
      R12  buy $  7,579.02   sel     $17,000.00   [strat=patient_value_defender]
      R13  buy $    645.19   sel     $16,500.00   [strat=patient_value_defender]
      R14  buy $ 13,412.31   sel     $16,250.00   [strat=patient_value_defender]
      R15  buy $     71.36   sel     $16,250.00   [strat=patient_value_defender]
      R16  buy $  9,500.91   sel     $16,250.00   [strat=patient_value_defender]
   run 17 done in 5.3 min

   run 18/30 on 2016 Cadillac CTS 3.6 Luxury  seed=20961437
      R 1  buy $ 44,711.38   sel     $44,900.00   [strat=friendly_rapport_builder] *
      R 2  buy $ 31,324.75   sel     $44,000.00   [strat=friendly_rapport_builder]
      R 3  buy $ 22,487.69   sel     $43,500.00   [strat=friendly_rapport_builder]
      R 4  buy $  3,552.20   sel     $43,000.00   [strat=friendly_rapport_builder]
      R 5  buy $ 29,411.56   sel     $42,000.00   [strat=friendly_rapport_builder]
      R 6  buy $  9,934.99   sel     $41,500.00   [strat=friendly_rapport_builder]
      R 7  buy $ 40,173.71   sel     $40,500.00   [strat=friendly_rapport_builder]
      R 8  buy $ 34,512.86   sel     $38,500.00   [strat=friendly_rapport_builder]
      R 9  buy $ 24,696.93   sel     $36,000.00   [strat=patient_value_defender] *
      R10  buy $    757.82   sel     $35,000.00   [strat=patient_value_defender]
      R11  buy $  3,436.13   sel     $34,500.00   [strat=patient_value_defender]
      R12  buy $ 34,154.02   sel     $34,300.00   [strat=patient_value_defender]
      R13  buy $ 21,124.66   sel     $33,500.00   [strat=patient_value_defender]
      R14  buy $  2,570.44   sel     $33,000.00   [strat=patient_value_defender]
      R15  buy $ 25,028.17   sel     $32,000.00   [strat=patient_value_defender]
      R16  buy $ 12,896.76   sel     $31,500.00   [strat=patient_value_defender]
   run 18 done in 6.3 min

   run 19/30 on 2016 Cadillac CTS 3.6 Luxury  seed=20961438
      R 1  buy $ 12,471.94   sel     $15,900.00   [strat=friendly_rapport_builder] *
      R 2  buy $  1,715.43   sel     $15,500.00   [strat=friendly_rapport_builder]
      R 3  buy $ 12,425.72   sel     $15,800.00   [strat=friendly_rapport_builder]
      R 4  buy $ 13,407.57   sel     $15,400.00   [strat=friendly_rapport_builder]
      R 5  buy $ 14,443.84   sel     $15,200.00   [strat=friendly_rapport_builder]
      R 6  buy $ 12,267.56   sel     $15,200.00   [strat=friendly_rapport_builder]
      R 7  buy $  5,722.81   sel     $15,200.00   [strat=friendly_rapport_builder]
      R 8  buy $  7,445.04   sel     $15,100.00   [strat=friendly_rapport_builder]
      R 9  buy $  7,699.62   sel     PARSE-FAIL   [strat=patient_value_defender] *
      R10  buy $  8,121.16   sel     $15,000.00   [strat=patient_value_defender]
      R11  buy $  8,232.08   sel     $14,900.00   [strat=patient_value_defender]
      R12  buy $  2,957.74   sel     $14,800.00   [strat=patient_value_defender]
      R13  buy $ 12,023.37   sel     $15,800.00   [strat=patient_value_defender]
      R14  buy $  6,001.11   sel     $15,700.00   [strat=patient_value_defender]
      R15  buy $  7,467.63   sel     $15,600.00   [strat=patient_value_defender]
      R16  buy $  9,825.13   sel     $15,500.00   [strat=patient_value_defender]
   run 19 done in 5.7 min

   run 20/30 on 2016 Cadillac CTS 3.6 Luxury  seed=20961439
      R 1  buy $ 15,366.46   sel     $16,500.00   [strat=friendly_rapport_builder] *
      R 2  buy $  6,880.18   sel     $16,000.00   [strat=friendly_rapport_builder]
      R 3  buy $    149.01   sel     $16,000.00   [strat=friendly_rapport_builder]
      R 4  buy $ 13,590.76   sel     $15,900.00   [strat=friendly_rapport_builder]
      R 5  buy $    261.79   sel     $15,900.00   [strat=friendly_rapport_builder]
      R 6  buy $  5,458.17   sel     $15,800.00   [strat=friendly_rapport_builder]
      R 7  buy $  4,629.75   sel     $15,795.00   [strat=friendly_rapport_builder]
      R 8  buy $  8,860.39   sel     $15,750.00   [strat=friendly_rapport_builder]
      R 9  buy $  2,854.22   sel     $15,750.00   [strat=patient_value_defender] *
      R10  buy $ 11,289.49   sel     $15,750.00   [strat=patient_value_defender]
      R11  buy $  5,407.32   sel     $15,700.00   [strat=patient_value_defender]
      R12  buy $  9,136.38   sel     $15,700.00   [strat=patient_value_defender]
      R13  buy $  6,703.54   sel     $15,750.00   [strat=patient_value_defender]
      R14  buy $  6,117.04   sel     $15,800.00   [strat=patient_value_defender]
      R15  buy $  9,664.65   sel     $15,775.00   [strat=patient_value_defender]
      R16  buy $ 13,519.87   sel     $15,750.00   [strat=patient_value_defender]
   run 20 done in 7.6 min

   run 21/30 on 2016 Cadillac CTS 3.6 Luxury  seed=20961440
      R 1  buy $ 16,658.96   sel     $18,250.00   [strat=friendly_rapport_builder] *
      R 2  buy $ 15,681.99   sel     $17,495.00   [strat=friendly_rapport_builder]
      R 3  buy $  1,834.93   sel     $16,995.00   [strat=friendly_rapport_builder]
      R 4  buy $  9,009.62   sel     $16,500.00   [strat=friendly_rapport_builder]
      R 5  buy $  3,738.59   sel     $16,400.00   [strat=friendly_rapport_builder]
      R 6  buy $  6,449.73   sel     $16,200.00   [strat=friendly_rapport_builder]
      R 7  buy $  8,918.94   sel     $16,100.00   [strat=friendly_rapport_builder]
      R 8  buy $ 15,377.56   sel     $15,900.00   [strat=friendly_rapport_builder]
      R 9  buy $  3,134.67   sel     $15,800.00   [strat=patient_value_defender] *
      R10  buy $ 15,461.27   sel     $15,750.00   [strat=patient_value_defender]
      R11  buy $  1,092.07   sel     $15,750.00   [strat=patient_value_defender]
      R12  buy $ 15,172.31   sel     $15,750.00   [strat=patient_value_defender]
      R13  buy $  4,419.25   sel     $15,750.00   [strat=patient_value_defender]
      R14  buy $ 15,597.42   sel     $15,750.00   [strat=patient_value_defender]
      R15  buy $ 12,523.77   sel     $15,750.00   [strat=patient_value_defender]
      R16  buy $ 12,441.32   sel     $15,750.00   [strat=patient_value_defender]
   run 21 done in 5.4 min

   run 22/30 on 2016 Cadillac CTS 3.6 Luxury  seed=20961441
      R 1  buy $ 32,368.37   sel     $34,500.00   [strat=friendly_rapport_builder] *
      R 2  buy $ 10,271.64   sel     $34,500.00   [strat=friendly_rapport_builder]
      R 3  buy $ 28,536.33   sel     $31,618.18   [strat=friendly_rapport_builder]
      R 4  buy $ 31,379.28   sel     $31,498.73   [strat=friendly_rapport_builder]
      R 5  buy $ 28,433.10   sel     $31,000.00   [strat=friendly_rapport_builder]
      R 6  buy $ 21,597.84   sel     $29,500.00   [strat=friendly_rapport_builder]
      R 7  buy $  4,785.91   sel     $28,000.00   [strat=friendly_rapport_builder]
      R 8  buy $ 17,737.74   sel     $27,000.00   [strat=friendly_rapport_builder]
      R 9  buy $ 11,563.64   sel     $26,500.00   [strat=patient_value_defender] *
      R10  buy $ 18,761.66   sel     $24,000.00   [strat=patient_value_defender]
      R11  buy $  1,065.66   sel     $23,500.00   [strat=patient_value_defender]
      R12  buy $ 13,763.90   sel     $22,000.00   [strat=patient_value_defender]
      R13  buy $  1,234.48   sel     $21,000.00   [strat=patient_value_defender]
      R14  buy $ 10,319.17   sel     $20,000.00   [strat=patient_value_defender]
      R15  buy $ 14,280.57   sel     $19,000.00   [strat=patient_value_defender]
      R16  buy $  4,572.72   sel     $18,500.00   [strat=patient_value_defender]
   run 22 done in 5.8 min

   run 23/30 on 2016 Cadillac CTS 3.6 Luxury  seed=20961442
      R 1  buy $ 26,310.25   sel     $30,500.00   [strat=friendly_rapport_builder] *
      R 2  buy $  2,197.88   sel     $29,000.00   [strat=friendly_rapport_builder]
      R 3  buy $ 16,770.29   sel     $27,500.00   [strat=friendly_rapport_builder]
      R 4  buy $ 12,995.45   sel     $26,500.00   [strat=friendly_rapport_builder]
      R 5  buy $ 16,402.58   sel     $25,000.00   [strat=friendly_rapport_builder]
      R 6  buy $  1,616.31   sel     $24,000.00   [strat=friendly_rapport_builder]
      R 7  buy $ 12,736.42   sel     $23,500.00   [strat=friendly_rapport_builder]
      R 8  buy $  8,575.34   sel     $23,000.00   [strat=friendly_rapport_builder]
      R 9  buy $  6,469.95   sel     $22,500.00   [strat=patient_value_defender] *
      R10  buy $ 14,871.42   sel     $21,000.00   [strat=patient_value_defender]
      R11  buy $ 14,327.50   sel     $19,000.00   [strat=patient_value_defender]
      R12  buy $  5,343.71   sel     $18,500.00   [strat=patient_value_defender]
      R13  buy $  7,574.91   sel     $17,500.00   [strat=patient_value_defender]
      R14  buy $ 13,799.03   sel     $16,500.00   [strat=patient_value_defender]
      R15  buy $ 11,024.80   sel     $16,000.00   [strat=patient_value_defender]
      R16  buy $ 12,042.39   sel     $16,000.00   [strat=patient_value_defender]
   run 23 done in 6.0 min

   run 24/30 on 2016 Cadillac CTS 3.6 Luxury  seed=20961443
      R 1  buy $ 26,683.83   sel     $32,500.00   [strat=friendly_rapport_builder] *
      R 2  buy $ 19,814.78   sel     $29,500.00   [strat=friendly_rapport_builder]
      R 3  buy $ 11,344.29   sel     $28,500.00   [strat=friendly_rapport_builder]
      R 4  buy $ 20,159.27   sel     $26,000.00   [strat=friendly_rapport_builder]
      R 5  buy $ 19,300.26   sel     $25,500.00   [strat=friendly_rapport_builder]
      R 6  buy $ 25,152.87   sel     $25,000.00   [strat=friendly_rapport_builder]
      R 7  buy $  9,833.31   sel     $24,500.00   [strat=friendly_rapport_builder]
      R 8  buy $  6,829.08   sel     $24,000.00   [strat=friendly_rapport_builder]
      R 9  buy $ 18,535.23   sel     $23,500.00   [strat=patient_value_defender] *
      R10  buy $ 21,088.67   sel     $23,000.00   [strat=patient_value_defender]
      R11  buy $ 16,552.10   sel     $22,500.00   [strat=patient_value_defender]
      R12  buy $  3,273.21   sel     $22,000.00   [strat=patient_value_defender]
      R13  buy $  1,083.84   sel     $21,500.00   [strat=patient_value_defender]
      R14  buy $ 14,460.77   sel     $20,000.00   [strat=patient_value_defender]
      R15  buy $  3,594.66   sel     $19,000.00   [strat=patient_value_defender]
      R16  buy $ 12,812.00   sel     $17,500.00   [strat=patient_value_defender]
   run 24 done in 6.0 min

   run 25/30 on 2016 Cadillac CTS 3.6 Luxury  seed=20961444
      R 1  buy $  9,256.10   sel     $18,500.00   [strat=friendly_rapport_builder] *
      R 2  buy $ 13,085.05   sel     $17,000.00   [strat=friendly_rapport_builder]
      R 3  buy $  3,963.53   sel     $16,500.00   [strat=friendly_rapport_builder]
      R 4  buy $ 11,457.38   sel     $16,000.00   [strat=friendly_rapport_builder]
      R 5  buy $  4,223.59   sel     $16,000.00   [strat=friendly_rapport_builder]
      R 6  buy $  7,474.17   sel     $16,000.00   [strat=friendly_rapport_builder]
      R 7  buy $  2,471.42   sel     $16,000.00   [strat=friendly_rapport_builder]
      R 8  buy $ 14,506.04   sel     $15,900.00   [strat=friendly_rapport_builder]
      R 9  buy $  4,243.19   sel     $15,800.00   [strat=patient_value_defender] *
      R10  buy $  5,882.07   sel     $15,800.00   [strat=patient_value_defender]
      R11  buy $  8,724.65   sel     $15,750.00   [strat=patient_value_defender]
      R12  buy $  2,933.42   sel     $15,750.00   [strat=patient_value_defender]
      R13  buy $ 10,751.22   sel     $15,750.00   [strat=patient_value_defender]
      R14  buy $  2,213.94   sel     $15,750.00   [strat=patient_value_defender]
      R15  buy $  4,629.86   sel     $15,750.00   [strat=patient_value_defender]
      R16  buy $  9,214.11   sel     $15,750.00   [strat=patient_value_defender]
   run 25 done in 6.2 min

   run 26/30 on 2016 Cadillac CTS 3.6 Luxury  seed=20961445
      R 1  buy $ 15,702.25   sel     $16,499.00   [strat=friendly_rapport_builder] *
      R 2  buy $  7,948.94   sel     $15,999.00   [strat=friendly_rapport_builder]
      R 3  buy $ 14,768.80   sel     $15,599.00   [strat=friendly_rapport_builder]
      R 4  buy $  2,717.24   sel     $15,499.00   [strat=friendly_rapport_builder]
      R 5  buy $  9,886.55   sel     $15,299.00   [strat=friendly_rapport_builder]
      R 6  buy $ 14,561.50   sel     $15,149.00   [strat=friendly_rapport_builder]
      R 7  buy $     69.63   sel     $15,749.00   [strat=friendly_rapport_builder]
      R 8  buy $ 11,142.10   sel     $15,299.00   [strat=friendly_rapport_builder]
      R 9  buy $  2,110.14   sel     $15,749.00   [strat=patient_value_defender] *
      R10  buy $ 13,712.19   sel     $15,750.00   [strat=patient_value_defender]
      R11  buy $ 13,336.44   sel     $15,750.00   [strat=patient_value_defender]
      R12  buy $ 10,890.02   sel     $15,750.00   [strat=patient_value_defender]
      R13  buy $  2,857.28   sel     $15,750.00   [strat=patient_value_defender]
      R14  buy $  7,945.76   sel     $15,750.00   [strat=patient_value_defender]
      R15  buy $ 15,699.10   sel     $15,750.00   [strat=patient_value_defender]
      R16  buy $ 12,411.07   sel     $15,750.00   [strat=patient_value_defender]
   run 26 done in 5.6 min

   run 27/30 on 2016 Cadillac CTS 3.6 Luxury  seed=20961446
      R 1  buy $ 34,808.66   sel     $41,500.00   [strat=friendly_rapport_builder] *
      R 2  buy $ 30,245.36   sel     $39,000.00   [strat=friendly_rapport_builder]
      R 3  buy $ 12,508.30   sel     $37,500.00   [strat=friendly_rapport_builder]
      R 4  buy $ 37,313.50   sel     $37,313.50   [strat=friendly_rapport_builder]
      R 5  buy $ 13,006.13   sel     $36,500.00   [strat=friendly_rapport_builder]
      R 6  buy $ 24,108.89   sel     $35,000.00   [strat=friendly_rapport_builder]
      R 7  buy $ 23,946.84   sel     $34,000.00   [strat=friendly_rapport_builder]
      R 8  buy $  5,304.07   sel     $33,500.00   [strat=friendly_rapport_builder]
      R 9  buy $ 27,192.79   sel     $32,500.00   [strat=patient_value_defender] *
      R10  buy $  6,908.26   sel     $31,500.00   [strat=patient_value_defender]
      R11  buy $ 27,838.20   sel     $30,500.00   [strat=patient_value_defender]
      R12  buy $  1,884.25   sel     $29,500.00   [strat=patient_value_defender]
      R13  buy $  9,301.07   sel     $28,500.00   [strat=patient_value_defender]
      R14  buy $ 17,485.32   sel     $27,500.00   [strat=patient_value_defender]
      R15  buy $ 27,203.70   sel     $27,350.00   [strat=patient_value_defender]
      R16  buy $  9,702.97   sel     $27,000.00   [strat=patient_value_defender]
   run 27 done in 5.7 min

   run 28/30 on 2016 Cadillac CTS 3.6 Luxury  seed=20961447
      R 1  buy $ 30,891.31   sel     $33,900.00   [strat=friendly_rapport_builder] *
      R 2  buy $ 18,175.89   sel     $28,000.00   [strat=friendly_rapport_builder]
      R 3  buy $ 21,023.15   sel     $24,500.00   [strat=friendly_rapport_builder]
      R 4  buy $ 21,951.22   sel     $23,500.00   [strat=friendly_rapport_builder]
      R 5  buy $    789.51   sel     $22,500.00   [strat=friendly_rapport_builder]
      R 6  buy $  4,980.43   sel     $21,500.00   [strat=friendly_rapport_builder]
      R 7  buy $    687.28   sel     $20,000.00   [strat=friendly_rapport_builder]
      R 8  buy $  9,075.73   sel     $19,500.00   [strat=friendly_rapport_builder]
      R 9  buy $  6,487.30   sel     $18,500.00   [strat=patient_value_defender] *
      R10  buy $ 12,782.25   sel     $17,500.00   [strat=patient_value_defender]
      R11  buy $  8,135.40   sel     $15,000.00   [strat=patient_value_defender]
      R12  buy $    298.24   sel     $16,000.00   [strat=patient_value_defender]
      R13  buy $ 10,801.56   sel     $16,000.00   [strat=patient_value_defender]
      R14  buy $ 13,411.33   sel     $16,000.00   [strat=patient_value_defender]
      R15  buy $ 15,525.97   sel     $16,000.00   [strat=patient_value_defender]
      R16  buy $ 10,686.93   sel     $16,000.00   [strat=patient_value_defender]
   run 28 done in 9.5 min

   run 29/30 on 2016 Cadillac CTS 3.6 Luxury  seed=20961448
      R 1  buy $    820.25   sel     $39,999.99   [strat=friendly_rapport_builder] *
      R 2  buy $ 34,770.59   sel     $36,499.99   [strat=friendly_rapport_builder]
      R 3  buy $  5,909.28   sel     $35,999.99   [strat=friendly_rapport_builder]
      R 4  buy $  1,773.82   sel     $34,999.99   [strat=friendly_rapport_builder]
      R 5  buy $ 12,731.70   sel     $33,999.99   [strat=friendly_rapport_builder]
      R 6  buy $  6,730.87   sel     $32,999.99   [strat=friendly_rapport_builder]
      R 7  buy $  5,002.07   sel     $31,999.99   [strat=friendly_rapport_builder]
      R 8  buy $    356.84   sel     $30,999.99   [strat=friendly_rapport_builder]
      R 9  buy $ 28,271.49   sel     $29,999.99   [strat=patient_value_defender] *
      R10  buy $ 29,541.96   sel     $29,541.96   [strat=patient_value_defender]
      R11  buy $  4,082.74   sel     $28,999.99   [strat=patient_value_defender]
      R12  buy $  7,605.63   sel     $27,999.99   [strat=patient_value_defender]
      R13  buy $ 17,773.25   sel     $26,999.99   [strat=patient_value_defender]
      R14  buy $  2,448.32   sel     $25,999.99   [strat=patient_value_defender]
      R15  buy $  6,315.97   sel     $24,999.99   [strat=patient_value_defender]
      R16  buy $ 13,090.43   sel     $24,499.99   [strat=patient_value_defender]
   run 29 done in 5.8 min

   run 30/30 on 2016 Cadillac CTS 3.6 Luxury  seed=20961449
      R 1  buy $  7,906.65   sel     $19,500.00   [strat=friendly_rapport_builder] *
      R 2  buy $  5,675.57   sel     $18,750.00   [strat=friendly_rapport_builder]
      R 3  buy $    109.77   sel     $18,750.00   [strat=friendly_rapport_builder]
      R 4  buy $ 14,087.24   sel     $17,500.00   [strat=friendly_rapport_builder]
      R 5  buy $ 11,012.22   sel     $16,500.00   [strat=friendly_rapport_builder]
      R 6  buy $  1,326.19   sel     $16,500.00   [strat=friendly_rapport_builder]
      R 7  buy $  6,097.74   sel     $16,000.00   [strat=friendly_rapport_builder]
      R 8  buy $  6,609.82   sel     $16,000.00   [strat=friendly_rapport_builder]
      R 9  buy $ 10,800.35   sel     $15,500.00   [strat=patient_value_defender] *
      R10  buy $  5,477.47   sel     $15,500.00   [strat=patient_value_defender]
      R11  buy $ 14,141.46   sel     $15,250.00   [strat=patient_value_defender]
      R12  buy $ 10,524.98   sel     $15,750.00   [strat=patient_value_defender]
      R13  buy $ 14,306.60   sel     $15,750.00   [strat=patient_value_defender]
      R14  buy $  3,616.75   sel     $15,750.00   [strat=patient_value_defender]
      R15  buy $ 14,104.20   sel     $15,750.00   [strat=patient_value_defender]
      R16  buy $  5,068.55   sel     $15,750.00   [strat=patient_value_defender]
   run 30 done in 6.4 min

   ---> checkpoint: car 2/5 done in 175.3 min; total so far 324.2 min; saved 60 runs to exp07_transitionA_rep2.json

--- CAR 3/5: 2019 Honda Accord Sport 1.5T  (M=$28,000.00  cost=$14,000.00  cost/M=50.00%) ---

   run 1/30 on 2019 Honda Accord Sport 1.5T  seed=20962420
      R 1  buy $ 17,723.07   sel     $20,995.00   [strat=friendly_rapport_builder] *
      R 2  buy $  2,078.24   sel     $19,995.00   [strat=friendly_rapport_builder]
      R 3  buy $ 16,920.72   sel     $18,495.00   [strat=friendly_rapport_builder]
      R 4  buy $  9,413.04   sel     $17,500.00   [strat=friendly_rapport_builder]
      R 5  buy $ 16,396.35   sel     $17,000.00   [strat=friendly_rapport_builder]
      R 6  buy $  5,333.63   sel     $16,500.00   [strat=friendly_rapport_builder]
      R 7  buy $  9,727.53   sel     $16,500.00   [strat=friendly_rapport_builder]
      R 8  buy $ 10,870.17   sel     $16,500.00   [strat=friendly_rapport_builder]
      R 9  buy $  1,960.60   sel     $16,500.00   [strat=patient_value_defender] *
      R10  buy $ 14,865.24   sel     $15,500.00   [strat=patient_value_defender]
      R11  buy $  3,472.24   sel     $15,500.00   [strat=patient_value_defender]
      R12  buy $  6,841.75   sel     $15,000.00   [strat=patient_value_defender]
      R13  buy $  5,453.86   sel     $15,000.00   [strat=patient_value_defender]
      R14  buy $  7,510.36   sel     $15,000.00   [strat=patient_value_defender]
      R15  buy $ 14,658.51   sel     $14,658.51   [strat=patient_value_defender]
      R16  buy $  5,406.46   sel     $15,000.00   [strat=patient_value_defender]
   run 1 done in 7.5 min

   run 2/30 on 2019 Honda Accord Sport 1.5T  seed=20962421
      R 1  buy $  9,459.60   sel     $26,499.00   [strat=friendly_rapport_builder] *
      R 2  buy $ 20,949.34   sel     $25,499.00   [strat=friendly_rapport_builder]
      R 3  buy $  8,342.93   sel     $24,999.00   [strat=friendly_rapport_builder]
      R 4  buy $ 14,128.32   sel     $24,500.00   [strat=friendly_rapport_builder]
      R 5  buy $  5,318.32   sel     $24,000.00   [strat=friendly_rapport_builder]
      R 6  buy $  7,991.09   sel     $23,500.00   [strat=friendly_rapport_builder]
      R 7  buy $    404.30   sel     $23,000.00   [strat=friendly_rapport_builder]
      R 8  buy $ 21,345.84   sel     $22,200.00   [strat=friendly_rapport_builder]
      R 9  buy $  9,500.30   sel     $21,500.00   [strat=patient_value_defender] *
      R10  buy $ 18,537.25   sel     $20,500.00   [strat=patient_value_defender]
      R11  buy $  9,187.19   sel     $20,000.00   [strat=patient_value_defender]
      R12  buy $  7,527.47   sel     $19,500.00   [strat=patient_value_defender]
      R13  buy $ 10,625.83   sel     $19,000.00   [strat=patient_value_defender]
      R14  buy $  4,591.75   sel     $18,500.00   [strat=patient_value_defender]
      R15  buy $ 15,841.58   sel     $17,500.00   [strat=patient_value_defender]
      R16  buy $  8,619.46   sel     $17,000.00   [strat=patient_value_defender]
   run 2 done in 6.8 min

   run 3/30 on 2019 Honda Accord Sport 1.5T  seed=20962422
      R 1  buy $ 18,488.93   sel     $25,999.99   [strat=friendly_rapport_builder] *
      R 2  buy $ 25,110.37   sel     $25,550.00   [strat=friendly_rapport_builder]
      R 3  buy $ 23,739.27   sel     $24,644.64   [strat=friendly_rapport_builder]
      R 4  buy $  7,986.83   sel     $24,000.00   [strat=friendly_rapport_builder]
      R 5  buy $ 17,072.42   sel     $23,000.00   [strat=friendly_rapport_builder]
      R 6  buy $  4,700.87   sel     $22,000.00   [strat=friendly_rapport_builder]
      R 7  buy $ 16,909.41   sel     $21,000.00   [strat=friendly_rapport_builder]
      R 8  buy $ 13,488.51   sel     $20,000.00   [strat=friendly_rapport_builder]
      R 9  buy $ 16,630.84   sel     $19,500.00   [strat=patient_value_defender] *
      R10  buy $ 14,801.63   sel     $18,500.00   [strat=patient_value_defender]
      R11  buy $  5,018.89   sel     $17,500.00   [strat=patient_value_defender]
      R12  buy $  2,336.22   sel     $17,500.00   [strat=patient_value_defender]
      R13  buy $ 11,326.88   sel     $17,000.00   [strat=patient_value_defender]
      R14  buy $  9,647.26   sel     $17,000.00   [strat=patient_value_defender]
      R15  buy $ 16,110.53   sel     $16,500.00   [strat=patient_value_defender]
      R16  buy $  1,240.02   sel     $16,500.00   [strat=patient_value_defender]
   run 3 done in 7.6 min

   run 4/30 on 2019 Honda Accord Sport 1.5T  seed=20962423
      R 1  buy $  5,163.86   sel     $25,500.00   [strat=friendly_rapport_builder] *
      R 2  buy $ 14,957.64   sel     $24,000.00   [strat=friendly_rapport_builder]
      R 3  buy $ 21,423.40   sel     $23,500.00   [strat=friendly_rapport_builder]
      R 4  buy $ 18,739.27   sel     $22,500.00   [strat=friendly_rapport_builder]
      R 5  buy $  2,078.53   sel     $22,000.00   [strat=friendly_rapport_builder]
      R 6  buy $ 17,085.68   sel     $21,500.00   [strat=friendly_rapport_builder]
      R 7  buy $ 19,722.40   sel     $21,000.00   [strat=friendly_rapport_builder]
      R 8  buy $  2,001.43   sel     $20,500.00   [strat=friendly_rapport_builder]
      R 9  buy $ 19,454.26   sel     $20,000.00   [strat=patient_value_defender] *
      R10  buy $ 12,982.91   sel     $19,500.00   [strat=patient_value_defender]
      R11  buy $  1,167.23   sel     $19,000.00   [strat=patient_value_defender]
      R12  buy $ 16,445.99   sel     $18,000.00   [strat=patient_value_defender]
      R13  buy $  7,672.35   sel     $17,500.00   [strat=patient_value_defender]
      R14  buy $ 12,049.72   sel     $17,000.00   [strat=patient_value_defender]
      R15  buy $  1,100.51   sel     $16,500.00   [strat=patient_value_defender]
      R16  buy $ 12,210.32   sel     $16,000.00   [strat=patient_value_defender]
   run 4 done in 6.2 min

   run 5/30 on 2019 Honda Accord Sport 1.5T  seed=20962424
      R 1  buy $  9,757.81   sel     $25,500.00   [strat=friendly_rapport_builder] *
      R 2  buy $ 15,796.28   sel     $24,500.00   [strat=friendly_rapport_builder]
      R 3  buy $  9,688.52   sel     $24,000.00   [strat=friendly_rapport_builder]
      R 4  buy $ 19,542.09   sel     $23,500.00   [strat=friendly_rapport_builder]
      R 5  buy $ 13,093.19   sel     $23,000.00   [strat=friendly_rapport_builder]
      R 6  buy $ 22,768.85   sel     $22,768.85   [strat=friendly_rapport_builder]
      R 7  buy $  3,373.63   sel     $22,500.00   [strat=friendly_rapport_builder]
      R 8  buy $ 17,122.57   sel     $22,000.00   [strat=friendly_rapport_builder]
      R 9  buy $ 10,141.52   sel     $21,500.00   [strat=patient_value_defender] *
      R10  buy $ 18,106.40   sel     $21,000.00   [strat=patient_value_defender]
      R11  buy $  4,183.05   sel     $20,500.00   [strat=patient_value_defender]
      R12  buy $  1,201.56   sel     $20,000.00   [strat=patient_value_defender]
      R13  buy $  9,825.07   sel     $19,500.00   [strat=patient_value_defender]
      R14  buy $ 12,289.60   sel     $19,000.00   [strat=patient_value_defender]
      R15  buy $ 16,060.85   sel     $18,500.00   [strat=patient_value_defender]
      R16  buy $  4,150.27   sel     $18,000.00   [strat=patient_value_defender]
   run 5 done in 7.1 min

   run 6/30 on 2019 Honda Accord Sport 1.5T  seed=20962425
      R 1  buy $ 23,717.77   sel     $24,500.00   [strat=friendly_rapport_builder] *
      R 2  buy $ 22,501.57   sel     $24,200.00   [strat=friendly_rapport_builder]
      R 3  buy $  8,161.02   sel     $23,900.00   [strat=friendly_rapport_builder]
      R 4  buy $ 12,812.18   sel     $23,500.00   [strat=friendly_rapport_builder]
      R 5  buy $ 11,568.60   sel     $23,000.00   [strat=friendly_rapport_builder]
      R 6  buy $  9,096.70   sel     $22,500.00   [strat=friendly_rapport_builder]
      R 7  buy $ 18,416.45   sel     $22,000.00   [strat=friendly_rapport_builder]
      R 8  buy $  5,756.32   sel     $21,500.00   [strat=friendly_rapport_builder]
      R 9  buy $  4,084.80   sel     $20,500.00   [strat=patient_value_defender] *
      R10  buy $  9,830.55   sel     $20,000.00   [strat=patient_value_defender]
      R11  buy $ 18,140.01   sel     $19,500.00   [strat=patient_value_defender]
      R12  buy $  3,233.11   sel     $19,500.00   [strat=patient_value_defender]
      R13  buy $ 12,179.81   sel     $18,500.00   [strat=patient_value_defender]
      R14  buy $ 12,525.27   sel     $18,000.00   [strat=patient_value_defender]
      R15  buy $ 15,317.29   sel     $17,500.00   [strat=patient_value_defender]
      R16  buy $  1,261.55   sel     $17,000.00   [strat=patient_value_defender]
   run 6 done in 7.1 min

   run 7/30 on 2019 Honda Accord Sport 1.5T  seed=20962426
      R 1  buy $ 22,462.10   sel     $24,500.00   [strat=friendly_rapport_builder] *
      R 2  buy $ 12,352.66   sel     $23,500.00   [strat=friendly_rapport_builder]
      R 3  buy $  7,466.61   sel     $22,000.00   [strat=friendly_rapport_builder]
      R 4  buy $ 15,599.10   sel     $21,500.00   [strat=friendly_rapport_builder]
      R 5  buy $ 15,502.33   sel     $20,000.00   [strat=friendly_rapport_builder]
      R 6  buy $ 11,940.29   sel     $19,500.00   [strat=friendly_rapport_builder]
      R 7  buy $ 18,354.90   sel     $18,900.00   [strat=friendly_rapport_builder]
      R 8  buy $    986.30   sel     $18,354.90   [strat=friendly_rapport_builder]
      R 9  buy $  8,762.30   sel     $18,500.00   [strat=patient_value_defender] *
      R10  buy $  5,409.02   sel     $18,354.90   [strat=patient_value_defender]
      R11  buy $ 11,484.25   sel     $18,000.00   [strat=patient_value_defender]
      R12  buy $ 10,203.04   sel     $18,000.00   [strat=patient_value_defender]
      R13  buy $  9,361.66   sel     $17,500.00   [strat=patient_value_defender]
      R14  buy $  1,603.65   sel     $17,500.00   [strat=patient_value_defender]
      R15  buy $  6,887.24   sel     $17,000.00   [strat=patient_value_defender]
      R16  buy $  1,927.06   sel     $16,500.00   [strat=patient_value_defender]
   run 7 done in 6.3 min

   run 8/30 on 2019 Honda Accord Sport 1.5T  seed=20962427
      R 1  buy $ 11,155.75   sel     $25,500.00   [strat=friendly_rapport_builder] *
      R 2  buy $ 15,387.06   sel     $23,500.00   [strat=friendly_rapport_builder]
      R 3  buy $ 22,791.99   sel     $23,000.00   [strat=friendly_rapport_builder]
      R 4  buy $  2,028.93   sel     $22,500.00   [strat=friendly_rapport_builder]
      R 5  buy $ 11,588.44   sel     $22,000.00   [strat=friendly_rapport_builder]
      R 6  buy $ 18,017.01   sel     $21,500.00   [strat=friendly_rapport_builder]
      R 7  buy $ 17,977.79   sel     $21,000.00   [strat=friendly_rapport_builder]
      R 8  buy $ 12,909.66   sel     $20,500.00   [strat=friendly_rapport_builder]
      R 9  buy $ 20,368.55   sel     $20,368.55   [strat=patient_value_defender] *
      R10  buy $  7,256.30   sel     $20,000.00   [strat=patient_value_defender]
      R11  buy $  9,773.28   sel     $19,500.00   [strat=patient_value_defender]
      R12  buy $ 18,794.08   sel     $19,000.00   [strat=patient_value_defender]
      R13  buy $ 12,511.97   sel     $18,500.00   [strat=patient_value_defender]
      R14  buy $ 10,548.02   sel     $18,000.00   [strat=patient_value_defender]
      R15  buy $ 16,881.23   sel     $17,500.00   [strat=patient_value_defender]
      R16  buy $  6,186.70   sel     $16,500.00   [strat=patient_value_defender]
   run 8 done in 7.1 min

   run 9/30 on 2019 Honda Accord Sport 1.5T  seed=20962428
      R 1  buy $ 13,441.97   sel     $15,000.00   [strat=friendly_rapport_builder] *
      R 2  buy $ 12,331.41   sel     $14,500.00   [strat=friendly_rapport_builder]
      R 3  buy $  4,717.38   sel     $14,500.00   [strat=friendly_rapport_builder]
      R 4  buy $ 10,445.87   sel     $14,250.00   [strat=friendly_rapport_builder]
      R 5  buy $ 12,033.00   sel     $14,100.00   [strat=friendly_rapport_builder]
      R 6  buy $  4,860.19   sel     $14,100.00   [strat=friendly_rapport_builder]
      R 7  buy $ 11,907.44   sel     $14,050.00   [strat=friendly_rapport_builder]
      R 8  buy $ 13,478.29   sel     $14,025.00   [strat=friendly_rapport_builder]
      R 9  buy $  3,336.59   sel     $14,020.00   [strat=patient_value_defender] *
      R10  buy $ 12,390.74   sel     $14,010.00   [strat=patient_value_defender]
      R11  buy $ 11,940.38   sel     $14,010.00   [strat=patient_value_defender]
      R12  buy $ 12,676.43   sel     $14,010.00   [strat=patient_value_defender]
      R13  buy $ 12,257.61   sel     $14,010.00   [strat=patient_value_defender]
      R14  buy $  1,352.66   sel     $14,010.00   [strat=patient_value_defender]
      R15  buy $  4,702.42   sel     $14,010.00   [strat=patient_value_defender]
      R16  buy $    495.70   sel     $14,009.00   [strat=patient_value_defender]
   run 9 done in 9.7 min

   run 10/30 on 2019 Honda Accord Sport 1.5T  seed=20962429
      R 1  buy $ 23,232.29   sel     $25,495.00   [strat=friendly_rapport_builder] *
      R 2  buy $ 18,287.16   sel     $24,995.00   [strat=friendly_rapport_builder]
      R 3  buy $ 10,292.14   sel     $24,500.00   [strat=friendly_rapport_builder]
      R 4  buy $ 16,520.49   sel     $24,250.00   [strat=friendly_rapport_builder]
      R 5  buy $  2,006.61   sel     $24,000.00   [strat=friendly_rapport_builder]
      R 6  buy $  4,811.15   sel     $23,900.00   [strat=friendly_rapport_builder]
      R 7  buy $ 16,853.00   sel     $23,800.00   [strat=friendly_rapport_builder]
      R 8  buy $ 10,172.83   sel     $23,500.00   [strat=friendly_rapport_builder]
      R 9  buy $  7,287.92   sel     $23,300.00   [strat=patient_value_defender] *
      R10  buy $ 18,259.98   sel     $23,000.00   [strat=patient_value_defender]
      R11  buy $ 20,665.84   sel     $22,500.00   [strat=patient_value_defender]
      R12  buy $ 21,649.65   sel     $22,200.00   [strat=patient_value_defender]
      R13  buy $  4,457.82   sel     $22,100.00   [strat=patient_value_defender]
      R14  buy $  9,104.22   sel     $22,000.00   [strat=patient_value_defender]
      R15  buy $    928.58   sel     $22,000.00   [strat=patient_value_defender]
      R16  buy $ 19,867.53   sel     $21,500.00   [strat=patient_value_defender]
   run 10 done in 6.9 min

   run 11/30 on 2019 Honda Accord Sport 1.5T  seed=20962430
      R 1  buy $  9,781.23   sel     $24,999.00   [strat=friendly_rapport_builder] *
      R 2  buy $ 17,617.58   sel     $22,500.00   [strat=friendly_rapport_builder]
      R 3  buy $  3,965.23   sel     $20,000.00   [strat=friendly_rapport_builder]
      R 4  buy $  5,660.88   sel     $19,000.00   [strat=friendly_rapport_builder]
      R 5  buy $ 13,692.68   sel     $18,000.00   [strat=friendly_rapport_builder]
      R 6  buy $  3,814.21   sel     $17,500.00   [strat=friendly_rapport_builder]
      R 7  buy $  3,559.45   sel     $16,500.00   [strat=friendly_rapport_builder]
      R 8  buy $    609.50   sel     $16,000.00   [strat=friendly_rapport_builder]
      R 9  buy $ 13,096.51   sel     $15,500.00   [strat=patient_value_defender] *
      R10  buy $  9,324.40   sel     $15,000.00   [strat=patient_value_defender]
      R11  buy $ 13,961.59   sel     $14,500.00   [strat=patient_value_defender]
      R12  buy $ 11,298.96   sel     $14,400.00   [strat=patient_value_defender]
      R13  buy $ 10,164.66   sel     $14,200.00   [strat=patient_value_defender]
      R14  buy $  2,887.19   sel     $14,200.00   [strat=patient_value_defender]
      R15  buy $  4,715.02   sel     $14,200.00   [strat=patient_value_defender]
      R16  buy $ 12,437.53   sel     $14,100.00   [strat=patient_value_defender]
   run 11 done in 7.9 min

   run 12/30 on 2019 Honda Accord Sport 1.5T  seed=20962431
      R 1  buy $  2,042.12   sel     $24,995.00   [strat=friendly_rapport_builder] *
      R 2  buy $  4,834.29   sel     $23,500.00   [strat=friendly_rapport_builder]
      R 3  buy $  8,941.24   sel     $22,000.00   [strat=friendly_rapport_builder]
      R 4  buy $  9,657.43   sel     $21,000.00   [strat=friendly_rapport_builder]
      R 5  buy $ 14,450.84   sel     $20,000.00   [strat=friendly_rapport_builder]
      R 6  buy $ 11,596.93   sel     $19,500.00   [strat=friendly_rapport_builder]
      R 7  buy $ 10,596.79   sel     $18,900.00   [strat=friendly_rapport_builder]
      R 8  buy $  7,984.31   sel     $17,500.00   [strat=friendly_rapport_builder]
      R 9  buy $  2,670.19   sel     $16,500.00   [strat=patient_value_defender] *
      R10  buy $  6,800.25   sel     $15,999.00   [strat=patient_value_defender]
      R11  buy $ 11,459.21   sel     $15,500.00   [strat=patient_value_defender]
      R12  buy $  2,975.50   sel     $15,250.00   [strat=patient_value_defender]
      R13  buy $  9,336.20   sel     $14,995.00   [strat=patient_value_defender]
      R14  buy $ 11,327.88   sel     $14,900.00   [strat=patient_value_defender]
      R15  buy $  8,965.12   sel     $14,800.00   [strat=patient_value_defender]
      R16  buy $  2,178.81   sel     $14,700.00   [strat=patient_value_defender]
   run 12 done in 7.9 min

   run 13/30 on 2019 Honda Accord Sport 1.5T  seed=20962432
      R 1  buy $ 19,344.75   sel     $24,500.00   [strat=friendly_rapport_builder] *
      R 2  buy $ 17,010.26   sel     $22,500.00   [strat=friendly_rapport_builder]
      R 3  buy $    113.31   sel     $22,500.00   [strat=friendly_rapport_builder]
      R 4  buy $ 19,260.98   sel     $20,880.49   [strat=friendly_rapport_builder]
      R 5  buy $ 18,941.86   sel     $20,500.00   [strat=friendly_rapport_builder]
      R 6  buy $ 13,190.62   sel     $19,900.00   [strat=friendly_rapport_builder]
      R 7  buy $ 15,600.68   sel     $19,500.00   [strat=friendly_rapport_builder]
      R 8  buy $ 10,893.23   sel     $19,500.00   [strat=friendly_rapport_builder]
      R 9  buy $  3,402.81   sel     $19,500.00   [strat=patient_value_defender] *
      R10  buy $ 12,176.65   sel     $19,250.00   [strat=patient_value_defender]
      R11  buy $ 11,914.27   sel     $19,000.00   [strat=patient_value_defender]
      R12  buy $  2,433.37   sel     $18,900.00   [strat=patient_value_defender]
      R13  buy $  4,687.63   sel     $18,900.00   [strat=patient_value_defender]
      R14  buy $    781.45   sel     $18,900.00   [strat=patient_value_defender]
      R15  buy $ 14,067.53   sel     $17,500.00   [strat=patient_value_defender]
      R16  buy $ 17,024.32   sel     $17,024.32   [strat=patient_value_defender]
   run 13 done in 6.2 min

   run 14/30 on 2019 Honda Accord Sport 1.5T  seed=20962433
      R 1  buy $ 13,314.52   sel     $15,995.00   [strat=friendly_rapport_builder] *
      R 2  buy $  9,569.13   sel     $14,995.00   [strat=friendly_rapport_builder]
      R 3  buy $ 14,895.11   sel     $14,895.11   [strat=friendly_rapport_builder]
      R 4  buy $  5,393.47   sel     $14,495.00   [strat=friendly_rapport_builder]
      R 5  buy $  2,409.07   sel     $14,495.00   [strat=friendly_rapport_builder]
      R 6  buy $  1,782.75   sel     $14,250.00   [strat=friendly_rapport_builder]
      R 7  buy $  1,605.14   sel     $14,200.00   [strat=friendly_rapport_builder]
      R 8  buy $  4,432.51   sel     $14,000.00   [strat=friendly_rapport_builder]
      R 9  buy $  8,689.27   sel     $14,000.00   [strat=patient_value_defender] *
      R10  buy $ 12,853.59   sel     $14,000.00   [strat=patient_value_defender]
      R11  buy $    707.81   sel     $14,000.00   [strat=patient_value_defender]
      R12  buy $  6,708.21   sel     $14,000.00   [strat=patient_value_defender]
      R13  buy $  1,692.73   sel     $14,000.00   [strat=patient_value_defender]
      R14  buy $  3,121.38   sel     $14,000.00   [strat=patient_value_defender]
      R15  buy $  6,789.23   sel     $14,000.00   [strat=patient_value_defender]
      R16  buy $  8,934.07   sel     $14,000.00   [strat=patient_value_defender]
   run 14 done in 7.4 min

   run 15/30 on 2019 Honda Accord Sport 1.5T  seed=20962434
      R 1  buy $ 15,925.84   sel     $17,500.00   [strat=friendly_rapport_builder] *
      R 2  buy $  8,960.35   sel     $17,000.00   [strat=friendly_rapport_builder]
      R 3  buy $ 15,709.90   sel     $16,500.00   [strat=friendly_rapport_builder]
      R 4  buy $ 12,044.27   sel     $16,000.00   [strat=friendly_rapport_builder]
      R 5  buy $  4,181.38   sel     $15,500.00   [strat=friendly_rapport_builder]
      R 6  buy $ 13,230.51   sel     $15,000.00   [strat=friendly_rapport_builder]
      R 7  buy $  6,584.86   sel     $14,500.00   [strat=friendly_rapport_builder]
      R 8  buy $ 11,305.43   sel     $14,500.00   [strat=friendly_rapport_builder]
      R 9  buy $    312.73   sel     $14,500.00   [strat=patient_value_defender] *
      R10  buy $ 11,660.00   sel     $14,500.00   [strat=patient_value_defender]
      R11  buy $  7,130.77   sel     $14,500.00   [strat=patient_value_defender]
      R12  buy $ 12,235.92   sel     $14,250.00   [strat=patient_value_defender]
      R13  buy $  2,465.68   sel     $14,250.00   [strat=patient_value_defender]
      R14  buy $ 12,503.31   sel     $14,200.00   [strat=patient_value_defender]
      R15  buy $    237.78   sel     $14,200.00   [strat=patient_value_defender]
      R16  buy $ 12,987.33   sel     $14,200.00   [strat=patient_value_defender]
   run 15 done in 9.3 min

   run 16/30 on 2019 Honda Accord Sport 1.5T  seed=20962435
      R 1  buy $ 20,020.56   sel     $24,495.00   [strat=friendly_rapport_builder] *
      R 2  buy $  3,369.65   sel     $22,000.00   [strat=friendly_rapport_builder]
      R 3  buy $  6,655.40   sel     $21,500.00   [strat=friendly_rapport_builder]
      R 4  buy $ 18,549.95   sel     $20,000.00   [strat=friendly_rapport_builder]
      R 5  buy $  3,499.99   sel     $19,000.00   [strat=friendly_rapport_builder]
      R 6  buy $  8,349.42   sel     $18,500.00   [strat=friendly_rapport_builder]
      R 7  buy $ 13,414.77   sel     $17,500.00   [strat=friendly_rapport_builder]
      R 8  buy $ 10,548.33   sel     $16,500.00   [strat=friendly_rapport_builder]
      R 9  buy $    897.07   sel     $15,500.00   [strat=patient_value_defender] *
      R10  buy $  7,793.00   sel     $15,500.00   [strat=patient_value_defender]
      R11  buy $ 15,349.50   sel     $15,349.50   [strat=patient_value_defender]
      R12  buy $  1,695.06   sel     $15,500.00   [strat=patient_value_defender]
      R13  buy $ 11,811.06   sel     $15,500.00   [strat=patient_value_defender]
      R14  buy $  1,641.34   sel     $15,500.00   [strat=patient_value_defender]
      R15  buy $  3,401.04   sel     $15,250.00   [strat=patient_value_defender]
      R16  buy $ 14,592.71   sel     $15,000.00   [strat=patient_value_defender]
   run 16 done in 7.8 min

   run 17/30 on 2019 Honda Accord Sport 1.5T  seed=20962436
      R 1  buy $ 20,002.63   sel     $24,995.00   [strat=friendly_rapport_builder] *
      R 2  buy $  4,949.47   sel     $23,500.00   [strat=friendly_rapport_builder]
      R 3  buy $  1,730.77   sel     $22,500.00   [strat=friendly_rapport_builder]
      R 4  buy $ 21,527.95   sel     $21,900.00   [strat=friendly_rapport_builder]
      R 5  buy $ 17,337.71   sel     $20,750.00   [strat=friendly_rapport_builder]
      R 6  buy $  9,967.39   sel     $20,250.00   [strat=friendly_rapport_builder]
      R 7  buy $ 16,771.23   sel     $19,500.00   [strat=friendly_rapport_builder]
      R 8  buy $ 13,358.45   sel     $18,900.00   [strat=friendly_rapport_builder]
      R 9  buy $  2,912.63   sel     $18,500.00   [strat=patient_value_defender] *
      R10  buy $  2,587.60   sel     $18,000.00   [strat=patient_value_defender]
      R11  buy $ 11,743.11   sel     $17,500.00   [strat=patient_value_defender]
      R12  buy $ 13,276.33   sel     $16,000.00   [strat=patient_value_defender]
      R13  buy $  9,073.21   sel     $15,500.00   [strat=patient_value_defender]
      R14  buy $  4,684.73   sel     $15,000.00   [strat=patient_value_defender]
      R15  buy $ 12,211.12   sel     $14,500.00   [strat=patient_value_defender]
      R16  buy $  9,823.07   sel     $14,400.00   [strat=patient_value_defender]
   run 17 done in 8.0 min

   run 18/30 on 2019 Honda Accord Sport 1.5T  seed=20962437
      R 1  buy $ 26,587.61   sel     $27,300.00   [strat=friendly_rapport_builder] *
      R 2  buy $ 16,425.88   sel     $26,500.00   [strat=friendly_rapport_builder]
      R 3  buy $ 17,679.29   sel     $25,000.00   [strat=friendly_rapport_builder]
      R 4  buy $ 15,386.88   sel     $24,500.00   [strat=friendly_rapport_builder]
      R 5  buy $ 19,732.04   sel     $23,500.00   [strat=friendly_rapport_builder]
      R 6  buy $ 21,640.21   sel     $22,500.00   [strat=friendly_rapport_builder]
      R 7  buy $ 18,461.85   sel     $21,000.00   [strat=friendly_rapport_builder]
      R 8  buy $  5,031.66   sel     $20,500.00   [strat=friendly_rapport_builder]
      R 9  buy $ 16,737.38   sel     $20,000.00   [strat=patient_value_defender] *
      R10  buy $ 12,307.01   sel     $19,500.00   [strat=patient_value_defender]
      R11  buy $  5,927.16   sel     $19,000.00   [strat=patient_value_defender]
      R12  buy $ 10,705.60   sel     $19,000.00   [strat=patient_value_defender]
      R13  buy $  3,074.95   sel     $19,000.00   [strat=patient_value_defender]
      R14  buy $  9,751.03   sel     $18,000.00   [strat=patient_value_defender]
      R15  buy $ 10,824.13   sel     $18,000.00   [strat=patient_value_defender]
      R16  buy $  2,931.92   sel     $18,000.00   [strat=patient_value_defender]
   run 18 done in 8.2 min

   run 19/30 on 2019 Honda Accord Sport 1.5T  seed=20962438
      R 1  buy $  9,761.57   sel     $25,500.00   [strat=friendly_rapport_builder] *
      R 2  buy $ 14,076.02   sel     $24,000.00   [strat=friendly_rapport_builder]
      R 3  buy $  3,049.36   sel     $23,500.00   [strat=friendly_rapport_builder]
      R 4  buy $  4,201.24   sel     $22,000.00   [strat=friendly_rapport_builder]
      R 5  buy $ 18,612.21   sel     $21,500.00   [strat=friendly_rapport_builder]
      R 6  buy $  2,174.46   sel     $21,000.00   [strat=friendly_rapport_builder]
      R 7  buy $  4,044.17   sel     $20,500.00   [strat=friendly_rapport_builder]
      R 8  buy $ 14,156.29   sel     $19,000.00   [strat=friendly_rapport_builder]
      R 9  buy $ 11,507.25   sel     $18,500.00   [strat=patient_value_defender] *
      R10  buy $  1,661.24   sel     $18,000.00   [strat=patient_value_defender]
      R11  buy $  5,436.12   sel     $17,500.00   [strat=patient_value_defender]
      R12  buy $  2,669.38   sel     $17,000.00   [strat=patient_value_defender]
      R13  buy $ 11,344.02   sel     $16,500.00   [strat=patient_value_defender]
      R14  buy $ 15,492.74   sel     $16,000.00   [strat=patient_value_defender]
      R15  buy $    128.76   sel     $16,000.00   [strat=patient_value_defender]
      R16  buy $  2,316.62   sel     $15,500.00   [strat=patient_value_defender]
   run 19 done in 8.5 min

   run 20/30 on 2019 Honda Accord Sport 1.5T  seed=20962439
      R 1  buy $ 13,169.12   sel     $19,995.00   [strat=friendly_rapport_builder] *
      R 2  buy $ 16,669.25   sel     $18,500.00   [strat=friendly_rapport_builder]
      R 3  buy $ 10,576.13   sel     $17,900.00   [strat=friendly_rapport_builder]
      R 4  buy $ 10,629.03   sel     $17,000.00   [strat=friendly_rapport_builder]
      R 5  buy $  7,812.15   sel     $16,500.00   [strat=friendly_rapport_builder]
      R 6  buy $ 13,944.32   sel     $16,000.00   [strat=friendly_rapport_builder]
      R 7  buy $  6,814.83   sel     $15,500.00   [strat=friendly_rapport_builder]
      R 8  buy $    810.65   sel     $15,500.00   [strat=friendly_rapport_builder]
      R 9  buy $  8,779.23   sel     $15,500.00   [strat=patient_value_defender] *
      R10  buy $  8,914.89   sel     $15,500.00   [strat=patient_value_defender]
      R11  buy $  9,693.03   sel     $14,500.00   [strat=patient_value_defender]
      R12  buy $ 13,732.28   sel     $14,250.00   [strat=patient_value_defender]
      R13  buy $  6,353.84   sel     $14,250.00   [strat=patient_value_defender]
      R14  buy $  6,533.70   sel     $14,000.00   [strat=patient_value_defender]
      R15  buy $    510.21   sel     $14,000.00   [strat=patient_value_defender]
      R16  buy $ 11,687.51   sel     $13,500.00   [strat=patient_value_defender]
   run 20 done in 8.8 min

   run 21/30 on 2019 Honda Accord Sport 1.5T  seed=20962440
      R 1  buy $ 27,579.11   sel     $27,799.11   [strat=friendly_rapport_builder] *
      R 2  buy $ 23,441.29   sel     $26,500.00   [strat=friendly_rapport_builder]
      R 3  buy $  7,576.51   sel     $25,000.00   [strat=friendly_rapport_builder]
      R 4  buy $ 15,028.60   sel     $24,500.00   [strat=friendly_rapport_builder]
      R 5  buy $ 14,654.31   sel     $23,500.00   [strat=friendly_rapport_builder]
      R 6  buy $ 21,231.11   sel     $22,800.00   [strat=friendly_rapport_builder]
      R 7  buy $  6,697.70   sel     $22,500.00   [strat=friendly_rapport_builder]
      R 8  buy $ 13,182.37   sel     $21,999.00   [strat=friendly_rapport_builder]
      R 9  buy $ 11,461.97   sel     $21,500.00   [strat=patient_value_defender] *
      R10  buy $    765.36   sel     $21,500.00   [strat=patient_value_defender]
      R11  buy $ 19,545.87   sel     $20,999.00   [strat=patient_value_defender]
      R12  buy $     37.03   sel     $20,500.00   [strat=patient_value_defender]
      R13  buy $  9,102.31   sel     $20,000.00   [strat=patient_value_defender]
      R14  buy $  7,404.05   sel     $19,500.00   [strat=patient_value_defender]
      R15  buy $ 15,739.20   sel     $19,000.00   [strat=patient_value_defender]
      R16  buy $ 17,069.71   sel     $18,500.00   [strat=patient_value_defender]
   run 21 done in 5.6 min

   run 22/30 on 2019 Honda Accord Sport 1.5T  seed=20962441
      R 1  buy $  6,793.04   sel     $19,999.00   [strat=friendly_rapport_builder] *
      R 2  buy $  6,062.74   sel     $19,500.00   [strat=friendly_rapport_builder]
      R 3  buy $ 18,394.67   sel     $19,250.00   [strat=friendly_rapport_builder]
      R 4  buy $  1,389.56   sel     $19,000.00   [strat=friendly_rapport_builder]
      R 5  buy $ 11,321.14   sel     $18,750.00   [strat=friendly_rapport_builder]
      R 6  buy $ 18,403.36   sel     $18,500.00   [strat=friendly_rapport_builder]
      R 7  buy $ 18,014.71   sel     $18,300.00   [strat=friendly_rapport_builder]
      R 8  buy $  2,360.42   sel     $18,000.00   [strat=friendly_rapport_builder]
      R 9  buy $  8,585.00   sel     $17,750.00   [strat=patient_value_defender] *
      R10  buy $  8,311.31   sel     $17,500.00   [strat=patient_value_defender]
      R11  buy $  2,766.54   sel     $17,250.00   [strat=patient_value_defender]
      R12  buy $  4,465.88   sel     $17,000.00   [strat=patient_value_defender]
      R13  buy $  4,023.99   sel     $16,500.00   [strat=patient_value_defender]
      R14  buy $  3,593.64   sel     $16,250.00   [strat=patient_value_defender]
      R15  buy $  3,511.21   sel     $16,000.00   [strat=patient_value_defender]
      R16  buy $ 13,044.50   sel     $15,750.00   [strat=patient_value_defender]
   run 22 done in 7.9 min

   run 23/30 on 2019 Honda Accord Sport 1.5T  seed=20962442
      R 1  buy $  1,142.32   sel     $26,500.00   [strat=friendly_rapport_builder] *
      R 2  buy $ 21,700.24   sel     $24,500.00   [strat=friendly_rapport_builder]
      R 3  buy $  8,893.59   sel     $24,000.00   [strat=friendly_rapport_builder]
      R 4  buy $ 20,172.37   sel     $22,500.00   [strat=friendly_rapport_builder]
      R 5  buy $    429.61   sel     $21,500.00   [strat=friendly_rapport_builder]
      R 6  buy $ 19,679.45   sel     $20,500.00   [strat=friendly_rapport_builder]
      R 7  buy $ 20,355.17   sel     $20,355.17   [strat=friendly_rapport_builder]
      R 8  buy $ 17,524.02   sel     $20,000.00   [strat=friendly_rapport_builder]
      R 9  buy $  1,958.78   sel     $19,900.00   [strat=patient_value_defender] *
      R10  buy $ 10,466.30   sel     $19,800.00   [strat=patient_value_defender]
      R11  buy $  1,421.93   sel     $19,800.00   [strat=patient_value_defender]
      R12  buy $  6,510.48   sel     $19,800.00   [strat=patient_value_defender]
      R13  buy $  8,655.33   sel     $19,800.00   [strat=patient_value_defender]
      R14  buy $  7,777.97   sel     $19,800.00   [strat=patient_value_defender]
      R15  buy $  9,049.04   sel     $19,800.00   [strat=patient_value_defender]
      R16  buy $ 13,577.49   sel     $19,500.00   [strat=patient_value_defender]
   run 23 done in 8.0 min

   run 24/30 on 2019 Honda Accord Sport 1.5T  seed=20962443
      R 1  buy $ 24,810.14   sel     $27,895.00   [strat=friendly_rapport_builder] *
      R 2  buy $ 19,685.45   sel     $27,299.00   [strat=friendly_rapport_builder]
      R 3  buy $ 19,360.35   sel     $27,000.00   [strat=friendly_rapport_builder]
      R 4  buy $ 15,924.74   sel     $27,000.00   [strat=friendly_rapport_builder]
      R 5  buy $ 23,326.62   sel     $26,500.00   [strat=friendly_rapport_builder]
      R 6  buy $ 15,957.81   sel     $26,000.00   [strat=friendly_rapport_builder]
      R 7  buy $ 24,920.61   sel     $25,500.00   [strat=friendly_rapport_builder]
      R 8  buy $  9,412.02   sel     $25,250.00   [strat=friendly_rapport_builder]
      R 9  buy $ 22,172.00   sel     $25,000.00   [strat=patient_value_defender] *
      R10  buy $ 24,501.60   sel     $24,750.00   [strat=patient_value_defender]
      R11  buy $  9,882.35   sel     $24,750.00   [strat=patient_value_defender]
      R12  buy $  7,835.99   sel     $24,500.00   [strat=patient_value_defender]
      R13  buy $    993.65   sel     $24,450.00   [strat=patient_value_defender]
      R14  buy $ 18,689.82   sel     $24,000.00   [strat=patient_value_defender]
      R15  buy $  6,259.97   sel     $23,750.00   [strat=patient_value_defender]
      R16  buy $ 13,458.28   sel     $23,500.00   [strat=patient_value_defender]
   run 24 done in 6.9 min

   run 25/30 on 2019 Honda Accord Sport 1.5T  seed=20962444
      R 1  buy $ 20,478.05   sel     $23,500.00   [strat=friendly_rapport_builder] *
      R 2  buy $ 16,243.43   sel     $22,800.00   [strat=friendly_rapport_builder]
      R 3  buy $ 12,278.96   sel     $21,500.00   [strat=friendly_rapport_builder]
      R 4  buy $  3,626.57   sel     $20,000.00   [strat=friendly_rapport_builder]
      R 5  buy $ 15,163.00   sel     $19,500.00   [strat=friendly_rapport_builder]
      R 6  buy $  7,296.07   sel     $19,000.00   [strat=friendly_rapport_builder]
      R 7  buy $ 11,973.52   sel     $18,500.00   [strat=friendly_rapport_builder]
      R 8  buy $ 10,290.87   sel     $17,500.00   [strat=friendly_rapport_builder]
      R 9  buy $    467.68   sel     $16,500.00   [strat=patient_value_defender] *
      R10  buy $  6,796.66   sel     $16,000.00   [strat=patient_value_defender]
      R11  buy $  4,987.66   sel     $15,500.00   [strat=patient_value_defender]
      R12  buy $  5,702.15   sel     $15,500.00   [strat=patient_value_defender]
      R13  buy $  7,990.57   sel     $15,500.00   [strat=patient_value_defender]
      R14  buy $  5,556.61   sel     $15,500.00   [strat=patient_value_defender]
      R15  buy $  6,266.73   sel     $15,500.00   [strat=patient_value_defender]
      R16  buy $  5,968.56   sel     $15,250.00   [strat=patient_value_defender]
   run 25 done in 8.8 min

   run 26/30 on 2019 Honda Accord Sport 1.5T  seed=20962445
      R 1  buy $ 15,225.60   sel     $17,500.00   [strat=friendly_rapport_builder] *
      R 2  buy $  2,254.81   sel     $17,000.00   [strat=friendly_rapport_builder]
      R 3  buy $  1,321.55   sel     $16,500.00   [strat=friendly_rapport_builder]
      R 4  buy $  8,643.47   sel     $16,000.00   [strat=friendly_rapport_builder]
      R 5  buy $  2,976.65   sel     $15,500.00   [strat=friendly_rapport_builder]
      R 6  buy $  2,699.34   sel     $15,250.00   [strat=friendly_rapport_builder]
      R 7  buy $    655.55   sel     $15,200.00   [strat=friendly_rapport_builder]
      R 8  buy $  4,743.76   sel     $15,100.00   [strat=friendly_rapport_builder]
      R 9  buy $  1,902.87   sel     $15,000.00   [strat=patient_value_defender] *
      R10  buy $  5,710.73   sel     $15,000.00   [strat=patient_value_defender]
      R11  buy $  6,073.07   sel     $15,000.00   [strat=patient_value_defender]
      R12  buy $  9,493.95   sel     $15,000.00   [strat=patient_value_defender]
      R13  buy $  3,303.87   sel     $15,000.00   [strat=patient_value_defender]
      R14  buy $ 13,371.68   sel     $14,800.00   [strat=patient_value_defender]
      R15  buy $    743.62   sel     $14,800.00   [strat=patient_value_defender]
      R16  buy $ 10,855.56   sel     $14,800.00   [strat=patient_value_defender]
   run 26 done in 8.8 min

   run 27/30 on 2019 Honda Accord Sport 1.5T  seed=20962446
      R 1  buy $ 20,653.74   sel     $24,999.00   [strat=friendly_rapport_builder] *
      R 2  buy $ 15,598.98   sel     $24,500.00   [strat=friendly_rapport_builder]
      R 3  buy $ 14,076.78   sel     $24,000.00   [strat=friendly_rapport_builder]
      R 4  buy $  8,586.75   sel     $23,500.00   [strat=friendly_rapport_builder]
      R 5  buy $  9,352.24   sel     $23,000.00   [strat=friendly_rapport_builder]
      R 6  buy $  2,655.30   sel     $23,000.00   [strat=friendly_rapport_builder]
      R 7  buy $ 15,372.32   sel     $15,372.32   [strat=friendly_rapport_builder]
      R 8  buy $  6,557.81   sel     $15,372.32   [strat=friendly_rapport_builder]
      R 9  buy $  5,199.78   sel     $22,000.00   [strat=patient_value_defender] *
      R10  buy $ 11,575.46   sel     $21,500.00   [strat=patient_value_defender]
      R11  buy $ 11,517.89   sel     $21,000.00   [strat=patient_value_defender]
      R12  buy $    220.98   sel     $20,500.00   [strat=patient_value_defender]
      R13  buy $  6,104.31   sel     $20,000.00   [strat=patient_value_defender]
      R14  buy $  2,319.75   sel     $19,500.00   [strat=patient_value_defender]
      R15  buy $ 10,279.63   sel     $18,000.00   [strat=patient_value_defender]
      R16  buy $  4,828.98   sel     $17,000.00   [strat=patient_value_defender]
   run 27 done in 8.6 min

   run 28/30 on 2019 Honda Accord Sport 1.5T  seed=20962447
      R 1  buy $ 18,783.14   sel     $25,500.00   [strat=friendly_rapport_builder] *
      R 2  buy $ 23,056.08   sel     $24,499.00   [strat=friendly_rapport_builder]
      R 3  buy $ 11,047.35   sel     $23,999.00   [strat=friendly_rapport_builder]
      R 4  buy $  2,891.81   sel     $22,500.00   [strat=friendly_rapport_builder]
      R 5  buy $ 21,376.44   sel     $21,950.00   [strat=friendly_rapport_builder]
      R 6  buy $ 12,073.68   sel     $21,500.00   [strat=friendly_rapport_builder]
      R 7  buy $ 12,710.50   sel     $21,000.00   [strat=friendly_rapport_builder]
      R 8  buy $  4,887.02   sel     $20,500.00   [strat=friendly_rapport_builder]
      R 9  buy $ 15,676.85   sel     $19,999.00   [strat=patient_value_defender] *
      R10  buy $  1,358.10   sel     $19,500.00   [strat=patient_value_defender]
      R11  buy $  9,042.19   sel     $19,250.00   [strat=patient_value_defender]
      R12  buy $ 15,577.93   sel     $18,000.00   [strat=patient_value_defender]
      R13  buy $  4,703.58   sel     $17,500.00   [strat=patient_value_defender]
      R14  buy $ 16,027.77   sel     $17,250.00   [strat=patient_value_defender]
      R15  buy $  6,276.77   sel     $17,000.00   [strat=patient_value_defender]
      R16  buy $  7,337.00   sel     $16,800.00   [strat=patient_value_defender]
   run 28 done in 7.5 min

   run 29/30 on 2019 Honda Accord Sport 1.5T  seed=20962448
      R 1  buy $ 13,123.38   sel     $15,500.00   [strat=friendly_rapport_builder] *
      R 2  buy $    236.20   sel     $14,800.00   [strat=friendly_rapport_builder]
      R 3  buy $    574.42   sel     $14,600.00   [strat=friendly_rapport_builder]
      R 4  buy $  9,444.63   sel     $14,300.00   [strat=friendly_rapport_builder]
      R 5  buy $ 12,044.08   sel     $14,200.00   [strat=friendly_rapport_builder]
      R 6  buy $  9,044.39   sel     $14,100.00   [strat=friendly_rapport_builder]
      R 7  buy $  9,911.32   sel     $14,050.00   [strat=friendly_rapport_builder]
      R 8  buy $  1,513.87   sel     $14,040.00   [strat=friendly_rapport_builder]
      R 9  buy $  7,473.65   sel     $14,030.00   [strat=patient_value_defender] *
      R10  buy $ 12,523.64   sel     $14,020.00   [strat=patient_value_defender]
      R11  buy $  2,695.60   sel     $14,010.00   [strat=patient_value_defender]
      R12  buy $ 13,856.39   sel     $14,000.00   [strat=patient_value_defender]
      R13  buy $  3,488.94   sel     $14,005.00   [strat=patient_value_defender]
      R14  buy $ 12,038.21   sel     $13,900.00   [strat=patient_value_defender]
      R15  buy $ 13,466.49   sel     $14,005.00   [strat=patient_value_defender]
      R16  buy $     68.73   sel     $14,005.00   [strat=patient_value_defender]
   run 29 done in 12.6 min

   run 30/30 on 2019 Honda Accord Sport 1.5T  seed=20962449
      R 1  buy $ 27,922.68   sel     $28,250.00   [strat=friendly_rapport_builder] *
      R 2  buy $  4,133.09   sel     $27,500.00   [strat=friendly_rapport_builder]
      R 3  buy $ 18,646.59   sel     $26,000.00   [strat=friendly_rapport_builder]
      R 4  buy $  3,379.89   sel     $25,000.00   [strat=friendly_rapport_builder]
      R 5  buy $  9,789.45   sel     $23,500.00   [strat=friendly_rapport_builder]
      R 6  buy $ 22,459.13   sel     $22,900.00   [strat=friendly_rapport_builder]
      R 7  buy $  3,186.13   sel     $22,679.00   [strat=friendly_rapport_builder]
      R 8  buy $ 15,551.80   sel     $22,000.00   [strat=friendly_rapport_builder]
      R 9  buy $ 10,042.34   sel     $21,500.00   [strat=patient_value_defender] *
      R10  buy $ 16,035.53   sel     $20,000.00   [strat=patient_value_defender]
      R11  buy $  2,039.04   sel     $19,000.00   [strat=patient_value_defender]
      R12  buy $  5,375.68   sel     $18,500.00   [strat=patient_value_defender]
      R13  buy $ 12,802.60   sel     $18,000.00   [strat=patient_value_defender]
      R14  buy $  2,623.41   sel     $17,500.00   [strat=patient_value_defender]
      R15  buy $ 17,158.02   sel     $17,329.00   [strat=patient_value_defender]
      R16  buy $ 14,863.65   sel     $16,000.00   [strat=patient_value_defender]
   run 30 done in 8.6 min

   ---> checkpoint: car 3/5 done in 235.9 min; total so far 560.0 min; saved 90 runs to exp07_transitionA_rep2.json

--- CAR 4/5: 2022 Toyota RAV4 XLE AWD  (M=$32,000.00  cost=$20,800.00  cost/M=65.00%) ---

   run 1/30 on 2022 Toyota RAV4 XLE AWD  seed=20963420
      R 1  buy $ 15,488.92   sel     $29,995.00   [strat=friendly_rapport_builder] *
      R 2  buy $ 20,342.63   sel     $28,500.00   [strat=friendly_rapport_builder]
      R 3  buy $ 26,025.83   sel     $27,500.00   [strat=friendly_rapport_builder]
      R 4  buy $ 16,405.20   sel     $27,500.00   [strat=friendly_rapport_builder]
      R 5  buy $ 24,813.88   sel     $26,500.00   [strat=friendly_rapport_builder]
      R 6  buy $ 16,446.62   sel     $26,000.00   [strat=friendly_rapport_builder]
      R 7  buy $  3,596.55   sel     $25,500.00   [strat=friendly_rapport_builder]
      R 8  buy $ 17,922.56   sel     $24,000.00   [strat=friendly_rapport_builder]
      R 9  buy $ 10,318.12   sel     $23,500.00   [strat=patient_value_defender] *
      R10  buy $  7,466.88   sel     $22,900.00   [strat=patient_value_defender]
      R11  buy $  7,596.94   sel     $22,500.00   [strat=patient_value_defender]
      R12  buy $  2,332.15   sel     $22,000.00   [strat=patient_value_defender]
      R13  buy $ 18,289.70   sel     $21,500.00   [strat=patient_value_defender]
      R14  buy $  5,669.34   sel     $21,000.00   [strat=patient_value_defender]
      R15  buy $  5,621.20   sel     $20,500.00   [strat=patient_value_defender]
      R16  buy $ 12,571.78   sel     $20,900.00   [strat=patient_value_defender]
   run 1 done in 9.3 min

   run 2/30 on 2022 Toyota RAV4 XLE AWD  seed=20963421
      R 1  buy $ 10,179.50   sel     $30,500.00   [strat=friendly_rapport_builder] *
      R 2  buy $ 13,136.04   sel     $29,800.00   [strat=friendly_rapport_builder]
      R 3  buy $ 22,232.97   sel     $26,500.00   [strat=friendly_rapport_builder]
      R 4  buy $ 26,332.70   sel     $26,332.70   [strat=friendly_rapport_builder]
      R 5  buy $ 10,027.16   sel     $25,500.00   [strat=friendly_rapport_builder]
      R 6  buy $  4,159.96   sel     $25,000.00   [strat=friendly_rapport_builder]
      R 7  buy $ 16,879.19   sel     $24,500.00   [strat=friendly_rapport_builder]
      R 8  buy $  7,074.90   sel     $24,000.00   [strat=friendly_rapport_builder]
      R 9  buy $  4,175.00   sel     $23,500.00   [strat=patient_value_defender] *
