=== START exp05_fixed_market_expert_value_justifier ===
    schedule    : fixed__market_expert_value_justifier
    adaptive    : False  (switches=[])
    unique strat: ['market_expert_value_justifier']
    n_rounds    : 16
    n_cars      : 5
    runs/car    : 30
    total runs  : 150
    total calls : 2400  (~12.0 h @ 200 calls/h)
    model       : deepseek-reasoner
    base_url    : https://api.deepseek.com
    base_seed   : 20260420
    output      : results\exp05_fixed_market_expert_value_justifier.json

--- CAR 1/5: 2014 Mercedes-Benz S550  (M=$96,000.00  cost=$19,000.00  cost/M=19.79%) ---

   run 1/30 on 2014 Mercedes-Benz S550  seed=20760420
      R 1  buy $ 71,871.14   sel     $85,000.00   [strat=market_expert_value_justifier] *
      R 2  buy $ 33,474.23   sel     $79,000.00   [strat=market_expert_value_justifier]
      R 3  buy $ 42,437.60   sel     $75,500.00   [strat=market_expert_value_justifier]
      R 4  buy $ 15,424.54   sel     $75,500.00   [strat=market_expert_value_justifier]
      R 5  buy $ 75,262.18   sel     $75,262.18   [strat=market_expert_value_justifier]
      R 6  buy $ 36,944.40   sel     $75,000.00   [strat=market_expert_value_justifier]
      R 7  buy $ 71,389.32   sel     $73,500.00   [strat=market_expert_value_justifier]
      R 8  buy $ 69,719.03   sel     $72,000.00   [strat=market_expert_value_justifier]
      R 9  buy $ 70,961.51   sel     $71,250.00   [strat=market_expert_value_justifier]
      R10  buy $ 16,992.55   sel     $71,000.00   [strat=market_expert_value_justifier]
      R11  buy $ 21,994.10   sel     $70,000.00   [strat=market_expert_value_justifier]
      R12  buy $ 68,724.26   sel     $68,724.26   [strat=market_expert_value_justifier]
      R13  buy $ 32,219.97   sel     $69,500.00   [strat=market_expert_value_justifier]
      R14  buy $ 54,284.91   sel     $69,000.00   [strat=market_expert_value_justifier]
      R15  buy $ 31,402.05   sel     $67,500.00   [strat=market_expert_value_justifier]
      R16  buy $  3,108.95   sel     $65,000.00   [strat=market_expert_value_justifier]
   run 1 done in 4.4 min

   run 2/30 on 2014 Mercedes-Benz S550  seed=20760421
      R 1  buy $  4,548.54   sel     $39,500.00   [strat=market_expert_value_justifier] *
      R 2  buy $ 33,393.37   sel     $37,000.00   [strat=market_expert_value_justifier]
      R 3  buy $ 25,318.00   sel     $36,500.00   [strat=market_expert_value_justifier]
      R 4  buy $ 31,595.33   sel     $35,500.00   [strat=market_expert_value_justifier]
      R 5  buy $ 13,559.99   sel     $35,500.00   [strat=market_expert_value_justifier]
      R 6  buy $ 26,431.79   sel     $34,000.00   [strat=market_expert_value_justifier]
      R 7  buy $  4,621.11   sel     $34,000.00   [strat=market_expert_value_justifier]
      R 8  buy $  2,984.40   sel     $34,000.00   [strat=market_expert_value_justifier]
      R 9  buy $ 29,722.35   sel     $34,000.00   [strat=market_expert_value_justifier]
      R10  buy $ 12,459.98   sel     $34,000.00   [strat=market_expert_value_justifier]
      R11  buy $    735.08   sel     $34,000.00   [strat=market_expert_value_justifier]
      R12  buy $ 26,223.86   sel     $33,000.00   [strat=market_expert_value_justifier]
      R13  buy $ 18,524.46   sel     $32,500.00   [strat=market_expert_value_justifier]
      R14  buy $ 10,807.10   sel     $32,500.00   [strat=market_expert_value_justifier]
      R15  buy $ 22,493.57   sel     $29,500.00   [strat=market_expert_value_justifier]
      R16  buy $ 10,303.61   sel     $28,500.00   [strat=market_expert_value_justifier]
   run 2 done in 4.7 min

   run 3/30 on 2014 Mercedes-Benz S550  seed=20760422
      R 1  buy $ 52,552.27   sel     $58,000.00   [strat=market_expert_value_justifier] *
      R 2  buy $ 46,513.07   sel     $57,500.00   [strat=market_expert_value_justifier]
      R 3  buy $ 20,861.17   sel     $57,000.00   [strat=market_expert_value_justifier]
      R 4  buy $ 27,335.99   sel     $56,500.00   [strat=market_expert_value_justifier]
      R 5  buy $ 34,725.76   sel     $56,000.00   [strat=market_expert_value_justifier]
      R 6  buy $ 22,440.47   sel     $55,500.00   [strat=market_expert_value_justifier]
      R 7  buy $ 27,444.59   sel     $55,000.00   [strat=market_expert_value_justifier]
      R 8  buy $ 46,261.99   sel     $54,500.00   [strat=market_expert_value_justifier]
      R 9  buy $ 16,814.07   sel     $54,500.00   [strat=market_expert_value_justifier]
      R10  buy $ 53,743.90   sel     $54,000.00   [strat=market_expert_value_justifier]
      R11  buy $ 25,063.63   sel     $54,000.00   [strat=market_expert_value_justifier]
      R12  buy $  7,745.82   sel     $54,000.00   [strat=market_expert_value_justifier]
      R13  buy $ 44,391.34   sel     $54,000.00   [strat=market_expert_value_justifier]
      R14  buy $ 19,116.98   sel     $54,000.00   [strat=market_expert_value_justifier]
      R15  buy $ 37,300.02   sel     $53,500.00   [strat=market_expert_value_justifier]
      R16  buy $  4,585.14   sel     $53,500.00   [strat=market_expert_value_justifier]
   run 3 done in 4.2 min

   run 4/30 on 2014 Mercedes-Benz S550  seed=20760423
      R 1  buy $ 22,923.79   sel     $25,999.00   [strat=market_expert_value_justifier] *
      R 2  buy $ 25,886.82   sel     $25,950.00   [strat=market_expert_value_justifier]
      R 3  buy $ 11,806.24   sel     $25,500.00   [strat=market_expert_value_justifier]
      R 4  buy $  8,883.65   sel     $25,300.00   [strat=market_expert_value_justifier]
      R 5  buy $ 20,111.59   sel     $23,500.00   [strat=market_expert_value_justifier]
      R 6  buy $  2,187.85   sel     $23,500.00   [strat=market_expert_value_justifier]
      R 7  buy $ 14,534.22   sel     $23,000.00   [strat=market_expert_value_justifier]
      R 8  buy $    409.98   sel     $23,000.00   [strat=market_expert_value_justifier]
      R 9  buy $ 14,209.70   sel     $23,000.00   [strat=market_expert_value_justifier]
      R10  buy $ 20,353.74   sel     $22,500.00   [strat=market_expert_value_justifier]
      R11  buy $ 17,719.11   sel     $22,500.00   [strat=market_expert_value_justifier]
      R12  buy $  7,038.05   sel     $22,500.00   [strat=market_expert_value_justifier]
      R13  buy $  4,041.07   sel     $22,500.00   [strat=market_expert_value_justifier]
      R14  buy $  3,900.76   sel     $22,500.00   [strat=market_expert_value_justifier]
      R15  buy $    456.56   sel     $22,000.00   [strat=market_expert_value_justifier]
      R16  buy $  3,152.37   sel     $21,500.00   [strat=market_expert_value_justifier]
   run 4 done in 4.7 min

   run 5/30 on 2014 Mercedes-Benz S550  seed=20760424
      R 1  buy $ 37,811.18   sel     $44,995.00   [strat=market_expert_value_justifier] *
      R 2  buy $ 15,538.69   sel     $44,995.00   [strat=market_expert_value_justifier]
      R 3  buy $ 35,277.04   sel     $42,500.00   [strat=market_expert_value_justifier]
      R 4  buy $  4,069.53   sel     $42,500.00   [strat=market_expert_value_justifier]
      R 5  buy $ 27,954.71   sel     $39,995.00   [strat=market_expert_value_justifier]
      R 6  buy $ 39,865.07   sel     $39,865.07   [strat=market_expert_value_justifier]
      R 7  buy $ 25,788.23   sel     $39,865.07   [strat=market_expert_value_justifier]
      R 8  buy $ 10,145.48   sel     $39,995.00   [strat=market_expert_value_justifier]
      R 9  buy $    826.98   sel     $39,995.00   [strat=market_expert_value_justifier]
      R10  buy $  7,147.67   sel     $39,995.00   [strat=market_expert_value_justifier]
      R11  buy $ 16,026.22   sel     $39,995.00   [strat=market_expert_value_justifier]
      R12  buy $  5,743.06   sel     $39,995.00   [strat=market_expert_value_justifier]
      R13  buy $  2,308.22   sel     $39,995.00   [strat=market_expert_value_justifier]
      R14  buy $ 32,319.25   sel     $37,995.00   [strat=market_expert_value_justifier]
      R15  buy $ 19,585.13   sel     $36,995.00   [strat=market_expert_value_justifier]
      R16  buy $  3,861.27   sel     $35,995.00   [strat=market_expert_value_justifier]
   run 5 done in 4.0 min

   run 6/30 on 2014 Mercedes-Benz S550  seed=20760425
      R 1  buy $ 38,762.53   sel     $41,000.00   [strat=market_expert_value_justifier] *
      R 2  buy $ 29,664.38   sel     $39,500.00   [strat=market_expert_value_justifier]
      R 3  buy $ 30,066.90   sel     $38,500.00   [strat=market_expert_value_justifier]
      R 4  buy $ 17,827.04   sel     $37,500.00   [strat=market_expert_value_justifier]
      R 5  buy $ 16,362.08   sel     $37,500.00   [strat=market_expert_value_justifier]
      R 6  buy $ 24,358.40   sel     $37,500.00   [strat=market_expert_value_justifier]
      R 7  buy $  7,613.05   sel     $36,500.00   [strat=market_expert_value_justifier]
      R 8  buy $ 14,765.02   sel     $36,500.00   [strat=market_expert_value_justifier]
      R 9  buy $ 14,084.23   sel     $36,500.00   [strat=market_expert_value_justifier]
      R10  buy $ 25,116.58   sel     $36,500.00   [strat=market_expert_value_justifier]
      R11  buy $ 22,033.91   sel     $36,500.00   [strat=market_expert_value_justifier]
      R12  buy $ 30,329.98   sel     $34,500.00   [strat=market_expert_value_justifier]
      R13  buy $ 18,779.36   sel     $33,500.00   [strat=market_expert_value_justifier]
      R14  buy $    421.38   sel     $33,500.00   [strat=market_expert_value_justifier]
      R15  buy $ 24,174.75   sel     $32,500.00   [strat=market_expert_value_justifier]
      R16  buy $  2,575.43   sel     $31,500.00   [strat=market_expert_value_justifier]
   run 6 done in 4.5 min

   run 7/30 on 2014 Mercedes-Benz S550  seed=20760426
      R 1  buy $ 29,243.98   sel     $40,500.00   [strat=market_expert_value_justifier] *
      R 2  buy $ 35,400.49   sel     $39,500.00   [strat=market_expert_value_justifier]
      R 3  buy $ 17,825.84   sel     $39,500.00   [strat=market_expert_value_justifier]
      R 4  buy $ 23,052.48   sel     $39,500.00   [strat=market_expert_value_justifier]
      R 5  buy $ 31,579.18   sel     $38,500.00   [strat=market_expert_value_justifier]
      R 6  buy $ 27,988.02   sel     $38,500.00   [strat=market_expert_value_justifier]
      R 7  buy $ 27,736.93   sel     $38,500.00   [strat=market_expert_value_justifier]
      R 8  buy $  6,673.54   sel     $38,500.00   [strat=market_expert_value_justifier]
      R 9  buy $ 12,368.16   sel     $37,000.00   [strat=market_expert_value_justifier]
      R10  buy $ 26,294.50   sel     $36,000.00   [strat=market_expert_value_justifier]
      R11  buy $ 11,501.29   sel     $35,500.00   [strat=market_expert_value_justifier]
      R12  buy $  5,124.89   sel     $35,500.00   [strat=market_expert_value_justifier]
      R13  buy $ 14,553.84   sel     $35,000.00   [strat=market_expert_value_justifier]
      R14  buy $  2,722.33   sel     $35,000.00   [strat=market_expert_value_justifier]
      R15  buy $  2,682.57   sel     $35,000.00   [strat=market_expert_value_justifier]
      R16  buy $  2,970.20   sel     $34,500.00   [strat=market_expert_value_justifier]
   run 7 done in 5.4 min

   run 8/30 on 2014 Mercedes-Benz S550  seed=20760427
      R 1  buy $ 31,456.78   sel     $37,500.00   [strat=market_expert_value_justifier] *
      R 2  buy $ 34,637.58   sel     $36,800.00   [strat=market_expert_value_justifier]
      R 3  buy $  1,557.68   sel     $36,000.00   [strat=market_expert_value_justifier]
      R 4  buy $ 11,345.59   sel     $36,000.00   [strat=market_expert_value_justifier]
      R 5  buy $ 35,566.64   sel     $35,566.64   [strat=market_expert_value_justifier]
      R 6  buy $ 14,021.97   sel     $36,000.00   [strat=market_expert_value_justifier]
      R 7  buy $  8,135.73   sel     $35,000.00   [strat=market_expert_value_justifier]
      R 8  buy $ 25,961.49   sel     $34,500.00   [strat=market_expert_value_justifier]
      R 9  buy $ 15,937.15   sel     $33,000.00   [strat=market_expert_value_justifier]
      R10  buy $ 17,310.24   sel     $30,000.00   [strat=market_expert_value_justifier]
      R11  buy $  7,469.56   sel     $30,000.00   [strat=market_expert_value_justifier]
      R12  buy $ 27,215.91   sel     $28,500.00   [strat=market_expert_value_justifier]
      R13  buy $ 25,492.79   sel     $27,000.00   [strat=market_expert_value_justifier]
      R14  buy $  7,011.34   sel     $25,000.00   [strat=market_expert_value_justifier]
      R15  buy $ 14,162.87   sel     $22,500.00   [strat=market_expert_value_justifier]
      R16  buy $ 13,555.37   sel     $21,000.00   [strat=market_expert_value_justifier]
   run 8 done in 5.5 min

   run 9/30 on 2014 Mercedes-Benz S550  seed=20760428
      R 1  buy $ 64,181.30   sel     $69,995.00   [strat=market_expert_value_justifier] *
      R 2  buy $ 38,118.93   sel     $69,995.00   [strat=market_expert_value_justifier]
      R 3  buy $ 54,194.06   sel     $64,995.00   [strat=market_expert_value_justifier]
      R 4  buy $ 14,335.57   sel     $64,995.00   [strat=market_expert_value_justifier]
      R 5  buy $ 21,189.70   sel     $59,995.00   [strat=market_expert_value_justifier]
      R 6  buy $ 26,448.42   sel     $54,995.00   [strat=market_expert_value_justifier]
      R 7  buy $ 33,895.23   sel     $47,995.00   [strat=market_expert_value_justifier]
      R 8  buy $ 34,172.99   sel     $45,995.00   [strat=market_expert_value_justifier]
      R 9  buy $ 20,466.83   sel     $29,995.00   [strat=market_expert_value_justifier]
      R10  buy $ 19,707.60   sel     $24,995.00   [strat=market_expert_value_justifier]
      R11  buy $  6,375.61   sel     $23,995.00   [strat=market_expert_value_justifier]
      R12  buy $ 16,921.10   sel     $21,995.00   [strat=market_expert_value_justifier]
      R13  buy $ 12,550.52   sel     $19,995.00   [strat=market_expert_value_justifier]
      R14  buy $ 19,235.63   sel     $19,235.63   [strat=market_expert_value_justifier]
      R15  buy $ 10,259.25   sel     $19,500.00   [strat=market_expert_value_justifier]
      R16  buy $  7,998.33   sel     $19,500.00   [strat=market_expert_value_justifier]
   run 9 done in 6.3 min

   run 10/30 on 2014 Mercedes-Benz S550  seed=20760429
      R 1  buy $ 60,099.74   sel     $84,999.00   [strat=market_expert_value_justifier] *
      R 2  buy $ 67,531.06   sel     $79,500.00   [strat=market_expert_value_justifier]
      R 3  buy $ 46,999.92   sel     $78,750.00   [strat=market_expert_value_justifier]
      R 4  buy $    809.39   sel     $77,500.00   [strat=market_expert_value_justifier]
      R 5  buy $ 40,725.19   sel     $76,500.00   [strat=market_expert_value_justifier]
      R 6  buy $ 10,615.83   sel     $75,000.00   [strat=market_expert_value_justifier]
      R 7  buy $ 31,200.04   sel     $73,500.00   [strat=market_expert_value_justifier]
      R 8  buy $ 65,103.46   sel     $71,500.00   [strat=market_expert_value_justifier]
      R 9  buy $ 14,599.87   sel     $70,000.00   [strat=market_expert_value_justifier]
      R10  buy $ 46,778.61   sel     $68,500.00   [strat=market_expert_value_justifier]
      R11  buy $  9,040.21   sel     $67,500.00   [strat=market_expert_value_justifier]
      R12  buy $ 58,975.50   sel     $65,000.00   [strat=market_expert_value_justifier]
      R13  buy $ 47,055.68   sel     $64,000.00   [strat=market_expert_value_justifier]
      R14  buy $ 19,429.20   sel     $63,000.00   [strat=market_expert_value_justifier]
      R15  buy $  8,829.67   sel     $62,000.00   [strat=market_expert_value_justifier]
      R16  buy $ 55,963.52   sel     $60,000.00   [strat=market_expert_value_justifier]
   run 10 done in 5.4 min

   run 11/30 on 2014 Mercedes-Benz S550  seed=20760430
      R 1  buy $ 19,725.96   sel     $22,500.00   [strat=market_expert_value_justifier] *
      R 2  buy $  5,090.15   sel     $22,500.00   [strat=market_expert_value_justifier]
      R 3  buy $ 16,534.10   sel     $21,000.00   [strat=market_expert_value_justifier]
      R 4  buy $  3,815.98   sel     $20,500.00   [strat=market_expert_value_justifier]
      R 5  buy $ 13,565.69   sel     $20,000.00   [strat=market_expert_value_justifier]
      R 6  buy $ 15,082.71   sel     $19,800.00   [strat=market_expert_value_justifier]
      R 7  buy $ 18,741.23   sel     $19,750.00   [strat=market_expert_value_justifier]
      R 8  buy $ 18,484.20   sel     $19,500.00   [strat=market_expert_value_justifier]
      R 9  buy $ 11,628.64   sel     $19,400.00   [strat=market_expert_value_justifier]
      R10  buy $    463.11   sel     $19,300.00   [strat=market_expert_value_justifier]
      R11  buy $  3,638.21   sel     $19,200.00   [strat=market_expert_value_justifier]
      R12  buy $ 11,759.93   sel     $19,150.00   [strat=market_expert_value_justifier]
      R13  buy $  6,129.49   sel     $19,100.00   [strat=market_expert_value_justifier]
      R14  buy $ 12,674.66   sel     $19,050.00   [strat=market_expert_value_justifier]
      R15  buy $  6,205.41   sel     $19,025.00   [strat=market_expert_value_justifier]
      R16  buy $  8,957.50   sel     $19,000.00   [strat=market_expert_value_justifier]
   run 11 done in 4.7 min

   run 12/30 on 2014 Mercedes-Benz S550  seed=20760431
      R 1  buy $ 84,888.98   sel     $92,000.00   [strat=market_expert_value_justifier] *
      R 2  buy $  8,418.58   sel     $90,000.00   [strat=market_expert_value_justifier]
      R 3  buy $ 19,988.94   sel     $88,000.00   [strat=market_expert_value_justifier]
      R 4  buy $ 37,352.63   sel     $85,000.00   [strat=market_expert_value_justifier]
      R 5  buy $ 76,048.05   sel     $82,000.00   [strat=market_expert_value_justifier]
      R 6  buy $  3,024.04   sel     $82,000.00   [strat=market_expert_value_justifier]
      R 7  buy $ 23,854.90   sel     $80,000.00   [strat=market_expert_value_justifier]
      R 8  buy $ 38,804.29   sel     $80,000.00   [strat=market_expert_value_justifier]
      R 9  buy $  6,003.11   sel     $80,000.00   [strat=market_expert_value_justifier]
      R10  buy $ 76,561.18   sel     $78,000.00   [strat=market_expert_value_justifier]
      R11  buy $ 68,423.38   sel     $77,000.00   [strat=market_expert_value_justifier]
      R12  buy $ 47,571.98   sel     $77,000.00   [strat=market_expert_value_justifier]
      R13  buy $ 61,805.89   sel     $76,000.00   [strat=market_expert_value_justifier]
      R14  buy $ 26,495.26   sel     $75,000.00   [strat=market_expert_value_justifier]
      R15  buy $ 18,714.90   sel     $74,000.00   [strat=market_expert_value_justifier]
      R16  buy $ 29,882.40   sel     $73,000.00   [strat=market_expert_value_justifier]
   run 12 done in 5.0 min

   run 13/30 on 2014 Mercedes-Benz S550  seed=20760432
      R 1  buy $ 94,030.21   sel     $96,000.00   [strat=market_expert_value_justifier] *
      R 2  buy $ 38,652.48   sel     $96,000.00   [strat=market_expert_value_justifier]
      R 3  buy $ 64,175.48   sel     $94,500.00   [strat=market_expert_value_justifier]
      R 4  buy $ 39,290.19   sel     $94,500.00   [strat=market_expert_value_justifier]
      R 5  buy $ 15,199.24   sel     $94,500.00   [strat=market_expert_value_justifier]
      R 6  buy $  1,937.84   sel     $94,000.00   [strat=market_expert_value_justifier]
      R 7  buy $ 75,542.57   sel     $92,500.00   [strat=market_expert_value_justifier]
      R 8  buy $ 15,754.29   sel     $92,500.00   [strat=market_expert_value_justifier]
      R 9  buy $ 44,439.02   sel     $91,000.00   [strat=market_expert_value_justifier]
      R10  buy $ 59,629.50   sel     $89,000.00   [strat=market_expert_value_justifier]
      R11  buy $ 60,455.25   sel     $87,500.00   [strat=market_expert_value_justifier]
      R12  buy $ 33,660.75   sel     $86,000.00   [strat=market_expert_value_justifier]
      R13  buy $ 22,036.11   sel     $85,000.00   [strat=market_expert_value_justifier]
      R14  buy $ 27,727.16   sel     $85,000.00   [strat=market_expert_value_justifier]
      R15  buy $ 46,403.72   sel     $85,000.00   [strat=market_expert_value_justifier]
      R16  buy $ 37,689.28   sel     $84,000.00   [strat=market_expert_value_justifier]
   run 13 done in 5.8 min

   run 14/30 on 2014 Mercedes-Benz S550  seed=20760433
      R 1  buy $ 22,424.86   sel     $27,995.00   [strat=market_expert_value_justifier] *
      R 2  buy $ 26,967.39   sel     $27,500.00   [strat=market_expert_value_justifier]
      R 3  buy $  6,545.89   sel     $27,000.00   [strat=market_expert_value_justifier]
      R 4  buy $ 11,532.86   sel     $26,500.00   [strat=market_expert_value_justifier]
      R 5  buy $  6,718.02   sel     $25,500.00   [strat=market_expert_value_justifier]
      R 6  buy $ 25,477.25   sel     $25,477.25   [strat=market_expert_value_justifier]
      R 7  buy $ 23,173.34   sel     PARSE-FAIL   [strat=market_expert_value_justifier]
      R 8  buy $ 20,414.77   sel     $24,500.00   [strat=market_expert_value_justifier]
      R 9  buy $    466.98   sel     $24,000.00   [strat=market_expert_value_justifier]
      R10  buy $ 21,875.95   sel     $23,500.00   [strat=market_expert_value_justifier]
      R11  buy $  9,555.85   sel     $22,500.00   [strat=market_expert_value_justifier]
      R12  buy $  9,612.83   sel     $22,000.00   [strat=market_expert_value_justifier]
      R13  buy $  4,751.48   sel     $21,500.00   [strat=market_expert_value_justifier]
      R14  buy $ 16,865.51   sel     $21,000.00   [strat=market_expert_value_justifier]
      R15  buy $ 19,527.80   sel     $20,500.00   [strat=market_expert_value_justifier]
      R16  buy $  3,788.08   sel     $21,000.00   [strat=market_expert_value_justifier]
   run 14 done in 4.5 min

   run 15/30 on 2014 Mercedes-Benz S550  seed=20760434
      R 1  buy $ 11,005.22   sel     $34,500.00   [strat=market_expert_value_justifier] *
      R 2  buy $ 10,309.63   sel     $34,500.00   [strat=market_expert_value_justifier]
      R 3  buy $    950.49   sel     $34,500.00   [strat=market_expert_value_justifier]
      R 4  buy $ 23,968.56   sel     $32,500.00   [strat=market_expert_value_justifier]
      R 5  buy $ 30,572.12   sel     $31,500.00   [strat=market_expert_value_justifier]
      R 6  buy $ 12,213.09   sel     $31,000.00   [strat=market_expert_value_justifier]
      R 7  buy $ 12,597.21   sel     $30,000.00   [strat=market_expert_value_justifier]
      R 8  buy $ 19,144.71   sel     $30,000.00   [strat=market_expert_value_justifier]
      R 9  buy $ 10,941.19   sel     $30,000.00   [strat=market_expert_value_justifier]
      R10  buy $ 13,192.82   sel     $29,000.00   [strat=market_expert_value_justifier]
      R11  buy $ 18,388.95   sel     $28,500.00   [strat=market_expert_value_justifier]
      R12  buy $ 11,424.79   sel     $27,000.00   [strat=market_expert_value_justifier]
      R13  buy $ 12,694.09   sel     $26,000.00   [strat=market_expert_value_justifier]
      R14  buy $ 21,524.92   sel     $25,500.00   [strat=market_expert_value_justifier]
      R15  buy $ 24,102.75   sel     $25,000.00   [strat=market_expert_value_justifier]
      R16  buy $ 10,805.31   sel     $24,500.00   [strat=market_expert_value_justifier]
   run 15 done in 6.5 min

   run 16/30 on 2014 Mercedes-Benz S550  seed=20760435
      R 1  buy $ 55,228.58   sel     $65,000.00   [strat=market_expert_value_justifier] *
      R 2  buy $  4,265.27   sel     $60,000.00   [strat=market_expert_value_justifier]
      R 3  buy $ 19,317.05   sel     $59,500.00   [strat=market_expert_value_justifier]
      R 4  buy $ 40,638.57   sel     $57,500.00   [strat=market_expert_value_justifier]
      R 5  buy $ 35,739.86   sel     $55,000.00   [strat=market_expert_value_justifier]
      R 6  buy $ 28,946.50   sel     $54,500.00   [strat=market_expert_value_justifier]
      R 7  buy $ 54,129.42   sel     $54,129.42   [strat=market_expert_value_justifier]
      R 8  buy $ 39,096.01   sel     $54,500.00   [strat=market_expert_value_justifier]
      R 9  buy $ 27,158.16   sel     $52,000.00   [strat=market_expert_value_justifier]
      R10  buy $ 42,276.86   sel     $50,000.00   [strat=market_expert_value_justifier]
      R11  buy $ 45,328.71   sel     $48,000.00   [strat=market_expert_value_justifier]
      R12  buy $ 23,172.57   sel     $47,000.00   [strat=market_expert_value_justifier]
      R13  buy $ 11,995.47   sel     $45,000.00   [strat=market_expert_value_justifier]
      R14  buy $ 30,403.00   sel     $42,000.00   [strat=market_expert_value_justifier]
      R15  buy $ 41,174.98   sel     $41,500.00   [strat=market_expert_value_justifier]
      R16  buy $ 26,448.33   sel     $39,000.00   [strat=market_expert_value_justifier]
   run 16 done in 5.9 min

   run 17/30 on 2014 Mercedes-Benz S550  seed=20760436
      R 1  buy $ 30,442.45   sel     $35,950.00   [strat=market_expert_value_justifier] *
      R 2  buy $ 19,821.72   sel     $35,950.00   [strat=market_expert_value_justifier]
      R 3  buy $ 21,065.08   sel     $34,950.00   [strat=market_expert_value_justifier]
      R 4  buy $ 14,621.64   sel     $34,500.00   [strat=market_expert_value_justifier]
      R 5  buy $  6,332.33   sel     $34,500.00   [strat=market_expert_value_justifier]
      R 6  buy $ 20,961.88   sel     $34,000.00   [strat=market_expert_value_justifier]
      R 7  buy $ 11,016.02   sel     $33,500.00   [strat=market_expert_value_justifier]
      R 8  buy $ 13,759.00   sel     $33,500.00   [strat=market_expert_value_justifier]
      R 9  buy $  5,622.22   sel     $33,500.00   [strat=market_expert_value_justifier]
      R10  buy $  3,454.69   sel     $33,500.00   [strat=market_expert_value_justifier]
      R11  buy $  1,527.67   sel     $32,500.00   [strat=market_expert_value_justifier]
      R12  buy $ 29,513.29   sel     $31,500.00   [strat=market_expert_value_justifier]
      R13  buy $  5,077.68   sel     $31,500.00   [strat=market_expert_value_justifier]
      R14  buy $ 17,934.52   sel     $30,000.00   [strat=market_expert_value_justifier]
      R15  buy $  2,778.13   sel     $29,500.00   [strat=market_expert_value_justifier]
      R16  buy $ 16,798.67   sel     $28,500.00   [strat=market_expert_value_justifier]
   run 17 done in 5.4 min

   run 18/30 on 2014 Mercedes-Benz S550  seed=20760437
      R 1  buy $ 34,269.35   sel     $44,995.00   [strat=market_expert_value_justifier] *
      R 2  buy $ 22,836.55   sel     $44,500.00   [strat=market_expert_value_justifier]
      R 3  buy $ 38,735.41   sel     $42,750.00   [strat=market_expert_value_justifier]
      R 4  buy $  8,824.86   sel     $42,500.00   [strat=market_expert_value_justifier]
      R 5  buy $  5,950.80   sel     $42,500.00   [strat=market_expert_value_justifier]
      R 6  buy $ 36,868.86   sel     $41,000.00   [strat=market_expert_value_justifier]
      R 7  buy $    198.92   sel     $40,000.00   [strat=market_expert_value_justifier]
      R 8  buy $ 13,613.59   sel     $39,500.00   [strat=market_expert_value_justifier]
      R 9  buy $ 28,751.39   sel     $38,500.00   [strat=market_expert_value_justifier]
      R10  buy $ 31,133.15   sel     $37,500.00   [strat=market_expert_value_justifier]
      R11  buy $ 25,580.36   sel     $36,500.00   [strat=market_expert_value_justifier]
      R12  buy $ 27,090.91   sel     $34,900.00   [strat=market_expert_value_justifier]
      R13  buy $ 16,411.89   sel     $33,900.00   [strat=market_expert_value_justifier]
      R14  buy $  5,436.00   sel     $32,500.00   [strat=market_expert_value_justifier]
      R15  buy $ 30,104.30   sel     $30,104.30   [strat=market_expert_value_justifier]
      R16  buy $ 17,590.46   sel     $29,500.00   [strat=market_expert_value_justifier]
   run 18 done in 5.6 min

   run 19/30 on 2014 Mercedes-Benz S550  seed=20760438
      R 1  buy $ 48,321.79   sel     $55,000.00   [strat=market_expert_value_justifier] *
      R 2  buy $ 51,519.40   sel     $53,750.00   [strat=market_expert_value_justifier]
      R 3  buy $ 36,312.03   sel     $53,750.00   [strat=market_expert_value_justifier]
      R 4  buy $ 47,653.73   sel     $53,750.00   [strat=market_expert_value_justifier]
      R 5  buy $ 23,770.76   sel     $53,750.00   [strat=market_expert_value_justifier]
      R 6  buy $ 32,326.18   sel     $53,750.00   [strat=market_expert_value_justifier]
      R 7  buy $ 28,343.53   sel     $53,750.00   [strat=market_expert_value_justifier]
      R 8  buy $  6,534.82   sel     $53,750.00   [strat=market_expert_value_justifier]
      R 9  buy $ 49,183.49   sel     $51,500.00   [strat=market_expert_value_justifier]
      R10  buy $ 35,823.74   sel     $50,000.00   [strat=market_expert_value_justifier]
      R11  buy $ 25,336.40   sel     $48,500.00   [strat=market_expert_value_justifier]
      R12  buy $ 32,229.39   sel     $46,500.00   [strat=market_expert_value_justifier]
      R13  buy $ 30,871.00   sel     $44,000.00   [strat=market_expert_value_justifier]
      R14  buy $    805.09   sel     $42,500.00   [strat=market_expert_value_justifier]
      R15  buy $ 22,533.18   sel     $40,000.00   [strat=market_expert_value_justifier]
      R16  buy $ 24,204.44   sel     $37,500.00   [strat=market_expert_value_justifier]
   run 19 done in 5.6 min

   run 20/30 on 2014 Mercedes-Benz S550  seed=20760439
      R 1  buy $ 32,294.80   sel     $39,500.00   [strat=market_expert_value_justifier] *
      R 2  buy $ 11,656.31   sel     $39,500.00   [strat=market_expert_value_justifier]
      R 3  buy $ 25,575.91   sel     $38,500.00   [strat=market_expert_value_justifier]
      R 4  buy $ 11,730.33   sel     $38,500.00   [strat=market_expert_value_justifier]
      R 5  buy $ 34,201.39   sel     $37,500.00   [strat=market_expert_value_justifier]
      R 6  buy $ 24,543.87   sel     $36,500.00   [strat=market_expert_value_justifier]
      R 7  buy $    133.27   sel     $36,000.00   [strat=market_expert_value_justifier]
      R 8  buy $ 19,164.45   sel     $35,500.00   [strat=market_expert_value_justifier]
      R 9  buy $  9,699.18   sel     $35,500.00   [strat=market_expert_value_justifier]
      R10  buy $ 32,625.76   sel     $34,500.00   [strat=market_expert_value_justifier]
      R11  buy $ 31,527.57   sel     $33,000.00   [strat=market_expert_value_justifier]
      R12  buy $ 14,127.18   sel     $32,500.00   [strat=market_expert_value_justifier]
      R13  buy $ 11,964.21   sel     $31,500.00   [strat=market_expert_value_justifier]
      R14  buy $ 13,672.58   sel     $30,000.00   [strat=market_expert_value_justifier]
      R15  buy $ 13,844.91   sel     $30,000.00   [strat=market_expert_value_justifier]
      R16  buy $ 25,153.62   sel     $28,500.00   [strat=market_expert_value_justifier]
   run 20 done in 5.0 min

   run 21/30 on 2014 Mercedes-Benz S550  seed=20760440
      R 1  buy $ 63,864.54   sel     $89,950.00   [strat=market_expert_value_justifier] *
      R 2  buy $ 79,481.25   sel     $86,500.00   [strat=market_expert_value_justifier]
      R 3  buy $ 12,621.16   sel     $86,000.00   [strat=market_expert_value_justifier]
      R 4  buy $ 76,958.82   sel     $84,500.00   [strat=market_expert_value_justifier]
      R 5  buy $ 62,483.12   sel     $83,500.00   [strat=market_expert_value_justifier]
      R 6  buy $ 67,064.05   sel     $82,000.00   [strat=market_expert_value_justifier]
      R 7  buy $ 43,742.63   sel     $80,000.00   [strat=market_expert_value_justifier]
      R 8  buy $ 70,265.08   sel     $78,000.00   [strat=market_expert_value_justifier]
      R 9  buy $  5,685.78   sel     $77,500.00   [strat=market_expert_value_justifier]
      R10  buy $ 26,720.65   sel     $77,500.00   [strat=market_expert_value_justifier]
      R11  buy $ 75,844.71   sel     $76,500.00   [strat=market_expert_value_justifier]
      R12  buy $ 20,212.10   sel     $76,500.00   [strat=market_expert_value_justifier]
      R13  buy $ 50,162.76   sel     $75,500.00   [strat=market_expert_value_justifier]
      R14  buy $  6,395.15   sel     $75,500.00   [strat=market_expert_value_justifier]
      R15  buy $  3,096.74   sel     $75,000.00   [strat=market_expert_value_justifier]
      R16  buy $ 69,538.09   sel     $74,000.00   [strat=market_expert_value_justifier]
   run 21 done in 6.4 min

   run 22/30 on 2014 Mercedes-Benz S550  seed=20760441
      R 1  buy $  9,947.30   sel     $28,995.00   [strat=market_expert_value_justifier] *
      R 2  buy $  9,977.18   sel     $28,995.00   [strat=market_expert_value_justifier]
      R 3  buy $ 28,042.32   sel     $28,800.00   [strat=market_expert_value_justifier]
      R 4  buy $  8,809.08   sel     $28,500.00   [strat=market_expert_value_justifier]
      R 5  buy $  4,177.61   sel     $28,400.00   [strat=market_expert_value_justifier]
      R 6  buy $ 13,520.95   sel     $28,000.00   [strat=market_expert_value_justifier]
      R 7  buy $ 27,973.19   sel     $27,973.19   [strat=market_expert_value_justifier]
      R 8  buy $    539.56   sel     $28,400.00   [strat=market_expert_value_justifier]
      R 9  buy $ 22,247.16   sel     $27,500.00   [strat=market_expert_value_justifier]
      R10  buy $  5,723.47   sel     $27,000.00   [strat=market_expert_value_justifier]
      R11  buy $ 10,310.35   sel     $26,500.00   [strat=market_expert_value_justifier]
      R12  buy $ 10,486.68   sel     $26,000.00   [strat=market_expert_value_justifier]
      R13  buy $  2,464.79   sel     $26,000.00   [strat=market_expert_value_justifier]
      R14  buy $ 14,860.79   sel     $25,000.00   [strat=market_expert_value_justifier]
      R15  buy $ 22,713.58   sel     $24,500.00   [strat=market_expert_value_justifier]
      R16  buy $  4,255.32   sel     $24,000.00   [strat=market_expert_value_justifier]
   run 22 done in 5.4 min

   run 23/30 on 2014 Mercedes-Benz S550  seed=20760442
      R 1  buy $ 71,799.20   sel     $84,950.00   [strat=market_expert_value_justifier] *
      R 2  buy $ 21,563.46   sel     $83,500.00   [strat=market_expert_value_justifier]
      R 3  buy $ 59,134.97   sel     $79,950.00   [strat=market_expert_value_justifier]
      R 4  buy $ 26,298.88   sel     $77,500.00   [strat=market_expert_value_justifier]
      R 5  buy $ 59,088.15   sel     $74,500.00   [strat=market_expert_value_justifier]
      R 6  buy $ 57,544.78   sel     $72,500.00   [strat=market_expert_value_justifier]
      R 7  buy $ 26,704.10   sel     $72,500.00   [strat=market_expert_value_justifier]
      R 8  buy $ 26,563.31   sel     $72,500.00   [strat=market_expert_value_justifier]
      R 9  buy $ 35,989.78   sel     $72,500.00   [strat=market_expert_value_justifier]
      R10  buy $ 34,642.40   sel     $72,500.00   [strat=market_expert_value_justifier]
      R11  buy $ 18,943.37   sel     $72,500.00   [strat=market_expert_value_justifier]
      R12  buy $ 11,704.62   sel     $72,500.00   [strat=market_expert_value_justifier]
      R13  buy $ 38,286.16   sel     $65,000.00   [strat=market_expert_value_justifier]
      R14  buy $ 37,845.79   sel     $65,000.00   [strat=market_expert_value_justifier]
      R15  buy $ 37,902.74   sel     $65,000.00   [strat=market_expert_value_justifier]
      R16  buy $ 64,707.12   sel     $64,707.12   [strat=market_expert_value_justifier]
   run 23 done in 6.1 min

   run 24/30 on 2014 Mercedes-Benz S550  seed=20760443
      R 1  buy $ 63,500.10   sel     $89,500.00   [strat=market_expert_value_justifier] *
      R 2  buy $ 45,718.56   sel     $87,500.00   [strat=market_expert_value_justifier]
      R 3  buy $  4,786.36   sel     $87,500.00   [strat=market_expert_value_justifier]
      R 4  buy $ 13,199.41   sel     $85,000.00   [strat=market_expert_value_justifier]
      R 5  buy $ 60,204.11   sel     $84,000.00   [strat=market_expert_value_justifier]
      R 6  buy $ 40,983.96   sel     $83,500.00   [strat=market_expert_value_justifier]
      R 7  buy $  7,632.09   sel     $83,000.00   [strat=market_expert_value_justifier]
      R 8  buy $  6,474.97   sel     $82,500.00   [strat=market_expert_value_justifier]
      R 9  buy $ 42,455.02   sel     $81,999.00   [strat=market_expert_value_justifier]
      R10  buy $  2,395.91   sel     $81,500.00   [strat=market_expert_value_justifier]
      R11  buy $ 11,961.10   sel     $81,000.00   [strat=market_expert_value_justifier]
      R12  buy $ 34,644.75   sel     $80,000.00   [strat=market_expert_value_justifier]
      R13  buy $  8,545.09   sel     $79,500.00   [strat=market_expert_value_justifier]
      R14  buy $ 57,975.22   sel     $78,500.00   [strat=market_expert_value_justifier]
      R15  buy $ 46,197.58   sel     $77,500.00   [strat=market_expert_value_justifier]
      R16  buy $ 12,670.48   sel     $77,000.00   [strat=market_expert_value_justifier]
   run 24 done in 6.2 min

   run 25/30 on 2014 Mercedes-Benz S550  seed=20760444
      R 1  buy $ 73,934.29   sel     $89,900.00   [strat=market_expert_value_justifier] *
      R 2  buy $ 14,464.59   sel     $85,000.00   [strat=market_expert_value_justifier]
      R 3  buy $ 36,984.41   sel     $79,500.00   [strat=market_expert_value_justifier]
      R 4  buy $ 65,616.83   sel     $75,000.00   [strat=market_expert_value_justifier]
      R 5  buy $ 44,688.40   sel     $72,500.00   [strat=market_expert_value_justifier]
      R 6  buy $ 53,565.47   sel     $72,500.00   [strat=market_expert_value_justifier]
      R 7  buy $ 25,904.46   sel     $72,500.00   [strat=market_expert_value_justifier]
      R 8  buy $ 18,987.53   sel     $72,500.00   [strat=market_expert_value_justifier]
      R 9  buy $ 46,545.05   sel     $70,000.00   [strat=market_expert_value_justifier]
      R10  buy $ 20,029.71   sel     $69,000.00   [strat=market_expert_value_justifier]
      R11  buy $  5,830.10   sel     $69,000.00   [strat=market_expert_value_justifier]
      R12  buy $ 53,844.94   sel     $68,000.00   [strat=market_expert_value_justifier]
      R13  buy $ 47,352.36   sel     $67,500.00   [strat=market_expert_value_justifier]
      R14  buy $ 22,200.84   sel     $67,000.00   [strat=market_expert_value_justifier]
      R15  buy $ 54,593.63   sel     $66,000.00   [strat=market_expert_value_justifier]
      R16  buy $ 23,403.83   sel     $60,000.00   [strat=market_expert_value_justifier]
   run 25 done in 6.7 min

   run 26/30 on 2014 Mercedes-Benz S550  seed=20760445
      R 1  buy $ 67,740.10   sel     $85,000.00   [strat=market_expert_value_justifier] *
      R 2  buy $ 52,054.56   sel     $82,000.00   [strat=market_expert_value_justifier]
      R 3  buy $ 43,741.09   sel     $81,000.00   [strat=market_expert_value_justifier]
      R 4  buy $ 46,370.75   sel     $81,000.00   [strat=market_expert_value_justifier]
      R 5  buy $ 14,889.87   sel     $81,000.00   [strat=market_expert_value_justifier]
      R 6  buy $ 26,421.72   sel     $80,000.00   [strat=market_expert_value_justifier]
      R 7  buy $ 16,722.47   sel     $80,000.00   [strat=market_expert_value_justifier]
      R 8  buy $ 77,212.97   sel     $78,500.00   [strat=market_expert_value_justifier]
      R 9  buy $ 52,573.13   sel     $78,000.00   [strat=market_expert_value_justifier]
      R10  buy $ 30,661.60   sel     $77,500.00   [strat=market_expert_value_justifier]
      R11  buy $ 18,302.14   sel     $77,000.00   [strat=market_expert_value_justifier]
      R12  buy $ 11,127.11   sel     $76,500.00   [strat=market_expert_value_justifier]
      R13  buy $ 52,925.92   sel     $76,000.00   [strat=market_expert_value_justifier]
      R14  buy $ 34,600.65   sel     $75,500.00   [strat=market_expert_value_justifier]
      R15  buy $ 41,665.24   sel     $75,000.00   [strat=market_expert_value_justifier]
      R16  buy $ 69,926.77   sel     $73,500.00   [strat=market_expert_value_justifier]
   run 26 done in 6.5 min

   run 27/30 on 2014 Mercedes-Benz S550  seed=20760446
      R 1  buy $ 41,338.14   sel     $44,500.00   [strat=market_expert_value_justifier] *
      R 2  buy $ 42,160.43   sel     $43,500.00   [strat=market_expert_value_justifier]
      R 3  buy $ 36,472.11   sel     $43,500.00   [strat=market_expert_value_justifier]
      R 4  buy $ 41,793.82   sel     $43,000.00   [strat=market_expert_value_justifier]
      R 5  buy $ 21,261.91   sel     $42,500.00   [strat=market_expert_value_justifier]
      R 6  buy $ 32,898.89   sel     $42,000.00   [strat=market_expert_value_justifier]
      R 7  buy $ 12,074.36   sel     $42,000.00   [strat=market_expert_value_justifier]
      R 8  buy $ 41,709.97   sel     $41,709.97   [strat=market_expert_value_justifier]
      R 9  buy $ 26,067.64   sel     $41,000.00   [strat=market_expert_value_justifier]
      R10  buy $  8,704.28   sel     $40,500.00   [strat=market_expert_value_justifier]
      R11  buy $ 12,104.08   sel     $40,500.00   [strat=market_expert_value_justifier]
      R12  buy $ 38,892.91   sel     $39,500.00   [strat=market_expert_value_justifier]
      R13  buy $ 27,771.38   sel     $38,500.00   [strat=market_expert_value_justifier]
      R14  buy $ 33,104.69   sel     $37,500.00   [strat=market_expert_value_justifier]
      R15  buy $ 11,213.55   sel     $36,000.00   [strat=market_expert_value_justifier]
      R16  buy $ 19,287.24   sel     $34,500.00   [strat=market_expert_value_justifier]
   run 27 done in 7.5 min

   run 28/30 on 2014 Mercedes-Benz S550  seed=20760447
      R 1  buy $ 18,046.51   sel     $22,500.00   [strat=market_expert_value_justifier] *
      R 2  buy $  6,321.19   sel     $21,999.00   [strat=market_expert_value_justifier]
      R 3  buy $  7,534.03   sel     $21,999.00   [strat=market_expert_value_justifier]
      R 4  buy $ 17,785.66   sel     $21,999.00   [strat=market_expert_value_justifier]
      R 5  buy $  7,595.98   sel     $21,999.00   [strat=market_expert_value_justifier]
      R 6  buy $  6,644.26   sel     $21,999.00   [strat=market_expert_value_justifier]
      R 7  buy $  1,683.40   sel     $21,999.00   [strat=market_expert_value_justifier]
      R 8  buy $  5,338.34   sel     $21,999.00   [strat=market_expert_value_justifier]
      R 9  buy $ 17,399.92   sel     $20,999.00   [strat=market_expert_value_justifier]
      R10  buy $ 13,276.79   sel     $20,500.00   [strat=market_expert_value_justifier]
      R11  buy $ 16,174.13   sel     $19,999.00   [strat=market_expert_value_justifier]
      R12  buy $  5,616.57   sel     $19,500.00   [strat=market_expert_value_justifier]
      R13  buy $ 16,924.29   sel     $19,250.00   [strat=market_expert_value_justifier]
      R14  buy $  1,308.12   sel     $19,250.00   [strat=market_expert_value_justifier]
      R15  buy $ 13,916.90   sel     $19,200.00   [strat=market_expert_value_justifier]
      R16  buy $ 11,141.48   sel     $19,200.00   [strat=market_expert_value_justifier]
   run 28 done in 7.9 min

   run 29/30 on 2014 Mercedes-Benz S550  seed=20760448
      R 1  buy $ 74,347.19   sel     $89,995.00   [strat=market_expert_value_justifier] *
      R 2  buy $ 50,571.17   sel     $89,995.00   [strat=market_expert_value_justifier]
      R 3  buy $ 45,077.37   sel     $89,995.00   [strat=market_expert_value_justifier]
      R 4  buy $ 59,225.21   sel     $86,500.00   [strat=market_expert_value_justifier]
      R 5  buy $ 23,980.47   sel     $86,000.00   [strat=market_expert_value_justifier]
      R 6  buy $ 47,788.63   sel     $84,000.00   [strat=market_expert_value_justifier]
      R 7  buy $ 59,745.49   sel     $82,000.00   [strat=market_expert_value_justifier]
      R 8  buy $  2,731.04   sel     $80,000.00   [strat=market_expert_value_justifier]
      R 9  buy $ 30,091.22   sel     $78,000.00   [strat=market_expert_value_justifier]
      R10  buy $ 26,403.39   sel     $76,000.00   [strat=market_expert_value_justifier]
      R11  buy $  9,122.89   sel     $75,000.00   [strat=market_expert_value_justifier]
      R12  buy $  8,967.73   sel     $74,000.00   [strat=market_expert_value_justifier]
      R13  buy $ 62,495.64   sel     $72,500.00   [strat=market_expert_value_justifier]
      R14  buy $ 10,693.72   sel     $71,000.00   [strat=market_expert_value_justifier]
      R15  buy $    713.65   sel     $71,000.00   [strat=market_expert_value_justifier]
      R16  buy $ 22,634.29   sel     $70,500.00   [strat=market_expert_value_justifier]
   run 29 done in 5.5 min

   run 30/30 on 2014 Mercedes-Benz S550  seed=20760449
      R 1  buy $ 53,763.56   sel     $57,995.00   [strat=market_expert_value_justifier] *
      R 2  buy $ 57,242.88   sel     $57,750.00   [strat=market_expert_value_justifier]
      R 3  buy $    724.03   sel     $57,750.00   [strat=market_expert_value_justifier]
      R 4  buy $  3,333.64   sel     $57,750.00   [strat=market_expert_value_justifier]
      R 5  buy $ 27,719.42   sel     $57,250.00   [strat=market_expert_value_justifier]
      R 6  buy $ 15,694.72   sel     $57,250.00   [strat=market_expert_value_justifier]
      R 7  buy $ 21,597.02   sel     $57,250.00   [strat=market_expert_value_justifier]
      R 8  buy $ 31,745.70   sel     $57,250.00   [strat=market_expert_value_justifier]
      R 9  buy $ 22,052.77   sel     $57,000.00   [strat=market_expert_value_justifier]
      R10  buy $ 41,885.83   sel     $56,500.00   [strat=market_expert_value_justifier]
      R11  buy $ 13,644.03   sel     $56,500.00   [strat=market_expert_value_justifier]
      R12  buy $ 34,896.93   sel     $56,500.00   [strat=market_expert_value_justifier]
      R13  buy $  4,832.55   sel     $49,500.00   [strat=market_expert_value_justifier]
      R14  buy $ 20,726.58   sel     $48,500.00   [strat=market_expert_value_justifier]
      R15  buy $ 34,652.80   sel     $48,000.00   [strat=market_expert_value_justifier]
      R16  buy $ 33,810.71   sel     $47,000.00   [strat=market_expert_value_justifier]
   run 30 done in 7.1 min

   ---> checkpoint: car 1/5 done in 168.3 min; total so far 168.3 min; saved 30 runs to exp05_fixed_market_expert_value_justifier.json

--- CAR 2/5: 2016 Cadillac CTS 3.6 Luxury  (M=$45,000.00  cost=$15,750.00  cost/M=35.00%) ---

   run 1/30 on 2016 Cadillac CTS 3.6 Luxury  seed=20761420
      R 1  buy $  1,070.19   sel     $17,999.99   [strat=market_expert_value_justifier] *
      R 2  buy $  9,843.48   sel     $16,499.99   [strat=market_expert_value_justifier]
      R 3  buy $ 14,449.83   sel     $15,999.99   [strat=market_expert_value_justifier]
      R 4  buy $  8,356.57   sel     $15,999.99   [strat=market_expert_value_justifier]
      R 5  buy $    479.84   sel     $15,999.99   [strat=market_expert_value_justifier]
      R 6  buy $  7,552.23   sel     $15,999.99   [strat=market_expert_value_justifier]
      R 7  buy $  9,993.21   sel     $15,999.99   [strat=market_expert_value_justifier]
      R 8  buy $ 11,606.53   sel     $15,999.99   [strat=market_expert_value_justifier]
      R 9  buy $ 13,684.65   sel     $15,999.99   [strat=market_expert_value_justifier]
      R10  buy $  6,149.57   sel     $15,999.99   [strat=market_expert_value_justifier]
      R11  buy $  8,841.91   sel     $15,999.99   [strat=market_expert_value_justifier]
      R12  buy $  5,091.56   sel     $15,999.99   [strat=market_expert_value_justifier]
      R13  buy $  6,224.88   sel     $15,999.99   [strat=market_expert_value_justifier]
      R14  buy $  5,965.15   sel     $15,999.99   [strat=market_expert_value_justifier]
      R15  buy $  8,845.41   sel     $15,999.99   [strat=market_expert_value_justifier]
      R16  buy $  2,624.31   sel     $15,999.99   [strat=market_expert_value_justifier]
   run 1 done in 5.8 min

   run 2/30 on 2016 Cadillac CTS 3.6 Luxury  seed=20761421
      R 1  buy $ 19,213.46   sel     $21,995.00   [strat=market_expert_value_justifier] *
      R 2  buy $  5,172.08   sel     $21,500.00   [strat=market_expert_value_justifier]
      R 3  buy $  1,296.16   sel     $20,995.00   [strat=market_expert_value_justifier]
      R 4  buy $  3,080.31   sel     $20,995.00   [strat=market_expert_value_justifier]
      R 5  buy $  5,071.46   sel     $20,500.00   [strat=market_expert_value_justifier]
      R 6  buy $ 13,707.59   sel     $19,995.00   [strat=market_expert_value_justifier]
      R 7  buy $  5,295.83   sel     $19,995.00   [strat=market_expert_value_justifier]
      R 8  buy $ 11,136.32   sel     $19,500.00   [strat=market_expert_value_justifier]
      R 9  buy $  7,390.32   sel     $19,500.00   [strat=market_expert_value_justifier]
      R10  buy $ 11,489.81   sel     $18,995.00   [strat=market_expert_value_justifier]
      R11  buy $  4,304.68   sel     $18,995.00   [strat=market_expert_value_justifier]
      R12  buy $ 16,688.81   sel     $18,500.00   [strat=market_expert_value_justifier]
      R13  buy $ 15,546.25   sel     $17,995.00   [strat=market_expert_value_justifier]
      R14  buy $  1,089.55   sel     $17,500.00   [strat=market_expert_value_justifier]
      R15  buy $ 12,249.65   sel     $17,500.00   [strat=market_expert_value_justifier]
      R16  buy $  2,305.62   sel     $17,000.00   [strat=market_expert_value_justifier]
   run 2 done in 6.2 min

   run 3/30 on 2016 Cadillac CTS 3.6 Luxury  seed=20761422
      R 1  buy $ 11,461.79   sel     $20,900.00   [strat=market_expert_value_justifier] *
      R 2  buy $  5,840.23   sel     $20,500.00   [strat=market_expert_value_justifier]
      R 3  buy $ 14,413.47   sel     $19,900.00   [strat=market_expert_value_justifier]
      R 4  buy $ 17,119.68   sel     $18,500.00   [strat=market_expert_value_justifier]
      R 5  buy $  2,708.36   sel     $18,000.00   [strat=market_expert_value_justifier]
      R 6  buy $ 16,760.80   sel     $17,400.00   [strat=market_expert_value_justifier]
      R 7  buy $  7,217.42   sel     $17,000.00   [strat=market_expert_value_justifier]
      R 8  buy $ 10,669.29   sel     $16,500.00   [strat=market_expert_value_justifier]
      R 9  buy $  8,283.56   sel     $16,000.00   [strat=market_expert_value_justifier]
      R10  buy $  9,212.23   sel     $15,900.00   [strat=market_expert_value_justifier]
      R11  buy $ 15,700.69   sel     $15,800.00   [strat=market_expert_value_justifier]
      R12  buy $ 14,292.58   sel     $15,800.00   [strat=market_expert_value_justifier]
      R13  buy $ 13,946.34   sel     PARSE-FAIL   [strat=market_expert_value_justifier]
      R14  buy $  8,945.41   sel     $15,800.00   [strat=market_expert_value_justifier]
      R15  buy $ 12,460.98   sel     $15,800.00   [strat=market_expert_value_justifier]
      R16  buy $  1,288.57   sel     $15,790.00   [strat=market_expert_value_justifier]
   run 3 done in 6.3 min

   run 4/30 on 2016 Cadillac CTS 3.6 Luxury  seed=20761423
      R 1  buy $ 26,119.98   sel     $29,000.00   [strat=market_expert_value_justifier] *
      R 2  buy $ 24,603.97   sel     $28,500.00   [strat=market_expert_value_justifier]
      R 3  buy $ 16,803.44   sel     $28,500.00   [strat=market_expert_value_justifier]
      R 4  buy $ 21,257.13   sel     $27,500.00   [strat=market_expert_value_justifier]
      R 5  buy $ 12,698.99   sel     $27,500.00   [strat=market_expert_value_justifier]
      R 6  buy $  6,956.11   sel     $27,500.00   [strat=market_expert_value_justifier]
      R 7  buy $  5,109.77   sel     $27,500.00   [strat=market_expert_value_justifier]
      R 8  buy $ 27,049.13   sel     $27,049.13   [strat=market_expert_value_justifier]
      R 9  buy $ 23,128.02   sel     $27,500.00   [strat=market_expert_value_justifier]
      R10  buy $ 11,191.45   sel     $27,000.00   [strat=market_expert_value_justifier]
      R11  buy $  1,005.26   sel     $27,000.00   [strat=market_expert_value_justifier]
      R12  buy $  6,295.25   sel     $26,500.00   [strat=market_expert_value_justifier]
      R13  buy $  6,504.46   sel     $26,000.00   [strat=market_expert_value_justifier]
      R14  buy $ 21,774.82   sel     $25,000.00   [strat=market_expert_value_justifier]
      R15  buy $ 19,650.93   sel     $24,500.00   [strat=market_expert_value_justifier]
      R16  buy $    668.03   sel     $24,000.00   [strat=market_expert_value_justifier]
   run 4 done in 6.3 min

   run 5/30 on 2016 Cadillac CTS 3.6 Luxury  seed=20761424
      R 1  buy $ 42,028.15   sel     $44,250.00   [strat=market_expert_value_justifier] *
      R 2  buy $ 34,805.20   sel     $43,500.00   [strat=market_expert_value_justifier]
      R 3  buy $  2,163.41   sel     $43,000.00   [strat=market_expert_value_justifier]
      R 4  buy $ 28,677.42   sel     $42,500.00   [strat=market_expert_value_justifier]
      R 5  buy $  7,050.54   sel     $41,500.00   [strat=market_expert_value_justifier]
      R 6  buy $ 29,694.60   sel     $40,000.00   [strat=market_expert_value_justifier]
      R 7  buy $ 23,926.03   sel     $39,500.00   [strat=market_expert_value_justifier]
      R 8  buy $ 27,763.21   sel     $38,500.00   [strat=market_expert_value_justifier]
      R 9  buy $ 26,269.74   sel     $36,500.00   [strat=market_expert_value_justifier]
      R10  buy $ 22,968.96   sel     $35,000.00   [strat=market_expert_value_justifier]
      R11  buy $  6,378.95   sel     $34,500.00   [strat=market_expert_value_justifier]
      R12  buy $ 25,911.09   sel     $33,500.00   [strat=market_expert_value_justifier]
      R13  buy $  4,620.08   sel     $32,500.00   [strat=market_expert_value_justifier]
      R14  buy $  2,775.18   sel     $32,000.00   [strat=market_expert_value_justifier]
      R15  buy $ 23,772.01   sel     $31,500.00   [strat=market_expert_value_justifier]
      R16  buy $ 12,548.74   sel     $31,000.00   [strat=market_expert_value_justifier]
   run 5 done in 9.1 min

   run 6/30 on 2016 Cadillac CTS 3.6 Luxury  seed=20761425
      R 1  buy $ 10,011.31   sel     $18,000.00   [strat=market_expert_value_justifier] *
      R 2  buy $    540.34   sel     $18,000.00   [strat=market_expert_value_justifier]
      R 3  buy $  1,980.07   sel     $18,000.00   [strat=market_expert_value_justifier]
      R 4  buy $ 13,035.36   sel     $18,000.00   [strat=market_expert_value_justifier]
      R 5  buy $ 10,675.11   sel     $18,000.00   [strat=market_expert_value_justifier]
      R 6  buy $ 17,327.90   sel     $17,800.00   [strat=market_expert_value_justifier]
      R 7  buy $ 15,112.86   sel     $17,600.00   [strat=market_expert_value_justifier]
      R 8  buy $  8,579.17   sel     $17,400.00   [strat=market_expert_value_justifier]
      R 9  buy $  4,231.86   sel     $17,400.00   [strat=market_expert_value_justifier]
      R10  buy $  5,586.15   sel     $17,400.00   [strat=market_expert_value_justifier]
      R11  buy $ 13,490.72   sel     $17,000.00   [strat=market_expert_value_justifier]
      R12  buy $ 14,093.40   sel     $17,000.00   [strat=market_expert_value_justifier]
      R13  buy $ 12,374.21   sel     $17,000.00   [strat=market_expert_value_justifier]
      R14  buy $  2,830.77   sel     $17,000.00   [strat=market_expert_value_justifier]
      R15  buy $  3,718.66   sel     $17,000.00   [strat=market_expert_value_justifier]
      R16  buy $ 10,941.64   sel     $17,000.00   [strat=market_expert_value_justifier]
   run 6 done in 7.5 min

   run 7/30 on 2016 Cadillac CTS 3.6 Luxury  seed=20761426
      R 1  buy $ 24,395.48   sel     $27,495.00   [strat=market_expert_value_justifier] *
      R 2  buy $  7,026.03   sel     $26,995.00   [strat=market_expert_value_justifier]
      R 3  buy $ 21,578.56   sel     $26,500.00   [strat=market_expert_value_justifier]
      R 4  buy $ 11,370.60   sel     $26,250.00   [strat=market_expert_value_justifier]
      R 5  buy $  9,989.93   sel     $25,999.00   [strat=market_expert_value_justifier]
      R 6  buy $ 15,864.68   sel     $25,500.00   [strat=market_expert_value_justifier]
      R 7  buy $ 15,896.46   sel     $25,000.00   [strat=market_expert_value_justifier]
      R 8  buy $  4,555.54   sel     $24,900.00   [strat=market_expert_value_justifier]
      R 9  buy $  5,133.73   sel     $24,850.00   [strat=market_expert_value_justifier]
      R10  buy $ 22,795.04   sel     $24,500.00   [strat=market_expert_value_justifier]
      R11  buy $ 20,456.49   sel     $24,000.00   [strat=market_expert_value_justifier]
      R12  buy $  9,953.40   sel     $23,750.00   [strat=market_expert_value_justifier]
      R13  buy $     62.21   sel     $23,500.00   [strat=market_expert_value_justifier]
      R14  buy $ 16,886.03   sel     $23,250.00   [strat=market_expert_value_justifier]
      R15  buy $ 18,086.25   sel     $22,500.00   [strat=market_expert_value_justifier]
      R16  buy $  2,788.63   sel     $22,000.00   [strat=market_expert_value_justifier]
   run 7 done in 5.7 min

   run 8/30 on 2016 Cadillac CTS 3.6 Luxury  seed=20761427
      R 1  buy $  3,572.04   sel     $37,500.00   [strat=market_expert_value_justifier] *
      R 2  buy $ 30,208.65   sel     $35,500.00   [strat=market_expert_value_justifier]
      R 3  buy $ 13,108.62   sel     $35,500.00   [strat=market_expert_value_justifier]
      R 4  buy $ 26,678.16   sel     $32,500.00   [strat=market_expert_value_justifier]
      R 5  buy $ 13,380.22   sel     $30,000.00   [strat=market_expert_value_justifier]
      R 6  buy $  6,314.05   sel     $28,500.00   [strat=market_expert_value_justifier]
      R 7  buy $ 13,202.21   sel     $27,900.00   [strat=market_expert_value_justifier]
      R 8  buy $ 13,980.00   sel     $26,900.00   [strat=market_expert_value_justifier]
      R 9  buy $ 13,251.19   sel     $26,500.00   [strat=market_expert_value_justifier]
      R10  buy $ 24,124.64   sel     $25,900.00   [strat=market_expert_value_justifier]
      R11  buy $    344.51   sel     $25,500.00   [strat=market_expert_value_justifier]
      R12  buy $  7,461.48   sel     $24,900.00   [strat=market_expert_value_justifier]
      R13  buy $ 15,713.87   sel     $24,500.00   [strat=market_expert_value_justifier]
      R14  buy $  7,655.08   sel     $24,000.00   [strat=market_expert_value_justifier]
      R15  buy $    653.70   sel     $23,900.00   [strat=market_expert_value_justifier]
      R16  buy $    599.77   sel     $23,500.00   [strat=market_expert_value_justifier]
   run 8 done in 6.1 min

   run 9/30 on 2016 Cadillac CTS 3.6 Luxury  seed=20761428
      R 1  buy $  3,211.05   sel     $26,500.00   [strat=market_expert_value_justifier] *
      R 2  buy $ 19,931.20   sel     $24,500.00   [strat=market_expert_value_justifier]
      R 3  buy $  9,586.81   sel     $23,900.00   [strat=market_expert_value_justifier]
      R 4  buy $ 17,967.18   sel     $22,500.00   [strat=market_expert_value_justifier]
      R 5  buy $  7,295.08   sel     $22,500.00   [strat=market_expert_value_justifier]
      R 6  buy $ 14,261.39   sel     $22,500.00   [strat=market_expert_value_justifier]
      R 7  buy $ 20,813.29   sel     $22,000.00   [strat=market_expert_value_justifier]
      R 8  buy $  2,131.95   sel     $22,000.00   [strat=market_expert_value_justifier]
      R 9  buy $ 14,098.71   sel     $21,500.00   [strat=market_expert_value_justifier]
      R10  buy $  6,194.68   sel     $21,500.00   [strat=market_expert_value_justifier]
      R11  buy $ 13,244.98   sel     $21,000.00   [strat=market_expert_value_justifier]
      R12  buy $  4,040.28   sel     $21,000.00   [strat=market_expert_value_justifier]
      R13  buy $  3,723.64   sel     $21,000.00   [strat=market_expert_value_justifier]
      R14  buy $ 15,492.70   sel     $15,900.00   [strat=market_expert_value_justifier]
      R15  buy $  7,638.40   sel     $15,900.00   [strat=market_expert_value_justifier]
      R16  buy $  4,494.15   sel     $15,900.00   [strat=market_expert_value_justifier]
   run 9 done in 5.5 min

   run 10/30 on 2016 Cadillac CTS 3.6 Luxury  seed=20761429
      R 1  buy $ 29,113.73   sel     $34,995.00   [strat=market_expert_value_justifier] *
      R 2  buy $ 25,125.54   sel     $31,500.00   [strat=market_expert_value_justifier]
      R 3  buy $ 30,300.87   sel     $30,900.00   [strat=market_expert_value_justifier]
      R 4  buy $ 12,788.21   sel     $30,900.00   [strat=market_expert_value_justifier]
      R 5  buy $ 12,481.07   sel     $30,900.00   [strat=market_expert_value_justifier]
      R 6  buy $  6,969.25   sel     $30,900.00   [strat=market_expert_value_justifier]
      R 7  buy $ 26,110.69   sel     $30,900.00   [strat=market_expert_value_justifier]
      R 8  buy $ 15,338.91   sel     $30,900.00   [strat=market_expert_value_justifier]
      R 9  buy $ 13,229.85   sel     $30,900.00   [strat=market_expert_value_justifier]
      R10  buy $  3,435.13   sel     $30,900.00   [strat=market_expert_value_justifier]
      R11  buy $ 11,937.17   sel     $30,900.00   [strat=market_expert_value_justifier]
      R12  buy $ 28,740.69   sel     $30,900.00   [strat=market_expert_value_justifier]
      R13  buy $ 30,818.86   sel     $30,818.86   [strat=market_expert_value_justifier]
      R14  buy $ 28,800.65   sel     $30,500.00   [strat=market_expert_value_justifier]
      R15  buy $ 27,643.12   sel     $30,000.00   [strat=market_expert_value_justifier]
      R16  buy $  9,934.29   sel     $30,000.00   [strat=market_expert_value_justifier]
   run 10 done in 7.4 min

   run 11/30 on 2016 Cadillac CTS 3.6 Luxury  seed=20761430
      R 1  buy $ 25,865.81   sel     $34,250.00   [strat=market_expert_value_justifier] *
      R 2  buy $ 33,876.16   sel     $34,000.00   [strat=market_expert_value_justifier]
      R 3  buy $ 15,802.54   sel     $34,000.00   [strat=market_expert_value_justifier]
      R 4  buy $ 24,872.46   sel     $33,500.00   [strat=market_expert_value_justifier]
      R 5  buy $ 27,288.95   sel     $33,500.00   [strat=market_expert_value_justifier]
      R 6  buy $ 27,405.61   sel     $33,250.00   [strat=market_expert_value_justifier]
      R 7  buy $ 14,319.94   sel     $33,250.00   [strat=market_expert_value_justifier]
      R 8  buy $  6,633.46   sel     $33,250.00   [strat=market_expert_value_justifier]
      R 9  buy $ 21,554.58   sel     $33,000.00   [strat=market_expert_value_justifier]
      R10  buy $  1,810.32   sel     $33,000.00   [strat=market_expert_value_justifier]
      R11  buy $ 11,152.42   sel     $33,000.00   [strat=market_expert_value_justifier]
      R12  buy $ 29,851.90   sel     $32,000.00   [strat=market_expert_value_justifier]
      R13  buy $ 31,200.75   sel     $31,600.00   [strat=market_expert_value_justifier]
      R14  buy $ 27,181.20   sel     $30,000.00   [strat=market_expert_value_justifier]
      R15  buy $ 18,951.39   sel     $29,500.00   [strat=market_expert_value_justifier]
      R16  buy $ 24,670.99   sel     $28,900.00   [strat=market_expert_value_justifier]
   run 11 done in 5.5 min

   run 12/30 on 2016 Cadillac CTS 3.6 Luxury  seed=20761431
      R 1  buy $  4,037.42   sel     $39,500.00   [strat=market_expert_value_justifier] *
      R 2  buy $ 19,802.23   sel     $29,500.00   [strat=market_expert_value_justifier]
      R 3  buy $  3,278.29   sel     $28,500.00   [strat=market_expert_value_justifier]
      R 4  buy $ 17,169.42   sel     $25,500.00   [strat=market_expert_value_justifier]
      R 5  buy $ 22,715.74   sel     $24,100.00   [strat=market_expert_value_justifier]
      R 6  buy $ 20,074.19   sel     $23,000.00   [strat=market_expert_value_justifier]
      R 7  buy $  4,928.99   sel     $23,000.00   [strat=market_expert_value_justifier]
      R 8  buy $  3,203.18   sel     $22,500.00   [strat=market_expert_value_justifier]
      R 9  buy $  9,915.75   sel     $22,500.00   [strat=market_expert_value_justifier]
      R10  buy $ 10,263.26   sel     $22,500.00   [strat=market_expert_value_justifier]
      R11  buy $  3,631.72   sel     $22,500.00   [strat=market_expert_value_justifier]
      R12  buy $ 20,289.82   sel     $22,000.00   [strat=market_expert_value_justifier]
      R13  buy $  9,773.90   sel     $22,000.00   [strat=market_expert_value_justifier]
      R14  buy $ 16,240.23   sel     $20,500.00   [strat=market_expert_value_justifier]
      R15  buy $ 14,927.60   sel     $19,900.00   [strat=market_expert_value_justifier]
      R16  buy $  2,338.59   sel     $19,500.00   [strat=market_expert_value_justifier]
   run 12 done in 6.6 min

   run 13/30 on 2016 Cadillac CTS 3.6 Luxury  seed=20761432
      R 1  buy $  7,520.69   sel     $23,999.00   [strat=market_expert_value_justifier] *
      R 2  buy $ 22,045.66   sel     $23,500.00   [strat=market_expert_value_justifier]
      R 3  buy $ 17,425.95   sel     $22,500.00   [strat=market_expert_value_justifier]
      R 4  buy $ 21,594.34   sel     $22,000.00   [strat=market_expert_value_justifier]
      R 5  buy $  8,366.22   sel     $21,500.00   [strat=market_expert_value_justifier]
      R 6  buy $ 16,830.41   sel     $20,500.00   [strat=market_expert_value_justifier]
      R 7  buy $ 15,657.46   sel     $19,500.00   [strat=market_expert_value_justifier]
      R 8  buy $  8,280.45   sel     $18,999.00   [strat=market_expert_value_justifier]
      R 9  buy $ 13,023.91   sel     $18,999.00   [strat=market_expert_value_justifier]
      R10  buy $ 13,029.86   sel     $18,999.00   [strat=market_expert_value_justifier]
      R11  buy $  5,830.86   sel     $18,500.00   [strat=market_expert_value_justifier]
      R12  buy $ 15,344.05   sel     $18,000.00   [strat=market_expert_value_justifier]
      R13  buy $     34.82   sel     $18,000.00   [strat=market_expert_value_justifier]
      R14  buy $  8,280.27   sel     $17,500.00   [strat=market_expert_value_justifier]
      R15  buy $ 15,716.38   sel     $17,000.00   [strat=market_expert_value_justifier]
      R16  buy $  4,924.88   sel     $17,000.00   [strat=market_expert_value_justifier]
   run 13 done in 5.9 min

   run 14/30 on 2016 Cadillac CTS 3.6 Luxury  seed=20761433
      R 1  buy $ 15,103.64   sel     $17,500.00   [strat=market_expert_value_justifier] *
      R 2  buy $  3,885.87   sel     $17,000.00   [strat=market_expert_value_justifier]
      R 3  buy $ 14,020.27   sel     $16,500.00   [strat=market_expert_value_justifier]
      R 4  buy $    264.91   sel     $16,500.00   [strat=market_expert_value_justifier]
      R 5  buy $  5,601.40   sel     $16,500.00   [strat=market_expert_value_justifier]
      R 6  buy $ 10,906.35   sel     $16,000.00   [strat=market_expert_value_justifier]
      R 7  buy $ 13,815.69   sel     $15,900.00   [strat=market_expert_value_justifier]
      R 8  buy $ 11,909.75   sel     $15,900.00   [strat=market_expert_value_justifier]
      R 9  buy $  9,239.15   sel     $15,900.00   [strat=market_expert_value_justifier]
      R10  buy $  2,794.77   sel     $15,900.00   [strat=market_expert_value_justifier]
      R11  buy $  4,508.22   sel     $15,900.00   [strat=market_expert_value_justifier]
      R12  buy $  8,866.39   sel     $15,900.00   [strat=market_expert_value_justifier]
      R13  buy $    470.94   sel     $15,900.00   [strat=market_expert_value_justifier]
      R14  buy $  7,323.82   sel     $15,900.00   [strat=market_expert_value_justifier]
      R15  buy $  3,715.22   sel     $15,900.00   [strat=market_expert_value_justifier]
      R16  buy $ 11,261.05   sel     $15,800.00   [strat=market_expert_value_justifier]
   run 14 done in 5.4 min

   run 15/30 on 2016 Cadillac CTS 3.6 Luxury  seed=20761434
      R 1  buy $ 27,695.67   sel     $31,995.00   [strat=market_expert_value_justifier] *
      R 2  buy $  5,795.56   sel     $31,000.00   [strat=market_expert_value_justifier]
      R 3  buy $ 14,595.79   sel     $29,995.00   [strat=market_expert_value_justifier]
      R 4  buy $  7,830.37   sel     $28,500.00   [strat=market_expert_value_justifier]
      R 5  buy $  6,911.85   sel     $27,999.00   [strat=market_expert_value_justifier]
      R 6  buy $  5,903.61   sel     $27,999.00   [strat=market_expert_value_justifier]
      R 7  buy $ 23,226.96   sel     $26,500.00   [strat=market_expert_value_justifier]
      R 8  buy $  6,674.77   sel     $26,500.00   [strat=market_expert_value_justifier]
      R 9  buy $ 14,022.58   sel     $25,500.00   [strat=market_expert_value_justifier]
      R10  buy $ 15,514.65   sel     $24,999.00   [strat=market_expert_value_justifier]
      R11  buy $    809.39   sel     $24,500.00   [strat=market_expert_value_justifier]
      R12  buy $     64.43   sel     $24,000.00   [strat=market_expert_value_justifier]
      R13  buy $ 16,003.24   sel     $23,500.00   [strat=market_expert_value_justifier]
      R14  buy $ 22,029.43   sel     $22,800.00   [strat=market_expert_value_justifier]
      R15  buy $ 22,740.28   sel     $22,740.28   [strat=market_expert_value_justifier]
      R16  buy $ 21,533.11   sel     $22,000.00   [strat=market_expert_value_justifier]
   run 15 done in 6.2 min

   run 16/30 on 2016 Cadillac CTS 3.6 Luxury  seed=20761435
      R 1  buy $ 14,449.94   sel     $17,500.00   [strat=market_expert_value_justifier] *
      R 2  buy $ 17,187.62   sel     $17,350.00   [strat=market_expert_value_justifier]
      R 3  buy $ 13,287.16   sel     $17,350.00   [strat=market_expert_value_justifier]
      R 4  buy $  6,491.65   sel     $17,350.00   [strat=market_expert_value_justifier]
      R 5  buy $ 10,538.51   sel     $17,350.00   [strat=market_expert_value_justifier]
      R 6  buy $ 17,260.85   sel     $17,260.85   [strat=market_expert_value_justifier]
      R 7  buy $    531.47   sel     $17,260.85   [strat=market_expert_value_justifier]
      R 8  buy $ 15,584.34   sel     $16,900.00   [strat=market_expert_value_justifier]
      R 9  buy $  1,128.70   sel     $16,500.00   [strat=market_expert_value_justifier]
      R10  buy $ 11,001.74   sel     $16,200.00   [strat=market_expert_value_justifier]
      R11  buy $ 12,882.37   sel     $16,000.00   [strat=market_expert_value_justifier]
      R12  buy $  5,735.31   sel     $15,800.00   [strat=market_expert_value_justifier]
      R13  buy $  7,302.67   sel     $15,750.00   [strat=market_expert_value_justifier]
      R14  buy $  4,004.26   sel     $15,750.00   [strat=market_expert_value_justifier]
      R15  buy $    109.48   sel     $15,750.00   [strat=market_expert_value_justifier]
      R16  buy $  6,665.63   sel     $15,750.00   [strat=market_expert_value_justifier]
   run 16 done in 5.2 min

   run 17/30 on 2016 Cadillac CTS 3.6 Luxury  seed=20761436
      R 1  buy $ 24,633.23   sel     $27,995.00   [strat=market_expert_value_justifier] *
      R 2  buy $ 27,388.35   sel     $27,750.00   [strat=market_expert_value_justifier]
      R 3  buy $ 19,982.03   sel     $27,500.00   [strat=market_expert_value_justifier]
      R 4  buy $ 21,713.89   sel     $27,250.00   [strat=market_expert_value_justifier]
      R 5  buy $ 23,168.94   sel     $26,995.00   [strat=market_expert_value_justifier]
      R 6  buy $ 17,544.45   sel     $26,500.00   [strat=market_expert_value_justifier]
      R 7  buy $  7,139.50   sel     $26,500.00   [strat=market_expert_value_justifier]
      R 8  buy $ 25,876.60   sel     $26,250.00   [strat=market_expert_value_justifier]
      R 9  buy $    585.34   sel     $25,999.00   [strat=market_expert_value_justifier]
      R10  buy $ 10,242.91   sel     $25,500.00   [strat=market_expert_value_justifier]
      R11  buy $ 19,452.69   sel     $24,999.00   [strat=market_expert_value_justifier]
      R12  buy $  1,523.69   sel     $22,000.00   [strat=market_expert_value_justifier]
      R13  buy $  5,818.37   sel     $19,500.00   [strat=market_expert_value_justifier]
      R14  buy $  8,539.41   sel     $18,500.00   [strat=market_expert_value_justifier]
      R15  buy $ 11,018.46   sel     $18,500.00   [strat=market_expert_value_justifier]
      R16  buy $  5,670.37   sel     $17,000.00   [strat=market_expert_value_justifier]
   run 17 done in 6.4 min

   run 18/30 on 2016 Cadillac CTS 3.6 Luxury  seed=20761437
      R 1  buy $ 18,036.76   sel     $21,500.00   [strat=market_expert_value_justifier] *
      R 2  buy $  6,866.97   sel     $20,999.00   [strat=market_expert_value_justifier]
      R 3  buy $ 10,363.51   sel     $20,500.00   [strat=market_expert_value_justifier]
      R 4  buy $ 15,779.41   sel     $19,500.00   [strat=market_expert_value_justifier]
      R 5  buy $  2,238.86   sel     $19,500.00   [strat=market_expert_value_justifier]
      R 6  buy $  6,283.66   sel     $19,000.00   [strat=market_expert_value_justifier]
      R 7  buy $  8,792.61   sel     $18,500.00   [strat=market_expert_value_justifier]
      R 8  buy $ 10,568.67   sel     $17,750.00   [strat=market_expert_value_justifier]
      R 9  buy $  6,761.43   sel     $17,500.00   [strat=market_expert_value_justifier]
      R10  buy $  5,158.15   sel     $17,500.00   [strat=market_expert_value_justifier]
      R11  buy $ 13,276.11   sel     $17,250.00   [strat=market_expert_value_justifier]
      R12  buy $  4,909.19   sel     $16,999.00   [strat=market_expert_value_justifier]
      R13  buy $ 14,817.26   sel     $16,500.00   [strat=market_expert_value_justifier]
      R14  buy $  8,357.47   sel     $16,250.00   [strat=market_expert_value_justifier]
      R15  buy $ 14,169.08   sel     $15,999.00   [strat=market_expert_value_justifier]
      R16  buy $ 15,194.84   sel     $15,850.00   [strat=market_expert_value_justifier]
   run 18 done in 8.6 min

   run 19/30 on 2016 Cadillac CTS 3.6 Luxury  seed=20761438
      R 1  buy $ 32,809.74   sel     $37,995.00   [strat=market_expert_value_justifier] *
      R 2  buy $ 19,335.72   sel     $36,995.00   [strat=market_expert_value_justifier]
      R 3  buy $ 28,043.88   sel     $36,500.00   [strat=market_expert_value_justifier]
      R 4  buy $ 19,349.12   sel     $36,250.00   [strat=market_expert_value_justifier]
      R 5  buy $ 28,213.80   sel     $36,000.00   [strat=market_expert_value_justifier]
      R 6  buy $ 27,437.61   sel     $35,750.00   [strat=market_expert_value_justifier]
      R 7  buy $  1,701.72   sel     $35,750.00   [strat=market_expert_value_justifier]
      R 8  buy $  5,862.36   sel     $35,500.00   [strat=market_expert_value_justifier]
      R 9  buy $ 25,055.70   sel     $35,000.00   [strat=market_expert_value_justifier]
      R10  buy $ 30,520.33   sel     $34,500.00   [strat=market_expert_value_justifier]
      R11  buy $ 11,798.70   sel     $34,000.00   [strat=market_expert_value_justifier]
      R12  buy $ 23,499.62   sel     $33,500.00   [strat=market_expert_value_justifier]
      R13  buy $  6,765.53   sel     $33,000.00   [strat=market_expert_value_justifier]
      R14  buy $ 23,956.99   sel     $32,500.00   [strat=market_expert_value_justifier]
      R15  buy $  1,349.56   sel     $32,000.00   [strat=market_expert_value_justifier]
      R16  buy $  4,611.35   sel     $31,500.00   [strat=market_expert_value_justifier]
   run 19 done in 7.3 min

   run 20/30 on 2016 Cadillac CTS 3.6 Luxury  seed=20761439
      R 1  buy $ 13,000.59   sel     $17,499.00   [strat=market_expert_value_justifier] *
      R 2  buy $  6,073.18   sel     $16,995.00   [strat=market_expert_value_justifier]
      R 3  buy $ 16,389.07   sel     $16,600.00   [strat=market_expert_value_justifier]
      R 4  buy $ 14,413.21   sel     $16,600.00   [strat=market_expert_value_justifier]
      R 5  buy $  7,568.14   sel     $16,600.00   [strat=market_expert_value_justifier]
      R 6  buy $ 11,235.35   sel     $16,600.00   [strat=market_expert_value_justifier]
      R 7  buy $ 11,677.97   sel     $16,500.00   [strat=market_expert_value_justifier]
      R 8  buy $ 15,242.34   sel     $16,250.00   [strat=market_expert_value_justifier]
      R 9  buy $ 11,130.14   sel     $16,000.00   [strat=market_expert_value_justifier]
      R10  buy $  6,647.23   sel     $16,000.00   [strat=market_expert_value_justifier]
      R11  buy $ 15,362.35   sel     $15,900.00   [strat=market_expert_value_justifier]
      R12  buy $ 13,855.71   sel     $15,800.00   [strat=market_expert_value_justifier]
      R13  buy $ 10,915.55   sel     $15,800.00   [strat=market_expert_value_justifier]
      R14  buy $  8,654.69   sel     $15,800.00   [strat=market_expert_value_justifier]
      R15  buy $ 13,997.71   sel     $15,700.00   [strat=market_expert_value_justifier]
      R16  buy $  3,468.95   sel     $15,700.00   [strat=market_expert_value_justifier]
   run 20 done in 8.1 min

   run 21/30 on 2016 Cadillac CTS 3.6 Luxury  seed=20761440
      R 1  buy $ 21,299.82   sel     $24,995.00   [strat=market_expert_value_justifier] *
      R 2  buy $ 10,567.35   sel     $23,500.00   [strat=market_expert_value_justifier]
      R 3  buy $  5,127.91   sel     $23,500.00   [strat=market_expert_value_justifier]
      R 4  buy $ 21,175.96   sel     $22,500.00   [strat=market_expert_value_justifier]
      R 5  buy $  4,364.67   sel     $22,500.00   [strat=market_expert_value_justifier]
      R 6  buy $ 22,284.33   sel     $22,250.00   [strat=market_expert_value_justifier]
      R 7  buy $  8,561.94   sel     $22,250.00   [strat=market_expert_value_justifier]
      R 8  buy $    663.37   sel     $22,250.00   [strat=market_expert_value_justifier]
      R 9  buy $ 16,761.30   sel     $21,999.00   [strat=market_expert_value_justifier]
      R10  buy $ 20,925.74   sel     $21,500.00   [strat=market_expert_value_justifier]
      R11  buy $  3,573.26   sel     $21,500.00   [strat=market_expert_value_justifier]
      R12  buy $  1,296.23   sel     $21,500.00   [strat=market_expert_value_justifier]
      R13  buy $  4,644.74   sel     $21,500.00   [strat=market_expert_value_justifier]
      R14  buy $  6,807.56   sel     $21,500.00   [strat=market_expert_value_justifier]
      R15  buy $ 21,310.29   sel     $21,310.29   [strat=market_expert_value_justifier]
      R16  buy $ 20,913.65   sel     $21,310.29   [strat=market_expert_value_justifier]
   run 21 done in 7.2 min

   run 22/30 on 2016 Cadillac CTS 3.6 Luxury  seed=20761441
      R 1  buy $  3,895.32   sel     $39,995.00   [strat=market_expert_value_justifier] *
      R 2  buy $ 11,201.87   sel     $36,995.00   [strat=market_expert_value_justifier]
      R 3  buy $ 14,242.30   sel     $34,995.00   [strat=market_expert_value_justifier]
      R 4  buy $  8,831.35   sel     $33,995.00   [strat=market_expert_value_justifier]
      R 5  buy $  2,947.37   sel     $33,995.00   [strat=market_expert_value_justifier]
      R 6  buy $ 30,433.90   sel     $31,995.00   [strat=market_expert_value_justifier]
      R 7  buy $ 10,876.92   sel     $31,500.00   [strat=market_expert_value_justifier]
      R 8  buy $ 14,312.00   sel     $30,995.00   [strat=market_expert_value_justifier]
      R 9  buy $ 23,447.24   sel     $28,995.00   [strat=market_expert_value_justifier]
      R10  buy $ 14,496.04   sel     $27,995.00   [strat=market_expert_value_justifier]
      R11  buy $ 15,684.41   sel     $27,500.00   [strat=market_expert_value_justifier]
      R12  buy $  8,014.81   sel     $26,995.00   [strat=market_expert_value_justifier]
      R13  buy $  2,715.68   sel     $25,995.00   [strat=market_expert_value_justifier]
      R14  buy $ 25,556.39   sel     $25,800.00   [strat=market_expert_value_justifier]
      R15  buy $ 21,525.81   sel     $25,500.00   [strat=market_expert_value_justifier]
      R16  buy $ 18,415.07   sel     $24,995.00   [strat=market_expert_value_justifier]
   run 22 done in 8.7 min

   run 23/30 on 2016 Cadillac CTS 3.6 Luxury  seed=20761442
      R 1  buy $ 17,499.94   sel     $19,999.00   [strat=market_expert_value_justifier] *
      R 2  buy $  6,969.84   sel     $19,500.00   [strat=market_expert_value_justifier]
      R 3  buy $ 11,713.15   sel     $18,750.00   [strat=market_expert_value_justifier]
      R 4  buy $  9,522.69   sel     $18,250.00   [strat=market_expert_value_justifier]
      R 5  buy $  5,118.30   sel     $18,250.00   [strat=market_expert_value_justifier]
      R 6  buy $    882.39   sel     $18,250.00   [strat=market_expert_value_justifier]
      R 7  buy $  7,975.48   sel     $18,250.00   [strat=market_expert_value_justifier]
      R 8  buy $ 16,976.15   sel     $17,750.00   [strat=market_expert_value_justifier]
      R 9  buy $    906.75   sel     $17,750.00   [strat=market_expert_value_justifier]
      R10  buy $  2,900.30   sel     $17,750.00   [strat=market_expert_value_justifier]
      R11  buy $ 10,513.37   sel     $17,750.00   [strat=market_expert_value_justifier]
      R12  buy $  9,967.21   sel     $17,750.00   [strat=market_expert_value_justifier]
      R13  buy $  7,209.14   sel     $17,750.00   [strat=market_expert_value_justifier]
      R14  buy $ 14,465.56   sel     $17,250.00   [strat=market_expert_value_justifier]
      R15  buy $  2,574.13   sel     $17,250.00   [strat=market_expert_value_justifier]
      R16  buy $  5,141.11   sel     $17,250.00   [strat=market_expert_value_justifier]
   run 23 done in 7.4 min

   run 24/30 on 2016 Cadillac CTS 3.6 Luxury  seed=20761443
      R 1  buy $  6,072.25   sel     $18,500.00   [strat=market_expert_value_justifier] *
      R 2  buy $    365.32   sel     $18,500.00   [strat=market_expert_value_justifier]
      R 3  buy $    935.88   sel     $18,500.00   [strat=market_expert_value_justifier]
      R 4  buy $    827.12   sel     $18,500.00   [strat=market_expert_value_justifier]
      R 5  buy $ 13,491.44   sel     $17,995.00   [strat=market_expert_value_justifier]
      R 6  buy $  1,416.72   sel     $17,995.00   [strat=market_expert_value_justifier]
      R 7  buy $  3,463.11   sel     $17,995.00   [strat=market_expert_value_justifier]
      R 8  buy $ 14,811.70   sel     $17,500.00   [strat=market_expert_value_justifier]
      R 9  buy $ 16,652.85   sel     $17,000.00   [strat=market_expert_value_justifier]
      R10  buy $  2,859.59   sel     $17,000.00   [strat=market_expert_value_justifier]
      R11  buy $  7,421.28   sel     $17,000.00   [strat=market_expert_value_justifier]
      R12  buy $  4,638.90   sel     $17,000.00   [strat=market_expert_value_justifier]
      R13  buy $  6,604.06   sel     $17,000.00   [strat=market_expert_value_justifier]
      R14  buy $ 10,587.54   sel     $16,500.00   [strat=market_expert_value_justifier]
      R15  buy $ 10,274.83   sel     $16,500.00   [strat=market_expert_value_justifier]
      R16  buy $  2,269.46   sel     $16,500.00   [strat=market_expert_value_justifier]
   run 24 done in 7.1 min

   run 25/30 on 2016 Cadillac CTS 3.6 Luxury  seed=20761444
      R 1  buy $ 13,980.31   sel     $17,500.00   [strat=market_expert_value_justifier] *
      R 2  buy $  4,698.63   sel     $17,500.00   [strat=market_expert_value_justifier]
      R 3  buy $  8,373.85   sel     $17,500.00   [strat=market_expert_value_justifier]
      R 4  buy $  7,252.29   sel     $17,250.00   [strat=market_expert_value_justifier]
      R 5  buy $  7,196.65   sel     $17,000.00   [strat=market_expert_value_justifier]
      R 6  buy $ 16,304.49   sel     $16,650.00   [strat=market_expert_value_justifier]
      R 7  buy $ 10,900.00   sel     $16,650.00   [strat=market_expert_value_justifier]
      R 8  buy $ 13,498.16   sel     $16,250.00   [strat=market_expert_value_justifier]
      R 9  buy $    881.83   sel     $16,250.00   [strat=market_expert_value_justifier]
      R10  buy $ 12,939.27   sel     $16,000.00   [strat=market_expert_value_justifier]
      R11  buy $  2,000.28   sel     $16,000.00   [strat=market_expert_value_justifier]
      R12  buy $  9,072.16   sel     $15,900.00   [strat=market_expert_value_justifier]
      R13  buy $ 12,037.31   sel     $15,800.00   [strat=market_expert_value_justifier]
      R14  buy $  8,074.51   sel     $15,800.00   [strat=market_expert_value_justifier]
      R15  buy $  2,447.23   sel     $15,800.00   [strat=market_expert_value_justifier]
      R16  buy $  4,495.05   sel     $15,800.00   [strat=market_expert_value_justifier]
   run 25 done in 8.3 min

   run 26/30 on 2016 Cadillac CTS 3.6 Luxury  seed=20761445
      R 1  buy $ 26,258.31   sel     $38,000.00   [strat=market_expert_value_justifier] *
      R 2  buy $ 17,865.41   sel     $37,500.00   [strat=market_expert_value_justifier]
      R 3  buy $ 35,482.25   sel     $36,500.00   [strat=market_expert_value_justifier]
      R 4  buy $ 12,478.15   sel     $36,000.00   [strat=market_expert_value_justifier]
      R 5  buy $ 20,678.47   sel     $35,000.00   [strat=market_expert_value_justifier]
      R 6  buy $ 10,884.27   sel     $34,500.00   [strat=market_expert_value_justifier]
      R 7  buy $  4,780.15   sel     $34,000.00   [strat=market_expert_value_justifier]
      R 8  buy $  9,423.95   sel     $34,000.00   [strat=market_expert_value_justifier]
      R 9  buy $  1,979.35   sel     $34,000.00   [strat=market_expert_value_justifier]
      R10  buy $  5,679.24   sel     $34,000.00   [strat=market_expert_value_justifier]
      R11  buy $ 16,197.42   sel     $33,500.00   [strat=market_expert_value_justifier]
      R12  buy $ 30,342.01   sel     $32,000.00   [strat=market_expert_value_justifier]
      R13  buy $ 23,842.57   sel     $31,000.00   [strat=market_expert_value_justifier]
      R14  buy $ 17,673.75   sel     $29,500.00   [strat=market_expert_value_justifier]
      R15  buy $  5,092.98   sel     $28,500.00   [strat=market_expert_value_justifier]
      R16  buy $  5,128.11   sel     $27,000.00   [strat=market_expert_value_justifier]
   run 26 done in 9.2 min

   run 27/30 on 2016 Cadillac CTS 3.6 Luxury  seed=20761446
      R 1  buy $ 32,756.23   sel     $41,995.00   [strat=market_expert_value_justifier] *
      R 2  buy $ 27,750.47   sel     $39,995.00   [strat=market_expert_value_justifier]
      R 3  buy $ 10,520.64   sel     $38,500.00   [strat=market_expert_value_justifier]
      R 4  buy $ 36,885.53   sel     $37,995.00   [strat=market_expert_value_justifier]
      R 5  buy $ 19,740.06   sel     $37,500.00   [strat=market_expert_value_justifier]
      R 6  buy $ 33,941.36   sel     $36,000.00   [strat=market_expert_value_justifier]
      R 7  buy $ 26,940.96   sel     $34,995.00   [strat=market_expert_value_justifier]
      R 8  buy $ 21,092.99   sel     $34,500.00   [strat=market_expert_value_justifier]
      R 9  buy $ 12,098.07   sel     $33,500.00   [strat=market_expert_value_justifier]
      R10  buy $ 10,865.05   sel     $33,000.00   [strat=market_expert_value_justifier]
      R11  buy $ 29,801.96   sel     $32,500.00   [strat=market_expert_value_justifier]
      R12  buy $ 15,343.74   sel     $32,000.00   [strat=market_expert_value_justifier]
      R13  buy $ 10,750.99   sel     $32,000.00   [strat=market_expert_value_justifier]
      R14  buy $ 13,112.25   sel     $31,500.00   [strat=market_expert_value_justifier]
      R15  buy $ 14,779.16   sel     $31,500.00   [strat=market_expert_value_justifier]
      R16  buy $    795.24   sel     $31,500.00   [strat=market_expert_value_justifier]
   run 27 done in 9.3 min

   run 28/30 on 2016 Cadillac CTS 3.6 Luxury  seed=20761447
      R 1  buy $    184.39   sel     $21,499.99   [strat=market_expert_value_justifier] *
      R 2  buy $  7,786.93   sel     $20,999.99   [strat=market_expert_value_justifier]
      R 3  buy $  4,737.18   sel     $20,500.00   [strat=market_expert_value_justifier]
      R 4  buy $ 15,089.49   sel     $19,500.00   [strat=market_expert_value_justifier]
      R 5  buy $  1,236.61   sel     $19,500.00   [strat=market_expert_value_justifier]
      R 6  buy $ 12,082.85   sel     $18,900.00   [strat=market_expert_value_justifier]
      R 7  buy $  8,909.75   sel     $18,500.00   [strat=market_expert_value_justifier]
      R 8  buy $ 10,104.05   sel     $17,500.00   [strat=market_expert_value_justifier]
      R 9  buy $ 16,639.75   sel     $17,000.00   [strat=market_expert_value_justifier]
      R10  buy $  4,253.11   sel     $16,900.00   [strat=market_expert_value_justifier]
      R11  buy $  8,098.61   sel     $16,500.00   [strat=market_expert_value_justifier]
      R12  buy $ 13,028.04   sel     $16,500.00   [strat=market_expert_value_justifier]
      R13  buy $ 14,649.13   sel     $15,999.99   [strat=market_expert_value_justifier]
      R14  buy $  9,803.60   sel     $15,999.99   [strat=market_expert_value_justifier]
      R15  buy $ 13,980.64   sel     $15,800.00   [strat=market_expert_value_justifier]
      R16  buy $  3,249.35   sel     $15,795.00   [strat=market_expert_value_justifier]
   run 28 done in 10.8 min

   run 29/30 on 2016 Cadillac CTS 3.6 Luxury  seed=20761448
      R 1  buy $ 40,696.24   sel     $44,500.00   [strat=market_expert_value_justifier] *
      R 2  buy $  8,591.43   sel     $43,500.00   [strat=market_expert_value_justifier]
      R 3  buy $  6,699.64   sel     $42,500.00   [strat=market_expert_value_justifier]
      R 4  buy $ 25,719.09   sel     $39,500.00   [strat=market_expert_value_justifier]
      R 5  buy $  6,620.56   sel     $38,900.00   [strat=market_expert_value_justifier]
      R 6  buy $ 16,051.55   sel     $38,500.00   [strat=market_expert_value_justifier]
      R 7  buy $  5,608.15   sel     $35,900.00   [strat=market_expert_value_justifier]
      R 8  buy $ 27,026.28   sel     $34,900.00   [strat=market_expert_value_justifier]
      R 9  buy $ 19,681.04   sel     $31,900.00   [strat=market_expert_value_justifier]
      R10  buy $  9,291.27   sel     $30,000.00   [strat=market_expert_value_justifier]
      R11  buy $ 19,021.24   sel     $29,500.00   [strat=market_expert_value_justifier]
      R12  buy $ 19,575.71   sel     $27,500.00   [strat=market_expert_value_justifier]
      R13  buy $ 24,553.79   sel     $26,500.00   [strat=market_expert_value_justifier]
      R14  buy $ 12,836.17   sel     $25,900.00   [strat=market_expert_value_justifier]
      R15  buy $ 17,727.82   sel     $24,500.00   [strat=market_expert_value_justifier]
      R16  buy $  4,942.78   sel     $24,000.00   [strat=market_expert_value_justifier]
   run 29 done in 8.6 min

   run 30/30 on 2016 Cadillac CTS 3.6 Luxury  seed=20761449
      R 1  buy $ 31,664.71   sel     $35,995.00   [strat=market_expert_value_justifier] *
      R 2  buy $ 15,631.70   sel     $34,995.00   [strat=market_expert_value_justifier]
      R 3  buy $ 18,444.49   sel     $33,995.00   [strat=market_expert_value_justifier]
      R 4  buy $ 18,309.38   sel     $33,500.00   [strat=market_expert_value_justifier]
      R 5  buy $ 24,888.33   sel     $31,500.00   [strat=market_expert_value_justifier]
      R 6  buy $    814.22   sel     $30,999.00   [strat=market_expert_value_justifier]
      R 7  buy $  8,249.13   sel     $29,999.00   [strat=market_expert_value_justifier]
      R 8  buy $ 19,831.12   sel     $29,500.00   [strat=market_expert_value_justifier]
      R 9  buy $  9,118.19   sel     $29,000.00   [strat=market_expert_value_justifier]
      R10  buy $ 16,225.23   sel     $27,500.00   [strat=market_expert_value_justifier]
      R11  buy $ 16,127.73   sel     $27,500.00   [strat=market_expert_value_justifier]
      R12  buy $ 24,172.95   sel     $26,500.00   [strat=market_expert_value_justifier]
      R13  buy $ 13,330.30   sel     $25,999.00   [strat=market_expert_value_justifier]
      R14  buy $  8,174.09   sel     $25,999.00   [strat=market_expert_value_justifier]
      R15  buy $  3,424.05   sel     $25,999.00   [strat=market_expert_value_justifier]
      R16  buy $ 18,899.03   sel     $25,500.00   [strat=market_expert_value_justifier]
   run 30 done in 7.9 min

   ---> checkpoint: car 2/5 done in 215.8 min; total so far 384.2 min; saved 60 runs to exp05_fixed_market_expert_value_justifier.json

--- CAR 3/5: 2019 Honda Accord Sport 1.5T  (M=$28,000.00  cost=$14,000.00  cost/M=50.00%) ---

   run 1/30 on 2019 Honda Accord Sport 1.5T  seed=20762420
      R 1  buy $ 25,707.32   sel     $27,995.00   [strat=market_expert_value_justifier] *
      R 2  buy $  5,293.85   sel     $27,500.00   [strat=market_expert_value_justifier]
      R 3  buy $ 27,042.71   sel     $27,250.00   [strat=market_expert_value_justifier]
      R 4  buy $ 17,853.57   sel     $27,250.00   [strat=market_expert_value_justifier]
      R 5  buy $  6,686.33   sel     $27,250.00   [strat=market_expert_value_justifier]
      R 6  buy $  9,165.44   sel     $27,250.00   [strat=market_expert_value_justifier]
      R 7  buy $ 11,027.60   sel     $27,250.00   [strat=market_expert_value_justifier]
      R 8  buy $ 18,092.83   sel     $26,500.00   [strat=market_expert_value_justifier]
      R 9  buy $    471.16   sel     $26,500.00   [strat=market_expert_value_justifier]
      R10  buy $ 16,226.90   sel     $25,900.00   [strat=market_expert_value_justifier]
      R11  buy $ 19,672.38   sel     $25,000.00   [strat=market_expert_value_justifier]
      R12  buy $ 19,811.04   sel     $24,500.00   [strat=market_expert_value_justifier]
      R13  buy $ 20,556.42   sel     $24,000.00   [strat=market_expert_value_justifier]
      R14  buy $ 11,621.08   sel     $23,500.00   [strat=market_expert_value_justifier]
      R15  buy $  1,907.64   sel     $23,000.00   [strat=market_expert_value_justifier]
      R16  buy $ 20,356.24   sel     $22,000.00   [strat=market_expert_value_justifier]
   run 1 done in 8.7 min

   run 2/30 on 2019 Honda Accord Sport 1.5T  seed=20762421
      R 1  buy $ 14,225.99   sel     $22,999.00   [strat=market_expert_value_justifier] *
      R 2  buy $  3,705.89   sel     $22,500.00   [strat=market_expert_value_justifier]
      R 3  buy $  2,978.50   sel     $21,999.00   [strat=market_expert_value_justifier]
      R 4  buy $ 20,816.04   sel     $21,500.00   [strat=market_expert_value_justifier]
      R 5  buy $ 10,001.42   sel     $20,500.00   [strat=market_expert_value_justifier]
      R 6  buy $ 10,578.93   sel     $20,250.00   [strat=market_expert_value_justifier]
      R 7  buy $ 10,404.82   sel     $19,999.00   [strat=market_expert_value_justifier]
      R 8  buy $  7,271.91   sel     $19,500.00   [strat=market_expert_value_justifier]
      R 9  buy $  7,854.04   sel     $19,250.00   [strat=market_expert_value_justifier]
      R10  buy $    328.58   sel     $19,000.00   [strat=market_expert_value_justifier]
      R11  buy $ 18,281.69   sel     $18,999.00   [strat=market_expert_value_justifier]
      R12  buy $ 17,059.53   sel     $18,500.00   [strat=market_expert_value_justifier]
      R13  buy $  5,315.99   sel     $18,250.00   [strat=market_expert_value_justifier]
      R14  buy $ 13,115.90   sel     $17,999.00   [strat=market_expert_value_justifier]
      R15  buy $  4,755.14   sel     $17,500.00   [strat=market_expert_value_justifier]
      R16  buy $  2,937.39   sel     $17,000.00   [strat=market_expert_value_justifier]
   run 2 done in 8.5 min

   run 3/30 on 2019 Honda Accord Sport 1.5T  seed=20762422
      R 1  buy $ 26,644.60   sel     $27,995.00   [strat=market_expert_value_justifier] *
      R 2  buy $  8,757.26   sel     $27,500.00   [strat=market_expert_value_justifier]
      R 3  buy $  8,228.26   sel     $27,000.00   [strat=market_expert_value_justifier]
      R 4  buy $ 13,667.77   sel     $26,500.00   [strat=market_expert_value_justifier]
      R 5  buy $    300.03   sel     $26,500.00   [strat=market_expert_value_justifier]
      R 6  buy $  8,247.88   sel     $25,500.00   [strat=market_expert_value_justifier]
      R 7  buy $  8,546.56   sel     $24,999.00   [strat=market_expert_value_justifier]
      R 8  buy $ 14,632.20   sel     $22,500.00   [strat=market_expert_value_justifier]
      R 9  buy $  9,117.15   sel     $21,500.00   [strat=market_expert_value_justifier]
      R10  buy $ 15,210.23   sel     $19,999.00   [strat=market_expert_value_justifier]
      R11  buy $    189.59   sel     $19,500.00   [strat=market_expert_value_justifier]
      R12  buy $ 17,428.73   sel     $18,999.00   [strat=market_expert_value_justifier]
      R13  buy $ 17,847.27   sel     $18,500.00   [strat=market_expert_value_justifier]
      R14  buy $    627.79   sel     $18,000.00   [strat=market_expert_value_justifier]
      R15  buy $  3,801.72   sel     $18,000.00   [strat=market_expert_value_justifier]
      R16  buy $  5,241.83   sel     $17,500.00   [strat=market_expert_value_justifier]
   run 3 done in 11.4 min

   run 4/30 on 2019 Honda Accord Sport 1.5T  seed=20762423
      R 1  buy $ 25,025.12   sel     $27,500.00   [strat=market_expert_value_justifier] *
      R 2  buy $  4,142.97   sel     $27,250.00   [strat=market_expert_value_justifier]
      R 3  buy $  2,952.45   sel     $27,000.00   [strat=market_expert_value_justifier]
      R 4  buy $    122.83   sel     $26,500.00   [strat=market_expert_value_justifier]
      R 5  buy $ 22,610.42   sel     $25,000.00   [strat=market_expert_value_justifier]
      R 6  buy $  5,067.29   sel     $24,500.00   [strat=market_expert_value_justifier]
      R 7  buy $ 19,471.72   sel     $24,000.00   [strat=market_expert_value_justifier]
      R 8  buy $ 23,521.61   sel     $23,800.00   [strat=market_expert_value_justifier]
      R 9  buy $  1,739.32   sel     $23,500.00   [strat=market_expert_value_justifier]
      R10  buy $ 16,758.24   sel     $23,000.00   [strat=market_expert_value_justifier]
      R11  buy $  4,709.91   sel     $22,500.00   [strat=market_expert_value_justifier]
      R12  buy $ 19,606.85   sel     $22,000.00   [strat=market_expert_value_justifier]
      R13  buy $ 10,501.46   sel     $21,000.00   [strat=market_expert_value_justifier]
      R14  buy $ 18,796.85   sel     $20,000.00   [strat=market_expert_value_justifier]
      R15  buy $  1,553.84   sel     $19,500.00   [strat=market_expert_value_justifier]
      R16  buy $  6,943.97   sel     $19,500.00   [strat=market_expert_value_justifier]
   run 4 done in 8.4 min

   run 5/30 on 2019 Honda Accord Sport 1.5T  seed=20762424
      R 1  buy $ 18,039.01   sel     $25,999.00   [strat=market_expert_value_justifier] *
      R 2  buy $ 11,092.56   sel     $24,999.00   [strat=market_expert_value_justifier]
      R 3  buy $  3,248.86   sel     $24,500.00   [strat=market_expert_value_justifier]
      R 4  buy $ 16,744.32   sel     $20,999.00   [strat=market_expert_value_justifier]
      R 5  buy $ 11,768.60   sel     $19,999.00   [strat=market_expert_value_justifier]
      R 6  buy $  5,349.72   sel     $19,750.00   [strat=market_expert_value_justifier]
      R 7  buy $ 14,193.51   sel     $18,500.00   [strat=market_expert_value_justifier]
      R 8  buy $  8,074.34   sel     $17,999.00   [strat=market_expert_value_justifier]
      R 9  buy $ 14,701.04   sel     $17,000.00   [strat=market_expert_value_justifier]
      R10  buy $  2,128.53   sel     $16,500.00   [strat=market_expert_value_justifier]
      R11  buy $  6,395.87   sel     $15,999.00   [strat=market_expert_value_justifier]
      R12  buy $    292.10   sel     $15,999.00   [strat=market_expert_value_justifier]
      R13  buy $  7,458.88   sel     $15,999.00   [strat=market_expert_value_justifier]
      R14  buy $  2,500.49   sel     $15,999.00   [strat=market_expert_value_justifier]
      R15  buy $  4,156.94   sel     $14,900.00   [strat=market_expert_value_justifier]
      R16  buy $  8,129.02   sel     $14,750.00   [strat=market_expert_value_justifier]
   run 5 done in 9.2 min

   run 6/30 on 2019 Honda Accord Sport 1.5T  seed=20762425
      R 1  buy $ 20,321.21   sel     $25,500.00   [strat=market_expert_value_justifier] *
      R 2  buy $ 12,187.48   sel     $24,900.00   [strat=market_expert_value_justifier]
      R 3  buy $ 19,662.57   sel     $24,500.00   [strat=market_expert_value_justifier]
      R 4  buy $  7,166.66   sel     $24,400.00   [strat=market_expert_value_justifier]
      R 5  buy $ 16,193.20   sel     $24,200.00   [strat=market_expert_value_justifier]
      R 6  buy $  2,258.71   sel     $24,000.00   [strat=market_expert_value_justifier]
      R 7  buy $  5,682.70   sel     $23,900.00   [strat=market_expert_value_justifier]
      R 8  buy $  5,610.94   sel     $23,800.00   [strat=market_expert_value_justifier]
      R 9  buy $ 13,410.46   sel     $23,600.00   [strat=market_expert_value_justifier]
      R10  buy $ 22,850.34   sel     $23,200.00   [strat=market_expert_value_justifier]
      R11  buy $ 16,262.95   sel     $23,000.00   [strat=market_expert_value_justifier]
      R12  buy $ 19,648.18   sel     $22,500.00   [strat=market_expert_value_justifier]
      R13  buy $ 15,008.01   sel     $21,000.00   [strat=market_expert_value_justifier]
      R14  buy $    135.32   sel     $20,800.00   [strat=market_expert_value_justifier]
      R15  buy $ 10,999.87   sel     $20,500.00   [strat=market_expert_value_justifier]
      R16  buy $ 14,934.59   sel     $19,000.00   [strat=market_expert_value_justifier]
   run 6 done in 8.8 min

   run 7/30 on 2019 Honda Accord Sport 1.5T  seed=20762426
      R 1  buy $  7,804.29   sel     $25,500.00   [strat=market_expert_value_justifier] *
      R 2  buy $ 15,324.58   sel     $23,500.00   [strat=market_expert_value_justifier]
      R 3  buy $ 19,227.71   sel     $22,000.00   [strat=market_expert_value_justifier]
      R 4  buy $ 20,849.14   sel     $21,500.00   [strat=market_expert_value_justifier]
      R 5  buy $ 10,370.62   sel     $21,500.00   [strat=market_expert_value_justifier]
      R 6  buy $ 10,671.92   sel     $21,000.00   [strat=market_expert_value_justifier]
      R 7  buy $  8,833.47   sel     $21,000.00   [strat=market_expert_value_justifier]
      R 8  buy $  5,790.53   sel     $21,000.00   [strat=market_expert_value_justifier]
      R 9  buy $ 14,226.81   sel     $19,500.00   [strat=market_expert_value_justifier]
      R10  buy $ 18,027.33   sel     $18,800.00   [strat=market_expert_value_justifier]
      R11  buy $    610.69   sel     $18,800.00   [strat=market_expert_value_justifier]
      R12  buy $  3,407.16   sel     $18,500.00   [strat=market_expert_value_justifier]
      R13  buy $  7,316.98   sel     $18,500.00   [strat=market_expert_value_justifier]
      R14  buy $    342.92   sel     $18,500.00   [strat=market_expert_value_justifier]
      R15  buy $ 12,929.15   sel     $16,500.00   [strat=market_expert_value_justifier]
      R16  buy $  6,659.06   sel     $15,500.00   [strat=market_expert_value_justifier]
   run 7 done in 9.8 min

   run 8/30 on 2019 Honda Accord Sport 1.5T  seed=20762427
      R 1  buy $  8,644.75   sel     $25,000.00   [strat=market_expert_value_justifier] *
      R 2  buy $  1,583.46   sel     $24,500.00   [strat=market_expert_value_justifier]
      R 3  buy $  9,897.36   sel     $23,500.00   [strat=market_expert_value_justifier]
      R 4  buy $ 10,110.77   sel     $22,000.00   [strat=market_expert_value_justifier]
      R 5  buy $  3,528.51   sel     $21,500.00   [strat=market_expert_value_justifier]
      R 6  buy $ 17,287.62   sel     $20,000.00   [strat=market_expert_value_justifier]
      R 7  buy $  3,599.35   sel     $19,500.00   [strat=market_expert_value_justifier]
      R 8  buy $ 12,422.43   sel     $18,500.00   [strat=market_expert_value_justifier]
      R 9  buy $  3,583.39   sel     $17,500.00   [strat=market_expert_value_justifier]
      R10  buy $ 15,923.54   sel     $16,500.00   [strat=market_expert_value_justifier]
      R11  buy $  2,573.29   sel     $16,000.00   [strat=market_expert_value_justifier]
      R12  buy $  6,400.68   sel     $15,500.00   [strat=market_expert_value_justifier]
      R13  buy $  6,350.30   sel     $15,250.00   [strat=market_expert_value_justifier]
      R14  buy $  5,089.98   sel     $15,250.00   [strat=market_expert_value_justifier]
      R15  buy $  6,653.09   sel     $15,000.00   [strat=market_expert_value_justifier]
      R16  buy $ 14,709.77   sel     $14,900.00   [strat=market_expert_value_justifier]
   run 8 done in 9.8 min

   run 9/30 on 2019 Honda Accord Sport 1.5T  seed=20762428
      R 1  buy $ 27,542.51   sel     $28,499.00   [strat=market_expert_value_justifier] *
      R 2  buy $ 25,582.13   sel     $27,999.00   [strat=market_expert_value_justifier]
      R 3  buy $ 10,824.77   sel     $27,999.00   [strat=market_expert_value_justifier]
      R 4  buy $ 20,341.91   sel     $26,999.00   [strat=market_expert_value_justifier]
      R 5  buy $ 20,774.98   sel     $26,499.00   [strat=market_expert_value_justifier]
      R 6  buy $  9,054.98   sel     $25,999.00   [strat=market_expert_value_justifier]
      R 7  buy $ 13,947.29   sel     $25,499.00   [strat=market_expert_value_justifier]
      R 8  buy $  9,975.02   sel     $24,999.00   [strat=market_expert_value_justifier]
      R 9  buy $ 14,656.82   sel     $19,999.00   [strat=market_expert_value_justifier]
      R10  buy $ 14,521.64   sel     $17,499.00   [strat=market_expert_value_justifier]
      R11  buy $  1,774.10   sel     $15,999.00   [strat=market_expert_value_justifier]
      R12  buy $  8,708.64   sel     $15,499.00   [strat=market_expert_value_justifier]
      R13  buy $  6,916.81   sel     $14,999.00   [strat=market_expert_value_justifier]
      R14  buy $  5,938.51   sel     $14,999.00   [strat=market_expert_value_justifier]
      R15  buy $     64.06   sel     $14,999.00   [strat=market_expert_value_justifier]
      R16  buy $  8,113.84   sel     $14,500.00   [strat=market_expert_value_justifier]
   run 9 done in 8.7 min

   run 10/30 on 2019 Honda Accord Sport 1.5T  seed=20762429
      R 1  buy $  7,537.99   sel     $25,999.00   [strat=market_expert_value_justifier] *
      R 2  buy $  7,366.33   sel     $25,500.00   [strat=market_expert_value_justifier]
      R 3  buy $ 20,930.24   sel     $24,750.00   [strat=market_expert_value_justifier]
      R 4  buy $ 22,857.63   sel     $24,200.00   [strat=market_expert_value_justifier]
      R 5  buy $ 20,865.18   sel     $23,800.00   [strat=market_expert_value_justifier]
      R 6  buy $    421.38   sel     $23,500.00   [strat=market_expert_value_justifier]
      R 7  buy $  6,862.26   sel     $23,200.00   [strat=market_expert_value_justifier]
      R 8  buy $ 10,155.06   sel     $23,000.00   [strat=market_expert_value_justifier]
      R 9  buy $ 15,134.82   sel     $22,500.00   [strat=market_expert_value_justifier]
      R10  buy $ 10,405.16   sel     $22,200.00   [strat=market_expert_value_justifier]
      R11  buy $ 17,451.21   sel     $21,800.00   [strat=market_expert_value_justifier]
      R12  buy $  1,661.66   sel     $21,500.00   [strat=market_expert_value_justifier]
      R13  buy $  5,260.32   sel     $21,000.00   [strat=market_expert_value_justifier]
      R14  buy $ 20,000.11   sel     $20,500.00   [strat=market_expert_value_justifier]
      R15  buy $ 16,833.19   sel     $19,500.00   [strat=market_expert_value_justifier]
      R16  buy $ 16,424.85   sel     $19,000.00   [strat=market_expert_value_justifier]
   run 10 done in 8.5 min

   run 11/30 on 2019 Honda Accord Sport 1.5T  seed=20762430
      R 1  buy $  3,889.83   sel     $24,999.99   [strat=market_expert_value_justifier] *
      R 2  buy $  8,930.52   sel     $23,500.00   [strat=market_expert_value_justifier]
      R 3  buy $ 14,612.92   sel     $22,000.00   [strat=market_expert_value_justifier]
      R 4  buy $  4,761.24   sel     $22,000.00   [strat=market_expert_value_justifier]
      R 5  buy $ 14,767.72   sel     $21,500.00   [strat=market_expert_value_justifier]
      R 6  buy $  4,362.34   sel     $21,000.00   [strat=market_expert_value_justifier]
      R 7  buy $ 16,753.79   sel     $20,000.00   [strat=market_expert_value_justifier]
      R 8  buy $  8,401.13   sel     $19,500.00   [strat=market_expert_value_justifier]
      R 9  buy $ 19,472.20   sel     $19,472.20   [strat=market_expert_value_justifier]
      R10  buy $  6,265.92   sel     $19,500.00   [strat=market_expert_value_justifier]
      R11  buy $  9,712.59   sel     $19,000.00   [strat=market_expert_value_justifier]
      R12  buy $ 16,923.78   sel     $18,000.00   [strat=market_expert_value_justifier]
      R13  buy $  4,406.87   sel     $18,000.00   [strat=market_expert_value_justifier]
      R14  buy $ 14,542.16   sel     $17,500.00   [strat=market_expert_value_justifier]
      R15  buy $ 17,448.84   sel     $17,448.84   [strat=market_expert_value_justifier]
      R16  buy $ 16,838.64   sel     $17,000.00   [strat=market_expert_value_justifier]
   run 11 done in 9.0 min

   run 12/30 on 2019 Honda Accord Sport 1.5T  seed=20762431
      R 1  buy $  4,807.41   sel     $25,499.00   [strat=market_expert_value_justifier] *
      R 2  buy $ 15,439.98   sel     $23,999.00   [strat=market_expert_value_justifier]
      R 3  buy $  7,017.06   sel     $23,999.00   [strat=market_expert_value_justifier]
      R 4  buy $  3,283.65   sel     $23,999.00   [strat=market_expert_value_justifier]
      R 5  buy $ 15,836.95   sel     $23,500.00   [strat=market_expert_value_justifier]
      R 6  buy $ 13,283.52   sel     $23,000.00   [strat=market_expert_value_justifier]
      R 7  buy $ 13,254.50   sel     $22,000.00   [strat=market_expert_value_justifier]
      R 8  buy $  6,523.10   sel     $21,500.00   [strat=market_expert_value_justifier]
      R 9  buy $ 10,711.56   sel     $20,000.00   [strat=market_expert_value_justifier]
      R10  buy $  7,562.08   sel     $19,500.00   [strat=market_expert_value_justifier]
      R11  buy $  8,741.89   sel     $19,500.00   [strat=market_expert_value_justifier]
      R12  buy $ 11,955.56   sel     $19,500.00   [strat=market_expert_value_justifier]
      R13  buy $ 13,111.47   sel     $19,500.00   [strat=market_expert_value_justifier]
      R14  buy $  6,954.76   sel     $19,500.00   [strat=market_expert_value_justifier]
      R15  buy $ 16,038.99   sel     $17,500.00   [strat=market_expert_value_justifier]
      R16  buy $  8,004.65   sel     $17,500.00   [strat=market_expert_value_justifier]
   run 12 done in 9.5 min

   run 13/30 on 2019 Honda Accord Sport 1.5T  seed=20762432
      R 1  buy $ 15,451.72   sel     $24,995.00   [strat=market_expert_value_justifier] *
      R 2  buy $  6,373.25   sel     $24,500.00   [strat=market_expert_value_justifier]
      R 3  buy $ 16,064.63   sel     $23,500.00   [strat=market_expert_value_justifier]
      R 4  buy $ 14,669.36   sel     $22,000.00   [strat=market_expert_value_justifier]
      R 5  buy $ 20,333.77   sel     $21,500.00   [strat=market_expert_value_justifier]
      R 6  buy $  8,378.01   sel     $21,500.00   [strat=market_expert_value_justifier]
      R 7  buy $  4,383.54   sel     $21,500.00   [strat=market_expert_value_justifier]
      R 8  buy $  2,601.57   sel     $21,500.00   [strat=market_expert_value_justifier]
      R 9  buy $ 17,886.37   sel     $20,500.00   [strat=market_expert_value_justifier]
      R10  buy $ 17,675.27   sel     $19,900.00   [strat=market_expert_value_justifier]
      R11  buy $ 14,999.83   sel     $19,500.00   [strat=market_expert_value_justifier]
      R12  buy $ 16,425.19   sel     $19,000.00   [strat=market_expert_value_justifier]
      R13  buy $  5,642.00   sel     $18,500.00   [strat=market_expert_value_justifier]
      R14  buy $  3,263.07   sel     $18,000.00   [strat=market_expert_value_justifier]
      R15  buy $ 12,147.35   sel     $17,500.00   [strat=market_expert_value_justifier]
      R16  buy $  5,740.10   sel     $17,000.00   [strat=market_expert_value_justifier]
   run 13 done in 8.2 min

   run 14/30 on 2019 Honda Accord Sport 1.5T  seed=20762433
      R 1  buy $  5,364.15   sel     $24,500.00   [strat=market_expert_value_justifier] *
      R 2  buy $  7,694.25   sel     $23,500.00   [strat=market_expert_value_justifier]
      R 3  buy $ 14,330.95   sel     $22,500.00   [strat=market_expert_value_justifier]
      R 4  buy $ 17,943.85   sel     $21,500.00   [strat=market_expert_value_justifier]
      R 5  buy $ 18,566.17   sel     $21,500.00   [strat=market_expert_value_justifier]
      R 6  buy $  4,719.06   sel     $21,500.00   [strat=market_expert_value_justifier]
      R 7  buy $ 15,881.51   sel     $21,500.00   [strat=market_expert_value_justifier]
      R 8  buy $  3,647.56   sel     $21,500.00   [strat=market_expert_value_justifier]
      R 9  buy $ 14,715.32   sel     $19,500.00   [strat=market_expert_value_justifier]
      R10  buy $    578.05   sel     $19,500.00   [strat=market_expert_value_justifier]
      R11  buy $  1,795.65   sel     $19,500.00   [strat=market_expert_value_justifier]
      R12  buy $ 16,533.89   sel     $18,500.00   [strat=market_expert_value_justifier]
      R13  buy $ 16,947.18   sel     $17,250.00   [strat=market_expert_value_justifier]
      R14  buy $  4,899.82   sel     $17,250.00   [strat=market_expert_value_justifier]
      R15  buy $  6,649.58   sel     $16,995.00   [strat=market_expert_value_justifier]
      R16  buy $  2,586.15   sel     $16,500.00   [strat=market_expert_value_justifier]
   run 14 done in 7.9 min

   run 15/30 on 2019 Honda Accord Sport 1.5T  seed=20762434
      R 1  buy $ 27,464.74   sel     $27,850.00   [strat=market_expert_value_justifier] *
      R 2  buy $ 27,387.41   sel     $27,800.00   [strat=market_expert_value_justifier]
      R 3  buy $ 11,401.51   sel     $27,800.00   [strat=market_expert_value_justifier]
      R 4  buy $    796.80   sel     $27,800.00   [strat=market_expert_value_justifier]
      R 5  buy $  3,758.82   sel     $27,500.00   [strat=market_expert_value_justifier]
      R 6  buy $ 18,284.55   sel     $26,500.00   [strat=market_expert_value_justifier]
      R 7  buy $ 21,158.30   sel     $25,000.00   [strat=market_expert_value_justifier]
      R 8  buy $ 18,092.34   sel     $24,000.00   [strat=market_expert_value_justifier]
      R 9  buy $ 18,719.53   sel     $23,500.00   [strat=market_expert_value_justifier]
      R10  buy $  5,816.56   sel     $23,500.00   [strat=market_expert_value_justifier]
      R11  buy $ 15,995.07   sel     $15,995.07   [strat=market_expert_value_justifier]
      R12  buy $ 10,423.44   sel     $22,000.00   [strat=market_expert_value_justifier]
      R13  buy $ 20,606.89   sel     $21,500.00   [strat=market_expert_value_justifier]
      R14  buy $ 19,696.57   sel     $20,000.00   [strat=market_expert_value_justifier]
      R15  buy $  3,000.90   sel     $19,500.00   [strat=market_expert_value_justifier]
      R16  buy $  7,433.22   sel     $18,500.00   [strat=market_expert_value_justifier]
   run 15 done in 8.5 min

   run 16/30 on 2019 Honda Accord Sport 1.5T  seed=20762435
      R 1  buy $ 11,942.99   sel     $17,000.00   [strat=market_expert_value_justifier] *
      R 2  buy $  6,863.37   sel     $16,500.00   [strat=market_expert_value_justifier]
      R 3  buy $  7,066.16   sel     $16,250.00   [strat=market_expert_value_justifier]
      R 4  buy $    188.94   sel     $16,250.00   [strat=market_expert_value_justifier]
      R 5  buy $    939.65   sel     $16,000.00   [strat=market_expert_value_justifier]
      R 6  buy $ 15,477.49   sel     $15,800.00   [strat=market_expert_value_justifier]
      R 7  buy $ 13,159.19   sel     $15,500.00   [strat=market_expert_value_justifier]
      R 8  buy $  7,648.44   sel     $15,500.00   [strat=market_expert_value_justifier]
      R 9  buy $  3,570.65   sel     $15,250.00   [strat=market_expert_value_justifier]
      R10  buy $  9,379.22   sel     $15,000.00   [strat=market_expert_value_justifier]
      R11  buy $ 11,259.29   sel     $15,000.00   [strat=market_expert_value_justifier]
      R12  buy $  4,371.85   sel     $14,900.00   [strat=market_expert_value_justifier]
      R13  buy $  9,330.88   sel     $14,900.00   [strat=market_expert_value_justifier]
      R14  buy $  8,203.79   sel     $14,900.00   [strat=market_expert_value_justifier]
      R15  buy $  8,998.97   sel     $14,900.00   [strat=market_expert_value_justifier]
      R16  buy $  6,212.74   sel     $14,900.00   [strat=market_expert_value_justifier]
   run 16 done in 9.8 min

   run 17/30 on 2019 Honda Accord Sport 1.5T  seed=20762436
      R 1  buy $ 22,008.04   sel     $27,599.00   [strat=market_expert_value_justifier] *
      R 2  buy $    234.44   sel     $27,000.00   [strat=market_expert_value_justifier]
      R 3  buy $ 13,990.84   sel     $26,500.00   [strat=market_expert_value_justifier]
      R 4  buy $ 19,243.92   sel     $25,500.00   [strat=market_expert_value_justifier]
      R 5  buy $ 16,130.39   sel     $24,500.00   [strat=market_expert_value_justifier]
      R 6  buy $ 10,871.66   sel     $24,000.00   [strat=market_expert_value_justifier]
      R 7  buy $ 17,635.23   sel     $23,500.00   [strat=market_expert_value_justifier]
      R 8  buy $ 18,089.63   sel     $23,000.00   [strat=market_expert_value_justifier]
      R 9  buy $ 13,164.41   sel     $22,500.00   [strat=market_expert_value_justifier]
      R10  buy $ 19,882.46   sel     $22,000.00   [strat=market_expert_value_justifier]
      R11  buy $ 20,443.21   sel     $21,250.00   [strat=market_expert_value_justifier]
      R12  buy $ 13,172.06   sel     $21,000.00   [strat=market_expert_value_justifier]
      R13  buy $ 16,425.10   sel     $19,500.00   [strat=market_expert_value_justifier]
      R14  buy $  2,218.09   sel     $19,500.00   [strat=market_expert_value_justifier]
      R15  buy $ 13,817.91   sel     $18,500.00   [strat=market_expert_value_justifier]
      R16  buy $ 14,981.43   sel     $16,500.00   [strat=market_expert_value_justifier]
   run 17 done in 10.5 min

   run 18/30 on 2019 Honda Accord Sport 1.5T  seed=20762437
      R 1  buy $  7,583.42   sel     $24,995.00   [strat=market_expert_value_justifier] *
      R 2  buy $  8,433.56   sel     $22,995.00   [strat=market_expert_value_justifier]
      R 3  buy $ 17,951.49   sel     $20,995.00   [strat=market_expert_value_justifier]
      R 4  buy $ 20,746.42   sel     $20,746.42   [strat=market_expert_value_justifier]
      R 5  buy $  2,180.59   sel     $20,995.00   [strat=market_expert_value_justifier]
      R 6  buy $  9,340.02   sel     $20,500.00   [strat=market_expert_value_justifier]
      R 7  buy $ 14,317.53   sel     $19,995.00   [strat=market_expert_value_justifier]
      R 8  buy $    117.70   sel     $19,995.00   [strat=market_expert_value_justifier]
      R 9  buy $ 18,476.48   sel     $19,500.00   [strat=market_expert_value_justifier]
      R10  buy $ 19,397.83   sel     $19,397.83   [strat=market_expert_value_justifier]
      R11  buy $  6,177.34   sel     $19,000.00   [strat=market_expert_value_justifier]
      R12  buy $ 11,093.37   sel     $19,000.00   [strat=market_expert_value_justifier]
      R13  buy $ 10,099.61   sel     $19,000.00   [strat=market_expert_value_justifier]
      R14  buy $  3,098.24   sel     $18,500.00   [strat=market_expert_value_justifier]
      R15  buy $  5,040.85   sel     $18,000.00   [strat=market_expert_value_justifier]
      R16  buy $    486.41   sel     $17,500.00   [strat=market_expert_value_justifier]
   run 18 done in 8.8 min

   run 19/30 on 2019 Honda Accord Sport 1.5T  seed=20762438
      R 1  buy $ 13,861.72   sel     $16,500.00   [strat=market_expert_value_justifier] *
      R 2  buy $ 11,697.33   sel     $16,500.00   [strat=market_expert_value_justifier]
      R 3  buy $ 14,907.97   sel     $15,800.00   [strat=market_expert_value_justifier]
      R 4  buy $  5,184.73   sel     $15,500.00   [strat=market_expert_value_justifier]
      R 5  buy $ 14,890.50   sel     $15,300.00   [strat=market_expert_value_justifier]
      R 6  buy $  4,451.09   sel     $15,300.00   [strat=market_expert_value_justifier]
      R 7  buy $  8,197.00   sel     $15,000.00   [strat=market_expert_value_justifier]
      R 8  buy $  7,211.56   sel     $15,000.00   [strat=market_expert_value_justifier]
      R 9  buy $  4,310.15   sel     $15,000.00   [strat=market_expert_value_justifier]
      R10  buy $ 12,378.17   sel     $14,800.00   [strat=market_expert_value_justifier]
      R11  buy $  5,284.25   sel     $14,800.00   [strat=market_expert_value_justifier]
      R12  buy $ 12,936.46   sel     $14,500.00   [strat=market_expert_value_justifier]
      R13  buy $ 11,069.24   sel     $14,400.00   [strat=market_expert_value_justifier]
      R14  buy $ 12,163.27   sel     $14,400.00   [strat=market_expert_value_justifier]
      R15  buy $  4,774.60   sel     $14,400.00   [strat=market_expert_value_justifier]
      R16  buy $  5,649.68   sel     $14,400.00   [strat=market_expert_value_justifier]
   run 19 done in 10.3 min

   run 20/30 on 2019 Honda Accord Sport 1.5T  seed=20762439
      R 1  buy $ 17,631.11   sel     $26,500.00   [strat=market_expert_value_justifier] *
      R 2  buy $ 12,097.68   sel     $26,000.00   [strat=market_expert_value_justifier]
      R 3  buy $  5,867.49   sel     $25,750.00   [strat=market_expert_value_justifier]
      R 4  buy $ 18,931.34   sel     $25,000.00   [strat=market_expert_value_justifier]
      R 5  buy $ 21,095.67   sel     $24,500.00   [strat=market_expert_value_justifier]
      R 6  buy $ 20,843.96   sel     $24,250.00   [strat=market_expert_value_justifier]
      R 7  buy $  6,576.55   sel     $24,250.00   [strat=market_expert_value_justifier]
      R 8  buy $ 13,787.02   sel     $24,000.00   [strat=market_expert_value_justifier]
      R 9  buy $  8,287.98   sel     $24,000.00   [strat=market_expert_value_justifier]
      R10  buy $ 17,502.98   sel     $23,500.00   [strat=market_expert_value_justifier]
      R11  buy $ 20,473.03   sel     $23,000.00   [strat=market_expert_value_justifier]
      R12  buy $ 19,566.52   sel     $22,500.00   [strat=market_expert_value_justifier]
      R13  buy $    505.84   sel     $22,000.00   [strat=market_expert_value_justifier]
      R14  buy $ 14,032.37   sel     $21,500.00   [strat=market_expert_value_justifier]
      R15  buy $ 18,260.80   sel     $20,000.00   [strat=market_expert_value_justifier]
      R16  buy $ 17,397.95   sel     $18,500.00   [strat=market_expert_value_justifier]
   run 20 done in 10.5 min

   run 21/30 on 2019 Honda Accord Sport 1.5T  seed=20762440
      R 1  buy $ 12,578.74   sel     $22,500.00   [strat=market_expert_value_justifier] *
      R 2  buy $  1,632.21   sel     $21,500.00   [strat=market_expert_value_justifier]
      R 3  buy $  3,438.08   sel     $20,000.00   [strat=market_expert_value_justifier]
      R 4  buy $ 17,906.55   sel     $19,500.00   [strat=market_expert_value_justifier]
      R 5  buy $  9,712.47   sel     $18,900.00   [strat=market_expert_value_justifier]
      R 6  buy $ 13,412.76   sel     $18,500.00   [strat=market_expert_value_justifier]
      R 7  buy $     21.89   sel     $18,500.00   [strat=market_expert_value_justifier]
      R 8  buy $ 13,159.97   sel     $18,000.00   [strat=market_expert_value_justifier]
