=== START exp11_transitionB_rep3 ===
    schedule    : threephase__opponent_aware_diagnostic@1_market_expert_value_justifier@6_reciprocal_fairness_keeper@12
    adaptive    : True  (switches=[6, 12])
    unique strat: ['market_expert_value_justifier', 'opponent_aware_diagnostic', 'reciprocal_fairness_keeper']
    n_rounds    : 16
    n_cars      : 5
    runs/car    : 30
    total runs  : 150
    total calls : 2400  (~12.0 h @ 200 calls/h)
    model       : deepseek-reasoner
    base_url    : https://api.deepseek.com
    base_seed   : 20260420
    output      : results\exp11_transitionB_rep3.json

--- CAR 1/5: 2014 Mercedes-Benz S550  (M=$96,000.00  cost=$19,000.00  cost/M=19.79%) ---

   run 1/30 on 2014 Mercedes-Benz S550  seed=21360420
      R 1  buy $ 85,197.22   sel     $94,500.00   [strat=opponent_aware_diagnostic] *
      R 2  buy $ 67,731.19   sel     $92,000.00   [strat=opponent_aware_diagnostic]
      R 3  buy $ 36,374.34   sel     $90,000.00   [strat=opponent_aware_diagnostic]
      R 4  buy $ 64,083.40   sel     $90,000.00   [strat=opponent_aware_diagnostic]
      R 5  buy $ 56,248.56   sel     $88,000.00   [strat=opponent_aware_diagnostic]
      R 6  buy $ 15,049.05   sel     $87,500.00   [strat=market_expert_value_justifier] *
      R 7  buy $ 74,335.14   sel     $86,000.00   [strat=market_expert_value_justifier]
      R 8  buy $ 30,871.00   sel     $70,000.00   [strat=market_expert_value_justifier]
      R 9  buy $ 59,772.50   sel     $68,500.00   [strat=market_expert_value_justifier]
      R10  buy $ 51,716.04   sel     $66,000.00   [strat=market_expert_value_justifier]
      R11  buy $ 32,853.58   sel     $64,000.00   [strat=market_expert_value_justifier]
      R12  buy $ 21,547.05   sel     $62,000.00   [strat=reciprocal_fairness_keeper] *
      R13  buy $ 14,381.89   sel     $61,000.00   [strat=reciprocal_fairness_keeper]
      R14  buy $ 34,301.72   sel     $59,500.00   [strat=reciprocal_fairness_keeper]
      R15  buy $ 17,430.87   sel     $59,000.00   [strat=reciprocal_fairness_keeper]
      R16  buy $ 57,550.56   sel     $58,500.00   [strat=reciprocal_fairness_keeper]
   run 1 done in 5.8 min

   run 2/30 on 2014 Mercedes-Benz S550  seed=21360421
      R 1  buy $ 30,871.67   sel     $39,500.00   [strat=opponent_aware_diagnostic] *
      R 2  buy $ 19,783.60   sel     $38,500.00   [strat=opponent_aware_diagnostic]
      R 3  buy $ 23,753.59   sel     $37,500.00   [strat=opponent_aware_diagnostic]
      R 4  buy $ 23,351.71   sel     $36,000.00   [strat=opponent_aware_diagnostic]
      R 5  buy $ 29,985.51   sel     $34,000.00   [strat=opponent_aware_diagnostic]
      R 6  buy $ 32,291.81   sel     $33,500.00   [strat=market_expert_value_justifier] *
      R 7  buy $ 31,227.10   sel     $32,500.00   [strat=market_expert_value_justifier]
      R 8  buy $  7,113.44   sel     $32,500.00   [strat=market_expert_value_justifier]
      R 9  buy $ 24,617.07   sel     $31,000.00   [strat=market_expert_value_justifier]
      R10  buy $  9,770.18   sel     $30,500.00   [strat=market_expert_value_justifier]
      R11  buy $ 28,755.32   sel     $29,500.00   [strat=market_expert_value_justifier]
      R12  buy $  8,267.12   sel     $29,500.00   [strat=reciprocal_fairness_keeper] *
      R13  buy $ 20,574.53   sel     $27,500.00   [strat=reciprocal_fairness_keeper]
      R14  buy $  1,696.22   sel     $27,000.00   [strat=reciprocal_fairness_keeper]
      R15  buy $  2,490.22   sel     $26,500.00   [strat=reciprocal_fairness_keeper]
      R16  buy $ 22,017.81   sel     $24,500.00   [strat=reciprocal_fairness_keeper]
   run 2 done in 5.4 min

   run 3/30 on 2014 Mercedes-Benz S550  seed=21360422
      R 1  buy $     13.92   sel     $24,975.00   [strat=opponent_aware_diagnostic] *
      R 2  buy $ 23,041.66   sel     $24,000.00   [strat=opponent_aware_diagnostic]
      R 3  buy $ 22,033.27   sel     $23,500.00   [strat=opponent_aware_diagnostic]
      R 4  buy $ 18,261.16   sel     $23,200.00   [strat=opponent_aware_diagnostic]
      R 5  buy $ 17,658.75   sel     $22,800.00   [strat=opponent_aware_diagnostic]
      R 6  buy $  7,774.43   sel     $22,750.00   [strat=market_expert_value_justifier] *
      R 7  buy $ 15,139.33   sel     $22,500.00   [strat=market_expert_value_justifier]
      R 8  buy $ 21,878.20   sel     $22,200.00   [strat=market_expert_value_justifier]
      R 9  buy $ 19,789.20   sel     $21,800.00   [strat=market_expert_value_justifier]
      R10  buy $ 16,748.40   sel     $21,500.00   [strat=market_expert_value_justifier]
      R11  buy $ 20,550.40   sel     $21,000.00   [strat=market_expert_value_justifier]
      R12  buy $  3,291.01   sel     $21,500.00   [strat=reciprocal_fairness_keeper] *
      R13  buy $  3,696.75   sel     $21,400.00   [strat=reciprocal_fairness_keeper]
      R14  buy $ 19,082.72   sel     $20,000.00   [strat=reciprocal_fairness_keeper]
      R15  buy $  5,092.17   sel     $20,000.00   [strat=reciprocal_fairness_keeper]
      R16  buy $ 10,016.12   sel     $19,500.00   [strat=reciprocal_fairness_keeper]
   run 3 done in 6.0 min

   run 4/30 on 2014 Mercedes-Benz S550  seed=21360423
      R 1  buy $ 36,438.19   sel     $48,500.00   [strat=opponent_aware_diagnostic] *
      R 2  buy $ 38,171.10   sel     $45,000.00   [strat=opponent_aware_diagnostic]
      R 3  buy $ 38,158.19   sel     $44,000.00   [strat=opponent_aware_diagnostic]
      R 4  buy $  9,112.05   sel     $44,000.00   [strat=opponent_aware_diagnostic]
      R 5  buy $  8,697.61   sel     $42,000.00   [strat=opponent_aware_diagnostic]
      R 6  buy $ 34,027.34   sel     $41,000.00   [strat=market_expert_value_justifier] *
      R 7  buy $  7,272.31   sel     $40,000.00   [strat=market_expert_value_justifier]
      R 8  buy $ 33,646.84   sel     $38,500.00   [strat=market_expert_value_justifier]
      R 9  buy $ 25,480.89   sel     $38,000.00   [strat=market_expert_value_justifier]
      R10  buy $ 23,601.72   sel     $37,000.00   [strat=market_expert_value_justifier]
      R11  buy $ 30,089.42   sel     $37,000.00   [strat=market_expert_value_justifier]
      R12  buy $ 25,461.32   sel     $35,500.00   [strat=reciprocal_fairness_keeper] *
      R13  buy $ 32,989.27   sel     $34,500.00   [strat=reciprocal_fairness_keeper]
      R14  buy $ 14,146.09   sel     $33,500.00   [strat=reciprocal_fairness_keeper]
      R15  buy $  3,049.80   sel     $33,500.00   [strat=reciprocal_fairness_keeper]
      R16  buy $ 31,383.40   sel     $32,500.00   [strat=reciprocal_fairness_keeper]
   run 4 done in 5.5 min

   run 5/30 on 2014 Mercedes-Benz S550  seed=21360424
      R 1  buy $ 65,530.82   sel     $78,999.00   [strat=opponent_aware_diagnostic] *
      R 2  buy $  3,469.59   sel     $74,500.00   [strat=opponent_aware_diagnostic]
      R 3  buy $ 33,410.21   sel     $70,000.00   [strat=opponent_aware_diagnostic]
      R 4  buy $ 53,079.78   sel     $65,000.00   [strat=opponent_aware_diagnostic]
      R 5  buy $ 49,800.72   sel     $62,000.00   [strat=opponent_aware_diagnostic]
      R 6  buy $ 20,094.13   sel     $59,500.00   [strat=market_expert_value_justifier] *
      R 7  buy $ 30,637.69   sel     $58,000.00   [strat=market_expert_value_justifier]
      R 8  buy $ 12,442.17   sel     $58,000.00   [strat=market_expert_value_justifier]
      R 9  buy $ 41,249.63   sel     $55,000.00   [strat=market_expert_value_justifier]
      R10  buy $ 15,120.45   sel     $55,000.00   [strat=market_expert_value_justifier]
      R11  buy $ 45,687.11   sel     $52,000.00   [strat=market_expert_value_justifier]
      R12  buy $ 13,184.21   sel     $52,000.00   [strat=reciprocal_fairness_keeper] *
      R13  buy $ 46,544.76   sel     $50,000.00   [strat=reciprocal_fairness_keeper]
      R14  buy $  8,733.71   sel     $50,000.00   [strat=reciprocal_fairness_keeper]
      R15  buy $ 45,284.91   sel     $45,284.91   [strat=reciprocal_fairness_keeper]
      R16  buy $ 24,814.97   sel     $45,284.91   [strat=reciprocal_fairness_keeper]
   run 5 done in 4.3 min

   run 6/30 on 2014 Mercedes-Benz S550  seed=21360425
      R 1  buy $ 59,777.29   sel     $62,995.00   [strat=opponent_aware_diagnostic] *
      R 2  buy $ 53,925.35   sel     $60,995.00   [strat=opponent_aware_diagnostic]
      R 3  buy $ 18,141.78   sel     $59,500.00   [strat=opponent_aware_diagnostic]
      R 4  buy $ 40,905.57   sel     $58,750.00   [strat=opponent_aware_diagnostic]
      R 5  buy $ 11,541.45   sel     $57,500.00   [strat=opponent_aware_diagnostic]
      R 6  buy $ 36,917.72   sel     $56,000.00   [strat=market_expert_value_justifier] *
      R 7  buy $ 37,871.79   sel     $55,000.00   [strat=market_expert_value_justifier]
      R 8  buy $ 22,764.17   sel     $54,500.00   [strat=market_expert_value_justifier]
      R 9  buy $ 16,574.68   sel     $29,995.00   [strat=market_expert_value_justifier]
      R10  buy $ 13,697.99   sel     $29,995.00   [strat=market_expert_value_justifier]
      R11  buy $    231.39   sel     $29,995.00   [strat=market_expert_value_justifier]
      R12  buy $  7,393.21   sel     $28,995.00   [strat=reciprocal_fairness_keeper] *
      R13  buy $  1,663.17   sel     $27,500.00   [strat=reciprocal_fairness_keeper]
      R14  buy $ 25,185.01   sel     $26,000.00   [strat=reciprocal_fairness_keeper]
      R15  buy $ 21,569.94   sel     $25,500.00   [strat=reciprocal_fairness_keeper]
      R16  buy $  6,257.13   sel     $25,000.00   [strat=reciprocal_fairness_keeper]
   run 6 done in 6.0 min

   run 7/30 on 2014 Mercedes-Benz S550  seed=21360426
      R 1  buy $ 17,359.85   sel     $23,500.00   [strat=opponent_aware_diagnostic] *
      R 2  buy $  5,942.62   sel     $23,500.00   [strat=opponent_aware_diagnostic]
      R 3  buy $ 17,940.31   sel     $22,500.00   [strat=opponent_aware_diagnostic]
      R 4  buy $ 19,775.41   sel     $21,500.00   [strat=opponent_aware_diagnostic]
      R 5  buy $  4,574.88   sel     $21,500.00   [strat=opponent_aware_diagnostic]
      R 6  buy $ 12,372.12   sel     $21,000.00   [strat=market_expert_value_justifier] *
      R 7  buy $ 11,726.30   sel     $20,500.00   [strat=market_expert_value_justifier]
      R 8  buy $  1,321.98   sel     $20,000.00   [strat=market_expert_value_justifier]
      R 9  buy $  3,454.04   sel     $19,500.00   [strat=market_expert_value_justifier]
      R10  buy $  2,103.70   sel     $19,300.00   [strat=market_expert_value_justifier]
      R11  buy $ 13,661.29   sel     $19,200.00   [strat=market_expert_value_justifier]
      R12  buy $  7,475.76   sel     $19,100.00   [strat=reciprocal_fairness_keeper] *
      R13  buy $ 18,877.17   sel     $19,050.00   [strat=reciprocal_fairness_keeper]
      R14  buy $  1,328.60   sel     $19,000.00   [strat=reciprocal_fairness_keeper]
      R15  buy $ 11,434.53   sel     $19,000.00   [strat=reciprocal_fairness_keeper]
      R16  buy $ 13,459.96   sel     $19,000.00   [strat=reciprocal_fairness_keeper]
   run 7 done in 4.0 min

   run 8/30 on 2014 Mercedes-Benz S550  seed=21360427
      R 1  buy $ 38,522.25   sel     PARSE-FAIL   [strat=opponent_aware_diagnostic] *
      R 2  buy $ 88,166.70   sel     $94,500.00   [strat=opponent_aware_diagnostic]
      R 3  buy $ 59,512.18   sel     $89,500.00   [strat=opponent_aware_diagnostic]
      R 4  buy $ 70,594.52   sel     $84,500.00   [strat=opponent_aware_diagnostic]
      R 5  buy $ 67,425.89   sel     $81,000.00   [strat=opponent_aware_diagnostic]
      R 6  buy $ 69,397.51   sel     $78,000.00   [strat=market_expert_value_justifier] *
      R 7  buy $ 13,242.24   sel     $76,000.00   [strat=market_expert_value_justifier]
      R 8  buy $ 30,727.25   sel     $72,500.00   [strat=market_expert_value_justifier]
      R 9  buy $ 66,084.00   sel     $71,000.00   [strat=market_expert_value_justifier]
      R10  buy $ 26,308.05   sel     $68,500.00   [strat=market_expert_value_justifier]
      R11  buy $ 10,874.75   sel     $66,000.00   [strat=market_expert_value_justifier]
      R12  buy $  4,098.97   sel     $64,500.00   [strat=reciprocal_fairness_keeper] *
      R13  buy $ 19,425.60   sel     $60,000.00   [strat=reciprocal_fairness_keeper]
      R14  buy $ 45,708.57   sel     $55,000.00   [strat=reciprocal_fairness_keeper]
      R15  buy $ 29,977.32   sel     $48,000.00   [strat=reciprocal_fairness_keeper]
      R16  buy $  8,202.12   sel     $46,000.00   [strat=reciprocal_fairness_keeper]
   run 8 done in 4.8 min

   run 9/30 on 2014 Mercedes-Benz S550  seed=21360428
      R 1  buy $ 65,270.98   sel     $70,000.00   [strat=opponent_aware_diagnostic] *
      R 2  buy $ 49,051.08   sel     $69,500.00   [strat=opponent_aware_diagnostic]
      R 3  buy $ 26,975.69   sel     $68,900.00   [strat=opponent_aware_diagnostic]
      R 4  buy $ 17,948.32   sel     $68,500.00   [strat=opponent_aware_diagnostic]
      R 5  buy $ 14,698.05   sel     $67,900.00   [strat=opponent_aware_diagnostic]
      R 6  buy $ 57,862.31   sel     $67,500.00   [strat=market_expert_value_justifier] *
      R 7  buy $ 21,444.77   sel     $67,000.00   [strat=market_expert_value_justifier]
      R 8  buy $ 50,389.14   sel     $65,500.00   [strat=market_expert_value_justifier]
      R 9  buy $ 29,816.52   sel     $64,500.00   [strat=market_expert_value_justifier]
      R10  buy $  4,576.61   sel     $64,000.00   [strat=market_expert_value_justifier]
      R11  buy $ 63,556.64   sel     $63,556.64   [strat=market_expert_value_justifier]
      R12  buy $ 49,753.60   sel     $57,000.00   [strat=reciprocal_fairness_keeper] *
      R13  buy $ 20,059.46   sel     $56,500.00   [strat=reciprocal_fairness_keeper]
      R14  buy $ 27,601.62   sel     $55,000.00   [strat=reciprocal_fairness_keeper]
      R15  buy $ 23,649.31   sel     $54,000.00   [strat=reciprocal_fairness_keeper]
      R16  buy $ 41,717.10   sel     $52,000.00   [strat=reciprocal_fairness_keeper]
   run 9 done in 5.1 min

   run 10/30 on 2014 Mercedes-Benz S550  seed=21360429
      R 1  buy $ 79,243.77   sel     $91,500.00   [strat=opponent_aware_diagnostic] *
      R 2  buy $ 30,706.28   sel     $85,000.00   [strat=opponent_aware_diagnostic]
      R 3  buy $ 68,823.08   sel     $79,995.00   [strat=opponent_aware_diagnostic]
      R 4  buy $ 79,548.40   sel     $79,500.00   [strat=opponent_aware_diagnostic]
      R 5  buy $ 60,678.34   sel     $75,000.00   [strat=opponent_aware_diagnostic]
      R 6  buy $ 46,704.29   sel     $69,000.00   [strat=market_expert_value_justifier] *
      R 7  buy $ 31,860.68   sel     $68,500.00   [strat=market_expert_value_justifier]
      R 8  buy $ 10,449.73   sel     $65,000.00   [strat=market_expert_value_justifier]
      R 9  buy $ 13,627.75   sel     $65,000.00   [strat=market_expert_value_justifier]
      R10  buy $  4,838.12   sel     $67,000.00   [strat=market_expert_value_justifier]
      R11  buy $ 30,394.14   sel     $66,500.00   [strat=market_expert_value_justifier]
      R12  buy $  4,916.74   sel     $66,000.00   [strat=reciprocal_fairness_keeper] *
      R13  buy $ 23,375.24   sel     $63,000.00   [strat=reciprocal_fairness_keeper]
      R14  buy $ 41,505.49   sel     $58,000.00   [strat=reciprocal_fairness_keeper]
      R15  buy $ 32,189.11   sel     $52,000.00   [strat=reciprocal_fairness_keeper]
      R16  buy $ 50,033.81   sel     $50,500.00   [strat=reciprocal_fairness_keeper]
   run 10 done in 4.6 min

   run 11/30 on 2014 Mercedes-Benz S550  seed=21360430
      R 1  buy $ 50,609.81   sel     $55,995.00   [strat=opponent_aware_diagnostic] *
      R 2  buy $ 40,565.17   sel     $54,999.00   [strat=opponent_aware_diagnostic]
      R 3  buy $ 44,719.77   sel     $53,500.00   [strat=opponent_aware_diagnostic]
      R 4  buy $ 22,172.74   sel     $53,000.00   [strat=opponent_aware_diagnostic]
      R 5  buy $  5,510.11   sel     $53,000.00   [strat=opponent_aware_diagnostic]
      R 6  buy $ 19,665.68   sel     $52,500.00   [strat=market_expert_value_justifier] *
      R 7  buy $ 34,606.25   sel     $51,500.00   [strat=market_expert_value_justifier]
      R 8  buy $ 47,254.23   sel     $51,500.00   [strat=market_expert_value_justifier]
      R 9  buy $ 39,401.50   sel     $51,500.00   [strat=market_expert_value_justifier]
      R10  buy $ 32,193.56   sel     $49,999.00   [strat=market_expert_value_justifier]
      R11  buy $  9,762.03   sel     $49,999.00   [strat=market_expert_value_justifier]
      R12  buy $ 40,019.75   sel     $49,500.00   [strat=reciprocal_fairness_keeper] *
      R13  buy $ 26,369.39   sel     $48,500.00   [strat=reciprocal_fairness_keeper]
      R14  buy $ 37,734.95   sel     $47,500.00   [strat=reciprocal_fairness_keeper]
      R15  buy $  1,917.75   sel     $48,000.00   [strat=reciprocal_fairness_keeper]
      R16  buy $  5,707.36   sel     $48,000.00   [strat=reciprocal_fairness_keeper]
   run 11 done in 4.3 min

   run 12/30 on 2014 Mercedes-Benz S550  seed=21360431
      R 1  buy $ 78,879.35   sel     $94,500.00   [strat=opponent_aware_diagnostic] *
      R 2  buy $ 86,697.87   sel     $92,500.00   [strat=opponent_aware_diagnostic]
      R 3  buy $ 13,650.02   sel     $92,500.00   [strat=opponent_aware_diagnostic]
      R 4  buy $ 50,534.38   sel     $89,000.00   [strat=opponent_aware_diagnostic]
      R 5  buy $ 32,458.15   sel     $89,000.00   [strat=opponent_aware_diagnostic]
      R 6  buy $ 50,956.10   sel     $89,000.00   [strat=market_expert_value_justifier] *
      R 7  buy $ 73,673.05   sel     $85,000.00   [strat=market_expert_value_justifier]
      R 8  buy $ 48,676.71   sel     $83,000.00   [strat=market_expert_value_justifier]
      R 9  buy $ 79,309.04   sel     $81,000.00   [strat=market_expert_value_justifier]
      R10  buy $  7,590.71   sel     $81,000.00   [strat=market_expert_value_justifier]
      R11  buy $ 74,584.58   sel     $79,500.00   [strat=market_expert_value_justifier]
      R12  buy $ 29,183.74   sel     $79,500.00   [strat=reciprocal_fairness_keeper] *
      R13  buy $ 59,785.27   sel     $78,000.00   [strat=reciprocal_fairness_keeper]
      R14  buy $ 33,860.23   sel     $78,000.00   [strat=reciprocal_fairness_keeper]
      R15  buy $ 66,930.97   sel     $77,000.00   [strat=reciprocal_fairness_keeper]
      R16  buy $ 49,359.48   sel     $77,000.00   [strat=reciprocal_fairness_keeper]
   run 12 done in 5.8 min

   run 13/30 on 2014 Mercedes-Benz S550  seed=21360432
      R 1  buy $ 25,378.32   sel     $29,750.00   [strat=opponent_aware_diagnostic] *
      R 2  buy $ 16,637.57   sel     $27,500.00   [strat=opponent_aware_diagnostic]
      R 3  buy $ 11,369.16   sel     $26,000.00   [strat=opponent_aware_diagnostic]
      R 4  buy $ 17,179.82   sel     $24,500.00   [strat=opponent_aware_diagnostic]
      R 5  buy $    269.46   sel     $24,000.00   [strat=opponent_aware_diagnostic]
      R 6  buy $  7,591.46   sel     $23,500.00   [strat=market_expert_value_justifier] *
      R 7  buy $ 12,291.55   sel     $23,000.00   [strat=market_expert_value_justifier]
      R 8  buy $ 16,674.14   sel     $22,500.00   [strat=market_expert_value_justifier]
      R 9  buy $ 18,083.38   sel     $22,000.00   [strat=market_expert_value_justifier]
      R10  buy $  4,665.02   sel     $21,500.00   [strat=market_expert_value_justifier]
      R11  buy $ 10,634.51   sel     $21,250.00   [strat=market_expert_value_justifier]
      R12  buy $  8,840.30   sel     $21,000.00   [strat=reciprocal_fairness_keeper] *
      R13  buy $ 11,950.51   sel     $20,750.00   [strat=reciprocal_fairness_keeper]
      R14  buy $    165.42   sel     $20,500.00   [strat=reciprocal_fairness_keeper]
      R15  buy $  6,177.26   sel     $20,000.00   [strat=reciprocal_fairness_keeper]
      R16  buy $ 16,454.92   sel     $19,500.00   [strat=reciprocal_fairness_keeper]
   run 13 done in 6.1 min

   run 14/30 on 2014 Mercedes-Benz S550  seed=21360433
      R 1  buy $ 16,157.49   sel     $24,500.00   [strat=opponent_aware_diagnostic] *
      R 2  buy $ 15,188.26   sel     $23,500.00   [strat=opponent_aware_diagnostic]
      R 3  buy $ 10,581.77   sel     $23,000.00   [strat=opponent_aware_diagnostic]
      R 4  buy $ 16,853.19   sel     $22,500.00   [strat=opponent_aware_diagnostic]
      R 5  buy $ 20,843.58   sel     $21,500.00   [strat=opponent_aware_diagnostic]
      R 6  buy $  6,273.91   sel     $21,500.00   [strat=market_expert_value_justifier] *
      R 7  buy $  4,925.72   sel     $21,500.00   [strat=market_expert_value_justifier]
      R 8  buy $  8,844.29   sel     $21,500.00   [strat=market_expert_value_justifier]
      R 9  buy $  7,932.18   sel     $21,500.00   [strat=market_expert_value_justifier]
      R10  buy $ 17,157.20   sel     $21,500.00   [strat=market_expert_value_justifier]
      R11  buy $ 13,070.72   sel     $21,500.00   [strat=market_expert_value_justifier]
      R12  buy $ 11,432.75   sel     $21,500.00   [strat=reciprocal_fairness_keeper] *
      R13  buy $ 17,175.52   sel     $21,000.00   [strat=reciprocal_fairness_keeper]
      R14  buy $  7,497.09   sel     $21,500.00   [strat=reciprocal_fairness_keeper]
      R15  buy $ 15,716.78   sel     $20,500.00   [strat=reciprocal_fairness_keeper]
      R16  buy $    303.20   sel     $21,500.00   [strat=reciprocal_fairness_keeper]
   run 14 done in 4.6 min

   run 15/30 on 2014 Mercedes-Benz S550  seed=21360434
      R 1  buy $ 48,481.86   sel     $58,000.00   [strat=opponent_aware_diagnostic] *
      R 2  buy $ 20,118.48   sel     $55,000.00   [strat=opponent_aware_diagnostic]
      R 3  buy $ 12,372.45   sel     $55,000.00   [strat=opponent_aware_diagnostic]
      R 4  buy $ 20,459.03   sel     $52,500.00   [strat=opponent_aware_diagnostic]
      R 5  buy $ 19,089.18   sel     $51,500.00   [strat=opponent_aware_diagnostic]
      R 6  buy $ 48,136.55   sel     $50,000.00   [strat=market_expert_value_justifier] *
      R 7  buy $ 42,399.16   sel     $47,500.00   [strat=market_expert_value_justifier]
      R 8  buy $ 22,712.04   sel     $45,000.00   [strat=market_expert_value_justifier]
      R 9  buy $ 28,117.33   sel     $43,500.00   [strat=market_expert_value_justifier]
      R10  buy $ 16,204.00   sel     $42,000.00   [strat=market_expert_value_justifier]
      R11  buy $ 13,481.79   sel     $40,000.00   [strat=market_expert_value_justifier]
      R12  buy $ 15,810.19   sel     $39,500.00   [strat=reciprocal_fairness_keeper] *
      R13  buy $  9,392.12   sel     $38,500.00   [strat=reciprocal_fairness_keeper]
      R14  buy $ 10,421.40   sel     $38,500.00   [strat=reciprocal_fairness_keeper]
      R15  buy $ 31,751.38   sel     $36,000.00   [strat=reciprocal_fairness_keeper]
      R16  buy $  7,252.71   sel     $35,000.00   [strat=reciprocal_fairness_keeper]
   run 15 done in 5.8 min

   run 16/30 on 2014 Mercedes-Benz S550  seed=21360435
      R 1  buy $ 74,602.29   sel     $89,500.00   [strat=opponent_aware_diagnostic] *
      R 2  buy $ 13,264.42   sel     $88,500.00   [strat=opponent_aware_diagnostic]
      R 3  buy $ 44,076.19   sel     $86,500.00   [strat=opponent_aware_diagnostic]
      R 4  buy $ 10,261.89   sel     $85,000.00   [strat=opponent_aware_diagnostic]
      R 5  buy $ 71,160.77   sel     $80,000.00   [strat=opponent_aware_diagnostic]
      R 6  buy $ 25,048.30   sel     $79,000.00   [strat=market_expert_value_justifier] *
      R 7  buy $ 57,672.87   sel     $78,000.00   [strat=market_expert_value_justifier]
      R 8  buy $  5,578.42   sel     $77,000.00   [strat=market_expert_value_justifier]
      R 9  buy $ 48,821.03   sel     $76,000.00   [strat=market_expert_value_justifier]
      R10  buy $ 58,846.00   sel     $75,000.00   [strat=market_expert_value_justifier]
      R11  buy $ 62,621.53   sel     $74,000.00   [strat=market_expert_value_justifier]
      R12  buy $ 63,766.99   sel     $73,000.00   [strat=reciprocal_fairness_keeper] *
      R13  buy $ 27,484.14   sel     $72,000.00   [strat=reciprocal_fairness_keeper]
      R14  buy $ 44,303.67   sel     $71,000.00   [strat=reciprocal_fairness_keeper]
      R15  buy $ 55,633.47   sel     $69,000.00   [strat=reciprocal_fairness_keeper]
      R16  buy $ 30,887.67   sel     $68,000.00   [strat=reciprocal_fairness_keeper]
   run 16 done in 6.6 min

   run 17/30 on 2014 Mercedes-Benz S550  seed=21360436
      R 1  buy $ 80,719.88   sel     $94,500.00   [strat=opponent_aware_diagnostic] *
      R 2  buy $ 78,599.93   sel     $93,000.00   [strat=opponent_aware_diagnostic]
      R 3  buy $ 18,193.95   sel     $89,000.00   [strat=opponent_aware_diagnostic]
      R 4  buy $ 12,320.65   sel     $88,000.00   [strat=opponent_aware_diagnostic]
      R 5  buy $ 71,674.34   sel     $86,000.00   [strat=opponent_aware_diagnostic]
      R 6  buy $ 11,236.02   sel     $85,000.00   [strat=market_expert_value_justifier] *
      R 7  buy $ 41,930.19   sel     $84,000.00   [strat=market_expert_value_justifier]
      R 8  buy $ 24,602.68   sel     $83,500.00   [strat=market_expert_value_justifier]
      R 9  buy $ 27,503.96   sel     $82,500.00   [strat=market_expert_value_justifier]
      R10  buy $ 73,282.04   sel     $81,500.00   [strat=market_expert_value_justifier]
      R11  buy $ 36,649.80   sel     $80,000.00   [strat=market_expert_value_justifier]
      R12  buy $ 55,767.34   sel     $78,500.00   [strat=reciprocal_fairness_keeper] *
      R13  buy $  7,641.43   sel     $78,000.00   [strat=reciprocal_fairness_keeper]
      R14  buy $ 22,920.77   sel     $77,500.00   [strat=reciprocal_fairness_keeper]
      R15  buy $ 63,134.63   sel     $77,000.00   [strat=reciprocal_fairness_keeper]
      R16  buy $  1,537.85   sel     $76,500.00   [strat=reciprocal_fairness_keeper]
   run 17 done in 5.7 min

   run 18/30 on 2014 Mercedes-Benz S550  seed=21360437
      R 1  buy $ 30,552.64   sel     $48,000.00   [strat=opponent_aware_diagnostic] *
      R 2  buy $ 37,018.28   sel     $46,500.00   [strat=opponent_aware_diagnostic]
      R 3  buy $ 25,465.02   sel     $43,000.00   [strat=opponent_aware_diagnostic]
      R 4  buy $ 15,727.78   sel     $41,500.00   [strat=opponent_aware_diagnostic]
      R 5  buy $  5,044.33   sel     $40,000.00   [strat=opponent_aware_diagnostic]
      R 6  buy $  6,780.57   sel     $40,000.00   [strat=market_expert_value_justifier] *
      R 7  buy $ 16,961.94   sel     $39,500.00   [strat=market_expert_value_justifier]
      R 8  buy $  2,433.87   sel     $38,000.00   [strat=market_expert_value_justifier]
      R 9  buy $  8,945.40   sel     $37,000.00   [strat=market_expert_value_justifier]
      R10  buy $ 34,925.02   sel     $35,500.00   [strat=market_expert_value_justifier]
      R11  buy $ 29,941.52   sel     $33,500.00   [strat=market_expert_value_justifier]
      R12  buy $ 22,355.31   sel     $30,000.00   [strat=reciprocal_fairness_keeper] *
      R13  buy $ 21,586.55   sel     $29,000.00   [strat=reciprocal_fairness_keeper]
      R14  buy $  5,592.34   sel     $29,000.00   [strat=reciprocal_fairness_keeper]
      R15  buy $     97.35   sel     $29,000.00   [strat=reciprocal_fairness_keeper]
      R16  buy $ 11,369.23   sel     $28,000.00   [strat=reciprocal_fairness_keeper]
   run 18 done in 6.4 min

   run 19/30 on 2014 Mercedes-Benz S550  seed=21360438
      R 1  buy $ 60,445.12   sel     $74,995.00   [strat=opponent_aware_diagnostic] *
      R 2  buy $ 55,820.01   sel     $65,000.00   [strat=opponent_aware_diagnostic]
      R 3  buy $ 47,157.31   sel     $62,500.00   [strat=opponent_aware_diagnostic]
      R 4  buy $ 11,470.42   sel     $62,500.00   [strat=opponent_aware_diagnostic]
      R 5  buy $ 50,482.21   sel     $59,500.00   [strat=opponent_aware_diagnostic]
      R 6  buy $ 29,671.43   sel     $58,000.00   [strat=market_expert_value_justifier] *
      R 7  buy $ 33,828.98   sel     $57,500.00   [strat=market_expert_value_justifier]
      R 8  buy $ 39,745.74   sel     $54,000.00   [strat=market_expert_value_justifier]
      R 9  buy $  2,786.90   sel     $54,000.00   [strat=market_expert_value_justifier]
      R10  buy $ 52,636.85   sel     $52,636.85   [strat=market_expert_value_justifier]
      R11  buy $ 16,962.51   sel     $53,000.00   [strat=market_expert_value_justifier]
      R12  buy $ 15,252.61   sel     $52,000.00   [strat=reciprocal_fairness_keeper] *
      R13  buy $ 43,581.97   sel     $48,000.00   [strat=reciprocal_fairness_keeper]
      R14  buy $ 19,757.36   sel     $45,000.00   [strat=reciprocal_fairness_keeper]
      R15  buy $ 36,016.81   sel     $42,000.00   [strat=reciprocal_fairness_keeper]
      R16  buy $ 20,488.88   sel     $40,000.00   [strat=reciprocal_fairness_keeper]
   run 19 done in 5.8 min

   run 20/30 on 2014 Mercedes-Benz S550  seed=21360439
      R 1  buy $  6,411.31   sel     $29,900.00   [strat=opponent_aware_diagnostic] *
      R 2  buy $  8,389.66   sel     $28,500.00   [strat=opponent_aware_diagnostic]
      R 3  buy $  8,723.20   sel     $27,900.00   [strat=opponent_aware_diagnostic]
      R 4  buy $    763.28   sel     $27,500.00   [strat=opponent_aware_diagnostic]
      R 5  buy $ 22,447.61   sel     $25,500.00   [strat=opponent_aware_diagnostic]
      R 6  buy $ 23,325.01   sel     $25,000.00   [strat=market_expert_value_justifier] *
      R 7  buy $ 16,617.63   sel     $24,900.00   [strat=market_expert_value_justifier]
      R 8  buy $ 14,452.79   sel     $24,750.00   [strat=market_expert_value_justifier]
      R 9  buy $  8,377.75   sel     $24,500.00   [strat=market_expert_value_justifier]
      R10  buy $  3,065.15   sel     $24,250.00   [strat=market_expert_value_justifier]
      R11  buy $    574.10   sel     $24,000.00   [strat=market_expert_value_justifier]
      R12  buy $ 21,709.98   sel     $23,500.00   [strat=reciprocal_fairness_keeper] *
      R13  buy $ 10,668.05   sel     $23,000.00   [strat=reciprocal_fairness_keeper]
      R14  buy $ 12,055.25   sel     $22,500.00   [strat=reciprocal_fairness_keeper]
      R15  buy $ 19,731.85   sel     $22,000.00   [strat=reciprocal_fairness_keeper]
      R16  buy $  9,662.95   sel     $21,500.00   [strat=reciprocal_fairness_keeper]
   run 20 done in 5.2 min

   run 21/30 on 2014 Mercedes-Benz S550  seed=21360440
      R 1  buy $  5,769.68   sel     $45,000.00   [strat=opponent_aware_diagnostic] *
      R 2  buy $ 33,379.86   sel     $42,500.00   [strat=opponent_aware_diagnostic]
      R 3  buy $ 40,574.90   sel     $41,500.00   [strat=opponent_aware_diagnostic]
      R 4  buy $ 18,641.74   sel     $41,500.00   [strat=opponent_aware_diagnostic]
      R 5  buy $ 41,234.13   sel     $41,234.13   [strat=opponent_aware_diagnostic]
      R 6  buy $  4,702.55   sel     $41,500.00   [strat=market_expert_value_justifier] *
      R 7  buy $ 21,022.11   sel     $40,000.00   [strat=market_expert_value_justifier]
      R 8  buy $    266.39   sel     $40,000.00   [strat=market_expert_value_justifier]
      R 9  buy $ 16,403.52   sel     $38,500.00   [strat=market_expert_value_justifier]
      R10  buy $ 14,602.89   sel     $35,000.00   [strat=market_expert_value_justifier]
      R11  buy $ 25,532.56   sel     $32,000.00   [strat=market_expert_value_justifier]
      R12  buy $ 18,330.49   sel     $30,000.00   [strat=reciprocal_fairness_keeper] *
      R13  buy $ 25,156.28   sel     $27,500.00   [strat=reciprocal_fairness_keeper]
      R14  buy $ 25,968.48   sel     $26,500.00   [strat=reciprocal_fairness_keeper]
      R15  buy $ 26,126.82   sel     $26,300.00   [strat=reciprocal_fairness_keeper]
      R16  buy $  1,879.72   sel     $26,000.00   [strat=reciprocal_fairness_keeper]
   run 21 done in 5.2 min

   run 22/30 on 2014 Mercedes-Benz S550  seed=21360441
      R 1  buy $ 42,580.10   sel     $49,900.00   [strat=opponent_aware_diagnostic] *
      R 2  buy $  7,575.35   sel     $48,900.00   [strat=opponent_aware_diagnostic]
      R 3  buy $ 16,956.31   sel     $44,900.00   [strat=opponent_aware_diagnostic]
      R 4  buy $ 19,914.96   sel     $39,900.00   [strat=opponent_aware_diagnostic]
      R 5  buy $    364.15   sel     $38,900.00   [strat=opponent_aware_diagnostic]
      R 6  buy $ 38,323.93   sel     $38,900.00   [strat=market_expert_value_justifier] *
      R 7  buy $ 13,163.20   sel     $38,900.00   [strat=market_expert_value_justifier]
      R 8  buy $  5,096.59   sel     $36,900.00   [strat=market_expert_value_justifier]
      R 9  buy $ 35,608.10   sel     $36,000.00   [strat=market_expert_value_justifier]
      R10  buy $ 14,649.54   sel     $35,500.00   [strat=market_expert_value_justifier]
      R11  buy $ 11,310.57   sel     $34,900.00   [strat=market_expert_value_justifier]
      R12  buy $ 13,934.05   sel     $34,900.00   [strat=reciprocal_fairness_keeper] *
      R13  buy $ 14,695.76   sel     $34,500.00   [strat=reciprocal_fairness_keeper]
      R14  buy $ 18,751.44   sel     $33,900.00   [strat=reciprocal_fairness_keeper]
      R15  buy $    473.68   sel     $33,500.00   [strat=reciprocal_fairness_keeper]
      R16  buy $ 25,989.21   sel     $32,500.00   [strat=reciprocal_fairness_keeper]
   run 22 done in 5.6 min

   run 23/30 on 2014 Mercedes-Benz S550  seed=21360442
      R 1  buy $ 89,291.29   sel     $94,500.00   [strat=opponent_aware_diagnostic] *
      R 2  buy $ 42,260.73   sel     $90,000.00   [strat=opponent_aware_diagnostic]
      R 3  buy $ 53,225.34   sel     $85,000.00   [strat=opponent_aware_diagnostic]
      R 4  buy $ 67,600.57   sel     $80,000.00   [strat=opponent_aware_diagnostic]
      R 5  buy $ 55,593.14   sel     $78,000.00   [strat=opponent_aware_diagnostic]
      R 6  buy $ 54,146.05   sel     $76,000.00   [strat=market_expert_value_justifier] *
      R 7  buy $ 42,113.79   sel     $75,000.00   [strat=market_expert_value_justifier]
      R 8  buy $ 34,287.18   sel     $73,000.00   [strat=market_expert_value_justifier]
      R 9  buy $ 20,280.34   sel     $68,000.00   [strat=market_expert_value_justifier]
      R10  buy $ 12,194.70   sel     $65,000.00   [strat=market_expert_value_justifier]
      R11  buy $ 52,838.10   sel     $62,000.00   [strat=market_expert_value_justifier]
      R12  buy $ 27,071.61   sel     $60,000.00   [strat=reciprocal_fairness_keeper] *
      R13  buy $ 21,136.37   sel     $59,000.00   [strat=reciprocal_fairness_keeper]
      R14  buy $ 46,795.49   sel     $58,000.00   [strat=reciprocal_fairness_keeper]
      R15  buy $ 57,525.53   sel     $57,525.53   [strat=reciprocal_fairness_keeper]
      R16  buy $ 28,219.83   sel     $59,000.00   [strat=reciprocal_fairness_keeper]
   run 23 done in 6.6 min

   run 24/30 on 2014 Mercedes-Benz S550  seed=21360443
      R 1  buy $ 56,964.21   sel     $84,995.00   [strat=opponent_aware_diagnostic] *
      R 2  buy $ 41,746.35   sel     $59,995.00   [strat=opponent_aware_diagnostic]
      R 3  buy $ 42,326.06   sel     $49,995.00   [strat=opponent_aware_diagnostic]
      R 4  buy $ 47,467.89   sel     $48,500.00   [strat=opponent_aware_diagnostic]
      R 5  buy $ 37,640.84   sel     $47,500.00   [strat=opponent_aware_diagnostic]
      R 6  buy $ 28,119.81   sel     $46,900.00   [strat=market_expert_value_justifier] *
      R 7  buy $ 23,509.29   sel     $45,000.00   [strat=market_expert_value_justifier]
      R 8  buy $  8,991.77   sel     $42,500.00   [strat=market_expert_value_justifier]
      R 9  buy $  9,994.74   sel     $41,000.00   [strat=market_expert_value_justifier]
      R10  buy $ 14,926.42   sel     $40,000.00   [strat=market_expert_value_justifier]
      R11  buy $ 25,326.51   sel     $38,500.00   [strat=market_expert_value_justifier]
      R12  buy $ 13,213.85   sel     $38,500.00   [strat=reciprocal_fairness_keeper] *
      R13  buy $ 36,911.34   sel     $37,250.00   [strat=reciprocal_fairness_keeper]
      R14  buy $ 27,386.54   sel     $36,500.00   [strat=reciprocal_fairness_keeper]
      R15  buy $ 23,752.46   sel     $35,500.00   [strat=reciprocal_fairness_keeper]
      R16  buy $ 26,642.93   sel     $34,800.00   [strat=reciprocal_fairness_keeper]
   run 24 done in 7.0 min

   run 25/30 on 2014 Mercedes-Benz S550  seed=21360444
      R 1  buy $ 11,267.60   sel     $25,000.00   [strat=opponent_aware_diagnostic] *
      R 2  buy $  9,030.26   sel     $21,500.00   [strat=opponent_aware_diagnostic]
      R 3  buy $ 21,225.35   sel     $21,225.35   [strat=opponent_aware_diagnostic]
      R 4  buy $  4,713.56   sel     $21,000.00   [strat=opponent_aware_diagnostic]
      R 5  buy $ 14,000.65   sel     $20,500.00   [strat=opponent_aware_diagnostic]
      R 6  buy $ 10,561.57   sel     $20,000.00   [strat=market_expert_value_justifier] *
      R 7  buy $ 18,712.35   sel     $19,800.00   [strat=market_expert_value_justifier]
      R 8  buy $ 14,692.48   sel     $19,500.00   [strat=market_expert_value_justifier]
      R 9  buy $ 16,538.65   sel     $19,300.00   [strat=market_expert_value_justifier]
      R10  buy $ 15,945.98   sel     $19,200.00   [strat=market_expert_value_justifier]
      R11  buy $  6,831.87   sel     $19,100.00   [strat=market_expert_value_justifier]
      R12  buy $  1,104.48   sel     $19,100.00   [strat=reciprocal_fairness_keeper] *
      R13  buy $ 10,275.69   sel     $19,000.00   [strat=reciprocal_fairness_keeper]
      R14  buy $  4,945.32   sel     $18,900.00   [strat=reciprocal_fairness_keeper]
      R15  buy $  7,390.84   sel     $19,000.00   [strat=reciprocal_fairness_keeper]
      R16  buy $  4,174.16   sel     $19,500.00   [strat=reciprocal_fairness_keeper]
   run 25 done in 6.6 min

   run 26/30 on 2014 Mercedes-Benz S550  seed=21360445
      R 1  buy $ 91,865.91   sel     $95,500.00   [strat=opponent_aware_diagnostic] *
      R 2  buy $ 61,970.36   sel     $94,000.00   [strat=opponent_aware_diagnostic]
      R 3  buy $ 88,636.02   sel     $91,500.00   [strat=opponent_aware_diagnostic]
      R 4  buy $ 80,093.41   sel     $89,999.00   [strat=opponent_aware_diagnostic]
      R 5  buy $ 52,104.36   sel     $89,500.00   [strat=opponent_aware_diagnostic]
      R 6  buy $ 54,485.71   sel     $88,500.00   [strat=market_expert_value_justifier] *
      R 7  buy $ 66,342.02   sel     $87,500.00   [strat=market_expert_value_justifier]
      R 8  buy $ 39,354.49   sel     $86,000.00   [strat=market_expert_value_justifier]
      R 9  buy $ 65,639.72   sel     $85,500.00   [strat=market_expert_value_justifier]
      R10  buy $ 69,534.99   sel     $84,500.00   [strat=market_expert_value_justifier]
      R11  buy $ 18,480.12   sel     $84,000.00   [strat=market_expert_value_justifier]
      R12  buy $ 73,360.48   sel     $83,500.00   [strat=reciprocal_fairness_keeper] *
      R13  buy $ 63,365.55   sel     $83,000.00   [strat=reciprocal_fairness_keeper]
      R14  buy $ 43,777.68   sel     $82,500.00   [strat=reciprocal_fairness_keeper]
      R15  buy $ 40,627.21   sel     $82,000.00   [strat=reciprocal_fairness_keeper]
      R16  buy $ 56,534.13   sel     $81,500.00   [strat=reciprocal_fairness_keeper]
   run 26 done in 7.0 min

   run 27/30 on 2014 Mercedes-Benz S550  seed=21360446
      R 1  buy $ 64,934.13   sel     $74,900.00   [strat=opponent_aware_diagnostic] *
      R 2  buy $ 36,274.15   sel     $72,500.00   [strat=opponent_aware_diagnostic]
      R 3  buy $ 57,301.93   sel     $70,000.00   [strat=opponent_aware_diagnostic]
      R 4  buy $ 59,805.72   sel     $68,500.00   [strat=opponent_aware_diagnostic]
      R 5  buy $ 44,758.78   sel     $67,500.00   [strat=opponent_aware_diagnostic]
      R 6  buy $ 15,137.60   sel     $66,500.00   [strat=market_expert_value_justifier] *
      R 7  buy $ 55,654.62   sel     $66,000.00   [strat=market_expert_value_justifier]
      R 8  buy $ 23,124.28   sel     $65,500.00   [strat=market_expert_value_justifier]
      R 9  buy $  9,515.24   sel     $64,500.00   [strat=market_expert_value_justifier]
      R10  buy $ 52,555.22   sel     $63,500.00   [strat=market_expert_value_justifier]
      R11  buy $  5,071.25   sel     $63,000.00   [strat=market_expert_value_justifier]
      R12  buy $ 36,788.91   sel     $62,000.00   [strat=reciprocal_fairness_keeper] *
      R13  buy $ 16,694.85   sel     $61,500.00   [strat=reciprocal_fairness_keeper]
      R14  buy $ 37,408.77   sel     $61,000.00   [strat=reciprocal_fairness_keeper]
      R15  buy $ 34,433.77   sel     $60,000.00   [strat=reciprocal_fairness_keeper]
      R16  buy $ 30,197.07   sel     $59,500.00   [strat=reciprocal_fairness_keeper]
   run 27 done in 6.4 min

   run 28/30 on 2014 Mercedes-Benz S550  seed=21360447
      R 1  buy $ 85,337.29   sel     $94,500.00   [strat=opponent_aware_diagnostic] *
      R 2  buy $ 36,804.97   sel     $90,000.00   [strat=opponent_aware_diagnostic]
      R 3  buy $ 50,644.02   sel     $85,000.00   [strat=opponent_aware_diagnostic]
      R 4  buy $ 67,455.93   sel     $79,000.00   [strat=opponent_aware_diagnostic]
      R 5  buy $  3,046.37   sel     $79,000.00   [strat=opponent_aware_diagnostic]
      R 6  buy $ 57,446.99   sel     $75,000.00   [strat=market_expert_value_justifier] *
      R 7  buy $ 37,330.89   sel     $70,000.00   [strat=market_expert_value_justifier]
      R 8  buy $  5,485.43   sel     $70,000.00   [strat=market_expert_value_justifier]
      R 9  buy $ 53,466.40   sel     $68,000.00   [strat=market_expert_value_justifier]
      R10  buy $ 55,744.84   sel     $66,000.00   [strat=market_expert_value_justifier]
      R11  buy $ 61,579.13   sel     $64,000.00   [strat=market_expert_value_justifier]
      R12  buy $ 46,300.78   sel     $62,000.00   [strat=reciprocal_fairness_keeper] *
      R13  buy $ 27,009.17   sel     $61,000.00   [strat=reciprocal_fairness_keeper]
      R14  buy $ 39,802.28   sel     $60,000.00   [strat=reciprocal_fairness_keeper]
      R15  buy $  8,129.28   sel     $60,000.00   [strat=reciprocal_fairness_keeper]
      R16  buy $ 36,615.05   sel     $59,000.00   [strat=reciprocal_fairness_keeper]
   run 28 done in 6.5 min

   run 29/30 on 2014 Mercedes-Benz S550  seed=21360448
      R 1  buy $ 71,845.59   sel     $89,995.00   [strat=opponent_aware_diagnostic] *
      R 2  buy $ 74,988.90   sel     $84,995.00   [strat=opponent_aware_diagnostic]
      R 3  buy $  4,088.69   sel     $79,995.00   [strat=opponent_aware_diagnostic]
      R 4  buy $ 77,726.73   sel     $78,500.00   [strat=opponent_aware_diagnostic]
      R 5  buy $  5,967.93   sel     $78,000.00   [strat=opponent_aware_diagnostic]
      R 6  buy $ 48,463.89   sel     $77,000.00   [strat=market_expert_value_justifier] *
      R 7  buy $ 48,505.94   sel     $76,500.00   [strat=market_expert_value_justifier]
      R 8  buy $ 66,330.13   sel     $71,995.00   [strat=market_expert_value_justifier]
      R 9  buy $ 59,688.72   sel     $69,995.00   [strat=market_expert_value_justifier]
      R10  buy $ 15,603.40   sel     $68,500.00   [strat=market_expert_value_justifier]
      R11  buy $ 29,775.11   sel     $59,995.00   [strat=market_expert_value_justifier]
      R12  buy $ 20,815.05   sel     $54,995.00   [strat=reciprocal_fairness_keeper] *
      R13  buy $ 29,738.54   sel     $49,995.00   [strat=reciprocal_fairness_keeper]
      R14  buy $ 34,032.89   sel     $44,995.00   [strat=reciprocal_fairness_keeper]
      R15  buy $ 43,740.63   sel     $44,000.00   [strat=reciprocal_fairness_keeper]
      R16  buy $ 41,163.64   sel     $43,000.00   [strat=reciprocal_fairness_keeper]
   run 29 done in 7.4 min

   run 30/30 on 2014 Mercedes-Benz S550  seed=21360449
      R 1  buy $ 87,018.48   sel     $93,500.00   [strat=opponent_aware_diagnostic] *
      R 2  buy $ 69,686.01   sel     $89,500.00   [strat=opponent_aware_diagnostic]
      R 3  buy $ 13,802.51   sel     $89,500.00   [strat=opponent_aware_diagnostic]
      R 4  buy $ 69,787.09   sel     $87,000.00   [strat=opponent_aware_diagnostic]
      R 5  buy $ 20,628.36   sel     $85,000.00   [strat=opponent_aware_diagnostic]
      R 6  buy $ 66,911.49   sel     $82,500.00   [strat=market_expert_value_justifier] *
      R 7  buy $ 72,431.85   sel     $79,900.00   [strat=market_expert_value_justifier]
      R 8  buy $ 17,671.88   sel     $77,500.00   [strat=market_expert_value_justifier]
      R 9  buy $ 65,169.36   sel     $74,900.00   [strat=market_expert_value_justifier]
      R10  buy $ 74,871.06   sel     $74,871.06   [strat=market_expert_value_justifier]
      R11  buy $ 18,058.05   sel     $74,871.06   [strat=market_expert_value_justifier]
      R12  buy $  2,205.80   sel     $74,871.06   [strat=reciprocal_fairness_keeper] *
      R13  buy $ 68,142.59   sel     $71,000.00   [strat=reciprocal_fairness_keeper]
      R14  buy $ 46,607.01   sel     $67,500.00   [strat=reciprocal_fairness_keeper]
      R15  buy $  5,970.85   sel     $67,500.00   [strat=reciprocal_fairness_keeper]
      R16  buy $ 30,408.47   sel     $65,000.00   [strat=reciprocal_fairness_keeper]
   run 30 done in 6.5 min

   ---> checkpoint: car 1/5 done in 172.6 min; total so far 172.6 min; saved 30 runs to exp11_transitionB_rep3.json

--- CAR 2/5: 2016 Cadillac CTS 3.6 Luxury  (M=$45,000.00  cost=$15,750.00  cost/M=35.00%) ---

   run 1/30 on 2016 Cadillac CTS 3.6 Luxury  seed=21361420
      R 1  buy $  2,617.03   sel     $24,950.00   [strat=opponent_aware_diagnostic] *
      R 2  buy $  3,471.52   sel     $23,500.00   [strat=opponent_aware_diagnostic]
      R 3  buy $  7,799.04   sel     $21,900.00   [strat=opponent_aware_diagnostic]
      R 4  buy $  4,417.10   sel     $19,500.00   [strat=opponent_aware_diagnostic]
      R 5  buy $ 12,230.87   sel     $18,500.00   [strat=opponent_aware_diagnostic]
      R 6  buy $  1,241.85   sel     $17,900.00   [strat=market_expert_value_justifier] *
      R 7  buy $  6,103.16   sel     $17,900.00   [strat=market_expert_value_justifier]
      R 8  buy $ 14,016.01   sel     $17,500.00   [strat=market_expert_value_justifier]
      R 9  buy $ 15,047.55   sel     $17,000.00   [strat=market_expert_value_justifier]
      R10  buy $  1,602.15   sel     $17,000.00   [strat=market_expert_value_justifier]
      R11  buy $    741.76   sel     $16,500.00   [strat=market_expert_value_justifier]
      R12  buy $ 12,098.75   sel     $16,000.00   [strat=reciprocal_fairness_keeper] *
      R13  buy $  8,861.55   sel     $15,900.00   [strat=reciprocal_fairness_keeper]
      R14  buy $  5,969.98   sel     $15,850.00   [strat=reciprocal_fairness_keeper]
      R15  buy $ 11,664.01   sel     $15,800.00   [strat=reciprocal_fairness_keeper]
      R16  buy $  8,679.30   sel     $15,750.00   [strat=reciprocal_fairness_keeper]
   run 1 done in 5.5 min

   run 2/30 on 2016 Cadillac CTS 3.6 Luxury  seed=21361421
      R 1  buy $  7,302.99   sel     $22,999.99   [strat=opponent_aware_diagnostic] *
      R 2  buy $  1,888.94   sel     $22,999.99   [strat=opponent_aware_diagnostic]
      R 3  buy $ 22,144.09   sel     $22,599.99   [strat=opponent_aware_diagnostic]
      R 4  buy $ 10,641.62   sel     $22,599.99   [strat=opponent_aware_diagnostic]
      R 5  buy $  4,801.71   sel     $22,599.99   [strat=opponent_aware_diagnostic]
      R 6  buy $  1,746.64   sel     $22,599.99   [strat=market_expert_value_justifier] *
      R 7  buy $ 10,183.63   sel     $22,599.99   [strat=market_expert_value_justifier]
      R 8  buy $  2,394.66   sel     $22,599.99   [strat=market_expert_value_justifier]
      R 9  buy $    881.32   sel     $22,599.99   [strat=market_expert_value_justifier]
      R10  buy $  5,738.35   sel     $22,599.99   [strat=market_expert_value_justifier]
      R11  buy $ 18,408.08   sel     $21,999.99   [strat=market_expert_value_justifier]
      R12  buy $ 16,703.57   sel     $21,499.99   [strat=reciprocal_fairness_keeper] *
      R13  buy $ 11,817.41   sel     $21,499.99   [strat=reciprocal_fairness_keeper]
      R14  buy $ 14,717.59   sel     $20,999.99   [strat=reciprocal_fairness_keeper]
      R15  buy $ 15,880.39   sel     $20,499.99   [strat=reciprocal_fairness_keeper]
      R16  buy $ 13,393.45   sel     $19,999.99   [strat=reciprocal_fairness_keeper]
   run 2 done in 5.1 min

   run 3/30 on 2016 Cadillac CTS 3.6 Luxury  seed=21361422
      R 1  buy $  4,595.96   sel     $32,500.00   [strat=opponent_aware_diagnostic] *
      R 2  buy $ 23,269.03   sel     $30,000.00   [strat=opponent_aware_diagnostic]
      R 3  buy $ 16,791.89   sel     $28,500.00   [strat=opponent_aware_diagnostic]
      R 4  buy $ 20,202.08   sel     $27,000.00   [strat=opponent_aware_diagnostic]
      R 5  buy $  3,649.34   sel     $26,000.00   [strat=opponent_aware_diagnostic]
      R 6  buy $ 24,934.34   sel     $25,500.00   [strat=market_expert_value_justifier] *
      R 7  buy $ 16,993.75   sel     $25,500.00   [strat=market_expert_value_justifier]
      R 8  buy $ 16,341.48   sel     $25,500.00   [strat=market_expert_value_justifier]
      R 9  buy $ 22,255.97   sel     $23,500.00   [strat=market_expert_value_justifier]
      R10  buy $ 18,238.85   sel     $22,000.00   [strat=market_expert_value_justifier]
      R11  buy $ 13,322.05   sel     $21,000.00   [strat=market_expert_value_justifier]
      R12  buy $ 13,107.82   sel     $19,000.00   [strat=reciprocal_fairness_keeper] *
      R13  buy $  1,078.20   sel     $18,500.00   [strat=reciprocal_fairness_keeper]
      R14  buy $ 13,224.38   sel     $18,000.00   [strat=reciprocal_fairness_keeper]
      R15  buy $ 15,960.73   sel     $17,000.00   [strat=reciprocal_fairness_keeper]
      R16  buy $  3,379.43   sel     $16,500.00   [strat=reciprocal_fairness_keeper]
   run 3 done in 7.3 min

   run 4/30 on 2016 Cadillac CTS 3.6 Luxury  seed=21361423
      R 1  buy $ 31,701.29   sel     $34,500.00   [strat=opponent_aware_diagnostic] *
      R 2  buy $    855.83   sel     $33,750.00   [strat=opponent_aware_diagnostic]
      R 3  buy $    331.21   sel     $32,500.00   [strat=opponent_aware_diagnostic]
      R 4  buy $ 22,097.28   sel     $27,900.00   [strat=opponent_aware_diagnostic]
      R 5  buy $ 11,953.67   sel     $26,500.00   [strat=opponent_aware_diagnostic]
      R 6  buy $ 18,392.67   sel     $25,000.00   [strat=market_expert_value_justifier] *
      R 7  buy $  4,227.99   sel     $24,500.00   [strat=market_expert_value_justifier]
      R 8  buy $ 16,837.76   sel     $19,500.00   [strat=market_expert_value_justifier]
      R 9  buy $ 15,746.76   sel     $18,000.00   [strat=market_expert_value_justifier]
      R10  buy $ 13,288.17   sel     $17,000.00   [strat=market_expert_value_justifier]
      R11  buy $  4,756.79   sel     $16,500.00   [strat=market_expert_value_justifier]
      R12  buy $  4,738.84   sel     $16,500.00   [strat=reciprocal_fairness_keeper] *
      R13  buy $ 14,683.38   sel     $16,000.00   [strat=reciprocal_fairness_keeper]
      R14  buy $  7,416.28   sel     $16,500.00   [strat=reciprocal_fairness_keeper]
      R15  buy $ 11,823.30   sel     $15,900.00   [strat=reciprocal_fairness_keeper]
      R16  buy $ 13,862.35   sel     $15,800.00   [strat=reciprocal_fairness_keeper]
   run 4 done in 9.0 min

   run 5/30 on 2016 Cadillac CTS 3.6 Luxury  seed=21361424
      R 1  buy $ 31,941.06   sel     $35,995.00   [strat=opponent_aware_diagnostic] *
      R 2  buy $ 17,236.37   sel     $34,500.00   [strat=opponent_aware_diagnostic]
      R 3  buy $ 15,827.43   sel     $33,000.00   [strat=opponent_aware_diagnostic]
      R 4  buy $    339.63   sel     $32,500.00   [strat=opponent_aware_diagnostic]
      R 5  buy $ 14,702.37   sel     $17,000.00   [strat=opponent_aware_diagnostic]
      R 6  buy $  4,061.18   sel     $17,000.00   [strat=market_expert_value_justifier] *
      R 7  buy $ 12,182.67   sel     $17,000.00   [strat=market_expert_value_justifier]
      R 8  buy $  6,789.03   sel     $17,000.00   [strat=market_expert_value_justifier]
      R 9  buy $ 12,986.71   sel     $17,000.00   [strat=market_expert_value_justifier]
      R10  buy $  8,253.90   sel     $17,000.00   [strat=market_expert_value_justifier]
      R11  buy $  5,042.05   sel     $17,000.00   [strat=market_expert_value_justifier]
      R12  buy $ 13,230.89   sel     $17,000.00   [strat=reciprocal_fairness_keeper] *
      R13  buy $  4,153.03   sel     $17,000.00   [strat=reciprocal_fairness_keeper]
      R14  buy $ 16,385.15   sel     $17,000.00   [strat=reciprocal_fairness_keeper]
      R15  buy $ 15,322.32   sel     $17,000.00   [strat=reciprocal_fairness_keeper]
      R16  buy $ 12,558.99   sel     $17,000.00   [strat=reciprocal_fairness_keeper]
   run 5 done in 6.7 min

   run 6/30 on 2016 Cadillac CTS 3.6 Luxury  seed=21361425
      R 1  buy $  8,949.35   sel     $20,999.00   [strat=opponent_aware_diagnostic] *
      R 2  buy $    368.91   sel     $20,999.00   [strat=opponent_aware_diagnostic]
      R 3  buy $ 17,333.14   sel     $19,999.00   [strat=opponent_aware_diagnostic]
      R 4  buy $  3,732.19   sel     $18,500.00   [strat=opponent_aware_diagnostic]
      R 5  buy $ 15,728.46   sel     $17,000.00   [strat=opponent_aware_diagnostic]
      R 6  buy $ 14,566.34   sel     $17,000.00   [strat=market_expert_value_justifier] *
      R 7  buy $ 15,240.22   sel     $17,000.00   [strat=market_expert_value_justifier]
      R 8  buy $ 13,057.53   sel     $17,000.00   [strat=market_expert_value_justifier]
      R 9  buy $ 15,144.48   sel     $17,000.00   [strat=market_expert_value_justifier]
      R10  buy $ 13,159.30   sel     $16,500.00   [strat=market_expert_value_justifier]
      R11  buy $  3,942.41   sel     $16,500.00   [strat=market_expert_value_justifier]
      R12  buy $ 13,493.50   sel     $16,000.00   [strat=reciprocal_fairness_keeper] *
      R13  buy $ 14,407.03   sel     $15,800.00   [strat=reciprocal_fairness_keeper]
      R14  buy $  4,917.01   sel     $15,800.00   [strat=reciprocal_fairness_keeper]
      R15  buy $    224.53   sel     $15,800.00   [strat=reciprocal_fairness_keeper]
      R16  buy $    639.93   sel     $15,800.00   [strat=reciprocal_fairness_keeper]
   run 6 done in 9.2 min

   run 7/30 on 2016 Cadillac CTS 3.6 Luxury  seed=21361426
      R 1  buy $ 33,439.40   sel     $41,500.00   [strat=opponent_aware_diagnostic] *
      R 2  buy $ 20,094.85   sel     $38,000.00   [strat=opponent_aware_diagnostic]
      R 3  buy $ 34,992.43   sel     $36,500.00   [strat=opponent_aware_diagnostic]
      R 4  buy $ 36,074.31   sel     $36,300.00   [strat=opponent_aware_diagnostic]
      R 5  buy $ 31,309.50   sel     $35,000.00   [strat=opponent_aware_diagnostic]
      R 6  buy $ 11,846.44   sel     $35,000.00   [strat=market_expert_value_justifier] *
      R 7  buy $ 19,754.66   sel     $34,000.00   [strat=market_expert_value_justifier]
      R 8  buy $ 21,568.34   sel     $33,000.00   [strat=market_expert_value_justifier]
      R 9  buy $ 24,320.10   sel     $30,000.00   [strat=market_expert_value_justifier]
      R10  buy $ 25,613.96   sel     $28,000.00   [strat=market_expert_value_justifier]
      R11  buy $  2,029.98   sel     $27,000.00   [strat=market_expert_value_justifier]
      R12  buy $  8,532.33   sel     $26,500.00   [strat=reciprocal_fairness_keeper] *
      R13  buy $  5,597.68   sel     $26,500.00   [strat=reciprocal_fairness_keeper]
      R14  buy $  4,925.64   sel     $26,000.00   [strat=reciprocal_fairness_keeper]
      R15  buy $ 12,877.57   sel     $26,000.00   [strat=reciprocal_fairness_keeper]
      R16  buy $ 23,633.28   sel     $25,000.00   [strat=reciprocal_fairness_keeper]
   run 7 done in 7.9 min

   run 8/30 on 2016 Cadillac CTS 3.6 Luxury  seed=21361427
      R 1  buy $ 17,680.08   sel     $19,500.00   [strat=opponent_aware_diagnostic] *
      R 2  buy $ 13,858.83   sel     $18,900.00   [strat=opponent_aware_diagnostic]
      R 3  buy $  6,104.81   sel     $18,500.00   [strat=opponent_aware_diagnostic]
      R 4  buy $ 16,637.34   sel     $17,900.00   [strat=opponent_aware_diagnostic]
      R 5  buy $ 12,555.79   sel     $17,500.00   [strat=opponent_aware_diagnostic]
      R 6  buy $  4,798.49   sel     $17,250.00   [strat=market_expert_value_justifier] *
      R 7  buy $  5,194.75   sel     $17,000.00   [strat=market_expert_value_justifier]
      R 8  buy $  7,722.83   sel     $17,000.00   [strat=market_expert_value_justifier]
      R 9  buy $  3,360.33   sel     $17,000.00   [strat=market_expert_value_justifier]
      R10  buy $ 11,200.44   sel     $16,900.00   [strat=market_expert_value_justifier]
      R11  buy $  8,024.02   sel     $16,900.00   [strat=market_expert_value_justifier]
      R12  buy $  1,962.89   sel     $16,500.00   [strat=reciprocal_fairness_keeper] *
      R13  buy $  2,440.71   sel     $16,500.00   [strat=reciprocal_fairness_keeper]
      R14  buy $ 14,400.08   sel     $16,000.00   [strat=reciprocal_fairness_keeper]
      R15  buy $  2,057.40   sel     $15,900.00   [strat=reciprocal_fairness_keeper]
      R16  buy $ 15,595.59   sel     $15,800.00   [strat=reciprocal_fairness_keeper]
   run 8 done in 7.3 min

   run 9/30 on 2016 Cadillac CTS 3.6 Luxury  seed=21361428
      R 1  buy $ 33,627.75   sel     $41,500.00   [strat=opponent_aware_diagnostic] *
      R 2  buy $ 29,079.06   sel     $38,500.00   [strat=opponent_aware_diagnostic]
      R 3  buy $ 12,760.63   sel     $35,900.00   [strat=opponent_aware_diagnostic]
      R 4  buy $ 20,200.50   sel     $34,500.00   [strat=opponent_aware_diagnostic]
      R 5  buy $  3,509.27   sel     $34,000.00   [strat=opponent_aware_diagnostic]
      R 6  buy $ 22,327.86   sel     $33,500.00   [strat=market_expert_value_justifier] *
      R 7  buy $ 20,906.71   sel     $20,906.71   [strat=market_expert_value_justifier]
      R 8  buy $ 16,903.55   sel     $18,900.00   [strat=market_expert_value_justifier]
      R 9  buy $  8,223.00   sel     $17,500.00   [strat=market_expert_value_justifier]
      R10  buy $  6,589.73   sel     $16,500.00   [strat=market_expert_value_justifier]
      R11  buy $ 12,037.25   sel     $16,000.00   [strat=market_expert_value_justifier]
      R12  buy $ 14,186.06   sel     $15,900.00   [strat=reciprocal_fairness_keeper] *
      R13  buy $ 14,813.09   sel     $15,800.00   [strat=reciprocal_fairness_keeper]
      R14  buy $ 14,461.40   sel     $15,790.00   [strat=reciprocal_fairness_keeper]
      R15  buy $  1,623.98   sel     $15,790.00   [strat=reciprocal_fairness_keeper]
      R16  buy $  4,929.04   sel     $15,790.00   [strat=reciprocal_fairness_keeper]
   run 9 done in 8.5 min

   run 10/30 on 2016 Cadillac CTS 3.6 Luxury  seed=21361429
      R 1  buy $ 32,565.27   sel     $42,500.00   [strat=opponent_aware_diagnostic] *
      R 2  buy $ 24,286.41   sel     $41,000.00   [strat=opponent_aware_diagnostic]
      R 3  buy $ 16,522.46   sel     $38,500.00   [strat=opponent_aware_diagnostic]
      R 4  buy $ 26,754.10   sel     $35,000.00   [strat=opponent_aware_diagnostic]
      R 5  buy $ 25,175.27   sel     $32,500.00   [strat=opponent_aware_diagnostic]
      R 6  buy $ 19,159.27   sel     $32,000.00   [strat=market_expert_value_justifier] *
      R 7  buy $ 27,913.60   sel     $31,000.00   [strat=market_expert_value_justifier]
      R 8  buy $ 20,938.51   sel     $30,000.00   [strat=market_expert_value_justifier]
      R 9  buy $  2,757.23   sel     $29,500.00   [strat=market_expert_value_justifier]
      R10  buy $ 18,763.92   sel     $28,000.00   [strat=market_expert_value_justifier]
      R11  buy $ 14,678.89   sel     $27,000.00   [strat=market_expert_value_justifier]
      R12  buy $  8,524.42   sel     $26,000.00   [strat=reciprocal_fairness_keeper] *
      R13  buy $  8,122.40   sel     $25,000.00   [strat=reciprocal_fairness_keeper]
      R14  buy $ 18,296.99   sel     $24,500.00   [strat=reciprocal_fairness_keeper]
      R15  buy $  6,466.93   sel     $24,000.00   [strat=reciprocal_fairness_keeper]
      R16  buy $ 18,841.58   sel     $23,500.00   [strat=reciprocal_fairness_keeper]
   run 10 done in 6.5 min

   run 11/30 on 2016 Cadillac CTS 3.6 Luxury  seed=21361430
      R 1  buy $ 27,603.25   sel     $31,999.00   [strat=opponent_aware_diagnostic] *
      R 2  buy $  2,635.01   sel     $29,500.00   [strat=opponent_aware_diagnostic]
      R 3  buy $ 24,371.90   sel     $28,500.00   [strat=opponent_aware_diagnostic]
      R 4  buy $ 12,720.28   sel     $27,500.00   [strat=opponent_aware_diagnostic]
      R 5  buy $ 19,637.69   sel     $26,500.00   [strat=opponent_aware_diagnostic]
      R 6  buy $  3,926.55   sel     $26,000.00   [strat=market_expert_value_justifier] *
      R 7  buy $ 18,301.19   sel     $25,500.00   [strat=market_expert_value_justifier]
      R 8  buy $ 11,261.48   sel     $24,900.00   [strat=market_expert_value_justifier]
      R 9  buy $ 20,224.97   sel     $22,500.00   [strat=market_expert_value_justifier]
      R10  buy $  5,741.16   sel     $22,000.00   [strat=market_expert_value_justifier]
      R11  buy $  7,341.17   sel     $19,500.00   [strat=market_expert_value_justifier]
      R12  buy $  6,651.36   sel     $18,500.00   [strat=reciprocal_fairness_keeper] *
      R13  buy $  6,052.02   sel     $17,500.00   [strat=reciprocal_fairness_keeper]
      R14  buy $ 15,982.84   sel     $15,982.84   [strat=reciprocal_fairness_keeper]
      R15  buy $ 11,364.05   sel     $15,800.00   [strat=reciprocal_fairness_keeper]
      R16  buy $    855.01   sel     $15,800.00   [strat=reciprocal_fairness_keeper]
   run 11 done in 6.2 min

   run 12/30 on 2016 Cadillac CTS 3.6 Luxury  seed=21361431
      R 1  buy $  8,798.20   sel     $19,995.00   [strat=opponent_aware_diagnostic] *
      R 2  buy $  3,958.14   sel     $18,995.00   [strat=opponent_aware_diagnostic]
      R 3  buy $ 14,003.39   sel     $18,495.00   [strat=opponent_aware_diagnostic]
      R 4  buy $ 13,112.70   sel     $18,395.00   [strat=opponent_aware_diagnostic]
      R 5  buy $  4,024.74   sel     $17,995.00   [strat=opponent_aware_diagnostic]
      R 6  buy $  5,687.48   sel     $17,895.00   [strat=market_expert_value_justifier] *
      R 7  buy $ 11,256.75   sel     $17,795.00   [strat=market_expert_value_justifier]
      R 8  buy $ 13,688.31   sel     $17,495.00   [strat=market_expert_value_justifier]
      R 9  buy $  1,251.79   sel     $17,395.00   [strat=market_expert_value_justifier]
      R10  buy $  2,066.62   sel     $17,295.00   [strat=market_expert_value_justifier]
      R11  buy $  5,562.39   sel     $17,195.00   [strat=market_expert_value_justifier]
      R12  buy $ 10,701.27   sel     $17,095.00   [strat=reciprocal_fairness_keeper] *
      R13  buy $  6,600.20   sel     $16,995.00   [strat=reciprocal_fairness_keeper]
      R14  buy $ 12,990.25   sel     $16,695.00   [strat=reciprocal_fairness_keeper]
      R15  buy $  6,002.47   sel     $16,595.00   [strat=reciprocal_fairness_keeper]
      R16  buy $    264.48   sel     $16,495.00   [strat=reciprocal_fairness_keeper]
   run 12 done in 6.3 min

   run 13/30 on 2016 Cadillac CTS 3.6 Luxury  seed=21361432
      R 1  buy $  3,825.12   sel     $28,000.00   [strat=opponent_aware_diagnostic] *
      R 2  buy $ 24,783.68   sel     $27,250.00   [strat=opponent_aware_diagnostic]
      R 3  buy $ 16,991.21   sel     $26,500.00   [strat=opponent_aware_diagnostic]
      R 4  buy $  9,138.14   sel     $25,999.00   [strat=opponent_aware_diagnostic]
      R 5  buy $  6,170.83   sel     $25,750.00   [strat=opponent_aware_diagnostic]
      R 6  buy $  7,353.68   sel     $25,750.00   [strat=market_expert_value_justifier] *
      R 7  buy $  7,871.94   sel     $25,500.00   [strat=market_expert_value_justifier]
      R 8  buy $ 14,015.90   sel     $25,250.00   [strat=market_expert_value_justifier]
      R 9  buy $ 13,774.07   sel     $24,999.00   [strat=market_expert_value_justifier]
      R10  buy $ 10,447.30   sel     $24,000.00   [strat=market_expert_value_justifier]
      R11  buy $ 17,339.96   sel     $22,500.00   [strat=market_expert_value_justifier]
      R12  buy $  6,204.73   sel     $21,500.00   [strat=reciprocal_fairness_keeper] *
      R13  buy $ 19,594.86   sel     $20,000.00   [strat=reciprocal_fairness_keeper]
      R14  buy $ 15,526.18   sel     $19,000.00   [strat=reciprocal_fairness_keeper]
      R15  buy $ 17,865.65   sel     $18,500.00   [strat=reciprocal_fairness_keeper]
      R16  buy $    197.76   sel     $18,500.00   [strat=reciprocal_fairness_keeper]
   run 13 done in 7.1 min

   run 14/30 on 2016 Cadillac CTS 3.6 Luxury  seed=21361433
      R 1  buy $  1,258.84   sel     $19,995.00   [strat=opponent_aware_diagnostic] *
      R 2  buy $ 19,081.94   sel     $19,695.00   [strat=opponent_aware_diagnostic]
      R 3  buy $  1,897.47   sel     $19,695.00   [strat=opponent_aware_diagnostic]
      R 4  buy $ 10,639.16   sel     $18,995.00   [strat=opponent_aware_diagnostic]
      R 5  buy $  3,626.05   sel     $18,495.00   [strat=opponent_aware_diagnostic]
      R 6  buy $ 10,971.43   sel     $17,995.00   [strat=market_expert_value_justifier] *
      R 7  buy $ 11,011.81   sel     $17,495.00   [strat=market_expert_value_justifier]
      R 8  buy $ 10,680.61   sel     $16,995.00   [strat=market_expert_value_justifier]
      R 9  buy $ 16,859.29   sel     $16,859.29   [strat=market_expert_value_justifier]
      R10  buy $  7,787.77   sel     $16,995.00   [strat=market_expert_value_justifier]
      R11  buy $    703.10   sel     $16,995.00   [strat=market_expert_value_justifier]
      R12  buy $  2,719.35   sel     $16,995.00   [strat=reciprocal_fairness_keeper] *
      R13  buy $  1,725.44   sel     $16,895.00   [strat=reciprocal_fairness_keeper]
      R14  buy $ 14,315.70   sel     $16,500.00   [strat=reciprocal_fairness_keeper]
      R15  buy $ 13,696.63   sel     $16,000.00   [strat=reciprocal_fairness_keeper]
      R16  buy $ 11,434.00   sel     $15,500.00   [strat=reciprocal_fairness_keeper]
   run 14 done in 4.9 min

   run 15/30 on 2016 Cadillac CTS 3.6 Luxury  seed=21361434
      R 1  buy $ 22,505.69   sel     $24,999.99   [strat=opponent_aware_diagnostic] *
      R 2  buy $ 15,465.73   sel     $23,999.99   [strat=opponent_aware_diagnostic]
      R 3  buy $ 20,226.53   sel     $22,499.99   [strat=opponent_aware_diagnostic]
      R 4  buy $ 10,051.87   sel     $21,999.99   [strat=opponent_aware_diagnostic]
      R 5  buy $  3,673.26   sel     $21,499.99   [strat=opponent_aware_diagnostic]
      R 6  buy $  7,952.16   sel     $20,999.99   [strat=market_expert_value_justifier] *
      R 7  buy $  8,407.39   sel     $20,999.99   [strat=market_expert_value_justifier]
      R 8  buy $ 13,222.03   sel     $20,499.99   [strat=market_expert_value_justifier]
      R 9  buy $ 18,273.36   sel     $19,999.99   [strat=market_expert_value_justifier]
      R10  buy $ 10,104.52   sel     $19,499.99   [strat=market_expert_value_justifier]
      R11  buy $ 19,083.23   sel     $19,499.99   [strat=market_expert_value_justifier]
      R12  buy $ 17,291.19   sel     $18,999.99   [strat=reciprocal_fairness_keeper] *
      R13  buy $  8,840.02   sel     $18,499.99   [strat=reciprocal_fairness_keeper]
      R14  buy $  7,486.81   sel     $18,249.99   [strat=reciprocal_fairness_keeper]
      R15  buy $  6,307.44   sel     $17,999.99   [strat=reciprocal_fairness_keeper]
      R16  buy $ 10,388.62   sel     $17,499.99   [strat=reciprocal_fairness_keeper]
   run 15 done in 8.2 min

   run 16/30 on 2016 Cadillac CTS 3.6 Luxury  seed=21361435
      R 1  buy $ 40,905.53   sel     $42,500.00   [strat=opponent_aware_diagnostic] *
      R 2  buy $  9,631.40   sel     $42,000.00   [strat=opponent_aware_diagnostic]
      R 3  buy $ 20,557.28   sel     $41,500.00   [strat=opponent_aware_diagnostic]
      R 4  buy $ 34,088.36   sel     $39,000.00   [strat=opponent_aware_diagnostic]
      R 5  buy $ 28,345.89   sel     $37,500.00   [strat=opponent_aware_diagnostic]
      R 6  buy $ 19,736.55   sel     $36,000.00   [strat=market_expert_value_justifier] *
      R 7  buy $ 22,672.34   sel     $34,000.00   [strat=market_expert_value_justifier]
      R 8  buy $ 18,317.68   sel     $33,500.00   [strat=market_expert_value_justifier]
      R 9  buy $ 29,548.45   sel     $31,500.00   [strat=market_expert_value_justifier]
      R10  buy $ 19,757.30   sel     $30,000.00   [strat=market_expert_value_justifier]
      R11  buy $  8,673.44   sel     $29,500.00   [strat=market_expert_value_justifier]
      R12  buy $    346.39   sel     $28,500.00   [strat=reciprocal_fairness_keeper] *
      R13  buy $ 16,425.04   sel     $18,000.00   [strat=reciprocal_fairness_keeper]
      R14  buy $  1,014.96   sel     $17,000.00   [strat=reciprocal_fairness_keeper]
      R15  buy $  1,446.96   sel     $16,500.00   [strat=reciprocal_fairness_keeper]
      R16  buy $  3,871.25   sel     $16,000.00   [strat=reciprocal_fairness_keeper]
   run 16 done in 7.2 min

   run 17/30 on 2016 Cadillac CTS 3.6 Luxury  seed=21361436
      R 1  buy $ 12,367.15   sel     $21,999.95   [strat=opponent_aware_diagnostic] *
      R 2  buy $ 18,229.97   sel     $20,499.95   [strat=opponent_aware_diagnostic]
      R 3  buy $  7,137.24   sel     $19,999.95   [strat=opponent_aware_diagnostic]
      R 4  buy $ 15,606.31   sel     $18,499.95   [strat=opponent_aware_diagnostic]
      R 5  buy $ 17,547.73   sel     $17,999.95   [strat=opponent_aware_diagnostic]
      R 6  buy $ 11,832.55   sel     $17,499.95   [strat=market_expert_value_justifier] *
      R 7  buy $    223.07   sel     $17,499.95   [strat=market_expert_value_justifier]
      R 8  buy $  5,707.53   sel     $17,499.95   [strat=market_expert_value_justifier]
      R 9  buy $ 17,461.55   sel     $17,461.55   [strat=market_expert_value_justifier]
      R10  buy $ 17,361.54   sel     $17,361.54   [strat=market_expert_value_justifier]
      R11  buy $  3,449.37   sel     $17,361.54   [strat=market_expert_value_justifier]
      R12  buy $  9,139.30   sel     $17,249.95   [strat=reciprocal_fairness_keeper] *
      R13  buy $  7,532.70   sel     $17,249.95   [strat=reciprocal_fairness_keeper]
      R14  buy $ 15,920.80   sel     $16,499.95   [strat=reciprocal_fairness_keeper]
      R15  buy $    530.59   sel     $16,999.95   [strat=reciprocal_fairness_keeper]
      R16  buy $  3,646.25   sel     $17,249.95   [strat=reciprocal_fairness_keeper]
   run 17 done in 8.2 min

   run 18/30 on 2016 Cadillac CTS 3.6 Luxury  seed=21361437
      R 1  buy $ 39,627.04   sel     $43,499.00   [strat=opponent_aware_diagnostic] *
      R 2  buy $  9,188.04   sel     $42,999.00   [strat=opponent_aware_diagnostic]
      R 3  buy $  2,902.13   sel     $42,500.00   [strat=opponent_aware_diagnostic]
      R 4  buy $  3,996.63   sel     $42,000.00   [strat=opponent_aware_diagnostic]
      R 5  buy $ 37,671.59   sel     $39,900.00   [strat=opponent_aware_diagnostic]
      R 6  buy $ 35,038.74   sel     $39,500.00   [strat=market_expert_value_justifier] *
      R 7  buy $ 15,772.29   sel     $38,500.00   [strat=market_expert_value_justifier]
      R 8  buy $ 37,195.75   sel     $38,000.00   [strat=market_expert_value_justifier]
      R 9  buy $  3,394.71   sel     $38,500.00   [strat=market_expert_value_justifier]
      R10  buy $ 25,610.70   sel     $38,000.00   [strat=market_expert_value_justifier]
      R11  buy $ 20,412.41   sel     $37,500.00   [strat=market_expert_value_justifier]
      R12  buy $ 13,208.38   sel     $37,500.00   [strat=reciprocal_fairness_keeper] *
      R13  buy $ 35,775.03   sel     $36,500.00   [strat=reciprocal_fairness_keeper]
      R14  buy $ 18,388.31   sel     $37,000.00   [strat=reciprocal_fairness_keeper]
      R15  buy $  9,269.35   sel     $37,000.00   [strat=reciprocal_fairness_keeper]
      R16  buy $ 24,578.45   sel     $36,500.00   [strat=reciprocal_fairness_keeper]
   run 18 done in 7.0 min

   run 19/30 on 2016 Cadillac CTS 3.6 Luxury  seed=21361438
      R 1  buy $ 29,440.05   sel     $33,500.00   [strat=opponent_aware_diagnostic] *
      R 2  buy $ 24,001.82   sel     $31,500.00   [strat=opponent_aware_diagnostic]
      R 3  buy $ 27,337.06   sel     $29,999.00   [strat=opponent_aware_diagnostic]
      R 4  buy $ 18,767.42   sel     $28,500.00   [strat=opponent_aware_diagnostic]
      R 5  buy $ 17,363.28   sel     $27,500.00   [strat=opponent_aware_diagnostic]
      R 6  buy $ 21,098.07   sel     $26,000.00   [strat=market_expert_value_justifier] *
      R 7  buy $ 20,387.46   sel     $25,500.00   [strat=market_expert_value_justifier]
      R 8  buy $ 10,196.94   sel     $25,000.00   [strat=market_expert_value_justifier]
      R 9  buy $ 13,254.28   sel     $25,000.00   [strat=market_expert_value_justifier]
      R10  buy $ 20,333.42   sel     $23,500.00   [strat=market_expert_value_justifier]
      R11  buy $ 19,308.70   sel     $23,000.00   [strat=market_expert_value_justifier]
      R12  buy $     19.27   sel     $22,500.00   [strat=reciprocal_fairness_keeper] *
      R13  buy $  2,277.53   sel     $22,500.00   [strat=reciprocal_fairness_keeper]
      R14  buy $ 19,267.45   sel     $21,500.00   [strat=reciprocal_fairness_keeper]
      R15  buy $  1,937.29   sel     $21,000.00   [strat=reciprocal_fairness_keeper]
      R16  buy $ 20,139.52   sel     $20,500.00   [strat=reciprocal_fairness_keeper]
   run 19 done in 7.6 min

   run 20/30 on 2016 Cadillac CTS 3.6 Luxury  seed=21361439
      R 1  buy $ 18,067.83   sel     $19,995.00   [strat=opponent_aware_diagnostic] *
      R 2  buy $ 19,278.09   sel     $19,695.00   [strat=opponent_aware_diagnostic]
      R 3  buy $  9,225.92   sel     $19,695.00   [strat=opponent_aware_diagnostic]
      R 4  buy $  5,164.99   sel     $19,695.00   [strat=opponent_aware_diagnostic]
      R 5  buy $  8,255.97   sel     $19,495.00   [strat=opponent_aware_diagnostic]
      R 6  buy $ 12,382.80   sel     $19,295.00   [strat=market_expert_value_justifier] *
      R 7  buy $ 11,153.05   sel     $18,995.00   [strat=market_expert_value_justifier]
      R 8  buy $ 12,291.78   sel     $18,995.00   [strat=market_expert_value_justifier]
      R 9  buy $    849.94   sel     $18,895.00   [strat=market_expert_value_justifier]
      R10  buy $ 16,370.17   sel     $18,500.00   [strat=market_expert_value_justifier]
      R11  buy $ 12,032.67   sel     $18,400.00   [strat=market_expert_value_justifier]
      R12  buy $ 15,214.77   sel     $17,995.00   [strat=reciprocal_fairness_keeper] *
      R13  buy $  2,533.36   sel     $17,995.00   [strat=reciprocal_fairness_keeper]
      R14  buy $ 13,784.25   sel     $17,895.00   [strat=reciprocal_fairness_keeper]
      R15  buy $  2,436.33   sel     $17,795.00   [strat=reciprocal_fairness_keeper]
      R16  buy $ 14,757.90   sel     $17,695.00   [strat=reciprocal_fairness_keeper]
   run 20 done in 7.5 min

   run 21/30 on 2016 Cadillac CTS 3.6 Luxury  seed=21361440
      R 1  buy $  2,822.23   sel     $34,995.00   [strat=opponent_aware_diagnostic] *
      R 2  buy $ 13,434.67   sel     $32,995.00   [strat=opponent_aware_diagnostic]
      R 3  buy $ 24,011.05   sel     $30,995.00   [strat=opponent_aware_diagnostic]
      R 4  buy $ 11,752.92   sel     $29,995.00   [strat=opponent_aware_diagnostic]
      R 5  buy $ 17,803.02   sel     $28,995.00   [strat=opponent_aware_diagnostic]
      R 6  buy $ 20,781.99   sel     $28,500.00   [strat=market_expert_value_justifier] *
      R 7  buy $  2,416.45   sel     $28,000.00   [strat=market_expert_value_justifier]
      R 8  buy $  2,517.24   sel     $27,900.00   [strat=market_expert_value_justifier]
      R 9  buy $ 24,312.40   sel     $27,500.00   [strat=market_expert_value_justifier]
      R10  buy $ 14,569.01   sel     $27,250.00   [strat=market_expert_value_justifier]
      R11  buy $ 14,456.17   sel     $26,995.00   [strat=market_expert_value_justifier]
      R12  buy $ 21,140.80   sel     $25,000.00   [strat=reciprocal_fairness_keeper] *
      R13  buy $ 17,614.97   sel     $24,500.00   [strat=reciprocal_fairness_keeper]
      R14  buy $ 11,242.60   sel     $24,000.00   [strat=reciprocal_fairness_keeper]
      R15  buy $  9,549.20   sel     $23,500.00   [strat=reciprocal_fairness_keeper]
      R16  buy $ 16,516.08   sel     $21,500.00   [strat=reciprocal_fairness_keeper]
   run 21 done in 6.4 min

   run 22/30 on 2016 Cadillac CTS 3.6 Luxury  seed=21361441
      R 1  buy $  2,961.79   sel     $24,995.00   [strat=opponent_aware_diagnostic] *
      R 2  buy $ 12,895.03   sel     $22,500.00   [strat=opponent_aware_diagnostic]
      R 3  buy $  2,077.51   sel     $21,500.00   [strat=opponent_aware_diagnostic]
      R 4  buy $ 12,898.62   sel     $19,995.00   [strat=opponent_aware_diagnostic]
      R 5  buy $  1,208.04   sel     $18,500.00   [strat=opponent_aware_diagnostic]
      R 6  buy $ 15,382.28   sel     $18,000.00   [strat=market_expert_value_justifier] *
      R 7  buy $ 11,896.65   sel     $17,500.00   [strat=market_expert_value_justifier]
      R 8  buy $  2,976.37   sel     $17,000.00   [strat=market_expert_value_justifier]
      R 9  buy $  7,988.20   sel     $16,500.00   [strat=market_expert_value_justifier]
      R10  buy $ 13,333.74   sel     $16,000.00   [strat=market_expert_value_justifier]
      R11  buy $  3,007.86   sel     $15,900.00   [strat=market_expert_value_justifier]
      R12  buy $ 12,791.53   sel     $15,800.00   [strat=reciprocal_fairness_keeper] *
      R13  buy $    553.93   sel     $15,800.00   [strat=reciprocal_fairness_keeper]
      R14  buy $ 11,784.10   sel     $15,800.00   [strat=reciprocal_fairness_keeper]
      R15  buy $  8,537.22   sel     $15,800.00   [strat=reciprocal_fairness_keeper]
      R16  buy $ 15,788.63   sel     $15,788.63   [strat=reciprocal_fairness_keeper]
   run 22 done in 10.3 min

   run 23/30 on 2016 Cadillac CTS 3.6 Luxury  seed=21361442
      R 1  buy $ 28,504.80   sel     $38,500.00   [strat=opponent_aware_diagnostic] *
      R 2  buy $ 25,523.57   sel     $37,800.00   [strat=opponent_aware_diagnostic]
      R 3  buy $ 28,443.82   sel     $36,500.00   [strat=opponent_aware_diagnostic]
      R 4  buy $ 31,710.13   sel     $34,900.00   [strat=opponent_aware_diagnostic]
      R 5  buy $ 22,693.04   sel     $33,900.00   [strat=opponent_aware_diagnostic]
      R 6  buy $ 27,631.30   sel     $32,500.00   [strat=market_expert_value_justifier] *
      R 7  buy $ 17,699.42   sel     $31,500.00   [strat=market_expert_value_justifier]
      R 8  buy $ 11,060.00   sel     $30,900.00   [strat=market_expert_value_justifier]
      R 9  buy $ 21,293.62   sel     $30,500.00   [strat=market_expert_value_justifier]
      R10  buy $ 24,564.35   sel     $29,500.00   [strat=market_expert_value_justifier]
      R11  buy $  6,274.98   sel     $29,000.00   [strat=market_expert_value_justifier]
      R12  buy $ 24,005.73   sel     $28,000.00   [strat=reciprocal_fairness_keeper] *
      R13  buy $  3,279.73   sel     $27,500.00   [strat=reciprocal_fairness_keeper]
      R14  buy $ 14,470.75   sel     $26,500.00   [strat=reciprocal_fairness_keeper]
      R15  buy $ 18,149.33   sel     $25,500.00   [strat=reciprocal_fairness_keeper]
      R16  buy $ 24,643.36   sel     $25,000.00   [strat=reciprocal_fairness_keeper]
   run 23 done in 8.7 min

   run 24/30 on 2016 Cadillac CTS 3.6 Luxury  seed=21361443
      R 1  buy $ 17,461.47   sel     $20,500.00   [strat=opponent_aware_diagnostic] *
      R 2  buy $  7,628.00   sel     $19,500.00   [strat=opponent_aware_diagnostic]
      R 3  buy $  7,697.56   sel     $18,500.00   [strat=opponent_aware_diagnostic]
      R 4  buy $  4,886.55   sel     $18,000.00   [strat=opponent_aware_diagnostic]
      R 5  buy $  2,493.95   sel     $17,500.00   [strat=opponent_aware_diagnostic]
      R 6  buy $  9,079.67   sel     $17,000.00   [strat=market_expert_value_justifier] *
      R 7  buy $ 15,618.80   sel     $16,500.00   [strat=market_expert_value_justifier]
      R 8  buy $ 13,704.73   sel     $16,000.00   [strat=market_expert_value_justifier]
      R 9  buy $ 14,693.43   sel     $15,800.00   [strat=market_expert_value_justifier]
      R10  buy $  1,653.37   sel     $15,800.00   [strat=market_expert_value_justifier]
      R11  buy $ 10,550.63   sel     $15,800.00   [strat=market_expert_value_justifier]
      R12  buy $  7,392.83   sel     $15,800.00   [strat=reciprocal_fairness_keeper] *
      R13  buy $  6,500.89   sel     $15,800.00   [strat=reciprocal_fairness_keeper]
      R14  buy $ 12,834.96   sel     $15,800.00   [strat=reciprocal_fairness_keeper]
      R15  buy $  5,249.41   sel     $15,800.00   [strat=reciprocal_fairness_keeper]
      R16  buy $  7,498.57   sel     $15,800.00   [strat=reciprocal_fairness_keeper]
   run 24 done in 10.7 min

   run 25/30 on 2016 Cadillac CTS 3.6 Luxury  seed=21361444
      R 1  buy $ 24,600.45   sel     $42,500.00   [strat=opponent_aware_diagnostic] *
      R 2  buy $ 23,026.44   sel     $41,000.00   [strat=opponent_aware_diagnostic]
      R 3  buy $  9,326.10   sel     $40,000.00   [strat=opponent_aware_diagnostic]
      R 4  buy $ 32,411.53   sel     $39,500.00   [strat=opponent_aware_diagnostic]
      R 5  buy $ 35,502.42   sel     $38,000.00   [strat=opponent_aware_diagnostic]
      R 6  buy $ 10,080.18   sel     $37,500.00   [strat=market_expert_value_justifier] *
      R 7  buy $ 15,518.99   sel     $37,000.00   [strat=market_expert_value_justifier]
      R 8  buy $ 16,373.60   sel     $36,000.00   [strat=market_expert_value_justifier]
      R 9  buy $  8,768.11   sel     $35,500.00   [strat=market_expert_value_justifier]
      R10  buy $ 35,112.08   sel     $35,300.00   [strat=market_expert_value_justifier]
      R11  buy $ 20,457.82   sel     $35,000.00   [strat=market_expert_value_justifier]
      R12  buy $ 12,311.41   sel     $34,500.00   [strat=reciprocal_fairness_keeper] *
      R13  buy $ 10,636.14   sel     $34,000.00   [strat=reciprocal_fairness_keeper]
      R14  buy $ 19,681.11   sel     $33,500.00   [strat=reciprocal_fairness_keeper]
      R15  buy $ 32,642.47   sel     $33,000.00   [strat=reciprocal_fairness_keeper]
      R16  buy $ 10,467.18   sel     $32,800.00   [strat=reciprocal_fairness_keeper]
   run 25 done in 8.7 min

   run 26/30 on 2016 Cadillac CTS 3.6 Luxury  seed=21361445
      R 1  buy $ 30,891.27   sel     $34,500.00   [strat=opponent_aware_diagnostic] *
      R 2  buy $ 25,342.73   sel     $33,900.00   [strat=opponent_aware_diagnostic]
      R 3  buy $ 22,870.86   sel     $33,000.00   [strat=opponent_aware_diagnostic]
      R 4  buy $  7,633.50   sel     $33,000.00   [strat=opponent_aware_diagnostic]
      R 5  buy $ 12,853.00   sel     $32,000.00   [strat=opponent_aware_diagnostic]
      R 6  buy $ 11,471.61   sel     $32,000.00   [strat=market_expert_value_justifier] *
      R 7  buy $ 10,018.37   sel     $32,000.00   [strat=market_expert_value_justifier]
      R 8  buy $ 16,196.55   sel     $31,500.00   [strat=market_expert_value_justifier]
      R 9  buy $  2,549.73   sel     $31,000.00   [strat=market_expert_value_justifier]
      R10  buy $  2,445.14   sel     $31,000.00   [strat=market_expert_value_justifier]
      R11  buy $ 24,461.14   sel     $30,000.00   [strat=market_expert_value_justifier]
      R12  buy $ 26,665.93   sel     $28,500.00   [strat=reciprocal_fairness_keeper] *
      R13  buy $ 24,097.61   sel     $26,300.00   [strat=reciprocal_fairness_keeper]
      R14  buy $ 19,942.11   sel     $25,800.00   [strat=reciprocal_fairness_keeper]
      R15  buy $  8,465.98   sel     $25,500.00   [strat=reciprocal_fairness_keeper]
      R16  buy $ 19,738.04   sel     $23,000.00   [strat=reciprocal_fairness_keeper]
   run 26 done in 9.2 min

   run 27/30 on 2016 Cadillac CTS 3.6 Luxury  seed=21361446
      R 1  buy $ 15,716.83   sel     $17,500.00   [strat=opponent_aware_diagnostic] *
      R 2  buy $    139.29   sel     $16,800.00   [strat=opponent_aware_diagnostic]
      R 3  buy $ 14,812.06   sel     $16,500.00   [strat=opponent_aware_diagnostic]
      R 4  buy $  2,756.73   sel     $16,200.00   [strat=opponent_aware_diagnostic]
      R 5  buy $  6,842.22   sel     $16,200.00   [strat=opponent_aware_diagnostic]
      R 6  buy $  8,228.36   sel     $16,000.00   [strat=market_expert_value_justifier] *
      R 7  buy $  6,992.15   sel     $15,900.00   [strat=market_expert_value_justifier]
      R 8  buy $  1,116.92   sel     $15,900.00   [strat=market_expert_value_justifier]
      R 9  buy $  4,535.44   sel     $15,900.00   [strat=market_expert_value_justifier]
      R10  buy $ 12,026.57   sel     $15,800.00   [strat=market_expert_value_justifier]
      R11  buy $  9,339.10   sel     $15,800.00   [strat=market_expert_value_justifier]
      R12  buy $  3,582.89   sel     $15,800.00   [strat=reciprocal_fairness_keeper] *
      R13  buy $    385.01   sel     $15,800.00   [strat=reciprocal_fairness_keeper]
      R14  buy $    992.04   sel     $15,800.00   [strat=reciprocal_fairness_keeper]
      R15  buy $  7,642.30   sel     $15,800.00   [strat=reciprocal_fairness_keeper]
      R16  buy $  3,941.03   sel     $15,800.00   [strat=reciprocal_fairness_keeper]
   run 27 done in 7.8 min

   run 28/30 on 2016 Cadillac CTS 3.6 Luxury  seed=21361447
      R 1  buy $ 21,303.21   sel     $25,995.00   [strat=opponent_aware_diagnostic] *
      R 2  buy $ 12,872.46   sel     $24,995.00   [strat=opponent_aware_diagnostic]
      R 3  buy $ 12,812.75   sel     $23,995.00   [strat=opponent_aware_diagnostic]
      R 4  buy $  9,825.57   sel     $23,500.00   [strat=opponent_aware_diagnostic]
      R 5  buy $  2,331.87   sel     $23,500.00   [strat=opponent_aware_diagnostic]
      R 6  buy $ 13,165.58   sel     $23,500.00   [strat=market_expert_value_justifier] *
      R 7  buy $ 14,337.05   sel     $23,250.00   [strat=market_expert_value_justifier]
      R 8  buy $ 18,238.32   sel     $23,000.00   [strat=market_expert_value_justifier]
      R 9  buy $  8,384.26   sel     $23,000.00   [strat=market_expert_value_justifier]
      R10  buy $ 10,762.17   sel     $23,000.00   [strat=market_expert_value_justifier]
      R11  buy $  2,124.26   sel     $22,500.00   [strat=market_expert_value_justifier]
      R12  buy $ 12,079.48   sel     $22,500.00   [strat=reciprocal_fairness_keeper] *
      R13  buy $ 14,002.22   sel     $22,500.00   [strat=reciprocal_fairness_keeper]
      R14  buy $ 16,232.07   sel     $21,500.00   [strat=reciprocal_fairness_keeper]
      R15  buy $  1,225.25   sel     $20,500.00   [strat=reciprocal_fairness_keeper]
      R16  buy $ 16,160.21   sel     $19,500.00   [strat=reciprocal_fairness_keeper]
   run 28 done in 8.7 min

   run 29/30 on 2016 Cadillac CTS 3.6 Luxury  seed=21361448
      R 1  buy $ 38,737.28   sel     $41,900.00   [strat=opponent_aware_diagnostic] *
      R 2  buy $ 30,186.58   sel     $40,995.00   [strat=opponent_aware_diagnostic]
      R 3  buy $ 16,408.63   sel     $39,500.00   [strat=opponent_aware_diagnostic]
      R 4  buy $ 11,156.09   sel     $38,500.00   [strat=opponent_aware_diagnostic]
      R 5  buy $ 17,148.10   sel     $37,900.00   [strat=opponent_aware_diagnostic]
      R 6  buy $ 26,335.81   sel     $37,500.00   [strat=market_expert_value_justifier] *
      R 7  buy $     38.05   sel     $37,250.00   [strat=market_expert_value_justifier]
      R 8  buy $ 24,035.65   sel     $36,900.00   [strat=market_expert_value_justifier]
      R 9  buy $ 13,122.47   sel     $36,500.00   [strat=market_expert_value_justifier]
      R10  buy $ 22,687.53   sel     $36,000.00   [strat=market_expert_value_justifier]
      R11  buy $  9,759.96   sel     $35,500.00   [strat=market_expert_value_justifier]
      R12  buy $ 33,057.20   sel     $34,000.00   [strat=reciprocal_fairness_keeper] *
      R13  buy $  7,531.45   sel     $33,500.00   [strat=reciprocal_fairness_keeper]
      R14  buy $ 29,704.64   sel     $31,500.00   [strat=reciprocal_fairness_keeper]
      R15  buy $  2,432.48   sel     $31,000.00   [strat=reciprocal_fairness_keeper]
      R16  buy $ 26,843.76   sel     $29,500.00   [strat=reciprocal_fairness_keeper]
   run 29 done in 9.3 min

   run 30/30 on 2016 Cadillac CTS 3.6 Luxury  seed=21361449
      R 1  buy $  9,797.45   sel     $14,995.00   [strat=opponent_aware_diagnostic] *
      R 2  buy $ 11,924.42   sel     $14,495.00   [strat=opponent_aware_diagnostic]
      R 3  buy $  3,621.85   sel     $13,995.00   [strat=opponent_aware_diagnostic]
      R 4  buy $ 10,089.76   sel     $13,500.00   [strat=opponent_aware_diagnostic]
      R 5  buy $ 12,768.78   sel     $13,500.00   [strat=opponent_aware_diagnostic]
      R 6  buy $  6,025.55   sel     $13,500.00   [strat=market_expert_value_justifier] *
      R 7  buy $  4,175.05   sel     $13,500.00   [strat=market_expert_value_justifier]
      R 8  buy $  5,032.06   sel     $13,500.00   [strat=market_expert_value_justifier]
      R 9  buy $  6,436.31   sel     $13,500.00   [strat=market_expert_value_justifier]
      R10  buy $  9,935.28   sel     $15,995.00   [strat=market_expert_value_justifier]
      R11  buy $  1,599.32   sel     PARSE-FAIL   [strat=market_expert_value_justifier]
      R12  buy $    618.47   sel     $15,500.00   [strat=reciprocal_fairness_keeper] *
      R13  buy $ 15,195.34   sel     $15,895.00   [strat=reciprocal_fairness_keeper]
      R14  buy $  6,780.71   sel     $15,895.00   [strat=reciprocal_fairness_keeper]
      R15  buy $  7,895.45   sel     $15,850.00   [strat=reciprocal_fairness_keeper]
      R16  buy $  9,622.77   sel     $15,800.00   [strat=reciprocal_fairness_keeper]
   run 30 done in 12.1 min

   ---> checkpoint: car 2/5 done in 235.0 min; total so far 407.6 min; saved 60 runs to exp11_transitionB_rep3.json

--- CAR 3/5: 2019 Honda Accord Sport 1.5T  (M=$28,000.00  cost=$14,000.00  cost/M=50.00%) ---

   run 1/30 on 2019 Honda Accord Sport 1.5T  seed=21362420
      R 1  buy $ 25,377.40   sel     $27,500.00   [strat=opponent_aware_diagnostic] *
      R 2  buy $ 27,011.32   sel     $26,750.00   [strat=opponent_aware_diagnostic]
      R 3  buy $  9,259.51   sel     $26,750.00   [strat=opponent_aware_diagnostic]
      R 4  buy $ 20,125.47   sel     $26,000.00   [strat=opponent_aware_diagnostic]
      R 5  buy $ 16,478.43   sel     $25,500.00   [strat=opponent_aware_diagnostic]
      R 6  buy $ 18,727.82   sel     $24,500.00   [strat=market_expert_value_justifier] *
      R 7  buy $ 21,710.90   sel     $23,500.00   [strat=market_expert_value_justifier]
      R 8  buy $  9,166.40   sel     $22,900.00   [strat=market_expert_value_justifier]
      R 9  buy $ 17,659.02   sel     $22,500.00   [strat=market_expert_value_justifier]
      R10  buy $ 15,917.68   sel     $21,500.00   [strat=market_expert_value_justifier]
      R11  buy $  3,385.47   sel     $21,500.00   [strat=market_expert_value_justifier]
      R12  buy $ 10,192.27   sel     $21,500.00   [strat=reciprocal_fairness_keeper] *
      R13  buy $ 12,751.24   sel     $20,000.00   [strat=reciprocal_fairness_keeper]
      R14  buy $    482.21   sel     $20,000.00   [strat=reciprocal_fairness_keeper]
      R15  buy $ 16,988.19   sel     $19,500.00   [strat=reciprocal_fairness_keeper]
      R16  buy $ 14,026.29   sel     $19,500.00   [strat=reciprocal_fairness_keeper]
   run 1 done in 9.0 min

   run 2/30 on 2019 Honda Accord Sport 1.5T  seed=21362421
      R 1  buy $ 19,692.49   sel     $26,495.99   [strat=opponent_aware_diagnostic] *
      R 2  buy $ 22,850.58   sel     $25,995.99   [strat=opponent_aware_diagnostic]
      R 3  buy $ 13,976.65   sel     $25,499.99   [strat=opponent_aware_diagnostic]
      R 4  buy $  2,223.20   sel     $25,499.99   [strat=opponent_aware_diagnostic]
      R 5  buy $ 21,465.67   sel     $24,999.99   [strat=opponent_aware_diagnostic]
      R 6  buy $ 18,097.56   sel     $24,499.99   [strat=market_expert_value_justifier] *
      R 7  buy $ 22,768.80   sel     $23,999.99   [strat=market_expert_value_justifier]
      R 8  buy $  2,509.26   sel     $23,500.00   [strat=market_expert_value_justifier]
      R 9  buy $  4,591.26   sel     $23,500.00   [strat=market_expert_value_justifier]
      R10  buy $ 14,249.57   sel     $22,999.99   [strat=market_expert_value_justifier]
      R11  buy $  8,027.45   sel     $22,500.00   [strat=market_expert_value_justifier]
      R12  buy $ 10,661.24   sel     $22,000.00   [strat=reciprocal_fairness_keeper] *
      R13  buy $  8,698.57   sel     $21,999.99   [strat=reciprocal_fairness_keeper]
      R14  buy $  1,050.49   sel     $22,500.00   [strat=reciprocal_fairness_keeper]
      R15  buy $  3,194.31   sel     $22,500.00   [strat=reciprocal_fairness_keeper]
      R16  buy $ 14,807.72   sel     $21,500.00   [strat=reciprocal_fairness_keeper]
   run 2 done in 9.4 min

   run 3/30 on 2019 Honda Accord Sport 1.5T  seed=21362422
      R 1  buy $ 12,784.45   sel     $25,999.00   [strat=opponent_aware_diagnostic] *
      R 2  buy $ 23,111.78   sel     $24,999.00   [strat=opponent_aware_diagnostic]
      R 3  buy $ 12,933.86   sel     $24,500.00   [strat=opponent_aware_diagnostic]
      R 4  buy $  9,326.18   sel     $24,500.00   [strat=opponent_aware_diagnostic]
      R 5  buy $ 22,546.89   sel     $24,250.00   [strat=opponent_aware_diagnostic]
      R 6  buy $ 17,061.82   sel     $24,000.00   [strat=market_expert_value_justifier] *
      R 7  buy $ 20,737.68   sel     $23,500.00   [strat=market_expert_value_justifier]
      R 8  buy $  7,711.49   sel     $23,500.00   [strat=market_expert_value_justifier]
      R 9  buy $    278.10   sel     $23,500.00   [strat=market_expert_value_justifier]
      R10  buy $ 16,471.87   sel     $23,000.00   [strat=market_expert_value_justifier]
      R11  buy $ 13,520.72   sel     $22,500.00   [strat=market_expert_value_justifier]
      R12  buy $ 10,072.40   sel     $22,250.00   [strat=reciprocal_fairness_keeper] *
      R13  buy $ 13,763.65   sel     $22,150.00   [strat=reciprocal_fairness_keeper]
      R14  buy $  4,976.48   sel     $22,000.00   [strat=reciprocal_fairness_keeper]
      R15  buy $  6,263.89   sel     $21,900.00   [strat=reciprocal_fairness_keeper]
      R16  buy $  7,847.07   sel     $21,800.00   [strat=reciprocal_fairness_keeper]
   run 3 done in 7.7 min

   run 4/30 on 2019 Honda Accord Sport 1.5T  seed=21362423
      R 1  buy $  3,076.42   sel     $24,000.00   [strat=opponent_aware_diagnostic] *
      R 2  buy $  8,849.79   sel     $22,500.00   [strat=opponent_aware_diagnostic]
      R 3  buy $  1,310.71   sel     $22,000.00   [strat=opponent_aware_diagnostic]
      R 4  buy $  4,437.23   sel     $21,500.00   [strat=opponent_aware_diagnostic]
      R 5  buy $ 16,220.90   sel     $20,500.00   [strat=opponent_aware_diagnostic]
      R 6  buy $ 19,954.55   sel     $20,200.00   [strat=market_expert_value_justifier] *
      R 7  buy $ 10,804.07   sel     $20,000.00   [strat=market_expert_value_justifier]
      R 8  buy $  2,581.01   sel     $20,000.00   [strat=market_expert_value_justifier]
      R 9  buy $  8,108.35   sel     $20,000.00   [strat=market_expert_value_justifier]
      R10  buy $    509.55   sel     $19,500.00   [strat=market_expert_value_justifier]
      R11  buy $ 14,273.06   sel     $19,000.00   [strat=market_expert_value_justifier]
      R12  buy $    993.88   sel     $18,500.00   [strat=reciprocal_fairness_keeper] *
      R13  buy $  2,423.27   sel     $18,000.00   [strat=reciprocal_fairness_keeper]
      R14  buy $  7,435.94   sel     $18,000.00   [strat=reciprocal_fairness_keeper]
      R15  buy $ 13,512.59   sel     $17,500.00   [strat=reciprocal_fairness_keeper]
      R16  buy $  3,593.93   sel     $17,000.00   [strat=reciprocal_fairness_keeper]
   run 4 done in 9.2 min

   run 5/30 on 2019 Honda Accord Sport 1.5T  seed=21362424
      R 1  buy $  3,334.10   sel     $26,000.00   [strat=opponent_aware_diagnostic] *
      R 2  buy $ 10,170.77   sel     $24,500.00   [strat=opponent_aware_diagnostic]
      R 3  buy $  7,210.16   sel     $23,900.00   [strat=opponent_aware_diagnostic]
      R 4  buy $ 11,478.96   sel     $23,500.00   [strat=opponent_aware_diagnostic]
      R 5  buy $ 15,803.13   sel     $22,500.00   [strat=opponent_aware_diagnostic]
      R 6  buy $ 15,682.60   sel     $21,000.00   [strat=market_expert_value_justifier] *
      R 7  buy $  9,863.05   sel     $20,500.00   [strat=market_expert_value_justifier]
      R 8  buy $  7,323.23   sel     $20,000.00   [strat=market_expert_value_justifier]
      R 9  buy $  5,102.94   sel     $19,500.00   [strat=market_expert_value_justifier]
      R10  buy $ 16,762.85   sel     $19,500.00   [strat=market_expert_value_justifier]
      R11  buy $ 18,535.73   sel     $19,000.00   [strat=market_expert_value_justifier]
      R12  buy $  5,611.81   sel     $19,000.00   [strat=reciprocal_fairness_keeper] *
      R13  buy $  1,399.74   sel     $19,000.00   [strat=reciprocal_fairness_keeper]
      R14  buy $  5,191.68   sel     $18,900.00   [strat=reciprocal_fairness_keeper]
      R15  buy $ 16,197.04   sel     $18,000.00   [strat=reciprocal_fairness_keeper]
      R16  buy $ 14,185.74   sel     $17,500.00   [strat=reciprocal_fairness_keeper]
   run 5 done in 9.1 min

   run 6/30 on 2019 Honda Accord Sport 1.5T  seed=21362425
      R 1  buy $ 25,525.40   sel     $27,995.00   [strat=opponent_aware_diagnostic] *
      R 2  buy $ 13,475.36   sel     $27,500.00   [strat=opponent_aware_diagnostic]
      R 3  buy $ 15,506.01   sel     $26,500.00   [strat=opponent_aware_diagnostic]
      R 4  buy $ 21,591.73   sel     $25,500.00   [strat=opponent_aware_diagnostic]
      R 5  buy $ 17,427.41   sel     $22,500.00   [strat=opponent_aware_diagnostic]
      R 6  buy $  7,703.58   sel     $22,500.00   [strat=market_expert_value_justifier] *
      R 7  buy $ 18,149.67   sel     $21,000.00   [strat=market_expert_value_justifier]
      R 8  buy $ 15,595.77   sel     $21,000.00   [strat=market_expert_value_justifier]
      R 9  buy $  2,442.61   sel     $21,000.00   [strat=market_expert_value_justifier]
      R10  buy $ 19,475.37   sel     $20,000.00   [strat=market_expert_value_justifier]
      R11  buy $  7,413.21   sel     $20,000.00   [strat=market_expert_value_justifier]
      R12  buy $ 14,006.25   sel     $18,500.00   [strat=reciprocal_fairness_keeper] *
      R13  buy $ 13,551.63   sel     $18,000.00   [strat=reciprocal_fairness_keeper]
      R14  buy $  8,012.91   sel     $18,000.00   [strat=reciprocal_fairness_keeper]
      R15  buy $  1,398.85   sel     $18,000.00   [strat=reciprocal_fairness_keeper]
      R16  buy $ 17,029.86   sel     $17,500.00   [strat=reciprocal_fairness_keeper]
   run 6 done in 9.4 min

   run 7/30 on 2019 Honda Accord Sport 1.5T  seed=21362426
      R 1  buy $  8,890.80   sel     $18,495.00   [strat=opponent_aware_diagnostic] *
      R 2  buy $  7,269.45   sel     $17,500.00   [strat=opponent_aware_diagnostic]
      R 3  buy $  5,636.88   sel     $16,500.00   [strat=opponent_aware_diagnostic]
      R 4  buy $  5,081.63   sel     $15,500.00   [strat=opponent_aware_diagnostic]
      R 5  buy $    226.40   sel     $15,500.00   [strat=opponent_aware_diagnostic]
      R 6  buy $  6,683.39   sel     $15,500.00   [strat=market_expert_value_justifier] *
      R 7  buy $  8,957.02   sel     $15,500.00   [strat=market_expert_value_justifier]
      R 8  buy $  4,481.04   sel     $15,500.00   [strat=market_expert_value_justifier]
      R 9  buy $ 13,275.51   sel     $15,500.00   [strat=market_expert_value_justifier]
      R10  buy $    619.62   sel     $15,500.00   [strat=market_expert_value_justifier]
      R11  buy $ 11,296.58   sel     $15,000.00   [strat=market_expert_value_justifier]
      R12  buy $  4,983.91   sel     $15,000.00   [strat=reciprocal_fairness_keeper] *
      R13  buy $    553.35   sel     $15,000.00   [strat=reciprocal_fairness_keeper]
      R14  buy $    615.69   sel     $15,000.00   [strat=reciprocal_fairness_keeper]
      R15  buy $ 11,575.03   sel     $15,000.00   [strat=reciprocal_fairness_keeper]
      R16  buy $  6,852.36   sel     $14,500.00   [strat=reciprocal_fairness_keeper]
   run 7 done in 8.0 min

   run 8/30 on 2019 Honda Accord Sport 1.5T  seed=21362427
      R 1  buy $ 18,749.61   sel     $20,999.00   [strat=opponent_aware_diagnostic] *
      R 2  buy $ 15,866.33   sel     $20,499.00   [strat=opponent_aware_diagnostic]
      R 3  buy $  7,842.31   sel     $19,999.00   [strat=opponent_aware_diagnostic]
      R 4  buy $ 11,333.87   sel     $19,499.00   [strat=opponent_aware_diagnostic]
      R 5  buy $  8,525.93   sel     $18,999.00   [strat=opponent_aware_diagnostic]
      R 6  buy $ 14,995.47   sel     $17,999.00   [strat=market_expert_value_justifier] *
      R 7  buy $  1,337.78   sel     $17,499.00   [strat=market_expert_value_justifier]
      R 8  buy $ 15,543.70   sel     $16,999.00   [strat=market_expert_value_justifier]
      R 9  buy $  2,619.61   sel     $16,500.00   [strat=market_expert_value_justifier]
      R10  buy $  4,122.62   sel     $16,500.00   [strat=market_expert_value_justifier]
      R11  buy $  9,522.98   sel     $16,500.00   [strat=market_expert_value_justifier]
      R12  buy $  8,577.19   sel     $16,499.00   [strat=reciprocal_fairness_keeper] *
      R13  buy $ 14,439.39   sel     $15,999.00   [strat=reciprocal_fairness_keeper]
      R14  buy $  5,923.01   sel     $15,999.00   [strat=reciprocal_fairness_keeper]
      R15  buy $ 15,969.10   sel     $15,969.10   [strat=reciprocal_fairness_keeper]
      R16  buy $  2,536.73   sel     $15,999.00   [strat=reciprocal_fairness_keeper]
   run 8 done in 7.8 min

   run 9/30 on 2019 Honda Accord Sport 1.5T  seed=21362428
      R 1  buy $  4,901.22   sel     $25,999.99   [strat=opponent_aware_diagnostic] *
      R 2  buy $  3,176.19   sel     $24,599.99   [strat=opponent_aware_diagnostic]
      R 3  buy $  7,233.95   sel     $24,099.99   [strat=opponent_aware_diagnostic]
      R 4  buy $  8,780.83   sel     $23,599.99   [strat=opponent_aware_diagnostic]
      R 5  buy $  4,766.86   sel     $23,599.99   [strat=opponent_aware_diagnostic]
      R 6  buy $ 18,122.71   sel     $21,499.99   [strat=market_expert_value_justifier] *
      R 7  buy $  1,891.01   sel     $20,999.99   [strat=market_expert_value_justifier]
      R 8  buy $  9,686.79   sel     $19,999.99   [strat=market_expert_value_justifier]
      R 9  buy $ 12,333.72   sel     $19,499.99   [strat=market_expert_value_justifier]
      R10  buy $  5,876.95   sel     $19,299.99   [strat=market_expert_value_justifier]
      R11  buy $ 10,051.43   sel     $18,499.99   [strat=market_expert_value_justifier]
      R12  buy $  8,176.47   sel     $17,999.99   [strat=reciprocal_fairness_keeper] *
      R13  buy $ 12,102.03   sel     $17,499.99   [strat=reciprocal_fairness_keeper]
      R14  buy $  3,808.34   sel     $16,999.99   [strat=reciprocal_fairness_keeper]
      R15  buy $ 12,427.39   sel     $16,499.99   [strat=reciprocal_fairness_keeper]
      R16  buy $    648.64   sel     $15,999.99   [strat=reciprocal_fairness_keeper]
   run 9 done in 8.6 min

   run 10/30 on 2019 Honda Accord Sport 1.5T  seed=21362429
      R 1  buy $  2,655.89   sel     $26,500.00   [strat=opponent_aware_diagnostic] *
      R 2  buy $  9,834.93   sel     $26,500.00   [strat=opponent_aware_diagnostic]
      R 3  buy $  6,270.13   sel     $25,750.00   [strat=opponent_aware_diagnostic]
      R 4  buy $  4,783.69   sel     $25,000.00   [strat=opponent_aware_diagnostic]
      R 5  buy $ 18,186.68   sel     $24,500.00   [strat=opponent_aware_diagnostic]
      R 6  buy $ 13,188.12   sel     $24,250.00   [strat=market_expert_value_justifier] *
      R 7  buy $  1,571.77   sel     $24,000.00   [strat=market_expert_value_justifier]
      R 8  buy $  7,875.16   sel     $23,750.00   [strat=market_expert_value_justifier]
      R 9  buy $ 19,100.61   sel     $23,500.00   [strat=market_expert_value_justifier]
      R10  buy $ 14,597.52   sel     $22,000.00   [strat=market_expert_value_justifier]
      R11  buy $ 13,448.09   sel     $21,000.00   [strat=market_expert_value_justifier]
      R12  buy $    128.65   sel     $20,500.00   [strat=reciprocal_fairness_keeper] *
      R13  buy $ 20,206.81   sel     $20,206.81   [strat=reciprocal_fairness_keeper]
      R14  buy $ 20,099.93   sel     $20,206.81   [strat=reciprocal_fairness_keeper]
      R15  buy $ 13,573.83   sel     $19,500.00   [strat=reciprocal_fairness_keeper]
      R16  buy $ 13,939.71   sel     $18,500.00   [strat=reciprocal_fairness_keeper]
   run 10 done in 9.0 min

   run 11/30 on 2019 Honda Accord Sport 1.5T  seed=21362430
      R 1  buy $ 24,297.85   sel     $26,500.00   [strat=opponent_aware_diagnostic] *
      R 2  buy $ 15,264.34   sel     $25,500.00   [strat=opponent_aware_diagnostic]
      R 3  buy $  8,729.60   sel     $24,500.00   [strat=opponent_aware_diagnostic]
      R 4  buy $  9,479.10   sel     $24,500.00   [strat=opponent_aware_diagnostic]
      R 5  buy $  6,964.39   sel     $24,500.00   [strat=opponent_aware_diagnostic]
      R 6  buy $  7,533.54   sel     $24,500.00   [strat=market_expert_value_justifier] *
      R 7  buy $  6,611.10   sel     $24,500.00   [strat=market_expert_value_justifier]
      R 8  buy $ 14,835.75   sel     $24,500.00   [strat=market_expert_value_justifier]
      R 9  buy $ 23,978.65   sel     $24,250.00   [strat=market_expert_value_justifier]
      R10  buy $ 23,447.69   sel     $24,000.00   [strat=market_expert_value_justifier]
      R11  buy $  8,471.50   sel     $24,000.00   [strat=market_expert_value_justifier]
      R12  buy $ 22,336.80   sel     $23,250.00   [strat=reciprocal_fairness_keeper] *
      R13  buy $  4,557.26   sel     $23,250.00   [strat=reciprocal_fairness_keeper]
      R14  buy $ 21,962.80   sel     $22,750.00   [strat=reciprocal_fairness_keeper]
      R15  buy $ 13,419.71   sel     $22,500.00   [strat=reciprocal_fairness_keeper]
      R16  buy $ 17,964.67   sel     $20,500.00   [strat=reciprocal_fairness_keeper]
   run 11 done in 8.9 min

   run 12/30 on 2019 Honda Accord Sport 1.5T  seed=21362431
      R 1  buy $  9,213.56   sel     $19,995.00   [strat=opponent_aware_diagnostic] *
      R 2  buy $  4,520.96   sel     $18,500.00   [strat=opponent_aware_diagnostic]
      R 3  buy $ 10,338.17   sel     $17,500.00   [strat=opponent_aware_diagnostic]
      R 4  buy $ 12,141.68   sel     $16,500.00   [strat=opponent_aware_diagnostic]
      R 5  buy $  4,724.15   sel     $16,000.00   [strat=opponent_aware_diagnostic]
      R 6  buy $  9,655.20   sel     $15,750.00   [strat=market_expert_value_justifier] *
      R 7  buy $ 15,514.18   sel     $15,600.00   [strat=market_expert_value_justifier]
      R 8  buy $  3,109.28   sel     $15,500.00   [strat=market_expert_value_justifier]
      R 9  buy $  8,076.84   sel     $15,400.00   [strat=market_expert_value_justifier]
      R10  buy $ 12,306.31   sel     $15,000.00   [strat=market_expert_value_justifier]
      R11  buy $ 13,719.70   sel     $14,600.00   [strat=market_expert_value_justifier]
      R12  buy $    976.24   sel     $14,600.00   [strat=reciprocal_fairness_keeper] *
      R13  buy $ 10,557.37   sel     $14,500.00   [strat=reciprocal_fairness_keeper]
      R14  buy $  2,192.33   sel     $14,400.00   [strat=reciprocal_fairness_keeper]
      R15  buy $  5,991.75   sel     $14,200.00   [strat=reciprocal_fairness_keeper]
      R16  buy $ 10,058.50   sel     $14,100.00   [strat=reciprocal_fairness_keeper]
   run 12 done in 10.4 min

   run 13/30 on 2019 Honda Accord Sport 1.5T  seed=21362432
      R 1  buy $ 12,757.49   sel     $18,995.00   [strat=opponent_aware_diagnostic] *
      R 2  buy $  2,176.74   sel     $17,500.00   [strat=opponent_aware_diagnostic]
      R 3  buy $ 17,408.86   sel     $17,495.00   [strat=opponent_aware_diagnostic]
      R 4  buy $  2,082.13   sel     $17,495.00   [strat=opponent_aware_diagnostic]
      R 5  buy $  5,749.62   sel     $17,495.00   [strat=opponent_aware_diagnostic]
      R 6  buy $ 14,753.89   sel     $16,995.00   [strat=market_expert_value_justifier] *
      R 7  buy $ 16,873.56   sel     $16,925.00   [strat=market_expert_value_justifier]
      R 8  buy $  6,267.42   sel     $16,925.00   [strat=market_expert_value_justifier]
      R 9  buy $  2,309.93   sel     $16,925.00   [strat=market_expert_value_justifier]
      R10  buy $  8,566.67   sel     $16,925.00   [strat=market_expert_value_justifier]
      R11  buy $ 16,790.24   sel     $16,850.00   [strat=market_expert_value_justifier]
      R12  buy $ 10,846.72   sel     $16,850.00   [strat=reciprocal_fairness_keeper] *
      R13  buy $  9,393.58   sel     $16,500.00   [strat=reciprocal_fairness_keeper]
      R14  buy $  6,329.70   sel     $16,450.00   [strat=reciprocal_fairness_keeper]
      R15  buy $    231.52   sel     $16,450.00   [strat=reciprocal_fairness_keeper]
      R16  buy $  3,199.48   sel     $16,400.00   [strat=reciprocal_fairness_keeper]
   run 13 done in 7.6 min

   run 14/30 on 2019 Honda Accord Sport 1.5T  seed=21362433
      R 1  buy $ 24,961.02   sel     $27,500.00   [strat=opponent_aware_diagnostic] *
      R 2  buy $  7,554.55   sel     $27,000.00   [strat=opponent_aware_diagnostic]
      R 3  buy $ 18,409.52   sel     $26,500.00   [strat=opponent_aware_diagnostic]
      R 4  buy $ 23,232.85   sel     $25,500.00   [strat=opponent_aware_diagnostic]
      R 5  buy $ 18,200.53   sel     $25,000.00   [strat=opponent_aware_diagnostic]
      R 6  buy $  7,623.72   sel     $24,500.00   [strat=market_expert_value_justifier] *
      R 7  buy $ 16,535.95   sel     $23,000.00   [strat=market_expert_value_justifier]
      R 8  buy $  9,014.08   sel     $22,000.00   [strat=market_expert_value_justifier]
      R 9  buy $ 17,926.64   sel     $21,000.00   [strat=market_expert_value_justifier]
      R10  buy $ 17,631.92   sel     $20,500.00   [strat=market_expert_value_justifier]
      R11  buy $  8,546.61   sel     $20,000.00   [strat=market_expert_value_justifier]
      R12  buy $ 19,695.06   sel     $19,695.06   [strat=reciprocal_fairness_keeper] *
      R13  buy $ 10,108.60   sel     $20,000.00   [strat=reciprocal_fairness_keeper]
      R14  buy $ 11,375.86   sel     $19,500.00   [strat=reciprocal_fairness_keeper]
      R15  buy $ 15,731.88   sel     $18,500.00   [strat=reciprocal_fairness_keeper]
      R16  buy $  8,341.91   sel     $18,000.00   [strat=reciprocal_fairness_keeper]
   run 14 done in 9.4 min

   run 15/30 on 2019 Honda Accord Sport 1.5T  seed=21362434
      R 1  buy $ 27,237.40   sel     $28,500.00   [strat=opponent_aware_diagnostic] *
      R 2  buy $ 18,392.10   sel     $27,900.00   [strat=opponent_aware_diagnostic]
      R 3  buy $ 10,901.10   sel     $27,600.00   [strat=opponent_aware_diagnostic]
      R 4  buy $  2,517.72   sel     $27,300.00   [strat=opponent_aware_diagnostic]
      R 5  buy $  5,797.22   sel     $27,200.00   [strat=opponent_aware_diagnostic]
      R 6  buy $    713.76   sel     $27,200.00   [strat=market_expert_value_justifier] *
      R 7  buy $ 15,226.97   sel     $26,900.00   [strat=market_expert_value_justifier]
      R 8  buy $ 10,955.78   sel     $26,900.00   [strat=market_expert_value_justifier]
      R 9  buy $ 24,321.09   sel     $26,500.00   [strat=market_expert_value_justifier]
      R10  buy $ 10,482.98   sel     $26,000.00   [strat=market_expert_value_justifier]
      R11  buy $  4,082.82   sel     $25,000.00   [strat=market_expert_value_justifier]
      R12  buy $  8,012.77   sel     $25,000.00   [strat=reciprocal_fairness_keeper] *
      R13  buy $  8,303.33   sel     $25,000.00   [strat=reciprocal_fairness_keeper]
      R14  buy $  7,260.12   sel     $24,900.00   [strat=reciprocal_fairness_keeper]
      R15  buy $ 11,538.09   sel     $24,900.00   [strat=reciprocal_fairness_keeper]
      R16  buy $  5,480.34   sel     $24,800.00   [strat=reciprocal_fairness_keeper]
   run 15 done in 9.1 min

   run 16/30 on 2019 Honda Accord Sport 1.5T  seed=21362435
      R 1  buy $    813.30   sel     $26,500.00   [strat=opponent_aware_diagnostic] *
      R 2  buy $ 14,605.56   sel     $25,000.00   [strat=opponent_aware_diagnostic]
      R 3  buy $  1,462.25   sel     $24,500.00   [strat=opponent_aware_diagnostic]
      R 4  buy $ 19,620.22   sel     $23,500.00   [strat=opponent_aware_diagnostic]
      R 5  buy $ 13,768.34   sel     $22,500.00   [strat=opponent_aware_diagnostic]
      R 6  buy $  8,469.43   sel     $22,500.00   [strat=market_expert_value_justifier] *
      R 7  buy $ 16,499.80   sel     $20,000.00   [strat=market_expert_value_justifier]
      R 8  buy $ 13,788.28   sel     $20,000.00   [strat=market_expert_value_justifier]
      R 9  buy $ 17,317.01   sel     $18,500.00   [strat=market_expert_value_justifier]
      R10  buy $  7,053.37   sel     $18,500.00   [strat=market_expert_value_justifier]
      R11  buy $  3,699.03   sel     $17,900.00   [strat=market_expert_value_justifier]
      R12  buy $ 12,472.52   sel     $17,900.00   [strat=reciprocal_fairness_keeper] *
      R13  buy $  7,750.14   sel     $17,500.00   [strat=reciprocal_fairness_keeper]
      R14  buy $ 10,172.21   sel     $17,000.00   [strat=reciprocal_fairness_keeper]
      R15  buy $ 16,871.70   sel     $16,950.00   [strat=reciprocal_fairness_keeper]
      R16  buy $    558.19   sel     $16,950.00   [strat=reciprocal_fairness_keeper]
   run 16 done in 8.9 min

   run 17/30 on 2019 Honda Accord Sport 1.5T  seed=21362436
      R 1  buy $  4,195.81   sel     $26,500.00   [strat=opponent_aware_diagnostic] *
      R 2  buy $ 14,705.03   sel     $24,995.00   [strat=opponent_aware_diagnostic]
      R 3  buy $ 13,615.99   sel     $23,995.00   [strat=opponent_aware_diagnostic]
      R 4  buy $ 16,894.94   sel     $22,995.00   [strat=opponent_aware_diagnostic]
      R 5  buy $ 20,529.09   sel     $22,500.00   [strat=opponent_aware_diagnostic]
      R 6  buy $ 22,373.27   sel     $22,373.27   [strat=market_expert_value_justifier] *
      R 7  buy $ 17,041.13   sel     $22,000.00   [strat=market_expert_value_justifier]
      R 8  buy $  2,625.66   sel     $22,000.00   [strat=market_expert_value_justifier]
      R 9  buy $  1,249.33   sel     $22,000.00   [strat=market_expert_value_justifier]
      R10  buy $  4,446.81   sel     $22,000.00   [strat=market_expert_value_justifier]
      R11  buy $ 21,346.49   sel     $21,750.00   [strat=market_expert_value_justifier]
      R12  buy $    310.92   sel     $21,750.00   [strat=reciprocal_fairness_keeper] *
      R13  buy $ 10,175.80   sel     $21,000.00   [strat=reciprocal_fairness_keeper]
      R14  buy $  6,049.58   sel     $21,000.00   [strat=reciprocal_fairness_keeper]
      R15  buy $  8,757.70   sel     $20,500.00   [strat=reciprocal_fairness_keeper]
      R16  buy $  5,737.24   sel     $20,500.00   [strat=reciprocal_fairness_keeper]
   run 17 done in 9.4 min

   run 18/30 on 2019 Honda Accord Sport 1.5T  seed=21362437
      R 1  buy $ 15,311.86   sel     $17,500.00   [strat=opponent_aware_diagnostic] *
      R 2  buy $ 14,372.49   sel     $16,500.00   [strat=opponent_aware_diagnostic]
      R 3  buy $ 12,848.02   sel     $15,500.00   [strat=opponent_aware_diagnostic]
      R 4  buy $ 12,569.26   sel     $15,000.00   [strat=opponent_aware_diagnostic]
      R 5  buy $  4,549.82   sel     $15,000.00   [strat=opponent_aware_diagnostic]
      R 6  buy $  7,979.29   sel     $15,000.00   [strat=market_expert_value_justifier] *
      R 7  buy $ 13,609.31   sel     $14,900.00   [strat=market_expert_value_justifier]
      R 8  buy $ 10,430.71   sel     $14,500.00   [strat=market_expert_value_justifier]
      R 9  buy $  1,677.28   sel     $14,500.00   [strat=market_expert_value_justifier]
      R10  buy $  4,208.97   sel     $14,500.00   [strat=market_expert_value_justifier]
      R11  buy $    208.53   sel     $14,500.00   [strat=market_expert_value_justifier]
      R12  buy $  7,423.03   sel     $14,500.00   [strat=reciprocal_fairness_keeper] *
      R13  buy $ 12,698.82   sel     $14,250.00   [strat=reciprocal_fairness_keeper]
      R14  buy $  1,473.56   sel     $14,250.00   [strat=reciprocal_fairness_keeper]
      R15  buy $  4,735.52   sel     $14,250.00   [strat=reciprocal_fairness_keeper]
      R16  buy $ 12,469.93   sel     $14,100.00   [strat=reciprocal_fairness_keeper]
   run 18 done in 8.4 min

   run 19/30 on 2019 Honda Accord Sport 1.5T  seed=21362438
      R 1  buy $  5,020.05   sel     $26,500.00   [strat=opponent_aware_diagnostic] *
      R 2  buy $ 21,395.51   sel     $24,900.00   [strat=opponent_aware_diagnostic]
      R 3  buy $  8,404.42   sel     $24,900.00   [strat=opponent_aware_diagnostic]
      R 4  buy $  4,162.35   sel     $24,400.00   [strat=opponent_aware_diagnostic]
      R 5  buy $ 21,372.55   sel     $23,500.00   [strat=opponent_aware_diagnostic]
      R 6  buy $    901.76   sel     $23,500.00   [strat=market_expert_value_justifier] *
      R 7  buy $ 18,628.05   sel     $22,900.00   [strat=market_expert_value_justifier]
      R 8  buy $ 22,190.80   sel     $22,600.00   [strat=market_expert_value_justifier]
      R 9  buy $ 11,599.30   sel     $22,500.00   [strat=market_expert_value_justifier]
      R10  buy $ 14,898.38   sel     $22,200.00   [strat=market_expert_value_justifier]
      R11  buy $ 16,570.45   sel     $21,500.00   [strat=market_expert_value_justifier]
      R12  buy $ 17,939.78   sel     $21,000.00   [strat=reciprocal_fairness_keeper] *
      R13  buy $  6,989.58   sel     $21,500.00   [strat=reciprocal_fairness_keeper]
      R14  buy $ 21,163.33   sel     $21,300.00   [strat=reciprocal_fairness_keeper]
      R15  buy $    953.95   sel     $21,300.00   [strat=reciprocal_fairness_keeper]
      R16  buy $ 14,158.60   sel     $20,000.00   [strat=reciprocal_fairness_keeper]
   run 19 done in 7.2 min

   run 20/30 on 2019 Honda Accord Sport 1.5T  seed=21362439
      R 1  buy $  6,253.52   sel     $22,500.00   [strat=opponent_aware_diagnostic] *
