=== START exp02_fixed_friendly_rapport_builder ===
    schedule    : fixed__friendly_rapport_builder
    adaptive    : False  (switches=[])
    unique strat: ['friendly_rapport_builder']
    n_rounds    : 16
    n_cars      : 5
    runs/car    : 30
    total runs  : 150
    total calls : 2400  (~12.0 h @ 200 calls/h)
    model       : deepseek-reasoner
    base_url    : https://api.deepseek.com
    base_seed   : 20260420
    output      : results\exp02_fixed_friendly_rapport_builder.json

--- CAR 1/5: 2014 Mercedes-Benz S550  (M=$96,000.00  cost=$19,000.00  cost/M=19.79%) ---

   run 1/30 on 2014 Mercedes-Benz S550  seed=20460420
      R 1  buy $ 89,203.06   sel     $94,500.00   [strat=friendly_rapport_builder] *
      R 2  buy $ 71,863.24   sel     $92,000.00   [strat=friendly_rapport_builder]
      R 3  buy $ 26,725.60   sel     $90,000.00   [strat=friendly_rapport_builder]
      R 4  buy $ 80,669.64   sel     $86,500.00   [strat=friendly_rapport_builder]
      R 5  buy $ 37,741.24   sel     $84,000.00   [strat=friendly_rapport_builder]
      R 6  buy $ 35,308.41   sel     $82,000.00   [strat=friendly_rapport_builder]
      R 7  buy $ 40,630.24   sel     $80,000.00   [strat=friendly_rapport_builder]
      R 8  buy $ 45,515.05   sel     $78,000.00   [strat=friendly_rapport_builder]
      R 9  buy $ 46,196.84   sel     $76,000.00   [strat=friendly_rapport_builder]
      R10  buy $ 14,752.02   sel     $74,000.00   [strat=friendly_rapport_builder]
      R11  buy $  9,429.97   sel     $72,000.00   [strat=friendly_rapport_builder]
      R12  buy $ 22,353.48   sel     $70,000.00   [strat=friendly_rapport_builder]
      R13  buy $ 64,408.49   sel     $68,000.00   [strat=friendly_rapport_builder]
      R14  buy $ 23,854.71   sel     $66,000.00   [strat=friendly_rapport_builder]
      R15  buy $  1,145.75   sel     $64,000.00   [strat=friendly_rapport_builder]
      R16  buy $ 44,325.00   sel     $62,000.00   [strat=friendly_rapport_builder]
   run 1 done in 4.1 min

   run 2/30 on 2014 Mercedes-Benz S550  seed=20460421
      R 1  buy $ 87,613.35   sel     $89,500.00   [strat=friendly_rapport_builder] *
      R 2  buy $    468.88   sel     $88,888.00   [strat=friendly_rapport_builder]
      R 3  buy $ 26,571.64   sel     $88,888.00   [strat=friendly_rapport_builder]
      R 4  buy $ 14,659.11   sel     $85,000.00   [strat=friendly_rapport_builder]
      R 5  buy $ 65,492.88   sel     $75,000.00   [strat=friendly_rapport_builder]
      R 6  buy $ 39,050.09   sel     $68,000.00   [strat=friendly_rapport_builder]
      R 7  buy $ 26,602.48   sel     $65,000.00   [strat=friendly_rapport_builder]
      R 8  buy $  1,517.96   sel     $60,000.00   [strat=friendly_rapport_builder]
      R 9  buy $ 36,403.18   sel     $55,000.00   [strat=friendly_rapport_builder]
      R10  buy $ 23,979.48   sel     $48,000.00   [strat=friendly_rapport_builder]
      R11  buy $ 46,438.78   sel     $47,500.00   [strat=friendly_rapport_builder]
      R12  buy $ 19,735.04   sel     $40,000.00   [strat=friendly_rapport_builder]
      R13  buy $  3,708.01   sel     $39,000.00   [strat=friendly_rapport_builder]
      R14  buy $  2,036.67   sel     $38,500.00   [strat=friendly_rapport_builder]
      R15  buy $ 19,356.15   sel     $19,356.15   [strat=friendly_rapport_builder]
      R16  buy $  3,149.74   sel     $19,356.15   [strat=friendly_rapport_builder]
   run 2 done in 4.0 min

   run 3/30 on 2014 Mercedes-Benz S550  seed=20460422
      R 1  buy $ 93,415.65   sel     $94,500.00   [strat=friendly_rapport_builder] *
      R 2  buy $ 74,055.58   sel     $92,000.00   [strat=friendly_rapport_builder]
      R 3  buy $  4,947.66   sel     $90,000.00   [strat=friendly_rapport_builder]
      R 4  buy $ 27,306.31   sel     $88,000.00   [strat=friendly_rapport_builder]
      R 5  buy $ 44,894.19   sel     $86,000.00   [strat=friendly_rapport_builder]
      R 6  buy $ 64,191.38   sel     $84,000.00   [strat=friendly_rapport_builder]
      R 7  buy $  9,686.95   sel     $82,000.00   [strat=friendly_rapport_builder]
      R 8  buy $ 17,342.50   sel     $80,000.00   [strat=friendly_rapport_builder]
      R 9  buy $ 79,046.82   sel     $79,500.00   [strat=friendly_rapport_builder]
      R10  buy $ 78,144.45   sel     $78,500.00   [strat=friendly_rapport_builder]
      R11  buy $ 63,652.06   sel     $77,000.00   [strat=friendly_rapport_builder]
      R12  buy $ 39,547.96   sel     $75,000.00   [strat=friendly_rapport_builder]
      R13  buy $ 21,535.33   sel     $73,000.00   [strat=friendly_rapport_builder]
      R14  buy $ 67,807.13   sel     $70,000.00   [strat=friendly_rapport_builder]
      R15  buy $ 34,949.51   sel     $71,000.00   [strat=friendly_rapport_builder]
      R16  buy $ 48,999.07   sel     $69,000.00   [strat=friendly_rapport_builder]
   run 3 done in 3.4 min

   run 4/30 on 2014 Mercedes-Benz S550  seed=20460423
      R 1  buy $ 15,636.81   sel     $23,500.00   [strat=friendly_rapport_builder] *
      R 2  buy $ 10,045.25   sel     $21,500.00   [strat=friendly_rapport_builder]
      R 3  buy $ 20,201.59   sel     $21,000.00   [strat=friendly_rapport_builder]
      R 4  buy $  7,160.01   sel     $20,500.00   [strat=friendly_rapport_builder]
      R 5  buy $ 17,153.46   sel     $19,500.00   [strat=friendly_rapport_builder]
      R 6  buy $ 12,503.84   sel     $18,500.00   [strat=friendly_rapport_builder]
      R 7  buy $  1,625.39   sel     $18,000.00   [strat=friendly_rapport_builder]
      R 8  buy $ 17,605.11   sel     $17,850.00   [strat=friendly_rapport_builder]
      R 9  buy $ 10,383.49   sel     $17,500.00   [strat=friendly_rapport_builder]
      R10  buy $  5,631.40   sel     $19,500.00   [strat=friendly_rapport_builder]
      R11  buy $ 10,674.07   sel     $19,000.00   [strat=friendly_rapport_builder]
      R12  buy $ 15,794.82   sel     $18,500.00   [strat=friendly_rapport_builder]
      R13  buy $  6,877.69   sel     $18,500.00   [strat=friendly_rapport_builder]
      R14  buy $  8,531.48   sel     $18,250.00   [strat=friendly_rapport_builder]
      R15  buy $ 17,998.01   sel     $19,250.00   [strat=friendly_rapport_builder]
      R16  buy $  5,970.71   sel     $18,000.00   [strat=friendly_rapport_builder]
   run 4 done in 4.3 min

   run 5/30 on 2014 Mercedes-Benz S550  seed=20460424
      R 1  buy $ 32,851.32   sel     $38,000.00   [strat=friendly_rapport_builder] *
      R 2  buy $ 14,220.00   sel     $36,500.00   [strat=friendly_rapport_builder]
      R 3  buy $ 35,287.40   sel     $36,000.00   [strat=friendly_rapport_builder]
      R 4  buy $ 34,464.49   sel     $35,500.00   [strat=friendly_rapport_builder]
      R 5  buy $ 13,236.14   sel     $35,000.00   [strat=friendly_rapport_builder]
      R 6  buy $ 25,511.20   sel     $34,000.00   [strat=friendly_rapport_builder]
      R 7  buy $ 12,470.67   sel     $33,500.00   [strat=friendly_rapport_builder]
      R 8  buy $ 29,231.61   sel     $32,000.00   [strat=friendly_rapport_builder]
      R 9  buy $ 21,021.35   sel     $30,000.00   [strat=friendly_rapport_builder]
      R10  buy $ 15,215.62   sel     $30,000.00   [strat=friendly_rapport_builder]
      R11  buy $ 12,382.61   sel     $30,000.00   [strat=friendly_rapport_builder]
      R12  buy $  1,195.65   sel     $30,000.00   [strat=friendly_rapport_builder]
      R13  buy $ 21,185.38   sel     $28,000.00   [strat=friendly_rapport_builder]
      R14  buy $  6,430.55   sel     $27,000.00   [strat=friendly_rapport_builder]
      R15  buy $ 23,624.93   sel     $25,500.00   [strat=friendly_rapport_builder]
      R16  buy $  6,626.83   sel     $24,500.00   [strat=friendly_rapport_builder]
   run 5 done in 4.0 min

   run 6/30 on 2014 Mercedes-Benz S550  seed=20460425
      R 1  buy $ 19,817.57   sel     $21,995.00   [strat=friendly_rapport_builder] *
      R 2  buy $ 14,442.73   sel     $21,500.00   [strat=friendly_rapport_builder]
      R 3  buy $  3,764.33   sel     $21,500.00   [strat=friendly_rapport_builder]
      R 4  buy $ 11,794.66   sel     $20,500.00   [strat=friendly_rapport_builder]
      R 5  buy $ 19,274.84   sel     $19,700.00   [strat=friendly_rapport_builder]
      R 6  buy $ 16,235.17   sel     $19,500.00   [strat=friendly_rapport_builder]
      R 7  buy $  3,818.06   sel     $19,500.00   [strat=friendly_rapport_builder]
      R 8  buy $ 11,106.07   sel     $19,300.00   [strat=friendly_rapport_builder]
      R 9  buy $  9,333.41   sel     $19,100.00   [strat=friendly_rapport_builder]
      R10  buy $  6,132.29   sel     $19,100.00   [strat=friendly_rapport_builder]
      R11  buy $ 12,171.52   sel     $18,900.00   [strat=friendly_rapport_builder]
      R12  buy $  8,590.38   sel     $18,800.00   [strat=friendly_rapport_builder]
      R13  buy $ 15,972.95   sel     $19,200.00   [strat=friendly_rapport_builder]
      R14  buy $  4,268.84   sel     $18,700.00   [strat=friendly_rapport_builder]
      R15  buy $ 13,012.54   sel     $18,500.00   [strat=friendly_rapport_builder]
      R16  buy $  5,231.95   sel     $18,300.00   [strat=friendly_rapport_builder]
   run 6 done in 3.7 min

   run 7/30 on 2014 Mercedes-Benz S550  seed=20460426
      R 1  buy $ 72,403.29   sel     $89,000.00   [strat=friendly_rapport_builder] *
      R 2  buy $ 10,140.77   sel     $75,000.00   [strat=friendly_rapport_builder]
      R 3  buy $ 31,128.56   sel     $73,500.00   [strat=friendly_rapport_builder]
      R 4  buy $ 34,371.18   sel     $72,000.00   [strat=friendly_rapport_builder]
      R 5  buy $ 50,599.31   sel     $70,000.00   [strat=friendly_rapport_builder]
      R 6  buy $ 55,393.93   sel     $68,000.00   [strat=friendly_rapport_builder]
      R 7  buy $ 18,598.75   sel     $65,000.00   [strat=friendly_rapport_builder]
      R 8  buy $ 37,569.82   sel     $62,000.00   [strat=friendly_rapport_builder]
      R 9  buy $  3,915.01   sel     $60,000.00   [strat=friendly_rapport_builder]
      R10  buy $ 20,825.54   sel     $58,000.00   [strat=friendly_rapport_builder]
      R11  buy $     52.57   sel     $56,000.00   [strat=friendly_rapport_builder]
      R12  buy $ 33,121.66   sel     $54,000.00   [strat=friendly_rapport_builder]
      R13  buy $  6,906.84   sel     $52,000.00   [strat=friendly_rapport_builder]
      R14  buy $ 34,516.03   sel     $48,000.00   [strat=friendly_rapport_builder]
      R15  buy $ 17,937.97   sel     $45,000.00   [strat=friendly_rapport_builder]
      R16  buy $ 39,806.94   sel     $43,000.00   [strat=friendly_rapport_builder]
   run 7 done in 3.9 min

   run 8/30 on 2014 Mercedes-Benz S550  seed=20460427
      R 1  buy $ 49,218.56   sel     $79,995.00   [strat=friendly_rapport_builder] *
      R 2  buy $ 44,499.32   sel     $79,995.00   [strat=friendly_rapport_builder]
      R 3  buy $ 66,602.00   sel     $76,500.00   [strat=friendly_rapport_builder]
      R 4  buy $ 22,011.37   sel     $74,000.00   [strat=friendly_rapport_builder]
      R 5  buy $ 65,805.00   sel     $72,000.00   [strat=friendly_rapport_builder]
      R 6  buy $ 25,879.82   sel     $72,000.00   [strat=friendly_rapport_builder]
      R 7  buy $ 13,502.05   sel     $71,000.00   [strat=friendly_rapport_builder]
      R 8  buy $ 64,479.91   sel     $69,500.00   [strat=friendly_rapport_builder]
      R 9  buy $ 12,996.47   sel     $69,000.00   [strat=friendly_rapport_builder]
      R10  buy $ 53,453.11   sel     $67,500.00   [strat=friendly_rapport_builder]
      R11  buy $ 54,351.15   sel     $66,000.00   [strat=friendly_rapport_builder]
      R12  buy $ 63,601.92   sel     $65,000.00   [strat=friendly_rapport_builder]
      R13  buy $ 52,073.33   sel     $64,000.00   [strat=friendly_rapport_builder]
      R14  buy $ 56,300.17   sel     $63,000.00   [strat=friendly_rapport_builder]
      R15  buy $ 16,327.87   sel     $62,000.00   [strat=friendly_rapport_builder]
      R16  buy $ 24,414.78   sel     $61,000.00   [strat=friendly_rapport_builder]
   run 8 done in 5.2 min

   run 9/30 on 2014 Mercedes-Benz S550  seed=20460428
      R 1  buy $ 56,042.07   sel     $59,950.00   [strat=friendly_rapport_builder] *
      R 2  buy $ 21,744.89   sel     $58,500.00   [strat=friendly_rapport_builder]
      R 3  buy $ 51,459.36   sel     $57,000.00   [strat=friendly_rapport_builder]
      R 4  buy $ 46,474.16   sel     $55,500.00   [strat=friendly_rapport_builder]
      R 5  buy $ 50,034.77   sel     $54,500.00   [strat=friendly_rapport_builder]
      R 6  buy $ 28,295.71   sel     $53,500.00   [strat=friendly_rapport_builder]
      R 7  buy $ 34,241.07   sel     $52,500.00   [strat=friendly_rapport_builder]
      R 8  buy $ 39,597.54   sel     $51,500.00   [strat=friendly_rapport_builder]
      R 9  buy $  7,925.53   sel     $50,000.00   [strat=friendly_rapport_builder]
      R10  buy $  7,456.17   sel     $48,000.00   [strat=friendly_rapport_builder]
      R11  buy $ 46,363.39   sel     $47,000.00   [strat=friendly_rapport_builder]
      R12  buy $ 27,781.24   sel     $46,000.00   [strat=friendly_rapport_builder]
      R13  buy $ 32,902.04   sel     $44,000.00   [strat=friendly_rapport_builder]
      R14  buy $ 15,535.71   sel     $42,500.00   [strat=friendly_rapport_builder]
      R15  buy $ 35,990.67   sel     $40,000.00   [strat=friendly_rapport_builder]
      R16  buy $ 33,566.56   sel     $38,000.00   [strat=friendly_rapport_builder]
   run 9 done in 4.8 min

   run 10/30 on 2014 Mercedes-Benz S550  seed=20460429
      R 1  buy $ 73,391.66   sel     $89,000.00   [strat=friendly_rapport_builder] *
      R 2  buy $ 43,315.72   sel     $74,500.00   [strat=friendly_rapport_builder]
      R 3  buy $ 63,754.19   sel     $69,500.00   [strat=friendly_rapport_builder]
      R 4  buy $ 26,755.84   sel     $65,000.00   [strat=friendly_rapport_builder]
      R 5  buy $ 25,163.98   sel     $60,000.00   [strat=friendly_rapport_builder]
      R 6  buy $ 21,823.41   sel     $55,000.00   [strat=friendly_rapport_builder]
      R 7  buy $ 10,165.70   sel     $45,000.00   [strat=friendly_rapport_builder]
      R 8  buy $ 32,771.59   sel     $38,500.00   [strat=friendly_rapport_builder]
      R 9  buy $    353.11   sel     $35,000.00   [strat=friendly_rapport_builder]
      R10  buy $ 31,443.44   sel     $33,500.00   [strat=friendly_rapport_builder]
      R11  buy $ 26,400.93   sel     $29,500.00   [strat=friendly_rapport_builder]
      R12  buy $ 14,313.85   sel     $25,000.00   [strat=friendly_rapport_builder]
      R13  buy $  1,912.48   sel     $22,500.00   [strat=friendly_rapport_builder]
      R14  buy $ 12,475.60   sel     $19,500.00   [strat=friendly_rapport_builder]
      R15  buy $  1,652.40   sel     $18,500.00   [strat=friendly_rapport_builder]
      R16  buy $  7,778.34   sel     $22,000.00   [strat=friendly_rapport_builder]
   run 10 done in 3.8 min

   run 11/30 on 2014 Mercedes-Benz S550  seed=20460430
      R 1  buy $ 52,975.34   sel     $56,995.00   [strat=friendly_rapport_builder] *
      R 2  buy $ 33,818.24   sel     $49,500.00   [strat=friendly_rapport_builder]
      R 3  buy $ 30,920.02   sel     $47,000.00   [strat=friendly_rapport_builder]
      R 4  buy $ 35,338.63   sel     $44,500.00   [strat=friendly_rapport_builder]
      R 5  buy $ 38,744.06   sel     $42,500.00   [strat=friendly_rapport_builder]
      R 6  buy $ 32,064.85   sel     $41,000.00   [strat=friendly_rapport_builder]
      R 7  buy $  5,139.31   sel     $40,000.00   [strat=friendly_rapport_builder]
      R 8  buy $ 27,308.85   sel     $39,000.00   [strat=friendly_rapport_builder]
      R 9  buy $ 37,108.70   sel     $38,000.00   [strat=friendly_rapport_builder]
      R10  buy $ 24,608.35   sel     $37,500.00   [strat=friendly_rapport_builder]
      R11  buy $ 28,085.07   sel     $36,000.00   [strat=friendly_rapport_builder]
      R12  buy $ 22,735.33   sel     $35,000.00   [strat=friendly_rapport_builder]
      R13  buy $ 10,819.32   sel     $34,500.00   [strat=friendly_rapport_builder]
      R14  buy $  4,622.48   sel     $34,000.00   [strat=friendly_rapport_builder]
      R15  buy $ 25,226.36   sel     $33,000.00   [strat=friendly_rapport_builder]
      R16  buy $ 23,393.33   sel     $28,000.00   [strat=friendly_rapport_builder]
   run 11 done in 3.9 min

   run 12/30 on 2014 Mercedes-Benz S550  seed=20460431
      R 1  buy $ 38,455.45   sel     $41,000.00   [strat=friendly_rapport_builder] *
      R 2  buy $  4,285.18   sel     $41,000.00   [strat=friendly_rapport_builder]
      R 3  buy $  6,505.63   sel     $40,500.00   [strat=friendly_rapport_builder]
      R 4  buy $ 11,159.03   sel     $40,000.00   [strat=friendly_rapport_builder]
      R 5  buy $ 16,682.62   sel     $39,500.00   [strat=friendly_rapport_builder]
      R 6  buy $  5,364.84   sel     $39,000.00   [strat=friendly_rapport_builder]
      R 7  buy $ 27,391.19   sel     $38,500.00   [strat=friendly_rapport_builder]
      R 8  buy $ 35,011.84   sel     $37,500.00   [strat=friendly_rapport_builder]
      R 9  buy $ 21,967.43   sel     $37,000.00   [strat=friendly_rapport_builder]
      R10  buy $ 17,514.70   sel     $36,500.00   [strat=friendly_rapport_builder]
      R11  buy $ 14,463.22   sel     $36,000.00   [strat=friendly_rapport_builder]
      R12  buy $ 33,959.41   sel     $34,500.00   [strat=friendly_rapport_builder]
      R13  buy $  4,913.81   sel     $34,000.00   [strat=friendly_rapport_builder]
      R14  buy $ 15,900.64   sel     $33,500.00   [strat=friendly_rapport_builder]
      R15  buy $ 24,349.98   sel     $33,000.00   [strat=friendly_rapport_builder]
      R16  buy $ 21,415.63   sel     $32,000.00   [strat=friendly_rapport_builder]
   run 12 done in 3.9 min

   run 13/30 on 2014 Mercedes-Benz S550  seed=20460432
      R 1  buy $ 22,800.89   sel     $24,999.99   [strat=friendly_rapport_builder] *
      R 2  buy $  6,794.38   sel     $24,999.99   [strat=friendly_rapport_builder]
      R 3  buy $ 21,760.94   sel     $24,999.99   [strat=friendly_rapport_builder]
      R 4  buy $ 19,904.91   sel     $22,500.00   [strat=friendly_rapport_builder]
      R 5  buy $ 13,776.78   sel     $22,500.00   [strat=friendly_rapport_builder]
      R 6  buy $ 12,182.21   sel     $21,999.99   [strat=friendly_rapport_builder]
      R 7  buy $ 21,027.97   sel     $21,500.00   [strat=friendly_rapport_builder]
      R 8  buy $ 16,696.96   sel     $20,999.99   [strat=friendly_rapport_builder]
      R 9  buy $ 18,650.41   sel     $20,500.00   [strat=friendly_rapport_builder]
      R10  buy $  4,675.27   sel     $20,500.00   [strat=friendly_rapport_builder]
      R11  buy $ 19,597.04   sel     $20,000.00   [strat=friendly_rapport_builder]
      R12  buy $  2,652.80   sel     $19,999.99   [strat=friendly_rapport_builder]
      R13  buy $ 10,723.88   sel     $19,500.00   [strat=friendly_rapport_builder]
      R14  buy $  6,866.77   sel     $19,400.00   [strat=friendly_rapport_builder]
      R15  buy $ 10,346.98   sel     $19,300.00   [strat=friendly_rapport_builder]
      R16  buy $ 16,573.13   sel     $19,200.00   [strat=friendly_rapport_builder]
   run 13 done in 3.7 min

   run 14/30 on 2014 Mercedes-Benz S550  seed=20460433
      R 1  buy $ 42,071.55   sel     $44,000.00   [strat=friendly_rapport_builder] *
      R 2  buy $ 11,016.33   sel     $42,000.00   [strat=friendly_rapport_builder]
      R 3  buy $ 24,007.51   sel     $38,000.00   [strat=friendly_rapport_builder]
      R 4  buy $ 14,113.13   sel     $36,500.00   [strat=friendly_rapport_builder]
      R 5  buy $  4,126.21   sel     $35,000.00   [strat=friendly_rapport_builder]
      R 6  buy $ 29,211.03   sel     $32,000.00   [strat=friendly_rapport_builder]
      R 7  buy $  9,046.75   sel     $30,000.00   [strat=friendly_rapport_builder]
      R 8  buy $ 25,958.11   sel     $28,000.00   [strat=friendly_rapport_builder]
      R 9  buy $  3,920.54   sel     $27,000.00   [strat=friendly_rapport_builder]
      R10  buy $  9,243.56   sel     $26,500.00   [strat=friendly_rapport_builder]
      R11  buy $ 10,224.27   sel     $25,000.00   [strat=friendly_rapport_builder]
      R12  buy $ 11,888.57   sel     $24,000.00   [strat=friendly_rapport_builder]
      R13  buy $ 23,638.67   sel     $23,638.67   [strat=friendly_rapport_builder]
      R14  buy $ 13,617.77   sel     $23,000.00   [strat=friendly_rapport_builder]
      R15  buy $ 20,141.25   sel     $22,000.00   [strat=friendly_rapport_builder]
      R16  buy $  4,352.25   sel     $21,500.00   [strat=friendly_rapport_builder]
   run 14 done in 4.0 min

   run 15/30 on 2014 Mercedes-Benz S550  seed=20460434
      R 1  buy $ 43,846.35   sel     $49,500.00   [strat=friendly_rapport_builder] *
      R 2  buy $ 12,364.26   sel     $48,000.00   [strat=friendly_rapport_builder]
      R 3  buy $  5,100.17   sel     $46,500.00   [strat=friendly_rapport_builder]
      R 4  buy $  8,226.05   sel     $45,500.00   [strat=friendly_rapport_builder]
      R 5  buy $ 24,359.36   sel     $44,000.00   [strat=friendly_rapport_builder]
      R 6  buy $ 25,017.55   sel     $40,500.00   [strat=friendly_rapport_builder]
      R 7  buy $     12.00   sel     $38,000.00   [strat=friendly_rapport_builder]
      R 8  buy $ 34,287.51   sel     $36,000.00   [strat=friendly_rapport_builder]
      R 9  buy $  5,420.32   sel     $34,500.00   [strat=friendly_rapport_builder]
      R10  buy $ 26,069.09   sel     $32,000.00   [strat=friendly_rapport_builder]
      R11  buy $ 31,602.65   sel     $31,800.00   [strat=friendly_rapport_builder]
      R12  buy $    926.47   sel     $32,500.00   [strat=friendly_rapport_builder]
      R13  buy $ 14,809.45   sel     $30,000.00   [strat=friendly_rapport_builder]
      R14  buy $  9,851.39   sel     $28,500.00   [strat=friendly_rapport_builder]
      R15  buy $ 26,880.89   sel     $27,500.00   [strat=friendly_rapport_builder]
      R16  buy $ 22,600.84   sel     $26,000.00   [strat=friendly_rapport_builder]
   run 15 done in 4.6 min

   run 16/30 on 2014 Mercedes-Benz S550  seed=20460435
      R 1  buy $ 14,568.02   sel     $23,500.00   [strat=friendly_rapport_builder] *
      R 2  buy $  3,845.90   sel     $22,000.00   [strat=friendly_rapport_builder]
      R 3  buy $ 21,457.29   sel     $21,750.00   [strat=friendly_rapport_builder]
      R 4  buy $  9,050.05   sel     $21,500.00   [strat=friendly_rapport_builder]
      R 5  buy $  1,072.60   sel     $21,500.00   [strat=friendly_rapport_builder]
      R 6  buy $  1,542.69   sel     $21,000.00   [strat=friendly_rapport_builder]
      R 7  buy $ 19,160.48   sel     $19,500.00   [strat=friendly_rapport_builder]
      R 8  buy $  2,218.25   sel     $19,400.00   [strat=friendly_rapport_builder]
      R 9  buy $  1,475.63   sel     $19,300.00   [strat=friendly_rapport_builder]
      R10  buy $  2,024.99   sel     $19,200.00   [strat=friendly_rapport_builder]
      R11  buy $ 13,163.43   sel     $19,100.00   [strat=friendly_rapport_builder]
      R12  buy $  7,681.97   sel     $19,000.00   [strat=friendly_rapport_builder]
      R13  buy $  3,049.82   sel     $19,000.00   [strat=friendly_rapport_builder]
      R14  buy $ 18,125.65   sel     $19,000.00   [strat=friendly_rapport_builder]
      R15  buy $ 18,731.22   sel     $19,000.00   [strat=friendly_rapport_builder]
      R16  buy $ 18,418.10   sel     $19,000.00   [strat=friendly_rapport_builder]
   run 16 done in 5.3 min

   run 17/30 on 2014 Mercedes-Benz S550  seed=20460436
      R 1  buy $ 16,346.12   sel     $23,500.00   [strat=friendly_rapport_builder] *
      R 2  buy $ 15,597.99   sel     $22,800.00   [strat=friendly_rapport_builder]
      R 3  buy $  2,309.24   sel     $22,500.00   [strat=friendly_rapport_builder]
      R 4  buy $  8,416.96   sel     $22,000.00   [strat=friendly_rapport_builder]
      R 5  buy $ 20,272.42   sel     $21,500.00   [strat=friendly_rapport_builder]
      R 6  buy $ 21,361.63   sel     $21,361.63   [strat=friendly_rapport_builder]
      R 7  buy $ 19,632.29   sel     $21,000.00   [strat=friendly_rapport_builder]
      R 8  buy $ 17,402.03   sel     $20,500.00   [strat=friendly_rapport_builder]
      R 9  buy $  2,987.93   sel     $20,000.00   [strat=friendly_rapport_builder]
      R10  buy $  3,146.92   sel     $19,500.00   [strat=friendly_rapport_builder]
      R11  buy $  9,297.16   sel     $19,250.00   [strat=friendly_rapport_builder]
      R12  buy $ 16,663.97   sel     $19,200.00   [strat=friendly_rapport_builder]
      R13  buy $  5,673.08   sel     $19,150.00   [strat=friendly_rapport_builder]
      R14  buy $  4,713.71   sel     $19,100.00   [strat=friendly_rapport_builder]
      R15  buy $  5,450.97   sel     $19,050.00   [strat=friendly_rapport_builder]
      R16  buy $  5,281.30   sel     $19,000.00   [strat=friendly_rapport_builder]
   run 17 done in 4.8 min

   run 18/30 on 2014 Mercedes-Benz S550  seed=20460437
      R 1  buy $  8,494.63   sel     $27,995.00   [strat=friendly_rapport_builder] *
      R 2  buy $ 15,367.57   sel     $26,500.00   [strat=friendly_rapport_builder]
      R 3  buy $  8,437.78   sel     $25,900.00   [strat=friendly_rapport_builder]
      R 4  buy $ 11,895.29   sel     $24,900.00   [strat=friendly_rapport_builder]
      R 5  buy $  8,075.70   sel     $24,500.00   [strat=friendly_rapport_builder]
      R 6  buy $ 21,726.66   sel     $23,900.00   [strat=friendly_rapport_builder]
      R 7  buy $  3,581.03   sel     $23,500.00   [strat=friendly_rapport_builder]
      R 8  buy $    802.10   sel     $23,000.00   [strat=friendly_rapport_builder]
      R 9  buy $ 18,036.29   sel     $22,500.00   [strat=friendly_rapport_builder]
      R10  buy $  9,850.76   sel     $22,000.00   [strat=friendly_rapport_builder]
      R11  buy $ 16,320.29   sel     $21,500.00   [strat=friendly_rapport_builder]
      R12  buy $ 14,314.39   sel     $20,500.00   [strat=friendly_rapport_builder]
      R13  buy $ 14,626.93   sel     $19,900.00   [strat=friendly_rapport_builder]
      R14  buy $ 12,049.61   sel     $19,500.00   [strat=friendly_rapport_builder]
      R15  buy $ 14,103.94   sel     $19,300.00   [strat=friendly_rapport_builder]
      R16  buy $    902.54   sel     $18,900.00   [strat=friendly_rapport_builder]
   run 18 done in 4.7 min

   run 19/30 on 2014 Mercedes-Benz S550  seed=20460438
      R 1  buy $ 90,658.58   sel     $94,500.00   [strat=friendly_rapport_builder] *
      R 2  buy $ 62,166.47   sel     $92,000.00   [strat=friendly_rapport_builder]
      R 3  buy $ 59,721.96   sel     $89,500.00   [strat=friendly_rapport_builder]
      R 4  buy $ 79,411.12   sel     $85,000.00   [strat=friendly_rapport_builder]
      R 5  buy $  8,525.77   sel     $80,000.00   [strat=friendly_rapport_builder]
      R 6  buy $ 26,917.07   sel     $68,000.00   [strat=friendly_rapport_builder]
      R 7  buy $ 39,978.24   sel     $54,000.00   [strat=friendly_rapport_builder]
      R 8  buy $ 35,390.12   sel     $45,000.00   [strat=friendly_rapport_builder]
      R 9  buy $ 19,187.59   sel     $22,500.00   [strat=friendly_rapport_builder]
      R10  buy $  1,734.58   sel     $40,000.00   [strat=friendly_rapport_builder]
      R11  buy $ 10,972.02   sel     $35,000.00   [strat=friendly_rapport_builder]
      R12  buy $ 21,262.33   sel     $28,000.00   [strat=friendly_rapport_builder]
      R13  buy $ 27,472.93   sel     $27,800.00   [strat=friendly_rapport_builder]
      R14  buy $ 11,946.90   sel     $25,000.00   [strat=friendly_rapport_builder]
      R15  buy $ 14,077.93   sel     $24,000.00   [strat=friendly_rapport_builder]
      R16  buy $  2,644.09   sel     $23,500.00   [strat=friendly_rapport_builder]
   run 19 done in 4.8 min

   run 20/30 on 2014 Mercedes-Benz S550  seed=20460439
      R 1  buy $ 64,044.00   sel     $89,999.00   [strat=friendly_rapport_builder] *
      R 2  buy $ 11,506.31   sel     $85,000.00   [strat=friendly_rapport_builder]
      R 3  buy $  3,537.68   sel     $82,500.00   [strat=friendly_rapport_builder]
      R 4  buy $ 18,985.07   sel     $79,500.00   [strat=friendly_rapport_builder]
      R 5  buy $ 73,812.63   sel     $76,500.00   [strat=friendly_rapport_builder]
      R 6  buy $ 58,280.29   sel     $74,500.00   [strat=friendly_rapport_builder]
      R 7  buy $ 37,040.20   sel     $72,000.00   [strat=friendly_rapport_builder]
      R 8  buy $ 39,479.16   sel     $69,500.00   [strat=friendly_rapport_builder]
      R 9  buy $ 21,744.96   sel     $68,000.00   [strat=friendly_rapport_builder]
      R10  buy $ 37,678.59   sel     $65,000.00   [strat=friendly_rapport_builder]
      R11  buy $ 27,829.21   sel     $48,000.00   [strat=friendly_rapport_builder]
      R12  buy $ 27,259.93   sel     $44,000.00   [strat=friendly_rapport_builder]
      R13  buy $  8,156.76   sel     $42,000.00   [strat=friendly_rapport_builder]
      R14  buy $ 40,220.48   sel     $41,000.00   [strat=friendly_rapport_builder]
      R15  buy $ 39,392.48   sel     $40,000.00   [strat=friendly_rapport_builder]
      R16  buy $ 24,851.25   sel     $39,000.00   [strat=friendly_rapport_builder]
   run 20 done in 5.1 min

   run 21/30 on 2014 Mercedes-Benz S550  seed=20460440
      R 1  buy $ 33,261.25   sel     $34,995.00   [strat=friendly_rapport_builder] *
      R 2  buy $ 14,864.65   sel     $33,500.00   [strat=friendly_rapport_builder]
      R 3  buy $ 15,247.92   sel     $32,750.00   [strat=friendly_rapport_builder]
      R 4  buy $  4,589.88   sel     $32,000.00   [strat=friendly_rapport_builder]
      R 5  buy $ 19,209.60   sel     $31,500.00   [strat=friendly_rapport_builder]
      R 6  buy $ 19,577.80   sel     $31,000.00   [strat=friendly_rapport_builder]
      R 7  buy $  3,928.99   sel     $30,500.00   [strat=friendly_rapport_builder]
      R 8  buy $  8,289.86   sel     $30,000.00   [strat=friendly_rapport_builder]
      R 9  buy $ 25,471.00   sel     $29,000.00   [strat=friendly_rapport_builder]
      R10  buy $ 21,278.86   sel     $28,000.00   [strat=friendly_rapport_builder]
      R11  buy $ 21,988.12   sel     $27,500.00   [strat=friendly_rapport_builder]
      R12  buy $  6,097.93   sel     $27,000.00   [strat=friendly_rapport_builder]
      R13  buy $ 25,880.08   sel     $26,500.00   [strat=friendly_rapport_builder]
      R14  buy $ 22,999.97   sel     $25,500.00   [strat=friendly_rapport_builder]
      R15  buy $ 19,073.35   sel     $24,500.00   [strat=friendly_rapport_builder]
      R16  buy $  8,608.53   sel     $24,000.00   [strat=friendly_rapport_builder]
   run 21 done in 4.8 min

   run 22/30 on 2014 Mercedes-Benz S550  seed=20460441
      R 1  buy $ 80,750.07   sel     $95,000.00   [strat=friendly_rapport_builder] *
      R 2  buy $ 30,362.96   sel     $94,000.00   [strat=friendly_rapport_builder]
      R 3  buy $ 70,067.47   sel     $92,000.00   [strat=friendly_rapport_builder]
      R 4  buy $ 42,063.76   sel     $90,000.00   [strat=friendly_rapport_builder]
      R 5  buy $ 64,178.89   sel     $88,000.00   [strat=friendly_rapport_builder]
      R 6  buy $  2,732.07   sel     $87,000.00   [strat=friendly_rapport_builder]
      R 7  buy $ 44,481.53   sel     $86,000.00   [strat=friendly_rapport_builder]
      R 8  buy $  3,877.72   sel     $85,000.00   [strat=friendly_rapport_builder]
      R 9  buy $ 18,369.90   sel     $84,000.00   [strat=friendly_rapport_builder]
      R10  buy $ 64,337.54   sel     $80,000.00   [strat=friendly_rapport_builder]
      R11  buy $ 11,733.40   sel     $78,000.00   [strat=friendly_rapport_builder]
      R12  buy $ 66,143.28   sel     $76,000.00   [strat=friendly_rapport_builder]
      R13  buy $ 40,893.30   sel     $74,000.00   [strat=friendly_rapport_builder]
      R14  buy $ 21,278.82   sel     $72,000.00   [strat=friendly_rapport_builder]
      R15  buy $ 17,682.07   sel     $70,000.00   [strat=friendly_rapport_builder]
      R16  buy $ 28,521.79   sel     $68,000.00   [strat=friendly_rapport_builder]
   run 22 done in 4.9 min

   run 23/30 on 2014 Mercedes-Benz S550  seed=20460442
      R 1  buy $ 17,118.09   sel     $26,900.00   [strat=friendly_rapport_builder] *
      R 2  buy $ 14,618.00   sel     $26,500.00   [strat=friendly_rapport_builder]
      R 3  buy $ 10,274.28   sel     $26,300.00   [strat=friendly_rapport_builder]
      R 4  buy $ 17,332.30   sel     $26,000.00   [strat=friendly_rapport_builder]
      R 5  buy $ 23,510.74   sel     $25,000.00   [strat=friendly_rapport_builder]
      R 6  buy $  4,125.07   sel     $24,800.00   [strat=friendly_rapport_builder]
      R 7  buy $  6,458.19   sel     $24,300.00   [strat=friendly_rapport_builder]
      R 8  buy $  5,837.75   sel     $24,000.00   [strat=friendly_rapport_builder]
      R 9  buy $  6,909.91   sel     $23,800.00   [strat=friendly_rapport_builder]
      R10  buy $ 22,600.25   sel     $22,600.25   [strat=friendly_rapport_builder]
      R11  buy $    311.17   sel     $23,500.00   [strat=friendly_rapport_builder]
      R12  buy $ 16,433.57   sel     $23,000.00   [strat=friendly_rapport_builder]
      R13  buy $ 14,864.37   sel     $22,500.00   [strat=friendly_rapport_builder]
      R14  buy $ 19,330.65   sel     $21,000.00   [strat=friendly_rapport_builder]
      R15  buy $ 11,603.38   sel     $20,500.00   [strat=friendly_rapport_builder]
      R16  buy $  5,329.74   sel     $20,000.00   [strat=friendly_rapport_builder]
   run 23 done in 4.7 min

   run 24/30 on 2014 Mercedes-Benz S550  seed=20460443
      R 1  buy $ 37,167.36   sel     $44,900.00   [strat=friendly_rapport_builder] *
      R 2  buy $ 21,145.86   sel     $42,900.00   [strat=friendly_rapport_builder]
      R 3  buy $ 35,869.54   sel     $41,500.00   [strat=friendly_rapport_builder]
      R 4  buy $ 15,988.05   sel     $40,000.00   [strat=friendly_rapport_builder]
      R 5  buy $  8,353.33   sel     $39,500.00   [strat=friendly_rapport_builder]
      R 6  buy $ 12,640.22   sel     $38,500.00   [strat=friendly_rapport_builder]
      R 7  buy $  7,822.38   sel     $38,000.00   [strat=friendly_rapport_builder]
      R 8  buy $ 37,488.80   sel     $37,488.80   [strat=friendly_rapport_builder]
      R 9  buy $ 27,925.63   sel     $37,000.00   [strat=friendly_rapport_builder]
      R10  buy $  2,764.99   sel     $36,500.00   [strat=friendly_rapport_builder]
      R11  buy $ 10,066.42   sel     $35,000.00   [strat=friendly_rapport_builder]
      R12  buy $  7,504.66   sel     $34,500.00   [strat=friendly_rapport_builder]
      R13  buy $ 34,143.08   sel     $34,300.00   [strat=friendly_rapport_builder]
      R14  buy $ 23,014.47   sel     $33,800.00   [strat=friendly_rapport_builder]
      R15  buy $ 15,071.86   sel     $33,500.00   [strat=friendly_rapport_builder]
      R16  buy $  7,291.51   sel     $33,000.00   [strat=friendly_rapport_builder]
   run 24 done in 4.6 min

   run 25/30 on 2014 Mercedes-Benz S550  seed=20460444
      R 1  buy $ 42,586.07   sel     $47,995.00   [strat=friendly_rapport_builder] *
      R 2  buy $    323.36   sel     $47,995.00   [strat=friendly_rapport_builder]
      R 3  buy $  8,857.50   sel     $47,995.00   [strat=friendly_rapport_builder]
      R 4  buy $ 10,803.00   sel     $46,500.00   [strat=friendly_rapport_builder]
      R 5  buy $ 29,621.25   sel     $45,500.00   [strat=friendly_rapport_builder]
      R 6  buy $  4,309.02   sel     $45,500.00   [strat=friendly_rapport_builder]
      R 7  buy $ 23,540.12   sel     $44,000.00   [strat=friendly_rapport_builder]
      R 8  buy $ 17,664.11   sel     $43,000.00   [strat=friendly_rapport_builder]
      R 9  buy $ 34,546.70   sel     $41,500.00   [strat=friendly_rapport_builder]
      R10  buy $ 37,150.43   sel     $40,000.00   [strat=friendly_rapport_builder]
      R11  buy $ 25,687.40   sel     $39,500.00   [strat=friendly_rapport_builder]
      R12  buy $  7,697.69   sel     $39,000.00   [strat=friendly_rapport_builder]
      R13  buy $ 21,583.48   sel     $38,500.00   [strat=friendly_rapport_builder]
      R14  buy $ 11,289.74   sel     $38,000.00   [strat=friendly_rapport_builder]
      R15  buy $ 33,963.65   sel     $37,500.00   [strat=friendly_rapport_builder]
      R16  buy $ 18,808.54   sel     $37,000.00   [strat=friendly_rapport_builder]
   run 25 done in 4.9 min

   run 26/30 on 2014 Mercedes-Benz S550  seed=20460445
      R 1  buy $ 75,134.50   sel     $89,500.00   [strat=friendly_rapport_builder] *
      R 2  buy $ 26,531.44   sel     $85,000.00   [strat=friendly_rapport_builder]
      R 3  buy $ 22,260.22   sel     $82,000.00   [strat=friendly_rapport_builder]
      R 4  buy $ 26,478.73   sel     $80,000.00   [strat=friendly_rapport_builder]
      R 5  buy $ 69,649.44   sel     $77,500.00   [strat=friendly_rapport_builder]
      R 6  buy $ 46,707.10   sel     $75,000.00   [strat=friendly_rapport_builder]
      R 7  buy $ 73,147.82   sel     $74,000.00   [strat=friendly_rapport_builder]
      R 8  buy $ 35,675.29   sel     $73,000.00   [strat=friendly_rapport_builder]
      R 9  buy $ 44,766.28   sel     $72,000.00   [strat=friendly_rapport_builder]
      R10  buy $ 36,583.74   sel     $71,000.00   [strat=friendly_rapport_builder]
      R11  buy $ 19,658.55   sel     $70,000.00   [strat=friendly_rapport_builder]
      R12  buy $ 23,039.41   sel     $68,000.00   [strat=friendly_rapport_builder]
      R13  buy $ 15,798.76   sel     $65,000.00   [strat=friendly_rapport_builder]
      R14  buy $ 30,614.49   sel     $60,000.00   [strat=friendly_rapport_builder]
      R15  buy $ 28,069.13   sel     $55,000.00   [strat=friendly_rapport_builder]
      R16  buy $ 34,659.35   sel     $50,000.00   [strat=friendly_rapport_builder]
   run 26 done in 5.1 min

   run 27/30 on 2014 Mercedes-Benz S550  seed=20460446
      R 1  buy $ 54,079.98   sel     $57,999.99   [strat=friendly_rapport_builder] *
      R 2  buy $  3,461.34   sel     $54,500.00   [strat=friendly_rapport_builder]
      R 3  buy $ 34,802.25   sel     $53,500.00   [strat=friendly_rapport_builder]
      R 4  buy $ 29,238.50   sel     $52,000.00   [strat=friendly_rapport_builder]
      R 5  buy $ 29,883.38   sel     $50,000.00   [strat=friendly_rapport_builder]
      R 6  buy $ 38,473.28   sel     $45,000.00   [strat=friendly_rapport_builder]
      R 7  buy $ 34,384.11   sel     $42,000.00   [strat=friendly_rapport_builder]
      R 8  buy $ 35,301.58   sel     $39,500.00   [strat=friendly_rapport_builder]
      R 9  buy $ 25,730.23   sel     $35,000.00   [strat=friendly_rapport_builder]
      R10  buy $ 19,017.90   sel     $34,500.00   [strat=friendly_rapport_builder]
      R11  buy $  1,063.00   sel     $34,000.00   [strat=friendly_rapport_builder]
      R12  buy $ 22,452.25   sel     $33,000.00   [strat=friendly_rapport_builder]
      R13  buy $ 19,255.91   sel     $28,000.00   [strat=friendly_rapport_builder]
      R14  buy $ 27,194.29   sel     $27,194.29   [strat=friendly_rapport_builder]
      R15  buy $ 22,090.88   sel     $27,194.29   [strat=friendly_rapport_builder]
      R16  buy $ 18,140.54   sel     $26,000.00   [strat=friendly_rapport_builder]
   run 27 done in 6.0 min

   run 28/30 on 2014 Mercedes-Benz S550  seed=20460447
      R 1  buy $ 45,724.94   sel     $52,000.00   [strat=friendly_rapport_builder] *
      R 2  buy $  6,997.35   sel     $51,500.00   [strat=friendly_rapport_builder]
      R 3  buy $ 31,387.85   sel     $49,750.00   [strat=friendly_rapport_builder]
      R 4  buy $ 17,442.11   sel     $48,000.00   [strat=friendly_rapport_builder]
      R 5  buy $ 14,287.70   sel     $46,500.00   [strat=friendly_rapport_builder]
      R 6  buy $ 24,783.94   sel     $44,500.00   [strat=friendly_rapport_builder]
      R 7  buy $ 21,143.80   sel     $41,500.00   [strat=friendly_rapport_builder]
      R 8  buy $  8,915.16   sel     $39,000.00   [strat=friendly_rapport_builder]
      R 9  buy $ 31,067.50   sel     $36,500.00   [strat=friendly_rapport_builder]
      R10  buy $ 23,772.14   sel     $34,000.00   [strat=friendly_rapport_builder]
      R11  buy $ 13,106.63   sel     $30,000.00   [strat=friendly_rapport_builder]
      R12  buy $ 26,149.74   sel     $28,750.00   [strat=friendly_rapport_builder]
      R13  buy $ 13,371.19   sel     $27,500.00   [strat=friendly_rapport_builder]
      R14  buy $ 15,902.23   sel     $25,500.00   [strat=friendly_rapport_builder]
      R15  buy $ 21,836.70   sel     $24,250.00   [strat=friendly_rapport_builder]
      R16  buy $    169.64   sel     $23,000.00   [strat=friendly_rapport_builder]
   run 28 done in 5.3 min

   run 29/30 on 2014 Mercedes-Benz S550  seed=20460448
      R 1  buy $ 92,691.96   sel     $95,500.00   [strat=friendly_rapport_builder] *
      R 2  buy $ 15,237.88   sel     $94,000.00   [strat=friendly_rapport_builder]
      R 3  buy $ 73,071.46   sel     $89,500.00   [strat=friendly_rapport_builder]
      R 4  buy $ 72,191.25   sel     $88,000.00   [strat=friendly_rapport_builder]
      R 5  buy $ 36,507.41   sel     $86,500.00   [strat=friendly_rapport_builder]
      R 6  buy $ 59,745.94   sel     $84,500.00   [strat=friendly_rapport_builder]
      R 7  buy $ 41,051.57   sel     $82,000.00   [strat=friendly_rapport_builder]
      R 8  buy $ 24,113.99   sel     $81,500.00   [strat=friendly_rapport_builder]
      R 9  buy $ 46,360.28   sel     $80,000.00   [strat=friendly_rapport_builder]
      R10  buy $ 57,453.26   sel     $79,000.00   [strat=friendly_rapport_builder]
      R11  buy $ 27,274.16   sel     $78,500.00   [strat=friendly_rapport_builder]
      R12  buy $ 53,050.89   sel     $76,500.00   [strat=friendly_rapport_builder]
      R13  buy $ 40,330.24   sel     $75,000.00   [strat=friendly_rapport_builder]
      R14  buy $ 49,820.93   sel     $74,000.00   [strat=friendly_rapport_builder]
      R15  buy $ 44,287.71   sel     $72,000.00   [strat=friendly_rapport_builder]
      R16  buy $ 28,037.70   sel     $71,000.00   [strat=friendly_rapport_builder]
   run 29 done in 5.3 min

   run 30/30 on 2014 Mercedes-Benz S550  seed=20460449
      R 1  buy $ 15,183.18   sel     $24,000.00   [strat=friendly_rapport_builder] *
      R 2  buy $  4,550.25   sel     $23,500.00   [strat=friendly_rapport_builder]
      R 3  buy $  5,445.74   sel     $23,000.00   [strat=friendly_rapport_builder]
      R 4  buy $  9,476.78   sel     $22,500.00   [strat=friendly_rapport_builder]
      R 5  buy $ 21,707.65   sel     $21,999.99   [strat=friendly_rapport_builder]
      R 6  buy $  8,214.78   sel     $22,500.00   [strat=friendly_rapport_builder]
      R 7  buy $ 13,107.09   sel     $22,500.00   [strat=friendly_rapport_builder]
      R 8  buy $ 10,919.49   sel     $21,500.00   [strat=friendly_rapport_builder]
      R 9  buy $ 11,606.97   sel     $20,999.99   [strat=friendly_rapport_builder]
      R10  buy $  1,571.03   sel     $20,500.00   [strat=friendly_rapport_builder]
      R11  buy $  4,936.69   sel     $19,500.00   [strat=friendly_rapport_builder]
      R12  buy $  6,422.22   sel     $18,500.00   [strat=friendly_rapport_builder]
      R13  buy $ 17,217.38   sel     $19,999.99   [strat=friendly_rapport_builder]
      R14  buy $  9,083.81   sel     $18,500.00   [strat=friendly_rapport_builder]
      R15  buy $  6,030.55   sel     $18,000.00   [strat=friendly_rapport_builder]
      R16  buy $  2,095.96   sel     $17,500.00   [strat=friendly_rapport_builder]
   run 30 done in 4.4 min

   ---> checkpoint: car 1/5 done in 136.1 min; total so far 136.1 min; saved 30 runs to exp02_fixed_friendly_rapport_builder.json

--- CAR 2/5: 2016 Cadillac CTS 3.6 Luxury  (M=$45,000.00  cost=$15,750.00  cost/M=35.00%) ---

   run 1/30 on 2016 Cadillac CTS 3.6 Luxury  seed=20461420
      R 1  buy $ 12,672.26   sel     $16,500.00   [strat=friendly_rapport_builder] *
      R 2  buy $  5,001.71   sel     $15,900.00   [strat=friendly_rapport_builder]
      R 3  buy $  5,034.72   sel     $15,500.00   [strat=friendly_rapport_builder]
      R 4  buy $  6,183.62   sel     $14,900.00   [strat=friendly_rapport_builder]
      R 5  buy $  1,115.25   sel     $15,800.00   [strat=friendly_rapport_builder]
      R 6  buy $  1,813.10   sel     $15,500.00   [strat=friendly_rapport_builder]
      R 7  buy $  9,047.67   sel     $14,800.00   [strat=friendly_rapport_builder]
      R 8  buy $  1,780.27   sel     $15,800.00   [strat=friendly_rapport_builder]
      R 9  buy $ 12,303.21   sel     $14,700.00   [strat=friendly_rapport_builder]
      R10  buy $ 11,037.36   sel     $14,400.00   [strat=friendly_rapport_builder]
      R11  buy $  5,099.55   sel     $15,800.00   [strat=friendly_rapport_builder]
      R12  buy $ 15,688.40   sel     $15,720.00   [strat=friendly_rapport_builder]
      R13  buy $  4,584.26   sel     $14,800.00   [strat=friendly_rapport_builder]
      R14  buy $  8,574.41   sel     $14,700.00   [strat=friendly_rapport_builder]
      R15  buy $  1,029.91   sel     $14,800.00   [strat=friendly_rapport_builder]
      R16  buy $  6,717.26   sel     $14,700.00   [strat=friendly_rapport_builder]
   run 1 done in 5.5 min

   run 2/30 on 2016 Cadillac CTS 3.6 Luxury  seed=20461421
      R 1  buy $  4,487.21   sel     $38,995.00   [strat=friendly_rapport_builder] *
      R 2  buy $ 10,363.95   sel     $28,500.00   [strat=friendly_rapport_builder]
      R 3  buy $ 26,510.72   sel     $27,995.00   [strat=friendly_rapport_builder]
      R 4  buy $ 17,483.77   sel     $26,999.00   [strat=friendly_rapport_builder]
      R 5  buy $  8,834.16   sel     $25,995.00   [strat=friendly_rapport_builder]
      R 6  buy $ 25,526.27   sel     $25,795.00   [strat=friendly_rapport_builder]
      R 7  buy $ 12,417.41   sel     $24,995.00   [strat=friendly_rapport_builder]
      R 8  buy $ 24,119.18   sel     $24,750.00   [strat=friendly_rapport_builder]
      R 9  buy $  8,431.56   sel     $24,500.00   [strat=friendly_rapport_builder]
      R10  buy $ 22,467.75   sel     $23,995.00   [strat=friendly_rapport_builder]
      R11  buy $ 20,823.00   sel     $22,495.00   [strat=friendly_rapport_builder]
      R12  buy $  3,249.53   sel     $22,495.00   [strat=friendly_rapport_builder]
      R13  buy $  8,100.42   sel     $21,995.00   [strat=friendly_rapport_builder]
      R14  buy $ 21,872.63   sel     $21,900.00   [strat=friendly_rapport_builder]
      R15  buy $  3,592.88   sel     $21,500.00   [strat=friendly_rapport_builder]
      R16  buy $  2,768.21   sel     $21,495.00   [strat=friendly_rapport_builder]
   run 2 done in 5.2 min

   run 3/30 on 2016 Cadillac CTS 3.6 Luxury  seed=20461422
      R 1  buy $ 35,365.71   sel     $41,999.00   [strat=friendly_rapport_builder] *
      R 2  buy $ 11,764.20   sel     $35,000.00   [strat=friendly_rapport_builder]
      R 3  buy $ 18,294.61   sel     $32,500.00   [strat=friendly_rapport_builder]
      R 4  buy $  7,617.15   sel     $30,000.00   [strat=friendly_rapport_builder]
      R 5  buy $ 24,623.12   sel     $28,000.00   [strat=friendly_rapport_builder]
      R 6  buy $ 14,410.92   sel     $26,500.00   [strat=friendly_rapport_builder]
      R 7  buy $ 13,712.77   sel     $25,000.00   [strat=friendly_rapport_builder]
      R 8  buy $ 11,179.68   sel     $24,000.00   [strat=friendly_rapport_builder]
      R 9  buy $ 16,735.89   sel     $23,000.00   [strat=friendly_rapport_builder]
      R10  buy $  7,327.35   sel     $22,500.00   [strat=friendly_rapport_builder]
      R11  buy $ 10,399.04   sel     $22,000.00   [strat=friendly_rapport_builder]
      R12  buy $ 16,188.08   sel     $20,500.00   [strat=friendly_rapport_builder]
      R13  buy $  1,965.01   sel     $19,500.00   [strat=friendly_rapport_builder]
      R14  buy $ 12,908.30   sel     $18,000.00   [strat=friendly_rapport_builder]
      R15  buy $  3,242.72   sel     $17,500.00   [strat=friendly_rapport_builder]
      R16  buy $  4,980.53   sel     $17,000.00   [strat=friendly_rapport_builder]
   run 3 done in 4.9 min

   run 4/30 on 2016 Cadillac CTS 3.6 Luxury  seed=20461423
      R 1  buy $ 35,679.86   sel     $42,500.00   [strat=friendly_rapport_builder] *
      R 2  buy $ 27,673.26   sel     $39,000.00   [strat=friendly_rapport_builder]
      R 3  buy $ 28,958.44   sel     $37,500.00   [strat=friendly_rapport_builder]
      R 4  buy $ 27,530.54   sel     $36,750.00   [strat=friendly_rapport_builder]
      R 5  buy $  6,250.59   sel     $35,000.00   [strat=friendly_rapport_builder]
      R 6  buy $  8,714.67   sel     $34,000.00   [strat=friendly_rapport_builder]
      R 7  buy $  4,680.62   sel     $33,500.00   [strat=friendly_rapport_builder]
      R 8  buy $ 10,592.55   sel     $33,000.00   [strat=friendly_rapport_builder]
      R 9  buy $ 20,813.36   sel     $32,000.00   [strat=friendly_rapport_builder]
      R10  buy $ 26,814.14   sel     $30,000.00   [strat=friendly_rapport_builder]
      R11  buy $ 14,745.20   sel     $28,000.00   [strat=friendly_rapport_builder]
      R12  buy $  4,377.22   sel     $28,000.00   [strat=friendly_rapport_builder]
      R13  buy $ 14,678.42   sel     $27,000.00   [strat=friendly_rapport_builder]
      R14  buy $ 17,751.37   sel     $26,000.00   [strat=friendly_rapport_builder]
      R15  buy $ 18,826.35   sel     $24,500.00   [strat=friendly_rapport_builder]
      R16  buy $  2,696.47   sel     $24,500.00   [strat=friendly_rapport_builder]
   run 4 done in 5.3 min

   run 5/30 on 2016 Cadillac CTS 3.6 Luxury  seed=20461424
      R 1  buy $  9,266.26   sel     $25,995.00   [strat=friendly_rapport_builder] *
      R 2  buy $ 20,123.10   sel     $23,995.00   [strat=friendly_rapport_builder]
      R 3  buy $  9,184.64   sel     $22,500.00   [strat=friendly_rapport_builder]
      R 4  buy $  3,670.91   sel     $21,500.00   [strat=friendly_rapport_builder]
      R 5  buy $ 10,635.08   sel     $21,000.00   [strat=friendly_rapport_builder]
      R 6  buy $ 18,495.42   sel     $20,500.00   [strat=friendly_rapport_builder]
      R 7  buy $  1,856.28   sel     $19,500.00   [strat=friendly_rapport_builder]
      R 8  buy $  3,866.01   sel     $18,500.00   [strat=friendly_rapport_builder]
      R 9  buy $  2,003.24   sel     $17,800.00   [strat=friendly_rapport_builder]
      R10  buy $ 17,410.95   sel     $17,410.95   [strat=friendly_rapport_builder]
      R11  buy $  9,787.89   sel     $17,600.00   [strat=friendly_rapport_builder]
      R12  buy $  4,804.83   sel     $17,200.00   [strat=friendly_rapport_builder]
      R13  buy $  2,764.26   sel     $17,000.00   [strat=friendly_rapport_builder]
      R14  buy $ 15,233.87   sel     $16,800.00   [strat=friendly_rapport_builder]
      R15  buy $  8,474.70   sel     $16,500.00   [strat=friendly_rapport_builder]
      R16  buy $  7,474.34   sel     $16,300.00   [strat=friendly_rapport_builder]
   run 5 done in 4.4 min

   run 6/30 on 2016 Cadillac CTS 3.6 Luxury  seed=20461425
      R 1  buy $ 21,574.34   sel     $23,995.00   [strat=friendly_rapport_builder] *
      R 2  buy $ 21,672.05   sel     $23,499.00   [strat=friendly_rapport_builder]
      R 3  buy $  1,223.92   sel     $23,499.00   [strat=friendly_rapport_builder]
      R 4  buy $ 20,719.55   sel     $22,999.00   [strat=friendly_rapport_builder]
      R 5  buy $ 19,585.69   sel     $22,499.00   [strat=friendly_rapport_builder]
      R 6  buy $  4,957.93   sel     $22,499.00   [strat=friendly_rapport_builder]
      R 7  buy $    863.39   sel     $21,999.00   [strat=friendly_rapport_builder]
      R 8  buy $ 20,530.01   sel     $21,400.00   [strat=friendly_rapport_builder]
      R 9  buy $  9,991.11   sel     $21,000.00   [strat=friendly_rapport_builder]
      R10  buy $  4,686.66   sel     $21,400.00   [strat=friendly_rapport_builder]
      R11  buy $ 13,676.51   sel     $20,000.00   [strat=friendly_rapport_builder]
      R12  buy $ 18,312.47   sel     $19,500.00   [strat=friendly_rapport_builder]
      R13  buy $ 17,043.35   sel     $18,000.00   [strat=friendly_rapport_builder]
      R14  buy $  6,111.10   sel     $17,999.00   [strat=friendly_rapport_builder]
      R15  buy $ 10,018.60   sel     $17,500.00   [strat=friendly_rapport_builder]
      R16  buy $ 17,089.74   sel     $17,089.74   [strat=friendly_rapport_builder]
   run 6 done in 4.9 min

   run 7/30 on 2016 Cadillac CTS 3.6 Luxury  seed=20461426
      R 1  buy $ 28,253.99   sel     $36,500.00   [strat=friendly_rapport_builder] *
      R 2  buy $ 27,485.55   sel     $35,000.00   [strat=friendly_rapport_builder]
      R 3  buy $ 16,685.40   sel     $34,000.00   [strat=friendly_rapport_builder]
      R 4  buy $ 11,893.85   sel     $33,500.00   [strat=friendly_rapport_builder]
      R 5  buy $    717.37   sel     $33,500.00   [strat=friendly_rapport_builder]
      R 6  buy $ 20,348.09   sel     $32,000.00   [strat=friendly_rapport_builder]
      R 7  buy $ 26,687.64   sel     $31,000.00   [strat=friendly_rapport_builder]
      R 8  buy $ 14,666.75   sel     $30,000.00   [strat=friendly_rapport_builder]
      R 9  buy $ 28,256.02   sel     $29,500.00   [strat=friendly_rapport_builder]
      R10  buy $  5,317.85   sel     $29,000.00   [strat=friendly_rapport_builder]
      R11  buy $ 11,319.77   sel     $28,000.00   [strat=friendly_rapport_builder]
      R12  buy $  3,053.70   sel     $27,500.00   [strat=friendly_rapport_builder]
      R13  buy $ 14,475.55   sel     $26,500.00   [strat=friendly_rapport_builder]
      R14  buy $ 17,425.88   sel     $26,000.00   [strat=friendly_rapport_builder]
      R15  buy $  7,663.48   sel     $25,500.00   [strat=friendly_rapport_builder]
      R16  buy $  4,609.77   sel     $25,000.00   [strat=friendly_rapport_builder]
   run 7 done in 5.5 min

   run 8/30 on 2016 Cadillac CTS 3.6 Luxury  seed=20461427
      R 1  buy $ 35,862.09   sel     $38,995.00   [strat=friendly_rapport_builder] *
      R 2  buy $  2,767.16   sel     $38,000.00   [strat=friendly_rapport_builder]
      R 3  buy $ 33,515.65   sel     $37,500.00   [strat=friendly_rapport_builder]
      R 4  buy $ 12,505.58   sel     $37,000.00   [strat=friendly_rapport_builder]
      R 5  buy $ 17,478.46   sel     $36,500.00   [strat=friendly_rapport_builder]
      R 6  buy $  7,605.94   sel     $36,000.00   [strat=friendly_rapport_builder]
      R 7  buy $ 21,502.49   sel     $35,500.00   [strat=friendly_rapport_builder]
      R 8  buy $ 10,690.23   sel     $35,000.00   [strat=friendly_rapport_builder]
      R 9  buy $    517.46   sel     $35,000.00   [strat=friendly_rapport_builder]
      R10  buy $ 26,183.84   sel     $31,000.00   [strat=friendly_rapport_builder]
      R11  buy $ 13,054.53   sel     $30,000.00   [strat=friendly_rapport_builder]
      R12  buy $ 19,744.04   sel     $28,000.00   [strat=friendly_rapport_builder]
      R13  buy $ 11,993.50   sel     $27,500.00   [strat=friendly_rapport_builder]
      R14  buy $  7,718.33   sel     $27,000.00   [strat=friendly_rapport_builder]
      R15  buy $  8,404.32   sel     $26,500.00   [strat=friendly_rapport_builder]
      R16  buy $ 10,864.67   sel     $26,000.00   [strat=friendly_rapport_builder]
   run 8 done in 4.8 min

   run 9/30 on 2016 Cadillac CTS 3.6 Luxury  seed=20461428
      R 1  buy $ 26,010.47   sel     $27,499.99   [strat=friendly_rapport_builder] *
      R 2  buy $ 20,892.86   sel     $25,500.00   [strat=friendly_rapport_builder]
      R 3  buy $ 14,008.41   sel     $22,500.00   [strat=friendly_rapport_builder]
      R 4  buy $ 16,575.54   sel     $19,500.00   [strat=friendly_rapport_builder]
      R 5  buy $ 17,436.45   sel     $18,500.00   [strat=friendly_rapport_builder]
      R 6  buy $  9,072.66   sel     $18,500.00   [strat=friendly_rapport_builder]
      R 7  buy $  4,692.43   sel     $17,800.00   [strat=friendly_rapport_builder]
      R 8  buy $  4,699.22   sel     $17,800.00   [strat=friendly_rapport_builder]
      R 9  buy $  3,748.23   sel     $17,500.00   [strat=friendly_rapport_builder]
      R10  buy $  9,984.58   sel     $16,500.00   [strat=friendly_rapport_builder]
      R11  buy $ 11,411.10   sel     $15,500.00   [strat=friendly_rapport_builder]
      R12  buy $ 10,160.74   sel     $15,500.00   [strat=friendly_rapport_builder]
      R13  buy $    365.49   sel     $15,500.00   [strat=friendly_rapport_builder]
      R14  buy $ 13,350.34   sel     $15,800.00   [strat=friendly_rapport_builder]
      R15  buy $  2,280.66   sel     $15,800.00   [strat=friendly_rapport_builder]
      R16  buy $  1,593.85   sel     $15,800.00   [strat=friendly_rapport_builder]
   run 9 done in 5.1 min

   run 10/30 on 2016 Cadillac CTS 3.6 Luxury  seed=20461429
      R 1  buy $  8,457.05   sel     $14,995.00   [strat=friendly_rapport_builder] *
      R 2  buy $  8,546.06   sel     $14,500.00   [strat=friendly_rapport_builder]
      R 3  buy $  3,449.32   sel     $14,000.00   [strat=friendly_rapport_builder]
      R 4  buy $  7,548.00   sel     $13,500.00   [strat=friendly_rapport_builder]
      R 5  buy $  4,817.47   sel     $13,000.00   [strat=friendly_rapport_builder]
      R 6  buy $  8,803.00   sel     $12,500.00   [strat=friendly_rapport_builder]
      R 7  buy $  2,211.87   sel     $12,000.00   [strat=friendly_rapport_builder]
      R 8  buy $  7,214.12   sel     $11,500.00   [strat=friendly_rapport_builder]
      R 9  buy $  2,151.77   sel     $15,995.00   [strat=friendly_rapport_builder]
      R10  buy $ 15,183.89   sel     $15,850.00   [strat=friendly_rapport_builder]
      R11  buy $  4,879.40   sel     $15,800.00   [strat=friendly_rapport_builder]
      R12  buy $ 11,790.01   sel     $15,500.00   [strat=friendly_rapport_builder]
      R13  buy $  8,531.82   sel     $15,900.00   [strat=friendly_rapport_builder]
      R14  buy $    391.05   sel     $15,800.00   [strat=friendly_rapport_builder]
      R15  buy $  4,643.49   sel     $15,800.00   [strat=friendly_rapport_builder]
      R16  buy $    565.01   sel     $15,800.00   [strat=friendly_rapport_builder]
   run 10 done in 6.5 min

   run 11/30 on 2016 Cadillac CTS 3.6 Luxury  seed=20461430
      R 1  buy $ 14,249.34   sel     $16,500.00   [strat=friendly_rapport_builder] *
      R 2  buy $  5,876.41   sel     $16,500.00   [strat=friendly_rapport_builder]
      R 3  buy $  8,144.26   sel     $15,999.00   [strat=friendly_rapport_builder]
      R 4  buy $  5,621.88   sel     $15,899.00   [strat=friendly_rapport_builder]
      R 5  buy $  3,768.90   sel     $15,799.00   [strat=friendly_rapport_builder]
      R 6  buy $ 12,331.01   sel     $15,599.00   [strat=friendly_rapport_builder]
      R 7  buy $    430.13   sel     $15,500.00   [strat=friendly_rapport_builder]
      R 8  buy $ 12,999.54   sel     $15,800.00   [strat=friendly_rapport_builder]
      R 9  buy $  5,490.38   sel     $15,600.00   [strat=friendly_rapport_builder]
      R10  buy $ 14,069.15   sel     $15,799.00   [strat=friendly_rapport_builder]
      R11  buy $  8,456.72   sel     $15,750.00   [strat=friendly_rapport_builder]
      R12  buy $ 12,674.03   sel     $15,750.00   [strat=friendly_rapport_builder]
      R13  buy $  6,179.81   sel     $15,800.00   [strat=friendly_rapport_builder]
      R14  buy $    551.07   sel     $15,795.00   [strat=friendly_rapport_builder]
      R15  buy $  3,602.04   sel     $15,750.00   [strat=friendly_rapport_builder]
      R16  buy $  1,114.72   sel     $15,700.00   [strat=friendly_rapport_builder]
   run 11 done in 7.7 min

   run 12/30 on 2016 Cadillac CTS 3.6 Luxury  seed=20461431
      R 1  buy $ 41,468.89   sel     $44,750.00   [strat=friendly_rapport_builder] *
      R 2  buy $ 16,732.82   sel     $42,500.00   [strat=friendly_rapport_builder]
      R 3  buy $      9.84   sel     $42,000.00   [strat=friendly_rapport_builder]
      R 4  buy $ 17,923.09   sel     $40,500.00   [strat=friendly_rapport_builder]
      R 5  buy $ 22,452.01   sel     $38,500.00   [strat=friendly_rapport_builder]
      R 6  buy $  7,079.55   sel     $37,500.00   [strat=friendly_rapport_builder]
      R 7  buy $ 13,030.05   sel     $36,500.00   [strat=friendly_rapport_builder]
      R 8  buy $ 25,264.68   sel     $35,500.00   [strat=friendly_rapport_builder]
      R 9  buy $  8,878.45   sel     $34,500.00   [strat=friendly_rapport_builder]
      R10  buy $  1,357.91   sel     $33,500.00   [strat=friendly_rapport_builder]
      R11  buy $ 11,237.23   sel     $32,500.00   [strat=friendly_rapport_builder]
      R12  buy $  6,674.03   sel     $31,500.00   [strat=friendly_rapport_builder]
      R13  buy $ 30,237.44   sel     $31,000.00   [strat=friendly_rapport_builder]
      R14  buy $ 24,166.89   sel     $30,000.00   [strat=friendly_rapport_builder]
      R15  buy $ 12,462.97   sel     $29,500.00   [strat=friendly_rapport_builder]
      R16  buy $ 18,927.13   sel     $28,500.00   [strat=friendly_rapport_builder]
   run 12 done in 6.3 min

   run 13/30 on 2016 Cadillac CTS 3.6 Luxury  seed=20461432
      R 1  buy $ 42,893.00   sel     $44,500.00   [strat=friendly_rapport_builder] *
      R 2  buy $  1,609.96   sel     $43,500.00   [strat=friendly_rapport_builder]
      R 3  buy $ 32,954.97   sel     $41,000.00   [strat=friendly_rapport_builder]
      R 4  buy $ 15,451.87   sel     $39,000.00   [strat=friendly_rapport_builder]
      R 5  buy $ 14,846.73   sel     $35,000.00   [strat=friendly_rapport_builder]
      R 6  buy $ 22,671.64   sel     $32,000.00   [strat=friendly_rapport_builder]
      R 7  buy $ 29,332.16   sel     $30,500.00   [strat=friendly_rapport_builder]
      R 8  buy $ 15,897.17   sel     $28,500.00   [strat=friendly_rapport_builder]
      R 9  buy $ 23,209.84   sel     $27,000.00   [strat=friendly_rapport_builder]
      R10  buy $  7,865.43   sel     $26,000.00   [strat=friendly_rapport_builder]
      R11  buy $ 23,458.87   sel     $25,000.00   [strat=friendly_rapport_builder]
      R12  buy $  9,357.60   sel     $23,500.00   [strat=friendly_rapport_builder]
      R13  buy $ 19,734.32   sel     $22,000.00   [strat=friendly_rapport_builder]
      R14  buy $ 17,474.13   sel     $20,000.00   [strat=friendly_rapport_builder]
      R15  buy $  7,284.00   sel     $19,500.00   [strat=friendly_rapport_builder]
      R16  buy $  4,184.17   sel     $19,000.00   [strat=friendly_rapport_builder]
   run 13 done in 9.2 min

   run 14/30 on 2016 Cadillac CTS 3.6 Luxury  seed=20461433
      R 1  buy $ 41,785.52   sel     $44,500.00   [strat=friendly_rapport_builder] *
      R 2  buy $ 35,576.49   sel     $43,250.00   [strat=friendly_rapport_builder]
      R 3  buy $  6,277.14   sel     $42,500.00   [strat=friendly_rapport_builder]
      R 4  buy $ 32,443.50   sel     $41,500.00   [strat=friendly_rapport_builder]
      R 5  buy $ 17,123.43   sel     $40,000.00   [strat=friendly_rapport_builder]
      R 6  buy $ 12,446.01   sel     $39,500.00   [strat=friendly_rapport_builder]
      R 7  buy $ 20,167.44   sel     $38,250.00   [strat=friendly_rapport_builder]
      R 8  buy $ 34,614.31   sel     $37,000.00   [strat=friendly_rapport_builder]
      R 9  buy $ 34,075.84   sel     $35,500.00   [strat=friendly_rapport_builder]
      R10  buy $ 33,673.44   sel     $34,500.00   [strat=friendly_rapport_builder]
      R11  buy $ 13,610.79   sel     $34,000.00   [strat=friendly_rapport_builder]
      R12  buy $  3,323.24   sel     $34,000.00   [strat=friendly_rapport_builder]
      R13  buy $ 11,458.80   sel     $33,500.00   [strat=friendly_rapport_builder]
      R14  buy $ 11,032.67   sel     $32,500.00   [strat=friendly_rapport_builder]
      R15  buy $ 24,276.40   sel     $30,500.00   [strat=friendly_rapport_builder]
      R16  buy $ 18,352.00   sel     $28,000.00   [strat=friendly_rapport_builder]
   run 14 done in 5.7 min

   run 15/30 on 2016 Cadillac CTS 3.6 Luxury  seed=20461434
      R 1  buy $ 42,838.21   sel     $44,500.00   [strat=friendly_rapport_builder] *
      R 2  buy $ 41,630.76   sel     $44,000.00   [strat=friendly_rapport_builder]
      R 3  buy $ 39,113.31   sel     $43,500.00   [strat=friendly_rapport_builder]
      R 4  buy $ 40,592.98   sel     $43,000.00   [strat=friendly_rapport_builder]
      R 5  buy $ 22,584.86   sel     $43,000.00   [strat=friendly_rapport_builder]
      R 6  buy $ 39,257.45   sel     $42,000.00   [strat=friendly_rapport_builder]
      R 7  buy $ 36,539.75   sel     $41,500.00   [strat=friendly_rapport_builder]
      R 8  buy $  5,736.29   sel     $41,000.00   [strat=friendly_rapport_builder]
      R 9  buy $ 13,874.43   sel     $40,500.00   [strat=friendly_rapport_builder]
      R10  buy $ 29,841.24   sel     $39,500.00   [strat=friendly_rapport_builder]
      R11  buy $ 21,942.34   sel     $38,000.00   [strat=friendly_rapport_builder]
      R12  buy $ 24,963.44   sel     $36,500.00   [strat=friendly_rapport_builder]
      R13  buy $ 28,388.02   sel     $35,000.00   [strat=friendly_rapport_builder]
      R14  buy $ 22,682.93   sel     $34,000.00   [strat=friendly_rapport_builder]
      R15  buy $ 23,704.19   sel     $32,000.00   [strat=friendly_rapport_builder]
      R16  buy $  4,520.77   sel     $30,000.00   [strat=friendly_rapport_builder]
   run 15 done in 5.0 min

   run 16/30 on 2016 Cadillac CTS 3.6 Luxury  seed=20461435
      R 1  buy $ 13,645.60   sel     $17,499.00   [strat=friendly_rapport_builder] *
      R 2  buy $  2,357.37   sel     $16,999.00   [strat=friendly_rapport_builder]
      R 3  buy $  3,259.35   sel     $16,900.00   [strat=friendly_rapport_builder]
      R 4  buy $  7,540.55   sel     $16,800.00   [strat=friendly_rapport_builder]
      R 5  buy $ 10,276.56   sel     $16,500.00   [strat=friendly_rapport_builder]
      R 6  buy $ 12,179.68   sel     $16,300.00   [strat=friendly_rapport_builder]
      R 7  buy $  4,077.14   sel     $16,300.00   [strat=friendly_rapport_builder]
      R 8  buy $ 11,860.40   sel     $16,200.00   [strat=friendly_rapport_builder]
      R 9  buy $ 15,379.68   sel     $16,100.00   [strat=friendly_rapport_builder]
      R10  buy $  9,244.81   sel     $16,200.00   [strat=friendly_rapport_builder]
      R11  buy $  1,486.81   sel     $16,200.00   [strat=friendly_rapport_builder]
      R12  buy $  2,038.97   sel     $16,200.00   [strat=friendly_rapport_builder]
      R13  buy $  9,452.70   sel     $16,150.00   [strat=friendly_rapport_builder]
      R14  buy $  2,182.66   sel     $16,100.00   [strat=friendly_rapport_builder]
      R15  buy $ 14,789.02   sel     $15,900.00   [strat=friendly_rapport_builder]
      R16  buy $ 15,051.62   sel     $15,800.00   [strat=friendly_rapport_builder]
   run 16 done in 4.6 min

   run 17/30 on 2016 Cadillac CTS 3.6 Luxury  seed=20461436
      R 1  buy $ 33,448.05   sel     $37,995.00   [strat=friendly_rapport_builder] *
      R 2  buy $  4,544.76   sel     $37,500.00   [strat=friendly_rapport_builder]
      R 3  buy $  7,548.00   sel     $36,995.00   [strat=friendly_rapport_builder]
      R 4  buy $ 16,234.90   sel     $35,995.00   [strat=friendly_rapport_builder]
      R 5  buy $ 25,760.98   sel     $33,500.00   [strat=friendly_rapport_builder]
      R 6  buy $  8,597.25   sel     $33,000.00   [strat=friendly_rapport_builder]
      R 7  buy $  5,123.22   sel     $32,500.00   [strat=friendly_rapport_builder]
      R 8  buy $ 31,453.37   sel     $32,000.00   [strat=friendly_rapport_builder]
      R 9  buy $ 25,401.67   sel     $31,500.00   [strat=friendly_rapport_builder]
      R10  buy $ 19,050.92   sel     $30,000.00   [strat=friendly_rapport_builder]
      R11  buy $ 27,698.40   sel     $28,500.00   [strat=friendly_rapport_builder]
      R12  buy $ 24,453.62   sel     $27,000.00   [strat=friendly_rapport_builder]
      R13  buy $  1,682.88   sel     $26,500.00   [strat=friendly_rapport_builder]
      R14  buy $  2,070.58   sel     $26,000.00   [strat=friendly_rapport_builder]
      R15  buy $ 13,587.66   sel     $25,500.00   [strat=friendly_rapport_builder]
      R16  buy $ 19,518.79   sel     $25,000.00   [strat=friendly_rapport_builder]
   run 17 done in 5.4 min

   run 18/30 on 2016 Cadillac CTS 3.6 Luxury  seed=20461437
      R 1  buy $  9,888.45   sel     $18,888.45   [strat=friendly_rapport_builder] *
      R 2  buy $  7,865.59   sel     $17,500.00   [strat=friendly_rapport_builder]
      R 3  buy $  5,995.86   sel     $16,500.00   [strat=friendly_rapport_builder]
      R 4  buy $ 15,264.47   sel     $16,000.00   [strat=friendly_rapport_builder]
      R 5  buy $  6,754.07   sel     $15,900.00   [strat=friendly_rapport_builder]
      R 6  buy $  5,054.19   sel     $15,800.00   [strat=friendly_rapport_builder]
      R 7  buy $  6,498.32   sel     $15,750.00   [strat=friendly_rapport_builder]
      R 8  buy $  8,730.82   sel     $15,750.00   [strat=friendly_rapport_builder]
      R 9  buy $ 12,794.85   sel     $15,500.00   [strat=friendly_rapport_builder]
      R10  buy $  3,808.32   sel     $15,500.00   [strat=friendly_rapport_builder]
      R11  buy $  8,194.28   sel     $15,500.00   [strat=friendly_rapport_builder]
      R12  buy $  2,269.73   sel     $15,250.00   [strat=friendly_rapport_builder]
      R13  buy $  3,545.03   sel     $15,200.00   [strat=friendly_rapport_builder]
      R14  buy $  2,069.32   sel     $15,150.00   [strat=friendly_rapport_builder]
      R15  buy $ 12,239.66   sel     $15,000.00   [strat=friendly_rapport_builder]
      R16  buy $  6,390.95   sel     $14,900.00   [strat=friendly_rapport_builder]
   run 18 done in 5.1 min

   run 19/30 on 2016 Cadillac CTS 3.6 Luxury  seed=20461438
      R 1  buy $ 13,771.37   sel     $16,499.00   [strat=friendly_rapport_builder] *
      R 2  buy $  6,338.92   sel     $15,999.00   [strat=friendly_rapport_builder]
      R 3  buy $ 13,670.65   sel     $15,800.00   [strat=friendly_rapport_builder]
      R 4  buy $ 12,207.91   sel     $15,650.00   [strat=friendly_rapport_builder]
      R 5  buy $  9,556.95   sel     $15,500.00   [strat=friendly_rapport_builder]
      R 6  buy $  2,750.40   sel     $15,900.00   [strat=friendly_rapport_builder]
      R 7  buy $  8,624.18   sel     $15,850.00   [strat=friendly_rapport_builder]
      R 8  buy $  6,931.41   sel     $15,800.00   [strat=friendly_rapport_builder]
      R 9  buy $  4,364.66   sel     $15,750.00   [strat=friendly_rapport_builder]
      R10  buy $  3,432.29   sel     $15,750.00   [strat=friendly_rapport_builder]
      R11  buy $    443.77   sel     $15,750.00   [strat=friendly_rapport_builder]
      R12  buy $  6,692.33   sel     $15,750.00   [strat=friendly_rapport_builder]
      R13  buy $  8,918.35   sel     $15,750.00   [strat=friendly_rapport_builder]
      R14  buy $  9,342.82   sel     $15,750.00   [strat=friendly_rapport_builder]
      R15  buy $ 15,481.45   sel     $15,500.00   [strat=friendly_rapport_builder]
      R16  buy $ 13,195.80   sel     $15,500.00   [strat=friendly_rapport_builder]
   run 19 done in 4.7 min

   run 20/30 on 2016 Cadillac CTS 3.6 Luxury  seed=20461439
      R 1  buy $ 19,969.35   sel     $20,999.99   [strat=friendly_rapport_builder] *
      R 2  buy $ 15,630.96   sel     $18,315.48   [strat=friendly_rapport_builder]
      R 3  buy $  9,321.59   sel     $17,999.99   [strat=friendly_rapport_builder]
      R 4  buy $ 11,713.50   sel     $17,499.99   [strat=friendly_rapport_builder]
      R 5  buy $ 14,853.94   sel     $16,999.99   [strat=friendly_rapport_builder]
      R 6  buy $ 16,141.80   sel     $16,570.90   [strat=friendly_rapport_builder]
      R 7  buy $ 14,312.83   sel     $16,499.99   [strat=friendly_rapport_builder]
      R 8  buy $  8,514.07   sel     $16,299.99   [strat=friendly_rapport_builder]
      R 9  buy $  4,382.51   sel     $16,200.00   [strat=friendly_rapport_builder]
      R10  buy $  5,338.24   sel     $16,100.00   [strat=friendly_rapport_builder]
      R11  buy $ 13,700.53   sel     $15,999.99   [strat=friendly_rapport_builder]
      R12  buy $  4,415.75   sel     $15,900.00   [strat=friendly_rapport_builder]
      R13  buy $ 11,609.72   sel     $15,800.00   [strat=friendly_rapport_builder]
      R14  buy $  6,570.47   sel     $15,799.99   [strat=friendly_rapport_builder]
      R15  buy $  8,368.09   sel     $15,750.00   [strat=friendly_rapport_builder]
      R16  buy $  9,088.45   sel     $15,700.00   [strat=friendly_rapport_builder]
   run 20 done in 5.1 min

   run 21/30 on 2016 Cadillac CTS 3.6 Luxury  seed=20461440
      R 1  buy $ 21,506.39   sel     $22,500.00   [strat=friendly_rapport_builder] *
      R 2  buy $ 11,047.79   sel     $21,000.00   [strat=friendly_rapport_builder]
      R 3  buy $ 18,674.16   sel     $19,800.00   [strat=friendly_rapport_builder]
      R 4  buy $  2,168.45   sel     $19,800.00   [strat=friendly_rapport_builder]
      R 5  buy $  7,172.48   sel     $19,800.00   [strat=friendly_rapport_builder]
      R 6  buy $ 19,331.89   sel     $19,331.89   [strat=friendly_rapport_builder]
      R 7  buy $ 19,282.34   sel     $19,282.34   [strat=friendly_rapport_builder]
      R 8  buy $ 18,497.86   sel     $19,282.34   [strat=friendly_rapport_builder]
      R 9  buy $ 18,332.04   sel     $19,282.34   [strat=friendly_rapport_builder]
      R10  buy $  4,012.80   sel     $19,282.34   [strat=friendly_rapport_builder]
      R11  buy $  9,978.05   sel     $19,282.34   [strat=friendly_rapport_builder]
      R12  buy $ 12,701.21   sel     $19,282.34   [strat=friendly_rapport_builder]
      R13  buy $  1,510.48   sel     $19,282.34   [strat=friendly_rapport_builder]
      R14  buy $  5,303.87   sel     $19,282.34   [strat=friendly_rapport_builder]
      R15  buy $ 11,328.28   sel     $19,282.34   [strat=friendly_rapport_builder]
      R16  buy $ 16,334.77   sel     $19,282.34   [strat=friendly_rapport_builder]
   run 21 done in 4.4 min

   run 22/30 on 2016 Cadillac CTS 3.6 Luxury  seed=20461441
      R 1  buy $ 20,122.58   sel     $22,500.00   [strat=friendly_rapport_builder] *
      R 2  buy $ 10,624.98   sel     $21,000.00   [strat=friendly_rapport_builder]
      R 3  buy $  2,195.12   sel     $19,500.00   [strat=friendly_rapport_builder]
      R 4  buy $  7,359.32   sel     $18,500.00   [strat=friendly_rapport_builder]
      R 5  buy $  2,406.27   sel     $17,500.00   [strat=friendly_rapport_builder]
      R 6  buy $ 13,751.51   sel     $16,500.00   [strat=friendly_rapport_builder]
      R 7  buy $  1,731.14   sel     $15,999.00   [strat=friendly_rapport_builder]
      R 8  buy $    420.85   sel     $15,500.00   [strat=friendly_rapport_builder]
      R 9  buy $  3,477.74   sel     $15,000.00   [strat=friendly_rapport_builder]
      R10  buy $    857.80   sel     $15,750.00   [strat=friendly_rapport_builder]
      R11  buy $ 12,288.66   sel     $14,500.00   [strat=friendly_rapport_builder]
      R12  buy $  3,469.42   sel     $14,250.00   [strat=friendly_rapport_builder]
      R13  buy $  7,856.85   sel     $14,000.00   [strat=friendly_rapport_builder]
      R14  buy $  9,580.89   sel     $15,800.00   [strat=friendly_rapport_builder]
      R15  buy $  1,501.99   sel     $14,900.00   [strat=friendly_rapport_builder]
      R16  buy $  5,211.21   sel     $14,750.00   [strat=friendly_rapport_builder]
   run 22 done in 6.0 min

   run 23/30 on 2016 Cadillac CTS 3.6 Luxury  seed=20461442
      R 1  buy $ 42,426.01   sel     $44,500.00   [strat=friendly_rapport_builder] *
      R 2  buy $ 24,144.91   sel     $39,500.00   [strat=friendly_rapport_builder]
      R 3  buy $ 24,377.64   sel     $37,000.00   [strat=friendly_rapport_builder]
      R 4  buy $ 25,358.19   sel     $35,000.00   [strat=friendly_rapport_builder]
      R 5  buy $ 19,950.14   sel     $33,500.00   [strat=friendly_rapport_builder]
      R 6  buy $ 26,165.37   sel     $32,000.00   [strat=friendly_rapport_builder]
      R 7  buy $  9,778.78   sel     $31,000.00   [strat=friendly_rapport_builder]
      R 8  buy $  6,297.66   sel     $30,500.00   [strat=friendly_rapport_builder]
      R 9  buy $ 15,362.78   sel     $30,000.00   [strat=friendly_rapport_builder]
      R10  buy $  7,957.69   sel     $29,500.00   [strat=friendly_rapport_builder]
      R11  buy $  8,123.04   sel     $29,000.00   [strat=friendly_rapport_builder]
      R12  buy $  4,882.90   sel     $28,500.00   [strat=friendly_rapport_builder]
      R13  buy $ 26,077.71   sel     $27,500.00   [strat=friendly_rapport_builder]
      R14  buy $  6,329.07   sel     $26,500.00   [strat=friendly_rapport_builder]
      R15  buy $ 23,831.51   sel     $24,500.00   [strat=friendly_rapport_builder]
      R16  buy $ 12,137.22   sel     $23,000.00   [strat=friendly_rapport_builder]
   run 23 done in 5.2 min

   run 24/30 on 2016 Cadillac CTS 3.6 Luxury  seed=20461443
      R 1  buy $ 38,410.03   sel     $43,000.00   [strat=friendly_rapport_builder] *
      R 2  buy $ 41,618.11   sel     $42,500.00   [strat=friendly_rapport_builder]
      R 3  buy $ 14,213.55   sel     $42,000.00   [strat=friendly_rapport_builder]
      R 4  buy $ 34,977.90   sel     $41,500.00   [strat=friendly_rapport_builder]
      R 5  buy $ 20,533.04   sel     $40,000.00   [strat=friendly_rapport_builder]
      R 6  buy $ 20,144.74   sel     $38,000.00   [strat=friendly_rapport_builder]
      R 7  buy $  7,017.06   sel     $37,500.00   [strat=friendly_rapport_builder]
      R 8  buy $ 33,091.69   sel     $36,000.00   [strat=friendly_rapport_builder]
      R 9  buy $ 23,320.31   sel     $35,000.00   [strat=friendly_rapport_builder]
      R10  buy $  2,014.56   sel     $34,500.00   [strat=friendly_rapport_builder]
      R11  buy $  7,959.38   sel     $33,000.00   [strat=friendly_rapport_builder]
      R12  buy $ 23,251.07   sel     $32,500.00   [strat=friendly_rapport_builder]
      R13  buy $ 27,868.04   sel     $32,000.00   [strat=friendly_rapport_builder]
      R14  buy $ 14,288.73   sel     $31,000.00   [strat=friendly_rapport_builder]
      R15  buy $  9,196.57   sel     $30,000.00   [strat=friendly_rapport_builder]
      R16  buy $ 14,871.35   sel     $29,000.00   [strat=friendly_rapport_builder]
   run 24 done in 5.0 min

   run 25/30 on 2016 Cadillac CTS 3.6 Luxury  seed=20461444
      R 1  buy $ 31,663.64   sel     $39,000.00   [strat=friendly_rapport_builder] *
      R 2  buy $ 18,079.72   sel     $34,500.00   [strat=friendly_rapport_builder]
      R 3  buy $ 10,052.56   sel     $30,000.00   [strat=friendly_rapport_builder]
      R 4  buy $ 27,522.89   sel     $29,500.00   [strat=friendly_rapport_builder]
      R 5  buy $  2,333.61   sel     $28,500.00   [strat=friendly_rapport_builder]
      R 6  buy $ 14,679.46   sel     $27,500.00   [strat=friendly_rapport_builder]
      R 7  buy $  8,929.79   sel     $26,500.00   [strat=friendly_rapport_builder]
      R 8  buy $ 17,817.87   sel     $25,000.00   [strat=friendly_rapport_builder]
      R 9  buy $ 14,976.72   sel     $24,500.00   [strat=friendly_rapport_builder]
      R10  buy $ 15,328.29   sel     $24,000.00   [strat=friendly_rapport_builder]
      R11  buy $  7,391.35   sel     $23,500.00   [strat=friendly_rapport_builder]
      R12  buy $  3,265.82   sel     $23,000.00   [strat=friendly_rapport_builder]
      R13  buy $ 17,731.12   sel     $22,500.00   [strat=friendly_rapport_builder]
      R14  buy $ 19,842.70   sel     $21,500.00   [strat=friendly_rapport_builder]
      R15  buy $ 10,699.33   sel     $20,500.00   [strat=friendly_rapport_builder]
      R16  buy $ 14,939.17   sel     $19,500.00   [strat=friendly_rapport_builder]
   run 25 done in 5.2 min

   run 26/30 on 2016 Cadillac CTS 3.6 Luxury  seed=20461445
      R 1  buy $  2,530.58   sel     $34,995.00   [strat=friendly_rapport_builder] *
      R 2  buy $ 12,443.14   sel     $31,500.00   [strat=friendly_rapport_builder]
      R 3  buy $  1,202.61   sel     $27,995.00   [strat=friendly_rapport_builder]
      R 4  buy $  3,506.34   sel     $25,995.00   [strat=friendly_rapport_builder]
      R 5  buy $  6,072.29   sel     $24,995.00   [strat=friendly_rapport_builder]
      R 6  buy $ 16,567.09   sel     $16,567.09   [strat=friendly_rapport_builder]
      R 7  buy $  3,676.84   sel     $24,995.00   [strat=friendly_rapport_builder]
      R 8  buy $ 20,503.97   sel     $20,503.97   [strat=friendly_rapport_builder]
      R 9  buy $ 11,051.82   sel     $19,995.00   [strat=friendly_rapport_builder]
      R10  buy $  8,162.74   sel     $18,995.00   [strat=friendly_rapport_builder]
      R11  buy $  2,137.22   sel     $17,500.00   [strat=friendly_rapport_builder]
      R12  buy $  3,764.44   sel     $16,995.00   [strat=friendly_rapport_builder]
      R13  buy $  4,233.52   sel     $16,500.00   [strat=friendly_rapport_builder]
      R14  buy $  8,380.48   sel     $16,495.00   [strat=friendly_rapport_builder]
      R15  buy $  2,245.73   sel     $16,250.00   [strat=friendly_rapport_builder]
      R16  buy $  2,188.69   sel     $16,000.00   [strat=friendly_rapport_builder]
   run 26 done in 5.4 min

   run 27/30 on 2016 Cadillac CTS 3.6 Luxury  seed=20461446
      R 1  buy $ 17,396.48   sel     $19,000.00   [strat=friendly_rapport_builder] *
      R 2  buy $  3,322.55   sel     $18,500.00   [strat=friendly_rapport_builder]
      R 3  buy $  7,536.11   sel     $17,800.00   [strat=friendly_rapport_builder]
      R 4  buy $ 16,397.35   sel     $17,250.00   [strat=friendly_rapport_builder]
      R 5  buy $  2,559.35   sel     $17,000.00   [strat=friendly_rapport_builder]
      R 6  buy $    283.51   sel     $16,500.00   [strat=friendly_rapport_builder]
      R 7  buy $ 13,582.12   sel     $16,200.00   [strat=friendly_rapport_builder]
      R 8  buy $ 13,133.96   sel     $15,900.00   [strat=friendly_rapport_builder]
      R 9  buy $  6,771.58   sel     $15,600.00   [strat=friendly_rapport_builder]
      R10  buy $  3,910.39   sel     $15,500.00   [strat=friendly_rapport_builder]
      R11  buy $  1,882.43   sel     $15,900.00   [strat=friendly_rapport_builder]
      R12  buy $ 14,629.38   sel     $15,500.00   [strat=friendly_rapport_builder]
      R13  buy $ 13,138.40   sel     $15,300.00   [strat=friendly_rapport_builder]
      R14  buy $  2,333.66   sel     $15,300.00   [strat=friendly_rapport_builder]
      R15  buy $  8,379.76   sel     $15,100.00   [strat=friendly_rapport_builder]
      R16  buy $  8,245.52   sel     $14,900.00   [strat=friendly_rapport_builder]
   run 27 done in 5.6 min

   run 28/30 on 2016 Cadillac CTS 3.6 Luxury  seed=20461447
      R 1  buy $ 23,581.44   sel     $26,500.00   [strat=friendly_rapport_builder] *
      R 2  buy $ 10,733.15   sel     $25,000.00   [strat=friendly_rapport_builder]
      R 3  buy $     92.24   sel     $24,500.00   [strat=friendly_rapport_builder]
      R 4  buy $  4,766.87   sel     $24,000.00   [strat=friendly_rapport_builder]
      R 5  buy $  4,149.23   sel     $23,500.00   [strat=friendly_rapport_builder]
      R 6  buy $  2,707.70   sel     $23,000.00   [strat=friendly_rapport_builder]
      R 7  buy $ 19,724.58   sel     $21,500.00   [strat=friendly_rapport_builder]
      R 8  buy $  6,998.58   sel     $20,000.00   [strat=friendly_rapport_builder]
      R 9  buy $  3,906.38   sel     $19,500.00   [strat=friendly_rapport_builder]
      R10  buy $  2,316.59   sel     $18,500.00   [strat=friendly_rapport_builder]
      R11  buy $ 13,093.19   sel     $17,000.00   [strat=friendly_rapport_builder]
      R12  buy $    604.06   sel     $16,500.00   [strat=friendly_rapport_builder]
      R13  buy $ 15,010.40   sel     $16,000.00   [strat=friendly_rapport_builder]
      R14  buy $  2,497.25   sel     $15,500.00   [strat=friendly_rapport_builder]
      R15  buy $  2,837.15   sel     $15,250.00   [strat=friendly_rapport_builder]
      R16  buy $  1,418.70   sel     $15,000.00   [strat=friendly_rapport_builder]
   run 28 done in 5.5 min

   run 29/30 on 2016 Cadillac CTS 3.6 Luxury  seed=20461448
      R 1  buy $ 15,914.54   sel     $17,000.00   [strat=friendly_rapport_builder] *
      R 2  buy $  7,511.97   sel     $16,500.00   [strat=friendly_rapport_builder]
      R 3  buy $ 13,849.09   sel     $16,250.00   [strat=friendly_rapport_builder]
      R 4  buy $ 11,848.02   sel     $16,000.00   [strat=friendly_rapport_builder]
      R 5  buy $  2,938.71   sel     $15,900.00   [strat=friendly_rapport_builder]
      R 6  buy $ 14,587.26   sel     $15,250.00   [strat=friendly_rapport_builder]
      R 7  buy $  4,138.72   sel     $15,800.00   [strat=friendly_rapport_builder]
      R 8  buy $  2,215.36   sel     $15,500.00   [strat=friendly_rapport_builder]
      R 9  buy $  4,772.22   sel     $15,400.00   [strat=friendly_rapport_builder]
      R10  buy $  1,316.83   sel     $15,400.00   [strat=friendly_rapport_builder]
      R11  buy $ 11,013.59   sel     $15,300.00   [strat=friendly_rapport_builder]
      R12  buy $ 10,524.15   sel     $15,000.00   [strat=friendly_rapport_builder]
      R13  buy $  3,080.64   sel     $15,000.00   [strat=friendly_rapport_builder]
      R14  buy $  4,742.38   sel     $15,000.00   [strat=friendly_rapport_builder]
      R15  buy $  7,340.56   sel     $15,800.00   [strat=friendly_rapport_builder]
      R16  buy $  9,459.10   sel     $15,500.00   [strat=friendly_rapport_builder]
   run 29 done in 6.2 min

   run 30/30 on 2016 Cadillac CTS 3.6 Luxury  seed=20461449
      R 1  buy $ 14,191.53   sel     $18,500.00   [strat=friendly_rapport_builder] *
      R 2  buy $  8,208.93   sel     $17,995.00   [strat=friendly_rapport_builder]
      R 3  buy $  4,610.17   sel     $17,500.00   [strat=friendly_rapport_builder]
      R 4  buy $ 13,910.55   sel     $17,000.00   [strat=friendly_rapport_builder]
      R 5  buy $  2,844.64   sel     $16,500.00   [strat=friendly_rapport_builder]
      R 6  buy $    103.88   sel     $16,000.00   [strat=friendly_rapport_builder]
      R 7  buy $  2,953.80   sel     $15,900.00   [strat=friendly_rapport_builder]
      R 8  buy $ 15,575.70   sel     $15,800.00   [strat=friendly_rapport_builder]
      R 9  buy $  3,055.87   sel     $15,750.00   [strat=friendly_rapport_builder]
      R10  buy $     95.21   sel     $15,750.00   [strat=friendly_rapport_builder]
      R11  buy $  2,967.44   sel     $15,700.00   [strat=friendly_rapport_builder]
      R12  buy $ 13,039.05   sel     $15,700.00   [strat=friendly_rapport_builder]
      R13  buy $ 13,459.53   sel     $15,750.00   [strat=friendly_rapport_builder]
      R14  buy $  2,627.44   sel     $15,750.00   [strat=friendly_rapport_builder]
      R15  buy $  7,183.69   sel     $15,800.00   [strat=friendly_rapport_builder]
      R16  buy $ 10,799.78   sel     $15,750.00   [strat=friendly_rapport_builder]
   run 30 done in 7.6 min

   ---> checkpoint: car 2/5 done in 167.1 min; total so far 303.2 min; saved 60 runs to exp02_fixed_friendly_rapport_builder.json

--- CAR 3/5: 2019 Honda Accord Sport 1.5T  (M=$28,000.00  cost=$14,000.00  cost/M=50.00%) ---

   run 1/30 on 2019 Honda Accord Sport 1.5T  seed=20462420
      R 1  buy $ 19,407.91   sel     $26,500.00   [strat=friendly_rapport_builder] *
      R 2  buy $ 14,202.65   sel     $25,500.00   [strat=friendly_rapport_builder]
      R 3  buy $  5,588.03   sel     $24,900.00   [strat=friendly_rapport_builder]
      R 4  buy $ 24,529.52   sel     $24,700.00   [strat=friendly_rapport_builder]
      R 5  buy $  2,145.28   sel     $24,600.00   [strat=friendly_rapport_builder]
      R 6  buy $ 16,172.61   sel     $24,400.00   [strat=friendly_rapport_builder]
      R 7  buy $  5,383.13   sel     $24,300.00   [strat=friendly_rapport_builder]
      R 8  buy $    927.80   sel     $24,200.00   [strat=friendly_rapport_builder]
      R 9  buy $ 10,921.89   sel     $24,100.00   [strat=friendly_rapport_builder]
      R10  buy $ 16,712.40   sel     $24,000.00   [strat=friendly_rapport_builder]
      R11  buy $ 13,059.27   sel     $23,900.00   [strat=friendly_rapport_builder]
      R12  buy $ 15,760.08   sel     $23,800.00   [strat=friendly_rapport_builder]
      R13  buy $  4,397.07   sel     $23,700.00   [strat=friendly_rapport_builder]
      R14  buy $ 15,098.74   sel     $23,600.00   [strat=friendly_rapport_builder]
      R15  buy $  3,782.53   sel     $23,500.00   [strat=friendly_rapport_builder]
      R16  buy $ 21,668.06   sel     $23,200.00   [strat=friendly_rapport_builder]
   run 1 done in 5.7 min

   run 2/30 on 2019 Honda Accord Sport 1.5T  seed=20462421
      R 1  buy $ 20,682.17   sel     $24,995.00   [strat=friendly_rapport_builder] *
      R 2  buy $  7,703.18   sel     $24,500.00   [strat=friendly_rapport_builder]
      R 3  buy $ 23,892.61   sel     $24,200.00   [strat=friendly_rapport_builder]
      R 4  buy $    576.39   sel     $24,000.00   [strat=friendly_rapport_builder]
      R 5  buy $  5,159.88   sel     $23,800.00   [strat=friendly_rapport_builder]
      R 6  buy $ 15,536.00   sel     $23,500.00   [strat=friendly_rapport_builder]
      R 7  buy $ 15,987.40   sel     $23,200.00   [strat=friendly_rapport_builder]
      R 8  buy $    312.17   sel     $22,800.00   [strat=friendly_rapport_builder]
      R 9  buy $ 14,128.72   sel     $22,500.00   [strat=friendly_rapport_builder]
      R10  buy $    537.14   sel     $22,000.00   [strat=friendly_rapport_builder]
      R11  buy $  7,077.24   sel     $21,500.00   [strat=friendly_rapport_builder]
      R12  buy $ 17,226.79   sel     $19,800.00   [strat=friendly_rapport_builder]
      R13  buy $ 13,155.92   sel     $18,500.00   [strat=friendly_rapport_builder]
      R14  buy $     54.65   sel     $17,800.00   [strat=friendly_rapport_builder]
      R15  buy $  7,952.22   sel     $17,000.00   [strat=friendly_rapport_builder]
      R16  buy $  1,914.92   sel     $16,500.00   [strat=friendly_rapport_builder]
   run 2 done in 5.4 min

   run 3/30 on 2019 Honda Accord Sport 1.5T  seed=20462422
      R 1  buy $  9,420.09   sel     $19,995.00   [strat=friendly_rapport_builder] *
      R 2  buy $ 18,713.23   sel     $19,500.00   [strat=friendly_rapport_builder]
      R 3  buy $ 10,531.45   sel     $18,500.00   [strat=friendly_rapport_builder]
      R 4  buy $ 12,182.40   sel     $17,000.00   [strat=friendly_rapport_builder]
      R 5  buy $ 12,300.66   sel     $16,500.00   [strat=friendly_rapport_builder]
      R 6  buy $ 10,253.28   sel     $16,500.00   [strat=friendly_rapport_builder]
      R 7  buy $  5,190.20   sel     $16,500.00   [strat=friendly_rapport_builder]
      R 8  buy $  5,829.66   sel     $15,500.00   [strat=friendly_rapport_builder]
      R 9  buy $ 11,950.12   sel     $15,000.00   [strat=friendly_rapport_builder]
      R10  buy $ 10,457.73   sel     $14,800.00   [strat=friendly_rapport_builder]
      R11  buy $    526.01   sel     $14,800.00   [strat=friendly_rapport_builder]
      R12  buy $ 10,174.05   sel     $14,500.00   [strat=friendly_rapport_builder]
      R13  buy $  8,754.58   sel     $14,400.00   [strat=friendly_rapport_builder]
      R14  buy $  9,902.92   sel     $14,300.00   [strat=friendly_rapport_builder]
      R15  buy $  9,129.13   sel     $14,200.00   [strat=friendly_rapport_builder]
      R16  buy $  8,275.87   sel     $14,100.00   [strat=friendly_rapport_builder]
   run 3 done in 6.1 min

   run 4/30 on 2019 Honda Accord Sport 1.5T  seed=20462423
      R 1  buy $ 26,298.98   sel     $27,500.00   [strat=friendly_rapport_builder] *
      R 2  buy $ 24,593.60   sel     $26,800.00   [strat=friendly_rapport_builder]
      R 3  buy $ 19,798.48   sel     $25,500.00   [strat=friendly_rapport_builder]
      R 4  buy $ 11,456.79   sel     $24,900.00   [strat=friendly_rapport_builder]
      R 5  buy $  9,152.11   sel     $24,500.00   [strat=friendly_rapport_builder]
      R 6  buy $ 14,672.86   sel     $24,000.00   [strat=friendly_rapport_builder]
      R 7  buy $ 17,741.64   sel     $23,500.00   [strat=friendly_rapport_builder]
      R 8  buy $ 19,772.74   sel     $23,000.00   [strat=friendly_rapport_builder]
      R 9  buy $ 14,451.50   sel     $22,500.00   [strat=friendly_rapport_builder]
      R10  buy $ 13,216.01   sel     $21,500.00   [strat=friendly_rapport_builder]
      R11  buy $  2,905.95   sel     $20,500.00   [strat=friendly_rapport_builder]
      R12  buy $  8,378.76   sel     $19,500.00   [strat=friendly_rapport_builder]
      R13  buy $ 11,738.64   sel     $19,000.00   [strat=friendly_rapport_builder]
      R14  buy $  2,475.74   sel     $18,500.00   [strat=friendly_rapport_builder]
      R15  buy $ 11,077.08   sel     $17,500.00   [strat=friendly_rapport_builder]
      R16  buy $  3,483.73   sel     $16,500.00   [strat=friendly_rapport_builder]
   run 4 done in 5.4 min

   run 5/30 on 2019 Honda Accord Sport 1.5T  seed=20462424
      R 1  buy $ 23,702.09   sel     $25,500.00   [strat=friendly_rapport_builder] *
      R 2  buy $  8,171.24   sel     $25,000.00   [strat=friendly_rapport_builder]
      R 3  buy $  3,466.08   sel     $24,500.00   [strat=friendly_rapport_builder]
      R 4  buy $ 23,478.11   sel     $23,478.11   [strat=friendly_rapport_builder]
      R 5  buy $ 11,013.88   sel     $24,000.00   [strat=friendly_rapport_builder]
      R 6  buy $ 18,318.31   sel     $23,000.00   [strat=friendly_rapport_builder]
      R 7  buy $  3,020.32   sel     $22,500.00   [strat=friendly_rapport_builder]
      R 8  buy $ 10,343.00   sel     $22,000.00   [strat=friendly_rapport_builder]
      R 9  buy $  4,050.45   sel     $21,500.00   [strat=friendly_rapport_builder]
      R10  buy $ 18,825.53   sel     $21,000.00   [strat=friendly_rapport_builder]
      R11  buy $  9,026.02   sel     $20,000.00   [strat=friendly_rapport_builder]
      R12  buy $  1,846.05   sel     $19,500.00   [strat=friendly_rapport_builder]
      R13  buy $    841.87   sel     $19,000.00   [strat=friendly_rapport_builder]
      R14  buy $  3,948.43   sel     $18,500.00   [strat=friendly_rapport_builder]
      R15  buy $  6,264.63   sel     $18,000.00   [strat=friendly_rapport_builder]
      R16  buy $ 14,502.90   sel     $17,000.00   [strat=friendly_rapport_builder]
   run 5 done in 6.1 min

   run 6/30 on 2019 Honda Accord Sport 1.5T  seed=20462425
      R 1  buy $ 15,288.47   sel     $18,500.00   [strat=friendly_rapport_builder] *
      R 2  buy $  3,085.47   sel     $18,500.00   [strat=friendly_rapport_builder]
      R 3  buy $ 13,476.78   sel     $18,000.00   [strat=friendly_rapport_builder]
      R 4  buy $ 12,357.15   sel     $17,500.00   [strat=friendly_rapport_builder]
      R 5  buy $  9,471.38   sel     $17,000.00   [strat=friendly_rapport_builder]
      R 6  buy $  8,450.25   sel     $16,500.00   [strat=friendly_rapport_builder]
      R 7  buy $  2,777.40   sel     $16,000.00   [strat=friendly_rapport_builder]
      R 8  buy $ 11,651.20   sel     $15,500.00   [strat=friendly_rapport_builder]
      R 9  buy $  3,319.85   sel     $15,250.00   [strat=friendly_rapport_builder]
      R10  buy $    902.90   sel     $15,000.00   [strat=friendly_rapport_builder]
      R11  buy $ 12,414.90   sel     $14,750.00   [strat=friendly_rapport_builder]
      R12  buy $    284.06   sel     $14,500.00   [strat=friendly_rapport_builder]
      R13  buy $  5,015.27   sel     $14,250.00   [strat=friendly_rapport_builder]
      R14  buy $  6,495.65   sel     $14,000.00   [strat=friendly_rapport_builder]
      R15  buy $ 11,556.23   sel     $13,750.00   [strat=friendly_rapport_builder]
      R16  buy $    105.57   sel     $13,500.00   [strat=friendly_rapport_builder]
   run 6 done in 6.0 min

   run 7/30 on 2019 Honda Accord Sport 1.5T  seed=20462426
      R 1  buy $ 20,696.58   sel     $26,500.00   [strat=friendly_rapport_builder] *
      R 2  buy $ 15,937.12   sel     $25,500.00   [strat=friendly_rapport_builder]
      R 3  buy $ 10,196.40   sel     $24,000.00   [strat=friendly_rapport_builder]
      R 4  buy $ 12,389.64   sel     $23,000.00   [strat=friendly_rapport_builder]
      R 5  buy $ 22,764.49   sel     $22,900.00   [strat=friendly_rapport_builder]
      R 6  buy $  3,072.71   sel     $22,000.00   [strat=friendly_rapport_builder]
      R 7  buy $  7,143.32   sel     $21,500.00   [strat=friendly_rapport_builder]
      R 8  buy $ 13,607.03   sel     $21,000.00   [strat=friendly_rapport_builder]
      R 9  buy $ 18,808.33   sel     $20,000.00   [strat=friendly_rapport_builder]
      R10  buy $  4,885.17   sel     $20,500.00   [strat=friendly_rapport_builder]
      R11  buy $  5,167.72   sel     $19,500.00   [strat=friendly_rapport_builder]
      R12  buy $ 13,559.30   sel     $18,500.00   [strat=friendly_rapport_builder]
      R13  buy $ 14,977.81   sel     $17,500.00   [strat=friendly_rapport_builder]
      R14  buy $  6,211.58   sel     $16,500.00   [strat=friendly_rapport_builder]
      R15  buy $  6,639.62   sel     $16,000.00   [strat=friendly_rapport_builder]
      R16  buy $  6,875.89   sel     $15,500.00   [strat=friendly_rapport_builder]
   run 7 done in 7.4 min

   run 8/30 on 2019 Honda Accord Sport 1.5T  seed=20462427
      R 1  buy $  9,731.09   sel     $16,000.00   [strat=friendly_rapport_builder] *
      R 2  buy $  4,992.20   sel     $15,500.00   [strat=friendly_rapport_builder]
      R 3  buy $ 13,542.16   sel     $15,000.00   [strat=friendly_rapport_builder]
      R 4  buy $ 10,871.39   sel     $14,500.00   [strat=friendly_rapport_builder]
      R 5  buy $  9,628.84   sel     $14,250.00   [strat=friendly_rapport_builder]
      R 6  buy $  8,317.64   sel     $14,200.00   [strat=friendly_rapport_builder]
      R 7  buy $  9,483.00   sel     $14,100.00   [strat=friendly_rapport_builder]
      R 8  buy $  2,947.72   sel     $14,000.00   [strat=friendly_rapport_builder]
      R 9  buy $ 11,230.31   sel     $14,000.00   [strat=friendly_rapport_builder]
      R10  buy $ 11,393.09   sel     $14,000.00   [strat=friendly_rapport_builder]
      R11  buy $ 12,762.96   sel     $14,000.00   [strat=friendly_rapport_builder]
      R12  buy $  7,907.21   sel     $14,000.00   [strat=friendly_rapport_builder]
      R13  buy $  8,180.85   sel     $14,000.00   [strat=friendly_rapport_builder]
      R14  buy $    823.14   sel     $14,000.00   [strat=friendly_rapport_builder]
      R15  buy $ 11,748.09   sel     $14,000.00   [strat=friendly_rapport_builder]
      R16  buy $ 11,013.73   sel     $14,000.00   [strat=friendly_rapport_builder]
   run 8 done in 10.0 min

   run 9/30 on 2019 Honda Accord Sport 1.5T  seed=20462428
      R 1  buy $ 18,280.00   sel     $24,500.00   [strat=friendly_rapport_builder] *
      R 2  buy $  9,308.65   sel     $22,000.00   [strat=friendly_rapport_builder]
      R 3  buy $  3,760.85   sel     $21,500.00   [strat=friendly_rapport_builder]
      R 4  buy $ 11,966.43   sel     $20,500.00   [strat=friendly_rapport_builder]
      R 5  buy $ 16,864.44   sel     $19,500.00   [strat=friendly_rapport_builder]
      R 6  buy $  6,409.63   sel     $19,000.00   [strat=friendly_rapport_builder]
      R 7  buy $  7,049.15   sel     $18,500.00   [strat=friendly_rapport_builder]
      R 8  buy $ 16,570.65   sel     $17,500.00   [strat=friendly_rapport_builder]
      R 9  buy $  4,016.70   sel     $16,800.00   [strat=friendly_rapport_builder]
      R10  buy $ 16,508.91   sel     $16,700.00   [strat=friendly_rapport_builder]
      R11  buy $  5,383.09   sel     $16,500.00   [strat=friendly_rapport_builder]
      R12  buy $  3,503.46   sel     $16,500.00   [strat=friendly_rapport_builder]
      R13  buy $  3,608.12   sel     $16,500.00   [strat=friendly_rapport_builder]
      R14  buy $ 14,410.89   sel     $15,500.00   [strat=friendly_rapport_builder]
      R15  buy $  8,965.95   sel     $14,800.00   [strat=friendly_rapport_builder]
      R16  buy $  9,380.44   sel     $14,500.00   [strat=friendly_rapport_builder]
   run 9 done in 5.8 min

   run 10/30 on 2019 Honda Accord Sport 1.5T  seed=20462429
      R 1  buy $    177.55   sel     $24,500.00   [strat=friendly_rapport_builder] *
      R 2  buy $ 18,970.51   sel     $22,000.00   [strat=friendly_rapport_builder]
      R 3  buy $ 10,947.42   sel     $22,000.00   [strat=friendly_rapport_builder]
      R 4  buy $ 12,910.98   sel     $20,000.00   [strat=friendly_rapport_builder]
      R 5  buy $  6,412.83   sel     $19,500.00   [strat=friendly_rapport_builder]
      R 6  buy $  3,612.09   sel     $18,500.00   [strat=friendly_rapport_builder]
      R 7  buy $  2,299.83   sel     $17,500.00   [strat=friendly_rapport_builder]
      R 8  buy $ 17,222.05   sel     $17,360.00   [strat=friendly_rapport_builder]
      R 9  buy $ 15,382.11   sel     $16,500.00   [strat=friendly_rapport_builder]
      R10  buy $  6,152.59   sel     $16,000.00   [strat=friendly_rapport_builder]
      R11  buy $ 15,881.55   sel     $15,881.55   [strat=friendly_rapport_builder]
      R12  buy $  7,849.39   sel     $15,500.00   [strat=friendly_rapport_builder]
      R13  buy $  9,738.44   sel     $15,000.00   [strat=friendly_rapport_builder]
      R14  buy $ 10,720.13   sel     $14,500.00   [strat=friendly_rapport_builder]
      R15  buy $  1,584.48   sel     $14,250.00   [strat=friendly_rapport_builder]
      R16  buy $ 11,232.93   sel     $14,100.00   [strat=friendly_rapport_builder]
   run 10 done in 7.9 min

   run 11/30 on 2019 Honda Accord Sport 1.5T  seed=20462430
      R 1  buy $ 26,480.60   sel     $27,500.00   [strat=friendly_rapport_builder] *
      R 2  buy $ 18,475.70   sel     $27,000.00   [strat=friendly_rapport_builder]
      R 3  buy $ 18,364.82   sel     $26,500.00   [strat=friendly_rapport_builder]
      R 4  buy $  4,780.88   sel     $26,000.00   [strat=friendly_rapport_builder]
      R 5  buy $ 18,941.99   sel     $25,500.00   [strat=friendly_rapport_builder]
      R 6  buy $ 12,363.77   sel     $24,500.00   [strat=friendly_rapport_builder]
      R 7  buy $ 16,253.51   sel     $23,500.00   [strat=friendly_rapport_builder]
      R 8  buy $  4,567.63   sel     $23,000.00   [strat=friendly_rapport_builder]
      R 9  buy $ 15,108.59   sel     $19,500.00   [strat=friendly_rapport_builder]
      R10  buy $  3,944.38   sel     $18,000.00   [strat=friendly_rapport_builder]
      R11  buy $ 15,371.17   sel     $17,500.00   [strat=friendly_rapport_builder]
      R12  buy $ 12,571.97   sel     $16,500.00   [strat=friendly_rapport_builder]
      R13  buy $  2,324.14   sel     $15,500.00   [strat=friendly_rapport_builder]
      R14  buy $  8,837.27   sel     $14,750.00   [strat=friendly_rapport_builder]
      R15  buy $    329.83   sel     $14,500.00   [strat=friendly_rapport_builder]
      R16  buy $  2,815.08   sel     $14,250.00   [strat=friendly_rapport_builder]
   run 11 done in 7.1 min

   run 12/30 on 2019 Honda Accord Sport 1.5T  seed=20462431
      R 1  buy $ 12,962.60   sel     $19,500.00   [strat=friendly_rapport_builder] *
      R 2  buy $  2,168.87   sel     $18,750.00   [strat=friendly_rapport_builder]
      R 3  buy $  8,470.66   sel     $17,500.00   [strat=friendly_rapport_builder]
      R 4  buy $ 17,314.53   sel     $17,314.53   [strat=friendly_rapport_builder]
      R 5  buy $ 15,272.83   sel     $16,750.00   [strat=friendly_rapport_builder]
      R 6  buy $ 15,659.67   sel     $16,200.00   [strat=friendly_rapport_builder]
      R 7  buy $     71.76   sel     $16,000.00   [strat=friendly_rapport_builder]
      R 8  buy $  4,222.38   sel     $16,000.00   [strat=friendly_rapport_builder]
      R 9  buy $  8,700.33   sel     $15,750.00   [strat=friendly_rapport_builder]
      R10  buy $ 14,629.35   sel     $15,500.00   [strat=friendly_rapport_builder]
      R11  buy $  2,051.56   sel     $15,000.00   [strat=friendly_rapport_builder]
      R12  buy $  9,499.58   sel     $14,500.00   [strat=friendly_rapport_builder]
      R13  buy $  1,939.80   sel     $14,400.00   [strat=friendly_rapport_builder]
      R14  buy $ 11,786.18   sel     $14,200.00   [strat=friendly_rapport_builder]
      R15  buy $ 10,632.73   sel     $14,100.00   [strat=friendly_rapport_builder]
      R16  buy $  4,116.72   sel     $14,000.00   [strat=friendly_rapport_builder]
   run 12 done in 7.5 min

   run 13/30 on 2019 Honda Accord Sport 1.5T  seed=20462432
      R 1  buy $ 11,770.34   sel     $16,500.00   [strat=friendly_rapport_builder] *
      R 2  buy $  8,806.54   sel     $15,900.00   [strat=friendly_rapport_builder]
      R 3  buy $  5,384.31   sel     $15,400.00   [strat=friendly_rapport_builder]
      R 4  buy $    148.20   sel     $15,200.00   [strat=friendly_rapport_builder]
      R 5  buy $    764.08   sel     $14,900.00   [strat=friendly_rapport_builder]
      R 6  buy $    911.02   sel     $14,900.00   [strat=friendly_rapport_builder]
      R 7  buy $  2,949.77   sel     $14,900.00   [strat=friendly_rapport_builder]
      R 8  buy $  9,119.12   sel     $14,800.00   [strat=friendly_rapport_builder]
      R 9  buy $  7,347.87   sel     $14,600.00   [strat=friendly_rapport_builder]
      R10  buy $  8,896.41   sel     $14,400.00   [strat=friendly_rapport_builder]
      R11  buy $ 10,244.56   sel     $14,200.00   [strat=friendly_rapport_builder]
      R12  buy $  2,829.69   sel     $14,000.00   [strat=friendly_rapport_builder]
      R13  buy $ 10,473.89   sel     $13,800.00   [strat=friendly_rapport_builder]
      R14  buy $  7,861.24   sel     $13,800.00   [strat=friendly_rapport_builder]
      R15  buy $ 13,013.82   sel     $13,600.00   [strat=friendly_rapport_builder]
      R16  buy $  8,700.69   sel     $13,400.00   [strat=friendly_rapport_builder]
   run 13 done in 6.1 min

   run 14/30 on 2019 Honda Accord Sport 1.5T  seed=20462433
      R 1  buy $ 11,987.56   sel     $19,500.00   [strat=friendly_rapport_builder] *
      R 2  buy $ 10,346.96   sel     $18,500.00   [strat=friendly_rapport_builder]
      R 3  buy $  4,129.74   sel     $17,500.00   [strat=friendly_rapport_builder]
      R 4  buy $  2,260.08   sel     $17,000.00   [strat=friendly_rapport_builder]
      R 5  buy $    409.14   sel     $16,500.00   [strat=friendly_rapport_builder]
      R 6  buy $ 14,723.59   sel     $16,250.00   [strat=friendly_rapport_builder]
      R 7  buy $ 14,508.30   sel     $15,500.00   [strat=friendly_rapport_builder]
      R 8  buy $ 11,485.97   sel     $15,000.00   [strat=friendly_rapport_builder]
      R 9  buy $    180.70   sel     $15,000.00   [strat=friendly_rapport_builder]
      R10  buy $  1,900.37   sel     $14,500.00   [strat=friendly_rapport_builder]
      R11  buy $  5,251.63   sel     $14,250.00   [strat=friendly_rapport_builder]
      R12  buy $  4,074.67   sel     $14,200.00   [strat=friendly_rapport_builder]
      R13  buy $ 10,769.02   sel     $14,100.00   [strat=friendly_rapport_builder]
      R14  buy $  8,763.25   sel     $13,900.00   [strat=friendly_rapport_builder]
      R15  buy $  1,893.94   sel     $13,800.00   [strat=friendly_rapport_builder]
      R16  buy $  5,263.27   sel     $13,750.00   [strat=friendly_rapport_builder]
   run 14 done in 6.6 min

   run 15/30 on 2019 Honda Accord Sport 1.5T  seed=20462434
      R 1  buy $ 18,318.68   sel     $23,995.00   [strat=friendly_rapport_builder] *
      R 2  buy $ 23,698.90   sel     $23,800.00   [strat=friendly_rapport_builder]
      R 3  buy $ 13,652.90   sel     $22,500.00   [strat=friendly_rapport_builder]
      R 4  buy $  1,241.75   sel     $22,000.00   [strat=friendly_rapport_builder]
      R 5  buy $  3,612.60   sel     $21,500.00   [strat=friendly_rapport_builder]
      R 6  buy $    968.61   sel     $20,000.00   [strat=friendly_rapport_builder]
      R 7  buy $  5,086.58   sel     $19,500.00   [strat=friendly_rapport_builder]
      R 8  buy $  5,858.79   sel     $18,500.00   [strat=friendly_rapport_builder]
      R 9  buy $  5,463.37   sel     $17,500.00   [strat=friendly_rapport_builder]
      R10  buy $  6,016.52   sel     $17,000.00   [strat=friendly_rapport_builder]
      R11  buy $ 10,702.03   sel     $16,500.00   [strat=friendly_rapport_builder]
      R12  buy $  6,530.07   sel     $16,000.00   [strat=friendly_rapport_builder]
      R13  buy $    939.33   sel     $15,500.00   [strat=friendly_rapport_builder]
      R14  buy $ 13,806.53   sel     $15,000.00   [strat=friendly_rapport_builder]
      R15  buy $  5,757.98   sel     $14,500.00   [strat=friendly_rapport_builder]
      R16  buy $  2,497.07   sel     $14,400.00   [strat=friendly_rapport_builder]
   run 15 done in 6.0 min

   run 16/30 on 2019 Honda Accord Sport 1.5T  seed=20462435
      R 1  buy $ 27,182.49   sel     $27,799.00   [strat=friendly_rapport_builder] *
      R 2  buy $ 10,104.44   sel     $27,400.00   [strat=friendly_rapport_builder]
      R 3  buy $  3,121.75   sel     $27,000.00   [strat=friendly_rapport_builder]
      R 4  buy $ 10,004.36   sel     $26,500.00   [strat=friendly_rapport_builder]
      R 5  buy $ 25,190.38   sel     $26,000.00   [strat=friendly_rapport_builder]
      R 6  buy $  5,979.05   sel     $25,500.00   [strat=friendly_rapport_builder]
      R 7  buy $ 17,713.22   sel     $23,500.00   [strat=friendly_rapport_builder]
      R 8  buy $ 19,331.14   sel     $21,500.00   [strat=friendly_rapport_builder]
      R 9  buy $ 19,042.84   sel     $20,500.00   [strat=friendly_rapport_builder]
      R10  buy $ 13,541.10   sel     $19,000.00   [strat=friendly_rapport_builder]
      R11  buy $  3,815.98   sel     $18,500.00   [strat=friendly_rapport_builder]
      R12  buy $ 10,478.18   sel     $18,000.00   [strat=friendly_rapport_builder]
      R13  buy $ 12,762.63   sel     $17,500.00   [strat=friendly_rapport_builder]
      R14  buy $  3,149.28   sel     $17,000.00   [strat=friendly_rapport_builder]
      R15  buy $ 10,470.81   sel     $16,500.00   [strat=friendly_rapport_builder]
      R16  buy $  4,740.71   sel     $16,000.00   [strat=friendly_rapport_builder]
   run 16 done in 6.5 min

   run 17/30 on 2019 Honda Accord Sport 1.5T  seed=20462436
      R 1  buy $ 27,480.88   sel     $27,800.00   [strat=friendly_rapport_builder] *
      R 2  buy $    243.43   sel     $27,500.00   [strat=friendly_rapport_builder]
      R 3  buy $ 15,962.84   sel     $26,500.00   [strat=friendly_rapport_builder]
      R 4  buy $ 19,683.89   sel     $24,000.00   [strat=friendly_rapport_builder]
      R 5  buy $  4,842.83   sel     $22,000.00   [strat=friendly_rapport_builder]
      R 6  buy $  1,862.08   sel     $21,500.00   [strat=friendly_rapport_builder]
      R 7  buy $ 18,678.64   sel     $20,000.00   [strat=friendly_rapport_builder]
      R 8  buy $ 14,984.41   sel     $19,500.00   [strat=friendly_rapport_builder]
      R 9  buy $  4,099.48   sel     $19,000.00   [strat=friendly_rapport_builder]
      R10  buy $ 12,037.59   sel     $18,500.00   [strat=friendly_rapport_builder]
      R11  buy $ 12,395.54   sel     $18,000.00   [strat=friendly_rapport_builder]
      R12  buy $  2,928.20   sel     $17,500.00   [strat=friendly_rapport_builder]
      R13  buy $ 14,035.84   sel     $16,500.00   [strat=friendly_rapport_builder]
      R14  buy $  4,062.14   sel     $15,500.00   [strat=friendly_rapport_builder]
      R15  buy $ 13,155.97   sel     $15,000.00   [strat=friendly_rapport_builder]
      R16  buy $ 12,403.89   sel     $14,500.00   [strat=friendly_rapport_builder]
   run 17 done in 7.4 min

   run 18/30 on 2019 Honda Accord Sport 1.5T  seed=20462437
      R 1  buy $ 10,259.06   sel     $25,500.00   [strat=friendly_rapport_builder] *
      R 2  buy $ 22,728.90   sel     $24,200.00   [strat=friendly_rapport_builder]
      R 3  buy $ 13,682.65   sel     $23,800.00   [strat=friendly_rapport_builder]
      R 4  buy $  6,063.04   sel     $23,500.00   [strat=friendly_rapport_builder]
      R 5  buy $ 13,206.63   sel     $22,000.00   [strat=friendly_rapport_builder]
      R 6  buy $ 17,160.46   sel     $21,500.00   [strat=friendly_rapport_builder]
      R 7  buy $  8,844.82   sel     $21,000.00   [strat=friendly_rapport_builder]
      R 8  buy $ 15,652.30   sel     $20,000.00   [strat=friendly_rapport_builder]
      R 9  buy $  1,162.54   sel     $19,500.00   [strat=friendly_rapport_builder]
      R10  buy $ 18,188.56   sel     $18,900.00   [strat=friendly_rapport_builder]
      R11  buy $ 13,158.97   sel     $18,500.00   [strat=friendly_rapport_builder]
      R12  buy $ 13,942.38   sel     $18,300.00   [strat=friendly_rapport_builder]
      R13  buy $ 14,088.70   sel     $17,900.00   [strat=friendly_rapport_builder]
      R14  buy $    666.51   sel     $17,500.00   [strat=friendly_rapport_builder]
      R15  buy $ 14,248.29   sel     $17,200.00   [strat=friendly_rapport_builder]
      R16  buy $  5,286.56   sel     $17,000.00   [strat=friendly_rapport_builder]
   run 18 done in 8.0 min

   run 19/30 on 2019 Honda Accord Sport 1.5T  seed=20462438
      R 1  buy $ 16,250.85   sel     $18,495.00   [strat=friendly_rapport_builder] *
      R 2  buy $ 10,262.61   sel     $17,500.00   [strat=friendly_rapport_builder]
      R 3  buy $  9,657.59   sel     $16,500.00   [strat=friendly_rapport_builder]
      R 4  buy $ 13,609.05   sel     $15,000.00   [strat=friendly_rapport_builder]
      R 5  buy $ 14,549.02   sel     $14,800.00   [strat=friendly_rapport_builder]
      R 6  buy $  8,554.28   sel     $14,800.00   [strat=friendly_rapport_builder]
      R 7  buy $  1,578.96   sel     $14,600.00   [strat=friendly_rapport_builder]
      R 8  buy $  9,998.90   sel     $14,400.00   [strat=friendly_rapport_builder]
      R 9  buy $ 13,596.33   sel     $14,200.00   [strat=friendly_rapport_builder]
      R10  buy $  2,620.88   sel     $14,100.00   [strat=friendly_rapport_builder]
      R11  buy $  3,429.72   sel     $14,100.00   [strat=friendly_rapport_builder]
      R12  buy $ 13,812.84   sel     $14,150.00   [strat=friendly_rapport_builder]
      R13  buy $  5,195.55   sel     $14,050.00   [strat=friendly_rapport_builder]
      R14  buy $  5,613.79   sel     $14,000.00   [strat=friendly_rapport_builder]
      R15  buy $    919.84   sel     $14,000.00   [strat=friendly_rapport_builder]
      R16  buy $    671.30   sel     $14,000.00   [strat=friendly_rapport_builder]
   run 19 done in 7.8 min

   run 20/30 on 2019 Honda Accord Sport 1.5T  seed=20462439
      R 1  buy $  1,744.06   sel     $25,500.00   [strat=friendly_rapport_builder] *
      R 2  buy $  7,185.98   sel     $24,000.00   [strat=friendly_rapport_builder]
      R 3  buy $  1,138.37   sel     $22,500.00   [strat=friendly_rapport_builder]
      R 4  buy $ 11,774.30   sel     $21,000.00   [strat=friendly_rapport_builder]
      R 5  buy $ 18,508.50   sel     $20,000.00   [strat=friendly_rapport_builder]
      R 6  buy $ 14,291.81   sel     $19,500.00   [strat=friendly_rapport_builder]
      R 7  buy $  9,113.56   sel     $19,500.00   [strat=friendly_rapport_builder]
      R 8  buy $  6,802.85   sel     $19,000.00   [strat=friendly_rapport_builder]
      R 9  buy $ 10,049.00   sel     $18,500.00   [strat=friendly_rapport_builder]
      R10  buy $ 10,389.60   sel     $17,000.00   [strat=friendly_rapport_builder]
      R11  buy $  3,491.92   sel     $16,500.00   [strat=friendly_rapport_builder]
      R12  buy $  5,914.53   sel     $16,000.00   [strat=friendly_rapport_builder]
      R13  buy $ 10,053.51   sel     $15,500.00   [strat=friendly_rapport_builder]
      R14  buy $ 13,965.83   sel     $15,000.00   [strat=friendly_rapport_builder]
      R15  buy $ 10,590.01   sel     $14,500.00   [strat=friendly_rapport_builder]
      R16  buy $  1,216.01   sel     $14,250.00   [strat=friendly_rapport_builder]
   run 20 done in 7.7 min

   run 21/30 on 2019 Honda Accord Sport 1.5T  seed=20462440
      R 1  buy $  5,521.80   sel     $25,500.00   [strat=friendly_rapport_builder] *
      R 2  buy $ 18,188.72   sel     $23,000.00   [strat=friendly_rapport_builder]
      R 3  buy $  3,346.92   sel     $22,500.00   [strat=friendly_rapport_builder]
      R 4  buy $  3,719.77   sel     $21,500.00   [strat=friendly_rapport_builder]
      R 5  buy $ 16,149.74   sel     $19,000.00   [strat=friendly_rapport_builder]
      R 6  buy $ 17,608.66   sel     $18,500.00   [strat=friendly_rapport_builder]
      R 7  buy $ 17,858.44   sel     $18,200.00   [strat=friendly_rapport_builder]
      R 8  buy $ 11,281.69   sel     $18,000.00   [strat=friendly_rapport_builder]
      R 9  buy $    241.03   sel     $17,800.00   [strat=friendly_rapport_builder]
      R10  buy $  8,858.26   sel     $17,500.00   [strat=friendly_rapport_builder]
      R11  buy $  4,476.83   sel     $17,300.00   [strat=friendly_rapport_builder]
      R12  buy $ 10,243.78   sel     $17,000.00   [strat=friendly_rapport_builder]
      R13  buy $  3,841.96   sel     $16,500.00   [strat=friendly_rapport_builder]
      R14  buy $  3,147.63   sel     $16,000.00   [strat=friendly_rapport_builder]
      R15  buy $ 14,711.42   sel     $15,500.00   [strat=friendly_rapport_builder]
      R16  buy $ 11,455.95   sel     $15,000.00   [strat=friendly_rapport_builder]
   run 21 done in 6.6 min

   run 22/30 on 2019 Honda Accord Sport 1.5T  seed=20462441
      R 1  buy $  4,926.76   sel     $25,500.00   [strat=friendly_rapport_builder] *
      R 2  buy $ 23,515.25   sel     $24,500.00   [strat=friendly_rapport_builder]
      R 3  buy $ 18,965.98   sel     $23,900.00   [strat=friendly_rapport_builder]
      R 4  buy $  4,688.77   sel     $23,900.00   [strat=friendly_rapport_builder]
      R 5  buy $     74.91   sel     $23,800.00   [strat=friendly_rapport_builder]
      R 6  buy $  6,588.85   sel     $23,750.00   [strat=friendly_rapport_builder]
      R 7  buy $ 13,498.30   sel     $23,700.00   [strat=friendly_rapport_builder]
      R 8  buy $ 21,916.12   sel     $23,000.00   [strat=friendly_rapport_builder]
      R 9  buy $ 18,492.07   sel     $22,800.00   [strat=friendly_rapport_builder]
      R10  buy $ 22,724.81   sel     $22,750.00   [strat=friendly_rapport_builder]
      R11  buy $  5,273.52   sel     $22,700.00   [strat=friendly_rapport_builder]
      R12  buy $  9,218.82   sel     $22,600.00   [strat=friendly_rapport_builder]
      R13  buy $  1,100.41   sel     $22,500.00   [strat=friendly_rapport_builder]
      R14  buy $ 13,120.09   sel     $22,400.00   [strat=friendly_rapport_builder]
      R15  buy $  5,795.87   sel     $22,200.00   [strat=friendly_rapport_builder]
      R16  buy $  6,646.57   sel     $22,000.00   [strat=friendly_rapport_builder]
   run 22 done in 6.8 min

   run 23/30 on 2019 Honda Accord Sport 1.5T  seed=20462442
      R 1  buy $ 21,496.85   sel     $26,500.00   [strat=friendly_rapport_builder] *
      R 2  buy $ 13,044.23   sel     $24,500.00   [strat=friendly_rapport_builder]
      R 3  buy $ 12,433.32   sel     $23,000.00   [strat=friendly_rapport_builder]
      R 4  buy $ 13,401.41   sel     $22,500.00   [strat=friendly_rapport_builder]
      R 5  buy $ 14,658.32   sel     $21,500.00   [strat=friendly_rapport_builder]
      R 6  buy $  3,750.87   sel     $21,000.00   [strat=friendly_rapport_builder]
      R 7  buy $ 15,944.70   sel     $20,500.00   [strat=friendly_rapport_builder]
      R 8  buy $ 15,138.26   sel     $19,500.00   [strat=friendly_rapport_builder]
      R 9  buy $ 10,587.85   sel     $18,500.00   [strat=friendly_rapport_builder]
      R10  buy $  8,126.43   sel     $18,000.00   [strat=friendly_rapport_builder]
      R11  buy $  2,698.85   sel     $17,500.00   [strat=friendly_rapport_builder]
      R12  buy $  2,980.47   sel     $17,000.00   [strat=friendly_rapport_builder]
      R13  buy $ 10,636.75   sel     $16,500.00   [strat=friendly_rapport_builder]
      R14  buy $  1,663.59   sel     $16,000.00   [strat=friendly_rapport_builder]
      R15  buy $ 12,456.92   sel     $15,500.00   [strat=friendly_rapport_builder]
      R16  buy $  2,208.11   sel     $15,000.00   [strat=friendly_rapport_builder]
   run 23 done in 6.3 min

   run 24/30 on 2019 Honda Accord Sport 1.5T  seed=20462443
      R 1  buy $ 25,777.97   sel     $27,499.00   [strat=friendly_rapport_builder] *
      R 2  buy $ 15,900.41   sel     $26,999.00   [strat=friendly_rapport_builder]
      R 3  buy $ 11,175.02   sel     $26,500.00   [strat=friendly_rapport_builder]
      R 4  buy $ 14,991.44   sel     $26,000.00   [strat=friendly_rapport_builder]
      R 5  buy $ 25,487.88   sel     $25,750.00   [strat=friendly_rapport_builder]
      R 6  buy $  8,496.79   sel     $25,500.00   [strat=friendly_rapport_builder]
      R 7  buy $ 24,979.99   sel     $25,250.00   [strat=friendly_rapport_builder]
      R 8  buy $ 10,744.80   sel     $25,000.00   [strat=friendly_rapport_builder]
      R 9  buy $ 21,351.27   sel     $24,500.00   [strat=friendly_rapport_builder]
      R10  buy $ 19,147.37   sel     $24,000.00   [strat=friendly_rapport_builder]
      R11  buy $  5,076.65   sel     $23,500.00   [strat=friendly_rapport_builder]
      R12  buy $ 13,499.07   sel     $22,500.00   [strat=friendly_rapport_builder]
      R13  buy $ 21,054.76   sel     $21,500.00   [strat=friendly_rapport_builder]
      R14  buy $ 15,586.00   sel     $20,000.00   [strat=friendly_rapport_builder]
      R15  buy $    157.14   sel     $19,500.00   [strat=friendly_rapport_builder]
      R16  buy $ 15,120.59   sel     $18,500.00   [strat=friendly_rapport_builder]
   run 24 done in 6.5 min

   run 25/30 on 2019 Honda Accord Sport 1.5T  seed=20462444
      R 1  buy $  7,850.94   sel     $24,000.00   [strat=friendly_rapport_builder] *
      R 2  buy $ 17,416.41   sel     $22,500.00   [strat=friendly_rapport_builder]
      R 3  buy $ 11,125.64   sel     $21,800.00   [strat=friendly_rapport_builder]
      R 4  buy $ 21,527.80   sel     $21,600.00   [strat=friendly_rapport_builder]
      R 5  buy $ 17,062.77   sel     $21,200.00   [strat=friendly_rapport_builder]
      R 6  buy $  3,652.16   sel     $20,800.00   [strat=friendly_rapport_builder]
      R 7  buy $ 10,073.68   sel     $20,500.00   [strat=friendly_rapport_builder]
      R 8  buy $  3,170.91   sel     $20,000.00   [strat=friendly_rapport_builder]
      R 9  buy $  6,110.37   sel     $19,500.00   [strat=friendly_rapport_builder]
      R10  buy $ 13,699.43   sel     $19,000.00   [strat=friendly_rapport_builder]
      R11  buy $ 13,620.19   sel     $18,600.00   [strat=friendly_rapport_builder]
      R12  buy $ 12,332.78   sel     $18,200.00   [strat=friendly_rapport_builder]
      R13  buy $  2,926.47   sel     $17,800.00   [strat=friendly_rapport_builder]
      R14  buy $  3,884.87   sel     $17,500.00   [strat=friendly_rapport_builder]
      R15  buy $  9,809.32   sel     $17,000.00   [strat=friendly_rapport_builder]
      R16  buy $  4,209.32   sel     $16,500.00   [strat=friendly_rapport_builder]
   run 25 done in 8.5 min

   run 26/30 on 2019 Honda Accord Sport 1.5T  seed=20462445
      R 1  buy $ 17,458.12   sel     $19,499.00   [strat=friendly_rapport_builder] *
      R 2  buy $  6,948.54   sel     $18,500.00   [strat=friendly_rapport_builder]
      R 3  buy $ 15,748.51   sel     $17,999.00   [strat=friendly_rapport_builder]
      R 4  buy $  4,215.86   sel     $17,999.00   [strat=friendly_rapport_builder]
      R 5  buy $    232.60   sel     $17,500.00   [strat=friendly_rapport_builder]
      R 6  buy $ 12,058.04   sel     $17,000.00   [strat=friendly_rapport_builder]
      R 7  buy $ 13,320.67   sel     $16,500.00   [strat=friendly_rapport_builder]
      R 8  buy $  4,970.29   sel     $16,000.00   [strat=friendly_rapport_builder]
      R 9  buy $  2,050.51   sel     $15,500.00   [strat=friendly_rapport_builder]
      R10  buy $  8,100.67   sel     $15,000.00   [strat=friendly_rapport_builder]
      R11  buy $ 13,582.40   sel     $14,750.00   [strat=friendly_rapport_builder]
      R12  buy $  9,697.90   sel     $14,500.00   [strat=friendly_rapport_builder]
      R13  buy $  4,234.91   sel     $14,250.00   [strat=friendly_rapport_builder]
      R14  buy $ 10,899.37   sel     $14,200.00   [strat=friendly_rapport_builder]
      R15  buy $ 12,304.32   sel     $14,100.00   [strat=friendly_rapport_builder]
      R16  buy $ 11,192.19   sel     $14,000.00   [strat=friendly_rapport_builder]
   run 26 done in 6.7 min

   run 27/30 on 2019 Honda Accord Sport 1.5T  seed=20462446
      R 1  buy $  5,638.87   sel     $25,500.00   [strat=friendly_rapport_builder] *
      R 2  buy $    312.94   sel     $25,500.00   [strat=friendly_rapport_builder]
      R 3  buy $    171.37   sel     $25,500.00   [strat=friendly_rapport_builder]
      R 4  buy $  4,169.58   sel     $24,500.00   [strat=friendly_rapport_builder]
      R 5  buy $ 16,069.08   sel     $23,500.00   [strat=friendly_rapport_builder]
      R 6  buy $    542.55   sel     $23,500.00   [strat=friendly_rapport_builder]
      R 7  buy $    602.63   sel     $22,500.00   [strat=friendly_rapport_builder]
      R 8  buy $  5,849.90   sel     $21,500.00   [strat=friendly_rapport_builder]
      R 9  buy $  8,396.54   sel     $20,500.00   [strat=friendly_rapport_builder]
      R10  buy $  7,538.13   sel     $20,500.00   [strat=friendly_rapport_builder]
      R11  buy $  2,577.49   sel     $20,500.00   [strat=friendly_rapport_builder]
      R12  buy $  2,655.78   sel     $19,500.00   [strat=friendly_rapport_builder]
      R13  buy $  9,669.50   sel     $18,500.00   [strat=friendly_rapport_builder]
      R14  buy $ 15,482.80   sel     $17,500.00   [strat=friendly_rapport_builder]
      R15  buy $ 10,136.13   sel     $17,000.00   [strat=friendly_rapport_builder]
      R16  buy $ 15,777.66   sel     $16,500.00   [strat=friendly_rapport_builder]
   run 27 done in 6.3 min

   run 28/30 on 2019 Honda Accord Sport 1.5T  seed=20462447
      R 1  buy $  6,389.52   sel     $24,999.99   [strat=friendly_rapport_builder] *
      R 2  buy $  6,781.20   sel     $23,500.00   [strat=friendly_rapport_builder]
      R 3  buy $  9,278.27   sel     $22,000.00   [strat=friendly_rapport_builder]
      R 4  buy $  1,666.67   sel     $21,500.00   [strat=friendly_rapport_builder]
      R 5  buy $ 10,411.31   sel     $21,000.00   [strat=friendly_rapport_builder]
      R 6  buy $ 11,882.30   sel     $20,500.00   [strat=friendly_rapport_builder]
      R 7  buy $  3,163.14   sel     $20,000.00   [strat=friendly_rapport_builder]
      R 8  buy $ 14,482.40   sel     $19,000.00   [strat=friendly_rapport_builder]
      R 9  buy $ 13,648.33   sel     $18,500.00   [strat=friendly_rapport_builder]
      R10  buy $  3,342.32   sel     $17,500.00   [strat=friendly_rapport_builder]
      R11  buy $    984.65   sel     $17,250.00   [strat=friendly_rapport_builder]
      R12  buy $ 16,880.13   sel     $17,000.00   [strat=friendly_rapport_builder]
      R13  buy $  1,857.73   sel     $16,900.00   [strat=friendly_rapport_builder]
      R14  buy $ 10,854.44   sel     $16,500.00   [strat=friendly_rapport_builder]
      R15  buy $  4,119.98   sel     $16,250.00   [strat=friendly_rapport_builder]
      R16  buy $  5,109.92   sel     $16,000.00   [strat=friendly_rapport_builder]
   run 28 done in 5.9 min

   run 29/30 on 2019 Honda Accord Sport 1.5T  seed=20462448
      R 1  buy $ 26,506.13   sel     $27,800.00   [strat=friendly_rapport_builder] *
      R 2  buy $ 21,679.61   sel     $25,000.00   [strat=friendly_rapport_builder]
      R 3  buy $ 20,799.20   sel     $24,500.00   [strat=friendly_rapport_builder]
      R 4  buy $  6,005.74   sel     $23,000.00   [strat=friendly_rapport_builder]
      R 5  buy $ 10,939.66   sel     $22,500.00   [strat=friendly_rapport_builder]
      R 6  buy $ 19,711.44   sel     $21,000.00   [strat=friendly_rapport_builder]
      R 7  buy $  6,847.67   sel     $20,000.00   [strat=friendly_rapport_builder]
      R 8  buy $ 16,981.63   sel     $19,000.00   [strat=friendly_rapport_builder]
      R 9  buy $  2,856.42   sel     $19,000.00   [strat=friendly_rapport_builder]
      R10  buy $ 17,232.62   sel     $18,250.00   [strat=friendly_rapport_builder]
      R11  buy $ 10,600.63   sel     $17,750.00   [strat=friendly_rapport_builder]
      R12  buy $ 17,286.15   sel     $17,500.00   [strat=friendly_rapport_builder]
      R13  buy $  5,168.89   sel     $17,500.00   [strat=friendly_rapport_builder]
      R14  buy $  9,584.44   sel     $17,250.00   [strat=friendly_rapport_builder]
      R15  buy $ 13,740.51   sel     $16,500.00   [strat=friendly_rapport_builder]
      R16  buy $ 16,425.86   sel     $16,425.86   [strat=friendly_rapport_builder]
   run 29 done in 8.3 min

   run 30/30 on 2019 Honda Accord Sport 1.5T  seed=20462449
      R 1  buy $    215.72   sel     $26,500.00   [strat=friendly_rapport_builder] *
      R 2  buy $ 12,568.42   sel     $24,500.00   [strat=friendly_rapport_builder]
      R 3  buy $ 22,789.98   sel     $24,000.00   [strat=friendly_rapport_builder]
      R 4  buy $ 10,809.92   sel     $23,500.00   [strat=friendly_rapport_builder]
      R 5  buy $ 17,733.89   sel     $21,500.00   [strat=friendly_rapport_builder]
      R 6  buy $  6,938.92   sel     $20,500.00   [strat=friendly_rapport_builder]
      R 7  buy $ 19,764.74   sel     $19,764.74   [strat=friendly_rapport_builder]
      R 8  buy $  2,310.36   sel     $19,000.00   [strat=friendly_rapport_builder]
      R 9  buy $  5,182.08   sel     $18,500.00   [strat=friendly_rapport_builder]
      R10  buy $ 10,383.67   sel     $16,500.00   [strat=friendly_rapport_builder]
      R11  buy $ 12,351.96   sel     $15,800.00   [strat=friendly_rapport_builder]
      R12  buy $  6,952.10   sel     $15,000.00   [strat=friendly_rapport_builder]
      R13  buy $ 11,972.28   sel     $14,800.00   [strat=friendly_rapport_builder]
      R14  buy $  1,063.37   sel     $14,500.00   [strat=friendly_rapport_builder]
      R15  buy $  7,241.82   sel     $14,300.00   [strat=friendly_rapport_builder]
      R16  buy $ 11,302.51   sel     $14,200.00   [strat=friendly_rapport_builder]
   run 30 done in 6.6 min

   ---> checkpoint: car 3/5 done in 205.0 min; total so far 508.3 min; saved 90 runs to exp02_fixed_friendly_rapport_builder.json

--- CAR 4/5: 2022 Toyota RAV4 XLE AWD  (M=$32,000.00  cost=$20,800.00  cost/M=65.00%) ---

   run 1/30 on 2022 Toyota RAV4 XLE AWD  seed=20463420
      R 1  buy $ 17,164.80   sel     $28,500.00   [strat=friendly_rapport_builder] *
      R 2  buy $ 24,571.19   sel     $27,500.00   [strat=friendly_rapport_builder]
      R 3  buy $ 20,337.01   sel     $26,000.00   [strat=friendly_rapport_builder]
      R 4  buy $  4,302.65   sel     $26,000.00   [strat=friendly_rapport_builder]
      R 5  buy $  5,873.38   sel     $25,500.00   [strat=friendly_rapport_builder]
      R 6  buy $ 13,360.20   sel     $24,900.00   [strat=friendly_rapport_builder]
      R 7  buy $ 16,185.62   sel     $24,500.00   [strat=friendly_rapport_builder]
      R 8  buy $ 19,882.88   sel     $24,000.00   [strat=friendly_rapport_builder]
      R 9  buy $ 15,478.08   sel     $23,500.00   [strat=friendly_rapport_builder]
      R10  buy $  9,421.51   sel     $23,000.00   [strat=friendly_rapport_builder]
      R11  buy $  1,712.70   sel     $22,500.00   [strat=friendly_rapport_builder]
      R12  buy $ 15,457.05   sel     $22,000.00   [strat=friendly_rapport_builder]
      R13  buy $ 19,353.88   sel     $21,500.00   [strat=friendly_rapport_builder]
      R14  buy $  9,683.85   sel     $21,000.00   [strat=friendly_rapport_builder]
      R15  buy $ 15,475.83   sel     $20,500.00   [strat=friendly_rapport_builder]
      R16  buy $  1,233.35   sel     $20,500.00   [strat=friendly_rapport_builder]
   run 1 done in 6.7 min

   run 2/30 on 2022 Toyota RAV4 XLE AWD  seed=20463421
      R 1  buy $ 24,168.13   sel     $28,995.00   [strat=friendly_rapport_builder] *
      R 2  buy $ 13,817.22   sel     $28,500.00   [strat=friendly_rapport_builder]
      R 3  buy $ 27,538.20   sel     $28,000.00   [strat=friendly_rapport_builder]
      R 4  buy $ 23,604.30   sel     $27,900.00   [strat=friendly_rapport_builder]
      R 5  buy $ 10,196.26   sel     $27,800.00   [strat=friendly_rapport_builder]
      R 6  buy $ 23,914.67   sel     $27,700.00   [strat=friendly_rapport_builder]
      R 7  buy $ 17,402.80   sel     $27,600.00   [strat=friendly_rapport_builder]
      R 8  buy $ 12,003.32   sel     $27,500.00   [strat=friendly_rapport_builder]
      R 9  buy $ 18,093.67   sel     $27,000.00   [strat=friendly_rapport_builder]
      R10  buy $  5,380.42   sel     $26,900.00   [strat=friendly_rapport_builder]
      R11  buy $ 18,537.50   sel     $26,800.00   [strat=friendly_rapport_builder]
      R12  buy $ 10,687.06   sel     $26,700.00   [strat=friendly_rapport_builder]
      R13  buy $ 24,282.22   sel     $26,500.00   [strat=friendly_rapport_builder]
      R14  buy $  1,455.92   sel     $26,400.00   [strat=friendly_rapport_builder]
      R15  buy $ 15,545.39   sel     $26,300.00   [strat=friendly_rapport_builder]
      R16  buy $  4,175.32   sel     $26,200.00   [strat=friendly_rapport_builder]
   run 2 done in 7.6 min

   run 3/30 on 2022 Toyota RAV4 XLE AWD  seed=20463422
      R 1  buy $  8,548.79   sel     $31,500.00   [strat=friendly_rapport_builder] *
      R 2  buy $ 21,968.45   sel     $28,500.00   [strat=friendly_rapport_builder]
      R 3  buy $  1,990.74   sel     $27,500.00   [strat=friendly_rapport_builder]
      R 4  buy $  7,964.68   sel     $26,500.00   [strat=friendly_rapport_builder]
      R 5  buy $  5,367.40   sel     $26,000.00   [strat=friendly_rapport_builder]
      R 6  buy $  9,938.24   sel     $25,500.00   [strat=friendly_rapport_builder]
      R 7  buy $ 20,507.71   sel     $25,000.00   [strat=friendly_rapport_builder]
      R 8  buy $ 21,799.56   sel     $24,000.00   [strat=friendly_rapport_builder]
      R 9  buy $ 23,675.43   sel     $23,800.00   [strat=friendly_rapport_builder]
      R10  buy $ 17,083.53   sel     $23,800.00   [strat=friendly_rapport_builder]
      R11  buy $ 16,327.42   sel     $23,800.00   [strat=friendly_rapport_builder]
      R12  buy $    565.01   sel     $23,800.00   [strat=friendly_rapport_builder]
      R13  buy $ 19,704.22   sel     $23,500.00   [strat=friendly_rapport_builder]
      R14  buy $ 22,702.63   sel     $23,000.00   [strat=friendly_rapport_builder]
      R15  buy $ 17,283.35   sel     $22,500.00   [strat=friendly_rapport_builder]
      R16  buy $ 14,096.11   sel     $21,500.00   [strat=friendly_rapport_builder]
   run 3 done in 8.1 min

   run 4/30 on 2022 Toyota RAV4 XLE AWD  seed=20463423
      R 1  buy $    390.67   sel     $31,000.00   [strat=friendly_rapport_builder] *
      R 2  buy $ 11,311.22   sel     $29,500.00   [strat=friendly_rapport_builder]
      R 3  buy $ 27,886.98   sel     $27,886.98   [strat=friendly_rapport_builder]
      R 4  buy $  8,698.17   sel     $28,693.49   [strat=friendly_rapport_builder]
      R 5  buy $ 20,369.01   sel     $27,000.00   [strat=friendly_rapport_builder]
      R 6  buy $ 19,272.63   sel     $25,500.00   [strat=friendly_rapport_builder]
      R 7  buy $  1,507.15   sel     $24,900.00   [strat=friendly_rapport_builder]
      R 8  buy $ 14,032.99   sel     $24,000.00   [strat=friendly_rapport_builder]
      R 9  buy $  7,817.67   sel     $26,000.00   [strat=friendly_rapport_builder]
      R10  buy $  8,012.53   sel     $25,500.00   [strat=friendly_rapport_builder]
      R11  buy $  5,480.50   sel     $24,500.00   [strat=friendly_rapport_builder]
      R12  buy $ 20,452.19   sel     $23,500.00   [strat=friendly_rapport_builder]
      R13  buy $  2,981.96   sel     $22,500.00   [strat=friendly_rapport_builder]
      R14  buy $ 16,438.92   sel     $21,500.00   [strat=friendly_rapport_builder]
      R15  buy $ 20,203.74   sel     $21,000.00   [strat=friendly_rapport_builder]
      R16  buy $  4,576.72   sel     $20,500.00   [strat=friendly_rapport_builder]
   run 4 done in 7.4 min

   run 5/30 on 2022 Toyota RAV4 XLE AWD  seed=20463424
      R 1  buy $  8,111.79   sel     $30,999.00   [strat=friendly_rapport_builder] *
      R 2  buy $  9,782.09   sel     $30,499.00   [strat=friendly_rapport_builder]
      R 3  buy $ 15,880.21   sel     $29,999.00   [strat=friendly_rapport_builder]
      R 4  buy $ 11,212.43   sel     $29,500.00   [strat=friendly_rapport_builder]
      R 5  buy $ 11,715.97   sel     $29,000.00   [strat=friendly_rapport_builder]
      R 6  buy $ 25,698.57   sel     $28,500.00   [strat=friendly_rapport_builder]
      R 7  buy $ 26,335.30   sel     $27,500.00   [strat=friendly_rapport_builder]
      R 8  buy $  2,400.82   sel     $27,000.00   [strat=friendly_rapport_builder]
      R 9  buy $ 23,083.63   sel     $26,500.00   [strat=friendly_rapport_builder]
      R10  buy $  9,249.79   sel     $26,000.00   [strat=friendly_rapport_builder]
      R11  buy $ 11,316.76   sel     $25,500.00   [strat=friendly_rapport_builder]
      R12  buy $  9,365.88   sel     $25,000.00   [strat=friendly_rapport_builder]
      R13  buy $    898.67   sel     $24,500.00   [strat=friendly_rapport_builder]
      R14  buy $ 22,922.69   sel     $24,000.00   [strat=friendly_rapport_builder]
      R15  buy $  8,933.18   sel     $23,500.00   [strat=friendly_rapport_builder]
      R16  buy $ 19,004.16   sel     $23,000.00   [strat=friendly_rapport_builder]
   run 5 done in 6.8 min

   run 6/30 on 2022 Toyota RAV4 XLE AWD  seed=20463425
      R 1  buy $  6,982.09   sel     $31,000.00   [strat=friendly_rapport_builder] *
      R 2  buy $    968.61   sel     $31,000.00   [strat=friendly_rapport_builder]
      R 3  buy $ 24,709.78   sel     $27,950.00   [strat=friendly_rapport_builder]
      R 4  buy $ 15,471.21   sel     $25,000.00   [strat=friendly_rapport_builder]
      R 5  buy $ 21,444.38   sel     $23,222.19   [strat=friendly_rapport_builder]
      R 6  buy $    280.73   sel     $22,500.00   [strat=friendly_rapport_builder]
      R 7  buy $ 10,235.53   sel     $21,999.00   [strat=friendly_rapport_builder]
      R 8  buy $  7,009.02   sel     $21,500.00   [strat=friendly_rapport_builder]
      R 9  buy $  1,338.16   sel     $21,000.00   [strat=friendly_rapport_builder]
      R10  buy $ 17,256.00   sel     $20,900.00   [strat=friendly_rapport_builder]
      R11  buy $ 14,851.84   sel     $20,700.00   [strat=friendly_rapport_builder]
      R12  buy $  9,016.63   sel     $20,700.00   [strat=friendly_rapport_builder]
      R13  buy $ 13,966.15   sel     $20,700.00   [strat=friendly_rapport_builder]
      R14  buy $ 20,644.90   sel     $20,680.00   [strat=friendly_rapport_builder]
      R15  buy $  8,611.04   sel     $20,500.00   [strat=friendly_rapport_builder]
      R16  buy $  2,370.58   sel     $20,300.00   [strat=friendly_rapport_builder]
   run 6 done in 7.8 min

   run 7/30 on 2022 Toyota RAV4 XLE AWD  seed=20463426
      R 1  buy $ 19,225.49   sel     $24,995.00   [strat=friendly_rapport_builder] *
      R 2  buy $  2,112.45   sel     $24,995.00   [strat=friendly_rapport_builder]
      R 3  buy $  4,226.40   sel     $24,995.00   [strat=friendly_rapport_builder]
      R 4  buy $  5,245.89   sel     $24,500.00   [strat=friendly_rapport_builder]
      R 5  buy $ 17,963.50   sel     $23,995.00   [strat=friendly_rapport_builder]
      R 6  buy $  1,646.92   sel     $23,500.00   [strat=friendly_rapport_builder]
      R 7  buy $  3,801.16   sel     $23,000.00   [strat=friendly_rapport_builder]
      R 8  buy $ 14,798.14   sel     $22,500.00   [strat=friendly_rapport_builder]
      R 9  buy $ 12,116.55   sel     $22,000.00   [strat=friendly_rapport_builder]
      R10  buy $  4,108.57   sel     $21,500.00   [strat=friendly_rapport_builder]
      R11  buy $  5,073.16   sel     $21,500.00   [strat=friendly_rapport_builder]
      R12  buy $ 14,046.94   sel     $21,000.00   [strat=friendly_rapport_builder]
      R13  buy $  1,074.88   sel     $20,900.00   [strat=friendly_rapport_builder]
      R14  buy $ 18,619.30   sel     $20,850.00   [strat=friendly_rapport_builder]
      R15  buy $    903.04   sel     $20,825.00   [strat=friendly_rapport_builder]
      R16  buy $  6,582.28   sel     $20,800.00   [strat=friendly_rapport_builder]
   run 7 done in 9.0 min

   run 8/30 on 2022 Toyota RAV4 XLE AWD  seed=20463427
      R 1  buy $ 30,970.40   sel     $31,800.00   [strat=friendly_rapport_builder] *
      R 2  buy $ 24,012.63   sel     $31,000.00   [strat=friendly_rapport_builder]
      R 3  buy $ 21,310.59   sel     $30,800.00   [strat=friendly_rapport_builder]
      R 4  buy $  1,857.53   sel     $30,500.00   [strat=friendly_rapport_builder]
      R 5  buy $ 18,424.17   sel     $30,300.00   [strat=friendly_rapport_builder]
      R 6  buy $ 25,304.24   sel     $30,000.00   [strat=friendly_rapport_builder]
      R 7  buy $ 27,281.79   sel     $29,800.00   [strat=friendly_rapport_builder]
      R 8  buy $  8,404.26   sel     $29,500.00   [strat=friendly_rapport_builder]
      R 9  buy $  3,340.25   sel     $29,500.00   [strat=friendly_rapport_builder]
      R10  buy $ 28,471.15   sel     $29,200.00   [strat=friendly_rapport_builder]
      R11  buy $  1,762.43   sel     $29,000.00   [strat=friendly_rapport_builder]
      R12  buy $  4,717.86   sel     $28,800.00   [strat=friendly_rapport_builder]
      R13  buy $  6,169.52   sel     $28,600.00   [strat=friendly_rapport_builder]
      R14  buy $ 18,270.89   sel     $28,400.00   [strat=friendly_rapport_builder]
      R15  buy $ 22,815.96   sel     $28,200.00   [strat=friendly_rapport_builder]
      R16  buy $ 23,305.67   sel     $28,000.00   [strat=friendly_rapport_builder]
   run 8 done in 6.9 min

   run 9/30 on 2022 Toyota RAV4 XLE AWD  seed=20463428
      R 1  buy $ 28,554.56   sel     $30,599.00   [strat=friendly_rapport_builder] *
      R 2  buy $ 14,751.58   sel     $29,999.00   [strat=friendly_rapport_builder]
      R 3  buy $ 21,340.03   sel     $28,500.00   [strat=friendly_rapport_builder]
      R 4  buy $  9,721.65   sel     $28,500.00   [strat=friendly_rapport_builder]
      R 5  buy $ 15,511.94   sel     $27,999.00   [strat=friendly_rapport_builder]
      R 6  buy $  7,179.84   sel     $27,500.00   [strat=friendly_rapport_builder]
      R 7  buy $ 20,387.52   sel     $26,000.00   [strat=friendly_rapport_builder]
      R 8  buy $ 17,473.26   sel     $25,500.00   [strat=friendly_rapport_builder]
      R 9  buy $ 25,132.64   sel     $25,250.00   [strat=friendly_rapport_builder]
      R10  buy $ 19,500.12   sel     $24,500.00   [strat=friendly_rapport_builder]
      R11  buy $  5,882.93   sel     $24,000.00   [strat=friendly_rapport_builder]
