=== START exp07_fixed_kong_stochastic_sampler ===
    schedule    : fixed__kong_stochastic_sampler
    adaptive    : False  (switches=[])
    unique strat: ['kong_stochastic_sampler']
    n_rounds    : 16
    n_cars      : 5
    runs/car    : 30
    total runs  : 150
    total calls : 2400  (~12.0 h @ 200 calls/h)
    model       : deepseek-reasoner
    base_url    : https://api.deepseek.com
    base_seed   : 20260420
    output      : results\exp07_fixed_kong_stochastic_sampler.json

--- CAR 1/5: 2014 Mercedes-Benz S550  (M=$96,000.00  cost=$19,000.00  cost/M=19.79%) ---

   run 1/30 on 2014 Mercedes-Benz S550  seed=20960420
      R 1  buy $ 46,712.59   sel     $55,000.00   [strat=kong_stochastic_sampler] *
      R 2  buy $ 51,919.40   sel     $53,459.70   [strat=kong_stochastic_sampler]
      R 3  buy $ 46,979.05   sel     $52,800.00   [strat=kong_stochastic_sampler]
      R 4  buy $ 39,310.23   sel     $52,500.00   [strat=kong_stochastic_sampler]
      R 5  buy $ 27,689.73   sel     $51,800.00   [strat=kong_stochastic_sampler]
      R 6  buy $ 16,004.00   sel     $51,000.00   [strat=kong_stochastic_sampler]
      R 7  buy $ 15,603.72   sel     $50,500.00   [strat=kong_stochastic_sampler]
      R 8  buy $  4,110.15   sel     $50,000.00   [strat=kong_stochastic_sampler]
      R 9  buy $ 37,040.28   sel     $48,800.00   [strat=kong_stochastic_sampler]
      R10  buy $ 34,826.75   sel     $47,500.00   [strat=kong_stochastic_sampler]
      R11  buy $  3,358.75   sel     $47,000.00   [strat=kong_stochastic_sampler]
      R12  buy $ 46,107.08   sel     $46,600.00   [strat=kong_stochastic_sampler]
      R13  buy $ 43,406.40   sel     $45,250.00   [strat=kong_stochastic_sampler]
      R14  buy $ 41,166.25   sel     $44,500.00   [strat=kong_stochastic_sampler]
      R15  buy $ 33,499.28   sel     $43,750.00   [strat=kong_stochastic_sampler]
    !! API error (attempt 1/4): InternalServerError: <!DOCTYPE HTML PUBLIC "-//W3C//DTD HTML 4.01 Transitional//EN" "http://www.w3.org/TR/html4/loose.dtd">
<HTML><HEAD><META HTTP-EQUIV="Content-Type" CONTENT="text/html; charset=UTF-8">
<TITLE>ERROR: The request could not be satisfied</TITLE>
</HEAD><BODY>
<H1>504 Gateway Timeout ERROR</H1>
<H2>The request could not be satisfied.</H2>
<HR noshade size="1px">
We can't connect to the server for this app or website at this time. There might be too much traffic or a configuration error. Try again later, or contact the app or website owner.
<BR clear="all">
If you provide content to customers through CloudFront, you can find steps to troubleshoot and help prevent this error by reviewing the CloudFront documentation.
<BR clear="all">
<HR noshade size="1px">
<PRE>
Generated by cloudfront (CloudFront) HTTP3 Server
Request ID: 2jpIkcUFuVUQGZZkX_4xcWV_80Wyt-KWPnTSdluJuRvef2iBCB7Gdw&#x3D;&#x3D;
</PRE>
<ADDRESS>
</ADDRESS>
</BODY></HTML>  -- sleeping 8s
    !! API error (attempt 2/4): InternalServerError: <!DOCTYPE HTML PUBLIC "-//W3C//DTD HTML 4.01 Transitional//EN" "http://www.w3.org/TR/html4/loose.dtd">
<HTML><HEAD><META HTTP-EQUIV="Content-Type" CONTENT="text/html; charset=UTF-8">
<TITLE>ERROR: The request could not be satisfied</TITLE>
</HEAD><BODY>
<H1>504 Gateway Timeout ERROR</H1>
<H2>The request could not be satisfied.</H2>
<HR noshade size="1px">
We can't connect to the server for this app or website at this time. There might be too much traffic or a configuration error. Try again later, or contact the app or website owner.
<BR clear="all">
If you provide content to customers through CloudFront, you can find steps to troubleshoot and help prevent this error by reviewing the CloudFront documentation.
<BR clear="all">
<HR noshade size="1px">
<PRE>
Generated by cloudfront (CloudFront) HTTP3 Server
Request ID: 8ImgpP_az1G0lY7Sp5MbPfw3jdeV7Amth9NtUgYV9SDVVuVdmKtZTw&#x3D;&#x3D;
</PRE>
<ADDRESS>
</ADDRESS>
</BODY></HTML>  -- sleeping 16s
      R16  buy $ 40,905.39   sel     $42,600.00   [strat=kong_stochastic_sampler]
   run 1 done in 31.9 min

   run 2/30 on 2014 Mercedes-Benz S550  seed=20960421
      R 1  buy $ 20,091.34   sel     $24,995.00   [strat=kong_stochastic_sampler] *
      R 2  buy $ 11,050.29   sel     $24,800.00   [strat=kong_stochastic_sampler]
      R 3  buy $ 21,525.95   sel     $24,500.00   [strat=kong_stochastic_sampler]
      R 4  buy $  9,031.66   sel     $24,450.00   [strat=kong_stochastic_sampler]
      R 5  buy $ 22,990.37   sel     $24,200.00   [strat=kong_stochastic_sampler]
      R 6  buy $  3,101.29   sel     $24,150.00   [strat=kong_stochastic_sampler]
      R 7  buy $  4,701.44   sel     $24,100.00   [strat=kong_stochastic_sampler]
      R 8  buy $  8,878.72   sel     $24,000.00   [strat=kong_stochastic_sampler]
      R 9  buy $    757.06   sel     $23,800.00   [strat=kong_stochastic_sampler]
      R10  buy $  1,574.64   sel     $23,600.00   [strat=kong_stochastic_sampler]
      R11  buy $  2,549.87   sel     $23,500.00   [strat=kong_stochastic_sampler]
      R12  buy $ 11,629.31   sel     $23,300.00   [strat=kong_stochastic_sampler]
      R13  buy $ 10,493.52   sel     $23,000.00   [strat=kong_stochastic_sampler]
      R14  buy $ 17,345.06   sel     $22,600.00   [strat=kong_stochastic_sampler]
      R15  buy $ 10,651.71   sel     $22,500.00   [strat=kong_stochastic_sampler]
      R16  buy $  6,164.49   sel     $22,200.00   [strat=kong_stochastic_sampler]
   run 2 done in 7.6 min

   run 3/30 on 2014 Mercedes-Benz S550  seed=20960422
      R 1  buy $ 74,930.74   sel     $89,500.00   [strat=kong_stochastic_sampler] *
      R 2  buy $ 71,548.00   sel     $88,750.00   [strat=kong_stochastic_sampler]
      R 3  buy $ 51,840.70   sel     $88,000.00   [strat=kong_stochastic_sampler]
      R 4  buy $ 48,955.62   sel     $87,500.00   [strat=kong_stochastic_sampler]
      R 5  buy $ 21,380.71   sel     $87,250.00   [strat=kong_stochastic_sampler]
      R 6  buy $ 41,884.83   sel     $87,000.00   [strat=kong_stochastic_sampler]
      R 7  buy $ 65,987.06   sel     $86,500.00   [strat=kong_stochastic_sampler]
      R 8  buy $ 37,447.36   sel     $86,250.00   [strat=kong_stochastic_sampler]
      R 9  buy $ 76,843.94   sel     $85,500.00   [strat=kong_stochastic_sampler]
      R10  buy $ 81,316.96   sel     $84,750.00   [strat=kong_stochastic_sampler]
      R11  buy $ 33,323.59   sel     $84,500.00   [strat=kong_stochastic_sampler]
      R12  buy $ 15,554.73   sel     $84,400.00   [strat=kong_stochastic_sampler]
      R13  buy $ 25,213.26   sel     $84,300.00   [strat=kong_stochastic_sampler]
      R14  buy $  1,460.92   sel     $84,200.00   [strat=kong_stochastic_sampler]
      R15  buy $  7,150.03   sel     $84,000.00   [strat=kong_stochastic_sampler]
      R16  buy $ 27,694.17   sel     $83,750.00   [strat=kong_stochastic_sampler]
   run 3 done in 10.5 min

   run 4/30 on 2014 Mercedes-Benz S550  seed=20960423
      R 1  buy $  9,153.37   sel     $28,995.00   [strat=kong_stochastic_sampler] *
      R 2  buy $ 28,013.42   sel     $28,595.00   [strat=kong_stochastic_sampler]
      R 3  buy $ 17,004.22   sel     $27,995.00   [strat=kong_stochastic_sampler]
      R 4  buy $ 11,740.09   sel     $27,750.00   [strat=kong_stochastic_sampler]
      R 5  buy $ 25,284.40   sel     $27,250.00   [strat=kong_stochastic_sampler]
      R 6  buy $ 19,068.43   sel     $25,995.00   [strat=kong_stochastic_sampler]
      R 7  buy $ 21,052.78   sel     $25,495.00   [strat=kong_stochastic_sampler]
      R 8  buy $ 15,987.46   sel     $24,995.00   [strat=kong_stochastic_sampler]
      R 9  buy $  6,237.97   sel     $24,995.00   [strat=kong_stochastic_sampler]
      R10  buy $ 23,239.19   sel     $24,495.00   [strat=kong_stochastic_sampler]
      R11  buy $  4,902.47   sel     $24,495.00   [strat=kong_stochastic_sampler]
      R12  buy $  8,757.44   sel     $24,395.00   [strat=kong_stochastic_sampler]
      R13  buy $ 20,327.44   sel     $23,995.00   [strat=kong_stochastic_sampler]
      R14  buy $ 19,429.02   sel     $22,495.00   [strat=kong_stochastic_sampler]
      R15  buy $  2,376.95   sel     $21,995.00   [strat=kong_stochastic_sampler]
      R16  buy $  3,845.92   sel     $21,495.00   [strat=kong_stochastic_sampler]
   run 4 done in 11.1 min

   run 5/30 on 2014 Mercedes-Benz S550  seed=20960424
      R 1  buy $ 21,689.98   sel     $24,500.00   [strat=kong_stochastic_sampler] *
      R 2  buy $ 18,960.45   sel     $23,800.00   [strat=kong_stochastic_sampler]
      R 3  buy $  5,446.11   sel     $23,500.00   [strat=kong_stochastic_sampler]
      R 4  buy $  9,271.29   sel     $22,900.00   [strat=kong_stochastic_sampler]
      R 5  buy $ 15,086.09   sel     $22,500.00   [strat=kong_stochastic_sampler]
      R 6  buy $ 15,538.36   sel     $22,300.00   [strat=kong_stochastic_sampler]
      R 7  buy $  5,285.93   sel     $22,000.00   [strat=kong_stochastic_sampler]
      R 8  buy $ 19,948.31   sel     $21,600.00   [strat=kong_stochastic_sampler]
      R 9  buy $ 20,469.82   sel     $21,400.00   [strat=kong_stochastic_sampler]
      R10  buy $  8,633.13   sel     $21,200.00   [strat=kong_stochastic_sampler]
      R11  buy $ 12,084.65   sel     $20,900.00   [strat=kong_stochastic_sampler]
      R12  buy $ 13,917.44   sel     $20,750.00   [strat=kong_stochastic_sampler]
      R13  buy $  2,166.78   sel     $20,750.00   [strat=kong_stochastic_sampler]
      R14  buy $  9,943.50   sel     $20,500.00   [strat=kong_stochastic_sampler]
      R15  buy $ 18,113.13   sel     $20,300.00   [strat=kong_stochastic_sampler]
      R16  buy $ 14,013.60   sel     $20,200.00   [strat=kong_stochastic_sampler]
   run 5 done in 10.7 min

   run 6/30 on 2014 Mercedes-Benz S550  seed=20960425
      R 1  buy $  9,108.81   sel     $28,500.00   [strat=kong_stochastic_sampler] *
      R 2  buy $ 27,365.26   sel     $28,200.00   [strat=kong_stochastic_sampler]
      R 3  buy $ 10,681.85   sel     $28,000.00   [strat=kong_stochastic_sampler]
      R 4  buy $    129.40   sel     $27,800.00   [strat=kong_stochastic_sampler]
      R 5  buy $ 27,549.58   sel     $27,650.00   [strat=kong_stochastic_sampler]
      R 6  buy $ 20,561.16   sel     $27,500.00   [strat=kong_stochastic_sampler]
      R 7  buy $ 16,886.32   sel     $27,400.00   [strat=kong_stochastic_sampler]
      R 8  buy $  1,677.45   sel     $27,300.00   [strat=kong_stochastic_sampler]
      R 9  buy $ 17,549.26   sel     $27,100.00   [strat=kong_stochastic_sampler]
      R10  buy $ 11,946.36   sel     $26,900.00   [strat=kong_stochastic_sampler]
      R11  buy $ 11,283.77   sel     $26,800.00   [strat=kong_stochastic_sampler]
      R12  buy $ 12,103.17   sel     $26,600.00   [strat=kong_stochastic_sampler]
      R13  buy $ 13,011.07   sel     $26,400.00   [strat=kong_stochastic_sampler]
      R14  buy $ 17,206.62   sel     $26,200.00   [strat=kong_stochastic_sampler]
      R15  buy $ 13,228.37   sel     $25,900.00   [strat=kong_stochastic_sampler]
      R16  buy $    328.80   sel     $25,500.00   [strat=kong_stochastic_sampler]
   run 6 done in 9.2 min

   run 7/30 on 2014 Mercedes-Benz S550  seed=20960426
      R 1  buy $ 31,944.56   sel     PARSE-FAIL   [strat=kong_stochastic_sampler] *
      R 2  buy $ 65,638.77   sel     $71,500.00   [strat=kong_stochastic_sampler]
      R 3  buy $ 63,025.73   sel     $70,000.00   [strat=kong_stochastic_sampler]
      R 4  buy $ 69,094.37   sel     $69,800.00   [strat=kong_stochastic_sampler]
      R 5  buy $ 62,691.88   sel     $68,500.00   [strat=kong_stochastic_sampler]
      R 6  buy $ 43,938.36   sel     $67,500.00   [strat=kong_stochastic_sampler]
      R 7  buy $ 44,728.09   sel     $67,000.00   [strat=kong_stochastic_sampler]
      R 8  buy $ 32,743.54   sel     $66,500.00   [strat=kong_stochastic_sampler]
      R 9  buy $ 29,514.50   sel     $65,000.00   [strat=kong_stochastic_sampler]
      R10  buy $ 57,916.04   sel     $63,500.00   [strat=kong_stochastic_sampler]
      R11  buy $ 22,853.20   sel     $64,500.00   [strat=kong_stochastic_sampler]
      R12  buy $ 41,862.34   sel     $62,750.00   [strat=kong_stochastic_sampler]
      R13  buy $ 43,500.35   sel     $62,000.00   [strat=kong_stochastic_sampler]
      R14  buy $ 41,987.11   sel     $60,500.00   [strat=kong_stochastic_sampler]
      R15  buy $ 17,427.40   sel     $59,500.00   [strat=kong_stochastic_sampler]
      R16  buy $  1,531.66   sel     $58,000.00   [strat=kong_stochastic_sampler]
   run 7 done in 9.8 min

   run 8/30 on 2014 Mercedes-Benz S550  seed=20960427
      R 1  buy $ 85,951.78   sel     $94,500.00   [strat=kong_stochastic_sampler] *
      R 2  buy $ 23,861.72   sel     $89,000.00   [strat=kong_stochastic_sampler]
      R 3  buy $ 76,353.87   sel     $84,500.00   [strat=kong_stochastic_sampler]
      R 4  buy $ 41,058.36   sel     $83,500.00   [strat=kong_stochastic_sampler]
      R 5  buy $ 36,716.45   sel     $83,000.00   [strat=kong_stochastic_sampler]
      R 6  buy $ 81,954.95   sel     $82,500.00   [strat=kong_stochastic_sampler]
      R 7  buy $ 40,414.48   sel     $82,000.00   [strat=kong_stochastic_sampler]
      R 8  buy $ 20,040.31   sel     $81,500.00   [strat=kong_stochastic_sampler]
      R 9  buy $ 69,737.90   sel     $81,000.00   [strat=kong_stochastic_sampler]
      R10  buy $    200.67   sel     $80,500.00   [strat=kong_stochastic_sampler]
      R11  buy $ 41,011.80   sel     $79,500.00   [strat=kong_stochastic_sampler]
      R12  buy $ 35,668.05   sel     $78,500.00   [strat=kong_stochastic_sampler]
      R13  buy $ 72,093.42   sel     $77,000.00   [strat=kong_stochastic_sampler]
      R14  buy $ 65,841.31   sel     $76,500.00   [strat=kong_stochastic_sampler]
      R15  buy $ 64,189.34   sel     $74,500.00   [strat=kong_stochastic_sampler]
      R16  buy $ 54,566.79   sel     $73,500.00   [strat=kong_stochastic_sampler]
   run 8 done in 8.5 min

   run 9/30 on 2014 Mercedes-Benz S550  seed=20960428
      R 1  buy $ 13,838.32   sel     $28,000.00   [strat=kong_stochastic_sampler] *
      R 2  buy $  4,820.53   sel     $27,500.00   [strat=kong_stochastic_sampler]
      R 3  buy $ 16,755.19   sel     $27,000.00   [strat=kong_stochastic_sampler]
      R 4  buy $ 10,550.75   sel     $26,500.00   [strat=kong_stochastic_sampler]
      R 5  buy $ 23,058.06   sel     $26,000.00   [strat=kong_stochastic_sampler]
      R 6  buy $  7,696.03   sel     $25,500.00   [strat=kong_stochastic_sampler]
      R 7  buy $  6,302.69   sel     $26,000.00   [strat=kong_stochastic_sampler]
      R 8  buy $  1,657.78   sel     $27,000.00   [strat=kong_stochastic_sampler]
      R 9  buy $  5,346.19   sel     $26,500.00   [strat=kong_stochastic_sampler]
      R10  buy $ 24,105.67   sel     $25,500.00   [strat=kong_stochastic_sampler]
      R11  buy $    160.77   sel     $26,500.00   [strat=kong_stochastic_sampler]
      R12  buy $  6,922.16   sel     $27,500.00   [strat=kong_stochastic_sampler]
      R13  buy $  8,699.84   sel     $25,000.00   [strat=kong_stochastic_sampler]
      R14  buy $ 11,637.67   sel     $24,500.00   [strat=kong_stochastic_sampler]
      R15  buy $  4,808.94   sel     $26,000.00   [strat=kong_stochastic_sampler]
      R16  buy $ 22,631.39   sel     $25,250.00   [strat=kong_stochastic_sampler]
   run 9 done in 11.6 min

   run 10/30 on 2014 Mercedes-Benz S550  seed=20960429
      R 1  buy $ 86,398.58   sel     $94,500.00   [strat=kong_stochastic_sampler] *
      R 2  buy $ 51,896.33   sel     $93,500.00   [strat=kong_stochastic_sampler]
      R 3  buy $ 27,805.76   sel     $85,000.00   [strat=kong_stochastic_sampler]
      R 4  buy $ 65,759.00   sel     $78,500.00   [strat=kong_stochastic_sampler]
      R 5  buy $ 38,340.49   sel     $75,000.00   [strat=kong_stochastic_sampler]
      R 6  buy $  7,814.75   sel     $74,000.00   [strat=kong_stochastic_sampler]
      R 7  buy $ 54,934.54   sel     $70,000.00   [strat=kong_stochastic_sampler]
      R 8  buy $ 16,631.24   sel     $68,500.00   [strat=kong_stochastic_sampler]
      R 9  buy $ 11,010.81   sel     $66,500.00   [strat=kong_stochastic_sampler]
      R10  buy $ 63,104.40   sel     $65,250.00   [strat=kong_stochastic_sampler]
      R11  buy $ 58,773.40   sel     $64,500.00   [strat=kong_stochastic_sampler]
      R12  buy $ 16,676.07   sel     $66,000.00   [strat=kong_stochastic_sampler]
      R13  buy $ 21,725.08   sel     $63,500.00   [strat=kong_stochastic_sampler]
      R14  buy $ 40,644.50   sel     $62,500.00   [strat=kong_stochastic_sampler]
      R15  buy $ 23,623.49   sel     $61,000.00   [strat=kong_stochastic_sampler]
      R16  buy $ 33,168.62   sel     $60,500.00   [strat=kong_stochastic_sampler]
   run 10 done in 11.9 min

   run 11/30 on 2014 Mercedes-Benz S550  seed=20960430
      R 1  buy $ 59,926.02   sel     $85,000.00   [strat=kong_stochastic_sampler] *
      R 2  buy $  9,932.03   sel     $79,500.00   [strat=kong_stochastic_sampler]
      R 3  buy $ 67,044.43   sel     $74,999.00   [strat=kong_stochastic_sampler]
      R 4  buy $ 61,959.35   sel     $73,250.00   [strat=kong_stochastic_sampler]
      R 5  buy $ 71,240.06   sel     $72,500.00   [strat=kong_stochastic_sampler]
      R 6  buy $ 38,589.84   sel     $71,999.00   [strat=kong_stochastic_sampler]
      R 7  buy $ 68,046.63   sel     $70,999.00   [strat=kong_stochastic_sampler]
      R 8  buy $ 59,494.33   sel     $70,500.00   [strat=kong_stochastic_sampler]
      R 9  buy $ 10,930.70   sel     $70,000.00   [strat=kong_stochastic_sampler]
      R10  buy $ 44,759.11   sel     $69,900.00   [strat=kong_stochastic_sampler]
      R11  buy $ 10,709.47   sel     $69,500.00   [strat=kong_stochastic_sampler]
      R12  buy $ 42,017.13   sel     $68,750.00   [strat=kong_stochastic_sampler]
      R13  buy $ 64,304.26   sel     $67,750.00   [strat=kong_stochastic_sampler]
      R14  buy $  6,916.69   sel     $67,500.00   [strat=kong_stochastic_sampler]
      R15  buy $ 15,946.69   sel     $67,000.00   [strat=kong_stochastic_sampler]
      R16  buy $ 30,037.44   sel     $66,250.00   [strat=kong_stochastic_sampler]
   run 11 done in 10.1 min

   run 12/30 on 2014 Mercedes-Benz S550  seed=20960431
      R 1  buy $ 12,150.86   sel     $28,500.00   [strat=kong_stochastic_sampler] *
      R 2  buy $ 15,968.06   sel     $26,500.00   [strat=kong_stochastic_sampler]
      R 3  buy $ 21,212.31   sel     $25,250.00   [strat=kong_stochastic_sampler]
      R 4  buy $ 17,748.27   sel     $24,500.00   [strat=kong_stochastic_sampler]
      R 5  buy $  8,885.42   sel     $24,500.00   [strat=kong_stochastic_sampler]
      R 6  buy $    948.54   sel     $24,000.00   [strat=kong_stochastic_sampler]
      R 7  buy $ 22,809.23   sel     $23,500.00   [strat=kong_stochastic_sampler]
      R 8  buy $    676.12   sel     $23,300.00   [strat=kong_stochastic_sampler]
      R 9  buy $  7,341.78   sel     $23,000.00   [strat=kong_stochastic_sampler]
      R10  buy $  4,913.78   sel     $22,900.00   [strat=kong_stochastic_sampler]
      R11  buy $  8,489.82   sel     $22,700.00   [strat=kong_stochastic_sampler]
      R12  buy $ 16,038.91   sel     $22,600.00   [strat=kong_stochastic_sampler]
      R13  buy $  1,262.56   sel     $22,500.00   [strat=kong_stochastic_sampler]
      R14  buy $ 18,989.34   sel     $20,750.00   [strat=kong_stochastic_sampler]
      R15  buy $  5,741.58   sel     $21,500.00   [strat=kong_stochastic_sampler]
      R16  buy $  5,147.20   sel     $21,000.00   [strat=kong_stochastic_sampler]
   run 12 done in 11.9 min

   run 13/30 on 2014 Mercedes-Benz S550  seed=20960432
      R 1  buy $ 59,406.69   sel     $89,500.00   [strat=kong_stochastic_sampler] *
      R 2  buy $ 68,003.45   sel     $85,500.00   [strat=kong_stochastic_sampler]
      R 3  buy $ 36,141.79   sel     $84,500.00   [strat=kong_stochastic_sampler]
      R 4  buy $ 16,175.58   sel     $84,000.00   [strat=kong_stochastic_sampler]
      R 5  buy $  5,204.59   sel     $84,000.00   [strat=kong_stochastic_sampler]
      R 6  buy $ 55,944.33   sel     $80,500.00   [strat=kong_stochastic_sampler]
      R 7  buy $ 75,578.32   sel     $79,500.00   [strat=kong_stochastic_sampler]
      R 8  buy $ 19,476.79   sel     $79,500.00   [strat=kong_stochastic_sampler]
      R 9  buy $ 40,472.94   sel     $78,500.00   [strat=kong_stochastic_sampler]
      R10  buy $ 55,476.71   sel     $76,500.00   [strat=kong_stochastic_sampler]
      R11  buy $ 56,765.64   sel     $75,000.00   [strat=kong_stochastic_sampler]
      R12  buy $ 18,758.60   sel     $74,500.00   [strat=kong_stochastic_sampler]
      R13  buy $ 36,977.91   sel     $74,000.00   [strat=kong_stochastic_sampler]
      R14  buy $ 56,808.65   sel     $72,500.00   [strat=kong_stochastic_sampler]
      R15  buy $ 55,832.80   sel     $71,500.00   [strat=kong_stochastic_sampler]
      R16  buy $ 70,223.50   sel     $70,800.00   [strat=kong_stochastic_sampler]
   run 13 done in 9.2 min

   run 14/30 on 2014 Mercedes-Benz S550  seed=20960433
      R 1  buy $ 32,164.86   sel     $45,000.00   [strat=kong_stochastic_sampler] *
      R 2  buy $ 22,215.37   sel     $42,500.00   [strat=kong_stochastic_sampler]
      R 3  buy $ 42,263.08   sel     $42,100.00   [strat=kong_stochastic_sampler]
      R 4  buy $ 22,855.63   sel     $41,500.00   [strat=kong_stochastic_sampler]
      R 5  buy $  5,901.69   sel     $42,000.00   [strat=kong_stochastic_sampler]
      R 6  buy $ 16,309.51   sel     $41,500.00   [strat=kong_stochastic_sampler]
      R 7  buy $ 29,145.51   sel     $40,500.00   [strat=kong_stochastic_sampler]
      R 8  buy $ 13,770.26   sel     $39,500.00   [strat=kong_stochastic_sampler]
      R 9  buy $ 34,933.33   sel     $38,800.00   [strat=kong_stochastic_sampler]
      R10  buy $ 22,258.62   sel     $38,000.00   [strat=kong_stochastic_sampler]
      R11  buy $ 31,560.67   sel     $36,500.00   [strat=kong_stochastic_sampler]
      R12  buy $ 13,409.87   sel     $36,000.00   [strat=kong_stochastic_sampler]
      R13  buy $ 29,308.69   sel     $34,500.00   [strat=kong_stochastic_sampler]
      R14  buy $ 26,415.46   sel     $33,200.00   [strat=kong_stochastic_sampler]
      R15  buy $ 12,128.38   sel     $32,500.00   [strat=kong_stochastic_sampler]
      R16  buy $  9,303.85   sel     $34,000.00   [strat=kong_stochastic_sampler]
   run 14 done in 10.3 min

   run 15/30 on 2014 Mercedes-Benz S550  seed=20960434
      R 1  buy $ 53,771.51   sel     $69,950.00   [strat=kong_stochastic_sampler] *
      R 2  buy $ 68,785.12   sel     $69,450.00   [strat=kong_stochastic_sampler]
      R 3  buy $ 59,238.16   sel     $69,200.00   [strat=kong_stochastic_sampler]
      R 4  buy $ 13,010.07   sel     $69,000.00   [strat=kong_stochastic_sampler]
      R 5  buy $ 15,360.76   sel     $68,500.00   [strat=kong_stochastic_sampler]
      R 6  buy $ 22,675.88   sel     $68,300.00   [strat=kong_stochastic_sampler]
      R 7  buy $ 52,012.61   sel     $68,000.00   [strat=kong_stochastic_sampler]
      R 8  buy $ 37,830.33   sel     $67,800.00   [strat=kong_stochastic_sampler]
      R 9  buy $ 25,218.25   sel     $67,500.00   [strat=kong_stochastic_sampler]
      R10  buy $ 13,948.43   sel     $67,200.00   [strat=kong_stochastic_sampler]
      R11  buy $ 28,431.06   sel     $67,000.00   [strat=kong_stochastic_sampler]
      R12  buy $ 44,003.79   sel     $66,500.00   [strat=kong_stochastic_sampler]
      R13  buy $ 30,694.14   sel     $66,300.00   [strat=kong_stochastic_sampler]
      R14  buy $ 27,763.32   sel     $66,000.00   [strat=kong_stochastic_sampler]
      R15  buy $ 39,925.11   sel     $65,800.00   [strat=kong_stochastic_sampler]
      R16  buy $ 34,443.89   sel     $65,500.00   [strat=kong_stochastic_sampler]
   run 15 done in 9.1 min

   run 16/30 on 2014 Mercedes-Benz S550  seed=20960435
      R 1  buy $ 36,198.29   sel     $45,000.00   [strat=kong_stochastic_sampler] *
      R 2  buy $ 17,777.76   sel     $43,500.00   [strat=kong_stochastic_sampler]
      R 3  buy $  3,622.91   sel     $42,500.00   [strat=kong_stochastic_sampler]
      R 4  buy $ 11,318.75   sel     $40,000.00   [strat=kong_stochastic_sampler]
      R 5  buy $ 37,663.45   sel     $39,000.00   [strat=kong_stochastic_sampler]
      R 6  buy $ 32,139.76   sel     $38,500.00   [strat=kong_stochastic_sampler]
      R 7  buy $ 35,673.75   sel     $37,850.00   [strat=kong_stochastic_sampler]
      R 8  buy $  7,686.46   sel     $37,850.00   [strat=kong_stochastic_sampler]
      R 9  buy $ 29,823.87   sel     $37,500.00   [strat=kong_stochastic_sampler]
      R10  buy $ 12,361.15   sel     $37,000.00   [strat=kong_stochastic_sampler]
      R11  buy $    428.54   sel     $36,500.00   [strat=kong_stochastic_sampler]
      R12  buy $ 20,703.05   sel     $34,750.00   [strat=kong_stochastic_sampler]
      R13  buy $  5,974.48   sel     $34,500.00   [strat=kong_stochastic_sampler]
      R14  buy $ 14,131.30   sel     $34,000.00   [strat=kong_stochastic_sampler]
      R15  buy $  5,776.19   sel     $33,500.00   [strat=kong_stochastic_sampler]
      R16  buy $ 21,229.54   sel     $32,500.00   [strat=kong_stochastic_sampler]
   run 16 done in 8.5 min

   run 17/30 on 2014 Mercedes-Benz S550  seed=20960436
      R 1  buy $ 90,948.28   sel     $95,500.00   [strat=kong_stochastic_sampler] *
      R 2  buy $ 43,774.31   sel     $94,500.00   [strat=kong_stochastic_sampler]
      R 3  buy $ 68,969.07   sel     $92,750.00   [strat=kong_stochastic_sampler]
      R 4  buy $ 62,915.51   sel     $92,000.00   [strat=kong_stochastic_sampler]
      R 5  buy $ 72,625.68   sel     $91,500.00   [strat=kong_stochastic_sampler]
      R 6  buy $ 40,515.85   sel     $91,000.00   [strat=kong_stochastic_sampler]
      R 7  buy $ 81,927.28   sel     $90,500.00   [strat=kong_stochastic_sampler]
      R 8  buy $ 67,089.54   sel     $89,750.00   [strat=kong_stochastic_sampler]
      R 9  buy $ 57,605.08   sel     $88,888.88   [strat=kong_stochastic_sampler]
      R10  buy $ 30,204.91   sel     $89,500.00   [strat=kong_stochastic_sampler]
      R11  buy $ 24,895.83   sel     $89,250.00   [strat=kong_stochastic_sampler]
      R12  buy $ 15,528.26   sel     $89,000.00   [strat=kong_stochastic_sampler]
      R13  buy $ 57,620.78   sel     $87,500.00   [strat=kong_stochastic_sampler]
      R14  buy $  2,939.56   sel     $86,500.00   [strat=kong_stochastic_sampler]
      R15  buy $ 58,277.22   sel     $84,500.00   [strat=kong_stochastic_sampler]
      R16  buy $ 41,608.52   sel     $83,500.00   [strat=kong_stochastic_sampler]
   run 17 done in 10.6 min

   run 18/30 on 2014 Mercedes-Benz S550  seed=20960437
      R 1  buy $ 30,209.79   sel     $44,995.00   [strat=kong_stochastic_sampler] *
      R 2  buy $ 28,226.22   sel     $44,500.00   [strat=kong_stochastic_sampler]
      R 3  buy $ 43,676.35   sel     $44,200.00   [strat=kong_stochastic_sampler]
      R 4  buy $    172.70   sel     $44,000.00   [strat=kong_stochastic_sampler]
      R 5  buy $ 42,364.35   sel     $43,800.00   [strat=kong_stochastic_sampler]
      R 6  buy $ 35,420.12   sel     $43,500.00   [strat=kong_stochastic_sampler]
      R 7  buy $ 39,680.74   sel     $43,200.00   [strat=kong_stochastic_sampler]
      R 8  buy $  5,943.27   sel     $43,000.00   [strat=kong_stochastic_sampler]
      R 9  buy $ 24,522.88   sel     $42,600.00   [strat=kong_stochastic_sampler]
      R10  buy $ 28,469.04   sel     $42,400.00   [strat=kong_stochastic_sampler]
      R11  buy $ 30,881.57   sel     $42,200.00   [strat=kong_stochastic_sampler]
      R12  buy $ 34,103.84   sel     $42,000.00   [strat=kong_stochastic_sampler]
      R13  buy $  3,616.00   sel     $41,800.00   [strat=kong_stochastic_sampler]
      R14  buy $ 33,605.64   sel     $41,700.00   [strat=kong_stochastic_sampler]
      R15  buy $ 11,364.37   sel     $41,500.00   [strat=kong_stochastic_sampler]
      R16  buy $ 35,976.89   sel     $41,200.00   [strat=kong_stochastic_sampler]
   run 18 done in 9.7 min

   run 19/30 on 2014 Mercedes-Benz S550  seed=20960438
      R 1  buy $  2,155.27   sel     $27,995.00   [strat=kong_stochastic_sampler] *
      R 2  buy $ 14,887.04   sel     $26,500.00   [strat=kong_stochastic_sampler]
      R 3  buy $ 19,426.86   sel     $25,500.00   [strat=kong_stochastic_sampler]
      R 4  buy $  7,967.99   sel     $26,500.00   [strat=kong_stochastic_sampler]
      R 5  buy $ 23,505.82   sel     $24,995.00   [strat=kong_stochastic_sampler]
      R 6  buy $ 11,126.69   sel     $24,500.00   [strat=kong_stochastic_sampler]
      R 7  buy $ 22,388.13   sel     $23,995.00   [strat=kong_stochastic_sampler]
      R 8  buy $ 20,809.28   sel     $23,500.00   [strat=kong_stochastic_sampler]
      R 9  buy $ 12,351.79   sel     $23,800.00   [strat=kong_stochastic_sampler]
      R10  buy $  4,601.30   sel     $23,600.00   [strat=kong_stochastic_sampler]
      R11  buy $ 13,214.99   sel     $23,300.00   [strat=kong_stochastic_sampler]
      R12  buy $  1,724.39   sel     $23,200.00   [strat=kong_stochastic_sampler]
      R13  buy $  1,249.22   sel     $23,100.00   [strat=kong_stochastic_sampler]
      R14  buy $  5,139.82   sel     $22,900.00   [strat=kong_stochastic_sampler]
      R15  buy $ 16,682.78   sel     $22,300.00   [strat=kong_stochastic_sampler]
      R16  buy $  5,222.14   sel     $22,000.00   [strat=kong_stochastic_sampler]
   run 19 done in 7.4 min

   run 20/30 on 2014 Mercedes-Benz S550  seed=20960439
      R 1  buy $  5,597.85   sel     $45,500.00   [strat=kong_stochastic_sampler] *
      R 2  buy $ 23,245.68   sel     $43,500.00   [strat=kong_stochastic_sampler]
      R 3  buy $ 17,364.54   sel     $42,000.00   [strat=kong_stochastic_sampler]
      R 4  buy $ 39,210.04   sel     $41,500.00   [strat=kong_stochastic_sampler]
      R 5  buy $  3,645.50   sel     $41,500.00   [strat=kong_stochastic_sampler]
      R 6  buy $  9,388.16   sel     $41,500.00   [strat=kong_stochastic_sampler]
      R 7  buy $ 10,997.14   sel     $41,000.00   [strat=kong_stochastic_sampler]
      R 8  buy $ 25,204.33   sel     $40,500.00   [strat=kong_stochastic_sampler]
      R 9  buy $ 26,842.88   sel     $40,000.00   [strat=kong_stochastic_sampler]
      R10  buy $ 30,353.21   sel     $39,250.00   [strat=kong_stochastic_sampler]
      R11  buy $ 33,537.92   sel     $38,750.00   [strat=kong_stochastic_sampler]
      R12  buy $  2,143.87   sel     $39,000.00   [strat=kong_stochastic_sampler]
      R13  buy $ 32,797.74   sel     $37,900.00   [strat=kong_stochastic_sampler]
      R14  buy $ 20,569.13   sel     $38,500.00   [strat=kong_stochastic_sampler]
      R15  buy $  2,617.51   sel     $38,000.00   [strat=kong_stochastic_sampler]
      R16  buy $ 17,788.31   sel     $37,500.00   [strat=kong_stochastic_sampler]
   run 20 done in 7.8 min

   run 21/30 on 2014 Mercedes-Benz S550  seed=20960440
      R 1  buy $ 30,965.34   sel     PARSE-FAIL   [strat=kong_stochastic_sampler] *
      R 2  buy $ 65,101.00   sel     $65,101.00   [strat=kong_stochastic_sampler]
      R 3  buy $  6,712.84   sel     $62,000.00   [strat=kong_stochastic_sampler]
      R 4  buy $ 14,247.66   sel     $59,500.00   [strat=kong_stochastic_sampler]
      R 5  buy $ 57,535.19   sel     $58,500.00   [strat=kong_stochastic_sampler]
      R 6  buy $  1,681.68   sel     $58,500.00   [strat=kong_stochastic_sampler]
      R 7  buy $ 41,412.44   sel     $56,500.00   [strat=kong_stochastic_sampler]
      R 8  buy $ 28,759.30   sel     $54,000.00   [strat=kong_stochastic_sampler]
      R 9  buy $ 53,901.03   sel     $53,901.03   [strat=kong_stochastic_sampler]
      R10  buy $  7,397.17   sel     $52,500.00   [strat=kong_stochastic_sampler]
      R11  buy $ 47,660.04   sel     $50,000.00   [strat=kong_stochastic_sampler]
      R12  buy $ 34,777.55   sel     $48,500.00   [strat=kong_stochastic_sampler]
      R13  buy $ 14,092.86   sel     $47,500.00   [strat=kong_stochastic_sampler]
      R14  buy $ 35,829.03   sel     $45,500.00   [strat=kong_stochastic_sampler]
      R15  buy $ 44,685.59   sel     $45,000.00   [strat=kong_stochastic_sampler]
      R16  buy $ 10,075.13   sel     $44,500.00   [strat=kong_stochastic_sampler]
   run 21 done in 7.1 min

   run 22/30 on 2014 Mercedes-Benz S550  seed=20960441
      R 1  buy $ 80,379.52   sel     $95,500.00   [strat=kong_stochastic_sampler] *
      R 2  buy $ 12,383.83   sel     $89,500.00   [strat=kong_stochastic_sampler]
      R 3  buy $ 32,634.18   sel     $85,250.00   [strat=kong_stochastic_sampler]
      R 4  buy $ 66,094.28   sel     $82,500.00   [strat=kong_stochastic_sampler]
      R 5  buy $ 23,675.87   sel     $81,000.00   [strat=kong_stochastic_sampler]
      R 6  buy $ 11,103.76   sel     $80,500.00   [strat=kong_stochastic_sampler]
      R 7  buy $ 70,788.27   sel     $79,000.00   [strat=kong_stochastic_sampler]
      R 8  buy $ 16,783.39   sel     $78,500.00   [strat=kong_stochastic_sampler]
      R 9  buy $ 62,764.22   sel     $77,250.00   [strat=kong_stochastic_sampler]
      R10  buy $ 75,225.66   sel     $76,000.00   [strat=kong_stochastic_sampler]
      R11  buy $ 65,865.61   sel     $75,500.00   [strat=kong_stochastic_sampler]
      R12  buy $ 21,144.84   sel     $75,000.00   [strat=kong_stochastic_sampler]
      R13  buy $ 34,409.66   sel     $74,500.00   [strat=kong_stochastic_sampler]
      R14  buy $ 43,598.56   sel     $74,000.00   [strat=kong_stochastic_sampler]
      R15  buy $ 39,598.49   sel     $73,500.00   [strat=kong_stochastic_sampler]
      R16  buy $  7,901.72   sel     $74,500.00   [strat=kong_stochastic_sampler]
   run 22 done in 7.1 min

   run 23/30 on 2014 Mercedes-Benz S550  seed=20960442
      R 1  buy $ 51,227.04   sel     $69,950.00   [strat=kong_stochastic_sampler] *
      R 2  buy $ 60,054.06   sel     $67,500.00   [strat=kong_stochastic_sampler]
      R 3  buy $ 18,449.94   sel     $67,250.00   [strat=kong_stochastic_sampler]
      R 4  buy $ 65,805.50   sel     $66,500.00   [strat=kong_stochastic_sampler]
      R 5  buy $ 65,027.55   sel     $66,000.00   [strat=kong_stochastic_sampler]
      R 6  buy $ 39,431.71   sel     $65,500.00   [strat=kong_stochastic_sampler]
      R 7  buy $ 63,203.65   sel     $64,250.00   [strat=kong_stochastic_sampler]
      R 8  buy $ 43,607.97   sel     $63,750.00   [strat=kong_stochastic_sampler]
      R 9  buy $ 56,069.64   sel     $62,500.00   [strat=kong_stochastic_sampler]
      R10  buy $ 42,859.28   sel     $62,000.00   [strat=kong_stochastic_sampler]
      R11  buy $ 58,902.85   sel     $61,250.00   [strat=kong_stochastic_sampler]
      R12  buy $ 15,936.24   sel     $60,500.00   [strat=kong_stochastic_sampler]
      R13  buy $ 38,391.51   sel     $59,950.00   [strat=kong_stochastic_sampler]
      R14  buy $ 31,489.36   sel     $59,500.00   [strat=kong_stochastic_sampler]
      R15  buy $ 39,031.57   sel     $59,000.00   [strat=kong_stochastic_sampler]
      R16  buy $ 30,188.04   sel     $57,500.00   [strat=kong_stochastic_sampler]
   run 23 done in 9.1 min

   run 24/30 on 2014 Mercedes-Benz S550  seed=20960443
      R 1  buy $ 25,347.16   sel     $28,500.00   [strat=kong_stochastic_sampler] *
      R 2  buy $  7,610.20   sel     $27,900.00   [strat=kong_stochastic_sampler]
      R 3  buy $ 18,233.68   sel     $27,600.00   [strat=kong_stochastic_sampler]
      R 4  buy $  4,536.46   sel     $27,400.00   [strat=kong_stochastic_sampler]
      R 5  buy $ 12,233.42   sel     $27,200.00   [strat=kong_stochastic_sampler]
      R 6  buy $ 19,354.53   sel     $26,800.00   [strat=kong_stochastic_sampler]
      R 7  buy $ 26,083.24   sel     $26,450.00   [strat=kong_stochastic_sampler]
      R 8  buy $    499.03   sel     $26,900.00   [strat=kong_stochastic_sampler]
      R 9  buy $ 16,982.85   sel     $26,800.00   [strat=kong_stochastic_sampler]
      R10  buy $  8,659.91   sel     $26,600.00   [strat=kong_stochastic_sampler]
      R11  buy $ 17,172.80   sel     $26,500.00   [strat=kong_stochastic_sampler]
      R12  buy $ 18,415.15   sel     $26,300.00   [strat=kong_stochastic_sampler]
      R13  buy $  5,097.02   sel     $26,900.00   [strat=kong_stochastic_sampler]
      R14  buy $ 11,635.91   sel     $26,650.00   [strat=kong_stochastic_sampler]
      R15  buy $  9,274.12   sel     $26,900.00   [strat=kong_stochastic_sampler]
      R16  buy $ 10,853.30   sel     $26,750.00   [strat=kong_stochastic_sampler]
   run 24 done in 10.9 min

   run 25/30 on 2014 Mercedes-Benz S550  seed=20960444
      R 1  buy $ 70,632.04   sel     $89,500.00   [strat=kong_stochastic_sampler] *
      R 2  buy $ 62,682.15   sel     $88,750.00   [strat=kong_stochastic_sampler]
      R 3  buy $  9,405.64   sel     $88,000.00   [strat=kong_stochastic_sampler]
      R 4  buy $ 27,144.39   sel     $87,250.00   [strat=kong_stochastic_sampler]
      R 5  buy $ 38,914.86   sel     $86,750.00   [strat=kong_stochastic_sampler]
      R 6  buy $ 70,710.66   sel     $85,500.00   [strat=kong_stochastic_sampler]
      R 7  buy $ 84,388.71   sel     $85,000.00   [strat=kong_stochastic_sampler]
      R 8  buy $ 61,065.00   sel     $86,500.00   [strat=kong_stochastic_sampler]
      R 9  buy $ 45,387.34   sel     $86,250.00   [strat=kong_stochastic_sampler]
      R10  buy $ 60,868.60   sel     $85,750.00   [strat=kong_stochastic_sampler]
      R11  buy $ 60,943.76   sel     $85,500.00   [strat=kong_stochastic_sampler]
      R12  buy $ 58,968.65   sel     $84,500.00   [strat=kong_stochastic_sampler]
      R13  buy $ 60,760.03   sel     $84,000.00   [strat=kong_stochastic_sampler]
      R14  buy $ 27,394.53   sel     $85,500.00   [strat=kong_stochastic_sampler]
      R15  buy $ 56,810.61   sel     $84,250.00   [strat=kong_stochastic_sampler]
      R16  buy $ 69,517.86   sel     $83,750.00   [strat=kong_stochastic_sampler]
   run 25 done in 8.9 min

   run 26/30 on 2014 Mercedes-Benz S550  seed=20960445
      R 1  buy $ 35,277.83   sel     PARSE-FAIL   [strat=kong_stochastic_sampler] *
      R 2  buy $  5,480.39   sel     $29,950.00   [strat=kong_stochastic_sampler]
      R 3  buy $  9,656.99   sel     $28,750.00   [strat=kong_stochastic_sampler]
      R 4  buy $ 22,269.63   sel     $27,500.00   [strat=kong_stochastic_sampler]
      R 5  buy $ 24,877.32   sel     $26,750.00   [strat=kong_stochastic_sampler]
      R 6  buy $ 11,044.52   sel     $26,250.00   [strat=kong_stochastic_sampler]
      R 7  buy $ 23,980.43   sel     $25,750.00   [strat=kong_stochastic_sampler]
      R 8  buy $ 10,500.74   sel     $25,500.00   [strat=kong_stochastic_sampler]
      R 9  buy $ 13,779.11   sel     $25,250.00   [strat=kong_stochastic_sampler]
      R10  buy $ 23,957.21   sel     $25,000.00   [strat=kong_stochastic_sampler]
      R11  buy $ 19,563.51   sel     $24,000.00   [strat=kong_stochastic_sampler]
      R12  buy $ 16,189.41   sel     $22,500.00   [strat=kong_stochastic_sampler]
      R13  buy $ 19,204.89   sel     $21,650.00   [strat=kong_stochastic_sampler]
      R14  buy $ 11,581.44   sel     $21,500.00   [strat=kong_stochastic_sampler]
      R15  buy $  6,069.62   sel     $21,400.00   [strat=kong_stochastic_sampler]
      R16  buy $ 13,661.67   sel     $21,250.00   [strat=kong_stochastic_sampler]
   run 26 done in 9.5 min

   run 27/30 on 2014 Mercedes-Benz S550  seed=20960446
      R 1  buy $ 16,732.00   sel     $28,500.00   [strat=kong_stochastic_sampler] *
      R 2  buy $ 16,723.89   sel     $27,500.00   [strat=kong_stochastic_sampler]
      R 3  buy $ 12,018.78   sel     $26,500.00   [strat=kong_stochastic_sampler]
      R 4  buy $ 23,413.15   sel     $25,500.00   [strat=kong_stochastic_sampler]
      R 5  buy $ 13,954.29   sel     $25,000.00   [strat=kong_stochastic_sampler]
      R 6  buy $ 13,605.60   sel     $24,800.00   [strat=kong_stochastic_sampler]
      R 7  buy $ 22,212.73   sel     $24,200.00   [strat=kong_stochastic_sampler]
      R 8  buy $  3,808.86   sel     $24,600.00   [strat=kong_stochastic_sampler]
      R 9  buy $ 21,350.04   sel     $23,800.00   [strat=kong_stochastic_sampler]
      R10  buy $ 23,645.96   sel     $23,645.96   [strat=kong_stochastic_sampler]
      R11  buy $ 18,850.27   sel     $23,500.00   [strat=kong_stochastic_sampler]
      R12  buy $  2,088.78   sel     $23,200.00   [strat=kong_stochastic_sampler]
      R13  buy $ 14,026.78   sel     $22,800.00   [strat=kong_stochastic_sampler]
      R14  buy $ 13,917.60   sel     $22,500.00   [strat=kong_stochastic_sampler]
      R15  buy $  7,440.90   sel     $23,500.00   [strat=kong_stochastic_sampler]
      R16  buy $ 20,697.06   sel     $22,500.00   [strat=kong_stochastic_sampler]
   run 27 done in 5.6 min

   run 28/30 on 2014 Mercedes-Benz S550  seed=20960447
      R 1  buy $ 80,044.74   sel     $94,500.00   [strat=kong_stochastic_sampler] *
      R 2  buy $  4,308.44   sel     $92,000.00   [strat=kong_stochastic_sampler]
      R 3  buy $ 81,981.26   sel     $89,000.00   [strat=kong_stochastic_sampler]
      R 4  buy $  5,768.82   sel     $89,500.00   [strat=kong_stochastic_sampler]
      R 5  buy $ 48,301.02   sel     $88,500.00   [strat=kong_stochastic_sampler]
      R 6  buy $ 34,734.44   sel     $87,250.00   [strat=kong_stochastic_sampler]
      R 7  buy $  3,366.09   sel     $86,500.00   [strat=kong_stochastic_sampler]
      R 8  buy $ 50,163.59   sel     $84,500.00   [strat=kong_stochastic_sampler]
      R 9  buy $ 52,240.05   sel     $83,500.00   [strat=kong_stochastic_sampler]
      R10  buy $ 18,145.98   sel     $82,500.00   [strat=kong_stochastic_sampler]
      R11  buy $ 33,786.12   sel     $79,000.00   [strat=kong_stochastic_sampler]
      R12  buy $ 62,782.94   sel     $76,500.00   [strat=kong_stochastic_sampler]
      R13  buy $ 30,195.45   sel     $75,000.00   [strat=kong_stochastic_sampler]
      R14  buy $ 40,035.16   sel     $71,000.00   [strat=kong_stochastic_sampler]
      R15  buy $ 62,472.64   sel     $68,750.00   [strat=kong_stochastic_sampler]
      R16  buy $ 58,675.35   sel     $67,000.00   [strat=kong_stochastic_sampler]
   run 28 done in 12.5 min

   run 29/30 on 2014 Mercedes-Benz S550  seed=20960448
      R 1  buy $ 42,616.25   sel     $48,250.00   [strat=kong_stochastic_sampler] *
      R 2  buy $ 27,149.86   sel     $47,500.00   [strat=kong_stochastic_sampler]
      R 3  buy $ 10,906.56   sel     $46,500.00   [strat=kong_stochastic_sampler]
      R 4  buy $ 37,691.95   sel     $45,750.00   [strat=kong_stochastic_sampler]
      R 5  buy $ 26,260.51   sel     $44,500.00   [strat=kong_stochastic_sampler]
      R 6  buy $  4,290.73   sel     $43,000.00   [strat=kong_stochastic_sampler]
      R 7  buy $ 39,426.30   sel     $42,500.00   [strat=kong_stochastic_sampler]
      R 8  buy $ 17,576.37   sel     $42,250.00   [strat=kong_stochastic_sampler]
      R 9  buy $ 19,416.41   sel     $42,000.00   [strat=kong_stochastic_sampler]
      R10  buy $ 10,203.27   sel     $41,250.00   [strat=kong_stochastic_sampler]
      R11  buy $  8,007.27   sel     $40,750.00   [strat=kong_stochastic_sampler]
      R12  buy $ 21,416.28   sel     $40,550.00   [strat=kong_stochastic_sampler]
      R13  buy $ 39,278.18   sel     $40,250.00   [strat=kong_stochastic_sampler]
      R14  buy $ 21,768.46   sel     $40,000.00   [strat=kong_stochastic_sampler]
      R15  buy $  8,432.42   sel     $39,500.00   [strat=kong_stochastic_sampler]
      R16  buy $ 10,070.77   sel     $39,000.00   [strat=kong_stochastic_sampler]
   run 29 done in 7.6 min

   run 30/30 on 2014 Mercedes-Benz S550  seed=20960449
      R 1  buy $ 81,389.41   sel     $89,500.00   [strat=kong_stochastic_sampler] *
      R 2  buy $ 41,961.59   sel     $88,750.00   [strat=kong_stochastic_sampler]
      R 3  buy $ 18,399.74   sel     $88,750.00   [strat=kong_stochastic_sampler]
      R 4  buy $ 67,414.68   sel     $84,500.00   [strat=kong_stochastic_sampler]
      R 5  buy $ 18,650.89   sel     $83,500.00   [strat=kong_stochastic_sampler]
      R 6  buy $ 82,229.58   sel     $82,800.00   [strat=kong_stochastic_sampler]
      R 7  buy $ 23,492.21   sel     $82,000.00   [strat=kong_stochastic_sampler]
      R 8  buy $  5,172.32   sel     $81,500.00   [strat=kong_stochastic_sampler]
      R 9  buy $  1,891.25   sel     $81,000.00   [strat=kong_stochastic_sampler]
      R10  buy $  6,064.89   sel     $80,500.00   [strat=kong_stochastic_sampler]
      R11  buy $ 77,420.70   sel     $79,500.00   [strat=kong_stochastic_sampler]
      R12  buy $  8,736.84   sel     $79,000.00   [strat=kong_stochastic_sampler]
      R13  buy $ 66,168.03   sel     $77,650.00   [strat=kong_stochastic_sampler]
      R14  buy $ 31,218.38   sel     $74,500.00   [strat=kong_stochastic_sampler]
      R15  buy $ 38,104.27   sel     $73,000.00   [strat=kong_stochastic_sampler]
      R16  buy $ 33,635.48   sel     $72,000.00   [strat=kong_stochastic_sampler]
   run 30 done in 9.8 min

   ---> checkpoint: car 1/5 done in 305.7 min; total so far 305.7 min; saved 30 runs to exp07_fixed_kong_stochastic_sampler.json

--- CAR 2/5: 2016 Cadillac CTS 3.6 Luxury  (M=$45,000.00  cost=$15,750.00  cost/M=35.00%) ---

   run 1/30 on 2016 Cadillac CTS 3.6 Luxury  seed=20961420
      R 1  buy $ 17,959.51   sel     $19,599.99   [strat=kong_stochastic_sampler] *
      R 2  buy $  6,123.88   sel     $19,299.99   [strat=kong_stochastic_sampler]
      R 3  buy $ 14,141.79   sel     $18,999.99   [strat=kong_stochastic_sampler]
      R 4  buy $  7,213.58   sel     $18,899.99   [strat=kong_stochastic_sampler]
      R 5  buy $ 10,819.94   sel     $18,799.99   [strat=kong_stochastic_sampler]
      R 6  buy $ 14,044.34   sel     $18,599.99   [strat=kong_stochastic_sampler]
      R 7  buy $  8,864.43   sel     $18,499.99   [strat=kong_stochastic_sampler]
      R 8  buy $ 14,139.71   sel     $18,299.99   [strat=kong_stochastic_sampler]
      R 9  buy $  1,355.52   sel     $18,249.99   [strat=kong_stochastic_sampler]
      R10  buy $  5,618.33   sel     $18,249.99   [strat=kong_stochastic_sampler]
      R11  buy $  7,153.41   sel     $18,199.99   [strat=kong_stochastic_sampler]
      R12  buy $ 11,812.63   sel     $18,149.99   [strat=kong_stochastic_sampler]
      R13  buy $  4,502.91   sel     $18,099.99   [strat=kong_stochastic_sampler]
      R14  buy $  2,542.80   sel     $17,999.99   [strat=kong_stochastic_sampler]
      R15  buy $  4,985.62   sel     $17,949.99   [strat=kong_stochastic_sampler]
      R16  buy $ 15,309.50   sel     $17,699.99   [strat=kong_stochastic_sampler]
   run 1 done in 9.3 min

   run 2/30 on 2016 Cadillac CTS 3.6 Luxury  seed=20961421
      R 1  buy $ 37,080.01   sel     $42,500.00   [strat=kong_stochastic_sampler] *
      R 2  buy $ 15,966.71   sel     $41,500.00   [strat=kong_stochastic_sampler]
      R 3  buy $ 23,118.06   sel     $40,000.00   [strat=kong_stochastic_sampler]
      R 4  buy $ 13,784.17   sel     $38,500.00   [strat=kong_stochastic_sampler]
      R 5  buy $ 28,372.12   sel     $36,000.00   [strat=kong_stochastic_sampler]
      R 6  buy $  5,719.10   sel     $35,500.00   [strat=kong_stochastic_sampler]
      R 7  buy $ 21,538.59   sel     $34,500.00   [strat=kong_stochastic_sampler]
      R 8  buy $  2,205.47   sel     $34,500.00   [strat=kong_stochastic_sampler]
      R 9  buy $ 34,421.35   sel     $34,400.00   [strat=kong_stochastic_sampler]
      R10  buy $    170.77   sel     $34,500.00   [strat=kong_stochastic_sampler]
      R11  buy $ 19,869.11   sel     $33,900.00   [strat=kong_stochastic_sampler]
      R12  buy $ 18,553.82   sel     $32,900.00   [strat=kong_stochastic_sampler]
      R13  buy $ 30,195.98   sel     $31,750.00   [strat=kong_stochastic_sampler]
      R14  buy $ 29,230.14   sel     $31,250.00   [strat=kong_stochastic_sampler]
      R15  buy $ 26,702.98   sel     $30,500.00   [strat=kong_stochastic_sampler]
      R16  buy $  2,116.58   sel     $30,000.00   [strat=kong_stochastic_sampler]
   run 2 done in 7.7 min

   run 3/30 on 2016 Cadillac CTS 3.6 Luxury  seed=20961422
      R 1  buy $  5,351.84   sel     $42,500.00   [strat=kong_stochastic_sampler] *
      R 2  buy $ 19,948.14   sel     $39,500.00   [strat=kong_stochastic_sampler]
      R 3  buy $ 35,363.33   sel     $38,500.00   [strat=kong_stochastic_sampler]
      R 4  buy $  8,104.84   sel     $39,250.00   [strat=kong_stochastic_sampler]
      R 5  buy $  8,483.12   sel     $38,900.00   [strat=kong_stochastic_sampler]
      R 6  buy $ 20,899.15   sel     $37,500.00   [strat=kong_stochastic_sampler]
      R 7  buy $ 11,182.75   sel     $37,300.00   [strat=kong_stochastic_sampler]
      R 8  buy $ 35,151.26   sel     $36,750.00   [strat=kong_stochastic_sampler]
      R 9  buy $ 27,350.62   sel     $36,000.00   [strat=kong_stochastic_sampler]
      R10  buy $  3,587.31   sel     $37,000.00   [strat=kong_stochastic_sampler]
      R11  buy $  8,600.03   sel     $36,500.00   [strat=kong_stochastic_sampler]
      R12  buy $ 18,725.34   sel     $36,000.00   [strat=kong_stochastic_sampler]
      R13  buy $  5,870.58   sel     $36,500.00   [strat=kong_stochastic_sampler]
      R14  buy $ 13,382.46   sel     $35,750.00   [strat=kong_stochastic_sampler]
      R15  buy $  6,157.19   sel     $36,500.00   [strat=kong_stochastic_sampler]
      R16  buy $ 30,469.55   sel     $34,500.00   [strat=kong_stochastic_sampler]
   run 3 done in 9.0 min

   run 4/30 on 2016 Cadillac CTS 3.6 Luxury  seed=20961423
      R 1  buy $ 24,342.44   sel     $27,995.00   [strat=kong_stochastic_sampler] *
      R 2  buy $  4,227.32   sel     $28,500.00   [strat=kong_stochastic_sampler]
      R 3  buy $ 14,029.53   sel     $27,800.00   [strat=kong_stochastic_sampler]
      R 4  buy $ 26,780.70   sel     $27,500.00   [strat=kong_stochastic_sampler]
      R 5  buy $ 22,338.38   sel     $27,400.00   [strat=kong_stochastic_sampler]
      R 6  buy $ 23,991.21   sel     $27,200.00   [strat=kong_stochastic_sampler]
      R 7  buy $ 24,302.42   sel     $27,000.00   [strat=kong_stochastic_sampler]
      R 8  buy $ 16,664.56   sel     $26,200.00   [strat=kong_stochastic_sampler]
      R 9  buy $ 14,348.59   sel     $25,900.00   [strat=kong_stochastic_sampler]
      R10  buy $  4,527.40   sel     $26,500.00   [strat=kong_stochastic_sampler]
      R11  buy $ 23,547.43   sel     $26,000.00   [strat=kong_stochastic_sampler]
      R12  buy $ 12,031.13   sel     $25,700.00   [strat=kong_stochastic_sampler]
      R13  buy $ 16,803.37   sel     $25,500.00   [strat=kong_stochastic_sampler]
      R14  buy $  8,623.39   sel     $25,000.00   [strat=kong_stochastic_sampler]
      R15  buy $  4,401.43   sel     $26,000.00   [strat=kong_stochastic_sampler]
      R16  buy $  3,519.95   sel     $25,500.00   [strat=kong_stochastic_sampler]
   run 4 done in 8.3 min

   run 5/30 on 2016 Cadillac CTS 3.6 Luxury  seed=20961424
      R 1  buy $ 32,369.74   sel     $39,999.00   [strat=kong_stochastic_sampler] *
      R 2  buy $ 29,903.98   sel     $39,499.00   [strat=kong_stochastic_sampler]
      R 3  buy $ 34,195.07   sel     $38,799.00   [strat=kong_stochastic_sampler]
      R 4  buy $  8,202.27   sel     $38,500.00   [strat=kong_stochastic_sampler]
      R 5  buy $ 24,368.09   sel     $37,499.00   [strat=kong_stochastic_sampler]
      R 6  buy $ 10,195.03   sel     $36,999.00   [strat=kong_stochastic_sampler]
      R 7  buy $ 28,327.14   sel     $35,999.00   [strat=kong_stochastic_sampler]
      R 8  buy $ 34,983.73   sel     $35,499.00   [strat=kong_stochastic_sampler]
      R 9  buy $    747.25   sel     $34,999.00   [strat=kong_stochastic_sampler]
      R10  buy $  7,456.91   sel     $34,500.00   [strat=kong_stochastic_sampler]
      R11  buy $    326.40   sel     $34,250.00   [strat=kong_stochastic_sampler]
      R12  buy $ 21,474.72   sel     $33,199.00   [strat=kong_stochastic_sampler]
      R13  buy $ 22,190.37   sel     $32,799.00   [strat=kong_stochastic_sampler]
      R14  buy $ 12,165.30   sel     $32,299.00   [strat=kong_stochastic_sampler]
      R15  buy $ 11,735.22   sel     $32,199.00   [strat=kong_stochastic_sampler]
      R16  buy $ 30,157.34   sel     $31,799.00   [strat=kong_stochastic_sampler]
   run 5 done in 7.9 min

   run 6/30 on 2016 Cadillac CTS 3.6 Luxury  seed=20961425
      R 1  buy $  3,417.92   sel     $42,500.00   [strat=kong_stochastic_sampler] *
      R 2  buy $  5,295.59   sel     $39,500.00   [strat=kong_stochastic_sampler]
      R 3  buy $ 37,809.34   sel     $38,900.00   [strat=kong_stochastic_sampler]
      R 4  buy $  3,532.22   sel     $39,500.00   [strat=kong_stochastic_sampler]
      R 5  buy $ 15,286.34   sel     $38,500.00   [strat=kong_stochastic_sampler]
      R 6  buy $ 35,534.83   sel     $38,200.00   [strat=kong_stochastic_sampler]
      R 7  buy $  9,440.95   sel     $37,900.00   [strat=kong_stochastic_sampler]
      R 8  buy $ 22,727.06   sel     $37,800.00   [strat=kong_stochastic_sampler]
      R 9  buy $ 26,702.93   sel     $37,500.00   [strat=kong_stochastic_sampler]
      R10  buy $ 31,802.82   sel     $36,600.00   [strat=kong_stochastic_sampler]
      R11  buy $ 16,402.62   sel     $36,200.00   [strat=kong_stochastic_sampler]
      R12  buy $ 29,134.28   sel     $35,500.00   [strat=kong_stochastic_sampler]
      R13  buy $  8,863.85   sel     $34,900.00   [strat=kong_stochastic_sampler]
      R14  buy $ 17,568.41   sel     $34,600.00   [strat=kong_stochastic_sampler]
      R15  buy $ 31,374.93   sel     $33,600.00   [strat=kong_stochastic_sampler]
      R16  buy $  3,229.73   sel     $32,800.00   [strat=kong_stochastic_sampler]
   run 6 done in 7.4 min

   run 7/30 on 2016 Cadillac CTS 3.6 Luxury  seed=20961426
      R 1  buy $  6,363.32   sel     $38,500.00   [strat=kong_stochastic_sampler] *
      R 2  buy $ 14,778.51   sel     $34,900.00   [strat=kong_stochastic_sampler]
      R 3  buy $  9,560.21   sel     $34,500.00   [strat=kong_stochastic_sampler]
      R 4  buy $ 24,023.38   sel     $32,500.00   [strat=kong_stochastic_sampler]
      R 5  buy $ 12,433.82   sel     $31,900.00   [strat=kong_stochastic_sampler]
      R 6  buy $  2,168.58   sel     $31,500.00   [strat=kong_stochastic_sampler]
      R 7  buy $ 12,712.09   sel     $30,900.00   [strat=kong_stochastic_sampler]
      R 8  buy $ 22,506.64   sel     $28,900.00   [strat=kong_stochastic_sampler]
      R 9  buy $  1,447.25   sel     $28,500.00   [strat=kong_stochastic_sampler]
      R10  buy $ 28,187.36   sel     $28,187.36   [strat=kong_stochastic_sampler]
      R11  buy $ 20,607.03   sel     $28,400.00   [strat=kong_stochastic_sampler]
      R12  buy $  6,690.64   sel     $27,900.00   [strat=kong_stochastic_sampler]
      R13  buy $ 17,932.98   sel     $27,500.00   [strat=kong_stochastic_sampler]
      R14  buy $  6,051.53   sel     $27,200.00   [strat=kong_stochastic_sampler]
      R15  buy $ 17,099.70   sel     $26,900.00   [strat=kong_stochastic_sampler]
      R16  buy $ 18,897.27   sel     $25,900.00   [strat=kong_stochastic_sampler]
   run 7 done in 6.8 min

   run 8/30 on 2016 Cadillac CTS 3.6 Luxury  seed=20961427
      R 1  buy $ 12,982.60   sel     $19,500.00   [strat=kong_stochastic_sampler] *
      R 2  buy $  4,451.55   sel     $18,750.00   [strat=kong_stochastic_sampler]
      R 3  buy $  1,094.22   sel     $18,500.00   [strat=kong_stochastic_sampler]
      R 4  buy $ 10,331.87   sel     $18,000.00   [strat=kong_stochastic_sampler]
      R 5  buy $  9,518.61   sel     $17,650.00   [strat=kong_stochastic_sampler]
      R 6  buy $  5,239.62   sel     $17,250.00   [strat=kong_stochastic_sampler]
      R 7  buy $  8,882.40   sel     $16,950.00   [strat=kong_stochastic_sampler]
      R 8  buy $ 11,207.19   sel     $16,450.00   [strat=kong_stochastic_sampler]
      R 9  buy $  9,038.42   sel     $16,200.00   [strat=kong_stochastic_sampler]
      R10  buy $ 10,255.60   sel     $16,050.00   [strat=kong_stochastic_sampler]
      R11  buy $  2,636.56   sel     $16,000.00   [strat=kong_stochastic_sampler]
      R12  buy $ 12,614.04   sel     $15,800.00   [strat=kong_stochastic_sampler]
      R13  buy $ 11,033.75   sel     $15,775.00   [strat=kong_stochastic_sampler]
      R14  buy $  5,641.51   sel     $15,750.00   [strat=kong_stochastic_sampler]
      R15  buy $  4,562.36   sel     $15,725.00   [strat=kong_stochastic_sampler]
      R16  buy $  6,268.74   sel     $15,750.00   [strat=kong_stochastic_sampler]
   run 8 done in 7.5 min

   run 9/30 on 2016 Cadillac CTS 3.6 Luxury  seed=20961428
      R 1  buy $ 32,648.52   sel     $39,995.00   [strat=kong_stochastic_sampler] *
      R 2  buy $ 38,859.64   sel     $39,500.00   [strat=kong_stochastic_sampler]
      R 3  buy $ 37,266.79   sel     $39,250.00   [strat=kong_stochastic_sampler]
      R 4  buy $ 22,875.83   sel     $39,000.00   [strat=kong_stochastic_sampler]
      R 5  buy $ 35,432.28   sel     $38,500.00   [strat=kong_stochastic_sampler]
      R 6  buy $  2,118.18   sel     $38,000.00   [strat=kong_stochastic_sampler]
      R 7  buy $  3,399.21   sel     $37,500.00   [strat=kong_stochastic_sampler]
      R 8  buy $ 37,227.59   sel     $37,350.00   [strat=kong_stochastic_sampler]
      R 9  buy $ 20,519.23   sel     $36,750.00   [strat=kong_stochastic_sampler]
      R10  buy $ 20,710.09   sel     $36,499.00   [strat=kong_stochastic_sampler]
      R11  buy $ 21,652.07   sel     $36,000.00   [strat=kong_stochastic_sampler]
      R12  buy $ 18,213.21   sel     $35,750.00   [strat=kong_stochastic_sampler]
      R13  buy $  2,909.13   sel     $35,000.00   [strat=kong_stochastic_sampler]
      R14  buy $ 26,060.85   sel     $34,500.00   [strat=kong_stochastic_sampler]
      R15  buy $ 14,589.99   sel     $32,000.00   [strat=kong_stochastic_sampler]
      R16  buy $  2,889.36   sel     $31,500.00   [strat=kong_stochastic_sampler]
   run 9 done in 5.6 min

   run 10/30 on 2016 Cadillac CTS 3.6 Luxury  seed=20961429
      R 1  buy $ 41,858.85   sel     $44,500.00   [strat=kong_stochastic_sampler] *
      R 2  buy $ 40,399.69   sel     $43,900.00   [strat=kong_stochastic_sampler]
      R 3  buy $  3,600.57   sel     $43,500.00   [strat=kong_stochastic_sampler]
      R 4  buy $ 10,448.12   sel     $43,000.00   [strat=kong_stochastic_sampler]
      R 5  buy $ 34,318.76   sel     $41,750.00   [strat=kong_stochastic_sampler]
      R 6  buy $ 19,924.33   sel     $40,750.00   [strat=kong_stochastic_sampler]
      R 7  buy $ 39,620.00   sel     $40,250.00   [strat=kong_stochastic_sampler]
      R 8  buy $ 31,720.03   sel     $39,000.00   [strat=kong_stochastic_sampler]
      R 9  buy $ 34,953.31   sel     $37,750.00   [strat=kong_stochastic_sampler]
      R10  buy $  8,514.07   sel     $37,500.00   [strat=kong_stochastic_sampler]
      R11  buy $ 20,572.37   sel     $34,750.00   [strat=kong_stochastic_sampler]
      R12  buy $ 21,261.12   sel     $33,500.00   [strat=kong_stochastic_sampler]
      R13  buy $ 14,313.08   sel     $33,000.00   [strat=kong_stochastic_sampler]
      R14  buy $ 28,811.33   sel     $32,250.00   [strat=kong_stochastic_sampler]
      R15  buy $ 10,006.22   sel     $32,000.00   [strat=kong_stochastic_sampler]
      R16  buy $ 18,453.69   sel     $30,500.00   [strat=kong_stochastic_sampler]
   run 10 done in 8.5 min

   run 11/30 on 2016 Cadillac CTS 3.6 Luxury  seed=20961430
      R 1  buy $ 19,857.13   sel     $27,995.00   [strat=kong_stochastic_sampler] *
      R 2  buy $  6,814.94   sel     $26,500.00   [strat=kong_stochastic_sampler]
      R 3  buy $ 12,577.60   sel     $25,900.00   [strat=kong_stochastic_sampler]
      R 4  buy $  9,741.47   sel     $25,500.00   [strat=kong_stochastic_sampler]
      R 5  buy $    301.67   sel     $25,400.00   [strat=kong_stochastic_sampler]
      R 6  buy $  4,874.01   sel     $25,300.00   [strat=kong_stochastic_sampler]
      R 7  buy $  5,232.64   sel     $25,000.00   [strat=kong_stochastic_sampler]
      R 8  buy $  7,264.10   sel     $24,800.00   [strat=kong_stochastic_sampler]
      R 9  buy $ 15,857.16   sel     $16,500.00   [strat=kong_stochastic_sampler]
      R10  buy $  6,911.81   sel     $16,300.00   [strat=kong_stochastic_sampler]
      R11  buy $ 11,615.47   sel     $16,100.00   [strat=kong_stochastic_sampler]
      R12  buy $    796.15   sel     $16,200.00   [strat=kong_stochastic_sampler]
      R13  buy $ 14,006.40   sel     $15,900.00   [strat=kong_stochastic_sampler]
      R14  buy $  8,594.15   sel     $16,000.00   [strat=kong_stochastic_sampler]
      R15  buy $ 15,131.24   sel     $15,800.00   [strat=kong_stochastic_sampler]
      R16  buy $  4,926.63   sel     $15,900.00   [strat=kong_stochastic_sampler]
   run 11 done in 6.6 min

   run 12/30 on 2016 Cadillac CTS 3.6 Luxury  seed=20961431
      R 1  buy $  5,004.13   sel     $28,500.00   [strat=kong_stochastic_sampler] *
      R 2  buy $  2,288.22   sel     $26,500.00   [strat=kong_stochastic_sampler]
      R 3  buy $ 20,417.05   sel     $25,000.00   [strat=kong_stochastic_sampler]
      R 4  buy $ 15,639.88   sel     $23,500.00   [strat=kong_stochastic_sampler]
      R 5  buy $ 13,885.86   sel     $22,000.00   [strat=kong_stochastic_sampler]
      R 6  buy $ 17,999.65   sel     $20,999.00   [strat=kong_stochastic_sampler]
      R 7  buy $  3,312.74   sel     $20,999.00   [strat=kong_stochastic_sampler]
      R 8  buy $  2,766.41   sel     $20,500.00   [strat=kong_stochastic_sampler]
      R 9  buy $ 18,372.56   sel     $19,650.00   [strat=kong_stochastic_sampler]
      R10  buy $  6,218.21   sel     $19,250.00   [strat=kong_stochastic_sampler]
      R11  buy $  4,332.20   sel     $18,950.00   [strat=kong_stochastic_sampler]
      R12  buy $ 13,679.70   sel     $18,250.00   [strat=kong_stochastic_sampler]
      R13  buy $  5,251.87   sel     $17,850.00   [strat=kong_stochastic_sampler]
      R14  buy $ 14,731.62   sel     $17,500.00   [strat=kong_stochastic_sampler]
      R15  buy $ 14,234.82   sel     $17,250.00   [strat=kong_stochastic_sampler]
      R16  buy $     13.74   sel     $17,000.00   [strat=kong_stochastic_sampler]
   run 12 done in 7.3 min

   run 13/30 on 2016 Cadillac CTS 3.6 Luxury  seed=20961432
      R 1  buy $ 35,946.56   sel     $42,495.00   [strat=kong_stochastic_sampler] *
      R 2  buy $ 41,164.33   sel     $41,995.00   [strat=kong_stochastic_sampler]
      R 3  buy $ 13,279.54   sel     $38,995.00   [strat=kong_stochastic_sampler]
      R 4  buy $ 35,627.41   sel     $37,995.00   [strat=kong_stochastic_sampler]
      R 5  buy $ 15,282.00   sel     $37,500.00   [strat=kong_stochastic_sampler]
      R 6  buy $ 17,414.79   sel     $36,500.00   [strat=kong_stochastic_sampler]
      R 7  buy $ 22,449.38   sel     $34,995.00   [strat=kong_stochastic_sampler]
      R 8  buy $ 30,165.39   sel     $33,495.00   [strat=kong_stochastic_sampler]
      R 9  buy $ 10,736.01   sel     $32,995.00   [strat=kong_stochastic_sampler]
      R10  buy $  3,520.80   sel     $32,495.00   [strat=kong_stochastic_sampler]
      R11  buy $ 23,030.14   sel     $31,995.00   [strat=kong_stochastic_sampler]
      R12  buy $ 25,609.35   sel     $31,795.00   [strat=kong_stochastic_sampler]
      R13  buy $ 13,942.15   sel     $31,495.00   [strat=kong_stochastic_sampler]
      R14  buy $ 23,576.91   sel     $30,895.00   [strat=kong_stochastic_sampler]
      R15  buy $ 29,400.12   sel     $30,495.00   [strat=kong_stochastic_sampler]
      R16  buy $ 17,299.15   sel     $30,195.00   [strat=kong_stochastic_sampler]
   run 13 done in 6.5 min

   run 14/30 on 2016 Cadillac CTS 3.6 Luxury  seed=20961433
      R 1  buy $ 22,863.78   sel     $24,995.00   [strat=kong_stochastic_sampler] *
      R 2  buy $ 13,811.31   sel     $24,500.00   [strat=kong_stochastic_sampler]
      R 3  buy $  2,393.01   sel     $23,995.00   [strat=kong_stochastic_sampler]
      R 4  buy $  1,581.32   sel     $23,500.00   [strat=kong_stochastic_sampler]
      R 5  buy $ 18,777.72   sel     $23,000.00   [strat=kong_stochastic_sampler]
      R 6  buy $  4,025.93   sel     $22,750.00   [strat=kong_stochastic_sampler]
      R 7  buy $ 14,147.46   sel     $22,500.00   [strat=kong_stochastic_sampler]
      R 8  buy $ 20,775.79   sel     $21,500.00   [strat=kong_stochastic_sampler]
      R 9  buy $  4,634.60   sel     $21,250.00   [strat=kong_stochastic_sampler]
      R10  buy $    279.84   sel     $21,200.00   [strat=kong_stochastic_sampler]
      R11  buy $  6,315.56   sel     $21,000.00   [strat=kong_stochastic_sampler]
      R12  buy $ 12,539.39   sel     $20,500.00   [strat=kong_stochastic_sampler]
      R13  buy $ 16,516.81   sel     $19,999.00   [strat=kong_stochastic_sampler]
      R14  buy $  5,792.14   sel     $19,950.00   [strat=kong_stochastic_sampler]
      R15  buy $  9,594.84   sel     $19,750.00   [strat=kong_stochastic_sampler]
      R16  buy $ 13,595.16   sel     $19,250.00   [strat=kong_stochastic_sampler]
   run 14 done in 6.7 min

   run 15/30 on 2016 Cadillac CTS 3.6 Luxury  seed=20961434
      R 1  buy $ 42,735.20   sel     $44,500.00   [strat=kong_stochastic_sampler] *
      R 2  buy $ 19,786.81   sel     $43,500.00   [strat=kong_stochastic_sampler]
      R 3  buy $ 32,560.48   sel     $42,900.00   [strat=kong_stochastic_sampler]
      R 4  buy $ 22,358.39   sel     $42,000.00   [strat=kong_stochastic_sampler]
      R 5  buy $ 35,940.26   sel     $41,500.00   [strat=kong_stochastic_sampler]
      R 6  buy $  5,256.12   sel     $41,000.00   [strat=kong_stochastic_sampler]
      R 7  buy $    731.15   sel     $40,500.00   [strat=kong_stochastic_sampler]
      R 8  buy $ 10,017.92   sel     $40,000.00   [strat=kong_stochastic_sampler]
      R 9  buy $ 18,208.21   sel     $38,500.00   [strat=kong_stochastic_sampler]
      R10  buy $ 22,945.66   sel     $37,500.00   [strat=kong_stochastic_sampler]
      R11  buy $  3,342.74   sel     $37,250.00   [strat=kong_stochastic_sampler]
      R12  buy $  3,458.29   sel     $37,000.00   [strat=kong_stochastic_sampler]
      R13  buy $ 20,146.94   sel     $36,000.00   [strat=kong_stochastic_sampler]
      R14  buy $ 13,520.84   sel     $35,500.00   [strat=kong_stochastic_sampler]
      R15  buy $ 25,423.80   sel     $33,000.00   [strat=kong_stochastic_sampler]
      R16  buy $ 10,044.81   sel     $32,500.00   [strat=kong_stochastic_sampler]
   run 15 done in 7.9 min

   run 16/30 on 2016 Cadillac CTS 3.6 Luxury  seed=20961435
      R 1  buy $ 35,159.37   sel     $42,500.00   [strat=kong_stochastic_sampler] *
      R 2  buy $  8,624.62   sel     $41,250.00   [strat=kong_stochastic_sampler]
      R 3  buy $  9,786.60   sel     $40,900.00   [strat=kong_stochastic_sampler]
      R 4  buy $  3,530.53   sel     $40,800.00   [strat=kong_stochastic_sampler]
      R 5  buy $ 37,658.92   sel     $40,500.00   [strat=kong_stochastic_sampler]
      R 6  buy $ 10,978.07   sel     $40,400.00   [strat=kong_stochastic_sampler]
      R 7  buy $ 11,725.62   sel     $40,200.00   [strat=kong_stochastic_sampler]
      R 8  buy $ 32,712.83   sel     $39,800.00   [strat=kong_stochastic_sampler]
      R 9  buy $ 27,774.71   sel     $38,500.00   [strat=kong_stochastic_sampler]
      R10  buy $ 35,551.55   sel     $37,800.00   [strat=kong_stochastic_sampler]
      R11  buy $  8,234.47   sel     $38,750.00   [strat=kong_stochastic_sampler]
      R12  buy $ 15,745.78   sel     $16,000.00   [strat=kong_stochastic_sampler]
      R13  buy $  2,786.53   sel     $38,500.00   [strat=kong_stochastic_sampler]
      R14  buy $  2,398.62   sel     $38,250.00   [strat=kong_stochastic_sampler]
      R15  buy $ 33,219.11   sel     $37,500.00   [strat=kong_stochastic_sampler]
      R16  buy $ 31,768.46   sel     $36,000.00   [strat=kong_stochastic_sampler]
   run 16 done in 7.1 min

   run 17/30 on 2016 Cadillac CTS 3.6 Luxury  seed=20961436
      R 1  buy $  1,118.00   sel     $24,000.00   [strat=kong_stochastic_sampler] *
      R 2  buy $ 19,320.72   sel     $22,500.00   [strat=kong_stochastic_sampler]
      R 3  buy $  8,751.23   sel     $21,500.00   [strat=kong_stochastic_sampler]
      R 4  buy $ 15,774.44   sel     $19,750.00   [strat=kong_stochastic_sampler]
      R 5  buy $ 16,814.57   sel     $18,750.00   [strat=kong_stochastic_sampler]
      R 6  buy $    144.88   sel     $19,500.00   [strat=kong_stochastic_sampler]
      R 7  buy $ 13,707.48   sel     $18,500.00   [strat=kong_stochastic_sampler]
      R 8  buy $ 16,760.69   sel     $17,500.00   [strat=kong_stochastic_sampler]
      R 9  buy $  2,929.45   sel     $17,250.00   [strat=kong_stochastic_sampler]
      R10  buy $  8,018.47   sel     $17,000.00   [strat=kong_stochastic_sampler]
      R11  buy $  6,079.77   sel     $16,750.00   [strat=kong_stochastic_sampler]
      R12  buy $  7,254.20   sel     $17,000.00   [strat=kong_stochastic_sampler]
      R13  buy $    645.19   sel     $16,900.00   [strat=kong_stochastic_sampler]
      R14  buy $ 13,737.45   sel     $16,800.00   [strat=kong_stochastic_sampler]
      R15  buy $     73.78   sel     $16,500.00   [strat=kong_stochastic_sampler]
      R16  buy $  9,647.08   sel     $16,400.00   [strat=kong_stochastic_sampler]
   run 17 done in 6.7 min

   run 18/30 on 2016 Cadillac CTS 3.6 Luxury  seed=20961437
      R 1  buy $ 44,711.38   sel     $44,900.00   [strat=kong_stochastic_sampler] *
      R 2  buy $ 31,324.75   sel     $44,500.00   [strat=kong_stochastic_sampler]
      R 3  buy $ 22,743.23   sel     $43,200.00   [strat=kong_stochastic_sampler]
      R 4  buy $  3,527.70   sel     $42,500.00   [strat=kong_stochastic_sampler]
      R 5  buy $ 29,069.57   sel     $42,000.00   [strat=kong_stochastic_sampler]
      R 6  buy $  9,934.99   sel     $41,500.00   [strat=kong_stochastic_sampler]
      R 7  buy $ 40,173.71   sel     $41,000.00   [strat=kong_stochastic_sampler]
      R 8  buy $ 34,938.95   sel     $40,500.00   [strat=kong_stochastic_sampler]
      R 9  buy $ 25,979.89   sel     $39,500.00   [strat=kong_stochastic_sampler]
      R10  buy $    831.50   sel     $39,000.00   [strat=kong_stochastic_sampler]
      R11  buy $  3,828.83   sel     $38,250.00   [strat=kong_stochastic_sampler]
      R12  buy $ 37,866.42   sel     $38,000.00   [strat=kong_stochastic_sampler]
      R13  buy $ 23,403.41   sel     $36,750.00   [strat=kong_stochastic_sampler]
      R14  buy $  2,819.81   sel     $36,000.00   [strat=kong_stochastic_sampler]
      R15  buy $ 27,303.46   sel     $34,750.00   [strat=kong_stochastic_sampler]
      R16  buy $ 14,005.08   sel     $34,000.00   [strat=kong_stochastic_sampler]
   run 18 done in 6.6 min

   run 19/30 on 2016 Cadillac CTS 3.6 Luxury  seed=20961438
      R 1  buy $ 12,471.94   sel     $18,499.00   [strat=kong_stochastic_sampler] *
      R 2  buy $  1,995.83   sel     $17,999.00   [strat=kong_stochastic_sampler]
      R 3  buy $ 14,429.07   sel     $17,599.00   [strat=kong_stochastic_sampler]
      R 4  buy $ 14,934.16   sel     $17,400.00   [strat=kong_stochastic_sampler]
      R 5  buy $ 16,319.66   sel     $17,100.00   [strat=kong_stochastic_sampler]
      R 6  buy $ 13,801.00   sel     $17,000.00   [strat=kong_stochastic_sampler]
      R 7  buy $  6,400.51   sel     $17,200.00   [strat=kong_stochastic_sampler]
      R 8  buy $  8,424.65   sel     $17,150.00   [strat=kong_stochastic_sampler]
      R 9  buy $  8,744.94   sel     $17,100.00   [strat=kong_stochastic_sampler]
      R10  buy $  9,196.81   sel     $16,900.00   [strat=kong_stochastic_sampler]
      R11  buy $  9,274.81   sel     $16,850.00   [strat=kong_stochastic_sampler]
      R12  buy $  3,344.83   sel     $16,800.00   [strat=kong_stochastic_sampler]
      R13  buy $ 13,648.15   sel     $16,750.00   [strat=kong_stochastic_sampler]
      R14  buy $  6,361.94   sel     $16,800.00   [strat=kong_stochastic_sampler]
      R15  buy $  7,990.84   sel     $16,900.00   [strat=kong_stochastic_sampler]
      R16  buy $ 10,643.89   sel     $16,850.00   [strat=kong_stochastic_sampler]
   run 19 done in 7.2 min

   run 20/30 on 2016 Cadillac CTS 3.6 Luxury  seed=20961439
      R 1  buy $ 15,366.46   sel     $18,500.00   [strat=kong_stochastic_sampler] *
      R 2  buy $  7,714.14   sel     $18,250.00   [strat=kong_stochastic_sampler]
      R 3  buy $    169.97   sel     $18,000.00   [strat=kong_stochastic_sampler]
      R 4  buy $ 15,289.61   sel     $17,750.00   [strat=kong_stochastic_sampler]
      R 5  buy $    292.25   sel     $17,500.00   [strat=kong_stochastic_sampler]
      R 6  buy $  6,007.42   sel     $17,250.00   [strat=kong_stochastic_sampler]
      R 7  buy $  5,054.63   sel     $17,000.00   [strat=kong_stochastic_sampler]
      R 8  buy $  9,536.35   sel     $16,750.00   [strat=kong_stochastic_sampler]
      R 9  buy $  3,035.45   sel     $16,500.00   [strat=kong_stochastic_sampler]
      R10  buy $ 11,827.08   sel     $16,300.00   [strat=kong_stochastic_sampler]
      R11  buy $  5,596.15   sel     $16,250.00   [strat=kong_stochastic_sampler]
      R12  buy $  9,456.44   sel     $16,250.00   [strat=kong_stochastic_sampler]
      R13  buy $  6,938.38   sel     $16,500.00   [strat=kong_stochastic_sampler]
      R14  buy $  6,408.33   sel     $16,600.00   [strat=kong_stochastic_sampler]
      R15  buy $ 10,154.00   sel     $16,400.00   [strat=kong_stochastic_sampler]
      R16  buy $ 14,055.52   sel     $16,200.00   [strat=kong_stochastic_sampler]
   run 20 done in 7.4 min

   run 21/30 on 2016 Cadillac CTS 3.6 Luxury  seed=20961440
      R 1  buy $ 16,658.96   sel     $19,500.00   [strat=kong_stochastic_sampler] *
      R 2  buy $ 16,756.10   sel     $18,800.00   [strat=kong_stochastic_sampler]
      R 3  buy $  1,971.80   sel     $18,500.00   [strat=kong_stochastic_sampler]
      R 4  buy $  9,807.47   sel     $18,200.00   [strat=kong_stochastic_sampler]
      R 5  buy $  4,123.77   sel     $17,999.00   [strat=kong_stochastic_sampler]
      R 6  buy $  7,078.58   sel     $17,500.00   [strat=kong_stochastic_sampler]
      R 7  buy $  9,634.66   sel     $17,350.00   [strat=kong_stochastic_sampler]
      R 8  buy $ 16,571.47   sel     $16,999.00   [strat=kong_stochastic_sampler]
      R 9  buy $  3,351.33   sel     $16,800.00   [strat=kong_stochastic_sampler]
      R10  buy $ 16,439.83   sel     $16,600.00   [strat=kong_stochastic_sampler]
      R11  buy $  1,151.01   sel     $16,500.00   [strat=kong_stochastic_sampler]
      R12  buy $ 15,894.80   sel     $16,200.00   [strat=kong_stochastic_sampler]
      R13  buy $  4,545.52   sel     $16,000.00   [strat=kong_stochastic_sampler]
      R14  buy $ 15,845.00   sel     $15,950.00   [strat=kong_stochastic_sampler]
      R15  buy $ 12,682.80   sel     $15,500.00   [strat=kong_stochastic_sampler]
      R16  buy $ 12,243.84   sel     $15,250.00   [strat=kong_stochastic_sampler]
   run 21 done in 6.0 min

   run 22/30 on 2016 Cadillac CTS 3.6 Luxury  seed=20961441
      R 1  buy $ 32,368.37   sel     $38,250.00   [strat=kong_stochastic_sampler] *
      R 2  buy $ 11,388.12   sel     $37,500.00   [strat=kong_stochastic_sampler]
      R 3  buy $ 31,017.76   sel     $36,000.00   [strat=kong_stochastic_sampler]
      R 4  buy $ 35,727.99   sel     $35,850.00   [strat=kong_stochastic_sampler]
      R 5  buy $ 32,360.88   sel     $35,500.00   [strat=kong_stochastic_sampler]
      R 6  buy $ 24,733.01   sel     $34,500.00   [strat=kong_stochastic_sampler]
      R 7  buy $  5,597.08   sel     $33,900.00   [strat=kong_stochastic_sampler]
      R 8  buy $ 21,475.33   sel     $33,250.00   [strat=kong_stochastic_sampler]
      R 9  buy $ 14,240.41   sel     $33,000.00   [strat=kong_stochastic_sampler]
      R10  buy $ 23,363.58   sel     $32,250.00   [strat=kong_stochastic_sampler]
      R11  buy $  1,431.98   sel     $31,900.00   [strat=kong_stochastic_sampler]
      R12  buy $ 18,683.77   sel     $30,000.00   [strat=kong_stochastic_sampler]
      R13  buy $  1,683.38   sel     $29,500.00   [strat=kong_stochastic_sampler]
      R14  buy $ 14,495.97   sel     $29,000.00   [strat=kong_stochastic_sampler]
      R15  buy $ 20,706.83   sel     $28,500.00   [strat=kong_stochastic_sampler]
      R16  buy $  6,859.09   sel     $28,000.00   [strat=kong_stochastic_sampler]
   run 22 done in 7.0 min

   run 23/30 on 2016 Cadillac CTS 3.6 Luxury  seed=20961442
      R 1  buy $ 26,310.25   sel     $28,900.00   [strat=kong_stochastic_sampler] *
      R 2  buy $  2,082.58   sel     $27,500.00   [strat=kong_stochastic_sampler]
      R 3  buy $ 15,902.86   sel     $24,995.00   [strat=kong_stochastic_sampler]
      R 4  buy $ 11,811.69   sel     $22,500.00   [strat=kong_stochastic_sampler]
      R 5  buy $ 13,926.72   sel     $21,500.00   [strat=kong_stochastic_sampler]
      R 6  buy $  1,390.03   sel     $21,000.00   [strat=kong_stochastic_sampler]
      R 7  buy $ 11,144.37   sel     $20,250.00   [strat=kong_stochastic_sampler]
      R 8  buy $  7,389.39   sel     $19,900.00   [strat=kong_stochastic_sampler]
      R 9  buy $  5,597.91   sel     $19,800.00   [strat=kong_stochastic_sampler]
      R10  buy $ 13,086.85   sel     $19,500.00   [strat=kong_stochastic_sampler]
      R11  buy $ 13,304.11   sel     $19,300.00   [strat=kong_stochastic_sampler]
      R12  buy $  5,428.09   sel     $19,200.00   [strat=kong_stochastic_sampler]
      R13  buy $  7,861.52   sel     $19,200.00   [strat=kong_stochastic_sampler]
      R14  buy $ 15,139.51   sel     $18,300.00   [strat=kong_stochastic_sampler]
      R15  buy $ 12,227.50   sel     $17,950.00   [strat=kong_stochastic_sampler]
      R16  buy $ 13,510.05   sel     $17,600.00   [strat=kong_stochastic_sampler]
   run 23 done in 8.6 min

   run 24/30 on 2016 Cadillac CTS 3.6 Luxury  seed=20961443
      R 1  buy $ 26,683.83   sel     $38,500.00   [strat=kong_stochastic_sampler] *
      R 2  buy $ 23,472.90   sel     $36,500.00   [strat=kong_stochastic_sampler]
      R 3  buy $ 14,036.16   sel     $34,999.99   [strat=kong_stochastic_sampler]
      R 4  buy $ 24,757.00   sel     $34,499.00   [strat=kong_stochastic_sampler]
      R 5  buy $ 25,609.22   sel     $33,999.00   [strat=kong_stochastic_sampler]
      R 6  buy $ 33,536.17   sel     $33,750.00   [strat=kong_stochastic_sampler]
      R 7  buy $ 13,274.97   sel     $33,500.00   [strat=kong_stochastic_sampler]
      R 8  buy $  9,337.72   sel     $32,500.00   [strat=kong_stochastic_sampler]
      R 9  buy $ 25,099.79   sel     $31,999.00   [strat=kong_stochastic_sampler]
      R10  buy $ 28,715.59   sel     $30,999.00   [strat=kong_stochastic_sampler]
      R11  buy $ 22,308.63   sel     $30,499.00   [strat=kong_stochastic_sampler]
      R12  buy $  4,436.88   sel     $30,000.00   [strat=kong_stochastic_sampler]
      R13  buy $  1,477.96   sel     $29,850.00   [strat=kong_stochastic_sampler]
      R14  buy $ 20,076.93   sel     $29,500.00   [strat=kong_stochastic_sampler]
      R15  buy $  5,302.13   sel     $29,250.00   [strat=kong_stochastic_sampler]
      R16  buy $ 19,723.73   sel     $28,999.00   [strat=kong_stochastic_sampler]
   run 24 done in 5.8 min

   run 25/30 on 2016 Cadillac CTS 3.6 Luxury  seed=20961444
      R 1  buy $  9,256.10   sel     $23,995.00   [strat=kong_stochastic_sampler] *
      R 2  buy $ 16,971.67   sel     $22,500.00   [strat=kong_stochastic_sampler]
      R 3  buy $  5,245.85   sel     $21,500.00   [strat=kong_stochastic_sampler]
      R 4  buy $ 14,929.32   sel     $21,000.00   [strat=kong_stochastic_sampler]
      R 5  buy $  5,543.46   sel     $20,999.00   [strat=kong_stochastic_sampler]
      R 6  buy $  9,809.39   sel     $20,750.00   [strat=kong_stochastic_sampler]
      R 7  buy $  3,205.12   sel     $20,500.00   [strat=kong_stochastic_sampler]
      R 8  buy $ 18,585.87   sel     $20,300.00   [strat=kong_stochastic_sampler]
      R 9  buy $  5,417.41   sel     $19,999.00   [strat=kong_stochastic_sampler]
      R10  buy $  7,445.29   sel     $19,750.00   [strat=kong_stochastic_sampler]
      R11  buy $ 10,905.82   sel     $19,500.00   [strat=kong_stochastic_sampler]
      R12  buy $  3,631.86   sel     $19,300.00   [strat=kong_stochastic_sampler]
      R13  buy $ 13,174.52   sel     $19,000.00   [strat=kong_stochastic_sampler]
      R14  buy $  2,670.78   sel     $18,900.00   [strat=kong_stochastic_sampler]
      R15  buy $  5,555.83   sel     $18,800.00   [strat=kong_stochastic_sampler]
      R16  buy $ 10,998.43   sel     $18,500.00   [strat=kong_stochastic_sampler]
   run 25 done in 6.6 min

   run 26/30 on 2016 Cadillac CTS 3.6 Luxury  seed=20961445
      R 1  buy $ 15,702.25   sel     $16,500.00   [strat=kong_stochastic_sampler] *
      R 2  buy $  7,949.43   sel     $16,200.00   [strat=kong_stochastic_sampler]
      R 3  buy $ 14,954.35   sel     $16,000.00   [strat=kong_stochastic_sampler]
      R 4  buy $  2,787.09   sel     $15,950.00   [strat=kong_stochastic_sampler]
      R 5  buy $ 10,174.23   sel     $15,900.00   [strat=kong_stochastic_sampler]
      R 6  buy $ 15,133.53   sel     $15,800.00   [strat=kong_stochastic_sampler]
      R 7  buy $     72.62   sel     $15,750.00   [strat=kong_stochastic_sampler]
      R 8  buy $ 11,142.80   sel     $15,700.00   [strat=kong_stochastic_sampler]
      R 9  buy $  2,165.45   sel     $15,675.00   [strat=kong_stochastic_sampler]
      R10  buy $ 13,647.76   sel     $15,750.00   [strat=kong_stochastic_sampler]
      R11  buy $ 13,336.44   sel     $15,750.00   [strat=kong_stochastic_sampler]
      R12  buy $ 10,890.02   sel     $15,725.00   [strat=kong_stochastic_sampler]
      R13  buy $  2,852.74   sel     $15,700.00   [strat=kong_stochastic_sampler]
      R14  buy $  7,920.54   sel     $15,750.00   [strat=kong_stochastic_sampler]
      R15  buy $ 15,699.10   sel     $15,750.00   [strat=kong_stochastic_sampler]
      R16  buy $ 12,411.07   sel     $15,750.00   [strat=kong_stochastic_sampler]
   run 26 done in 7.6 min

   run 27/30 on 2016 Cadillac CTS 3.6 Luxury  seed=20961446
      R 1  buy $ 34,808.66   sel     $42,500.00   [strat=kong_stochastic_sampler] *
      R 2  buy $ 30,974.17   sel     $41,000.00   [strat=kong_stochastic_sampler]
      R 3  buy $ 13,149.75   sel     $40,500.00   [strat=kong_stochastic_sampler]
      R 4  buy $ 40,298.58   sel     $40,298.58   [strat=kong_stochastic_sampler]
      R 5  buy $ 14,046.62   sel     $40,000.00   [strat=kong_stochastic_sampler]
      R 6  buy $ 26,420.70   sel     $38,500.00   [strat=kong_stochastic_sampler]
      R 7  buy $ 26,341.52   sel     $37,500.00   [strat=kong_stochastic_sampler]
      R 8  buy $  5,850.08   sel     $37,000.00   [strat=kong_stochastic_sampler]
      R 9  buy $ 30,033.83   sel     $36,500.00   [strat=kong_stochastic_sampler]
      R10  buy $  7,758.51   sel     $36,000.00   [strat=kong_stochastic_sampler]
      R11  buy $ 31,815.08   sel     $35,250.00   [strat=kong_stochastic_sampler]
      R12  buy $  2,177.70   sel     $34,500.00   [strat=kong_stochastic_sampler]
      R13  buy $ 10,877.53   sel     $33,500.00   [strat=kong_stochastic_sampler]
      R14  buy $ 20,552.92   sel     $29,750.00   [strat=kong_stochastic_sampler]
      R15  buy $ 29,429.45   sel     $29,599.00   [strat=kong_stochastic_sampler]
      R16  buy $ 10,500.85   sel     $27,999.00   [strat=kong_stochastic_sampler]
   run 27 done in 7.6 min

   run 28/30 on 2016 Cadillac CTS 3.6 Luxury  seed=20961447
      R 1  buy $ 30,891.31   sel     $39,500.00   [strat=kong_stochastic_sampler] *
      R 2  buy $ 21,178.39   sel     $38,500.00   [strat=kong_stochastic_sampler]
      R 3  buy $ 28,906.84   sel     $37,250.00   [strat=kong_stochastic_sampler]
      R 4  buy $ 33,374.82   sel     $36,200.00   [strat=kong_stochastic_sampler]
      R 5  buy $  1,216.18   sel     $35,500.00   [strat=kong_stochastic_sampler]
      R 6  buy $  7,858.02   sel     $34,900.00   [strat=kong_stochastic_sampler]
      R 7  buy $  1,115.63   sel     $34,500.00   [strat=kong_stochastic_sampler]
      R 8  buy $ 15,655.64   sel     $31,500.00   [strat=kong_stochastic_sampler]
      R 9  buy $ 10,479.48   sel     $30,900.00   [strat=kong_stochastic_sampler]
      R10  buy $ 21,349.82   sel     $28,750.00   [strat=kong_stochastic_sampler]
      R11  buy $ 13,365.31   sel     $27,000.00   [strat=kong_stochastic_sampler]
      R12  buy $    536.84   sel     $26,000.00   [strat=kong_stochastic_sampler]
      R13  buy $ 17,552.54   sel     $25,000.00   [strat=kong_stochastic_sampler]
      R14  buy $ 20,955.21   sel     $23,500.00   [strat=kong_stochastic_sampler]
      R15  buy $ 22,803.77   sel     $23,200.00   [strat=kong_stochastic_sampler]
      R16  buy $ 15,496.05   sel     $22,000.00   [strat=kong_stochastic_sampler]
   run 28 done in 7.3 min

   run 29/30 on 2016 Cadillac CTS 3.6 Luxury  seed=20961448
      R 1  buy $    820.25   sel     $39,995.00   [strat=kong_stochastic_sampler] *
      R 2  buy $ 34,766.25   sel     $38,995.00   [strat=kong_stochastic_sampler]
      R 3  buy $  6,313.22   sel     $38,500.00   [strat=kong_stochastic_sampler]
      R 4  buy $  1,897.01   sel     $37,995.00   [strat=kong_stochastic_sampler]
      R 5  buy $ 13,821.18   sel     $37,500.00   [strat=kong_stochastic_sampler]
      R 6  buy $  7,423.76   sel     $36,995.00   [strat=kong_stochastic_sampler]
      R 7  buy $  5,607.63   sel     $36,500.00   [strat=kong_stochastic_sampler]
      R 8  buy $    407.02   sel     $35,995.00   [strat=kong_stochastic_sampler]
      R 9  buy $ 32,826.86   sel     $35,495.00   [strat=kong_stochastic_sampler]
      R10  buy $ 34,953.08   sel     $35,300.00   [strat=kong_stochastic_sampler]
      R11  buy $  4,878.51   sel     $35,600.00   [strat=kong_stochastic_sampler]
      R12  buy $  9,336.57   sel     $35,500.00   [strat=kong_stochastic_sampler]
      R13  buy $ 22,533.95   sel     $34,250.00   [strat=kong_stochastic_sampler]
      R14  buy $  3,105.75   sel     $34,000.00   [strat=kong_stochastic_sampler]
      R15  buy $  8,259.36   sel     $34,900.00   [strat=kong_stochastic_sampler]
      R16  buy $ 18,274.26   sel     $34,500.00   [strat=kong_stochastic_sampler]
   run 29 done in 7.3 min

   run 30/30 on 2016 Cadillac CTS 3.6 Luxury  seed=20961449
      R 1  buy $  7,906.65   sel     $19,500.00   [strat=kong_stochastic_sampler] *
      R 2  buy $  5,675.57   sel     $19,000.00   [strat=kong_stochastic_sampler]
      R 3  buy $    111.23   sel     $18,750.00   [strat=kong_stochastic_sampler]
      R 4  buy $ 14,087.24   sel     $17,500.00   [strat=kong_stochastic_sampler]
      R 5  buy $ 11,012.22   sel     $16,900.00   [strat=kong_stochastic_sampler]
      R 6  buy $  1,358.34   sel     $16,800.00   [strat=kong_stochastic_sampler]
      R 7  buy $  6,208.61   sel     $16,800.00   [strat=kong_stochastic_sampler]
      R 8  buy $  6,940.31   sel     $16,700.00   [strat=kong_stochastic_sampler]
      R 9  buy $ 11,272.86   sel     $16,500.00   [strat=kong_stochastic_sampler]
      R10  buy $  5,830.85   sel     $16,300.00   [strat=kong_stochastic_sampler]
      R11  buy $ 14,871.34   sel     $16,100.00   [strat=kong_stochastic_sampler]
      R12  buy $ 11,111.62   sel     $15,900.00   [strat=kong_stochastic_sampler]
      R13  buy $ 14,442.86   sel     $15,800.00   [strat=kong_stochastic_sampler]
      R14  buy $  3,628.23   sel     $15,790.00   [strat=kong_stochastic_sampler]
      R15  buy $ 14,140.02   sel     $15,760.00   [strat=kong_stochastic_sampler]
      R16  buy $  5,071.77   sel     $15,755.00   [strat=kong_stochastic_sampler]
   run 30 done in 8.2 min

   ---> checkpoint: car 2/5 done in 220.3 min; total so far 526.1 min; saved 60 runs to exp07_fixed_kong_stochastic_sampler.json

--- CAR 3/5: 2019 Honda Accord Sport 1.5T  (M=$28,000.00  cost=$14,000.00  cost/M=50.00%) ---

   run 1/30 on 2019 Honda Accord Sport 1.5T  seed=20962420
      R 1  buy $ 17,723.07   sel     $24,500.00   [strat=kong_stochastic_sampler] *
      R 2  buy $  2,425.19   sel     $24,000.00   [strat=kong_stochastic_sampler]
      R 3  buy $ 20,309.94   sel     $23,250.00   [strat=kong_stochastic_sampler]
      R 4  buy $ 11,833.10   sel     $22,750.00   [strat=kong_stochastic_sampler]
      R 5  buy $ 21,315.26   sel     $22,150.00   [strat=kong_stochastic_sampler]
      R 6  buy $  6,949.41   sel     $21,750.00   [strat=kong_stochastic_sampler]
      R 7  buy $ 12,822.66   sel     $21,500.00   [strat=kong_stochastic_sampler]
      R 8  buy $ 14,164.17   sel     $20,500.00   [strat=kong_stochastic_sampler]
      R 9  buy $  2,435.90   sel     $19,900.00   [strat=kong_stochastic_sampler]
      R10  buy $ 17,928.38   sel     $19,600.00   [strat=kong_stochastic_sampler]
      R11  buy $  4,390.70   sel     $19,200.00   [strat=kong_stochastic_sampler]
      R12  buy $  8,474.94   sel     $18,750.00   [strat=kong_stochastic_sampler]
      R13  buy $  6,817.32   sel     $18,500.00   [strat=kong_stochastic_sampler]
      R14  buy $  9,262.78   sel     $18,250.00   [strat=kong_stochastic_sampler]
      R15  buy $ 17,834.52   sel     $18,000.00   [strat=kong_stochastic_sampler]
      R16  buy $  6,638.89   sel     $17,750.00   [strat=kong_stochastic_sampler]
   run 1 done in 6.7 min

   run 2/30 on 2019 Honda Accord Sport 1.5T  seed=20962421
      R 1  buy $  9,459.60   sel     $25,500.00   [strat=kong_stochastic_sampler] *
      R 2  buy $ 20,159.56   sel     $24,500.00   [strat=kong_stochastic_sampler]
      R 3  buy $  8,016.07   sel     $24,000.00   [strat=kong_stochastic_sampler]
      R 4  buy $ 13,563.73   sel     $23,500.00   [strat=kong_stochastic_sampler]
      R 5  buy $  5,101.25   sel     $22,000.00   [strat=kong_stochastic_sampler]
      R 6  buy $  7,325.17   sel     $21,500.00   [strat=kong_stochastic_sampler]
      R 7  buy $    369.89   sel     $21,000.00   [strat=kong_stochastic_sampler]
      R 8  buy $ 19,489.68   sel     $20,500.00   [strat=kong_stochastic_sampler]
      R 9  buy $  8,772.80   sel     $20,300.00   [strat=kong_stochastic_sampler]
      R10  buy $ 17,502.61   sel     $19,750.00   [strat=kong_stochastic_sampler]
      R11  buy $  8,851.07   sel     $19,900.00   [strat=kong_stochastic_sampler]
      R12  buy $  7,489.83   sel     $19,450.00   [strat=kong_stochastic_sampler]
      R13  buy $ 10,598.59   sel     $19,000.00   [strat=kong_stochastic_sampler]
      R14  buy $  4,591.75   sel     $18,900.00   [strat=kong_stochastic_sampler]
      R15  buy $ 16,184.10   sel     $18,500.00   [strat=kong_stochastic_sampler]
      R16  buy $  9,112.01   sel     $18,400.00   [strat=kong_stochastic_sampler]
   run 2 done in 5.6 min

   run 3/30 on 2019 Honda Accord Sport 1.5T  seed=20962422
      R 1  buy $ 18,488.93   sel     $25,500.00   [strat=kong_stochastic_sampler] *
      R 2  buy $ 24,627.49   sel     $25,300.00   [strat=kong_stochastic_sampler]
      R 3  buy $ 23,506.99   sel     $25,000.00   [strat=kong_stochastic_sampler]
      R 4  buy $  8,102.00   sel     $24,900.00   [strat=kong_stochastic_sampler]
      R 5  buy $ 17,712.64   sel     $24,500.00   [strat=kong_stochastic_sampler]
      R 6  buy $  5,007.44   sel     $24,300.00   [strat=kong_stochastic_sampler]
      R 7  buy $ 18,677.21   sel     $24,000.00   [strat=kong_stochastic_sampler]
      R 8  buy $ 15,415.44   sel     $23,900.00   [strat=kong_stochastic_sampler]
      R 9  buy $ 19,873.86   sel     $23,650.00   [strat=kong_stochastic_sampler]
      R10  buy $ 17,951.72   sel     $23,400.00   [strat=kong_stochastic_sampler]
      R11  buy $  6,348.21   sel     $22,900.00   [strat=kong_stochastic_sampler]
      R12  buy $  3,057.11   sel     $22,500.00   [strat=kong_stochastic_sampler]
      R13  buy $ 14,563.13   sel     $21,500.00   [strat=kong_stochastic_sampler]
      R14  buy $ 12,200.95   sel     $21,000.00   [strat=kong_stochastic_sampler]
      R15  buy $ 19,901.25   sel     $20,500.00   [strat=kong_stochastic_sampler]
      R16  buy $  1,540.63   sel     $20,000.00   [strat=kong_stochastic_sampler]
   run 3 done in 5.9 min

   run 4/30 on 2019 Honda Accord Sport 1.5T  seed=20962423
      R 1  buy $  5,163.86   sel     $24,999.99   [strat=kong_stochastic_sampler] *
      R 2  buy $ 14,664.35   sel     $24,499.00   [strat=kong_stochastic_sampler]
      R 3  buy $ 21,868.83   sel     $23,999.00   [strat=kong_stochastic_sampler]
      R 4  buy $ 19,137.18   sel     $23,499.00   [strat=kong_stochastic_sampler]
      R 5  buy $  2,170.82   sel     $23,299.00   [strat=kong_stochastic_sampler]
      R 6  buy $ 18,094.51   sel     $22,800.00   [strat=kong_stochastic_sampler]
      R 7  buy $ 20,914.92   sel     $22,500.00   [strat=kong_stochastic_sampler]
      R 8  buy $  2,144.39   sel     $22,000.00   [strat=kong_stochastic_sampler]
      R 9  buy $ 20,877.75   sel     $21,600.00   [strat=kong_stochastic_sampler]
      R10  buy $ 14,021.54   sel     $21,500.00   [strat=kong_stochastic_sampler]
      R11  buy $  1,286.94   sel     $21,200.00   [strat=kong_stochastic_sampler]
      R12  buy $ 18,350.26   sel     $20,900.00   [strat=kong_stochastic_sampler]
      R13  buy $  8,908.45   sel     $20,500.00   [strat=kong_stochastic_sampler]
      R14  buy $ 14,115.39   sel     $19,750.00   [strat=kong_stochastic_sampler]
      R15  buy $  1,278.54   sel     $19,600.00   [strat=kong_stochastic_sampler]
      R16  buy $ 14,504.38   sel     $19,300.00   [strat=kong_stochastic_sampler]
   run 4 done in 5.2 min

   run 5/30 on 2019 Honda Accord Sport 1.5T  seed=20962424
      R 1  buy $  9,757.81   sel     $25,000.00   [strat=kong_stochastic_sampler] *
      R 2  buy $ 15,486.55   sel     $24,500.00   [strat=kong_stochastic_sampler]
      R 3  buy $  9,688.52   sel     $24,300.00   [strat=kong_stochastic_sampler]
      R 4  buy $ 19,786.37   sel     $24,000.00   [strat=kong_stochastic_sampler]
      R 5  buy $ 13,371.77   sel     $23,800.00   [strat=kong_stochastic_sampler]
      R 6  buy $ 23,560.81   sel     $23,600.00   [strat=kong_stochastic_sampler]
      R 7  buy $  3,496.78   sel     $24,500.00   [strat=kong_stochastic_sampler]
      R 8  buy $ 18,644.58   sel     $23,200.00   [strat=kong_stochastic_sampler]
      R 9  buy $ 10,694.69   sel     $24,200.00   [strat=kong_stochastic_sampler]
      R10  buy $ 20,380.22   sel     $23,900.00   [strat=kong_stochastic_sampler]
      R11  buy $  4,760.71   sel     $24,800.00   [strat=kong_stochastic_sampler]
      R12  buy $  1,453.60   sel     $24,500.00   [strat=kong_stochastic_sampler]
      R13  buy $ 12,035.71   sel     $24,300.00   [strat=kong_stochastic_sampler]
      R14  buy $ 15,314.74   sel     $23,800.00   [strat=kong_stochastic_sampler]
      R15  buy $ 20,118.33   sel     $23,500.00   [strat=kong_stochastic_sampler]
      R16  buy $  5,271.96   sel     $24,500.00   [strat=kong_stochastic_sampler]
   run 5 done in 5.8 min

   run 6/30 on 2019 Honda Accord Sport 1.5T  seed=20962425
      R 1  buy $ 23,717.77   sel     $26,499.00   [strat=kong_stochastic_sampler] *
      R 2  buy $ 24,337.52   sel     $25,899.00   [strat=kong_stochastic_sampler]
      R 3  buy $  8,733.97   sel     $25,499.00   [strat=kong_stochastic_sampler]
      R 4  buy $ 13,669.36   sel     $25,499.00   [strat=kong_stochastic_sampler]
      R 5  buy $ 12,552.67   sel     $25,699.00   [strat=kong_stochastic_sampler]
      R 6  buy $ 10,164.18   sel     $25,499.00   [strat=kong_stochastic_sampler]
      R 7  buy $ 20,871.15   sel     $24,899.00   [strat=kong_stochastic_sampler]
      R 8  buy $  6,514.85   sel     $24,999.00   [strat=kong_stochastic_sampler]
      R 9  buy $  4,749.58   sel     $24,750.00   [strat=kong_stochastic_sampler]
      R10  buy $ 11,868.59   sel     $24,500.00   [strat=kong_stochastic_sampler]
      R11  buy $ 22,221.51   sel     $24,199.00   [strat=kong_stochastic_sampler]
      R12  buy $  4,012.20   sel     $23,999.00   [strat=kong_stochastic_sampler]
      R13  buy $ 14,989.91   sel     $23,500.00   [strat=kong_stochastic_sampler]
      R14  buy $ 15,910.48   sel     $23,250.00   [strat=kong_stochastic_sampler]
      R15  buy $ 19,784.84   sel     $22,900.00   [strat=kong_stochastic_sampler]
      R16  buy $  1,650.82   sel     $22,800.00   [strat=kong_stochastic_sampler]
   run 6 done in 6.2 min

   run 7/30 on 2019 Honda Accord Sport 1.5T  seed=20962426
      R 1  buy $ 22,462.10   sel     $26,499.99   [strat=kong_stochastic_sampler] *
      R 2  buy $ 13,361.04   sel     $25,999.99   [strat=kong_stochastic_sampler]
      R 3  buy $  8,260.92   sel     $25,499.99   [strat=kong_stochastic_sampler]
      R 4  buy $ 18,080.77   sel     $24,499.99   [strat=kong_stochastic_sampler]
      R 5  buy $ 17,665.43   sel     $24,200.00   [strat=kong_stochastic_sampler]
      R 6  buy $ 14,447.75   sel     $23,799.99   [strat=kong_stochastic_sampler]
      R 7  buy $ 22,402.39   sel     $23,500.00   [strat=kong_stochastic_sampler]
      R 8  buy $  1,226.35   sel     $23,450.00   [strat=kong_stochastic_sampler]
      R 9  buy $ 11,194.61   sel     $23,399.99   [strat=kong_stochastic_sampler]
      R10  buy $  6,841.67   sel     $23,349.99   [strat=kong_stochastic_sampler]
      R11  buy $ 14,609.57   sel     $22,899.99   [strat=kong_stochastic_sampler]
      R12  buy $ 12,980.53   sel     $22,499.99   [strat=kong_stochastic_sampler]
      R13  buy $ 11,702.07   sel     $22,450.00   [strat=kong_stochastic_sampler]
      R14  buy $  2,057.26   sel     $22,400.00   [strat=kong_stochastic_sampler]
      R15  buy $  8,815.66   sel     $22,350.00   [strat=kong_stochastic_sampler]
      R16  buy $  2,533.52   sel     $22,300.00   [strat=kong_stochastic_sampler]
   run 7 done in 6.5 min

   run 8/30 on 2019 Honda Accord Sport 1.5T  seed=20962427
      R 1  buy $ 11,155.75   sel     $24,000.00   [strat=kong_stochastic_sampler] *
      R 2  buy $ 14,481.94   sel     $23,500.00   [strat=kong_stochastic_sampler]
      R 3  buy $ 22,791.99   sel     $23,250.00   [strat=kong_stochastic_sampler]
      R 4  buy $  2,050.99   sel     $23,500.00   [strat=kong_stochastic_sampler]
      R 5  buy $ 12,103.48   sel     $23,000.00   [strat=kong_stochastic_sampler]
      R 6  buy $ 18,835.96   sel     $22,250.00   [strat=kong_stochastic_sampler]
      R 7  buy $ 18,604.93   sel     $21,750.00   [strat=kong_stochastic_sampler]
      R 8  buy $ 13,370.72   sel     $21,500.00   [strat=kong_stochastic_sampler]
      R 9  buy $ 21,362.14   sel     $21,400.00   [strat=kong_stochastic_sampler]
      R10  buy $  7,623.75   sel     $21,500.00   [strat=kong_stochastic_sampler]
      R11  buy $ 10,506.28   sel     $21,400.00   [strat=kong_stochastic_sampler]
      R12  buy $ 20,625.30   sel     $21,150.00   [strat=kong_stochastic_sampler]
      R13  buy $ 13,927.80   sel     $21,000.00   [strat=kong_stochastic_sampler]
      R14  buy $ 11,973.43   sel     $20,750.00   [strat=kong_stochastic_sampler]
      R15  buy $ 19,460.30   sel     $20,250.00   [strat=kong_stochastic_sampler]
      R16  buy $  7,158.90   sel     $20,000.00   [strat=kong_stochastic_sampler]
   run 8 done in 6.6 min

   run 9/30 on 2019 Honda Accord Sport 1.5T  seed=20962428
      R 1  buy $ 13,441.97   sel     $19,500.00   [strat=kong_stochastic_sampler] *
      R 2  buy $ 16,030.84   sel     $18,499.99   [strat=kong_stochastic_sampler]
      R 3  buy $  6,018.72   sel     $18,299.99   [strat=kong_stochastic_sampler]
      R 4  buy $ 13,183.40   sel     $17,999.99   [strat=kong_stochastic_sampler]
      R 5  buy $ 15,199.57   sel     $17,499.99   [strat=kong_stochastic_sampler]
      R 6  buy $  6,032.14   sel     $17,299.99   [strat=kong_stochastic_sampler]
      R 7  buy $ 14,609.83   sel     $16,999.99   [strat=kong_stochastic_sampler]
      R 8  buy $ 16,308.25   sel     $16,599.99   [strat=kong_stochastic_sampler]
      R 9  buy $  3,949.19   sel     $16,599.99   [strat=kong_stochastic_sampler]
      R10  buy $ 14,670.91   sel     $16,199.99   [strat=kong_stochastic_sampler]
      R11  buy $ 13,806.86   sel     $15,899.99   [strat=kong_stochastic_sampler]
      R12  buy $ 14,386.52   sel     $15,499.99   [strat=kong_stochastic_sampler]
      R13  buy $ 13,561.23   sel     $15,499.99   [strat=kong_stochastic_sampler]
      R14  buy $  1,496.52   sel     $15,499.99   [strat=kong_stochastic_sampler]
      R15  buy $  5,202.53   sel     $15,399.99   [strat=kong_stochastic_sampler]
      R16  buy $    544.88   sel     $15,299.99   [strat=kong_stochastic_sampler]
   run 9 done in 6.2 min

   run 10/30 on 2019 Honda Accord Sport 1.5T  seed=20962429
      R 1  buy $ 23,232.29   sel     $26,500.00   [strat=kong_stochastic_sampler] *
      R 2  buy $ 19,008.03   sel     $25,900.00   [strat=kong_stochastic_sampler]
      R 3  buy $ 10,664.79   sel     $25,500.00   [strat=kong_stochastic_sampler]
      R 4  buy $ 17,194.80   sel     $25,250.00   [strat=kong_stochastic_sampler]
      R 5  buy $  2,089.35   sel     $25,000.00   [strat=kong_stochastic_sampler]
      R 6  buy $  5,011.62   sel     $24,500.00   [strat=kong_stochastic_sampler]
      R 7  buy $ 17,276.09   sel     $23,750.00   [strat=kong_stochastic_sampler]
      R 8  buy $ 10,151.46   sel     $23,600.00   [strat=kong_stochastic_sampler]
      R 9  buy $  7,318.93   sel     $23,250.00   [strat=kong_stochastic_sampler]
      R10  buy $ 18,220.80   sel     $22,750.00   [strat=kong_stochastic_sampler]
      R11  buy $ 20,441.22   sel     $22,250.00   [strat=kong_stochastic_sampler]
      R12  buy $ 21,409.10   sel     $21,850.00   [strat=kong_stochastic_sampler]
      R13  buy $  4,387.54   sel     $21,800.00   [strat=kong_stochastic_sampler]
      R14  buy $  8,980.64   sel     $21,750.00   [strat=kong_stochastic_sampler]
      R15  buy $    918.03   sel     $21,500.00   [strat=kong_stochastic_sampler]
      R16  buy $ 19,416.00   sel     $21,250.00   [strat=kong_stochastic_sampler]
   run 10 done in 6.4 min

   run 11/30 on 2019 Honda Accord Sport 1.5T  seed=20962430
      R 1  buy $  9,781.23   sel     $24,000.00   [strat=kong_stochastic_sampler] *
      R 2  buy $ 16,913.55   sel     $22,500.00   [strat=kong_stochastic_sampler]
      R 3  buy $  3,965.23   sel     $22,000.00   [strat=kong_stochastic_sampler]
      R 4  buy $  6,226.97   sel     $22,500.00   [strat=kong_stochastic_sampler]
      R 5  buy $ 16,215.02   sel     $21,500.00   [strat=kong_stochastic_sampler]
      R 6  buy $  4,555.87   sel     $21,800.00   [strat=kong_stochastic_sampler]
      R 7  buy $  4,434.06   sel     $21,750.00   [strat=kong_stochastic_sampler]
      R 8  buy $    803.43   sel     $22,000.00   [strat=kong_stochastic_sampler]
      R 9  buy $ 18,007.71   sel     $21,200.00   [strat=kong_stochastic_sampler]
      R10  buy $ 12,753.37   sel     $20,800.00   [strat=kong_stochastic_sampler]
      R11  buy $ 19,360.07   sel     $20,400.00   [strat=kong_stochastic_sampler]
      R12  buy $ 15,896.48   sel     $19,500.00   [strat=kong_stochastic_sampler]
      R13  buy $ 13,764.65   sel     $19,300.00   [strat=kong_stochastic_sampler]
      R14  buy $  3,924.14   sel     $20,500.00   [strat=kong_stochastic_sampler]
      R15  buy $  6,806.89   sel     $20,300.00   [strat=kong_stochastic_sampler]
      R16  buy $ 17,780.41   sel     $19,000.00   [strat=kong_stochastic_sampler]
   run 11 done in 5.1 min

   run 12/30 on 2019 Honda Accord Sport 1.5T  seed=20962431
      R 1  buy $  2,042.12   sel     $25,000.00   [strat=kong_stochastic_sampler] *
      R 2  buy $  4,835.26   sel     $24,500.00   [strat=kong_stochastic_sampler]
      R 3  buy $  9,321.72   sel     $21,999.00   [strat=kong_stochastic_sampler]
      R 4  buy $  9,657.00   sel     $21,599.00   [strat=kong_stochastic_sampler]
      R 5  buy $ 14,863.03   sel     $21,000.00   [strat=kong_stochastic_sampler]
      R 6  buy $ 12,176.78   sel     $20,500.00   [strat=kong_stochastic_sampler]
      R 7  buy $ 11,140.21   sel     $20,450.00   [strat=kong_stochastic_sampler]
      R 8  buy $  8,639.11   sel     $20,400.00   [strat=kong_stochastic_sampler]
      R 9  buy $  3,112.68   sel     $20,350.00   [strat=kong_stochastic_sampler]
      R10  buy $  8,386.98   sel     $20,350.00   [strat=kong_stochastic_sampler]
      R11  buy $ 14,575.60   sel     $17,250.00   [strat=kong_stochastic_sampler]
      R12  buy $  3,311.44   sel     $20,300.00   [strat=kong_stochastic_sampler]
      R13  buy $ 12,427.86   sel     $18,500.00   [strat=kong_stochastic_sampler]
      R14  buy $ 13,975.72   sel     $16,900.00   [strat=kong_stochastic_sampler]
      R15  buy $ 10,168.50   sel     $15,500.00   [strat=kong_stochastic_sampler]
      R16  buy $  2,281.87   sel     $15,000.00   [strat=kong_stochastic_sampler]
   run 12 done in 6.9 min

   run 13/30 on 2019 Honda Accord Sport 1.5T  seed=20962432
      R 1  buy $ 19,344.75   sel     $25,000.00   [strat=kong_stochastic_sampler] *
      R 2  buy $ 17,357.40   sel     $24,500.00   [strat=kong_stochastic_sampler]
      R 3  buy $    123.38   sel     $24,200.00   [strat=kong_stochastic_sampler]
      R 4  buy $ 20,716.25   sel     $23,800.00   [strat=kong_stochastic_sampler]
      R 5  buy $ 21,590.31   sel     $23,500.00   [strat=kong_stochastic_sampler]
      R 6  buy $ 15,120.96   sel     $23,000.00   [strat=kong_stochastic_sampler]
      R 7  buy $ 18,030.94   sel     $22,500.00   [strat=kong_stochastic_sampler]
      R 8  buy $ 12,569.11   sel     $22,300.00   [strat=kong_stochastic_sampler]
      R 9  buy $  3,891.42   sel     $22,200.00   [strat=kong_stochastic_sampler]
      R10  buy $ 13,862.64   sel     $22,000.00   [strat=kong_stochastic_sampler]
      R11  buy $ 13,616.31   sel     $21,950.00   [strat=kong_stochastic_sampler]
      R12  buy $  2,811.18   sel     $21,900.00   [strat=kong_stochastic_sampler]
      R13  buy $  5,431.70   sel     $21,750.00   [strat=kong_stochastic_sampler]
      R14  buy $    899.29   sel     $21,700.00   [strat=kong_stochastic_sampler]
      R15  buy $ 16,151.61   sel     $21,550.00   [strat=kong_stochastic_sampler]
      R16  buy $ 20,964.24   sel     $21,300.00   [strat=kong_stochastic_sampler]
   run 13 done in 5.6 min

   run 14/30 on 2019 Honda Accord Sport 1.5T  seed=20962433
      R 1  buy $ 13,314.52   sel     $18,499.00   [strat=kong_stochastic_sampler] *
      R 2  buy $ 11,067.17   sel     $18,750.00   [strat=kong_stochastic_sampler]
      R 3  buy $ 18,625.09   sel     $18,650.00   [strat=kong_stochastic_sampler]
      R 4  buy $  6,753.11   sel     $18,600.00   [strat=kong_stochastic_sampler]
      R 5  buy $  3,091.32   sel     $18,500.00   [strat=kong_stochastic_sampler]
      R 6  buy $  2,275.33   sel     $18,500.00   [strat=kong_stochastic_sampler]
      R 7  buy $  2,083.87   sel     $18,450.00   [strat=kong_stochastic_sampler]
      R 8  buy $  5,759.15   sel     $18,400.00   [strat=kong_stochastic_sampler]
      R 9  buy $ 11,420.18   sel     $18,200.00   [strat=kong_stochastic_sampler]
      R10  buy $ 16,709.67   sel     $17,999.00   [strat=kong_stochastic_sampler]
      R11  buy $    909.99   sel     $17,500.00   [strat=kong_stochastic_sampler]
      R12  buy $  8,385.26   sel     $17,299.00   [strat=kong_stochastic_sampler]
      R13  buy $  2,091.60   sel     $16,999.00   [strat=kong_stochastic_sampler]
      R14  buy $  3,790.02   sel     $16,500.00   [strat=kong_stochastic_sampler]
      R15  buy $  8,001.60   sel     $16,299.00   [strat=kong_stochastic_sampler]
      R16  buy $ 10,401.18   sel     $16,200.00   [strat=kong_stochastic_sampler]
   run 14 done in 4.7 min

   run 15/30 on 2019 Honda Accord Sport 1.5T  seed=20962434
      R 1  buy $ 15,925.84   sel     $23,995.00   [strat=kong_stochastic_sampler] *
      R 2  buy $ 12,285.92   sel     $22,500.00   [strat=kong_stochastic_sampler]
      R 3  buy $ 20,792.52   sel     $21,600.00   [strat=kong_stochastic_sampler]
      R 4  buy $ 15,767.05   sel     $21,200.00   [strat=kong_stochastic_sampler]
      R 5  buy $  5,540.33   sel     $20,900.00   [strat=kong_stochastic_sampler]
      R 6  buy $ 17,839.85   sel     $20,600.00   [strat=kong_stochastic_sampler]
      R 7  buy $  9,043.21   sel     $20,300.00   [strat=kong_stochastic_sampler]
      R 8  buy $ 15,827.61   sel     $20,000.00   [strat=kong_stochastic_sampler]
      R 9  buy $    431.35   sel     $20,250.00   [strat=kong_stochastic_sampler]
      R10  buy $ 16,283.80   sel     $19,750.00   [strat=kong_stochastic_sampler]
      R11  buy $  9,712.60   sel     $19,450.00   [strat=kong_stochastic_sampler]
      R12  buy $ 16,413.01   sel     $19,000.00   [strat=kong_stochastic_sampler]
      R13  buy $  3,287.58   sel     $18,800.00   [strat=kong_stochastic_sampler]
      R14  buy $ 16,495.60   sel     $18,450.00   [strat=kong_stochastic_sampler]
      R15  buy $    308.95   sel     $18,400.00   [strat=kong_stochastic_sampler]
      R16  buy $ 16,828.65   sel     $18,200.00   [strat=kong_stochastic_sampler]
   run 15 done in 5.5 min

   run 16/30 on 2019 Honda Accord Sport 1.5T  seed=20962435
      R 1  buy $ 20,020.56   sel     $24,995.00   [strat=kong_stochastic_sampler] *
      R 2  buy $  3,438.43   sel     $24,900.00   [strat=kong_stochastic_sampler]
      R 3  buy $  7,532.70   sel     $24,800.00   [strat=kong_stochastic_sampler]
      R 4  buy $ 21,397.16   sel     $24,500.00   [strat=kong_stochastic_sampler]
      R 5  buy $  4,287.49   sel     $24,400.00   [strat=kong_stochastic_sampler]
      R 6  buy $ 10,722.42   sel     $24,300.00   [strat=kong_stochastic_sampler]
      R 7  buy $ 17,620.49   sel     $24,200.00   [strat=kong_stochastic_sampler]
      R 8  buy $ 14,586.84   sel     $24,100.00   [strat=kong_stochastic_sampler]
      R 9  buy $  1,310.27   sel     $24,000.00   [strat=kong_stochastic_sampler]
      R10  buy $ 12,066.58   sel     $23,900.00   [strat=kong_stochastic_sampler]
      R11  buy $ 23,667.94   sel     $23,750.00   [strat=kong_stochastic_sampler]
      R12  buy $  2,622.74   sel     $23,700.00   [strat=kong_stochastic_sampler]
      R13  buy $ 18,059.50   sel     $23,500.00   [strat=kong_stochastic_sampler]
      R14  buy $  2,488.48   sel     $23,400.00   [strat=kong_stochastic_sampler]
      R15  buy $  5,134.47   sel     $23,400.00   [strat=kong_stochastic_sampler]
      R16  buy $ 22,391.44   sel     $23,200.00   [strat=kong_stochastic_sampler]
   run 16 done in 6.2 min

   run 17/30 on 2019 Honda Accord Sport 1.5T  seed=20962436
      R 1  buy $ 20,002.63   sel     $26,500.00   [strat=kong_stochastic_sampler] *
      R 2  buy $  5,247.49   sel     $25,999.00   [strat=kong_stochastic_sampler]
      R 3  buy $  1,914.82   sel     $25,500.00   [strat=kong_stochastic_sampler]
      R 4  buy $ 24,398.35   sel     $25,000.00   [strat=kong_stochastic_sampler]
      R 5  buy $ 19,791.91   sel     $24,750.00   [strat=kong_stochastic_sampler]
      R 6  buy $ 11,888.81   sel     $24,500.00   [strat=kong_stochastic_sampler]
      R 7  buy $ 20,291.12   sel     $24,200.00   [strat=kong_stochastic_sampler]
      R 8  buy $ 16,578.17   sel     $22,500.00   [strat=kong_stochastic_sampler]
      R 9  buy $  3,467.42   sel     $24,000.00   [strat=kong_stochastic_sampler]
      R10  buy $  3,356.89   sel     $23,500.00   [strat=kong_stochastic_sampler]
      R11  buy $ 15,331.29   sel     $22,500.00   [strat=kong_stochastic_sampler]
      R12  buy $ 17,069.58   sel     $21,999.00   [strat=kong_stochastic_sampler]
      R13  buy $ 12,475.10   sel     $21,500.00   [strat=kong_stochastic_sampler]
      R14  buy $  6,498.18   sel     $21,000.00   [strat=kong_stochastic_sampler]
      R15  buy $ 17,095.57   sel     $20,500.00   [strat=kong_stochastic_sampler]
      R16  buy $ 13,887.80   sel     $19,500.00   [strat=kong_stochastic_sampler]
   run 17 done in 6.3 min

   run 18/30 on 2019 Honda Accord Sport 1.5T  seed=20962437
      R 1  buy $ 26,587.61   sel     $27,499.99   [strat=kong_stochastic_sampler] *
      R 2  buy $ 16,546.21   sel     $26,500.00   [strat=kong_stochastic_sampler]
      R 3  buy $ 17,679.29   sel     $25,999.99   [strat=kong_stochastic_sampler]
      R 4  buy $ 16,002.35   sel     $24,999.99   [strat=kong_stochastic_sampler]
      R 5  buy $ 20,134.73   sel     $23,999.99   [strat=kong_stochastic_sampler]
      R 6  buy $ 22,100.63   sel     $23,299.99   [strat=kong_stochastic_sampler]
      R 7  buy $ 19,118.26   sel     $22,999.99   [strat=kong_stochastic_sampler]
      R 8  buy $  5,510.86   sel     $21,999.99   [strat=kong_stochastic_sampler]
      R 9  buy $ 17,962.06   sel     $20,999.99   [strat=kong_stochastic_sampler]
      R10  buy $ 12,922.36   sel     $19,999.99   [strat=kong_stochastic_sampler]
      R11  buy $  6,079.14   sel     $19,299.99   [strat=kong_stochastic_sampler]
      R12  buy $ 10,874.63   sel     $18,899.99   [strat=kong_stochastic_sampler]
      R13  buy $  3,058.77   sel     $18,599.99   [strat=kong_stochastic_sampler]
      R14  buy $  9,545.74   sel     $18,199.99   [strat=kong_stochastic_sampler]
      R15  buy $ 10,944.39   sel     $17,899.99   [strat=kong_stochastic_sampler]
      R16  buy $  2,915.63   sel     $17,599.99   [strat=kong_stochastic_sampler]
   run 18 done in 7.3 min

   run 19/30 on 2019 Honda Accord Sport 1.5T  seed=20962438
      R 1  buy $  9,761.57   sel     $26,500.00   [strat=kong_stochastic_sampler] *
      R 2  buy $ 14,628.02   sel     $24,800.00   [strat=kong_stochastic_sampler]
      R 3  buy $  3,151.01   sel     $24,300.00   [strat=kong_stochastic_sampler]
      R 4  buy $  4,344.26   sel     $23,900.00   [strat=kong_stochastic_sampler]
      R 5  buy $ 20,219.63   sel     $23,500.00   [strat=kong_stochastic_sampler]
      R 6  buy $  2,376.73   sel     $22,500.00   [strat=kong_stochastic_sampler]
      R 7  buy $  4,333.04   sel     $22,400.00   [strat=kong_stochastic_sampler]
      R 8  buy $ 15,468.34   sel     $22,000.00   [strat=kong_stochastic_sampler]
      R 9  buy $ 13,324.18   sel     $21,800.00   [strat=kong_stochastic_sampler]
      R10  buy $  1,957.57   sel     $21,300.00   [strat=kong_stochastic_sampler]
      R11  buy $  6,432.74   sel     $21,100.00   [strat=kong_stochastic_sampler]
      R12  buy $  3,218.52   sel     $20,800.00   [strat=kong_stochastic_sampler]
      R13  buy $ 13,879.75   sel     $20,500.00   [strat=kong_stochastic_sampler]
      R14  buy $ 19,248.56   sel     $20,300.00   [strat=kong_stochastic_sampler]
      R15  buy $    163.36   sel     $20,200.00   [strat=kong_stochastic_sampler]
      R16  buy $  2,924.73   sel     $20,000.00   [strat=kong_stochastic_sampler]
   run 19 done in 5.2 min

   run 20/30 on 2019 Honda Accord Sport 1.5T  seed=20962439
      R 1  buy $ 13,169.12   sel     $19,995.00   [strat=kong_stochastic_sampler] *
      R 2  buy $ 16,669.25   sel     $18,750.00   [strat=kong_stochastic_sampler]
      R 3  buy $ 10,719.06   sel     $18,500.00   [strat=kong_stochastic_sampler]
      R 4  buy $ 10,985.32   sel     $18,250.00   [strat=kong_stochastic_sampler]
      R 5  buy $  8,386.57   sel     $18,200.00   [strat=kong_stochastic_sampler]
      R 6  buy $ 15,381.00   sel     $18,000.00   [strat=kong_stochastic_sampler]
      R 7  buy $  7,666.69   sel     $17,900.00   [strat=kong_stochastic_sampler]
      R 8  buy $    936.17   sel     $17,900.00   [strat=kong_stochastic_sampler]
      R 9  buy $ 10,138.60   sel     $17,800.00   [strat=kong_stochastic_sampler]
      R10  buy $ 10,237.74   sel     $17,600.00   [strat=kong_stochastic_sampler]
      R11  buy $ 11,006.28   sel     $17,300.00   [strat=kong_stochastic_sampler]
      R12  buy $ 16,384.03   sel     $16,995.00   [strat=kong_stochastic_sampler]
      R13  buy $  7,577.79   sel     $17,500.00   [strat=kong_stochastic_sampler]
      R14  buy $  8,023.84   sel     $17,250.00   [strat=kong_stochastic_sampler]
      R15  buy $    628.65   sel     $17,500.00   [strat=kong_stochastic_sampler]
      R16  buy $ 14,609.39   sel     $16,250.00   [strat=kong_stochastic_sampler]
   run 20 done in 6.3 min

   run 21/30 on 2019 Honda Accord Sport 1.5T  seed=20962440
      R 1  buy $ 27,579.11   sel     $27,850.00   [strat=kong_stochastic_sampler] *
      R 2  buy $ 23,484.20   sel     $26,750.00   [strat=kong_stochastic_sampler]
      R 3  buy $  7,647.99   sel     $26,250.00   [strat=kong_stochastic_sampler]
      R 4  buy $ 15,780.03   sel     $25,500.00   [strat=kong_stochastic_sampler]
      R 5  buy $ 15,252.44   sel     $24,750.00   [strat=kong_stochastic_sampler]
      R 6  buy $ 22,360.43   sel     $24,000.00   [strat=kong_stochastic_sampler]
      R 7  buy $  7,050.22   sel     $23,800.00   [strat=kong_stochastic_sampler]
      R 8  buy $ 13,944.02   sel     $23,600.00   [strat=kong_stochastic_sampler]
      R 9  buy $ 12,296.12   sel     $23,400.00   [strat=kong_stochastic_sampler]
      R10  buy $    833.00   sel     $23,200.00   [strat=kong_stochastic_sampler]
      R11  buy $ 21,091.36   sel     $22,900.00   [strat=kong_stochastic_sampler]
      R12  buy $     40.38   sel     $22,750.00   [strat=kong_stochastic_sampler]
      R13  buy $ 10,101.34   sel     $22,500.00   [strat=kong_stochastic_sampler]
      R14  buy $  8,329.56   sel     $22,250.00   [strat=kong_stochastic_sampler]
      R15  buy $ 17,958.84   sel     $21,500.00   [strat=kong_stochastic_sampler]
      R16  buy $ 19,315.72   sel     $20,500.00   [strat=kong_stochastic_sampler]
   run 21 done in 6.1 min

   run 22/30 on 2019 Honda Accord Sport 1.5T  seed=20962441
      R 1  buy $  6,793.04   sel     $26,500.00   [strat=kong_stochastic_sampler] *
      R 2  buy $  8,033.53   sel     $25,500.00   [strat=kong_stochastic_sampler]
      R 3  buy $ 24,054.58   sel     $25,200.00   [strat=kong_stochastic_sampler]
      R 4  buy $  1,819.06   sel     $25,000.00   [strat=kong_stochastic_sampler]
      R 5  buy $ 14,896.24   sel     $24,800.00   [strat=kong_stochastic_sampler]
      R 6  buy $ 24,341.52   sel     $24,550.00   [strat=kong_stochastic_sampler]
      R 7  buy $ 23,906.01   sel     $24,375.00   [strat=kong_stochastic_sampler]
      R 8  buy $  3,144.01   sel     $24,500.00   [strat=kong_stochastic_sampler]
      R 9  buy $ 11,685.13   sel     $24,400.00   [strat=kong_stochastic_sampler]
      R10  buy $ 11,425.13   sel     $24,350.00   [strat=kong_stochastic_sampler]
      R11  buy $  3,849.44   sel     $24,300.00   [strat=kong_stochastic_sampler]
      R12  buy $  6,291.07   sel     $24,200.00   [strat=kong_stochastic_sampler]
      R13  buy $  5,728.26   sel     $24,100.00   [strat=kong_stochastic_sampler]
      R14  buy $  5,248.89   sel     $23,950.00   [strat=kong_stochastic_sampler]
      R15  buy $  5,174.98   sel     $24,000.00   [strat=kong_stochastic_sampler]
      R16  buy $ 19,566.75   sel     $23,800.00   [strat=kong_stochastic_sampler]
   run 22 done in 6.4 min

   run 23/30 on 2019 Honda Accord Sport 1.5T  seed=20962442
      R 1  buy $  1,142.32   sel     $26,500.00   [strat=kong_stochastic_sampler] *
      R 2  buy $ 21,700.24   sel     $25,250.00   [strat=kong_stochastic_sampler]
      R 3  buy $  9,165.84   sel     $24,900.00   [strat=kong_stochastic_sampler]
      R 4  buy $ 20,928.84   sel     $24,000.00   [strat=kong_stochastic_sampler]
      R 5  buy $    458.25   sel     $23,800.00   [strat=kong_stochastic_sampler]
      R 6  buy $ 21,784.69   sel     $23,300.00   [strat=kong_stochastic_sampler]
      R 7  buy $ 23,135.39   sel     $23,200.00   [strat=kong_stochastic_sampler]
      R 8  buy $ 19,973.17   sel     $22,950.00   [strat=kong_stochastic_sampler]
      R 9  buy $  2,247.70   sel     $23,000.00   [strat=kong_stochastic_sampler]
      R10  buy $ 12,096.73   sel     $22,500.00   [strat=kong_stochastic_sampler]
      R11  buy $  1,615.83   sel     $22,000.00   [strat=kong_stochastic_sampler]
      R12  buy $  7,233.87   sel     $21,500.00   [strat=kong_stochastic_sampler]
      R13  buy $  9,398.46   sel     $21,000.00   [strat=kong_stochastic_sampler]
      R14  buy $  8,249.36   sel     $20,000.00   [strat=kong_stochastic_sampler]
      R15  buy $  9,140.44   sel     $19,000.00   [strat=kong_stochastic_sampler]
      R16  buy $ 13,028.90   sel     $18,000.00   [strat=kong_stochastic_sampler]
   run 23 done in 7.3 min

   run 24/30 on 2019 Honda Accord Sport 1.5T  seed=20962443
      R 1  buy $ 24,810.14   sel     $27,500.00   [strat=kong_stochastic_sampler] *
      R 2  buy $ 19,406.70   sel     $27,000.00   [strat=kong_stochastic_sampler]
      R 3  buy $ 19,148.30   sel     $26,500.00   [strat=kong_stochastic_sampler]
      R 4  buy $ 15,629.83   sel     $25,000.00   [strat=kong_stochastic_sampler]
      R 5  buy $ 21,598.73   sel     $24,500.00   [strat=kong_stochastic_sampler]
      R 6  buy $ 14,753.44   sel     $24,000.00   [strat=kong_stochastic_sampler]
      R 7  buy $ 23,003.64   sel     $23,800.00   [strat=kong_stochastic_sampler]
      R 8  buy $  8,784.55   sel     $23,200.00   [strat=kong_stochastic_sampler]
      R 9  buy $ 20,371.90   sel     $22,800.00   [strat=kong_stochastic_sampler]
      R10  buy $ 22,345.46   sel     $22,600.00   [strat=kong_stochastic_sampler]
      R11  buy $  9,023.88   sel     $22,500.00   [strat=kong_stochastic_sampler]
      R12  buy $  7,123.63   sel     $22,500.00   [strat=kong_stochastic_sampler]
      R13  buy $    912.54   sel     $22,400.00   [strat=kong_stochastic_sampler]
      R14  buy $ 17,122.78   sel     $21,500.00   [strat=kong_stochastic_sampler]
      R15  buy $  5,607.89   sel     $20,800.00   [strat=kong_stochastic_sampler]
      R16  buy $ 11,786.62   sel     $20,000.00   [strat=kong_stochastic_sampler]
   run 24 done in 6.3 min

   run 25/30 on 2019 Honda Accord Sport 1.5T  seed=20962444
      R 1  buy $ 20,478.05   sel     $24,995.00   [strat=kong_stochastic_sampler] *
      R 2  buy $ 17,276.79   sel     $24,500.00   [strat=kong_stochastic_sampler]
      R 3  buy $ 13,194.49   sel     $24,300.00   [strat=kong_stochastic_sampler]
      R 4  buy $  4,098.86   sel     $24,200.00   [strat=kong_stochastic_sampler]
      R 5  buy $ 18,347.23   sel     $24,000.00   [strat=kong_stochastic_sampler]
      R 6  buy $  8,979.78   sel     $23,800.00   [strat=kong_stochastic_sampler]
      R 7  buy $ 14,998.41   sel     $23,600.00   [strat=kong_stochastic_sampler]
      R 8  buy $ 13,127.82   sel     $23,300.00   [strat=kong_stochastic_sampler]
      R 9  buy $    622.68   sel     $22,900.00   [strat=kong_stochastic_sampler]
      R10  buy $  9,432.94   sel     $22,800.00   [strat=kong_stochastic_sampler]
      R11  buy $  7,107.41   sel     $22,650.00   [strat=kong_stochastic_sampler]
      R12  buy $  8,332.50   sel     $22,500.00   [strat=kong_stochastic_sampler]
      R13  buy $ 11,599.21   sel     $22,350.00   [strat=kong_stochastic_sampler]
      R14  buy $  8,012.28   sel     $22,100.00   [strat=kong_stochastic_sampler]
      R15  buy $  8,935.14   sel     $22,000.00   [strat=kong_stochastic_sampler]
      R16  buy $  8,471.51   sel     $21,500.00   [strat=kong_stochastic_sampler]
   run 25 done in 8.1 min

   run 26/30 on 2019 Honda Accord Sport 1.5T  seed=20962445
      R 1  buy $ 15,225.60   sel     $24,000.00   [strat=kong_stochastic_sampler] *
      R 2  buy $  3,092.31   sel     $23,500.00   [strat=kong_stochastic_sampler]
      R 3  buy $  1,826.85   sel     $23,000.00   [strat=kong_stochastic_sampler]
      R 4  buy $ 12,048.47   sel     $22,250.00   [strat=kong_stochastic_sampler]
      R 5  buy $  4,139.41   sel     $21,499.99   [strat=kong_stochastic_sampler]
      R 6  buy $  3,744.24   sel     $20,999.99   [strat=kong_stochastic_sampler]
      R 7  buy $    902.72   sel     $20,850.00   [strat=kong_stochastic_sampler]
      R 8  buy $  6,507.07   sel     $20,499.00   [strat=kong_stochastic_sampler]
      R 9  buy $  2,583.24   sel     $20,299.00   [strat=kong_stochastic_sampler]
      R10  buy $  7,728.14   sel     $19,899.00   [strat=kong_stochastic_sampler]
      R11  buy $  8,056.53   sel     $19,650.00   [strat=kong_stochastic_sampler]
      R12  buy $ 12,437.08   sel     $19,299.00   [strat=kong_stochastic_sampler]
      R13  buy $  4,250.76   sel     $18,999.00   [strat=kong_stochastic_sampler]
      R14  buy $ 16,936.58   sel     $18,400.00   [strat=kong_stochastic_sampler]
      R15  buy $    924.50   sel     $18,299.00   [strat=kong_stochastic_sampler]
      R16  buy $ 13,422.02   sel     $17,499.00   [strat=kong_stochastic_sampler]
   run 26 done in 7.3 min

   run 27/30 on 2019 Honda Accord Sport 1.5T  seed=20962446
      R 1  buy $ 20,653.74   sel     $23,500.00   [strat=kong_stochastic_sampler] *
      R 2  buy $ 14,663.62   sel     $22,500.00   [strat=kong_stochastic_sampler]
      R 3  buy $ 12,927.66   sel     $21,900.00   [strat=kong_stochastic_sampler]
      R 4  buy $  7,835.41   sel     $21,800.00   [strat=kong_stochastic_sampler]
      R 5  buy $  8,675.69   sel     $21,700.00   [strat=kong_stochastic_sampler]
      R 6  buy $  2,505.22   sel     $21,600.00   [strat=kong_stochastic_sampler]
      R 7  buy $ 14,436.61   sel     $21,400.00   [strat=kong_stochastic_sampler]
      R 8  buy $  9,129.21   sel     $20,200.00   [strat=kong_stochastic_sampler]
      R 9  buy $  6,832.78   sel     $20,000.00   [strat=kong_stochastic_sampler]
      R10  buy $ 10,523.15   sel     $19,500.00   [strat=kong_stochastic_sampler]
      R11  buy $ 10,446.46   sel     $19,300.00   [strat=kong_stochastic_sampler]
      R12  buy $    203.09   sel     $19,200.00   [strat=kong_stochastic_sampler]
      R13  buy $  5,717.21   sel     $19,000.00   [strat=kong_stochastic_sampler]
      R14  buy $  2,203.76   sel     $18,800.00   [strat=kong_stochastic_sampler]
      R15  buy $  9,910.62   sel     $18,600.00   [strat=kong_stochastic_sampler]
      R16  buy $  4,989.95   sel     $18,300.00   [strat=kong_stochastic_sampler]
   run 27 done in 6.6 min

   run 28/30 on 2019 Honda Accord Sport 1.5T  seed=20962447
      R 1  buy $ 18,783.14   sel     $24,995.00   [strat=kong_stochastic_sampler] *
      R 2  buy $ 22,599.48   sel     $24,250.00   [strat=kong_stochastic_sampler]
      R 3  buy $ 10,935.07   sel     $23,995.00   [strat=kong_stochastic_sampler]
      R 4  buy $  2,891.33   sel     $23,500.00   [strat=kong_stochastic_sampler]
      R 5  buy $ 22,326.51   sel     $23,300.00   [strat=kong_stochastic_sampler]
      R 6  buy $ 12,816.26   sel     $22,800.00   [strat=kong_stochastic_sampler]
      R 7  buy $ 13,479.04   sel     $22,000.00   [strat=kong_stochastic_sampler]
      R 8  buy $  5,119.73   sel     $21,500.00   [strat=kong_stochastic_sampler]
      R 9  buy $ 16,441.58   sel     $20,750.00   [strat=kong_stochastic_sampler]
      R10  buy $  1,409.10   sel     $20,500.00   [strat=kong_stochastic_sampler]
      R11  buy $  9,505.90   sel     $20,250.00   [strat=kong_stochastic_sampler]
      R12  buy $ 16,387.17   sel     $19,750.00   [strat=kong_stochastic_sampler]
      R13  buy $  5,160.87   sel     $19,600.00   [strat=kong_stochastic_sampler]
      R14  buy $ 17,951.11   sel     $19,300.00   [strat=kong_stochastic_sampler]
      R15  buy $  7,022.71   sel     $19,200.00   [strat=kong_stochastic_sampler]
      R16  buy $  8,286.49   sel     $19,200.00   [strat=kong_stochastic_sampler]
   run 28 done in 7.2 min

   run 29/30 on 2019 Honda Accord Sport 1.5T  seed=20962448
      R 1  buy $ 13,123.38   sel     $26,500.00   [strat=kong_stochastic_sampler] *
      R 2  buy $    403.83   sel     $25,500.00   [strat=kong_stochastic_sampler]
      R 3  buy $    989.72   sel     $25,250.00   [strat=kong_stochastic_sampler]
      R 4  buy $ 16,334.04   sel     $24,250.00   [strat=kong_stochastic_sampler]
      R 5  buy $ 20,424.42   sel     $23,500.00   [strat=kong_stochastic_sampler]
      R 6  buy $ 14,967.83   sel     $23,200.00   [strat=kong_stochastic_sampler]
      R 7  buy $ 16,307.99   sel     $22,900.00   [strat=kong_stochastic_sampler]
      R 8  buy $  2,467.45   sel     $22,500.00   [strat=kong_stochastic_sampler]
      R 9  buy $ 11,977.01   sel     $22,300.00   [strat=kong_stochastic_sampler]
      R10  buy $ 19,905.72   sel     $21,800.00   [strat=kong_stochastic_sampler]
      R11  buy $  4,191.44   sel     $22,000.00   [strat=kong_stochastic_sampler]
      R12  buy $ 21,758.79   sel     $21,600.00   [strat=kong_stochastic_sampler]
      R13  buy $  5,382.94   sel     $22,000.00   [strat=kong_stochastic_sampler]
      R14  buy $ 18,910.44   sel     $21,850.00   [strat=kong_stochastic_sampler]
      R15  buy $ 21,168.56   sel     $21,550.00   [strat=kong_stochastic_sampler]
      R16  buy $    105.76   sel     $21,400.00   [strat=kong_stochastic_sampler]
   run 29 done in 6.9 min

   run 30/30 on 2019 Honda Accord Sport 1.5T  seed=20962449
      R 1  buy $ 27,922.68   sel     $27,999.99   [strat=kong_stochastic_sampler] *
      R 2  buy $  4,133.09   sel     $27,750.00   [strat=kong_stochastic_sampler]
      R 3  buy $ 18,816.11   sel     $27,250.00   [strat=kong_stochastic_sampler]
      R 4  buy $  3,542.38   sel     $27,200.00   [strat=kong_stochastic_sampler]
      R 5  buy $ 10,650.92   sel     $27,000.00   [strat=kong_stochastic_sampler]
      R 6  buy $ 25,804.11   sel     $26,800.00   [strat=kong_stochastic_sampler]
      R 7  buy $  3,728.74   sel     $26,800.00   [strat=kong_stochastic_sampler]
      R 8  buy $ 18,377.72   sel     $26,700.00   [strat=kong_stochastic_sampler]
      R 9  buy $ 12,187.75   sel     $26,500.00   [strat=kong_stochastic_sampler]
      R10  buy $ 19,764.72   sel     $26,300.00   [strat=kong_stochastic_sampler]
      R11  buy $  2,681.34   sel     $25,999.00   [strat=kong_stochastic_sampler]
      R12  buy $  7,355.91   sel     $25,999.00   [strat=kong_stochastic_sampler]
      R13  buy $ 17,992.15   sel     $25,500.00   [strat=kong_stochastic_sampler]
      R14  buy $  3,716.50   sel     $25,400.00   [strat=kong_stochastic_sampler]
      R15  buy $ 24,903.64   sel     $25,200.00   [strat=kong_stochastic_sampler]
      R16  buy $ 21,614.87   sel     $25,000.00   [strat=kong_stochastic_sampler]
   run 30 done in 7.0 min

   ---> checkpoint: car 3/5 done in 189.2 min; total so far 715.2 min; saved 90 runs to exp07_fixed_kong_stochastic_sampler.json

--- CAR 4/5: 2022 Toyota RAV4 XLE AWD  (M=$32,000.00  cost=$20,800.00  cost/M=65.00%) ---

   run 1/30 on 2022 Toyota RAV4 XLE AWD  seed=20963420
      R 1  buy $ 15,488.92   sel     $29,995.00   [strat=kong_stochastic_sampler] *
      R 2  buy $ 20,342.63   sel     $28,500.00   [strat=kong_stochastic_sampler]
      R 3  buy $ 26,025.83   sel     $27,750.00   [strat=kong_stochastic_sampler]
      R 4  buy $ 16,554.34   sel     $27,499.00   [strat=kong_stochastic_sampler]
      R 5  buy $ 24,812.98   sel     $27,249.00   [strat=kong_stochastic_sampler]
      R 6  buy $ 16,911.47   sel     $27,000.00   [strat=kong_stochastic_sampler]
      R 7  buy $  3,734.88   sel     $27,000.00   [strat=kong_stochastic_sampler]
      R 8  buy $ 18,976.83   sel     $26,750.00   [strat=kong_stochastic_sampler]
      R 9  buy $ 11,500.40   sel     $26,000.00   [strat=kong_stochastic_sampler]
      R10  buy $  8,261.22   sel     $25,500.00   [strat=kong_stochastic_sampler]
      R11  buy $  8,459.48   sel     $25,000.00   [strat=kong_stochastic_sampler]
      R12  buy $  2,591.28   sel     $24,500.00   [strat=kong_stochastic_sampler]
      R13  buy $ 20,368.08   sel     $24,250.00   [strat=kong_stochastic_sampler]
      R14  buy $  6,394.49   sel     $24,000.00   [strat=kong_stochastic_sampler]
      R15  buy $  6,424.23   sel     $23,900.00   [strat=kong_stochastic_sampler]
      R16  buy $ 14,656.85   sel     $23,600.00   [strat=kong_stochastic_sampler]
   run 1 done in 7.0 min

   run 2/30 on 2022 Toyota RAV4 XLE AWD  seed=20963421
      R 1  buy $ 10,179.50   sel     $29,500.00   [strat=kong_stochastic_sampler] *
      R 2  buy $ 12,705.35   sel     $28,900.00   [strat=kong_stochastic_sampler]
      R 3  buy $ 21,561.50   sel     $27,500.00   [strat=kong_stochastic_sampler]
      R 4  buy $ 27,326.39   sel     $27,200.00   [strat=kong_stochastic_sampler]
      R 5  buy $ 10,357.41   sel     $27,150.00   [strat=kong_stochastic_sampler]
      R 6  buy $  4,429.13   sel     $27,100.00   [strat=kong_stochastic_sampler]
      R 7  buy $ 18,297.04   sel     $26,600.00   [strat=kong_stochastic_sampler]
      R 8  buy $  7,681.32   sel     $26,500.00   [strat=kong_stochastic_sampler]
      R 9  buy $  4,609.90   sel     $26,000.00   [strat=kong_stochastic_sampler]
      R10  buy $ 20,437.51   sel     $25,500.00   [strat=kong_stochastic_sampler]
      R11  buy $ 21,491.92   sel     $25,000.00   [strat=kong_stochastic_sampler]
      R12  buy $  1,023.89   sel     $24,800.00   [strat=kong_stochastic_sampler]
      R13  buy $ 22,542.05   sel     $24,300.00   [strat=kong_stochastic_sampler]
      R14  buy $ 16,285.89   sel     $24,000.00   [strat=kong_stochastic_sampler]
      R15  buy $    684.19   sel     $24,000.00   [strat=kong_stochastic_sampler]
      R16  buy $  5,471.82   sel     $24,500.00   [strat=kong_stochastic_sampler]
   run 2 done in 7.3 min

   run 3/30 on 2022 Toyota RAV4 XLE AWD  seed=20963422
      R 1  buy $ 17,627.50   sel     $30,995.00   [strat=kong_stochastic_sampler] *
      R 2  buy $  2,691.71   sel     $30,800.00   [strat=kong_stochastic_sampler]
      R 3  buy $ 10,046.80   sel     $30,500.00   [strat=kong_stochastic_sampler]
      R 4  buy $  1,253.46   sel     $30,300.00   [strat=kong_stochastic_sampler]
      R 5  buy $  9,330.79   sel     $30,000.00   [strat=kong_stochastic_sampler]
      R 6  buy $ 18,362.93   sel     $29,700.00   [strat=kong_stochastic_sampler]
      R 7  buy $ 20,631.00   sel     $27,800.00   [strat=kong_stochastic_sampler]
      R 8  buy $  8,845.56   sel     $28,500.00   [strat=kong_stochastic_sampler]
      R 9  buy $ 11,701.86   sel     $28,250.00   [strat=kong_stochastic_sampler]
      R10  buy $ 26,915.78   sel     $27,800.00   [strat=kong_stochastic_sampler]
      R11  buy $ 20,614.92   sel     $27,500.00   [strat=kong_stochastic_sampler]
      R12  buy $  2,333.43   sel     $27,250.00   [strat=kong_stochastic_sampler]
      R13  buy $  9,540.86   sel     $27,000.00   [strat=kong_stochastic_sampler]
      R14  buy $  5,802.44   sel     $26,900.00   [strat=kong_stochastic_sampler]
      R15  buy $ 18,943.31   sel     $26,500.00   [strat=kong_stochastic_sampler]
      R16  buy $ 14,343.13   sel     $26,200.00   [strat=kong_stochastic_sampler]
   run 3 done in 7.2 min

   run 4/30 on 2022 Toyota RAV4 XLE AWD  seed=20963423
      R 1  buy $ 31,899.77   sel     $31,999.00   [strat=kong_stochastic_sampler] *
      R 2  buy $ 19,301.26   sel     $31,500.00   [strat=kong_stochastic_sampler]
      R 3  buy $  1,928.84   sel     $31,500.00   [strat=kong_stochastic_sampler]
      R 4  buy $ 22,541.84   sel     $30,500.00   [strat=kong_stochastic_sampler]
      R 5  buy $ 25,591.85   sel     $29,800.00   [strat=kong_stochastic_sampler]
      R 6  buy $ 22,562.80   sel     $29,450.00   [strat=kong_stochastic_sampler]
      R 7  buy $ 24,693.52   sel     $28,900.00   [strat=kong_stochastic_sampler]
      R 8  buy $ 19,599.39   sel     $28,750.00   [strat=kong_stochastic_sampler]
      R 9  buy $    940.01   sel     $28,000.00   [strat=kong_stochastic_sampler]
      R10  buy $ 22,971.60   sel     $27,250.00   [strat=kong_stochastic_sampler]
      R11  buy $  7,349.81   sel     $27,000.00   [strat=kong_stochastic_sampler]
      R12  buy $ 26,870.20   sel     $27,000.00   [strat=kong_stochastic_sampler]
      R13  buy $ 13,645.65   sel     $26,750.00   [strat=kong_stochastic_sampler]
      R14  buy $  9,475.66   sel     $27,999.00   [strat=kong_stochastic_sampler]
      R15  buy $ 23,727.14   sel     $26,500.00   [strat=kong_stochastic_sampler]
      R16  buy $ 15,888.69   sel     $26,450.00   [strat=kong_stochastic_sampler]
   run 4 done in 8.2 min

   run 5/30 on 2022 Toyota RAV4 XLE AWD  seed=20963424
      R 1  buy $ 28,586.49   sel     $31,500.00   [strat=kong_stochastic_sampler] *
      R 2  buy $ 10,771.97   sel     $30,500.00   [strat=kong_stochastic_sampler]
      R 3  buy $ 22,059.75   sel     $29,500.00   [strat=kong_stochastic_sampler]
      R 4  buy $ 28,656.27   sel     $29,100.00   [strat=kong_stochastic_sampler]
      R 5  buy $  5,584.39   sel     $28,900.00   [strat=kong_stochastic_sampler]
      R 6  buy $ 25,133.72   sel     $28,800.00   [strat=kong_stochastic_sampler]
      R 7  buy $  3,958.07   sel     $28,400.00   [strat=kong_stochastic_sampler]
      R 8  buy $ 24,199.85   sel     $27,900.00   [strat=kong_stochastic_sampler]
      R 9  buy $  1,884.69   sel     $27,500.00   [strat=kong_stochastic_sampler]
      R10  buy $ 10,763.31   sel     $27,000.00   [strat=kong_stochastic_sampler]
      R11  buy $  3,612.40   sel     $26,800.00   [strat=kong_stochastic_sampler]
      R12  buy $ 25,981.35   sel     $26,500.00   [strat=kong_stochastic_sampler]
      R13  buy $ 14,616.06   sel     $25,900.00   [strat=kong_stochastic_sampler]
      R14  buy $ 10,116.39   sel     $26,200.00   [strat=kong_stochastic_sampler]
      R15  buy $ 20,224.67   sel     $25,500.00   [strat=kong_stochastic_sampler]
      R16  buy $ 15,642.19   sel     $25,000.00   [strat=kong_stochastic_sampler]
   run 5 done in 7.1 min

   run 6/30 on 2022 Toyota RAV4 XLE AWD  seed=20963425
      R 1  buy $  6,397.97   sel     $31,500.00   [strat=kong_stochastic_sampler] *
      R 2  buy $ 30,882.73   sel     $31,200.00   [strat=kong_stochastic_sampler]
      R 3  buy $ 18,408.15   sel     $31,100.00   [strat=kong_stochastic_sampler]
      R 4  buy $ 25,132.02   sel     $30,800.00   [strat=kong_stochastic_sampler]
      R 5  buy $ 17,958.13   sel     $30,700.00   [strat=kong_stochastic_sampler]
      R 6  buy $  5,588.20   sel     $30,600.00   [strat=kong_stochastic_sampler]
      R 7  buy $ 11,734.07   sel     $30,600.00   [strat=kong_stochastic_sampler]
      R 8  buy $ 28,643.72   sel     $30,400.00   [strat=kong_stochastic_sampler]
      R 9  buy $ 24,364.78   sel     $29,800.00   [strat=kong_stochastic_sampler]
      R10  buy $ 18,268.42   sel     $29,500.00   [strat=kong_stochastic_sampler]
      R11  buy $    376.63   sel     $29,400.00   [strat=kong_stochastic_sampler]
      R12  buy $  8,390.37   sel     $29,500.00   [strat=kong_stochastic_sampler]
      R13  buy $ 12,646.69   sel     $29,200.00   [strat=kong_stochastic_sampler]
      R14  buy $  8,433.45   sel     $29,100.00   [strat=kong_stochastic_sampler]
      R15  buy $ 27,491.22   sel     $28,800.00   [strat=kong_stochastic_sampler]
      R16  buy $ 17,031.83   sel     $28,500.00   [strat=kong_stochastic_sampler]
   run 6 done in 7.1 min

   run 7/30 on 2022 Toyota RAV4 XLE AWD  seed=20963426
      R 1  buy $  9,033.61   sel     $31,500.00   [strat=kong_stochastic_sampler] *
      R 2  buy $ 22,454.14   sel     $30,500.00   [strat=kong_stochastic_sampler]
      R 3  buy $ 19,153.98   sel     $30,000.00   [strat=kong_stochastic_sampler]
      R 4  buy $  7,865.13   sel     $31,000.00   [strat=kong_stochastic_sampler]
      R 5  buy $ 12,322.41   sel     $30,500.00   [strat=kong_stochastic_sampler]
      R 6  buy $  7,182.33   sel     $30,000.00   [strat=kong_stochastic_sampler]
      R 7  buy $ 22,960.44   sel     $29,500.00   [strat=kong_stochastic_sampler]
      R 8  buy $ 19,132.76   sel     $30,000.00   [strat=kong_stochastic_sampler]
      R 9  buy $  7,718.43   sel     $29,000.00   [strat=kong_stochastic_sampler]
      R10  buy $ 22,954.29   sel     $28,500.00   [strat=kong_stochastic_sampler]
      R11  buy $ 10,978.73   sel     $29,900.00   [strat=kong_stochastic_sampler]
      R12  buy $  5,862.04   sel     $30,000.00   [strat=kong_stochastic_sampler]
      R13  buy $ 10,688.10   sel     $29,500.00   [strat=kong_stochastic_sampler]
      R14  buy $  4,433.54   sel     $29,800.00   [strat=kong_stochastic_sampler]
      R15  buy $ 24,445.95   sel     $28,500.00   [strat=kong_stochastic_sampler]
      R16  buy $  9,080.33   sel     $28,900.00   [strat=kong_stochastic_sampler]
   run 7 done in 7.0 min

   run 8/30 on 2022 Toyota RAV4 XLE AWD  seed=20963427
      R 1  buy $ 29,502.33   sel     $31,500.00   [strat=kong_stochastic_sampler] *
      R 2  buy $ 17,926.54   sel     $31,200.00   [strat=kong_stochastic_sampler]
      R 3  buy $ 11,611.19   sel     $31,000.00   [strat=kong_stochastic_sampler]
      R 4  buy $ 22,323.64   sel     $30,800.00   [strat=kong_stochastic_sampler]
      R 5  buy $ 29,942.08   sel     $30,600.00   [strat=kong_stochastic_sampler]
      R 6  buy $ 24,329.99   sel     $30,200.00   [strat=kong_stochastic_sampler]
      R 7  buy $ 24,478.33   sel     $30,000.00   [strat=kong_stochastic_sampler]
      R 8  buy $ 22,222.48   sel     $29,850.00   [strat=kong_stochastic_sampler]
      R 9  buy $ 14,085.08   sel     $29,800.00   [strat=kong_stochastic_sampler]
      R10  buy $ 19,878.84   sel     $29,500.00   [strat=kong_stochastic_sampler]
      R11  buy $  8,593.09   sel     $29,400.00   [strat=kong_stochastic_sampler]
      R12  buy $ 25,943.33   sel     $29,200.00   [strat=kong_stochastic_sampler]
      R13  buy $ 17,777.46   sel     $29,150.00   [strat=kong_stochastic_sampler]
      R14  buy $ 15,104.24   sel     $29,000.00   [strat=kong_stochastic_sampler]
      R15  buy $  1,132.28   sel     $28,900.00   [strat=kong_stochastic_sampler]
      R16  buy $ 21,035.93   sel     $28,800.00   [strat=kong_stochastic_sampler]
   run 8 done in 7.4 min

   run 9/30 on 2022 Toyota RAV4 XLE AWD  seed=20963428
      R 1  buy $ 15,929.61   sel     $29,500.00   [strat=kong_stochastic_sampler] *
      R 2  buy $ 19,111.58   sel     $28,500.00   [strat=kong_stochastic_sampler]
      R 3  buy $  8,972.46   sel     $28,900.00   [strat=kong_stochastic_sampler]
      R 4  buy $ 25,765.19   sel     $28,750.00   [strat=kong_stochastic_sampler]
      R 5  buy $ 22,568.83   sel     $28,250.00   [strat=kong_stochastic_sampler]
      R 6  buy $ 20,987.03   sel     $28,500.00   [strat=kong_stochastic_sampler]
      R 7  buy $ 15,755.35   sel     $28,000.00   [strat=kong_stochastic_sampler]
      R 8  buy $ 24,140.82   sel     $27,900.00   [strat=kong_stochastic_sampler]
      R 9  buy $  7,459.10   sel     $28,250.00   [strat=kong_stochastic_sampler]
      R10  buy $ 24,475.89   sel     $27,750.00   [strat=kong_stochastic_sampler]
      R11  buy $ 18,321.12   sel     $27,600.00   [strat=kong_stochastic_sampler]
      R12  buy $ 18,552.50   sel     $27,500.00   [strat=kong_stochastic_sampler]
      R13  buy $ 24,752.45   sel     $27,200.00   [strat=kong_stochastic_sampler]
      R14  buy $ 21,334.51   sel     $27,000.00   [strat=kong_stochastic_sampler]
      R15  buy $ 25,749.53   sel     $26,750.00   [strat=kong_stochastic_sampler]
      R16  buy $ 14,174.31   sel     $26,500.00   [strat=kong_stochastic_sampler]
   run 9 done in 6.6 min

   run 10/30 on 2022 Toyota RAV4 XLE AWD  seed=20963429
      R 1  buy $ 14,626.65   sel     $29,995.00   [strat=kong_stochastic_sampler] *
      R 2  buy $ 24,622.95   sel     $28,500.00   [strat=kong_stochastic_sampler]
      R 3  buy $  8,951.30   sel     $28,000.00   [strat=kong_stochastic_sampler]
      R 4  buy $  8,126.52   sel     $28,500.00   [strat=kong_stochastic_sampler]
      R 5  buy $  6,024.02   sel     $28,500.00   [strat=kong_stochastic_sampler]
      R 6  buy $ 24,876.26   sel     $27,800.00   [strat=kong_stochastic_sampler]
      R 7  buy $ 16,367.49   sel     $27,500.00   [strat=kong_stochastic_sampler]
      R 8  buy $ 25,257.14   sel     $27,000.00   [strat=kong_stochastic_sampler]
      R 9  buy $  9,481.37   sel     $26,500.00   [strat=kong_stochastic_sampler]
      R10  buy $ 12,543.58   sel     $26,200.00   [strat=kong_stochastic_sampler]
      R11  buy $ 24,363.71   sel     $25,800.00   [strat=kong_stochastic_sampler]
      R12  buy $ 23,995.30   sel     $25,200.00   [strat=kong_stochastic_sampler]
      R13  buy $ 25,174.65   sel     $25,174.65   [strat=kong_stochastic_sampler]
      R14  buy $ 20,318.98   sel     $25,000.00   [strat=kong_stochastic_sampler]
      R15  buy $ 17,888.07   sel     $24,800.00   [strat=kong_stochastic_sampler]
      R16  buy $  2,516.28   sel     $24,500.00   [strat=kong_stochastic_sampler]
   run 10 done in 6.2 min

   run 11/30 on 2022 Toyota RAV4 XLE AWD  seed=20963430
      R 1  buy $ 26,828.41   sel     $31,500.00   [strat=kong_stochastic_sampler] *
      R 2  buy $  1,960.41   sel     $31,250.00   [strat=kong_stochastic_sampler]
      R 3  buy $ 16,986.67   sel     $30,750.00   [strat=kong_stochastic_sampler]
      R 4  buy $  2,768.19   sel     $30,550.00   [strat=kong_stochastic_sampler]
      R 5  buy $ 18,956.16   sel     $30,000.00   [strat=kong_stochastic_sampler]
      R 6  buy $ 18,677.09   sel     $29,900.00   [strat=kong_stochastic_sampler]
      R 7  buy $ 26,454.30   sel     $29,500.00   [strat=kong_stochastic_sampler]
      R 8  buy $  6,202.28   sel     $29,400.00   [strat=kong_stochastic_sampler]
      R 9  buy $  1,974.44   sel     $29,300.00   [strat=kong_stochastic_sampler]
      R10  buy $  2,476.82   sel     $29,200.00   [strat=kong_stochastic_sampler]
      R11  buy $  5,069.92   sel     $29,100.00   [strat=kong_stochastic_sampler]
      R12  buy $ 12,843.45   sel     $29,000.00   [strat=kong_stochastic_sampler]
      R13  buy $ 25,946.77   sel     $28,850.00   [strat=kong_stochastic_sampler]
      R14  buy $ 20,747.25   sel     $27,500.00   [strat=kong_stochastic_sampler]
      R15  buy $  3,764.01   sel     $27,300.00   [strat=kong_stochastic_sampler]
      R16  buy $  9,954.31   sel     $27,200.00   [strat=kong_stochastic_sampler]
   run 11 done in 6.9 min

   run 12/30 on 2022 Toyota RAV4 XLE AWD  seed=20963431
      R 1  buy $ 26,398.41   sel     $31,500.00   [strat=kong_stochastic_sampler] *
      R 2  buy $ 15,940.74   sel     $30,500.00   [strat=kong_stochastic_sampler]
      R 3  buy $  5,003.76   sel     $30,250.00   [strat=kong_stochastic_sampler]
      R 4  buy $ 11,779.97   sel     $29,750.00   [strat=kong_stochastic_sampler]
      R 5  buy $ 17,537.34   sel     $29,500.00   [strat=kong_stochastic_sampler]
      R 6  buy $  4,213.09   sel     $29,250.00   [strat=kong_stochastic_sampler]
      R 7  buy $ 15,649.89   sel     $29,250.00   [strat=kong_stochastic_sampler]
      R 8  buy $ 27,250.25   sel     $28,900.00   [strat=kong_stochastic_sampler]
      R 9  buy $ 10,796.79   sel     $28,800.00   [strat=kong_stochastic_sampler]
      R10  buy $ 10,319.57   sel     $28,750.00   [strat=kong_stochastic_sampler]
      R11  buy $  5,113.55   sel     $28,700.00   [strat=kong_stochastic_sampler]
      R12  buy $    206.51   sel     $28,550.00   [strat=kong_stochastic_sampler]
      R13  buy $  3,774.60   sel     $28,500.00   [strat=kong_stochastic_sampler]
      R14  buy $ 26,182.17   sel     $28,000.00   [strat=kong_stochastic_sampler]
      R15  buy $  8,158.01   sel     $27,750.00   [strat=kong_stochastic_sampler]
      R16  buy $  4,281.21   sel     $27,500.00   [strat=kong_stochastic_sampler]
   run 12 done in 6.5 min

   run 13/30 on 2022 Toyota RAV4 XLE AWD  seed=20963432
      R 1  buy $ 15,506.57   sel     $29,995.00   [strat=kong_stochastic_sampler] *
      R 2  buy $ 20,120.11   sel     $27,500.00   [strat=kong_stochastic_sampler]
      R 3  buy $  9,773.29   sel     $26,500.00   [strat=kong_stochastic_sampler]
      R 4  buy $  5,800.02   sel     $26,999.00   [strat=kong_stochastic_sampler]
      R 5  buy $    538.36   sel     $26,999.00   [strat=kong_stochastic_sampler]
      R 6  buy $ 23,449.54   sel     $25,999.00   [strat=kong_stochastic_sampler]
      R 7  buy $ 20,007.89   sel     $25,499.00   [strat=kong_stochastic_sampler]
      R 8  buy $ 14,620.10   sel     $25,000.00   [strat=kong_stochastic_sampler]
      R 9  buy $ 24,102.31   sel     $24,750.00   [strat=kong_stochastic_sampler]
      R10  buy $  4,345.18   sel     $24,750.00   [strat=kong_stochastic_sampler]
      R11  buy $  2,379.12   sel     $24,750.00   [strat=kong_stochastic_sampler]
      R12  buy $  6,797.30   sel     $24,500.00   [strat=kong_stochastic_sampler]
      R13  buy $  9,674.18   sel     $24,750.00   [strat=kong_stochastic_sampler]
      R14  buy $ 21,058.83   sel     $24,250.00   [strat=kong_stochastic_sampler]
      R15  buy $  3,803.15   sel     $24,000.00   [strat=kong_stochastic_sampler]
      R16  buy $ 12,259.84   sel     $23,950.00   [strat=kong_stochastic_sampler]
   run 13 done in 7.2 min

   run 14/30 on 2022 Toyota RAV4 XLE AWD  seed=20963433
      R 1  buy $    492.45   sel     $31,500.00   [strat=kong_stochastic_sampler] *
      R 2  buy $ 28,240.52   sel     $30,750.00   [strat=kong_stochastic_sampler]
      R 3  buy $ 24,311.75   sel     $29,500.00   [strat=kong_stochastic_sampler]
      R 4  buy $  6,770.32   sel     $29,000.00   [strat=kong_stochastic_sampler]
      R 5  buy $ 17,641.13   sel     $28,500.00   [strat=kong_stochastic_sampler]
      R 6  buy $ 11,746.09   sel     $28,500.00   [strat=kong_stochastic_sampler]
      R 7  buy $ 18,287.86   sel     $28,000.00   [strat=kong_stochastic_sampler]
      R 8  buy $ 18,648.72   sel     $27,500.00   [strat=kong_stochastic_sampler]
      R 9  buy $ 21,912.26   sel     $27,000.00   [strat=kong_stochastic_sampler]
      R10  buy $ 13,056.81   sel     $26,800.00   [strat=kong_stochastic_sampler]
      R11  buy $ 21,069.65   sel     $22,000.00   [strat=kong_stochastic_sampler]
      R12  buy $ 13,182.86   sel     $23,800.00   [strat=kong_stochastic_sampler]
      R13  buy $ 14,789.15   sel     $23,500.00   [strat=kong_stochastic_sampler]
      R14  buy $ 21,152.09   sel     $22,800.00   [strat=kong_stochastic_sampler]
      R15  buy $  2,935.08   sel     $23,000.00   [strat=kong_stochastic_sampler]
      R16  buy $  2,477.32   sel     $22,900.00   [strat=kong_stochastic_sampler]
   run 14 done in 8.3 min

   run 15/30 on 2022 Toyota RAV4 XLE AWD  seed=20963434
      R 1  buy $  1,065.23   sel     $31,500.00   [strat=kong_stochastic_sampler] *
      R 2  buy $  8,889.98   sel     $30,500.00   [strat=kong_stochastic_sampler]
      R 3  buy $ 14,125.60   sel     $29,800.00   [strat=kong_stochastic_sampler]
      R 4  buy $ 28,371.01   sel     $29,550.00   [strat=kong_stochastic_sampler]
      R 5  buy $ 11,459.55   sel     $29,400.00   [strat=kong_stochastic_sampler]
      R 6  buy $    605.83   sel     $29,200.00   [strat=kong_stochastic_sampler]
      R 7  buy $ 18,262.44   sel     $28,900.00   [strat=kong_stochastic_sampler]
      R 8  buy $  3,793.63   sel     $28,850.00   [strat=kong_stochastic_sampler]
      R 9  buy $ 10,579.97   sel     $28,800.00   [strat=kong_stochastic_sampler]
      R10  buy $ 14,195.36   sel     $28,700.00   [strat=kong_stochastic_sampler]
      R11  buy $ 12,056.32   sel     $28,550.00   [strat=kong_stochastic_sampler]
      R12  buy $ 12,538.18   sel     $28,300.00   [strat=kong_stochastic_sampler]
      R13  buy $  9,184.33   sel     $28,000.00   [strat=kong_stochastic_sampler]
      R14  buy $ 25,628.03   sel     $27,450.00   [strat=kong_stochastic_sampler]
      R15  buy $  2,495.12   sel     $27,000.00   [strat=kong_stochastic_sampler]
      R16  buy $ 18,497.75   sel     $26,500.00   [strat=kong_stochastic_sampler]
   run 15 done in 7.0 min

   run 16/30 on 2022 Toyota RAV4 XLE AWD  seed=20963435
      R 1  buy $ 27,815.38   sel     PARSE-FAIL   [strat=kong_stochastic_sampler] *
      R 2  buy $ 28,897.98   sel     $30,499.99   [strat=kong_stochastic_sampler]
      R 3  buy $ 10,909.96   sel     $29,499.99   [strat=kong_stochastic_sampler]
      R 4  buy $  7,049.63   sel     $28,999.99   [strat=kong_stochastic_sampler]
      R 5  buy $ 26,944.14   sel     $28,499.99   [strat=kong_stochastic_sampler]
      R 6  buy $ 14,180.00   sel     $28,999.99   [strat=kong_stochastic_sampler]
      R 7  buy $ 24,209.21   sel     $27,999.99   [strat=kong_stochastic_sampler]
      R 8  buy $ 10,292.49   sel     $27,499.99   [strat=kong_stochastic_sampler]
      R 9  buy $ 20,398.53   sel     $26,999.99   [strat=kong_stochastic_sampler]
      R10  buy $ 22,000.50   sel     $25,999.99   [strat=kong_stochastic_sampler]
      R11  buy $ 17,242.79   sel     $24,999.99   [strat=kong_stochastic_sampler]
      R12  buy $ 24,832.60   sel     $24,899.99   [strat=kong_stochastic_sampler]
      R13  buy $ 10,993.95   sel     $25,499.99   [strat=kong_stochastic_sampler]
      R14  buy $ 14,083.50   sel     $26,999.99   [strat=kong_stochastic_sampler]
      R15  buy $ 22,577.06   sel     $25,799.99   [strat=kong_stochastic_sampler]
      R16  buy $  8,716.25   sel     $25,999.99   [strat=kong_stochastic_sampler]
   run 16 done in 7.7 min

   run 17/30 on 2022 Toyota RAV4 XLE AWD  seed=20963436
      R 1  buy $  5,695.43   sel     PARSE-FAIL   [strat=kong_stochastic_sampler] *
      R 2  buy $ 12,236.79   sel     $30,495.00   [strat=kong_stochastic_sampler]
      R 3  buy $ 16,034.71   sel     $29,500.00   [strat=kong_stochastic_sampler]
      R 4  buy $  4,729.66   sel     $29,000.00   [strat=kong_stochastic_sampler]
      R 5  buy $    491.87   sel     $28,500.00   [strat=kong_stochastic_sampler]
      R 6  buy $  4,135.33   sel     $28,000.00   [strat=kong_stochastic_sampler]
      R 7  buy $  1,648.38   sel     $27,750.00   [strat=kong_stochastic_sampler]
      R 8  buy $ 14,194.66   sel     $27,000.00   [strat=kong_stochastic_sampler]
      R 9  buy $ 20,405.08   sel     $26,800.00   [strat=kong_stochastic_sampler]
      R10  buy $ 19,759.43   sel     $26,500.00   [strat=kong_stochastic_sampler]
      R11  buy $ 11,571.04   sel     $26,300.00   [strat=kong_stochastic_sampler]
      R12  buy $  2,714.63   sel     $26,200.00   [strat=kong_stochastic_sampler]
      R13  buy $  2,943.27   sel     $26,150.00   [strat=kong_stochastic_sampler]
      R14  buy $  2,497.07   sel     $26,000.00   [strat=kong_stochastic_sampler]
      R15  buy $    483.36   sel     $25,950.00   [strat=kong_stochastic_sampler]
      R16  buy $  7,099.10   sel     $25,750.00   [strat=kong_stochastic_sampler]
   run 17 done in 6.1 min

   run 18/30 on 2022 Toyota RAV4 XLE AWD  seed=20963437
      R 1  buy $ 29,563.47   sel     $31,500.00   [strat=kong_stochastic_sampler] *
      R 2  buy $ 16,344.53   sel     $31,250.00   [strat=kong_stochastic_sampler]
      R 3  buy $  7,034.18   sel     $31,000.00   [strat=kong_stochastic_sampler]
      R 4  buy $ 10,846.41   sel     $31,250.00   [strat=kong_stochastic_sampler]
      R 5  buy $ 14,740.68   sel     $31,000.00   [strat=kong_stochastic_sampler]
      R 6  buy $ 25,455.84   sel     $30,750.00   [strat=kong_stochastic_sampler]
      R 7  buy $  3,832.73   sel     $30,750.00   [strat=kong_stochastic_sampler]
      R 8  buy $ 17,661.83   sel     $30,500.00   [strat=kong_stochastic_sampler]
      R 9  buy $ 21,069.20   sel     $30,250.00   [strat=kong_stochastic_sampler]
      R10  buy $ 25,637.66   sel     $29,995.00   [strat=kong_stochastic_sampler]
      R11  buy $ 19,968.66   sel     $29,850.00   [strat=kong_stochastic_sampler]
      R12  buy $ 28,593.24   sel     $29,500.00   [strat=kong_stochastic_sampler]
      R13  buy $  8,896.88   sel     $30,750.00   [strat=kong_stochastic_sampler]
      R14  buy $ 27,053.37   sel     $29,250.00   [strat=kong_stochastic_sampler]
      R15  buy $ 16,508.43   sel     $29,100.00   [strat=kong_stochastic_sampler]
      R16  buy $ 11,663.63   sel     $30,000.00   [strat=kong_stochastic_sampler]
   run 18 done in 6.9 min

   run 19/30 on 2022 Toyota RAV4 XLE AWD  seed=20963438
      R 1  buy $ 29,897.65   sel     $31,250.00   [strat=kong_stochastic_sampler] *
      R 2  buy $ 18,945.42   sel     $30,750.00   [strat=kong_stochastic_sampler]
      R 3  buy $ 17,770.37   sel     $30,500.00   [strat=kong_stochastic_sampler]
      R 4  buy $  3,455.64   sel     $30,250.00   [strat=kong_stochastic_sampler]
      R 5  buy $ 24,533.16   sel     $29,950.00   [strat=kong_stochastic_sampler]
      R 6  buy $  6,576.18   sel     $29,850.00   [strat=kong_stochastic_sampler]
      R 7  buy $ 11,703.96   sel     $29,700.00   [strat=kong_stochastic_sampler]
      R 8  buy $ 14,155.03   sel     $29,600.00   [strat=kong_stochastic_sampler]
      R 9  buy $ 29,015.97   sel     $29,400.00   [strat=kong_stochastic_sampler]
      R10  buy $ 15,696.34   sel     $29,500.00   [strat=kong_stochastic_sampler]
      R11  buy $ 17,093.23   sel     $29,400.00   [strat=kong_stochastic_sampler]
      R12  buy $ 10,233.01   sel     $29,400.00   [strat=kong_stochastic_sampler]
      R13  buy $ 21,950.85   sel     $29,200.00   [strat=kong_stochastic_sampler]
      R14  buy $ 24,601.06   sel     $28,800.00   [strat=kong_stochastic_sampler]
      R15  buy $  7,754.19   sel     $28,800.00   [strat=kong_stochastic_sampler]
      R16  buy $ 16,757.73   sel     $28,600.00   [strat=kong_stochastic_sampler]
   run 19 done in 6.4 min

   run 20/30 on 2022 Toyota RAV4 XLE AWD  seed=20963439
      R 1  buy $ 20,894.12   sel     $29,500.00   [strat=kong_stochastic_sampler] *
      R 2  buy $  8,307.63   sel     $28,500.00   [strat=kong_stochastic_sampler]
      R 3  buy $  8,617.67   sel     $28,250.00   [strat=kong_stochastic_sampler]
      R 4  buy $  2,837.07   sel     $28,250.00   [strat=kong_stochastic_sampler]
      R 5  buy $ 22,345.71   sel     $27,800.00   [strat=kong_stochastic_sampler]
      R 6  buy $ 24,489.27   sel     $27,200.00   [strat=kong_stochastic_sampler]
      R 7  buy $    872.93   sel     $27,000.00   [strat=kong_stochastic_sampler]
      R 8  buy $  9,396.13   sel     $26,500.00   [strat=kong_stochastic_sampler]
      R 9  buy $  8,655.50   sel     $26,000.00   [strat=kong_stochastic_sampler]
      R10  buy $ 10,276.29   sel     $25,500.00   [strat=kong_stochastic_sampler]
      R11  buy $  6,171.66   sel     $25,300.00   [strat=kong_stochastic_sampler]
      R12  buy $  2,864.41   sel     $25,200.00   [strat=kong_stochastic_sampler]
      R13  buy $  9,642.47   sel     $25,000.00   [strat=kong_stochastic_sampler]
      R14  buy $    219.68   sel     $24,800.00   [strat=kong_stochastic_sampler]
      R15  buy $    915.88   sel     $24,500.00   [strat=kong_stochastic_sampler]
      R16  buy $  5,578.95   sel     $24,000.00   [strat=kong_stochastic_sampler]
   run 20 done in 6.2 min

   run 21/30 on 2022 Toyota RAV4 XLE AWD  seed=20963440
      R 1  buy $ 11,605.61   sel     $30,995.00   [strat=kong_stochastic_sampler] *
      R 2  buy $ 14,736.74   sel     $29,500.00   [strat=kong_stochastic_sampler]
      R 3  buy $ 21,372.44   sel     $28,500.00   [strat=kong_stochastic_sampler]
      R 4  buy $  7,088.08   sel     $28,000.00   [strat=kong_stochastic_sampler]
      R 5  buy $ 25,571.03   sel     $27,250.00   [strat=kong_stochastic_sampler]
      R 6  buy $ 21,689.48   sel     $26,500.00   [strat=kong_stochastic_sampler]
      R 7  buy $  6,093.56   sel     $27,500.00   [strat=kong_stochastic_sampler]
      R 8  buy $ 18,578.82   sel     $27,000.00   [strat=kong_stochastic_sampler]
      R 9  buy $ 22,418.85   sel     $26,500.00   [strat=kong_stochastic_sampler]
      R10  buy $ 25,165.71   sel     $26,100.00   [strat=kong_stochastic_sampler]
      R11  buy $  3,664.09   sel     $27,250.00   [strat=kong_stochastic_sampler]
      R12  buy $ 22,882.00   sel     $26,500.00   [strat=kong_stochastic_sampler]
      R13  buy $ 21,016.97   sel     $25,900.00   [strat=kong_stochastic_sampler]
      R14  buy $  7,989.91   sel     $26,500.00   [strat=kong_stochastic_sampler]
      R15  buy $ 15,603.81   sel     $27,000.00   [strat=kong_stochastic_sampler]
      R16  buy $ 25,099.77   sel     $26,000.00   [strat=kong_stochastic_sampler]
   run 21 done in 7.2 min

   run 22/30 on 2022 Toyota RAV4 XLE AWD  seed=20963441
      R 1  buy $ 18,418.71   sel     $30,500.00   [strat=kong_stochastic_sampler] *
      R 2  buy $    128.19   sel     $30,200.00   [strat=kong_stochastic_sampler]
      R 3  buy $  6,267.97   sel     $29,800.00   [strat=kong_stochastic_sampler]
      R 4  buy $  6,480.60   sel     $29,600.00   [strat=kong_stochastic_sampler]
      R 5  buy $ 27,781.81   sel     $29,300.00   [strat=kong_stochastic_sampler]
      R 6  buy $ 19,439.37   sel     $28,900.00   [strat=kong_stochastic_sampler]
      R 7  buy $ 15,686.24   sel     $28,500.00   [strat=kong_stochastic_sampler]
      R 8  buy $ 12,029.51   sel     $28,400.00   [strat=kong_stochastic_sampler]
      R 9  buy $  4,877.07   sel     $28,300.00   [strat=kong_stochastic_sampler]
      R10  buy $ 23,065.29   sel     $28,200.00   [strat=kong_stochastic_sampler]
      R11  buy $  9,198.03   sel     $28,100.00   [strat=kong_stochastic_sampler]
      R12  buy $  7,786.07   sel     $28,000.00   [strat=kong_stochastic_sampler]
      R13  buy $ 23,701.68   sel     $27,650.00   [strat=kong_stochastic_sampler]
      R14  buy $ 17,638.00   sel     $27,300.00   [strat=kong_stochastic_sampler]
      R15  buy $ 25,564.97   sel     $26,750.00   [strat=kong_stochastic_sampler]
      R16  buy $ 16,459.12   sel     $26,500.00   [strat=kong_stochastic_sampler]
   run 22 done in 6.4 min

   run 23/30 on 2022 Toyota RAV4 XLE AWD  seed=20963442
      R 1  buy $ 17,374.31   sel     $30,995.00   [strat=kong_stochastic_sampler] *
      R 2  buy $    666.29   sel     $30,500.00   [strat=kong_stochastic_sampler]
      R 3  buy $ 20,117.63   sel     $29,995.00   [strat=kong_stochastic_sampler]
      R 4  buy $ 11,371.09   sel     $29,800.00   [strat=kong_stochastic_sampler]
      R 5  buy $ 16,388.81   sel     $29,500.00   [strat=kong_stochastic_sampler]
      R 6  buy $ 28,823.57   sel     $29,200.00   [strat=kong_stochastic_sampler]
      R 7  buy $ 28,416.37   sel     $29,000.00   [strat=kong_stochastic_sampler]
      R 8  buy $  1,908.74   sel     $28,950.00   [strat=kong_stochastic_sampler]
      R 9  buy $ 19,161.09   sel     $28,850.00   [strat=kong_stochastic_sampler]
      R10  buy $ 18,815.66   sel     $28,800.00   [strat=kong_stochastic_sampler]
      R11  buy $ 17,808.93   sel     $28,750.00   [strat=kong_stochastic_sampler]
      R12  buy $    755.53   sel     $28,700.00   [strat=kong_stochastic_sampler]
      R13  buy $  3,100.19   sel     $28,600.00   [strat=kong_stochastic_sampler]
      R14  buy $ 21,552.96   sel     $28,500.00   [strat=kong_stochastic_sampler]
      R15  buy $  9,849.38   sel     $28,400.00   [strat=kong_stochastic_sampler]
      R16  buy $  8,156.72   sel     $28,300.00   [strat=kong_stochastic_sampler]
   run 23 done in 6.3 min

   run 24/30 on 2022 Toyota RAV4 XLE AWD  seed=20963443
      R 1  buy $  8,698.44   sel     $29,500.00   [strat=kong_stochastic_sampler] *
      R 2  buy $  9,279.69   sel     $28,500.00   [strat=kong_stochastic_sampler]
      R 3  buy $  7,639.40   sel     $27,500.00   [strat=kong_stochastic_sampler]
      R 4  buy $ 20,253.90   sel     $26,499.00   [strat=kong_stochastic_sampler]
      R 5  buy $  4,663.42   sel     $25,999.00   [strat=kong_stochastic_sampler]
      R 6  buy $ 16,655.45   sel     $25,499.00   [strat=kong_stochastic_sampler]
      R 7  buy $    909.02   sel     $25,999.00   [strat=kong_stochastic_sampler]
      R 8  buy $  2,372.36   sel     $26,499.00   [strat=kong_stochastic_sampler]
      R 9  buy $ 15,808.55   sel     $25,999.00   [strat=kong_stochastic_sampler]
      R10  buy $ 17,693.10   sel     $25,599.00   [strat=kong_stochastic_sampler]
      R11  buy $ 10,452.00   sel     $25,499.00   [strat=kong_stochastic_sampler]
      R12  buy $ 15,364.65   sel     $25,299.00   [strat=kong_stochastic_sampler]
      R13  buy $ 10,933.17   sel     $25,000.00   [strat=kong_stochastic_sampler]
      R14  buy $ 23,118.38   sel     $24,299.00   [strat=kong_stochastic_sampler]
      R15  buy $  2,108.97   sel     $24,700.00   [strat=kong_stochastic_sampler]
      R16  buy $    852.81   sel     $24,900.00   [strat=kong_stochastic_sampler]
   run 24 done in 8.7 min

   run 25/30 on 2022 Toyota RAV4 XLE AWD  seed=20963444
      R 1  buy $  7,125.20   sel     $31,500.00   [strat=kong_stochastic_sampler] *
      R 2  buy $ 20,503.92   sel     $30,995.00   [strat=kong_stochastic_sampler]
      R 3  buy $ 16,498.99   sel     $30,500.00   [strat=kong_stochastic_sampler]
      R 4  buy $ 15,923.94   sel     $30,250.00   [strat=kong_stochastic_sampler]
      R 5  buy $  5,337.16   sel     $30,100.00   [strat=kong_stochastic_sampler]
      R 6  buy $  2,433.37   sel     $29,950.00   [strat=kong_stochastic_sampler]
      R 7  buy $ 21,218.48   sel     $29,500.00   [strat=kong_stochastic_sampler]
      R 8  buy $ 28,773.37   sel     $29,250.00   [strat=kong_stochastic_sampler]
      R 9  buy $  5,847.00   sel     $30,000.00   [strat=kong_stochastic_sampler]
      R10  buy $ 12,452.73   sel     $29,500.00   [strat=kong_stochastic_sampler]
      R11  buy $  4,838.90   sel     $29,400.00   [strat=kong_stochastic_sampler]
      R12  buy $  5,737.75   sel     $29,350.00   [strat=kong_stochastic_sampler]
      R13  buy $  2,112.17   sel     $29,300.00   [strat=kong_stochastic_sampler]
      R14  buy $  6,570.61   sel     $29,250.00   [strat=kong_stochastic_sampler]
      R15  buy $ 19,423.83   sel     $29,200.00   [strat=kong_stochastic_sampler]
      R16  buy $ 17,333.05   sel     $29,150.00   [strat=kong_stochastic_sampler]
   run 25 done in 7.6 min

   run 26/30 on 2022 Toyota RAV4 XLE AWD  seed=20963445
      R 1  buy $  5,839.31   sel     $28,500.00   [strat=kong_stochastic_sampler] *
      R 2  buy $  9,142.22   sel     $27,800.00   [strat=kong_stochastic_sampler]
      R 3  buy $ 22,066.84   sel     $26,500.00   [strat=kong_stochastic_sampler]
      R 4  buy $ 22,118.31   sel     $25,500.00   [strat=kong_stochastic_sampler]
      R 5  buy $ 17,702.69   sel     $24,900.00   [strat=kong_stochastic_sampler]
      R 6  buy $ 21,715.19   sel     $24,500.00   [strat=kong_stochastic_sampler]
      R 7  buy $    826.40   sel     $24,300.00   [strat=kong_stochastic_sampler]
      R 8  buy $ 17,164.05   sel     $24,200.00   [strat=kong_stochastic_sampler]
      R 9  buy $ 14,300.25   sel     $24,100.00   [strat=kong_stochastic_sampler]
      R10  buy $ 22,594.21   sel     $23,550.00   [strat=kong_stochastic_sampler]
      R11  buy $ 18,172.27   sel     $23,300.00   [strat=kong_stochastic_sampler]
      R12  buy $  4,338.03   sel     $23,000.00   [strat=kong_stochastic_sampler]
      R13  buy $  3,871.48   sel     $22,900.00   [strat=kong_stochastic_sampler]
      R14  buy $  9,896.75   sel     $22,800.00   [strat=kong_stochastic_sampler]
      R15  buy $ 14,124.15   sel     $22,600.00   [strat=kong_stochastic_sampler]
      R16  buy $  2,301.82   sel     $22,600.00   [strat=kong_stochastic_sampler]
   run 26 done in 8.6 min

   run 27/30 on 2022 Toyota RAV4 XLE AWD  seed=20963446
      R 1  buy $ 22,757.81   sel     $29,995.00   [strat=kong_stochastic_sampler] *
      R 2  buy $ 23,105.46   sel     $28,500.00   [strat=kong_stochastic_sampler]
      R 3  buy $ 17,918.70   sel     $27,995.00   [strat=kong_stochastic_sampler]
      R 4  buy $ 20,657.28   sel     $27,500.00   [strat=kong_stochastic_sampler]
      R 5  buy $  4,524.90   sel     $27,000.00   [strat=kong_stochastic_sampler]
      R 6  buy $ 18,552.72   sel     $26,500.00   [strat=kong_stochastic_sampler]
      R 7  buy $ 19,623.29   sel     $26,000.00   [strat=kong_stochastic_sampler]
      R 8  buy $ 11,620.71   sel     $25,700.00   [strat=kong_stochastic_sampler]
      R 9  buy $  2,034.22   sel     $26,500.00   [strat=kong_stochastic_sampler]
      R10  buy $ 16,617.59   sel     $25,800.00   [strat=kong_stochastic_sampler]
      R11  buy $    688.92   sel     $26,900.00   [strat=kong_stochastic_sampler]
      R12  buy $ 19,412.07   sel     $25,500.00   [strat=kong_stochastic_sampler]
      R13  buy $  4,128.84   sel     $25,200.00   [strat=kong_stochastic_sampler]
      R14  buy $ 21,865.90   sel     $24,900.00   [strat=kong_stochastic_sampler]
      R15  buy $ 13,295.03   sel     $24,600.00   [strat=kong_stochastic_sampler]
      R16  buy $  4,855.81   sel     $24,400.00   [strat=kong_stochastic_sampler]
   run 27 done in 6.7 min

   run 28/30 on 2022 Toyota RAV4 XLE AWD  seed=20963447
      R 1  buy $ 30,794.71   sel     $31,499.00   [strat=kong_stochastic_sampler] *
      R 2  buy $ 30,796.49   sel     $31,299.00   [strat=kong_stochastic_sampler]
      R 3  buy $ 11,853.08   sel     $31,199.00   [strat=kong_stochastic_sampler]
      R 4  buy $ 24,023.63   sel     $30,699.00   [strat=kong_stochastic_sampler]
      R 5  buy $ 26,940.85   sel     $30,299.00   [strat=kong_stochastic_sampler]
      R 6  buy $ 19,484.07   sel     $30,199.00   [strat=kong_stochastic_sampler]
      R 7  buy $ 24,806.91   sel     $30,099.00   [strat=kong_stochastic_sampler]
      R 8  buy $ 23,725.68   sel     $29,999.00   [strat=kong_stochastic_sampler]
      R 9  buy $  4,084.97   sel     $29,999.00   [strat=kong_stochastic_sampler]
      R10  buy $ 23,053.23   sel     $29,799.00   [strat=kong_stochastic_sampler]
      R11  buy $  2,386.35   sel     $29,749.00   [strat=kong_stochastic_sampler]
      R12  buy $  9,852.95   sel     $29,699.00   [strat=kong_stochastic_sampler]
      R13  buy $ 28,303.17   sel     $29,399.00   [strat=kong_stochastic_sampler]
      R14  buy $ 25,610.01   sel     $29,199.00   [strat=kong_stochastic_sampler]
      R15  buy $ 24,587.19   sel     $28,999.00   [strat=kong_stochastic_sampler]
      R16  buy $ 27,774.63   sel     $28,849.00   [strat=kong_stochastic_sampler]
   run 28 done in 6.2 min

   run 29/30 on 2022 Toyota RAV4 XLE AWD  seed=20963448
      R 1  buy $  3,318.61   sel     $31,500.00   [strat=kong_stochastic_sampler] *
      R 2  buy $ 15,673.15   sel     $30,500.00   [strat=kong_stochastic_sampler]
      R 3  buy $ 11,713.89   sel     $29,500.00   [strat=kong_stochastic_sampler]
      R 4  buy $ 20,947.95   sel     $28,250.00   [strat=kong_stochastic_sampler]
      R 5  buy $ 17,437.27   sel     $27,950.00   [strat=kong_stochastic_sampler]
      R 6  buy $  6,382.50   sel     $27,750.00   [strat=kong_stochastic_sampler]
      R 7  buy $  6,807.75   sel     $27,740.00   [strat=kong_stochastic_sampler]
      R 8  buy $ 22,532.13   sel     $27,500.00   [strat=kong_stochastic_sampler]
      R 9  buy $ 12,286.44   sel     $27,250.00   [strat=kong_stochastic_sampler]
      R10  buy $ 13,321.09   sel     $27,150.00   [strat=kong_stochastic_sampler]
      R11  buy $    602.18   sel     $27,100.00   [strat=kong_stochastic_sampler]
      R12  buy $  3,504.35   sel     $27,050.00   [strat=kong_stochastic_sampler]
      R13  buy $ 23,754.14   sel     $26,250.00   [strat=kong_stochastic_sampler]
      R14  buy $  5,602.74   sel     $26,000.00   [strat=kong_stochastic_sampler]
      R15  buy $  8,212.35   sel     $25,750.00   [strat=kong_stochastic_sampler]
      R16  buy $ 11,648.52   sel     $25,600.00   [strat=kong_stochastic_sampler]
   run 29 done in 7.7 min

   run 30/30 on 2022 Toyota RAV4 XLE AWD  seed=20963449
      R 1  buy $ 16,040.44   sel     $29,500.00   [strat=kong_stochastic_sampler] *
      R 2  buy $  7,165.51   sel     $28,900.00   [strat=kong_stochastic_sampler]
      R 3  buy $  6,475.38   sel     $28,500.00   [strat=kong_stochastic_sampler]
      R 4  buy $ 16,293.75   sel     $28,000.00   [strat=kong_stochastic_sampler]
      R 5  buy $ 14,175.15   sel     $27,700.00   [strat=kong_stochastic_sampler]
      R 6  buy $ 12,617.82   sel     $27,700.00   [strat=kong_stochastic_sampler]
      R 7  buy $  6,797.53   sel     $27,700.00   [strat=kong_stochastic_sampler]
      R 8  buy $    616.51   sel     $26,500.00   [strat=kong_stochastic_sampler]
      R 9  buy $ 20,747.02   sel     $23,000.00   [strat=kong_stochastic_sampler]
      R10  buy $ 13,155.51   sel     $22,500.00   [strat=kong_stochastic_sampler]
      R11  buy $ 11,639.79   sel     $22,000.00   [strat=kong_stochastic_sampler]
      R12  buy $ 13,923.74   sel     $21,500.00   [strat=kong_stochastic_sampler]
      R13  buy $ 19,562.39   sel     $21,200.00   [strat=kong_stochastic_sampler]
      R14  buy $  5,952.47   sel     $21,000.00   [strat=kong_stochastic_sampler]
      R15  buy $ 11,521.44   sel     $20,900.00   [strat=kong_stochastic_sampler]
      R16  buy $  1,244.29   sel     $20,800.00   [strat=kong_stochastic_sampler]
   run 30 done in 7.3 min

   ---> checkpoint: car 4/5 done in 212.9 min; total so far 928.1 min; saved 120 runs to exp07_fixed_kong_stochastic_sampler.json

--- CAR 5/5: 2023 Ford Mustang GT Premium  (M=$45,000.00  cost=$36,000.00  cost/M=80.00%) ---

   run 1/30 on 2023 Ford Mustang GT Premium  seed=20964420
      R 1  buy $  6,986.98   sel     $44,500.00   [strat=kong_stochastic_sampler] *
      R 2  buy $  1,746.59   sel     $43,000.00   [strat=kong_stochastic_sampler]
      R 3  buy $ 35,279.47   sel     $41,500.00   [strat=kong_stochastic_sampler]
      R 4  buy $    552.41   sel     $41,000.00   [strat=kong_stochastic_sampler]
      R 5  buy $ 10,640.45   sel     $40,750.00   [strat=kong_stochastic_sampler]
      R 6  buy $ 10,940.02   sel     $40,500.00   [strat=kong_stochastic_sampler]
      R 7  buy $ 21,940.89   sel     $40,250.00   [strat=kong_stochastic_sampler]
      R 8  buy $ 10,941.97   sel     $40,500.00   [strat=kong_stochastic_sampler]
      R 9  buy $  5,137.03   sel     $40,300.00   [strat=kong_stochastic_sampler]
      R10  buy $  4,633.27   sel     $40,250.00   [strat=kong_stochastic_sampler]
      R11  buy $ 32,737.29   sel     $39,500.00   [strat=kong_stochastic_sampler]
      R12  buy $ 16,480.51   sel     $38,750.00   [strat=kong_stochastic_sampler]
      R13  buy $ 23,186.94   sel     $38,250.00   [strat=kong_stochastic_sampler]
      R14  buy $  2,455.25   sel     $38,000.00   [strat=kong_stochastic_sampler]
      R15  buy $  9,363.18   sel     $37,750.00   [strat=kong_stochastic_sampler]
      R16  buy $  9,647.43   sel     $37,500.00   [strat=kong_stochastic_sampler]
   run 1 done in 8.1 min

   run 2/30 on 2023 Ford Mustang GT Premium  seed=20964421
      R 1  buy $ 40,806.01   sel     $44,500.00   [strat=kong_stochastic_sampler] *
      R 2  buy $ 41,140.37   sel     $43,300.00   [strat=kong_stochastic_sampler]
      R 3  buy $ 30,276.05   sel     $42,800.00   [strat=kong_stochastic_sampler]
      R 4  buy $ 33,427.12   sel     $42,250.00   [strat=kong_stochastic_sampler]
      R 5  buy $ 22,938.23   sel     $42,000.00   [strat=kong_stochastic_sampler]
      R 6  buy $ 23,380.47   sel     $41,800.00   [strat=kong_stochastic_sampler]
      R 7  buy $ 34,624.05   sel     $41,500.00   [strat=kong_stochastic_sampler]
      R 8  buy $  8,801.77   sel     $41,300.00   [strat=kong_stochastic_sampler]
      R 9  buy $ 33,499.32   sel     $41,100.00   [strat=kong_stochastic_sampler]
      R10  buy $ 12,461.20   sel     $40,800.00   [strat=kong_stochastic_sampler]
      R11  buy $ 19,428.83   sel     $40,600.00   [strat=kong_stochastic_sampler]
      R12  buy $ 34,190.80   sel     $40,350.00   [strat=kong_stochastic_sampler]
      R13  buy $ 22,319.68   sel     $40,250.00   [strat=kong_stochastic_sampler]
      R14  buy $ 24,438.92   sel     $40,100.00   [strat=kong_stochastic_sampler]
      R15  buy $  4,108.77   sel     $40,000.00   [strat=kong_stochastic_sampler]
      R16  buy $  4,695.54   sel     $39,750.00   [strat=kong_stochastic_sampler]
   run 2 done in 7.8 min

   run 3/30 on 2023 Ford Mustang GT Premium  seed=20964422
      R 1  buy $ 22,936.94   sel     $42,500.00   [strat=kong_stochastic_sampler] *
      R 2  buy $ 40,548.13   sel     $41,999.00   [strat=kong_stochastic_sampler]
      R 3  buy $  2,417.40   sel     $41,500.00   [strat=kong_stochastic_sampler]
      R 4  buy $  9,105.59   sel     $41,200.00   [strat=kong_stochastic_sampler]
      R 5  buy $ 24,198.06   sel     $40,500.00   [strat=kong_stochastic_sampler]
      R 6  buy $    325.79   sel     $40,000.00   [strat=kong_stochastic_sampler]
      R 7  buy $ 10,021.24   sel     $39,500.00   [strat=kong_stochastic_sampler]
      R 8  buy $ 31,454.00   sel     $38,500.00   [strat=kong_stochastic_sampler]
      R 9  buy $  2,937.03   sel     $38,200.00   [strat=kong_stochastic_sampler]
      R10  buy $ 17,523.47   sel     $38,000.00   [strat=kong_stochastic_sampler]
      R11  buy $ 19,746.74   sel     $37,850.00   [strat=kong_stochastic_sampler]
      R12  buy $ 14,205.86   sel     $37,500.00   [strat=kong_stochastic_sampler]
      R13  buy $ 34,688.49   sel     $36,900.00   [strat=kong_stochastic_sampler]
      R14  buy $ 19,486.48   sel     $36,800.00   [strat=kong_stochastic_sampler]
      R15  buy $ 34,168.30   sel     $36,600.00   [strat=kong_stochastic_sampler]
      R16  buy $ 27,896.93   sel     $36,400.00   [strat=kong_stochastic_sampler]
   run 3 done in 7.9 min

   run 4/30 on 2023 Ford Mustang GT Premium  seed=20964423
      R 1  buy $ 10,206.59   sel     $44,500.00   [strat=kong_stochastic_sampler] *
      R 2  buy $ 39,065.14   sel     $43,250.00   [strat=kong_stochastic_sampler]
      R 3  buy $ 13,965.09   sel     $42,500.00   [strat=kong_stochastic_sampler]
      R 4  buy $  6,242.75   sel     $42,500.00   [strat=kong_stochastic_sampler]
      R 5  buy $  9,126.63   sel     $42,000.00   [strat=kong_stochastic_sampler]
      R 6  buy $  7,544.29   sel     $41,750.00   [strat=kong_stochastic_sampler]
      R 7  buy $ 12,882.33   sel     $41,600.00   [strat=kong_stochastic_sampler]
      R 8  buy $ 32,218.01   sel     $41,400.00   [strat=kong_stochastic_sampler]
      R 9  buy $  5,637.71   sel     $41,300.00   [strat=kong_stochastic_sampler]
      R10  buy $ 17,778.05   sel     $41,200.00   [strat=kong_stochastic_sampler]
      R11  buy $ 38,040.04   sel     $41,000.00   [strat=kong_stochastic_sampler]
      R12  buy $ 34,988.45   sel     $40,850.00   [strat=kong_stochastic_sampler]
      R13  buy $ 16,320.41   sel     $40,750.00   [strat=kong_stochastic_sampler]
      R14  buy $  1,004.70   sel     $40,700.00   [strat=kong_stochastic_sampler]
      R15  buy $ 38,392.36   sel     $40,500.00   [strat=kong_stochastic_sampler]
      R16  buy $ 11,501.45   sel     $40,400.00   [strat=kong_stochastic_sampler]
   run 4 done in 6.7 min

   run 5/30 on 2023 Ford Mustang GT Premium  seed=20964424
      R 1  buy $  5,547.86   sel     $44,500.00   [strat=kong_stochastic_sampler] *
      R 2  buy $ 36,284.32   sel     $42,250.00   [strat=kong_stochastic_sampler]
      R 3  buy $ 39,615.32   sel     $41,500.00   [strat=kong_stochastic_sampler]
      R 4  buy $    599.98   sel     $40,900.00   [strat=kong_stochastic_sampler]
      R 5  buy $ 34,320.39   sel     $40,250.00   [strat=kong_stochastic_sampler]
      R 6  buy $  8,174.07   sel     $39,850.00   [strat=kong_stochastic_sampler]
      R 7  buy $ 16,895.41   sel     $39,500.00   [strat=kong_stochastic_sampler]
      R 8  buy $ 21,348.49   sel     $39,000.00   [strat=kong_stochastic_sampler]
      R 9  buy $ 10,329.30   sel     $38,500.00   [strat=kong_stochastic_sampler]
      R10  buy $ 13,157.41   sel     $37,900.00   [strat=kong_stochastic_sampler]
      R11  buy $ 24,810.46   sel     $37,500.00   [strat=kong_stochastic_sampler]
      R12  buy $ 13,856.78   sel     $37,250.00   [strat=kong_stochastic_sampler]
      R13  buy $ 11,368.57   sel     $36,900.00   [strat=kong_stochastic_sampler]
      R14  buy $ 17,514.23   sel     $36,800.00   [strat=kong_stochastic_sampler]
      R15  buy $  4,122.20   sel     $36,700.00   [strat=kong_stochastic_sampler]
      R16  buy $ 27,652.29   sel     $36,500.00   [strat=kong_stochastic_sampler]
   run 5 done in 8.2 min

   run 6/30 on 2023 Ford Mustang GT Premium  seed=20964425
      R 1  buy $    902.90   sel     $44,500.00   [strat=kong_stochastic_sampler] *
      R 2  buy $    241.60   sel     $43,500.00   [strat=kong_stochastic_sampler]
      R 3  buy $ 40,541.38   sel     $42,500.00   [strat=kong_stochastic_sampler]
      R 4  buy $  5,206.52   sel     $42,000.00   [strat=kong_stochastic_sampler]
      R 5  buy $ 27,083.75   sel     $41,750.00   [strat=kong_stochastic_sampler]
      R 6  buy $ 17,641.09   sel     $41,500.00   [strat=kong_stochastic_sampler]
      R 7  buy $ 40,729.75   sel     $41,250.00   [strat=kong_stochastic_sampler]
      R 8  buy $ 39,576.24   sel     $40,100.00   [strat=kong_stochastic_sampler]
      R 9  buy $ 29,474.80   sel     $40,500.00   [strat=kong_stochastic_sampler]
      R10  buy $ 16,550.22   sel     $40,750.00   [strat=kong_stochastic_sampler]
      R11  buy $ 33,491.36   sel     $39,900.00   [strat=kong_stochastic_sampler]
      R12  buy $  1,894.17   sel     $39,500.00   [strat=kong_stochastic_sampler]
      R13  buy $  1,485.48   sel     $39,500.00   [strat=kong_stochastic_sampler]
      R14  buy $ 15,574.70   sel     $39,450.00   [strat=kong_stochastic_sampler]
      R15  buy $ 29,956.59   sel     $39,200.00   [strat=kong_stochastic_sampler]
      R16  buy $ 34,513.02   sel     $38,800.00   [strat=kong_stochastic_sampler]
   run 6 done in 7.2 min

   run 7/30 on 2023 Ford Mustang GT Premium  seed=20964426
      R 1  buy $ 22,421.78   sel     $41,999.00   [strat=kong_stochastic_sampler] *
      R 2  buy $ 34,631.13   sel     $40,995.00   [strat=kong_stochastic_sampler]
      R 3  buy $  9,513.94   sel     $40,500.00   [strat=kong_stochastic_sampler]
      R 4  buy $ 18,479.87   sel     $39,995.00   [strat=kong_stochastic_sampler]
      R 5  buy $ 39,921.53   sel     $39,940.00   [strat=kong_stochastic_sampler]
      R 6  buy $ 24,999.59   sel     $39,500.00   [strat=kong_stochastic_sampler]
      R 7  buy $ 11,053.07   sel     $39,250.00   [strat=kong_stochastic_sampler]
      R 8  buy $ 21,701.60   sel     $39,000.00   [strat=kong_stochastic_sampler]
      R 9  buy $  3,934.88   sel     $39,750.00   [strat=kong_stochastic_sampler]
      R10  buy $ 18,116.62   sel     $39,500.00   [strat=kong_stochastic_sampler]
      R11  buy $ 16,870.09   sel     $39,400.00   [strat=kong_stochastic_sampler]
      R12  buy $    211.90   sel     $39,550.00   [strat=kong_stochastic_sampler]
      R13  buy $ 18,077.97   sel     $39,350.00   [strat=kong_stochastic_sampler]
      R14  buy $  7,864.43   sel     $38,950.00   [strat=kong_stochastic_sampler]
      R15  buy $ 20,153.69   sel     $38,800.00   [strat=kong_stochastic_sampler]
      R16  buy $ 21,247.72   sel     $38,500.00   [strat=kong_stochastic_sampler]
   run 7 done in 9.7 min

   run 8/30 on 2023 Ford Mustang GT Premium  seed=20964427
      R 1  buy $ 12,136.36   sel     $44,500.00   [strat=kong_stochastic_sampler] *
      R 2  buy $ 34,369.26   sel     $42,500.00   [strat=kong_stochastic_sampler]
      R 3  buy $ 38,168.35   sel     $41,500.00   [strat=kong_stochastic_sampler]
      R 4  buy $ 20,982.22   sel     $41,500.00   [strat=kong_stochastic_sampler]
      R 5  buy $ 29,963.50   sel     $40,500.00   [strat=kong_stochastic_sampler]
      R 6  buy $  3,575.49   sel     $40,000.00   [strat=kong_stochastic_sampler]
      R 7  buy $ 35,144.24   sel     $39,250.00   [strat=kong_stochastic_sampler]
      R 8  buy $ 21,712.74   sel     $38,900.00   [strat=kong_stochastic_sampler]
      R 9  buy $ 26,707.45   sel     $38,750.00   [strat=kong_stochastic_sampler]
      R10  buy $ 32,328.59   sel     $38,250.00   [strat=kong_stochastic_sampler]
      R11  buy $ 31,587.27   sel     $38,000.00   [strat=kong_stochastic_sampler]
      R12  buy $ 26,821.56   sel     $37,900.00   [strat=kong_stochastic_sampler]
      R13  buy $ 30,339.65   sel     $37,650.00   [strat=kong_stochastic_sampler]
      R14  buy $ 17,718.87   sel     $37,500.00   [strat=kong_stochastic_sampler]
      R15  buy $ 20,160.81   sel     $37,425.00   [strat=kong_stochastic_sampler]
      R16  buy $ 31,060.68   sel     $37,200.00   [strat=kong_stochastic_sampler]
   run 8 done in 9.5 min

   run 9/30 on 2023 Ford Mustang GT Premium  seed=20964428
      R 1  buy $ 43,686.68   sel     $44,500.00   [strat=kong_stochastic_sampler] *
      R 2  buy $  2,792.15   sel     $44,200.00   [strat=kong_stochastic_sampler]
      R 3  buy $ 42,475.25   sel     $43,900.00   [strat=kong_stochastic_sampler]
      R 4  buy $ 38,263.57   sel     $42,800.00   [strat=kong_stochastic_sampler]
      R 5  buy $  8,305.97   sel     $42,500.00   [strat=kong_stochastic_sampler]
      R 6  buy $ 15,456.10   sel     $42,000.00   [strat=kong_stochastic_sampler]
      R 7  buy $ 30,252.21   sel     $41,500.00   [strat=kong_stochastic_sampler]
      R 8  buy $ 24,706.34   sel     $41,200.00   [strat=kong_stochastic_sampler]
      R 9  buy $ 21,682.26   sel     $40,800.00   [strat=kong_stochastic_sampler]
      R10  buy $ 31,751.40   sel     $40,500.00   [strat=kong_stochastic_sampler]
      R11  buy $  8,382.31   sel     $40,000.00   [strat=kong_stochastic_sampler]
      R12  buy $    605.90   sel     $39,500.00   [strat=kong_stochastic_sampler]
      R13  buy $ 20,431.96   sel     $39,000.00   [strat=kong_stochastic_sampler]
      R14  buy $ 25,102.20   sel     $38,700.00   [strat=kong_stochastic_sampler]
      R15  buy $ 30,363.42   sel     $38,300.00   [strat=kong_stochastic_sampler]
      R16  buy $  3,271.83   sel     $38,000.00   [strat=kong_stochastic_sampler]
   run 9 done in 9.8 min

   run 10/30 on 2023 Ford Mustang GT Premium  seed=20964429
      R 1  buy $ 28,445.71   sel     $44,500.00   [strat=kong_stochastic_sampler] *
      R 2  buy $ 33,744.37   sel     $42,500.00   [strat=kong_stochastic_sampler]
      R 3  buy $ 11,791.33   sel     $42,000.00   [strat=kong_stochastic_sampler]
      R 4  buy $ 23,263.83   sel     $42,000.00   [strat=kong_stochastic_sampler]
      R 5  buy $ 39,208.69   sel     $41,500.00   [strat=kong_stochastic_sampler]
      R 6  buy $ 30,575.48   sel     $41,250.00   [strat=kong_stochastic_sampler]
      R 7  buy $ 19,643.59   sel     $41,000.00   [strat=kong_stochastic_sampler]
      R 8  buy $    502.69   sel     $40,500.00   [strat=kong_stochastic_sampler]
      R 9  buy $ 22,438.06   sel     $40,000.00   [strat=kong_stochastic_sampler]
      R10  buy $ 39,147.47   sel     $39,500.00   [strat=kong_stochastic_sampler]
      R11  buy $ 12,554.80   sel     $39,250.00   [strat=kong_stochastic_sampler]
      R12  buy $ 13,915.70   sel     $39,000.00   [strat=kong_stochastic_sampler]
      R13  buy $ 35,187.11   sel     $38,750.00   [strat=kong_stochastic_sampler]
      R14  buy $ 33,223.97   sel     $38,500.00   [strat=kong_stochastic_sampler]
      R15  buy $ 21,746.20   sel     $38,250.00   [strat=kong_stochastic_sampler]
      R16  buy $ 18,418.11   sel     $38,000.00   [strat=kong_stochastic_sampler]
   run 10 done in 9.7 min

   run 11/30 on 2023 Ford Mustang GT Premium  seed=20964430
      R 1  buy $ 26,218.34   sel     $42,500.00   [strat=kong_stochastic_sampler] *
      R 2  buy $ 31,742.98   sel     $41,500.00   [strat=kong_stochastic_sampler]
      R 3  buy $ 22,627.00   sel     $41,000.00   [strat=kong_stochastic_sampler]
      R 4  buy $ 30,578.46   sel     $40,500.00   [strat=kong_stochastic_sampler]
      R 5  buy $ 20,935.39   sel     $40,000.00   [strat=kong_stochastic_sampler]
      R 6  buy $ 39,738.30   sel     $39,500.00   [strat=kong_stochastic_sampler]
      R 7  buy $ 13,318.31   sel     $39,500.00   [strat=kong_stochastic_sampler]
      R 8  buy $ 19,654.63   sel     $39,000.00   [strat=kong_stochastic_sampler]
      R 9  buy $ 11,466.55   sel     $39,250.00   [strat=kong_stochastic_sampler]
      R10  buy $ 10,297.70   sel     $39,200.00   [strat=kong_stochastic_sampler]
      R11  buy $ 27,286.05   sel     $38,500.00   [strat=kong_stochastic_sampler]
      R12  buy $ 31,590.60   sel     $38,200.00   [strat=kong_stochastic_sampler]
      R13  buy $ 11,920.37   sel     $38,000.00   [strat=kong_stochastic_sampler]
      R14  buy $  7,682.15   sel     $37,800.00   [strat=kong_stochastic_sampler]
      R15  buy $ 37,390.76   sel     $37,800.00   [strat=kong_stochastic_sampler]
      R16  buy $ 10,275.13   sel     $37,600.00   [strat=kong_stochastic_sampler]
   run 11 done in 9.4 min

   run 12/30 on 2023 Ford Mustang GT Premium  seed=20964431
      R 1  buy $ 16,135.53   sel     $44,500.00   [strat=kong_stochastic_sampler] *
      R 2  buy $ 36,393.62   sel     $43,500.00   [strat=kong_stochastic_sampler]
      R 3  buy $ 41,367.02   sel     $42,500.00   [strat=kong_stochastic_sampler]
      R 4  buy $ 21,843.89   sel     $42,000.00   [strat=kong_stochastic_sampler]
      R 5  buy $ 11,964.46   sel     $41,500.00   [strat=kong_stochastic_sampler]
      R 6  buy $ 22,767.94   sel     $40,500.00   [strat=kong_stochastic_sampler]
      R 7  buy $ 14,420.25   sel     $40,500.00   [strat=kong_stochastic_sampler]
      R 8  buy $ 27,927.88   sel     $39,500.00   [strat=kong_stochastic_sampler]
      R 9  buy $ 37,780.93   sel     $38,500.00   [strat=kong_stochastic_sampler]
      R10  buy $  3,575.78   sel     $39,500.00   [strat=kong_stochastic_sampler]
      R11  buy $  1,716.05   sel     $38,500.00   [strat=kong_stochastic_sampler]
      R12  buy $  9,495.56   sel     $39,000.00   [strat=kong_stochastic_sampler]
      R13  buy $  8,352.63   sel     $38,000.00   [strat=kong_stochastic_sampler]
      R14  buy $ 19,537.46   sel     $37,800.00   [strat=kong_stochastic_sampler]
      R15  buy $ 33,411.71   sel     $37,200.00   [strat=kong_stochastic_sampler]
      R16  buy $ 28,099.84   sel     $37,000.00   [strat=kong_stochastic_sampler]
   run 12 done in 9.1 min

   run 13/30 on 2023 Ford Mustang GT Premium  seed=20964432
      R 1  buy $ 23,275.35   sel     $44,500.00   [strat=kong_stochastic_sampler] *
      R 2  buy $ 35,704.55   sel     $42,500.00   [strat=kong_stochastic_sampler]
      R 3  buy $ 13,428.89   sel     $42,500.00   [strat=kong_stochastic_sampler]
      R 4  buy $ 30,556.03   sel     $41,500.00   [strat=kong_stochastic_sampler]
      R 5  buy $ 29,337.02   sel     $41,000.00   [strat=kong_stochastic_sampler]
      R 6  buy $ 30,337.76   sel     $40,500.00   [strat=kong_stochastic_sampler]
      R 7  buy $    880.81   sel     $40,000.00   [strat=kong_stochastic_sampler]
      R 8  buy $ 31,051.03   sel     $39,500.00   [strat=kong_stochastic_sampler]
      R 9  buy $ 29,745.38   sel     $39,000.00   [strat=kong_stochastic_sampler]
      R10  buy $ 24,121.77   sel     $38,800.00   [strat=kong_stochastic_sampler]
      R11  buy $ 22,667.98   sel     $38,600.00   [strat=kong_stochastic_sampler]
      R12  buy $ 28,521.96   sel     $38,450.00   [strat=kong_stochastic_sampler]
      R13  buy $ 24,357.62   sel     $38,350.00   [strat=kong_stochastic_sampler]
      R14  buy $ 26,228.50   sel     $38,300.00   [strat=kong_stochastic_sampler]
      R15  buy $ 10,035.72   sel     $38,200.00   [strat=kong_stochastic_sampler]
      R16  buy $ 23,073.30   sel     $38,100.00   [strat=kong_stochastic_sampler]
   run 13 done in 9.7 min

   run 14/30 on 2023 Ford Mustang GT Premium  seed=20964433
      R 1  buy $ 20,680.59   sel     $44,500.00   [strat=kong_stochastic_sampler] *
      R 2  buy $ 42,496.32   sel     $43,750.00   [strat=kong_stochastic_sampler]
      R 3  buy $ 14,445.91   sel     $43,500.00   [strat=kong_stochastic_sampler]
      R 4  buy $ 31,035.29   sel     $43,250.00   [strat=kong_stochastic_sampler]
      R 5  buy $ 19,572.83   sel     $43,000.00   [strat=kong_stochastic_sampler]
      R 6  buy $ 16,872.82   sel     $42,500.00   [strat=kong_stochastic_sampler]
      R 7  buy $ 39,693.04   sel     $42,250.00   [strat=kong_stochastic_sampler]
      R 8  buy $ 32,315.61   sel     $42,000.00   [strat=kong_stochastic_sampler]
      R 9  buy $  1,912.68   sel     $41,950.00   [strat=kong_stochastic_sampler]
      R10  buy $  3,515.48   sel     $41,850.00   [strat=kong_stochastic_sampler]
      R11  buy $ 17,102.49   sel     $41,800.00   [strat=kong_stochastic_sampler]
      R12  buy $ 34,487.99   sel     $41,600.00   [strat=kong_stochastic_sampler]
      R13  buy $    491.84   sel     $41,500.00   [strat=kong_stochastic_sampler]
      R14  buy $ 16,007.81   sel     $41,350.00   [strat=kong_stochastic_sampler]
      R15  buy $ 19,103.27   sel     $41,300.00   [strat=kong_stochastic_sampler]
      R16  buy $  1,079.72   sel     $41,250.00   [strat=kong_stochastic_sampler]
   run 14 done in 10.1 min

   run 15/30 on 2023 Ford Mustang GT Premium  seed=20964434
      R 1  buy $ 39,687.55   sel     $44,250.00   [strat=kong_stochastic_sampler] *
      R 2  buy $  3,557.28   sel     $44,000.00   [strat=kong_stochastic_sampler]
      R 3  buy $ 19,333.88   sel     $43,500.00   [strat=kong_stochastic_sampler]
      R 4  buy $ 31,799.46   sel     $42,750.00   [strat=kong_stochastic_sampler]
      R 5  buy $ 41,855.17   sel     $42,250.00   [strat=kong_stochastic_sampler]
      R 6  buy $ 16,707.66   sel     $42,000.00   [strat=kong_stochastic_sampler]
      R 7  buy $ 27,169.93   sel     $41,750.00   [strat=kong_stochastic_sampler]
      R 8  buy $ 12,888.60   sel     $42,250.00   [strat=kong_stochastic_sampler]
      R 9  buy $ 38,919.19   sel     $41,000.00   [strat=kong_stochastic_sampler]
      R10  buy $  3,785.71   sel     $40,500.00   [strat=kong_stochastic_sampler]
      R11  buy $ 36,227.65   sel     $39,750.00   [strat=kong_stochastic_sampler]
      R12  buy $ 39,033.34   sel     $39,450.00   [strat=kong_stochastic_sampler]
      R13  buy $ 20,523.35   sel     $39,000.00   [strat=kong_stochastic_sampler]
      R14  buy $ 27,756.01   sel     $38,750.00   [strat=kong_stochastic_sampler]
      R15  buy $ 11,606.33   sel     $39,000.00   [strat=kong_stochastic_sampler]
      R16  buy $  8,048.71   sel     $38,900.00   [strat=kong_stochastic_sampler]
   run 15 done in 8.8 min

   run 16/30 on 2023 Ford Mustang GT Premium  seed=20964435
      R 1  buy $ 20,181.56   sel     $44,500.00   [strat=kong_stochastic_sampler] *
      R 2  buy $  2,032.93   sel     $44,250.00   [strat=kong_stochastic_sampler]
      R 3  buy $ 23,221.51   sel     $44,000.00   [strat=kong_stochastic_sampler]
      R 4  buy $ 18,494.12   sel     $43,750.00   [strat=kong_stochastic_sampler]
      R 5  buy $ 42,786.42   sel     $43,500.00   [strat=kong_stochastic_sampler]
      R 6  buy $  6,118.64   sel     $43,250.00   [strat=kong_stochastic_sampler]
      R 7  buy $ 33,194.94   sel     $42,900.00   [strat=kong_stochastic_sampler]
      R 8  buy $ 21,827.11   sel     $42,750.00   [strat=kong_stochastic_sampler]
      R 9  buy $  4,988.93   sel     $42,650.00   [strat=kong_stochastic_sampler]
      R10  buy $  7,194.14   sel     $42,400.00   [strat=kong_stochastic_sampler]
      R11  buy $     97.25   sel     $42,500.00   [strat=kong_stochastic_sampler]
      R12  buy $ 15,755.21   sel     $42,350.00   [strat=kong_stochastic_sampler]
      R13  buy $ 33,133.90   sel     $42,000.00   [strat=kong_stochastic_sampler]
      R14  buy $  8,465.82   sel     $42,250.00   [strat=kong_stochastic_sampler]
      R15  buy $ 31,111.90   sel     $42,150.00   [strat=kong_stochastic_sampler]
      R16  buy $  4,453.22   sel     $42,000.00   [strat=kong_stochastic_sampler]
   run 16 done in 8.3 min

   run 17/30 on 2023 Ford Mustang GT Premium  seed=20964436
      R 1  buy $ 25,717.64   sel     $42,500.00   [strat=kong_stochastic_sampler] *
      R 2  buy $ 16,995.36   sel     $42,000.00   [strat=kong_stochastic_sampler]
      R 3  buy $  2,795.71   sel     $41,800.00   [strat=kong_stochastic_sampler]
      R 4  buy $ 17,243.14   sel     $41,650.00   [strat=kong_stochastic_sampler]
      R 5  buy $  7,724.21   sel     $41,200.00   [strat=kong_stochastic_sampler]
      R 6  buy $  7,923.89   sel     $41,000.00   [strat=kong_stochastic_sampler]
      R 7  buy $  4,065.94   sel     $40,800.00   [strat=kong_stochastic_sampler]
      R 8  buy $ 27,944.80   sel     $40,500.00   [strat=kong_stochastic_sampler]
      R 9  buy $ 12,271.67   sel     $40,300.00   [strat=kong_stochastic_sampler]
      R10  buy $ 37,113.67   sel     $40,000.00   [strat=kong_stochastic_sampler]
      R11  buy $ 20,922.33   sel     $39,900.00   [strat=kong_stochastic_sampler]
      R12  buy $ 11,572.69   sel     $39,500.00   [strat=kong_stochastic_sampler]
      R13  buy $ 13,298.53   sel     $39,300.00   [strat=kong_stochastic_sampler]
      R14  buy $ 13,296.12   sel     $39,250.00   [strat=kong_stochastic_sampler]
      R15  buy $ 24,763.32   sel     $39,000.00   [strat=kong_stochastic_sampler]
      R16  buy $ 16,527.37   sel     $38,900.00   [strat=kong_stochastic_sampler]
   run 17 done in 9.3 min

   run 18/30 on 2023 Ford Mustang GT Premium  seed=20964437
      R 1  buy $ 25,114.11   sel     $41,999.00   [strat=kong_stochastic_sampler] *
      R 2  buy $ 38,867.55   sel     $41,250.00   [strat=kong_stochastic_sampler]
      R 3  buy $ 38,725.74   sel     $41,000.00   [strat=kong_stochastic_sampler]
      R 4  buy $    614.98   sel     $40,500.00   [strat=kong_stochastic_sampler]
      R 5  buy $ 24,064.48   sel     $40,250.00   [strat=kong_stochastic_sampler]
      R 6  buy $ 15,370.97   sel     $40,000.00   [strat=kong_stochastic_sampler]
      R 7  buy $ 33,432.38   sel     $39,500.00   [strat=kong_stochastic_sampler]
      R 8  buy $  2,258.98   sel     $39,250.00   [strat=kong_stochastic_sampler]
      R 9  buy $ 34,528.90   sel     $38,500.00   [strat=kong_stochastic_sampler]
      R10  buy $ 19,426.56   sel     $38,000.00   [strat=kong_stochastic_sampler]
      R11  buy $ 31,393.52   sel     $37,500.00   [strat=kong_stochastic_sampler]
      R12  buy $ 15,402.44   sel     $37,000.00   [strat=kong_stochastic_sampler]
      R13  buy $  2,905.38   sel     $36,750.00   [strat=kong_stochastic_sampler]
      R14  buy $ 19,830.77   sel     $36,500.00   [strat=kong_stochastic_sampler]
      R15  buy $  4,098.27   sel     $36,300.00   [strat=kong_stochastic_sampler]
      R16  buy $ 17,359.37   sel     $36,200.00   [strat=kong_stochastic_sampler]
   run 18 done in 9.4 min

   run 19/30 on 2023 Ford Mustang GT Premium  seed=20964438
      R 1  buy $ 32,783.39   sel     $44,500.00   [strat=kong_stochastic_sampler] *
      R 2  buy $ 32,537.82   sel     $42,250.00   [strat=kong_stochastic_sampler]
      R 3  buy $ 15,470.71   sel     $41,500.00   [strat=kong_stochastic_sampler]
      R 4  buy $ 28,560.33   sel     $40,250.00   [strat=kong_stochastic_sampler]
      R 5  buy $ 19,667.98   sel     $40,000.00   [strat=kong_stochastic_sampler]
      R 6  buy $ 19,577.57   sel     $39,500.00   [strat=kong_stochastic_sampler]
      R 7  buy $ 10,427.88   sel     $39,500.00   [strat=kong_stochastic_sampler]
      R 8  buy $ 36,301.59   sel     $38,500.00   [strat=kong_stochastic_sampler]
      R 9  buy $ 29,382.02   sel     $38,000.00   [strat=kong_stochastic_sampler]
      R10  buy $ 36,198.56   sel     $37,250.00   [strat=kong_stochastic_sampler]
      R11  buy $  3,826.75   sel     $38,000.00   [strat=kong_stochastic_sampler]
      R12  buy $ 15,304.01   sel     $37,500.00   [strat=kong_stochastic_sampler]
      R13  buy $ 28,227.25   sel     $37,250.00   [strat=kong_stochastic_sampler]
      R14  buy $ 16,163.52   sel     $37,000.00   [strat=kong_stochastic_sampler]
      R15  buy $ 31,790.16   sel     $36,750.00   [strat=kong_stochastic_sampler]
      R16  buy $ 36,255.98   sel     $36,500.00   [strat=kong_stochastic_sampler]
   run 19 done in 8.9 min

   run 20/30 on 2023 Ford Mustang GT Premium  seed=20964439
      R 1  buy $ 38,201.58   sel     $42,500.00   [strat=kong_stochastic_sampler] *
      R 2  buy $  3,435.77   sel     $42,000.00   [strat=kong_stochastic_sampler]
      R 3  buy $ 10,016.06   sel     $41,500.00   [strat=kong_stochastic_sampler]
      R 4  buy $  3,776.91   sel     $41,400.00   [strat=kong_stochastic_sampler]
      R 5  buy $ 10,268.84   sel     $41,200.00   [strat=kong_stochastic_sampler]
      R 6  buy $ 38,441.95   sel     $40,800.00   [strat=kong_stochastic_sampler]
      R 7  buy $ 11,297.00   sel     $41,000.00   [strat=kong_stochastic_sampler]
      R 8  buy $  4,681.69   sel     $40,000.00   [strat=kong_stochastic_sampler]
      R 9  buy $ 16,432.75   sel     $39,800.00   [strat=kong_stochastic_sampler]
      R10  buy $  3,091.54   sel     $39,700.00   [strat=kong_stochastic_sampler]
      R11  buy $ 22,448.37   sel     $39,500.00   [strat=kong_stochastic_sampler]
      R12  buy $ 35,726.78   sel     $39,200.00   [strat=kong_stochastic_sampler]
      R13  buy $  6,931.05   sel     $40,000.00   [strat=kong_stochastic_sampler]
      R14  buy $ 20,136.84   sel     $39,500.00   [strat=kong_stochastic_sampler]
      R15  buy $ 24,249.54   sel     $39,300.00   [strat=kong_stochastic_sampler]
      R16  buy $ 33,962.67   sel     $38,800.00   [strat=kong_stochastic_sampler]
   run 20 done in 11.1 min

   run 21/30 on 2023 Ford Mustang GT Premium  seed=20964440
      R 1  buy $ 18,187.72   sel     $43,999.00   [strat=kong_stochastic_sampler] *
      R 2  buy $  3,662.42   sel     $42,750.00   [strat=kong_stochastic_sampler]
      R 3  buy $ 18,296.69   sel     $41,500.00   [strat=kong_stochastic_sampler]
      R 4  buy $ 34,325.35   sel     $40,750.00   [strat=kong_stochastic_sampler]
      R 5  buy $ 17,289.32   sel     $40,500.00   [strat=kong_stochastic_sampler]
      R 6  buy $ 25,432.48   sel     $41,250.00   [strat=kong_stochastic_sampler]
      R 7  buy $    706.63   sel     $41,000.00   [strat=kong_stochastic_sampler]
      R 8  buy $ 14,549.98   sel     $42,000.00   [strat=kong_stochastic_sampler]
      R 9  buy $  7,163.48   sel     $41,500.00   [strat=kong_stochastic_sampler]
      R10  buy $ 10,672.04   sel     $42,000.00   [strat=kong_stochastic_sampler]
      R11  buy $  5,593.67   sel     $42,500.00   [strat=kong_stochastic_sampler]
      R12  buy $ 28,774.64   sel     $42,250.00   [strat=kong_stochastic_sampler]
      R13  buy $  5,631.30   sel     $42,400.00   [strat=kong_stochastic_sampler]
      R14  buy $    951.73   sel     $42,500.00   [strat=kong_stochastic_sampler]
      R15  buy $ 10,418.02   sel     $42,200.00   [strat=kong_stochastic_sampler]
      R16  buy $ 31,910.13   sel     $41,850.00   [strat=kong_stochastic_sampler]
   run 21 done in 8.6 min

   run 22/30 on 2023 Ford Mustang GT Premium  seed=20964441
      R 1  buy $  5,748.74   sel     $44,500.00   [strat=kong_stochastic_sampler] *
      R 2  buy $  7,241.14   sel     $43,500.00   [strat=kong_stochastic_sampler]
      R 3  buy $ 18,896.33   sel     $43,000.00   [strat=kong_stochastic_sampler]
      R 4  buy $    289.68   sel     $43,000.00   [strat=kong_stochastic_sampler]
      R 5  buy $ 21,704.21   sel     $42,500.00   [strat=kong_stochastic_sampler]
      R 6  buy $ 11,146.54   sel     $42,300.00   [strat=kong_stochastic_sampler]
      R 7  buy $ 21,193.25   sel     $42,100.00   [strat=kong_stochastic_sampler]
      R 8  buy $     14.09   sel     $41,800.00   [strat=kong_stochastic_sampler]
      R 9  buy $ 39,343.65   sel     $41,300.00   [strat=kong_stochastic_sampler]
      R10  buy $ 21,419.94   sel     $41,500.00   [strat=kong_stochastic_sampler]
      R11  buy $ 29,950.30   sel     $41,250.00   [strat=kong_stochastic_sampler]
      R12  buy $ 34,935.80   sel     $41,000.00   [strat=kong_stochastic_sampler]
      R13  buy $ 33,274.25   sel     $40,800.00   [strat=kong_stochastic_sampler]
      R14  buy $ 36,227.47   sel     $40,500.00   [strat=kong_stochastic_sampler]
      R15  buy $ 22,159.57   sel     $40,500.00   [strat=kong_stochastic_sampler]
      R16  buy $ 36,039.64   sel     $40,200.00   [strat=kong_stochastic_sampler]
   run 22 done in 6.3 min

   run 23/30 on 2023 Ford Mustang GT Premium  seed=20964442
      R 1  buy $ 36,072.41   sel     $41,500.00   [strat=kong_stochastic_sampler] *
      R 2  buy $ 16,932.09   sel     $40,900.00   [strat=kong_stochastic_sampler]
      R 3  buy $ 34,567.64   sel     $38,500.00   [strat=kong_stochastic_sampler]
      R 4  buy $ 29,576.00   sel     $38,000.00   [strat=kong_stochastic_sampler]
      R 5  buy $ 12,151.64   sel     $38,000.00   [strat=kong_stochastic_sampler]
      R 6  buy $ 24,950.96   sel     $38,000.00   [strat=kong_stochastic_sampler]
      R 7  buy $  9,159.28   sel     $38,000.00   [strat=kong_stochastic_sampler]
      R 8  buy $  2,105.98   sel     $38,000.00   [strat=kong_stochastic_sampler]
      R 9  buy $  5,540.00   sel     $38,000.00   [strat=kong_stochastic_sampler]
      R10  buy $ 24,090.55   sel     $37,500.00   [strat=kong_stochastic_sampler]
      R11  buy $ 37,086.99   sel     $37,086.99   [strat=kong_stochastic_sampler]
      R12  buy $ 10,808.06   sel     $37,086.99   [strat=kong_stochastic_sampler]
      R13  buy $ 27,576.03   sel     $37,086.99   [strat=kong_stochastic_sampler]
      R14  buy $ 29,127.00   sel     $37,086.99   [strat=kong_stochastic_sampler]
      R15  buy $  1,557.47   sel     $37,086.99   [strat=kong_stochastic_sampler]
      R16  buy $  5,138.98   sel     $37,086.99   [strat=kong_stochastic_sampler]
   run 23 done in 2.7 min

   run 24/30 on 2023 Ford Mustang GT Premium  seed=20964443
      R 1  buy $ 41,983.87   sel     $44,500.00   [strat=kong_stochastic_sampler] *
      R 2  buy $ 34,731.60   sel     $44,250.00   [strat=kong_stochastic_sampler]
      R 3  buy $  7,365.44   sel     $44,250.00   [strat=kong_stochastic_sampler]
      R 4  buy $ 11,421.03   sel     $44,200.00   [strat=kong_stochastic_sampler]
      R 5  buy $ 31,944.75   sel     $44,000.00   [strat=kong_stochastic_sampler]
      R 6  buy $ 23,638.95   sel     $43,750.00   [strat=kong_stochastic_sampler]
      R 7  buy $ 10,995.87   sel     $43,500.00   [strat=kong_stochastic_sampler]
      R 8  buy $ 19,256.76   sel     $43,500.00   [strat=kong_stochastic_sampler]
      R 9  buy $  7,465.93   sel     $43,500.00   [strat=kong_stochastic_sampler]
      R10  buy $  1,080.93   sel     $43,500.00   [strat=kong_stochastic_sampler]
      R11  buy $ 21,262.13   sel     $43,250.00   [strat=kong_stochastic_sampler]
      R12  buy $ 33,138.23   sel     $43,000.00   [strat=kong_stochastic_sampler]
      R13  buy $ 21,634.28   sel     $43,000.00   [strat=kong_stochastic_sampler]
      R14  buy $ 38,775.02   sel     $41,250.00   [strat=kong_stochastic_sampler]
      R15  buy $ 40,619.71   sel     $40,619.71   [strat=kong_stochastic_sampler]
      R16  buy $ 18,128.25   sel     $40,619.71   [strat=kong_stochastic_sampler]
   run 24 done in 2.9 min

   run 25/30 on 2023 Ford Mustang GT Premium  seed=20964444
      R 1  buy $ 39,600.71   sel     $43,500.00   [strat=kong_stochastic_sampler] *
      R 2  buy $ 40,742.57   sel     $43,200.00   [strat=kong_stochastic_sampler]
      R 3  buy $ 28,053.63   sel     $43,200.00   [strat=kong_stochastic_sampler]
      R 4  buy $ 29,285.87   sel     $43,000.00   [strat=kong_stochastic_sampler]
      R 5  buy $ 32,461.35   sel     $42,500.00   [strat=kong_stochastic_sampler]
      R 6  buy $ 28,898.77   sel     $42,000.00   [strat=kong_stochastic_sampler]
      R 7  buy $ 37,052.13   sel     $41,500.00   [strat=kong_stochastic_sampler]
      R 8  buy $  3,664.72   sel     $41,500.00   [strat=kong_stochastic_sampler]
      R 9  buy $ 33,027.74   sel     $40,750.00   [strat=kong_stochastic_sampler]
      R10  buy $ 28,002.32   sel     $40,750.00   [strat=kong_stochastic_sampler]
      R11  buy $ 12,515.21   sel     $40,750.00   [strat=kong_stochastic_sampler]
      R12  buy $ 12,561.54   sel     $40,750.00   [strat=kong_stochastic_sampler]
      R13  buy $ 25,630.44   sel     $40,750.00   [strat=kong_stochastic_sampler]
      R14  buy $ 24,498.97   sel     $40,750.00   [strat=kong_stochastic_sampler]
      R15  buy $ 34,842.16   sel     $40,500.00   [strat=kong_stochastic_sampler]
      R16  buy $ 14,253.60   sel     $40,500.00   [strat=kong_stochastic_sampler]
   run 25 done in 3.0 min

   run 26/30 on 2023 Ford Mustang GT Premium  seed=20964445
      R 1  buy $ 21,171.36   sel     $42,500.00   [strat=kong_stochastic_sampler] *
      R 2  buy $  3,426.45   sel     $42,500.00   [strat=kong_stochastic_sampler]
      R 3  buy $ 15,182.43   sel     $42,000.00   [strat=kong_stochastic_sampler]
      R 4  buy $  1,726.80   sel     $41,800.00   [strat=kong_stochastic_sampler]
      R 5  buy $ 27,926.42   sel     $41,500.00   [strat=kong_stochastic_sampler]
      R 6  buy $ 15,625.17   sel     $41,200.00   [strat=kong_stochastic_sampler]
      R 7  buy $  8,914.33   sel     $41,000.00   [strat=kong_stochastic_sampler]
      R 8  buy $  8,737.20   sel     $40,800.00   [strat=kong_stochastic_sampler]
      R 9  buy $  2,976.82   sel     $40,800.00   [strat=kong_stochastic_sampler]
      R10  buy $ 23,542.82   sel     $40,500.00   [strat=kong_stochastic_sampler]
      R11  buy $ 26,721.74   sel     $40,200.00   [strat=kong_stochastic_sampler]
      R12  buy $ 31,113.18   sel     $39,800.00   [strat=kong_stochastic_sampler]
      R13  buy $  1,137.12   sel     $39,800.00   [strat=kong_stochastic_sampler]
      R14  buy $ 15,817.51   sel     $39,800.00   [strat=kong_stochastic_sampler]
      R15  buy $ 29,277.94   sel     $39,500.00   [strat=kong_stochastic_sampler]
      R16  buy $ 16,740.64   sel     $39,200.00   [strat=kong_stochastic_sampler]
   run 26 done in 3.1 min

   run 27/30 on 2023 Ford Mustang GT Premium  seed=20964446
      R 1  buy $ 32,430.01   sel     $43,750.00   [strat=kong_stochastic_sampler] *
      R 2  buy $ 11,235.62   sel     $43,500.00   [strat=kong_stochastic_sampler]
      R 3  buy $ 16,884.63   sel     $42,500.00   [strat=kong_stochastic_sampler]
      R 4  buy $  7,341.07   sel     $42,000.00   [strat=kong_stochastic_sampler]
      R 5  buy $ 31,293.71   sel     $41,500.00   [strat=kong_stochastic_sampler]
      R 6  buy $ 23,499.31   sel     $40,500.00   [strat=kong_stochastic_sampler]
      R 7  buy $  6,863.76   sel     $40,000.00   [strat=kong_stochastic_sampler]
      R 8  buy $ 12,111.84   sel     $40,000.00   [strat=kong_stochastic_sampler]
      R 9  buy $ 18,364.21   sel     $40,000.00   [strat=kong_stochastic_sampler]
      R10  buy $ 15,563.39   sel     $40,000.00   [strat=kong_stochastic_sampler]
      R11  buy $    403.96   sel     $40,000.00   [strat=kong_stochastic_sampler]
      R12  buy $ 22,369.56   sel     $39,500.00   [strat=kong_stochastic_sampler]
      R13  buy $ 18,164.35   sel     $39,500.00   [strat=kong_stochastic_sampler]
      R14  buy $ 36,190.51   sel     $37,500.00   [strat=kong_stochastic_sampler]
      R15  buy $ 19,494.07   sel     $37,500.00   [strat=kong_stochastic_sampler]
      R16  buy $ 12,308.66   sel     $37,500.00   [strat=kong_stochastic_sampler]
   run 27 done in 7.0 min

   run 28/30 on 2023 Ford Mustang GT Premium  seed=20964447
      R 1  buy $ 40,859.01   sel     $44,500.00   [strat=kong_stochastic_sampler] *
      R 2  buy $ 42,612.71   sel     $43,750.00   [strat=kong_stochastic_sampler]
      R 3  buy $  2,107.37   sel     $43,750.00   [strat=kong_stochastic_sampler]
      R 4  buy $ 15,790.85   sel     $43,750.00   [strat=kong_stochastic_sampler]
      R 5  buy $ 29,410.65   sel     $42,500.00   [strat=kong_stochastic_sampler]
      R 6  buy $  5,543.46   sel     $42,000.00   [strat=kong_stochastic_sampler]
      R 7  buy $ 27,979.59   sel     $42,000.00   [strat=kong_stochastic_sampler]
      R 8  buy $  9,191.71   sel     $42,000.00   [strat=kong_stochastic_sampler]
      R 9  buy $  6,715.54   sel     $42,000.00   [strat=kong_stochastic_sampler]
      R10  buy $  6,687.10   sel     $41,750.00   [strat=kong_stochastic_sampler]
      R11  buy $ 23,072.65   sel     $41,750.00   [strat=kong_stochastic_sampler]
      R12  buy $ 27,462.16   sel     $41,500.00   [strat=kong_stochastic_sampler]
      R13  buy $ 39,213.28   sel     $40,250.00   [strat=kong_stochastic_sampler]
      R14  buy $ 14,347.35   sel     $40,250.00   [strat=kong_stochastic_sampler]
      R15  buy $ 23,666.66   sel     $39,750.00   [strat=kong_stochastic_sampler]
      R16  buy $ 31,086.12   sel     $39,250.00   [strat=kong_stochastic_sampler]
   run 28 done in 6.2 min

   run 29/30 on 2023 Ford Mustang GT Premium  seed=20964448
      R 1  buy $ 39,624.18   sel     $42,800.00   [strat=kong_stochastic_sampler] *
      R 2  buy $ 22,135.46   sel     $42,500.00   [strat=kong_stochastic_sampler]
      R 3  buy $ 17,509.61   sel     $42,000.00   [strat=kong_stochastic_sampler]
      R 4  buy $  2,750.74   sel     $42,000.00   [strat=kong_stochastic_sampler]
      R 5  buy $ 24,611.04   sel     $41,500.00   [strat=kong_stochastic_sampler]
      R 6  buy $  4,483.70   sel     $41,500.00   [strat=kong_stochastic_sampler]
      R 7  buy $ 35,137.81   sel     $40,000.00   [strat=kong_stochastic_sampler]
      R 8  buy $ 31,083.76   sel     $40,000.00   [strat=kong_stochastic_sampler]
      R 9  buy $  2,982.49   sel     $40,000.00   [strat=kong_stochastic_sampler]
      R10  buy $ 33,073.59   sel     $39,500.00   [strat=kong_stochastic_sampler]
      R11  buy $ 23,552.32   sel     $39,500.00   [strat=kong_stochastic_sampler]
      R12  buy $  3,670.34   sel     $39,500.00   [strat=kong_stochastic_sampler]
      R13  buy $ 31,030.60   sel     $38,700.00   [strat=kong_stochastic_sampler]
      R14  buy $  6,057.14   sel     $38,700.00   [strat=kong_stochastic_sampler]
      R15  buy $ 18,478.02   sel     $38,700.00   [strat=kong_stochastic_sampler]
      R16  buy $  7,808.93   sel     $38,700.00   [strat=kong_stochastic_sampler]
   run 29 done in 3.0 min

   run 30/30 on 2023 Ford Mustang GT Premium  seed=20964449
      R 1  buy $ 19,353.62   sel     $42,750.00   [strat=kong_stochastic_sampler] *
      R 2  buy $  7,414.23   sel     $42,750.00   [strat=kong_stochastic_sampler]
      R 3  buy $ 37,959.77   sel     $38,950.00   [strat=kong_stochastic_sampler]
      R 4  buy $ 17,417.81   sel     $38,750.00   [strat=kong_stochastic_sampler]
      R 5  buy $ 36,395.22   sel     $37,500.00   [strat=kong_stochastic_sampler]
      R 6  buy $ 30,633.08   sel     $37,400.00   [strat=kong_stochastic_sampler]
      R 7  buy $  1,587.06   sel     $37,400.00   [strat=kong_stochastic_sampler]
      R 8  buy $  9,364.54   sel     $37,400.00   [strat=kong_stochastic_sampler]
      R 9  buy $ 25,253.03   sel     $37,400.00   [strat=kong_stochastic_sampler]
      R10  buy $ 33,137.78   sel     $36,700.00   [strat=kong_stochastic_sampler]
      R11  buy $ 28,676.32   sel     $36,500.00   [strat=kong_stochastic_sampler]
      R12  buy $  2,496.00   sel     $36,500.00   [strat=kong_stochastic_sampler]
      R13  buy $ 20,670.89   sel     $36,500.00   [strat=kong_stochastic_sampler]
      R14  buy $ 28,333.49   sel     $36,200.00   [strat=kong_stochastic_sampler]
      R15  buy $ 24,100.16   sel     $36,200.00   [strat=kong_stochastic_sampler]
      R16  buy $ 21,718.00   sel     $36,200.00   [strat=kong_stochastic_sampler]
   run 30 done in 3.7 min

   ---> checkpoint: car 5/5 done in 225.5 min; total so far 1153.6 min; saved 150 runs to exp07_fixed_kong_stochastic_sampler.json

=== FINISH exp07_fixed_kong_stochastic_sampler in 19.23 h (150 runs, 2400 calls planned) -> results\exp07_fixed_kong_stochastic_sampler.json ===
