=== START exp09_fixed_mangla_mirroring_responder ===
    schedule    : fixed__mangla_mirroring_responder
    adaptive    : False  (switches=[])
    unique strat: ['mangla_mirroring_responder']
    n_rounds    : 16
    n_cars      : 5
    runs/car    : 30
    total runs  : 150
    total calls : 2400  (~12.0 h @ 200 calls/h)
    model       : deepseek-reasoner
    base_url    : https://api.deepseek.com
    base_seed   : 20260420
    output      : results\exp09_fixed_mangla_mirroring_responder.json

--- CAR 1/5: 2014 Mercedes-Benz S550  (M=$96,000.00  cost=$19,000.00  cost/M=19.79%) ---

   run 1/30 on 2014 Mercedes-Benz S550  seed=21160420
      R 1  buy $ 34,067.97   sel     $44,995.00   [strat=mangla_mirroring_responder] *
      R 2  buy $ 34,662.35   sel     $44,495.00   [strat=mangla_mirroring_responder]
      R 3  buy $  4,486.38   sel     $44,495.00   [strat=mangla_mirroring_responder]
      R 4  buy $ 26,914.14   sel     $43,500.00   [strat=mangla_mirroring_responder]
      R 5  buy $ 39,769.71   sel     $42,000.00   [strat=mangla_mirroring_responder]
      R 6  buy $ 12,442.49   sel     $42,000.00   [strat=mangla_mirroring_responder]
      R 7  buy $ 39,174.15   sel     $40,500.00   [strat=mangla_mirroring_responder]
      R 8  buy $ 19,800.74   sel     $40,500.00   [strat=mangla_mirroring_responder]
      R 9  buy $ 39,379.55   sel     $39,900.00   [strat=mangla_mirroring_responder]
      R10  buy $  7,840.78   sel     $39,900.00   [strat=mangla_mirroring_responder]
      R11  buy $ 13,557.97   sel     $39,900.00   [strat=mangla_mirroring_responder]
      R12  buy $ 23,745.46   sel     $38,000.00   [strat=mangla_mirroring_responder]
      R13  buy $ 11,852.07   sel     $38,000.00   [strat=mangla_mirroring_responder]
      R14  buy $ 23,977.21   sel     $36,000.00   [strat=mangla_mirroring_responder]
    !! API error (attempt 1/4): InternalServerError: <!DOCTYPE HTML PUBLIC "-//W3C//DTD HTML 4.01 Transitional//EN" "http://www.w3.org/TR/html4/loose.dtd">
<HTML><HEAD><META HTTP-EQUIV="Content-Type" CONTENT="text/html; charset=UTF-8">
<TITLE>ERROR: The request could not be satisfied</TITLE>
</HEAD><BODY>
<H1>504 Gateway Timeout ERROR</H1>
<H2>The request could not be satisfied.</H2>
<HR noshade size="1px">
We can't connect to the server for this app or website at this time. There might be too much traffic or a configuration error. Try again later, or contact the app or website owner.
<BR clear="all">
If you provide content to customers through CloudFront, you can find steps to troubleshoot and help prevent this error by reviewing the CloudFront documentation.
<BR clear="all">
<HR noshade size="1px">
<PRE>
Generated by cloudfront (CloudFront) HTTP3 Server
Request ID: 3zFdcbfzPzFo5u0hjdrnRKvgCiJHDKaNALTguyJ4xQyLgSasL4u66w&#x3D;&#x3D;
</PRE>
<ADDRESS>
</ADDRESS>
</BODY></HTML>  -- sleeping 8s
    !! API error (attempt 2/4): InternalServerError: <!DOCTYPE HTML PUBLIC "-//W3C//DTD HTML 4.01 Transitional//EN" "http://www.w3.org/TR/html4/loose.dtd">
<HTML><HEAD><META HTTP-EQUIV="Content-Type" CONTENT="text/html; charset=UTF-8">
<TITLE>ERROR: The request could not be satisfied</TITLE>
</HEAD><BODY>
<H1>504 Gateway Timeout ERROR</H1>
<H2>The request could not be satisfied.</H2>
<HR noshade size="1px">
We can't connect to the server for this app or website at this time. There might be too much traffic or a configuration error. Try again later, or contact the app or website owner.
<BR clear="all">
If you provide content to customers through CloudFront, you can find steps to troubleshoot and help prevent this error by reviewing the CloudFront documentation.
<BR clear="all">
<HR noshade size="1px">
<PRE>
Generated by cloudfront (CloudFront) HTTP3 Server
Request ID: mQLQiikOXx2gFDAyZZ7CSzs6cezA5tqEJeUJ_zVxj_hG6TtzVyxXLQ&#x3D;&#x3D;
</PRE>
<ADDRESS>
</ADDRESS>
</BODY></HTML>  -- sleeping 16s
      R15  buy $ 14,799.30   sel     $37,000.00   [strat=mangla_mirroring_responder]
      R16  buy $ 12,062.99   sel     $37,000.00   [strat=mangla_mirroring_responder]
   run 1 done in 34.6 min

   run 2/30 on 2014 Mercedes-Benz S550  seed=21160421
      R 1  buy $ 29,317.84   sel     $34,000.00   [strat=mangla_mirroring_responder] *
      R 2  buy $ 11,992.20   sel     $34,000.00   [strat=mangla_mirroring_responder]
      R 3  buy $  4,813.85   sel     $34,000.00   [strat=mangla_mirroring_responder]
      R 4  buy $ 19,651.41   sel     $30,500.00   [strat=mangla_mirroring_responder]
      R 5  buy $ 13,712.87   sel     $31,000.00   [strat=mangla_mirroring_responder]
      R 6  buy $ 15,732.79   sel     $30,250.00   [strat=mangla_mirroring_responder]
      R 7  buy $ 25,351.40   sel     $28,750.00   [strat=mangla_mirroring_responder]
      R 8  buy $ 10,509.81   sel     $29,000.00   [strat=mangla_mirroring_responder]
      R 9  buy $    464.77   sel     $29,000.00   [strat=mangla_mirroring_responder]
      R10  buy $ 26,001.22   sel     $28,000.00   [strat=mangla_mirroring_responder]
      R11  buy $  1,192.20   sel     $28,500.00   [strat=mangla_mirroring_responder]
      R12  buy $ 18,657.42   sel     $26,000.00   [strat=mangla_mirroring_responder]
      R13  buy $    806.17   sel     $26,500.00   [strat=mangla_mirroring_responder]
      R14  buy $  4,966.10   sel     $27,000.00   [strat=mangla_mirroring_responder]
      R15  buy $ 24,107.73   sel     $25,750.00   [strat=mangla_mirroring_responder]
      R16  buy $    899.45   sel     $26,250.00   [strat=mangla_mirroring_responder]
   run 2 done in 8.6 min

   run 3/30 on 2014 Mercedes-Benz S550  seed=21160422
      R 1  buy $ 85,965.97   sel     $94,500.00   [strat=mangla_mirroring_responder] *
      R 2  buy $ 38,163.97   sel     $94,000.00   [strat=mangla_mirroring_responder]
      R 3  buy $ 82,632.82   sel     $93,500.00   [strat=mangla_mirroring_responder]
      R 4  buy $ 76,162.04   sel     $93,000.00   [strat=mangla_mirroring_responder]
      R 5  buy $ 65,424.79   sel     $92,500.00   [strat=mangla_mirroring_responder]
      R 6  buy $  5,558.67   sel     $92,400.00   [strat=mangla_mirroring_responder]
      R 7  buy $ 12,423.43   sel     $92,300.00   [strat=mangla_mirroring_responder]
      R 8  buy $ 84,646.17   sel     $91,500.00   [strat=mangla_mirroring_responder]
      R 9  buy $ 44,911.37   sel     $91,400.00   [strat=mangla_mirroring_responder]
      R10  buy $  5,325.71   sel     $91,300.00   [strat=mangla_mirroring_responder]
      R11  buy $ 53,366.12   sel     $90,000.00   [strat=mangla_mirroring_responder]
      R12  buy $ 74,131.76   sel     $89,000.00   [strat=mangla_mirroring_responder]
      R13  buy $ 69,141.73   sel     $88,500.00   [strat=mangla_mirroring_responder]
      R14  buy $ 45,738.74   sel     $88,000.00   [strat=mangla_mirroring_responder]
      R15  buy $ 77,292.16   sel     $85,000.00   [strat=mangla_mirroring_responder]
      R16  buy $ 63,993.52   sel     $84,000.00   [strat=mangla_mirroring_responder]
   run 3 done in 6.5 min

   run 4/30 on 2014 Mercedes-Benz S550  seed=21160423
      R 1  buy $ 72,913.89   sel     $89,995.00   [strat=mangla_mirroring_responder] *
      R 2  buy $  1,771.34   sel     $89,995.00   [strat=mangla_mirroring_responder]
      R 3  buy $ 57,878.91   sel     $84,995.00   [strat=mangla_mirroring_responder]
      R 4  buy $    713.07   sel     $89,995.00   [strat=mangla_mirroring_responder]
      R 5  buy $ 61,043.07   sel     $86,995.00   [strat=mangla_mirroring_responder]
      R 6  buy $ 59,857.36   sel     $87,995.00   [strat=mangla_mirroring_responder]
      R 7  buy $ 32,543.60   sel     $89,995.00   [strat=mangla_mirroring_responder]
      R 8  buy $ 67,531.00   sel     $87,500.00   [strat=mangla_mirroring_responder]
      R 9  buy $ 19,127.06   sel     $89,995.00   [strat=mangla_mirroring_responder]
      R10  buy $ 73,343.58   sel     $86,500.00   [strat=mangla_mirroring_responder]
      R11  buy $ 30,997.39   sel     $89,995.00   [strat=mangla_mirroring_responder]
      R12  buy $ 82,845.66   sel     $85,000.00   [strat=mangla_mirroring_responder]
      R13  buy $  6,385.26   sel     $89,995.00   [strat=mangla_mirroring_responder]
      R14  buy $ 31,756.26   sel     $89,995.00   [strat=mangla_mirroring_responder]
      R15  buy $ 88,965.62   sel     $89,000.00   [strat=mangla_mirroring_responder]
      R16  buy $ 53,661.25   sel     $89,995.00   [strat=mangla_mirroring_responder]
   run 4 done in 7.6 min

   run 5/30 on 2014 Mercedes-Benz S550  seed=21160424
      R 1  buy $ 36,045.82   sel     $45,000.00   [strat=mangla_mirroring_responder] *
      R 2  buy $ 35,843.82   sel     $44,900.00   [strat=mangla_mirroring_responder]
      R 3  buy $  9,075.25   sel     $44,800.00   [strat=mangla_mirroring_responder]
      R 4  buy $  4,363.33   sel     $44,750.00   [strat=mangla_mirroring_responder]
      R 5  buy $ 21,970.51   sel     $43,000.00   [strat=mangla_mirroring_responder]
      R 6  buy $ 33,509.18   sel     $42,000.00   [strat=mangla_mirroring_responder]
      R 7  buy $ 10,511.39   sel     $41,950.00   [strat=mangla_mirroring_responder]
      R 8  buy $ 26,957.80   sel     $41,000.00   [strat=mangla_mirroring_responder]
      R 9  buy $  4,997.57   sel     $40,950.00   [strat=mangla_mirroring_responder]
      R10  buy $ 18,767.63   sel     $40,900.00   [strat=mangla_mirroring_responder]
      R11  buy $  3,351.22   sel     $40,850.00   [strat=mangla_mirroring_responder]
      R12  buy $ 28,871.12   sel     $39,000.00   [strat=mangla_mirroring_responder]
      R13  buy $ 25,115.68   sel     $39,000.00   [strat=mangla_mirroring_responder]
      R14  buy $ 19,101.21   sel     $39,000.00   [strat=mangla_mirroring_responder]
      R15  buy $ 10,194.14   sel     $38,900.00   [strat=mangla_mirroring_responder]
      R16  buy $    885.75   sel     $38,850.00   [strat=mangla_mirroring_responder]
   run 5 done in 9.8 min

   run 6/30 on 2014 Mercedes-Benz S550  seed=21160425
      R 1  buy $ 26,983.02   sel     $30,500.00   [strat=mangla_mirroring_responder] *
      R 2  buy $ 28,883.02   sel     $29,900.00   [strat=mangla_mirroring_responder]
      R 3  buy $ 15,031.01   sel     $30,000.00   [strat=mangla_mirroring_responder]
      R 4  buy $  8,653.86   sel     $30,500.00   [strat=mangla_mirroring_responder]
      R 5  buy $  8,900.11   sel     $30,400.00   [strat=mangla_mirroring_responder]
      R 6  buy $  2,283.61   sel     $30,750.00   [strat=mangla_mirroring_responder]
      R 7  buy $ 14,134.44   sel     $30,250.00   [strat=mangla_mirroring_responder]
      R 8  buy $ 21,454.70   sel     $28,500.00   [strat=mangla_mirroring_responder]
      R 9  buy $ 15,354.55   sel     $29,000.00   [strat=mangla_mirroring_responder]
      R10  buy $  3,560.91   sel     $29,500.00   [strat=mangla_mirroring_responder]
      R11  buy $ 28,575.64   sel     $29,000.00   [strat=mangla_mirroring_responder]
      R12  buy $ 26,984.15   sel     $29,500.00   [strat=mangla_mirroring_responder]
      R13  buy $ 24,987.89   sel     $29,750.00   [strat=mangla_mirroring_responder]
      R14  buy $ 19,047.73   sel     $30,000.00   [strat=mangla_mirroring_responder]
      R15  buy $ 23,514.36   sel     $28,000.00   [strat=mangla_mirroring_responder]
      R16  buy $ 14,771.34   sel     $28,500.00   [strat=mangla_mirroring_responder]
   run 6 done in 11.4 min

   run 7/30 on 2014 Mercedes-Benz S550  seed=21160426
      R 1  buy $ 86,329.52   sel     $94,000.00   [strat=mangla_mirroring_responder] *
      R 2  buy $ 21,959.45   sel     $94,000.00   [strat=mangla_mirroring_responder]
      R 3  buy $ 67,471.12   sel     $89,000.00   [strat=mangla_mirroring_responder]
      R 4  buy $ 47,606.73   sel     $89,000.00   [strat=mangla_mirroring_responder]
      R 5  buy $ 48,795.03   sel     $89,000.00   [strat=mangla_mirroring_responder]
      R 6  buy $ 23,589.60   sel     $89,000.00   [strat=mangla_mirroring_responder]
      R 7  buy $  8,152.05   sel     $89,000.00   [strat=mangla_mirroring_responder]
      R 8  buy $ 57,470.08   sel     $84,500.00   [strat=mangla_mirroring_responder]
      R 9  buy $ 50,582.25   sel     $84,500.00   [strat=mangla_mirroring_responder]
      R10  buy $  1,344.56   sel     $84,500.00   [strat=mangla_mirroring_responder]
      R11  buy $ 80,767.38   sel     $83,000.00   [strat=mangla_mirroring_responder]
      R12  buy $ 64,189.45   sel     $82,500.00   [strat=mangla_mirroring_responder]
      R13  buy $ 39,132.55   sel     $82,500.00   [strat=mangla_mirroring_responder]
      R14  buy $ 35,076.68   sel     $82,500.00   [strat=mangla_mirroring_responder]
      R15  buy $ 44,389.68   sel     $81,500.00   [strat=mangla_mirroring_responder]
      R16  buy $ 72,271.05   sel     $80,000.00   [strat=mangla_mirroring_responder]
   run 7 done in 8.6 min

   run 8/30 on 2014 Mercedes-Benz S550  seed=21160427
      R 1  buy $ 78,377.98   sel     $92,500.00   [strat=mangla_mirroring_responder] *
      R 2  buy $ 20,308.74   sel     $92,000.00   [strat=mangla_mirroring_responder]
      R 3  buy $ 32,407.15   sel     $90,500.00   [strat=mangla_mirroring_responder]
      R 4  buy $ 83,930.51   sel     $89,000.00   [strat=mangla_mirroring_responder]
      R 5  buy $ 49,004.31   sel     $88,500.00   [strat=mangla_mirroring_responder]
      R 6  buy $ 15,531.86   sel     $88,500.00   [strat=mangla_mirroring_responder]
      R 7  buy $ 43,781.90   sel     $88,000.00   [strat=mangla_mirroring_responder]
      R 8  buy $ 10,074.15   sel     $88,000.00   [strat=mangla_mirroring_responder]
      R 9  buy $  3,509.52   sel     $88,000.00   [strat=mangla_mirroring_responder]
      R10  buy $ 13,133.07   sel     $88,000.00   [strat=mangla_mirroring_responder]
      R11  buy $ 25,647.51   sel     $87,500.00   [strat=mangla_mirroring_responder]
      R12  buy $ 22,983.75   sel     $87,500.00   [strat=mangla_mirroring_responder]
      R13  buy $ 15,778.87   sel     $87,500.00   [strat=mangla_mirroring_responder]
      R14  buy $ 15,057.32   sel     $87,500.00   [strat=mangla_mirroring_responder]
      R15  buy $ 43,167.34   sel     $85,000.00   [strat=mangla_mirroring_responder]
      R16  buy $  3,169.11   sel     $85,000.00   [strat=mangla_mirroring_responder]
   run 8 done in 9.5 min

   run 9/30 on 2014 Mercedes-Benz S550  seed=21160428
      R 1  buy $ 21,073.14   sel     $24,500.00   [strat=mangla_mirroring_responder] *
      R 2  buy $ 21,713.02   sel     $24,400.00   [strat=mangla_mirroring_responder]
      R 3  buy $ 18,305.29   sel     $24,450.00   [strat=mangla_mirroring_responder]
      R 4  buy $ 13,233.08   sel     $24,600.00   [strat=mangla_mirroring_responder]
      R 5  buy $  9,639.05   sel     $24,700.00   [strat=mangla_mirroring_responder]
      R 6  buy $  1,753.32   sel     $24,800.00   [strat=mangla_mirroring_responder]
      R 7  buy $ 11,599.43   sel     $24,000.00   [strat=mangla_mirroring_responder]
      R 8  buy $ 18,226.55   sel     $22,500.00   [strat=mangla_mirroring_responder]
      R 9  buy $ 13,323.33   sel     $22,600.00   [strat=mangla_mirroring_responder]
      R10  buy $ 19,674.14   sel     $22,100.00   [strat=mangla_mirroring_responder]
      R11  buy $    660.43   sel     $22,200.00   [strat=mangla_mirroring_responder]
      R12  buy $  7,025.12   sel     $21,800.00   [strat=mangla_mirroring_responder]
      R13  buy $ 14,075.58   sel     $21,200.00   [strat=mangla_mirroring_responder]
      R14  buy $ 15,259.60   sel     $20,700.00   [strat=mangla_mirroring_responder]
      R15  buy $  6,492.37   sel     $20,800.00   [strat=mangla_mirroring_responder]
      R16  buy $ 13,862.42   sel     $20,200.00   [strat=mangla_mirroring_responder]
   run 9 done in 11.9 min

   run 10/30 on 2014 Mercedes-Benz S550  seed=21160429
      R 1  buy $ 68,399.99   sel     $74,999.99   [strat=mangla_mirroring_responder] *
      R 2  buy $ 48,846.78   sel     $75,000.00   [strat=mangla_mirroring_responder]
      R 3  buy $ 49,207.65   sel     $74,750.00   [strat=mangla_mirroring_responder]
      R 4  buy $ 58,848.45   sel     $73,500.00   [strat=mangla_mirroring_responder]
      R 5  buy $ 29,651.33   sel     $73,750.00   [strat=mangla_mirroring_responder]
      R 6  buy $ 34,738.40   sel     $73,000.00   [strat=mangla_mirroring_responder]
      R 7  buy $ 49,812.78   sel     $71,000.00   [strat=mangla_mirroring_responder]
      R 8  buy $ 58,699.55   sel     $68,000.00   [strat=mangla_mirroring_responder]
      R 9  buy $ 10,149.92   sel     $68,000.00   [strat=mangla_mirroring_responder]
      R10  buy $ 23,081.60   sel     $66,000.00   [strat=mangla_mirroring_responder]
      R11  buy $ 39,401.17   sel     $63,500.00   [strat=mangla_mirroring_responder]
      R12  buy $ 61,880.06   sel     $62,500.00   [strat=mangla_mirroring_responder]
      R13  buy $    409.13   sel     $63,000.00   [strat=mangla_mirroring_responder]
      R14  buy $ 43,775.69   sel     $63,500.00   [strat=mangla_mirroring_responder]
      R15  buy $ 30,372.16   sel     $64,000.00   [strat=mangla_mirroring_responder]
      R16  buy $ 26,361.90   sel     $64,500.00   [strat=mangla_mirroring_responder]
   run 10 done in 8.7 min

   run 11/30 on 2014 Mercedes-Benz S550  seed=21160430
      R 1  buy $ 71,675.05   sel     $85,000.00   [strat=mangla_mirroring_responder] *
      R 2  buy $ 67,332.88   sel     $84,500.00   [strat=mangla_mirroring_responder]
      R 3  buy $ 17,540.26   sel     $85,000.00   [strat=mangla_mirroring_responder]
      R 4  buy $ 17,190.67   sel     $85,000.00   [strat=mangla_mirroring_responder]
      R 5  buy $ 66,680.99   sel     $82,000.00   [strat=mangla_mirroring_responder]
      R 6  buy $ 23,480.06   sel     $85,000.00   [strat=mangla_mirroring_responder]
      R 7  buy $ 51,957.51   sel     $79,500.00   [strat=mangla_mirroring_responder]
      R 8  buy $ 54,116.35   sel     $78,000.00   [strat=mangla_mirroring_responder]
      R 9  buy $ 34,085.40   sel     $85,000.00   [strat=mangla_mirroring_responder]
      R10  buy $ 52,496.24   sel     $78,000.00   [strat=mangla_mirroring_responder]
      R11  buy $ 43,505.72   sel     $79,000.00   [strat=mangla_mirroring_responder]
      R12  buy $ 17,834.50   sel     $84,500.00   [strat=mangla_mirroring_responder]
      R13  buy $ 37,420.78   sel     $82,000.00   [strat=mangla_mirroring_responder]
      R14  buy $ 29,404.68   sel     $83,000.00   [strat=mangla_mirroring_responder]
      R15  buy $    150.46   sel     $85,000.00   [strat=mangla_mirroring_responder]
      R16  buy $ 26,686.52   sel     $83,500.00   [strat=mangla_mirroring_responder]
   run 11 done in 9.8 min

   run 12/30 on 2014 Mercedes-Benz S550  seed=21160431
      R 1  buy $  1,459.92   sel     $34,500.00   [strat=mangla_mirroring_responder] *
      R 2  buy $ 23,530.83   sel     $32,000.00   [strat=mangla_mirroring_responder]
      R 3  buy $ 23,399.05   sel     $32,500.00   [strat=mangla_mirroring_responder]
      R 4  buy $ 12,712.28   sel     $33,000.00   [strat=mangla_mirroring_responder]
      R 5  buy $  4,237.43   sel     $33,500.00   [strat=mangla_mirroring_responder]
      R 6  buy $ 18,814.99   sel     $32,000.00   [strat=mangla_mirroring_responder]
      R 7  buy $  2,347.65   sel     $32,500.00   [strat=mangla_mirroring_responder]
      R 8  buy $ 19,176.19   sel     $30,000.00   [strat=mangla_mirroring_responder]
      R 9  buy $  6,095.05   sel     $31,500.00   [strat=mangla_mirroring_responder]
      R10  buy $ 31,439.67   sel     $31,000.00   [strat=mangla_mirroring_responder]
      R11  buy $ 23,132.07   sel     $31,500.00   [strat=mangla_mirroring_responder]
      R12  buy $ 26,781.16   sel     $30,500.00   [strat=mangla_mirroring_responder]
      R13  buy $    421.00   sel     $32,500.00   [strat=mangla_mirroring_responder]
      R14  buy $ 27,930.05   sel     $29,500.00   [strat=mangla_mirroring_responder]
      R15  buy $  1,953.02   sel     $31,000.00   [strat=mangla_mirroring_responder]
      R16  buy $ 24,030.33   sel     $30,000.00   [strat=mangla_mirroring_responder]
   run 12 done in 9.9 min

   run 13/30 on 2014 Mercedes-Benz S550  seed=21160432
      R 1  buy $ 12,672.28   sel     $22,995.00   [strat=mangla_mirroring_responder] *
      R 2  buy $ 20,183.48   sel     $21,500.00   [strat=mangla_mirroring_responder]
      R 3  buy $ 11,189.01   sel     $21,500.00   [strat=mangla_mirroring_responder]
      R 4  buy $ 11,761.26   sel     $21,500.00   [strat=mangla_mirroring_responder]
      R 5  buy $ 12,978.61   sel     $21,200.00   [strat=mangla_mirroring_responder]
      R 6  buy $ 12,884.01   sel     $21,200.00   [strat=mangla_mirroring_responder]
      R 7  buy $  6,812.04   sel     $21,200.00   [strat=mangla_mirroring_responder]
      R 8  buy $  7,795.30   sel     $21,200.00   [strat=mangla_mirroring_responder]
      R 9  buy $ 16,085.97   sel     $20,500.00   [strat=mangla_mirroring_responder]
      R10  buy $ 13,944.65   sel     $20,500.00   [strat=mangla_mirroring_responder]
      R11  buy $ 18,661.79   sel     $19,900.00   [strat=mangla_mirroring_responder]
      R12  buy $  5,097.79   sel     $19,900.00   [strat=mangla_mirroring_responder]
      R13  buy $ 19,226.91   sel     $19,500.00   [strat=mangla_mirroring_responder]
      R14  buy $  7,766.15   sel     $19,500.00   [strat=mangla_mirroring_responder]
      R15  buy $  7,271.15   sel     $19,500.00   [strat=mangla_mirroring_responder]
      R16  buy $  8,941.72   sel     $19,300.00   [strat=mangla_mirroring_responder]
   run 13 done in 6.1 min

   run 14/30 on 2014 Mercedes-Benz S550  seed=21160433
      R 1  buy $ 58,610.47   sel     $89,500.00   [strat=mangla_mirroring_responder] *
      R 2  buy $ 15,386.14   sel     $89,000.00   [strat=mangla_mirroring_responder]
      R 3  buy $ 84,545.03   sel     $87,500.00   [strat=mangla_mirroring_responder]
      R 4  buy $ 23,835.27   sel     $87,000.00   [strat=mangla_mirroring_responder]
      R 5  buy $ 22,663.12   sel     $87,000.00   [strat=mangla_mirroring_responder]
      R 6  buy $ 85,591.11   sel     $86,500.00   [strat=mangla_mirroring_responder]
      R 7  buy $ 21,359.16   sel     $87,000.00   [strat=mangla_mirroring_responder]
      R 8  buy $ 28,251.16   sel     $86,500.00   [strat=mangla_mirroring_responder]
      R 9  buy $  4,843.85   sel     $87,500.00   [strat=mangla_mirroring_responder]
      R10  buy $ 61,748.23   sel     $82,000.00   [strat=mangla_mirroring_responder]
      R11  buy $  8,423.31   sel     $82,500.00   [strat=mangla_mirroring_responder]
      R12  buy $ 59,364.47   sel     $80,000.00   [strat=mangla_mirroring_responder]
      R13  buy $ 37,381.88   sel     $82,500.00   [strat=mangla_mirroring_responder]
      R14  buy $ 68,828.06   sel     $79,500.00   [strat=mangla_mirroring_responder]
      R15  buy $ 10,730.93   sel     $80,000.00   [strat=mangla_mirroring_responder]
      R16  buy $ 20,332.95   sel     $79,000.00   [strat=mangla_mirroring_responder]
   run 14 done in 11.0 min

   run 15/30 on 2014 Mercedes-Benz S550  seed=21160434
      R 1  buy $ 15,186.48   sel     $23,500.00   [strat=mangla_mirroring_responder] *
      R 2  buy $ 17,825.11   sel     $22,100.00   [strat=mangla_mirroring_responder]
      R 3  buy $ 16,258.84   sel     $22,100.00   [strat=mangla_mirroring_responder]
      R 4  buy $    995.86   sel     $22,100.00   [strat=mangla_mirroring_responder]
      R 5  buy $ 19,281.38   sel     $21,100.00   [strat=mangla_mirroring_responder]
      R 6  buy $ 14,125.19   sel     $22,100.00   [strat=mangla_mirroring_responder]
      R 7  buy $ 15,068.13   sel     $21,500.00   [strat=mangla_mirroring_responder]
      R 8  buy $  2,379.99   sel     $21,500.00   [strat=mangla_mirroring_responder]
      R 9  buy $ 16,117.96   sel     $20,900.00   [strat=mangla_mirroring_responder]
      R10  buy $  2,823.33   sel     $20,900.00   [strat=mangla_mirroring_responder]
      R11  buy $  5,401.91   sel     $20,900.00   [strat=mangla_mirroring_responder]
      R12  buy $    104.30   sel     $20,900.00   [strat=mangla_mirroring_responder]
      R13  buy $ 10,175.86   sel     $20,900.00   [strat=mangla_mirroring_responder]
      R14  buy $ 17,917.83   sel     $20,500.00   [strat=mangla_mirroring_responder]
      R15  buy $    251.83   sel     $20,500.00   [strat=mangla_mirroring_responder]
      R16  buy $  3,758.05   sel     $20,500.00   [strat=mangla_mirroring_responder]
   run 15 done in 7.9 min

   run 16/30 on 2014 Mercedes-Benz S550  seed=21160435
      R 1  buy $ 15,700.41   sel     $19,995.00   [strat=mangla_mirroring_responder] *
      R 2  buy $  4,787.74   sel     $19,995.00   [strat=mangla_mirroring_responder]
      R 3  buy $ 10,256.63   sel     $18,500.00   [strat=mangla_mirroring_responder]
      R 4  buy $ 11,768.02   sel     $17,900.00   [strat=mangla_mirroring_responder]
      R 5  buy $ 10,614.06   sel     $17,900.00   [strat=mangla_mirroring_responder]
      R 6  buy $  5,078.36   sel     $17,900.00   [strat=mangla_mirroring_responder]
      R 7  buy $ 11,551.02   sel     $17,500.00   [strat=mangla_mirroring_responder]
      R 8  buy $ 15,657.48   sel     $17,000.00   [strat=mangla_mirroring_responder]
      R 9  buy $  5,793.62   sel     $17,500.00   [strat=mangla_mirroring_responder]
      R10  buy $ 11,738.52   sel     $17,500.00   [strat=mangla_mirroring_responder]
      R11  buy $  7,435.30   sel     $17,450.00   [strat=mangla_mirroring_responder]
      R12  buy $ 11,750.17   sel     $17,200.00   [strat=mangla_mirroring_responder]
      R13  buy $ 13,046.64   sel     PARSE-FAIL   [strat=mangla_mirroring_responder]
      R14  buy $ 12,933.20   sel     $17,300.00   [strat=mangla_mirroring_responder]
      R15  buy $  6,997.21   sel     $17,500.00   [strat=mangla_mirroring_responder]
      R16  buy $    535.43   sel     $17,600.00   [strat=mangla_mirroring_responder]
   run 16 done in 15.6 min

   run 17/30 on 2014 Mercedes-Benz S550  seed=21160436
      R 1  buy $ 69,884.65   sel     $86,000.00   [strat=mangla_mirroring_responder] *
      R 2  buy $ 59,150.78   sel     $87,000.00   [strat=mangla_mirroring_responder]
      R 3  buy $ 27,501.66   sel     $88,000.00   [strat=mangla_mirroring_responder]
      R 4  buy $ 84,422.65   sel     $86,000.00   [strat=mangla_mirroring_responder]
      R 5  buy $ 10,794.11   sel     $86,000.00   [strat=mangla_mirroring_responder]
      R 6  buy $ 78,150.22   sel     $86,500.00   [strat=mangla_mirroring_responder]
      R 7  buy $ 12,714.78   sel     $87,000.00   [strat=mangla_mirroring_responder]
      R 8  buy $ 47,826.97   sel     $87,500.00   [strat=mangla_mirroring_responder]
      R 9  buy $ 30,786.59   sel     $88,000.00   [strat=mangla_mirroring_responder]
      R10  buy $ 12,240.16   sel     $88,000.00   [strat=mangla_mirroring_responder]
      R11  buy $ 65,912.30   sel     $82,500.00   [strat=mangla_mirroring_responder]
      R12  buy $ 33,688.49   sel     $83,000.00   [strat=mangla_mirroring_responder]
      R13  buy $ 50,813.92   sel     $78,000.00   [strat=mangla_mirroring_responder]
      R14  buy $ 36,979.96   sel     $78,500.00   [strat=mangla_mirroring_responder]
      R15  buy $ 15,396.96   sel     $79,000.00   [strat=mangla_mirroring_responder]
      R16  buy $ 17,802.88   sel     $78,500.00   [strat=mangla_mirroring_responder]
   run 17 done in 8.2 min

   run 18/30 on 2014 Mercedes-Benz S550  seed=21160437
      R 1  buy $ 10,032.68   sel     $28,000.00   [strat=mangla_mirroring_responder] *
      R 2  buy $  7,513.27   sel     $28,000.00   [strat=mangla_mirroring_responder]
      R 3  buy $  2,620.04   sel     $28,000.00   [strat=mangla_mirroring_responder]
      R 4  buy $ 21,064.55   sel     $26,500.00   [strat=mangla_mirroring_responder]
      R 5  buy $ 22,249.71   sel     $25,900.00   [strat=mangla_mirroring_responder]
      R 6  buy $  5,556.34   sel     $28,000.00   [strat=mangla_mirroring_responder]
      R 7  buy $  5,715.78   sel     $28,000.00   [strat=mangla_mirroring_responder]
      R 8  buy $ 15,885.44   sel     $25,500.00   [strat=mangla_mirroring_responder]
      R 9  buy $    982.69   sel     $28,000.00   [strat=mangla_mirroring_responder]
      R10  buy $    113.46   sel     $28,000.00   [strat=mangla_mirroring_responder]
      R11  buy $ 18,388.83   sel     $25,000.00   [strat=mangla_mirroring_responder]
      R12  buy $ 17,886.61   sel     $24,900.00   [strat=mangla_mirroring_responder]
      R13  buy $ 17,487.92   sel     $24,900.00   [strat=mangla_mirroring_responder]
      R14  buy $  1,072.21   sel     $28,000.00   [strat=mangla_mirroring_responder]
      R15  buy $  4,406.33   sel     $28,000.00   [strat=mangla_mirroring_responder]
      R16  buy $ 25,914.35   sel     $25,800.00   [strat=mangla_mirroring_responder]
   run 18 done in 7.6 min

   run 19/30 on 2014 Mercedes-Benz S550  seed=21160438
      R 1  buy $ 23,189.25   sel     $25,500.00   [strat=mangla_mirroring_responder] *
      R 2  buy $  2,515.63   sel     $25,250.00   [strat=mangla_mirroring_responder]
      R 3  buy $ 18,620.55   sel     $24,500.00   [strat=mangla_mirroring_responder]
      R 4  buy $ 15,065.07   sel     $24,750.00   [strat=mangla_mirroring_responder]
      R 5  buy $ 22,074.92   sel     $24,000.00   [strat=mangla_mirroring_responder]
      R 6  buy $  6,584.56   sel     $24,000.00   [strat=mangla_mirroring_responder]
      R 7  buy $ 18,078.57   sel     $22,500.00   [strat=mangla_mirroring_responder]
      R 8  buy $ 19,915.05   sel     $21,500.00   [strat=mangla_mirroring_responder]
      R 9  buy $ 16,500.61   sel     $21,500.00   [strat=mangla_mirroring_responder]
      R10  buy $ 13,844.62   sel     $21,750.00   [strat=mangla_mirroring_responder]
      R11  buy $ 14,517.79   sel     $21,500.00   [strat=mangla_mirroring_responder]
      R12  buy $  6,611.57   sel     $21,750.00   [strat=mangla_mirroring_responder]
      R13  buy $  5,188.74   sel     $21,950.00   [strat=mangla_mirroring_responder]
      R14  buy $ 16,119.81   sel     $20,500.00   [strat=mangla_mirroring_responder]
      R15  buy $ 20,356.15   sel     $20,400.00   [strat=mangla_mirroring_responder]
      R16  buy $    505.32   sel     $20,600.00   [strat=mangla_mirroring_responder]
   run 19 done in 11.3 min

   run 20/30 on 2014 Mercedes-Benz S550  seed=21160439
      R 1  buy $ 87,378.38   sel     $94,500.00   [strat=mangla_mirroring_responder] *
      R 2  buy $ 49,387.88   sel     $94,000.00   [strat=mangla_mirroring_responder]
      R 3  buy $ 68,454.21   sel     $92,500.00   [strat=mangla_mirroring_responder]
      R 4  buy $ 50,402.74   sel     $93,000.00   [strat=mangla_mirroring_responder]
      R 5  buy $ 30,319.62   sel     $93,500.00   [strat=mangla_mirroring_responder]
      R 6  buy $ 36,256.16   sel     $93,600.00   [strat=mangla_mirroring_responder]
      R 7  buy $ 92,550.89   sel     $93,000.00   [strat=mangla_mirroring_responder]
      R 8  buy $ 52,341.71   sel     $93,500.00   [strat=mangla_mirroring_responder]
      R 9  buy $ 45,035.44   sel     $93,700.00   [strat=mangla_mirroring_responder]
      R10  buy $ 37,596.56   sel     $93,800.00   [strat=mangla_mirroring_responder]
      R11  buy $ 69,414.74   sel     $93,600.00   [strat=mangla_mirroring_responder]
      R12  buy $ 11,718.09   sel     $93,700.00   [strat=mangla_mirroring_responder]
      R13  buy $ 90,144.24   sel     $93,500.00   [strat=mangla_mirroring_responder]
      R14  buy $ 60,116.92   sel     $93,700.00   [strat=mangla_mirroring_responder]
      R15  buy $ 57,831.84   sel     $93,750.00   [strat=mangla_mirroring_responder]
      R16  buy $ 47,393.37   sel     $93,800.00   [strat=mangla_mirroring_responder]
   run 20 done in 7.6 min

   run 21/30 on 2014 Mercedes-Benz S550  seed=21160440
      R 1  buy $ 91,981.05   sel     $94,500.00   [strat=mangla_mirroring_responder] *
      R 2  buy $ 67,100.18   sel     $94,400.00   [strat=mangla_mirroring_responder]
      R 3  buy $ 35,003.56   sel     $94,300.00   [strat=mangla_mirroring_responder]
      R 4  buy $    534.28   sel     $94,200.00   [strat=mangla_mirroring_responder]
      R 5  buy $ 29,456.42   sel     $93,700.00   [strat=mangla_mirroring_responder]
      R 6  buy $ 69,111.98   sel     $92,500.00   [strat=mangla_mirroring_responder]
      R 7  buy $ 48,093.90   sel     $92,400.00   [strat=mangla_mirroring_responder]
      R 8  buy $ 64,609.86   sel     $91,500.00   [strat=mangla_mirroring_responder]
      R 9  buy $ 47,494.97   sel     $91,400.00   [strat=mangla_mirroring_responder]
      R10  buy $    483.21   sel     $91,500.00   [strat=mangla_mirroring_responder]
      R11  buy $ 15,477.84   sel     $91,600.00   [strat=mangla_mirroring_responder]
      R12  buy $ 77,364.67   sel     $88,000.00   [strat=mangla_mirroring_responder]
      R13  buy $ 86,327.32   sel     $87,000.00   [strat=mangla_mirroring_responder]
      R14  buy $ 22,782.97   sel     $87,100.00   [strat=mangla_mirroring_responder]
      R15  buy $ 36,303.66   sel     $86,600.00   [strat=mangla_mirroring_responder]
      R16  buy $ 13,599.98   sel     $87,000.00   [strat=mangla_mirroring_responder]
   run 21 done in 13.4 min

   run 22/30 on 2014 Mercedes-Benz S550  seed=21160441
      R 1  buy $ 71,762.63   sel     $89,500.00   [strat=mangla_mirroring_responder] *
      R 2  buy $ 25,019.19   sel     $89,500.00   [strat=mangla_mirroring_responder]
      R 3  buy $ 12,373.19   sel     $89,500.00   [strat=mangla_mirroring_responder]
      R 4  buy $ 26,595.55   sel     $88,500.00   [strat=mangla_mirroring_responder]
      R 5  buy $ 77,661.08   sel     $86,500.00   [strat=mangla_mirroring_responder]
      R 6  buy $ 79,364.55   sel     $85,000.00   [strat=mangla_mirroring_responder]
      R 7  buy $ 38,346.32   sel     $86,500.00   [strat=mangla_mirroring_responder]
      R 8  buy $ 69,247.97   sel     $84,000.00   [strat=mangla_mirroring_responder]
      R 9  buy $ 49,005.70   sel     $85,000.00   [strat=mangla_mirroring_responder]
      R10  buy $ 21,288.48   sel     $87,000.00   [strat=mangla_mirroring_responder]
      R11  buy $ 35,480.58   sel     $88,000.00   [strat=mangla_mirroring_responder]
      R12  buy $  5,744.81   sel     $89,000.00   [strat=mangla_mirroring_responder]
      R13  buy $ 82,304.52   sel     $87,000.00   [strat=mangla_mirroring_responder]
      R14  buy $ 60,182.74   sel     $88,000.00   [strat=mangla_mirroring_responder]
      R15  buy $  4,770.94   sel     $90,000.00   [strat=mangla_mirroring_responder]
      R16  buy $ 20,110.43   sel     $89,000.00   [strat=mangla_mirroring_responder]
   run 22 done in 9.0 min

   run 23/30 on 2014 Mercedes-Benz S550  seed=21160442
      R 1  buy $ 15,671.68   sel     $23,500.00   [strat=mangla_mirroring_responder] *
      R 2  buy $     37.57   sel     $23,500.00   [strat=mangla_mirroring_responder]
      R 3  buy $ 19,673.35   sel     $22,000.00   [strat=mangla_mirroring_responder]
      R 4  buy $  7,391.16   sel     $22,000.00   [strat=mangla_mirroring_responder]
      R 5  buy $ 20,956.80   sel     $21,500.00   [strat=mangla_mirroring_responder]
      R 6  buy $ 19,732.12   sel     $21,500.00   [strat=mangla_mirroring_responder]
      R 7  buy $  1,636.15   sel     $21,500.00   [strat=mangla_mirroring_responder]
      R 8  buy $ 19,595.09   sel     $21,400.00   [strat=mangla_mirroring_responder]
      R 9  buy $    331.44   sel     $21,500.00   [strat=mangla_mirroring_responder]
      R10  buy $ 13,402.13   sel     $21,450.00   [strat=mangla_mirroring_responder]
      R11  buy $ 14,576.85   sel     $21,400.00   [strat=mangla_mirroring_responder]
      R12  buy $ 13,602.90   sel     $21,350.00   [strat=mangla_mirroring_responder]
      R13  buy $  4,145.56   sel     $21,500.00   [strat=mangla_mirroring_responder]
      R14  buy $  2,741.03   sel     $21,600.00   [strat=mangla_mirroring_responder]
      R15  buy $ 15,438.40   sel     $21,300.00   [strat=mangla_mirroring_responder]
      R16  buy $ 13,740.70   sel     $21,350.00   [strat=mangla_mirroring_responder]
   run 23 done in 7.6 min

   run 24/30 on 2014 Mercedes-Benz S550  seed=21160443
      R 1  buy $ 70,048.09   sel     $89,500.00   [strat=mangla_mirroring_responder] *
      R 2  buy $ 29,850.16   sel     $88,000.00   [strat=mangla_mirroring_responder]
      R 3  buy $ 32,249.86   sel     $87,950.00   [strat=mangla_mirroring_responder]
      R 4  buy $ 28,942.43   sel     $87,900.00   [strat=mangla_mirroring_responder]
      R 5  buy $ 21,117.77   sel     $87,900.00   [strat=mangla_mirroring_responder]
      R 6  buy $ 60,593.75   sel     $85,000.00   [strat=mangla_mirroring_responder]
      R 7  buy $ 45,514.62   sel     $85,500.00   [strat=mangla_mirroring_responder]
      R 8  buy $ 42,319.23   sel     $86,000.00   [strat=mangla_mirroring_responder]
      R 9  buy $ 13,328.94   sel     $88,500.00   [strat=mangla_mirroring_responder]
      R10  buy $ 58,089.32   sel     $85,000.00   [strat=mangla_mirroring_responder]
      R11  buy $ 39,244.16   sel     $87,000.00   [strat=mangla_mirroring_responder]
      R12  buy $ 84,739.17   sel     $85,500.00   [strat=mangla_mirroring_responder]
      R13  buy $ 84,891.28   sel     $85,400.00   [strat=mangla_mirroring_responder]
      R14  buy $ 49,011.69   sel     $88,500.00   [strat=mangla_mirroring_responder]
      R15  buy $ 26,293.97   sel     $89,000.00   [strat=mangla_mirroring_responder]
      R16  buy $  7,304.60   sel     $90,000.00   [strat=mangla_mirroring_responder]
   run 24 done in 11.9 min

   run 25/30 on 2014 Mercedes-Benz S550  seed=21160444
      R 1  buy $  1,351.54   sel     $28,500.00   [strat=mangla_mirroring_responder] *
      R 2  buy $ 18,464.03   sel     $27,000.00   [strat=mangla_mirroring_responder]
      R 3  buy $  7,836.56   sel     $27,000.00   [strat=mangla_mirroring_responder]
      R 4  buy $    942.79   sel     $27,000.00   [strat=mangla_mirroring_responder]
      R 5  buy $ 15,035.46   sel     $25,500.00   [strat=mangla_mirroring_responder]
      R 6  buy $ 18,110.26   sel     $24,000.00   [strat=mangla_mirroring_responder]
      R 7  buy $  3,998.63   sel     $27,000.00   [strat=mangla_mirroring_responder]
      R 8  buy $ 25,944.48   sel     $26,000.00   [strat=mangla_mirroring_responder]
      R 9  buy $ 25,982.75   sel     $25,990.00   [strat=mangla_mirroring_responder]
      R10  buy $ 11,882.76   sel     $27,000.00   [strat=mangla_mirroring_responder]
      R11  buy $ 26,362.02   sel     $26,500.00   [strat=mangla_mirroring_responder]
      R12  buy $  9,246.28   sel     $27,000.00   [strat=mangla_mirroring_responder]
      R13  buy $ 11,422.13   sel     $27,000.00   [strat=mangla_mirroring_responder]
      R14  buy $  9,520.82   sel     $27,000.00   [strat=mangla_mirroring_responder]
      R15  buy $ 23,728.32   sel     $25,500.00   [strat=mangla_mirroring_responder]
      R16  buy $ 16,943.17   sel     $26,000.00   [strat=mangla_mirroring_responder]
   run 25 done in 6.5 min

   run 26/30 on 2014 Mercedes-Benz S550  seed=21160445
      R 1  buy $ 45,299.81   sel     $59,999.00   [strat=mangla_mirroring_responder] *
      R 2  buy $  4,921.37   sel     $59,500.00   [strat=mangla_mirroring_responder]
      R 3  buy $  7,949.34   sel     $59,200.00   [strat=mangla_mirroring_responder]
      R 4  buy $ 33,705.36   sel     $58,000.00   [strat=mangla_mirroring_responder]
      R 5  buy $ 49,544.15   sel     $56,500.00   [strat=mangla_mirroring_responder]
      R 6  buy $ 53,556.79   sel     $55,000.00   [strat=mangla_mirroring_responder]
      R 7  buy $ 26,564.56   sel     $55,500.00   [strat=mangla_mirroring_responder]
      R 8  buy $ 19,316.68   sel     $56,000.00   [strat=mangla_mirroring_responder]
      R 9  buy $ 14,286.46   sel     $56,500.00   [strat=mangla_mirroring_responder]
      R10  buy $ 43,219.66   sel     $54,000.00   [strat=mangla_mirroring_responder]
      R11  buy $ 17,153.94   sel     $56,500.00   [strat=mangla_mirroring_responder]
      R12  buy $  8,149.80   sel     $57,000.00   [strat=mangla_mirroring_responder]
      R13  buy $ 49,010.97   sel     $52,500.00   [strat=mangla_mirroring_responder]
      R14  buy $  4,011.04   sel     $57,000.00   [strat=mangla_mirroring_responder]
      R15  buy $ 33,919.80   sel     $57,500.00   [strat=mangla_mirroring_responder]
      R16  buy $ 52,468.89   sel     $55,000.00   [strat=mangla_mirroring_responder]
   run 26 done in 7.4 min

   run 27/30 on 2014 Mercedes-Benz S550  seed=21160446
      R 1  buy $ 48,599.92   sel     $58,500.00   [strat=mangla_mirroring_responder] *
      R 2  buy $ 38,416.49   sel     $57,000.00   [strat=mangla_mirroring_responder]
      R 3  buy $ 55,027.57   sel     $55,500.00   [strat=mangla_mirroring_responder]
      R 4  buy $  4,728.90   sel     $56,000.00   [strat=mangla_mirroring_responder]
      R 5  buy $ 46,977.37   sel     $55,500.00   [strat=mangla_mirroring_responder]
      R 6  buy $ 40,910.67   sel     $56,000.00   [strat=mangla_mirroring_responder]
      R 7  buy $ 48,693.69   sel     $54,500.00   [strat=mangla_mirroring_responder]
      R 8  buy $ 27,432.97   sel     $56,000.00   [strat=mangla_mirroring_responder]
      R 9  buy $ 29,493.66   sel     $55,500.00   [strat=mangla_mirroring_responder]
      R10  buy $ 55,204.07   sel     $55,300.00   [strat=mangla_mirroring_responder]
      R11  buy $ 34,172.70   sel     $56,000.00   [strat=mangla_mirroring_responder]
      R12  buy $ 47,072.76   sel     $54,000.00   [strat=mangla_mirroring_responder]
      R13  buy $ 14,276.90   sel     $56,000.00   [strat=mangla_mirroring_responder]
      R14  buy $ 19,103.55   sel     $55,500.00   [strat=mangla_mirroring_responder]
      R15  buy $  2,639.06   sel     $56,000.00   [strat=mangla_mirroring_responder]
      R16  buy $ 46,288.27   sel     $52,500.00   [strat=mangla_mirroring_responder]
   run 27 done in 8.7 min

   run 28/30 on 2014 Mercedes-Benz S550  seed=21160447
      R 1  buy $ 14,301.50   sel     $16,500.00   [strat=mangla_mirroring_responder] *
      R 2  buy $ 16,255.51   sel     $16,400.00   [strat=mangla_mirroring_responder]
      R 3  buy $  1,820.09   sel     $16,450.00   [strat=mangla_mirroring_responder]
      R 4  buy $  4,994.79   sel     $16,500.00   [strat=mangla_mirroring_responder]
      R 5  buy $  7,933.57   sel     $16,450.00   [strat=mangla_mirroring_responder]
      R 6  buy $ 11,218.51   sel     $16,150.00   [strat=mangla_mirroring_responder]
      R 7  buy $ 12,600.91   sel     $15,850.00   [strat=mangla_mirroring_responder]
      R 8  buy $  3,155.12   sel     $16,500.00   [strat=mangla_mirroring_responder]
      R 9  buy $ 13,860.47   sel     PARSE-FAIL   [strat=mangla_mirroring_responder]
      R10  buy $    623.47   sel     $16,750.00   [strat=mangla_mirroring_responder]
      R11  buy $  4,377.45   sel     $16,900.00   [strat=mangla_mirroring_responder]
      R12  buy $  2,867.59   sel     $17,200.00   [strat=mangla_mirroring_responder]
      R13  buy $  3,588.52   sel     PARSE-FAIL   [strat=mangla_mirroring_responder]
      R14  buy $  3,722.88   sel     $17,500.00   [strat=mangla_mirroring_responder]
      R15  buy $  1,086.87   sel     $17,750.00   [strat=mangla_mirroring_responder]
      R16  buy $  9,094.80   sel     $17,250.00   [strat=mangla_mirroring_responder]
   run 28 done in 15.5 min

   run 29/30 on 2014 Mercedes-Benz S550  seed=21160448
      R 1  buy $ 23,862.08   sel     $28,500.00   [strat=mangla_mirroring_responder] *
      R 2  buy $ 18,792.29   sel     $28,250.00   [strat=mangla_mirroring_responder]
      R 3  buy $ 21,826.23   sel     $27,000.00   [strat=mangla_mirroring_responder]
      R 4  buy $ 23,386.01   sel     $26,400.00   [strat=mangla_mirroring_responder]
      R 5  buy $  7,404.90   sel     $26,400.00   [strat=mangla_mirroring_responder]
      R 6  buy $  7,099.37   sel     $26,500.00   [strat=mangla_mirroring_responder]
      R 7  buy $ 12,280.45   sel     $25,500.00   [strat=mangla_mirroring_responder]
      R 8  buy $ 21,190.68   sel     $25,750.00   [strat=mangla_mirroring_responder]
      R 9  buy $ 15,681.66   sel     $26,000.00   [strat=mangla_mirroring_responder]
      R10  buy $ 16,270.23   sel     $25,800.00   [strat=mangla_mirroring_responder]
      R11  buy $ 16,173.67   sel     $25,900.00   [strat=mangla_mirroring_responder]
      R12  buy $  1,055.59   sel     $26,200.00   [strat=mangla_mirroring_responder]
      R13  buy $ 10,425.87   sel     $25,500.00   [strat=mangla_mirroring_responder]
      R14  buy $ 16,019.37   sel     $26,000.00   [strat=mangla_mirroring_responder]
      R15  buy $  9,183.69   sel     $26,500.00   [strat=mangla_mirroring_responder]
      R16  buy $  9,561.60   sel     $26,400.00   [strat=mangla_mirroring_responder]
   run 29 done in 9.1 min

   run 30/30 on 2014 Mercedes-Benz S550  seed=21160449
      R 1  buy $ 68,345.16   sel     $74,999.99   [strat=mangla_mirroring_responder] *
      R 2  buy $ 16,551.50   sel     $74,500.00   [strat=mangla_mirroring_responder]
      R 3  buy $ 36,145.91   sel     $73,000.00   [strat=mangla_mirroring_responder]
      R 4  buy $ 38,974.21   sel     $72,500.00   [strat=mangla_mirroring_responder]
      R 5  buy $ 15,244.97   sel     $72,400.00   [strat=mangla_mirroring_responder]
      R 6  buy $ 23,819.80   sel     $72,000.00   [strat=mangla_mirroring_responder]
      R 7  buy $  1,039.39   sel     $71,900.00   [strat=mangla_mirroring_responder]
      R 8  buy $ 34,470.76   sel     $71,500.00   [strat=mangla_mirroring_responder]
      R 9  buy $ 65,484.91   sel     $70,500.00   [strat=mangla_mirroring_responder]
      R10  buy $ 46,412.62   sel     $68,500.00   [strat=mangla_mirroring_responder]
      R11  buy $ 66,409.32   sel     $67,000.00   [strat=mangla_mirroring_responder]
      R12  buy $ 33,427.61   sel     $66,500.00   [strat=mangla_mirroring_responder]
      R13  buy $ 51,708.94   sel     $64,000.00   [strat=mangla_mirroring_responder]
      R14  buy $ 44,193.48   sel     $63,500.00   [strat=mangla_mirroring_responder]
      R15  buy $ 50,069.32   sel     $62,000.00   [strat=mangla_mirroring_responder]
      R16  buy $ 36,616.95   sel     $62,500.00   [strat=mangla_mirroring_responder]
   run 30 done in 5.9 min

   ---> checkpoint: car 1/5 done in 307.0 min; total so far 307.0 min; saved 30 runs to exp09_fixed_mangla_mirroring_responder.json

--- CAR 2/5: 2016 Cadillac CTS 3.6 Luxury  (M=$45,000.00  cost=$15,750.00  cost/M=35.00%) ---

   run 1/30 on 2016 Cadillac CTS 3.6 Luxury  seed=21161420
      R 1  buy $ 16,981.41   sel     $18,500.00   [strat=mangla_mirroring_responder] *
      R 2  buy $  1,129.97   sel     $18,400.00   [strat=mangla_mirroring_responder]
      R 3  buy $  7,642.56   sel     $18,200.00   [strat=mangla_mirroring_responder]
      R 4  buy $ 11,936.36   sel     $17,900.00   [strat=mangla_mirroring_responder]
      R 5  buy $  2,400.78   sel     $17,850.00   [strat=mangla_mirroring_responder]
      R 6  buy $  5,416.18   sel     $17,800.00   [strat=mangla_mirroring_responder]
      R 7  buy $  8,725.65   sel     $17,750.00   [strat=mangla_mirroring_responder]
      R 8  buy $ 10,504.21   sel     $17,725.00   [strat=mangla_mirroring_responder]
      R 9  buy $ 15,258.31   sel     $17,400.00   [strat=mangla_mirroring_responder]
      R10  buy $ 10,987.26   sel     $17,375.00   [strat=mangla_mirroring_responder]
      R11  buy $  9,613.38   sel     $17,350.00   [strat=mangla_mirroring_responder]
      R12  buy $  6,163.84   sel     $17,325.00   [strat=mangla_mirroring_responder]
      R13  buy $  9,060.33   sel     $17,300.00   [strat=mangla_mirroring_responder]
      R14  buy $ 16,731.98   sel     $17,100.00   [strat=mangla_mirroring_responder]
      R15  buy $    870.38   sel     $17,075.00   [strat=mangla_mirroring_responder]
      R16  buy $  6,637.18   sel     $17,050.00   [strat=mangla_mirroring_responder]
   run 1 done in 6.3 min

   run 2/30 on 2016 Cadillac CTS 3.6 Luxury  seed=21161421
      R 1  buy $ 43,615.31   sel     $44,500.00   [strat=mangla_mirroring_responder] *
      R 2  buy $ 27,389.25   sel     $44,400.00   [strat=mangla_mirroring_responder]
      R 3  buy $ 34,819.39   sel     $43,000.00   [strat=mangla_mirroring_responder]
      R 4  buy $ 39,440.30   sel     $41,500.00   [strat=mangla_mirroring_responder]
      R 5  buy $ 34,402.28   sel     $41,400.00   [strat=mangla_mirroring_responder]
      R 6  buy $  2,588.15   sel     $41,300.00   [strat=mangla_mirroring_responder]
      R 7  buy $  1,712.07   sel     $41,200.00   [strat=mangla_mirroring_responder]
      R 8  buy $ 15,667.41   sel     $41,100.00   [strat=mangla_mirroring_responder]
      R 9  buy $  9,494.13   sel     $41,100.00   [strat=mangla_mirroring_responder]
      R10  buy $  1,065.33   sel     $41,100.00   [strat=mangla_mirroring_responder]
      R11  buy $ 28,405.65   sel     $40,500.00   [strat=mangla_mirroring_responder]
      R12  buy $  9,945.02   sel     $40,000.00   [strat=mangla_mirroring_responder]
      R13  buy $ 14,565.17   sel     $39,900.00   [strat=mangla_mirroring_responder]
      R14  buy $ 28,163.42   sel     $38,500.00   [strat=mangla_mirroring_responder]
      R15  buy $ 20,155.94   sel     $38,000.00   [strat=mangla_mirroring_responder]
      R16  buy $  1,273.32   sel     $37,500.00   [strat=mangla_mirroring_responder]
   run 2 done in 7.1 min

   run 3/30 on 2016 Cadillac CTS 3.6 Luxury  seed=21161422
      R 1  buy $  2,360.72   sel     $42,500.00   [strat=mangla_mirroring_responder] *
      R 2  buy $    765.24   sel     $42,000.00   [strat=mangla_mirroring_responder]
      R 3  buy $ 22,502.78   sel     $41,500.00   [strat=mangla_mirroring_responder]
      R 4  buy $ 30,061.67   sel     $40,000.00   [strat=mangla_mirroring_responder]
      R 5  buy $    625.63   sel     $41,000.00   [strat=mangla_mirroring_responder]
      R 6  buy $  3,662.33   sel     $41,500.00   [strat=mangla_mirroring_responder]
      R 7  buy $ 33,038.74   sel     $40,500.00   [strat=mangla_mirroring_responder]
      R 8  buy $ 37,975.45   sel     $39,000.00   [strat=mangla_mirroring_responder]
      R 9  buy $ 28,492.32   sel     $39,500.00   [strat=mangla_mirroring_responder]
      R10  buy $  6,475.06   sel     $40,000.00   [strat=mangla_mirroring_responder]
      R11  buy $  5,231.40   sel     $41,000.00   [strat=mangla_mirroring_responder]
      R12  buy $ 29,828.56   sel     $39,900.00   [strat=mangla_mirroring_responder]
      R13  buy $ 10,462.54   sel     $40,500.00   [strat=mangla_mirroring_responder]
      R14  buy $  5,582.99   sel     $41,000.00   [strat=mangla_mirroring_responder]
      R15  buy $ 23,162.59   sel     $41,000.00   [strat=mangla_mirroring_responder]
      R16  buy $ 20,393.50   sel     $41,500.00   [strat=mangla_mirroring_responder]
   run 3 done in 5.6 min

   run 4/30 on 2016 Cadillac CTS 3.6 Luxury  seed=21161423
      R 1  buy $ 40,448.01   sel     $42,500.00   [strat=mangla_mirroring_responder] *
      R 2  buy $ 22,627.53   sel     $42,000.00   [strat=mangla_mirroring_responder]
      R 3  buy $ 17,098.07   sel     $42,500.00   [strat=mangla_mirroring_responder]
      R 4  buy $  9,625.47   sel     $42,500.00   [strat=mangla_mirroring_responder]
      R 5  buy $ 21,273.60   sel     $41,000.00   [strat=mangla_mirroring_responder]
      R 6  buy $    937.16   sel     $41,000.00   [strat=mangla_mirroring_responder]
      R 7  buy $ 27,083.37   sel     $39,000.00   [strat=mangla_mirroring_responder]
      R 8  buy $ 37,602.12   sel     $38,500.00   [strat=mangla_mirroring_responder]
      R 9  buy $ 18,615.99   sel     $39,000.00   [strat=mangla_mirroring_responder]
      R10  buy $ 14,532.27   sel     $39,000.00   [strat=mangla_mirroring_responder]
      R11  buy $ 37,446.55   sel     $38,000.00   [strat=mangla_mirroring_responder]
      R12  buy $ 36,709.29   sel     $37,800.00   [strat=mangla_mirroring_responder]
      R13  buy $ 17,323.88   sel     $37,800.00   [strat=mangla_mirroring_responder]
      R14  buy $ 13,643.23   sel     $37,800.00   [strat=mangla_mirroring_responder]
      R15  buy $ 35,205.99   sel     $37,000.00   [strat=mangla_mirroring_responder]
      R16  buy $  3,312.68   sel     $37,500.00   [strat=mangla_mirroring_responder]
   run 4 done in 4.7 min

   run 5/30 on 2016 Cadillac CTS 3.6 Luxury  seed=21161424
      R 1  buy $ 15,288.86   sel     $16,500.00   [strat=mangla_mirroring_responder] *
      R 2  buy $ 14,065.25   sel     $16,250.00   [strat=mangla_mirroring_responder]
      R 3  buy $ 15,088.32   sel     $15,900.00   [strat=mangla_mirroring_responder]
      R 4  buy $ 13,017.85   sel     $15,900.00   [strat=mangla_mirroring_responder]
      R 5  buy $  4,184.26   sel     $15,900.00   [strat=mangla_mirroring_responder]
      R 6  buy $ 10,246.76   sel     $15,600.00   [strat=mangla_mirroring_responder]
      R 7  buy $ 11,856.74   sel     $15,750.00   [strat=mangla_mirroring_responder]
      R 8  buy $ 11,357.20   sel     $15,750.00   [strat=mangla_mirroring_responder]
      R 9  buy $  1,255.67   sel     $15,750.00   [strat=mangla_mirroring_responder]
      R10  buy $  3,486.40   sel     $15,750.00   [strat=mangla_mirroring_responder]
      R11  buy $  3,156.71   sel     $15,900.00   [strat=mangla_mirroring_responder]
      R12  buy $ 10,815.63   sel     $15,700.00   [strat=mangla_mirroring_responder]
      R13  buy $  2,090.36   sel     $15,900.00   [strat=mangla_mirroring_responder]
      R14  buy $  8,081.59   sel     $15,900.00   [strat=mangla_mirroring_responder]
      R15  buy $ 14,463.88   sel     $15,650.00   [strat=mangla_mirroring_responder]
      R16  buy $  8,457.54   sel     $15,900.00   [strat=mangla_mirroring_responder]
   run 5 done in 5.9 min

   run 6/30 on 2016 Cadillac CTS 3.6 Luxury  seed=21161425
      R 1  buy $ 26,688.37   sel     $30,000.00   [strat=mangla_mirroring_responder] *
      R 2  buy $ 24,311.08   sel     $29,500.00   [strat=mangla_mirroring_responder]
      R 3  buy $ 10,531.05   sel     $29,750.00   [strat=mangla_mirroring_responder]
      R 4  buy $ 10,562.62   sel     $29,750.00   [strat=mangla_mirroring_responder]
      R 5  buy $ 29,244.34   sel     $29,500.00   [strat=mangla_mirroring_responder]
      R 6  buy $  6,743.20   sel     $29,750.00   [strat=mangla_mirroring_responder]
      R 7  buy $    693.76   sel     $29,900.00   [strat=mangla_mirroring_responder]
      R 8  buy $ 28,257.76   sel     $28,900.00   [strat=mangla_mirroring_responder]
      R 9  buy $ 23,936.16   sel     $29,000.00   [strat=mangla_mirroring_responder]
      R10  buy $ 14,689.94   sel     $29,250.00   [strat=mangla_mirroring_responder]
      R11  buy $  5,030.97   sel     $29,500.00   [strat=mangla_mirroring_responder]
      R12  buy $ 17,806.02   sel     $28,500.00   [strat=mangla_mirroring_responder]
      R13  buy $ 12,343.75   sel     $28,750.00   [strat=mangla_mirroring_responder]
      R14  buy $ 17,221.17   sel     $28,500.00   [strat=mangla_mirroring_responder]
      R15  buy $  4,736.56   sel     $28,750.00   [strat=mangla_mirroring_responder]
      R16  buy $ 25,404.56   sel     $28,000.00   [strat=mangla_mirroring_responder]
   run 6 done in 5.1 min

   run 7/30 on 2016 Cadillac CTS 3.6 Luxury  seed=21161426
      R 1  buy $ 27,308.03   sel     $33,500.00   [strat=mangla_mirroring_responder] *
      R 2  buy $ 17,693.49   sel     $33,000.00   [strat=mangla_mirroring_responder]
      R 3  buy $ 23,385.92   sel     $31,500.00   [strat=mangla_mirroring_responder]
      R 4  buy $  3,046.20   sel     $31,500.00   [strat=mangla_mirroring_responder]
      R 5  buy $  9,518.37   sel     $31,000.00   [strat=mangla_mirroring_responder]
      R 6  buy $  2,077.86   sel     $31,000.00   [strat=mangla_mirroring_responder]
      R 7  buy $  5,743.21   sel     $30,500.00   [strat=mangla_mirroring_responder]
      R 8  buy $  8,122.68   sel     $30,000.00   [strat=mangla_mirroring_responder]
      R 9  buy $ 24,792.89   sel     $28,500.00   [strat=mangla_mirroring_responder]
      R10  buy $ 19,076.51   sel     $27,500.00   [strat=mangla_mirroring_responder]
      R11  buy $ 20,516.75   sel     $26,500.00   [strat=mangla_mirroring_responder]
      R12  buy $ 13,829.90   sel     $26,000.00   [strat=mangla_mirroring_responder]
      R13  buy $  4,448.86   sel     $26,000.00   [strat=mangla_mirroring_responder]
      R14  buy $ 17,364.79   sel     $25,500.00   [strat=mangla_mirroring_responder]
      R15  buy $  7,437.75   sel     $25,000.00   [strat=mangla_mirroring_responder]
      R16  buy $ 19,825.79   sel     $24,500.00   [strat=mangla_mirroring_responder]
   run 7 done in 5.0 min

   run 8/30 on 2016 Cadillac CTS 3.6 Luxury  seed=21161427
      R 1  buy $  8,546.41   sel     $16,995.00   [strat=mangla_mirroring_responder] *
      R 2  buy $ 11,597.71   sel     $16,500.00   [strat=mangla_mirroring_responder]
      R 3  buy $  2,150.34   sel     $16,499.00   [strat=mangla_mirroring_responder]
      R 4  buy $  9,656.38   sel     $16,498.00   [strat=mangla_mirroring_responder]
      R 5  buy $  9,999.32   sel     $16,448.00   [strat=mangla_mirroring_responder]
      R 6  buy $  1,389.22   sel     $16,447.00   [strat=mangla_mirroring_responder]
      R 7  buy $  9,424.25   sel     $16,446.00   [strat=mangla_mirroring_responder]
      R 8  buy $ 11,507.43   sel     $16,196.00   [strat=mangla_mirroring_responder]
      R 9  buy $ 10,880.34   sel     $16,096.00   [strat=mangla_mirroring_responder]
      R10  buy $ 13,627.29   sel     $15,596.00   [strat=mangla_mirroring_responder]
      R11  buy $  1,727.85   sel     $15,595.00   [strat=mangla_mirroring_responder]
      R12  buy $  1,551.96   sel     $15,594.00   [strat=mangla_mirroring_responder]
      R13  buy $ 13,768.67   sel     $15,394.00   [strat=mangla_mirroring_responder]
      R14  buy $  8,885.37   sel     $15,800.00   [strat=mangla_mirroring_responder]
      R15  buy $  5,799.18   sel     $15,801.00   [strat=mangla_mirroring_responder]
      R16  buy $  2,142.53   sel     $15,802.00   [strat=mangla_mirroring_responder]
   run 8 done in 5.6 min

   run 9/30 on 2016 Cadillac CTS 3.6 Luxury  seed=21161428
      R 1  buy $ 33,871.83   sel     $42,000.00   [strat=mangla_mirroring_responder] *
      R 2  buy $  9,462.70   sel     $41,500.00   [strat=mangla_mirroring_responder]
      R 3  buy $ 20,567.61   sel     $40,500.00   [strat=mangla_mirroring_responder]
      R 4  buy $ 21,393.02   sel     $39,900.00   [strat=mangla_mirroring_responder]
      R 5  buy $ 36,314.00   sel     $38,500.00   [strat=mangla_mirroring_responder]
      R 6  buy $ 15,141.91   sel     $38,500.00   [strat=mangla_mirroring_responder]
      R 7  buy $ 36,729.59   sel     $37,900.00   [strat=mangla_mirroring_responder]
      R 8  buy $ 30,869.29   sel     $38,000.00   [strat=mangla_mirroring_responder]
      R 9  buy $ 20,055.87   sel     $38,100.00   [strat=mangla_mirroring_responder]
      R10  buy $ 25,154.66   sel     $37,800.00   [strat=mangla_mirroring_responder]
      R11  buy $ 16,304.64   sel     $38,000.00   [strat=mangla_mirroring_responder]
      R12  buy $ 26,165.23   sel     $37,800.00   [strat=mangla_mirroring_responder]
      R13  buy $ 26,176.58   sel     $37,700.00   [strat=mangla_mirroring_responder]
      R14  buy $ 28,942.17   sel     $37,000.00   [strat=mangla_mirroring_responder]
      R15  buy $  6,366.24   sel     $38,000.00   [strat=mangla_mirroring_responder]
      R16  buy $  4,768.29   sel     $39,000.00   [strat=mangla_mirroring_responder]
   run 9 done in 4.7 min

   run 10/30 on 2016 Cadillac CTS 3.6 Luxury  seed=21161429
      R 1  buy $  6,807.68   sel     $23,995.00   [strat=mangla_mirroring_responder] *
      R 2  buy $  5,727.45   sel     $23,900.00   [strat=mangla_mirroring_responder]
      R 3  buy $  9,455.17   sel     $22,900.00   [strat=mangla_mirroring_responder]
      R 4  buy $  2,356.86   sel     $22,900.00   [strat=mangla_mirroring_responder]
      R 5  buy $    559.57   sel     $22,900.00   [strat=mangla_mirroring_responder]
      R 6  buy $ 15,578.18   sel     $21,500.00   [strat=mangla_mirroring_responder]
      R 7  buy $ 18,233.78   sel     $20,000.00   [strat=mangla_mirroring_responder]
      R 8  buy $  5,772.78   sel     $21,000.00   [strat=mangla_mirroring_responder]
      R 9  buy $ 17,925.89   sel     $19,500.00   [strat=mangla_mirroring_responder]
      R10  buy $ 16,566.55   sel     $19,750.00   [strat=mangla_mirroring_responder]
      R11  buy $    534.56   sel     $19,900.00   [strat=mangla_mirroring_responder]
      R12  buy $  2,062.19   sel     $20,500.00   [strat=mangla_mirroring_responder]
      R13  buy $ 12,730.48   sel     $19,000.00   [strat=mangla_mirroring_responder]
      R14  buy $  3,411.26   sel     $19,500.00   [strat=mangla_mirroring_responder]
      R15  buy $ 11,914.68   sel     $18,500.00   [strat=mangla_mirroring_responder]
      R16  buy $ 17,775.17   sel     $18,000.00   [strat=mangla_mirroring_responder]
   run 10 done in 5.3 min

   run 11/30 on 2016 Cadillac CTS 3.6 Luxury  seed=21161430
      R 1  buy $ 25,652.20   sel     $38,500.00   [strat=mangla_mirroring_responder] *
      R 2  buy $ 35,168.29   sel     $36,500.00   [strat=mangla_mirroring_responder]
      R 3  buy $ 28,419.95   sel     $36,750.00   [strat=mangla_mirroring_responder]
      R 4  buy $  3,248.22   sel     $36,800.00   [strat=mangla_mirroring_responder]
      R 5  buy $ 19,801.80   sel     $36,900.00   [strat=mangla_mirroring_responder]
      R 6  buy $ 19,211.41   sel     $36,950.00   [strat=mangla_mirroring_responder]
      R 7  buy $ 14,570.71   sel     $37,000.00   [strat=mangla_mirroring_responder]
      R 8  buy $  6,672.94   sel     $37,100.00   [strat=mangla_mirroring_responder]
      R 9  buy $ 17,904.14   sel     $36,100.00   [strat=mangla_mirroring_responder]
      R10  buy $ 20,637.48   sel     $35,500.00   [strat=mangla_mirroring_responder]
      R11  buy $ 34,685.63   sel     $35,200.00   [strat=mangla_mirroring_responder]
      R12  buy $ 28,796.74   sel     $35,300.00   [strat=mangla_mirroring_responder]
      R13  buy $ 18,251.55   sel     $35,350.00   [strat=mangla_mirroring_responder]
      R14  buy $  2,961.25   sel     $35,400.00   [strat=mangla_mirroring_responder]
      R15  buy $ 34,387.08   sel     $34,900.00   [strat=mangla_mirroring_responder]
      R16  buy $  8,022.39   sel     $34,950.00   [strat=mangla_mirroring_responder]
   run 11 done in 6.4 min

   run 12/30 on 2016 Cadillac CTS 3.6 Luxury  seed=21161431
      R 1  buy $ 31,533.83   sel     $34,500.00   [strat=mangla_mirroring_responder] *
      R 2  buy $ 10,512.71   sel     $34,000.00   [strat=mangla_mirroring_responder]
      R 3  buy $ 30,308.39   sel     $33,500.00   [strat=mangla_mirroring_responder]
      R 4  buy $ 11,503.29   sel     $33,500.00   [strat=mangla_mirroring_responder]
      R 5  buy $ 33,027.07   sel     $33,250.00   [strat=mangla_mirroring_responder]
      R 6  buy $ 15,278.47   sel     $33,250.00   [strat=mangla_mirroring_responder]
      R 7  buy $  9,366.06   sel     $33,500.00   [strat=mangla_mirroring_responder]
      R 8  buy $ 11,853.20   sel     $33,500.00   [strat=mangla_mirroring_responder]
      R 9  buy $ 30,160.21   sel     $32,500.00   [strat=mangla_mirroring_responder]
      R10  buy $  1,949.37   sel     $33,500.00   [strat=mangla_mirroring_responder]
      R11  buy $  4,702.56   sel     $33,500.00   [strat=mangla_mirroring_responder]
      R12  buy $ 19,112.48   sel     $32,000.00   [strat=mangla_mirroring_responder]
      R13  buy $ 17,199.16   sel     $32,500.00   [strat=mangla_mirroring_responder]
      R14  buy $  4,972.22   sel     $33,500.00   [strat=mangla_mirroring_responder]
      R15  buy $ 24,763.29   sel     $31,000.00   [strat=mangla_mirroring_responder]
      R16  buy $    454.94   sel     $33,500.00   [strat=mangla_mirroring_responder]
   run 12 done in 5.9 min

   run 13/30 on 2016 Cadillac CTS 3.6 Luxury  seed=21161432
      R 1  buy $ 17,657.28   sel     $21,500.00   [strat=mangla_mirroring_responder] *
      R 2  buy $ 15,975.67   sel     $21,500.00   [strat=mangla_mirroring_responder]
      R 3  buy $  8,770.86   sel     $21,500.00   [strat=mangla_mirroring_responder]
      R 4  buy $ 17,496.55   sel     $20,000.00   [strat=mangla_mirroring_responder]
      R 5  buy $ 10,193.30   sel     $20,000.00   [strat=mangla_mirroring_responder]
      R 6  buy $  2,584.42   sel     $20,000.00   [strat=mangla_mirroring_responder]
      R 7  buy $  3,700.30   sel     $20,000.00   [strat=mangla_mirroring_responder]
      R 8  buy $  9,603.36   sel     $18,500.00   [strat=mangla_mirroring_responder]
      R 9  buy $    590.42   sel     $18,500.00   [strat=mangla_mirroring_responder]
      R10  buy $  5,980.14   sel     $17,000.00   [strat=mangla_mirroring_responder]
      R11  buy $  7,206.20   sel     $16,400.00   [strat=mangla_mirroring_responder]
      R12  buy $  3,164.22   sel     $16,400.00   [strat=mangla_mirroring_responder]
      R13  buy $ 15,724.72   sel     $16,000.00   [strat=mangla_mirroring_responder]
      R14  buy $ 12,907.52   sel     $16,000.00   [strat=mangla_mirroring_responder]
      R15  buy $  2,741.83   sel     $16,000.00   [strat=mangla_mirroring_responder]
      R16  buy $ 12,455.59   sel     $15,500.00   [strat=mangla_mirroring_responder]
   run 13 done in 4.7 min

   run 14/30 on 2016 Cadillac CTS 3.6 Luxury  seed=21161433
      R 1  buy $  5,665.81   sel     $39,995.00   [strat=mangla_mirroring_responder] *
      R 2  buy $ 33,760.00   sel     $37,000.00   [strat=mangla_mirroring_responder]
      R 3  buy $ 11,534.79   sel     $36,500.00   [strat=mangla_mirroring_responder]
      R 4  buy $  3,424.68   sel     $36,250.00   [strat=mangla_mirroring_responder]
      R 5  buy $ 24,282.15   sel     $35,500.00   [strat=mangla_mirroring_responder]
      R 6  buy $ 29,254.19   sel     $34,000.00   [strat=mangla_mirroring_responder]
      R 7  buy $ 20,987.06   sel     $33,500.00   [strat=mangla_mirroring_responder]
      R 8  buy $  7,996.85   sel     $33,250.00   [strat=mangla_mirroring_responder]
      R 9  buy $ 21,703.28   sel     $32,500.00   [strat=mangla_mirroring_responder]
      R10  buy $ 32,067.10   sel     $32,200.00   [strat=mangla_mirroring_responder]
      R11  buy $  4,122.57   sel     $32,100.00   [strat=mangla_mirroring_responder]
      R12  buy $ 27,775.32   sel     $31,000.00   [strat=mangla_mirroring_responder]
      R13  buy $ 29,951.55   sel     $30,500.00   [strat=mangla_mirroring_responder]
      R14  buy $ 15,587.32   sel     $30,400.00   [strat=mangla_mirroring_responder]
      R15  buy $  6,226.08   sel     $30,300.00   [strat=mangla_mirroring_responder]
      R16  buy $ 25,121.71   sel     $29,500.00   [strat=mangla_mirroring_responder]
   run 14 done in 5.5 min

   run 15/30 on 2016 Cadillac CTS 3.6 Luxury  seed=21161434
      R 1  buy $ 27,587.50   sel     $39,500.00   [strat=mangla_mirroring_responder] *
      R 2  buy $ 27,316.59   sel     $39,400.00   [strat=mangla_mirroring_responder]
      R 3  buy $  4,296.66   sel     $39,300.00   [strat=mangla_mirroring_responder]
      R 4  buy $ 19,361.61   sel     $38,300.00   [strat=mangla_mirroring_responder]
      R 5  buy $  1,153.65   sel     $38,400.00   [strat=mangla_mirroring_responder]
      R 6  buy $    688.10   sel     $38,500.00   [strat=mangla_mirroring_responder]
      R 7  buy $ 31,739.56   sel     $37,200.00   [strat=mangla_mirroring_responder]
      R 8  buy $  8,106.69   sel     $37,300.00   [strat=mangla_mirroring_responder]
      R 9  buy $ 34,562.59   sel     $36,500.00   [strat=mangla_mirroring_responder]
      R10  buy $ 19,218.53   sel     $36,600.00   [strat=mangla_mirroring_responder]
      R11  buy $ 11,713.16   sel     $36,700.00   [strat=mangla_mirroring_responder]
      R12  buy $ 27,589.82   sel     $35,900.00   [strat=mangla_mirroring_responder]
      R13  buy $ 18,968.42   sel     $36,800.00   [strat=mangla_mirroring_responder]
      R14  buy $ 14,795.03   sel     $36,900.00   [strat=mangla_mirroring_responder]
      R15  buy $ 13,057.90   sel     $37,000.00   [strat=mangla_mirroring_responder]
      R16  buy $ 12,000.26   sel     $37,100.00   [strat=mangla_mirroring_responder]
   run 15 done in 5.5 min

   run 16/30 on 2016 Cadillac CTS 3.6 Luxury  seed=21161435
      R 1  buy $    454.60   sel     $44,995.00   [strat=mangla_mirroring_responder] *
      R 2  buy $ 17,114.89   sel     $42,000.00   [strat=mangla_mirroring_responder]
      R 3  buy $  2,894.27   sel     $42,500.00   [strat=mangla_mirroring_responder]
      R 4  buy $ 23,775.68   sel     $41,500.00   [strat=mangla_mirroring_responder]
      R 5  buy $  7,150.13   sel     $42,500.00   [strat=mangla_mirroring_responder]
      R 6  buy $ 11,202.51   sel     $42,750.00   [strat=mangla_mirroring_responder]
      R 7  buy $  4,360.65   sel     $42,900.00   [strat=mangla_mirroring_responder]
      R 8  buy $    280.55   sel     $42,900.00   [strat=mangla_mirroring_responder]
      R 9  buy $ 36,876.82   sel     $41,500.00   [strat=mangla_mirroring_responder]
      R10  buy $ 34,507.51   sel     $41,250.00   [strat=mangla_mirroring_responder]
      R11  buy $ 26,235.09   sel     $41,500.00   [strat=mangla_mirroring_responder]
      R12  buy $ 40,238.75   sel     $40,900.00   [strat=mangla_mirroring_responder]
      R13  buy $    493.43   sel     $42,000.00   [strat=mangla_mirroring_responder]
      R14  buy $  6,876.18   sel     $42,250.00   [strat=mangla_mirroring_responder]
      R15  buy $  2,363.91   sel     $42,500.00   [strat=mangla_mirroring_responder]
      R16  buy $  7,718.78   sel     $42,750.00   [strat=mangla_mirroring_responder]
   run 16 done in 4.8 min

   run 17/30 on 2016 Cadillac CTS 3.6 Luxury  seed=21161436
      R 1  buy $ 31,636.45   sel     $37,995.00   [strat=mangla_mirroring_responder] *
      R 2  buy $ 28,160.16   sel     $37,500.00   [strat=mangla_mirroring_responder]
      R 3  buy $  2,039.27   sel     $37,400.00   [strat=mangla_mirroring_responder]
      R 4  buy $ 23,363.89   sel     $35,000.00   [strat=mangla_mirroring_responder]
      R 5  buy $ 17,181.08   sel     $34,900.00   [strat=mangla_mirroring_responder]
      R 6  buy $ 28,874.13   sel     $34,000.00   [strat=mangla_mirroring_responder]
      R 7  buy $ 29,354.52   sel     $33,800.00   [strat=mangla_mirroring_responder]
      R 8  buy $  3,345.90   sel     $33,700.00   [strat=mangla_mirroring_responder]
      R 9  buy $ 23,139.15   sel     $33,600.00   [strat=mangla_mirroring_responder]
      R10  buy $ 32,471.14   sel     $33,300.00   [strat=mangla_mirroring_responder]
      R11  buy $ 14,959.75   sel     $33,200.00   [strat=mangla_mirroring_responder]
      R12  buy $    584.65   sel     $33,100.00   [strat=mangla_mirroring_responder]
      R13  buy $ 11,312.75   sel     $32,500.00   [strat=mangla_mirroring_responder]
      R14  buy $ 27,770.65   sel     $32,400.00   [strat=mangla_mirroring_responder]
      R15  buy $ 17,477.06   sel     $32,300.00   [strat=mangla_mirroring_responder]
      R16  buy $  9,114.40   sel     $32,200.00   [strat=mangla_mirroring_responder]
   run 17 done in 4.5 min

   run 18/30 on 2016 Cadillac CTS 3.6 Luxury  seed=21161437
      R 1  buy $ 44,523.66   sel     $44,800.00   [strat=mangla_mirroring_responder] *
      R 2  buy $ 29,695.94   sel     $44,750.00   [strat=mangla_mirroring_responder]
      R 3  buy $ 16,174.92   sel     $44,700.00   [strat=mangla_mirroring_responder]
      R 4  buy $ 25,163.14   sel     $44,650.00   [strat=mangla_mirroring_responder]
      R 5  buy $ 35,539.91   sel     $43,500.00   [strat=mangla_mirroring_responder]
      R 6  buy $  6,189.78   sel     $43,450.00   [strat=mangla_mirroring_responder]
      R 7  buy $  1,047.36   sel     $43,400.00   [strat=mangla_mirroring_responder]
      R 8  buy $ 42,370.15   sel     $42,900.00   [strat=mangla_mirroring_responder]
      R 9  buy $ 15,199.55   sel     $42,800.00   [strat=mangla_mirroring_responder]
      R10  buy $ 17,444.89   sel     $42,700.00   [strat=mangla_mirroring_responder]
      R11  buy $ 42,234.31   sel     $42,500.00   [strat=mangla_mirroring_responder]
      R12  buy $ 40,578.61   sel     $42,400.00   [strat=mangla_mirroring_responder]
      R13  buy $ 16,985.00   sel     $42,300.00   [strat=mangla_mirroring_responder]
      R14  buy $ 29,872.90   sel     $40,500.00   [strat=mangla_mirroring_responder]
      R15  buy $ 33,411.03   sel     $39,300.00   [strat=mangla_mirroring_responder]
      R16  buy $ 21,119.58   sel     $39,200.00   [strat=mangla_mirroring_responder]
   run 18 done in 5.7 min

   run 19/30 on 2016 Cadillac CTS 3.6 Luxury  seed=21161438
      R 1  buy $  5,024.67   sel     $42,500.00   [strat=mangla_mirroring_responder] *
      R 2  buy $ 16,467.86   sel     $38,500.00   [strat=mangla_mirroring_responder]
      R 3  buy $  8,701.87   sel     $38,000.00   [strat=mangla_mirroring_responder]
      R 4  buy $ 20,591.41   sel     $36,000.00   [strat=mangla_mirroring_responder]
      R 5  buy $ 33,590.87   sel     $34,500.00   [strat=mangla_mirroring_responder]
      R 6  buy $  8,823.76   sel     $34,400.00   [strat=mangla_mirroring_responder]
      R 7  buy $ 23,724.85   sel     $33,250.00   [strat=mangla_mirroring_responder]
      R 8  buy $  8,952.04   sel     $34,350.00   [strat=mangla_mirroring_responder]
      R 9  buy $  8,690.10   sel     $34,300.00   [strat=mangla_mirroring_responder]
      R10  buy $ 13,071.00   sel     $33,300.00   [strat=mangla_mirroring_responder]
      R11  buy $  9,039.79   sel     $33,250.00   [strat=mangla_mirroring_responder]
      R12  buy $ 27,145.08   sel     $31,000.00   [strat=mangla_mirroring_responder]
      R13  buy $ 17,954.24   sel     $30,750.00   [strat=mangla_mirroring_responder]
      R14  buy $ 18,834.11   sel     $30,600.00   [strat=mangla_mirroring_responder]
      R15  buy $ 15,992.19   sel     $30,500.00   [strat=mangla_mirroring_responder]
      R16  buy $ 17,257.99   sel     $29,800.00   [strat=mangla_mirroring_responder]
   run 19 done in 5.1 min

   run 20/30 on 2016 Cadillac CTS 3.6 Luxury  seed=21161439
      R 1  buy $ 39,144.71   sel     $43,500.00   [strat=mangla_mirroring_responder] *
      R 2  buy $ 19,127.32   sel     $43,000.00   [strat=mangla_mirroring_responder]
      R 3  buy $ 35,196.46   sel     $41,500.00   [strat=mangla_mirroring_responder]
      R 4  buy $  7,600.66   sel     $42,000.00   [strat=mangla_mirroring_responder]
      R 5  buy $ 40,592.88   sel     $41,500.00   [strat=mangla_mirroring_responder]
      R 6  buy $  8,652.02   sel     $42,000.00   [strat=mangla_mirroring_responder]
      R 7  buy $ 24,418.96   sel     $42,500.00   [strat=mangla_mirroring_responder]
      R 8  buy $ 28,976.74   sel     $41,000.00   [strat=mangla_mirroring_responder]
      R 9  buy $ 15,291.63   sel     $42,500.00   [strat=mangla_mirroring_responder]
      R10  buy $  1,568.46   sel     $43,500.00   [strat=mangla_mirroring_responder]
      R11  buy $ 30,959.15   sel     $38,500.00   [strat=mangla_mirroring_responder]
      R12  buy $  6,264.42   sel     $39,500.00   [strat=mangla_mirroring_responder]
      R13  buy $ 38,310.73   sel     $38,800.00   [strat=mangla_mirroring_responder]
      R14  buy $  1,874.92   sel     $39,000.00   [strat=mangla_mirroring_responder]
      R15  buy $ 33,393.59   sel     $37,500.00   [strat=mangla_mirroring_responder]
      R16  buy $ 32,311.05   sel     $38,000.00   [strat=mangla_mirroring_responder]
   run 20 done in 6.2 min

   run 21/30 on 2016 Cadillac CTS 3.6 Luxury  seed=21161440
      R 1  buy $  8,956.43   sel     $14,499.00   [strat=mangla_mirroring_responder] *
      R 2  buy $  8,983.99   sel     $14,400.00   [strat=mangla_mirroring_responder]
      R 3  buy $    681.25   sel     $14,500.00   [strat=mangla_mirroring_responder]
      R 4  buy $  3,164.36   sel     $14,600.00   [strat=mangla_mirroring_responder]
      R 5  buy $  9,447.73   sel     $14,350.00   [strat=mangla_mirroring_responder]
      R 6  buy $ 10,639.93   sel     $14,200.00   [strat=mangla_mirroring_responder]
      R 7  buy $ 10,073.18   sel     $14,250.00   [strat=mangla_mirroring_responder]
      R 8  buy $  2,651.79   sel     $14,300.00   [strat=mangla_mirroring_responder]
      R 9  buy $ 12,188.07   sel     $14,100.00   [strat=mangla_mirroring_responder]
      R10  buy $ 11,389.83   sel     $14,150.00   [strat=mangla_mirroring_responder]
      R11  buy $  5,763.35   sel     $14,200.00   [strat=mangla_mirroring_responder]
      R12  buy $ 10,568.20   sel     $14,000.00   [strat=mangla_mirroring_responder]
      R13  buy $ 12,911.31   sel     $13,700.00   [strat=mangla_mirroring_responder]
      R14  buy $  3,256.99   sel     $13,800.00   [strat=mangla_mirroring_responder]
      R15  buy $  3,973.04   sel     $13,900.00   [strat=mangla_mirroring_responder]
      R16  buy $  6,393.45   sel     $14,000.00   [strat=mangla_mirroring_responder]
   run 21 done in 7.2 min

   run 22/30 on 2016 Cadillac CTS 3.6 Luxury  seed=21161441
      R 1  buy $ 44,833.22   sel     $44,900.00   [strat=mangla_mirroring_responder] *
      R 2  buy $ 42,639.42   sel     $44,800.00   [strat=mangla_mirroring_responder]
      R 3  buy $  7,014.50   sel     $44,800.00   [strat=mangla_mirroring_responder]
      R 4  buy $ 21,500.93   sel     $44,500.00   [strat=mangla_mirroring_responder]
      R 5  buy $ 38,527.88   sel     $44,200.00   [strat=mangla_mirroring_responder]
      R 6  buy $ 14,973.19   sel     $44,300.00   [strat=mangla_mirroring_responder]
      R 7  buy $ 34,181.47   sel     $44,300.00   [strat=mangla_mirroring_responder]
      R 8  buy $  5,280.04   sel     $44,300.00   [strat=mangla_mirroring_responder]
      R 9  buy $  8,591.96   sel     $44,300.00   [strat=mangla_mirroring_responder]
      R10  buy $ 25,001.46   sel     $44,400.00   [strat=mangla_mirroring_responder]
      R11  buy $  2,477.65   sel     $44,500.00   [strat=mangla_mirroring_responder]
      R12  buy $ 11,600.87   sel     $44,600.00   [strat=mangla_mirroring_responder]
      R13  buy $ 10,553.12   sel     $44,700.00   [strat=mangla_mirroring_responder]
      R14  buy $  2,132.89   sel     $44,800.00   [strat=mangla_mirroring_responder]
      R15  buy $ 24,189.91   sel     $44,900.00   [strat=mangla_mirroring_responder]
      R16  buy $  6,354.11   sel     $44,950.00   [strat=mangla_mirroring_responder]
   run 22 done in 4.8 min

   run 23/30 on 2016 Cadillac CTS 3.6 Luxury  seed=21161442
      R 1  buy $ 10,946.14   sel     $17,500.00   [strat=mangla_mirroring_responder] *
      R 2  buy $ 11,842.39   sel     $17,250.00   [strat=mangla_mirroring_responder]
      R 3  buy $  5,463.80   sel     $17,500.00   [strat=mangla_mirroring_responder]
      R 4  buy $ 10,110.44   sel     $17,500.00   [strat=mangla_mirroring_responder]
      R 5  buy $ 14,104.02   sel     $16,900.00   [strat=mangla_mirroring_responder]
      R 6  buy $ 11,451.64   sel     $17,000.00   [strat=mangla_mirroring_responder]
      R 7  buy $ 11,723.43   sel     $17,250.00   [strat=mangla_mirroring_responder]
      R 8  buy $  2,836.84   sel     $17,500.00   [strat=mangla_mirroring_responder]
      R 9  buy $ 12,866.77   sel     $16,500.00   [strat=mangla_mirroring_responder]
      R10  buy $  5,603.93   sel     $16,750.00   [strat=mangla_mirroring_responder]
      R11  buy $  1,262.45   sel     $17,500.00   [strat=mangla_mirroring_responder]
      R12  buy $  2,536.84   sel     $17,250.00   [strat=mangla_mirroring_responder]
      R13  buy $    363.29   sel     $17,500.00   [strat=mangla_mirroring_responder]
      R14  buy $  5,311.24   sel     $17,250.00   [strat=mangla_mirroring_responder]
      R15  buy $ 11,102.85   sel     $17,500.00   [strat=mangla_mirroring_responder]
      R16  buy $  6,193.96   sel     $17,500.00   [strat=mangla_mirroring_responder]
   run 23 done in 5.6 min

   run 24/30 on 2016 Cadillac CTS 3.6 Luxury  seed=21161443
      R 1  buy $ 15,978.93   sel     $16,500.00   [strat=mangla_mirroring_responder] *
      R 2  buy $ 11,059.35   sel     $16,600.00   [strat=mangla_mirroring_responder]
      R 3  buy $  3,537.65   sel     $16,700.00   [strat=mangla_mirroring_responder]
      R 4  buy $ 14,022.21   sel     $16,500.00   [strat=mangla_mirroring_responder]
      R 5  buy $ 15,592.14   sel     $16,300.00   [strat=mangla_mirroring_responder]
      R 6  buy $  7,999.46   sel     $16,400.00   [strat=mangla_mirroring_responder]
      R 7  buy $    837.20   sel     $16,500.00   [strat=mangla_mirroring_responder]
      R 8  buy $  5,238.34   sel     $16,600.00   [strat=mangla_mirroring_responder]
      R 9  buy $ 14,912.69   sel     $16,300.00   [strat=mangla_mirroring_responder]
      R10  buy $    624.11   sel     $16,500.00   [strat=mangla_mirroring_responder]
      R11  buy $ 14,066.97   sel     $16,200.00   [strat=mangla_mirroring_responder]
      R12  buy $  5,393.52   sel     $16,300.00   [strat=mangla_mirroring_responder]
      R13  buy $ 11,333.24   sel     $16,400.00   [strat=mangla_mirroring_responder]
      R14  buy $ 10,726.83   sel     $16,500.00   [strat=mangla_mirroring_responder]
      R15  buy $ 14,787.62   sel     $16,200.00   [strat=mangla_mirroring_responder]
      R16  buy $ 10,747.85   sel     $16,500.00   [strat=mangla_mirroring_responder]
   run 24 done in 4.1 min

   run 25/30 on 2016 Cadillac CTS 3.6 Luxury  seed=21161444
      R 1  buy $ 41,123.47   sel     $44,500.00   [strat=mangla_mirroring_responder] *
      R 2  buy $ 25,027.21   sel     $44,350.00   [strat=mangla_mirroring_responder]
      R 3  buy $  4,711.80   sel     $44,400.00   [strat=mangla_mirroring_responder]
      R 4  buy $ 16,657.37   sel     $43,500.00   [strat=mangla_mirroring_responder]
      R 5  buy $ 41,214.08   sel     $42,500.00   [strat=mangla_mirroring_responder]
      R 6  buy $ 36,154.81   sel     $42,000.00   [strat=mangla_mirroring_responder]
      R 7  buy $  7,193.57   sel     $42,250.00   [strat=mangla_mirroring_responder]
      R 8  buy $ 19,385.53   sel     $41,750.00   [strat=mangla_mirroring_responder]
      R 9  buy $ 26,477.27   sel     $40,000.00   [strat=mangla_mirroring_responder]
      R10  buy $ 21,844.91   sel     $40,500.00   [strat=mangla_mirroring_responder]
      R11  buy $  8,435.93   sel     $42,500.00   [strat=mangla_mirroring_responder]
      R12  buy $ 23,473.08   sel     $41,500.00   [strat=mangla_mirroring_responder]
      R13  buy $ 16,269.17   sel     $42,000.00   [strat=mangla_mirroring_responder]
      R14  buy $ 23,314.22   sel     $40,500.00   [strat=mangla_mirroring_responder]
      R15  buy $ 22,667.02   sel     $40,250.00   [strat=mangla_mirroring_responder]
      R16  buy $ 17,607.39   sel     $40,100.00   [strat=mangla_mirroring_responder]
   run 25 done in 5.3 min

   run 26/30 on 2016 Cadillac CTS 3.6 Luxury  seed=21161445
      R 1  buy $ 31,768.99   sel     $39,995.00   [strat=mangla_mirroring_responder] *
      R 2  buy $ 32,546.65   sel     $39,500.00   [strat=mangla_mirroring_responder]
      R 3  buy $ 38,601.75   sel     $39,000.00   [strat=mangla_mirroring_responder]
      R 4  buy $ 27,529.12   sel     $39,000.00   [strat=mangla_mirroring_responder]
      R 5  buy $ 19,182.72   sel     $39,000.00   [strat=mangla_mirroring_responder]
      R 6  buy $ 18,837.81   sel     $39,000.00   [strat=mangla_mirroring_responder]
      R 7  buy $ 13,250.80   sel     $39,000.00   [strat=mangla_mirroring_responder]
      R 8  buy $  4,814.59   sel     $39,000.00   [strat=mangla_mirroring_responder]
      R 9  buy $ 17,892.87   sel     $37,500.00   [strat=mangla_mirroring_responder]
      R10  buy $ 25,551.93   sel     $35,500.00   [strat=mangla_mirroring_responder]
      R11  buy $ 33,268.92   sel     $34,500.00   [strat=mangla_mirroring_responder]
      R12  buy $  4,336.48   sel     $34,500.00   [strat=mangla_mirroring_responder]
      R13  buy $ 28,538.06   sel     $34,500.00   [strat=mangla_mirroring_responder]
      R14  buy $ 10,330.16   sel     $34,500.00   [strat=mangla_mirroring_responder]
      R15  buy $  5,551.34   sel     $34,500.00   [strat=mangla_mirroring_responder]
      R16  buy $ 21,882.56   sel     $32,000.00   [strat=mangla_mirroring_responder]
   run 26 done in 6.4 min

   run 27/30 on 2016 Cadillac CTS 3.6 Luxury  seed=21161446
      R 1  buy $ 41,634.72   sel     $44,500.00   [strat=mangla_mirroring_responder] *
      R 2  buy $ 21,656.99   sel     $44,750.00   [strat=mangla_mirroring_responder]
      R 3  buy $  2,599.85   sel     $44,750.00   [strat=mangla_mirroring_responder]
      R 4  buy $ 11,893.83   sel     $44,900.00   [strat=mangla_mirroring_responder]
      R 5  buy $ 14,751.07   sel     $44,750.00   [strat=mangla_mirroring_responder]
      R 6  buy $  1,216.49   sel     $44,900.00   [strat=mangla_mirroring_responder]
      R 7  buy $ 38,139.61   sel     $44,000.00   [strat=mangla_mirroring_responder]
      R 8  buy $ 22,801.80   sel     $44,900.00   [strat=mangla_mirroring_responder]
      R 9  buy $ 39,616.78   sel     $43,500.00   [strat=mangla_mirroring_responder]
      R10  buy $  5,828.98   sel     $44,900.00   [strat=mangla_mirroring_responder]
      R11  buy $  5,693.71   sel     $44,900.00   [strat=mangla_mirroring_responder]
      R12  buy $ 12,911.86   sel     $44,750.00   [strat=mangla_mirroring_responder]
      R13  buy $ 33,645.55   sel     $43,500.00   [strat=mangla_mirroring_responder]
      R14  buy $ 31,995.48   sel     $44,900.00   [strat=mangla_mirroring_responder]
      R15  buy $ 20,826.85   sel     $45,000.00   [strat=mangla_mirroring_responder]
      R16  buy $ 41,841.69   sel     $43,500.00   [strat=mangla_mirroring_responder]
   run 27 done in 4.8 min

   run 28/30 on 2016 Cadillac CTS 3.6 Luxury  seed=21161447
      R 1  buy $  8,539.04   sel     $39,500.00   [strat=mangla_mirroring_responder] *
      R 2  buy $ 28,204.72   sel     $35,000.00   [strat=mangla_mirroring_responder]
      R 3  buy $ 23,049.66   sel     $34,500.00   [strat=mangla_mirroring_responder]
      R 4  buy $ 24,490.57   sel     $34,250.00   [strat=mangla_mirroring_responder]
      R 5  buy $ 25,791.53   sel     $33,650.00   [strat=mangla_mirroring_responder]
      R 6  buy $ 32,431.16   sel     $32,450.00   [strat=mangla_mirroring_responder]
      R 7  buy $ 13,814.67   sel     $32,500.00   [strat=mangla_mirroring_responder]
      R 8  buy $ 32,170.86   sel     $32,400.00   [strat=mangla_mirroring_responder]
      R 9  buy $ 18,614.42   sel     $32,300.00   [strat=mangla_mirroring_responder]
      R10  buy $ 22,830.60   sel     $32,250.00   [strat=mangla_mirroring_responder]
      R11  buy $ 15,733.55   sel     $32,200.00   [strat=mangla_mirroring_responder]
      R12  buy $    958.42   sel     $32,300.00   [strat=mangla_mirroring_responder]
      R13  buy $ 23,932.24   sel     $32,000.00   [strat=mangla_mirroring_responder]
      R14  buy $  6,529.49   sel     $32,250.00   [strat=mangla_mirroring_responder]
      R15  buy $     96.52   sel     $32,300.00   [strat=mangla_mirroring_responder]
      R16  buy $  3,183.40   sel     $32,500.00   [strat=mangla_mirroring_responder]
   run 28 done in 4.9 min

   run 29/30 on 2016 Cadillac CTS 3.6 Luxury  seed=21161448
      R 1  buy $ 21,281.99   sel     $23,500.00   [strat=mangla_mirroring_responder] *
      R 2  buy $  3,660.49   sel     $23,900.00   [strat=mangla_mirroring_responder]
      R 3  buy $ 21,384.41   sel     $23,200.00   [strat=mangla_mirroring_responder]
      R 4  buy $  7,425.57   sel     $23,900.00   [strat=mangla_mirroring_responder]
      R 5  buy $  5,950.78   sel     $23,900.00   [strat=mangla_mirroring_responder]
      R 6  buy $ 17,375.90   sel     $22,500.00   [strat=mangla_mirroring_responder]
      R 7  buy $    418.53   sel     $23,900.00   [strat=mangla_mirroring_responder]
      R 8  buy $ 18,997.52   sel     $21,800.00   [strat=mangla_mirroring_responder]
      R 9  buy $ 12,243.31   sel     $23,900.00   [strat=mangla_mirroring_responder]
      R10  buy $  4,751.79   sel     $23,900.00   [strat=mangla_mirroring_responder]
      R11  buy $ 16,750.87   sel     $20,500.00   [strat=mangla_mirroring_responder]
      R12  buy $  1,440.76   sel     $23,900.00   [strat=mangla_mirroring_responder]
      R13  buy $  6,253.15   sel     $23,900.00   [strat=mangla_mirroring_responder]
      R14  buy $  3,829.82   sel     $23,900.00   [strat=mangla_mirroring_responder]
      R15  buy $  6,334.02   sel     $23,900.00   [strat=mangla_mirroring_responder]
      R16  buy $ 21,429.91   sel     $22,200.00   [strat=mangla_mirroring_responder]
   run 29 done in 5.2 min

   run 30/30 on 2016 Cadillac CTS 3.6 Luxury  seed=21161449
      R 1  buy $ 10,767.57   sel     $19,995.00   [strat=mangla_mirroring_responder] *
      R 2  buy $  9,344.29   sel     $19,850.00   [strat=mangla_mirroring_responder]
      R 3  buy $ 14,719.05   sel     $19,050.00   [strat=mangla_mirroring_responder]
      R 4  buy $  6,273.91   sel     $19,100.00   [strat=mangla_mirroring_responder]
      R 5  buy $  2,933.12   sel     $19,150.00   [strat=mangla_mirroring_responder]
      R 6  buy $ 15,940.70   sel     $18,600.00   [strat=mangla_mirroring_responder]
      R 7  buy $ 11,289.76   sel     $18,800.00   [strat=mangla_mirroring_responder]
      R 8  buy $ 15,913.77   sel     $18,750.00   [strat=mangla_mirroring_responder]
      R 9  buy $  9,345.61   sel     $18,800.00   [strat=mangla_mirroring_responder]
      R10  buy $ 15,406.35   sel     $18,850.00   [strat=mangla_mirroring_responder]
      R11  buy $ 17,265.30   sel     $18,200.00   [strat=mangla_mirroring_responder]
      R12  buy $  9,710.95   sel     $18,300.00   [strat=mangla_mirroring_responder]
      R13  buy $  7,281.51   sel     $18,300.00   [strat=mangla_mirroring_responder]
      R14  buy $ 18,213.45   sel     $18,150.00   [strat=mangla_mirroring_responder]
      R15  buy $ 16,193.66   sel     $18,200.00   [strat=mangla_mirroring_responder]
      R16  buy $ 10,091.01   sel     $18,300.00   [strat=mangla_mirroring_responder]
   run 30 done in 4.6 min

   ---> checkpoint: car 2/5 done in 162.5 min; total so far 469.4 min; saved 60 runs to exp09_fixed_mangla_mirroring_responder.json

--- CAR 3/5: 2019 Honda Accord Sport 1.5T  (M=$28,000.00  cost=$14,000.00  cost/M=50.00%) ---

   run 1/30 on 2019 Honda Accord Sport 1.5T  seed=21162420
      R 1  buy $ 24,273.38   sel     $27,500.00   [strat=mangla_mirroring_responder] *
      R 2  buy $ 15,094.47   sel     $27,000.00   [strat=mangla_mirroring_responder]
      R 3  buy $ 11,388.59   sel     $26,500.00   [strat=mangla_mirroring_responder]
      R 4  buy $ 20,387.45   sel     $25,500.00   [strat=mangla_mirroring_responder]
      R 5  buy $  7,129.74   sel     $25,400.00   [strat=mangla_mirroring_responder]
      R 6  buy $  7,198.80   sel     $25,300.00   [strat=mangla_mirroring_responder]
      R 7  buy $ 23,717.16   sel     $24,800.00   [strat=mangla_mirroring_responder]
      R 8  buy $ 20,682.62   sel     $24,700.00   [strat=mangla_mirroring_responder]
      R 9  buy $  1,817.05   sel     $24,600.00   [strat=mangla_mirroring_responder]
      R10  buy $ 16,972.47   sel     $24,500.00   [strat=mangla_mirroring_responder]
      R11  buy $  6,617.44   sel     $24,400.00   [strat=mangla_mirroring_responder]
      R12  buy $  5,883.11   sel     $24,400.00   [strat=mangla_mirroring_responder]
      R13  buy $ 21,058.03   sel     $23,500.00   [strat=mangla_mirroring_responder]
      R14  buy $ 12,594.38   sel     $23,400.00   [strat=mangla_mirroring_responder]
      R15  buy $ 17,340.16   sel     $22,200.00   [strat=mangla_mirroring_responder]
      R16  buy $ 16,365.94   sel     $22,100.00   [strat=mangla_mirroring_responder]
   run 1 done in 5.7 min

   run 2/30 on 2019 Honda Accord Sport 1.5T  seed=21162421
      R 1  buy $ 16,932.48   sel     $25,500.00   [strat=mangla_mirroring_responder] *
      R 2  buy $ 23,732.99   sel     $24,800.00   [strat=mangla_mirroring_responder]
      R 3  buy $ 20,004.92   sel     $24,750.00   [strat=mangla_mirroring_responder]
      R 4  buy $  2,464.49   sel     $24,775.00   [strat=mangla_mirroring_responder]
      R 5  buy $ 11,552.77   sel     $24,800.00   [strat=mangla_mirroring_responder]
      R 6  buy $ 19,002.77   sel     $24,900.00   [strat=mangla_mirroring_responder]
      R 7  buy $ 11,871.89   sel     $25,000.00   [strat=mangla_mirroring_responder]
      R 8  buy $ 14,313.25   sel     $25,100.00   [strat=mangla_mirroring_responder]
      R 9  buy $ 13,666.69   sel     $25,200.00   [strat=mangla_mirroring_responder]
      R10  buy $  2,761.01   sel     $25,300.00   [strat=mangla_mirroring_responder]
      R11  buy $  8,809.60   sel     $25,400.00   [strat=mangla_mirroring_responder]
      R12  buy $ 17,823.11   sel     $24,000.00   [strat=mangla_mirroring_responder]
      R13  buy $ 12,481.60   sel     $24,100.00   [strat=mangla_mirroring_responder]
      R14  buy $ 16,897.16   sel     $24,200.00   [strat=mangla_mirroring_responder]
      R15  buy $  4,956.08   sel     $24,300.00   [strat=mangla_mirroring_responder]
      R16  buy $  8,499.75   sel     $24,400.00   [strat=mangla_mirroring_responder]
   run 2 done in 5.1 min

   run 3/30 on 2019 Honda Accord Sport 1.5T  seed=21162422
      R 1  buy $ 22,399.20   sel     $26,499.99   [strat=mangla_mirroring_responder] *
      R 2  buy $  9,885.84   sel     $26,399.99   [strat=mangla_mirroring_responder]
      R 3  buy $ 12,239.30   sel     $26,199.99   [strat=mangla_mirroring_responder]
      R 4  buy $ 14,613.76   sel     $25,699.99   [strat=mangla_mirroring_responder]
      R 5  buy $  2,110.84   sel     $25,899.99   [strat=mangla_mirroring_responder]
      R 6  buy $  1,744.93   sel     $25,999.99   [strat=mangla_mirroring_responder]
      R 7  buy $ 14,599.47   sel     $24,499.99   [strat=mangla_mirroring_responder]
      R 8  buy $ 23,351.63   sel     $23,999.99   [strat=mangla_mirroring_responder]
      R 9  buy $ 16,820.87   sel     $24,199.99   [strat=mangla_mirroring_responder]
      R10  buy $  7,213.33   sel     $24,599.99   [strat=mangla_mirroring_responder]
      R11  buy $  1,310.22   sel     $25,199.99   [strat=mangla_mirroring_responder]
      R12  buy $ 15,768.48   sel     $24,699.99   [strat=mangla_mirroring_responder]
      R13  buy $  8,776.49   sel     $24,999.99   [strat=mangla_mirroring_responder]
      R14  buy $ 11,722.01   sel     $24,699.99   [strat=mangla_mirroring_responder]
      R15  buy $    240.48   sel     $24,999.99   [strat=mangla_mirroring_responder]
      R16  buy $  8,647.39   sel     $24,899.99   [strat=mangla_mirroring_responder]
   run 3 done in 6.6 min

   run 4/30 on 2019 Honda Accord Sport 1.5T  seed=21162423
      R 1  buy $ 15,508.54   sel     $24,500.00   [strat=mangla_mirroring_responder] *
      R 2  buy $  2,294.37   sel     $24,450.00   [strat=mangla_mirroring_responder]
      R 3  buy $ 22,111.56   sel     $23,950.00   [strat=mangla_mirroring_responder]
      R 4  buy $ 13,904.96   sel     $23,950.00   [strat=mangla_mirroring_responder]
      R 5  buy $  6,890.56   sel     $24,000.00   [strat=mangla_mirroring_responder]
      R 6  buy $ 22,379.14   sel     $23,800.00   [strat=mangla_mirroring_responder]
      R 7  buy $ 13,199.82   sel     $23,900.00   [strat=mangla_mirroring_responder]
      R 8  buy $  4,944.63   sel     $24,100.00   [strat=mangla_mirroring_responder]
      R 9  buy $ 10,336.34   sel     $23,850.00   [strat=mangla_mirroring_responder]
      R10  buy $  2,188.52   sel     $24,150.00   [strat=mangla_mirroring_responder]
      R11  buy $ 20,559.87   sel     $23,500.00   [strat=mangla_mirroring_responder]
      R12  buy $  3,723.92   sel     $24,200.00   [strat=mangla_mirroring_responder]
      R13  buy $  5,867.61   sel     $24,250.00   [strat=mangla_mirroring_responder]
      R14  buy $ 20,342.32   sel     $24,200.00   [strat=mangla_mirroring_responder]
      R15  buy $ 22,416.47   sel     $23,850.00   [strat=mangla_mirroring_responder]
      R16  buy $ 12,987.26   sel     $24,000.00   [strat=mangla_mirroring_responder]
   run 4 done in 6.1 min

   run 5/30 on 2019 Honda Accord Sport 1.5T  seed=21162424
      R 1  buy $ 21,342.48   sel     $26,500.00   [strat=mangla_mirroring_responder] *
      R 2  buy $ 26,442.89   sel     $26,490.00   [strat=mangla_mirroring_responder]
      R 3  buy $ 15,505.21   sel     $26,490.00   [strat=mangla_mirroring_responder]
      R 4  buy $ 16,199.41   sel     $26,490.00   [strat=mangla_mirroring_responder]
      R 5  buy $    858.51   sel     $26,490.00   [strat=mangla_mirroring_responder]
      R 6  buy $ 16,627.78   sel     $26,440.00   [strat=mangla_mirroring_responder]
      R 7  buy $ 14,164.06   sel     $26,440.00   [strat=mangla_mirroring_responder]
      R 8  buy $    836.98   sel     $26,440.00   [strat=mangla_mirroring_responder]
      R 9  buy $ 12,668.72   sel     $26,440.00   [strat=mangla_mirroring_responder]
      R10  buy $ 24,132.08   sel     $26,100.00   [strat=mangla_mirroring_responder]
      R11  buy $  3,518.23   sel     $26,100.00   [strat=mangla_mirroring_responder]
      R12  buy $ 16,578.49   sel     $26,100.00   [strat=mangla_mirroring_responder]
      R13  buy $ 26,030.17   sel     $25,950.00   [strat=mangla_mirroring_responder]
      R14  buy $  2,133.97   sel     $25,950.00   [strat=mangla_mirroring_responder]
      R15  buy $ 17,997.84   sel     $25,950.00   [strat=mangla_mirroring_responder]
      R16  buy $ 12,644.58   sel     $25,950.00   [strat=mangla_mirroring_responder]
   run 5 done in 6.3 min

   run 6/30 on 2019 Honda Accord Sport 1.5T  seed=21162425
      R 1  buy $ 22,589.15   sel     $26,500.00   [strat=mangla_mirroring_responder] *
      R 2  buy $  5,722.15   sel     $26,500.00   [strat=mangla_mirroring_responder]
      R 3  buy $  5,147.55   sel     $26,500.00   [strat=mangla_mirroring_responder]
      R 4  buy $ 24,530.28   sel     $25,800.00   [strat=mangla_mirroring_responder]
      R 5  buy $  2,308.99   sel     $25,800.00   [strat=mangla_mirroring_responder]
      R 6  buy $  8,056.34   sel     $25,800.00   [strat=mangla_mirroring_responder]
      R 7  buy $  7,189.05   sel     $25,800.00   [strat=mangla_mirroring_responder]
      R 8  buy $  9,939.30   sel     $25,800.00   [strat=mangla_mirroring_responder]
      R 9  buy $ 18,499.02   sel     $25,300.00   [strat=mangla_mirroring_responder]
      R10  buy $  9,708.18   sel     $25,300.00   [strat=mangla_mirroring_responder]
      R11  buy $  4,971.00   sel     $25,300.00   [strat=mangla_mirroring_responder]
      R12  buy $  5,145.41   sel     $25,300.00   [strat=mangla_mirroring_responder]
      R13  buy $  6,520.00   sel     $25,300.00   [strat=mangla_mirroring_responder]
      R14  buy $    354.06   sel     $25,300.00   [strat=mangla_mirroring_responder]
      R15  buy $  7,669.49   sel     $25,800.00   [strat=mangla_mirroring_responder]
      R16  buy $ 25,216.90   sel     $25,100.00   [strat=mangla_mirroring_responder]
   run 6 done in 4.1 min

   run 7/30 on 2019 Honda Accord Sport 1.5T  seed=21162426
      R 1  buy $  7,159.53   sel     $25,500.00   [strat=mangla_mirroring_responder] *
      R 2  buy $ 24,320.37   sel     $25,000.00   [strat=mangla_mirroring_responder]
      R 3  buy $  1,172.32   sel     $24,900.00   [strat=mangla_mirroring_responder]
      R 4  buy $  1,918.38   sel     $24,800.00   [strat=mangla_mirroring_responder]
      R 5  buy $  8,653.17   sel     $24,900.00   [strat=mangla_mirroring_responder]
      R 6  buy $ 10,405.73   sel     $24,800.00   [strat=mangla_mirroring_responder]
      R 7  buy $ 21,581.20   sel     $24,300.00   [strat=mangla_mirroring_responder]
      R 8  buy $    577.17   sel     $24,500.00   [strat=mangla_mirroring_responder]
      R 9  buy $ 19,070.89   sel     $24,400.00   [strat=mangla_mirroring_responder]
      R10  buy $     77.02   sel     $24,500.00   [strat=mangla_mirroring_responder]
      R11  buy $  4,681.86   sel     $24,600.00   [strat=mangla_mirroring_responder]
      R12  buy $ 14,939.84   sel     $23,000.00   [strat=mangla_mirroring_responder]
      R13  buy $  1,826.79   sel     $24,500.00   [strat=mangla_mirroring_responder]
      R14  buy $ 21,541.62   sel     $23,600.00   [strat=mangla_mirroring_responder]
      R15  buy $ 16,465.47   sel     $24,500.00   [strat=mangla_mirroring_responder]
      R16  buy $ 19,229.11   sel     $23,900.00   [strat=mangla_mirroring_responder]
   run 7 done in 6.6 min

   run 8/30 on 2019 Honda Accord Sport 1.5T  seed=21162427
      R 1  buy $  8,541.67   sel     $25,500.00   [strat=mangla_mirroring_responder] *
      R 2  buy $ 17,401.77   sel     $23,000.00   [strat=mangla_mirroring_responder]
      R 3  buy $ 11,333.91   sel     $23,000.00   [strat=mangla_mirroring_responder]
      R 4  buy $ 22,526.20   sel     $22,750.00   [strat=mangla_mirroring_responder]
      R 5  buy $  4,577.70   sel     $22,750.00   [strat=mangla_mirroring_responder]
      R 6  buy $  7,443.32   sel     $22,500.00   [strat=mangla_mirroring_responder]
      R 7  buy $  1,452.70   sel     $22,500.00   [strat=mangla_mirroring_responder]
      R 8  buy $ 13,725.66   sel     $22,000.00   [strat=mangla_mirroring_responder]
      R 9  buy $ 17,235.96   sel     $21,500.00   [strat=mangla_mirroring_responder]
      R10  buy $ 14,791.53   sel     $22,000.00   [strat=mangla_mirroring_responder]
      R11  buy $  5,318.71   sel     $22,500.00   [strat=mangla_mirroring_responder]
      R12  buy $ 10,817.98   sel     $22,750.00   [strat=mangla_mirroring_responder]
      R13  buy $  9,153.32   sel     $23,000.00   [strat=mangla_mirroring_responder]
      R14  buy $  1,649.58   sel     $23,000.00   [strat=mangla_mirroring_responder]
      R15  buy $  7,215.49   sel     $23,000.00   [strat=mangla_mirroring_responder]
      R16  buy $ 18,547.73   sel     $22,000.00   [strat=mangla_mirroring_responder]
   run 8 done in 6.8 min

   run 9/30 on 2019 Honda Accord Sport 1.5T  seed=21162428
      R 1  buy $ 20,386.16   sel     $25,500.00   [strat=mangla_mirroring_responder] *
      R 2  buy $ 13,311.07   sel     $25,000.00   [strat=mangla_mirroring_responder]
      R 3  buy $  7,104.80   sel     $25,500.00   [strat=mangla_mirroring_responder]
      R 4  buy $ 11,225.26   sel     $24,500.00   [strat=mangla_mirroring_responder]
      R 5  buy $ 17,751.37   sel     $24,000.00   [strat=mangla_mirroring_responder]
      R 6  buy $ 14,070.93   sel     $24,500.00   [strat=mangla_mirroring_responder]
      R 7  buy $ 18,975.88   sel     $24,000.00   [strat=mangla_mirroring_responder]
      R 8  buy $  9,785.74   sel     $25,500.00   [strat=mangla_mirroring_responder]
      R 9  buy $ 16,539.42   sel     $24,500.00   [strat=mangla_mirroring_responder]
      R10  buy $  9,853.92   sel     $25,500.00   [strat=mangla_mirroring_responder]
      R11  buy $ 23,795.83   sel     $24,500.00   [strat=mangla_mirroring_responder]
      R12  buy $  2,918.54   sel     $25,500.00   [strat=mangla_mirroring_responder]
      R13  buy $  7,285.14   sel     $25,500.00   [strat=mangla_mirroring_responder]
      R14  buy $ 21,237.11   sel     $24,500.00   [strat=mangla_mirroring_responder]
      R15  buy $  1,914.08   sel     $25,500.00   [strat=mangla_mirroring_responder]
      R16  buy $  7,113.42   sel     $25,500.00   [strat=mangla_mirroring_responder]
   run 9 done in 4.4 min

   run 10/30 on 2019 Honda Accord Sport 1.5T  seed=21162429
      R 1  buy $  2,562.98   sel     $26,500.00   [strat=mangla_mirroring_responder] *
      R 2  buy $  7,481.93   sel     $25,000.00   [strat=mangla_mirroring_responder]
      R 3  buy $ 16,810.15   sel     $23,000.00   [strat=mangla_mirroring_responder]
      R 4  buy $ 10,485.64   sel     $23,000.00   [strat=mangla_mirroring_responder]
      R 5  buy $ 21,596.85   sel     $22,300.00   [strat=mangla_mirroring_responder]
      R 6  buy $ 20,294.16   sel     $22,300.00   [strat=mangla_mirroring_responder]
      R 7  buy $  7,459.43   sel     $22,300.00   [strat=mangla_mirroring_responder]
      R 8  buy $ 14,531.45   sel     $22,300.00   [strat=mangla_mirroring_responder]
      R 9  buy $ 10,363.11   sel     $22,300.00   [strat=mangla_mirroring_responder]
      R10  buy $ 10,149.05   sel     $22,300.00   [strat=mangla_mirroring_responder]
      R11  buy $ 12,328.18   sel     $21,750.00   [strat=mangla_mirroring_responder]
      R12  buy $  1,714.93   sel     $21,750.00   [strat=mangla_mirroring_responder]
      R13  buy $  1,026.47   sel     $22,000.00   [strat=mangla_mirroring_responder]
      R14  buy $  2,341.58   sel     $21,900.00   [strat=mangla_mirroring_responder]
      R15  buy $ 21,269.15   sel     $21,500.00   [strat=mangla_mirroring_responder]
      R16  buy $ 15,581.99   sel     $21,750.00   [strat=mangla_mirroring_responder]
   run 10 done in 5.9 min

   run 11/30 on 2019 Honda Accord Sport 1.5T  seed=21162430
      R 1  buy $ 24,480.75   sel     $27,500.00   [strat=mangla_mirroring_responder] *
      R 2  buy $ 17,753.22   sel     $27,500.00   [strat=mangla_mirroring_responder]
      R 3  buy $ 20,414.76   sel     $26,000.00   [strat=mangla_mirroring_responder]
      R 4  buy $ 24,329.87   sel     $25,500.00   [strat=mangla_mirroring_responder]
      R 5  buy $  3,357.32   sel     $26,000.00   [strat=mangla_mirroring_responder]
      R 6  buy $ 11,254.26   sel     $26,000.00   [strat=mangla_mirroring_responder]
      R 7  buy $  5,631.21   sel     $26,500.00   [strat=mangla_mirroring_responder]
      R 8  buy $ 21,213.26   sel     $25,000.00   [strat=mangla_mirroring_responder]
      R 9  buy $ 23,192.62   sel     $24,500.00   [strat=mangla_mirroring_responder]
      R10  buy $  4,354.99   sel     $26,000.00   [strat=mangla_mirroring_responder]
      R11  buy $ 15,697.30   sel     $26,500.00   [strat=mangla_mirroring_responder]
      R12  buy $ 24,726.33   sel     $25,500.00   [strat=mangla_mirroring_responder]
      R13  buy $  4,979.72   sel     $26,000.00   [strat=mangla_mirroring_responder]
      R14  buy $ 20,879.82   sel     $24,500.00   [strat=mangla_mirroring_responder]
      R15  buy $ 15,321.88   sel     $26,500.00   [strat=mangla_mirroring_responder]
      R16  buy $  6,176.34   sel     $26,500.00   [strat=mangla_mirroring_responder]
   run 11 done in 5.2 min

   run 12/30 on 2019 Honda Accord Sport 1.5T  seed=21162431
      R 1  buy $  9,181.52   sel     $24,000.00   [strat=mangla_mirroring_responder] *
      R 2  buy $ 16,487.73   sel     $21,500.00   [strat=mangla_mirroring_responder]
      R 3  buy $    912.59   sel     $21,400.00   [strat=mangla_mirroring_responder]
      R 4  buy $  6,508.38   sel     $21,300.00   [strat=mangla_mirroring_responder]
      R 5  buy $  6,309.97   sel     $21,200.00   [strat=mangla_mirroring_responder]
      R 6  buy $ 14,811.77   sel     $21,100.00   [strat=mangla_mirroring_responder]
      R 7  buy $ 10,179.96   sel     $21,000.00   [strat=mangla_mirroring_responder]
      R 8  buy $    108.84   sel     $21,000.00   [strat=mangla_mirroring_responder]
      R 9  buy $    955.40   sel     $21,000.00   [strat=mangla_mirroring_responder]
      R10  buy $    752.33   sel     $20,900.00   [strat=mangla_mirroring_responder]
      R11  buy $  5,087.55   sel     $20,800.00   [strat=mangla_mirroring_responder]
      R12  buy $ 12,709.43   sel     $20,000.00   [strat=mangla_mirroring_responder]
      R13  buy $ 17,609.65   sel     $18,500.00   [strat=mangla_mirroring_responder]
      R14  buy $ 10,384.88   sel     $18,500.00   [strat=mangla_mirroring_responder]
      R15  buy $  3,877.62   sel     $18,500.00   [strat=mangla_mirroring_responder]
      R16  buy $  2,456.10   sel     $18,500.00   [strat=mangla_mirroring_responder]
   run 12 done in 5.3 min

   run 13/30 on 2019 Honda Accord Sport 1.5T  seed=21162432
      R 1  buy $  8,093.43   sel     $25,000.00   [strat=mangla_mirroring_responder] *
      R 2  buy $ 18,192.31   sel     $23,000.00   [strat=mangla_mirroring_responder]
      R 3  buy $  2,727.38   sel     $23,000.00   [strat=mangla_mirroring_responder]
      R 4  buy $ 17,625.67   sel     $21,500.00   [strat=mangla_mirroring_responder]
      R 5  buy $  8,012.90   sel     $21,250.00   [strat=mangla_mirroring_responder]
      R 6  buy $  5,964.31   sel     $21,200.00   [strat=mangla_mirroring_responder]
      R 7  buy $ 12,396.51   sel     $20,800.00   [strat=mangla_mirroring_responder]
      R 8  buy $     12.63   sel     $20,800.00   [strat=mangla_mirroring_responder]
      R 9  buy $ 18,696.29   sel     $20,000.00   [strat=mangla_mirroring_responder]
      R10  buy $  6,993.80   sel     $19,950.00   [strat=mangla_mirroring_responder]
      R11  buy $  3,827.55   sel     $19,950.00   [strat=mangla_mirroring_responder]
      R12  buy $  4,927.98   sel     $19,900.00   [strat=mangla_mirroring_responder]
      R13  buy $  9,360.61   sel     $19,500.00   [strat=mangla_mirroring_responder]
      R14  buy $  7,414.31   sel     $19,600.00   [strat=mangla_mirroring_responder]
      R15  buy $  5,713.01   sel     $19,700.00   [strat=mangla_mirroring_responder]
      R16  buy $ 10,367.84   sel     $19,200.00   [strat=mangla_mirroring_responder]
   run 13 done in 6.1 min

   run 14/30 on 2019 Honda Accord Sport 1.5T  seed=21162433
      R 1  buy $  2,343.54   sel     $26,500.00   [strat=mangla_mirroring_responder] *
      R 2  buy $ 24,072.49   sel     $25,500.00   [strat=mangla_mirroring_responder]
      R 3  buy $  6,880.75   sel     $25,500.00   [strat=mangla_mirroring_responder]
      R 4  buy $ 10,805.48   sel     $25,000.00   [strat=mangla_mirroring_responder]
      R 5  buy $ 17,529.61   sel     $24,000.00   [strat=mangla_mirroring_responder]
      R 6  buy $  1,150.80   sel     $24,000.00   [strat=mangla_mirroring_responder]
      R 7  buy $ 17,502.49   sel     $23,950.00   [strat=mangla_mirroring_responder]
      R 8  buy $ 21,488.09   sel     $23,600.00   [strat=mangla_mirroring_responder]
      R 9  buy $  6,761.46   sel     $23,600.00   [strat=mangla_mirroring_responder]
      R10  buy $  8,962.22   sel     $23,600.00   [strat=mangla_mirroring_responder]
      R11  buy $ 17,074.12   sel     $22,500.00   [strat=mangla_mirroring_responder]
      R12  buy $  3,359.73   sel     $22,500.00   [strat=mangla_mirroring_responder]
      R13  buy $  8,190.13   sel     $22,500.00   [strat=mangla_mirroring_responder]
      R14  buy $ 17,554.68   sel     $22,400.00   [strat=mangla_mirroring_responder]
      R15  buy $  8,548.58   sel     $22,400.00   [strat=mangla_mirroring_responder]
      R16  buy $  6,713.51   sel     $22,400.00   [strat=mangla_mirroring_responder]
   run 14 done in 6.4 min

   run 15/30 on 2019 Honda Accord Sport 1.5T  seed=21162434
      R 1  buy $  9,226.17   sel     $21,500.00   [strat=mangla_mirroring_responder] *
      R 2  buy $  7,497.36   sel     $21,800.00   [strat=mangla_mirroring_responder]
      R 3  buy $ 11,800.04   sel     $21,300.00   [strat=mangla_mirroring_responder]
      R 4  buy $ 11,312.15   sel     $21,500.00   [strat=mangla_mirroring_responder]
      R 5  buy $ 17,324.34   sel     $20,800.00   [strat=mangla_mirroring_responder]
      R 6  buy $  1,895.26   sel     $21,500.00   [strat=mangla_mirroring_responder]
      R 7  buy $ 16,288.00   sel     $20,500.00   [strat=mangla_mirroring_responder]
      R 8  buy $  1,074.40   sel     $20,800.00   [strat=mangla_mirroring_responder]
      R 9  buy $  6,867.18   sel     $21,000.00   [strat=mangla_mirroring_responder]
      R10  buy $ 20,765.07   sel     $20,850.00   [strat=mangla_mirroring_responder]
      R11  buy $  9,746.96   sel     $21,000.00   [strat=mangla_mirroring_responder]
      R12  buy $  9,510.94   sel     $21,500.00   [strat=mangla_mirroring_responder]
      R13  buy $  8,359.16   sel     $21,500.00   [strat=mangla_mirroring_responder]
      R14  buy $  8,607.81   sel     $21,600.00   [strat=mangla_mirroring_responder]
      R15  buy $ 11,004.40   sel     $21,300.00   [strat=mangla_mirroring_responder]
      R16  buy $ 13,057.22   sel     $20,800.00   [strat=mangla_mirroring_responder]
   run 15 done in 4.9 min

   run 16/30 on 2019 Honda Accord Sport 1.5T  seed=21162435
      R 1  buy $ 12,909.29   sel     $15,500.00   [strat=mangla_mirroring_responder] *
      R 2  buy $ 12,915.52   sel     $15,490.00   [strat=mangla_mirroring_responder]
      R 3  buy $    822.12   sel     $15,480.00   [strat=mangla_mirroring_responder]
      R 4  buy $  5,376.46   sel     $15,470.00   [strat=mangla_mirroring_responder]
      R 5  buy $  3,572.23   sel     $15,460.00   [strat=mangla_mirroring_responder]
      R 6  buy $  7,677.22   sel     $15,360.00   [strat=mangla_mirroring_responder]
      R 7  buy $ 14,346.45   sel     $15,000.00   [strat=mangla_mirroring_responder]
      R 8  buy $ 13,661.73   sel     $15,010.00   [strat=mangla_mirroring_responder]
      R 9  buy $  9,863.26   sel     $15,030.00   [strat=mangla_mirroring_responder]
      R10  buy $ 10,986.08   sel     $14,800.00   [strat=mangla_mirroring_responder]
      R11  buy $     28.76   sel     $14,810.00   [strat=mangla_mirroring_responder]
      R12  buy $  4,441.14   sel     $14,820.00   [strat=mangla_mirroring_responder]
      R13  buy $  4,360.38   sel     $14,830.00   [strat=mangla_mirroring_responder]
      R14  buy $ 11,592.66   sel     $14,300.00   [strat=mangla_mirroring_responder]
      R15  buy $ 14,102.80   sel     $14,150.00   [strat=mangla_mirroring_responder]
      R16  buy $  7,588.01   sel     $14,160.00   [strat=mangla_mirroring_responder]
   run 16 done in 6.1 min

   run 17/30 on 2019 Honda Accord Sport 1.5T  seed=21162436
      R 1  buy $  2,640.34   sel     $26,500.00   [strat=mangla_mirroring_responder] *
      R 2  buy $ 21,052.64   sel     $24,000.00   [strat=mangla_mirroring_responder]
      R 3  buy $  6,808.79   sel     $24,000.00   [strat=mangla_mirroring_responder]
      R 4  buy $  8,585.32   sel     $23,500.00   [strat=mangla_mirroring_responder]
      R 5  buy $  2,760.16   sel     $23,400.00   [strat=mangla_mirroring_responder]
      R 6  buy $  8,351.42   sel     $23,500.00   [strat=mangla_mirroring_responder]
      R 7  buy $  9,653.94   sel     $23,200.00   [strat=mangla_mirroring_responder]
      R 8  buy $ 22,606.40   sel     $22,800.00   [strat=mangla_mirroring_responder]
      R 9  buy $ 14,666.26   sel     $22,500.00   [strat=mangla_mirroring_responder]
      R10  buy $ 11,129.10   sel     $22,400.00   [strat=mangla_mirroring_responder]
      R11  buy $ 12,905.74   sel     $22,200.00   [strat=mangla_mirroring_responder]
      R12  buy $  1,186.62   sel     $22,300.00   [strat=mangla_mirroring_responder]
      R13  buy $  7,919.19   sel     $22,200.00   [strat=mangla_mirroring_responder]
      R14  buy $ 15,274.52   sel     $21,800.00   [strat=mangla_mirroring_responder]
      R15  buy $    864.97   sel     $21,900.00   [strat=mangla_mirroring_responder]
      R16  buy $ 20,216.98   sel     $21,500.00   [strat=mangla_mirroring_responder]
   run 17 done in 6.2 min

   run 18/30 on 2019 Honda Accord Sport 1.5T  seed=21162437
      R 1  buy $  7,028.01   sel     $26,500.00   [strat=mangla_mirroring_responder] *
      R 2  buy $ 17,264.05   sel     $24,500.00   [strat=mangla_mirroring_responder]
      R 3  buy $ 14,538.92   sel     $24,500.00   [strat=mangla_mirroring_responder]
      R 4  buy $ 11,454.21   sel     $24,500.00   [strat=mangla_mirroring_responder]
      R 5  buy $ 20,654.91   sel     $23,000.00   [strat=mangla_mirroring_responder]
      R 6  buy $  3,772.61   sel     $23,000.00   [strat=mangla_mirroring_responder]
      R 7  buy $ 19,357.94   sel     $22,000.00   [strat=mangla_mirroring_responder]
      R 8  buy $ 19,354.21   sel     $21,500.00   [strat=mangla_mirroring_responder]
      R 9  buy $  2,493.17   sel     $21,500.00   [strat=mangla_mirroring_responder]
      R10  buy $ 11,446.53   sel     $21,500.00   [strat=mangla_mirroring_responder]
      R11  buy $ 14,296.19   sel     $20,500.00   [strat=mangla_mirroring_responder]
      R12  buy $  4,714.78   sel     $20,500.00   [strat=mangla_mirroring_responder]
      R13  buy $ 18,562.17   sel     $19,800.00   [strat=mangla_mirroring_responder]
      R14  buy $  8,893.39   sel     $19,800.00   [strat=mangla_mirroring_responder]
      R15  buy $ 17,278.47   sel     $19,200.00   [strat=mangla_mirroring_responder]
      R16  buy $ 13,058.80   sel     $19,000.00   [strat=mangla_mirroring_responder]
   run 18 done in 5.0 min

   run 19/30 on 2019 Honda Accord Sport 1.5T  seed=21162438
      R 1  buy $  4,190.32   sel     $26,500.00   [strat=mangla_mirroring_responder] *
      R 2  buy $ 24,494.01   sel     $25,700.00   [strat=mangla_mirroring_responder]
      R 3  buy $  3,717.07   sel     $25,500.00   [strat=mangla_mirroring_responder]
      R 4  buy $ 17,601.26   sel     $25,000.00   [strat=mangla_mirroring_responder]
      R 5  buy $  7,090.12   sel     $25,100.00   [strat=mangla_mirroring_responder]
      R 6  buy $  8,464.48   sel     $25,000.00   [strat=mangla_mirroring_responder]
      R 7  buy $ 12,230.79   sel     $24,500.00   [strat=mangla_mirroring_responder]
      R 8  buy $ 20,886.37   sel     $24,000.00   [strat=mangla_mirroring_responder]
      R 9  buy $  1,404.21   sel     $24,500.00   [strat=mangla_mirroring_responder]
      R10  buy $ 11,882.67   sel     $24,600.00   [strat=mangla_mirroring_responder]
      R11  buy $  1,691.51   sel     $24,800.00   [strat=mangla_mirroring_responder]
      R12  buy $ 18,562.34   sel     $24,900.00   [strat=mangla_mirroring_responder]
      R13  buy $  3,756.65   sel     $25,000.00   [strat=mangla_mirroring_responder]
      R14  buy $ 19,838.43   sel     $24,000.00   [strat=mangla_mirroring_responder]
      R15  buy $ 11,702.86   sel     $24,900.00   [strat=mangla_mirroring_responder]
      R16  buy $ 13,575.70   sel     $25,000.00   [strat=mangla_mirroring_responder]
   run 19 done in 4.8 min

   run 20/30 on 2019 Honda Accord Sport 1.5T  seed=21162439
      R 1  buy $ 13,894.16   sel     $16,500.00   [strat=mangla_mirroring_responder] *
      R 2  buy $ 10,212.33   sel     $16,200.00   [strat=mangla_mirroring_responder]
      R 3  buy $ 14,063.67   sel     $14,500.00   [strat=mangla_mirroring_responder]
      R 4  buy $  8,192.28   sel     $15,900.00   [strat=mangla_mirroring_responder]
      R 5  buy $  1,418.18   sel     $15,900.00   [strat=mangla_mirroring_responder]
      R 6  buy $ 14,173.70   sel     $14,800.00   [strat=mangla_mirroring_responder]
      R 7  buy $  4,852.59   sel     $15,200.00   [strat=mangla_mirroring_responder]
      R 8  buy $  5,360.37   sel     $15,300.00   [strat=mangla_mirroring_responder]
      R 9  buy $ 12,325.99   sel     $14,600.00   [strat=mangla_mirroring_responder]
      R10  buy $ 10,460.25   sel     $14,800.00   [strat=mangla_mirroring_responder]
      R11  buy $  2,481.76   sel     $15,000.00   [strat=mangla_mirroring_responder]
      R12  buy $    288.21   sel     $15,000.00   [strat=mangla_mirroring_responder]
      R13  buy $  4,440.66   sel     $15,100.00   [strat=mangla_mirroring_responder]
      R14  buy $ 15,094.69   sel     $15,094.69   [strat=mangla_mirroring_responder]
      R15  buy $ 14,662.66   sel     $14,800.00   [strat=mangla_mirroring_responder]
      R16  buy $     27.40   sel     $15,100.00   [strat=mangla_mirroring_responder]
   run 20 done in 6.6 min

   run 21/30 on 2019 Honda Accord Sport 1.5T  seed=21162440
      R 1  buy $  2,212.49   sel     $27,500.00   [strat=mangla_mirroring_responder] *
      R 2  buy $ 18,587.67   sel     $27,400.00   [strat=mangla_mirroring_responder]
      R 3  buy $ 19,751.83   sel     $26,850.00   [strat=mangla_mirroring_responder]
      R 4  buy $ 24,676.54   sel     $25,650.00   [strat=mangla_mirroring_responder]
      R 5  buy $ 20,588.36   sel     $25,650.00   [strat=mangla_mirroring_responder]
      R 6  buy $ 16,550.19   sel     $25,650.00   [strat=mangla_mirroring_responder]
      R 7  buy $ 16,035.71   sel     $25,650.00   [strat=mangla_mirroring_responder]
      R 8  buy $  1,677.01   sel     $25,650.00   [strat=mangla_mirroring_responder]
      R 9  buy $  6,261.62   sel     $25,650.00   [strat=mangla_mirroring_responder]
      R10  buy $ 18,827.27   sel     $25,000.00   [strat=mangla_mirroring_responder]
      R11  buy $ 23,003.92   sel     $24,000.00   [strat=mangla_mirroring_responder]
      R12  buy $  7,464.33   sel     $24,000.00   [strat=mangla_mirroring_responder]
      R13  buy $    324.03   sel     $24,000.00   [strat=mangla_mirroring_responder]
      R14  buy $ 20,043.80   sel     $23,500.00   [strat=mangla_mirroring_responder]
      R15  buy $ 19,888.75   sel     $23,500.00   [strat=mangla_mirroring_responder]
      R16  buy $  4,700.55   sel     $23,500.00   [strat=mangla_mirroring_responder]
   run 21 done in 4.5 min

   run 22/30 on 2019 Honda Accord Sport 1.5T  seed=21162441
      R 1  buy $ 23,262.80   sel     $26,500.00   [strat=mangla_mirroring_responder] *
      R 2  buy $ 14,786.64   sel     $25,500.00   [strat=mangla_mirroring_responder]
      R 3  buy $ 10,477.45   sel     $26,000.00   [strat=mangla_mirroring_responder]
      R 4  buy $  2,874.15   sel     $26,500.00   [strat=mangla_mirroring_responder]
      R 5  buy $ 18,683.32   sel     $25,000.00   [strat=mangla_mirroring_responder]
      R 6  buy $ 14,211.82   sel     $25,500.00   [strat=mangla_mirroring_responder]
      R 7  buy $ 12,569.25   sel     $26,000.00   [strat=mangla_mirroring_responder]
      R 8  buy $  6,683.36   sel     $26,500.00   [strat=mangla_mirroring_responder]
      R 9  buy $ 12,619.00   sel     $25,500.00   [strat=mangla_mirroring_responder]
      R10  buy $ 21,740.43   sel     $24,500.00   [strat=mangla_mirroring_responder]
      R11  buy $ 10,057.97   sel     $26,000.00   [strat=mangla_mirroring_responder]
      R12  buy $ 21,655.33   sel     $25,000.00   [strat=mangla_mirroring_responder]
      R13  buy $  7,153.10   sel     $26,500.00   [strat=mangla_mirroring_responder]
      R14  buy $ 20,077.06   sel     $24,000.00   [strat=mangla_mirroring_responder]
      R15  buy $  4,215.45   sel     $26,500.00   [strat=mangla_mirroring_responder]
      R16  buy $  4,978.06   sel     $26,500.00   [strat=mangla_mirroring_responder]
   run 22 done in 4.7 min

   run 23/30 on 2019 Honda Accord Sport 1.5T  seed=21162442
      R 1  buy $ 18,071.96   sel     $21,995.00   [strat=mangla_mirroring_responder] *
      R 2  buy $ 10,971.18   sel     $20,495.00   [strat=mangla_mirroring_responder]
      R 3  buy $ 10,909.10   sel     $20,995.00   [strat=mangla_mirroring_responder]
      R 4  buy $ 15,741.22   sel     $19,500.00   [strat=mangla_mirroring_responder]
      R 5  buy $  6,264.07   sel     $20,995.00   [strat=mangla_mirroring_responder]
      R 6  buy $ 11,573.94   sel     $19,500.00   [strat=mangla_mirroring_responder]
      R 7  buy $ 14,504.13   sel     $18,100.00   [strat=mangla_mirroring_responder]
      R 8  buy $ 14,834.93   sel     $17,850.00   [strat=mangla_mirroring_responder]
      R 9  buy $  6,878.45   sel     $19,500.00   [strat=mangla_mirroring_responder]
      R10  buy $ 11,009.02   sel     $20,995.00   [strat=mangla_mirroring_responder]
      R11  buy $  5,471.57   sel     $21,500.00   [strat=mangla_mirroring_responder]
      R12  buy $ 13,564.76   sel     $18,500.00   [strat=mangla_mirroring_responder]
      R13  buy $  6,695.06   sel     $19,995.00   [strat=mangla_mirroring_responder]
      R14  buy $  2,483.44   sel     $21,500.00   [strat=mangla_mirroring_responder]
      R15  buy $ 10,423.96   sel     $20,995.00   [strat=mangla_mirroring_responder]
      R16  buy $  3,489.45   sel     $21,500.00   [strat=mangla_mirroring_responder]
   run 23 done in 4.2 min

   run 24/30 on 2019 Honda Accord Sport 1.5T  seed=21162443
      R 1  buy $ 10,482.51   sel     $24,500.00   [strat=mangla_mirroring_responder] *
      R 2  buy $  9,639.01   sel     $25,000.00   [strat=mangla_mirroring_responder]
      R 3  buy $ 11,720.35   sel     $24,800.00   [strat=mangla_mirroring_responder]
      R 4  buy $  8,825.48   sel     $24,900.00   [strat=mangla_mirroring_responder]
      R 5  buy $  2,685.07   sel     $25,000.00   [strat=mangla_mirroring_responder]
      R 6  buy $ 18,478.20   sel     $24,500.00   [strat=mangla_mirroring_responder]
      R 7  buy $ 15,452.74   sel     $24,900.00   [strat=mangla_mirroring_responder]
      R 8  buy $ 10,948.14   sel     $25,000.00   [strat=mangla_mirroring_responder]
      R 9  buy $ 15,111.00   sel     $24,500.00   [strat=mangla_mirroring_responder]
      R10  buy $  5,574.59   sel     $25,000.00   [strat=mangla_mirroring_responder]
      R11  buy $ 22,549.94   sel     $24,000.00   [strat=mangla_mirroring_responder]
      R12  buy $  3,664.38   sel     $25,000.00   [strat=mangla_mirroring_responder]
      R13  buy $ 16,007.27   sel     $24,000.00   [strat=mangla_mirroring_responder]
      R14  buy $  8,208.04   sel     $24,500.00   [strat=mangla_mirroring_responder]
      R15  buy $ 17,522.09   sel     $23,500.00   [strat=mangla_mirroring_responder]
      R16  buy $  5,239.43   sel     $24,500.00   [strat=mangla_mirroring_responder]
   run 24 done in 5.0 min

   run 25/30 on 2019 Honda Accord Sport 1.5T  seed=21162444
      R 1  buy $  7,380.01   sel     $26,500.00   [strat=mangla_mirroring_responder] *
      R 2  buy $ 13,489.41   sel     $24,000.00   [strat=mangla_mirroring_responder]
      R 3  buy $ 21,331.56   sel     $22,500.00   [strat=mangla_mirroring_responder]
      R 4  buy $ 17,268.51   sel     $22,500.00   [strat=mangla_mirroring_responder]
      R 5  buy $  6,694.15   sel     $22,500.00   [strat=mangla_mirroring_responder]
      R 6  buy $  1,207.58   sel     $22,500.00   [strat=mangla_mirroring_responder]
      R 7  buy $    137.57   sel     $22,500.00   [strat=mangla_mirroring_responder]
      R 8  buy $  5,912.98   sel     $21,800.00   [strat=mangla_mirroring_responder]
      R 9  buy $ 19,799.82   sel     $21,000.00   [strat=mangla_mirroring_responder]
      R10  buy $    485.05   sel     $21,500.00   [strat=mangla_mirroring_responder]
      R11  buy $ 17,407.32   sel     $20,500.00   [strat=mangla_mirroring_responder]
      R12  buy $ 19,840.42   sel     $19,950.00   [strat=mangla_mirroring_responder]
      R13  buy $ 18,668.15   sel     $19,500.00   [strat=mangla_mirroring_responder]
      R14  buy $  3,049.44   sel     $19,750.00   [strat=mangla_mirroring_responder]
      R15  buy $ 10,083.89   sel     $19,900.00   [strat=mangla_mirroring_responder]
      R16  buy $  7,613.45   sel     $19,950.00   [strat=mangla_mirroring_responder]
   run 25 done in 4.2 min

   run 26/30 on 2019 Honda Accord Sport 1.5T  seed=21162445
      R 1  buy $  7,998.89   sel     $25,000.00   [strat=mangla_mirroring_responder] *
      R 2  buy $ 15,752.07   sel     $23,000.00   [strat=mangla_mirroring_responder]
      R 3  buy $  9,324.76   sel     $22,500.00   [strat=mangla_mirroring_responder]
      R 4  buy $ 10,611.60   sel     $22,000.00   [strat=mangla_mirroring_responder]
      R 5  buy $  2,214.58   sel     $23,000.00   [strat=mangla_mirroring_responder]
      R 6  buy $  2,495.82   sel     $23,500.00   [strat=mangla_mirroring_responder]
      R 7  buy $ 22,390.27   sel     $22,900.00   [strat=mangla_mirroring_responder]
      R 8  buy $ 20,480.64   sel     $22,500.00   [strat=mangla_mirroring_responder]
      R 9  buy $ 12,532.49   sel     $22,750.00   [strat=mangla_mirroring_responder]
      R10  buy $    845.22   sel     $23,000.00   [strat=mangla_mirroring_responder]
      R11  buy $ 16,353.97   sel     $21,500.00   [strat=mangla_mirroring_responder]
      R12  buy $  1,473.48   sel     $22,000.00   [strat=mangla_mirroring_responder]
      R13  buy $  7,279.87   sel     $22,500.00   [strat=mangla_mirroring_responder]
      R14  buy $ 16,948.52   sel     $21,500.00   [strat=mangla_mirroring_responder]
      R15  buy $ 20,007.35   sel     $20,500.00   [strat=mangla_mirroring_responder]
      R16  buy $ 14,239.95   sel     $21,500.00   [strat=mangla_mirroring_responder]
   run 26 done in 6.1 min

   run 27/30 on 2019 Honda Accord Sport 1.5T  seed=21162446
      R 1  buy $ 14,053.05   sel     $15,500.00   [strat=mangla_mirroring_responder] *
      R 2  buy $ 10,843.79   sel     $15,600.00   [strat=mangla_mirroring_responder]
      R 3  buy $  8,414.77   sel     $15,700.00   [strat=mangla_mirroring_responder]
      R 4  buy $  8,844.36   sel     $15,750.00   [strat=mangla_mirroring_responder]
      R 5  buy $  4,394.07   sel     $15,800.00   [strat=mangla_mirroring_responder]
      R 6  buy $  4,008.24   sel     $15,850.00   [strat=mangla_mirroring_responder]
      R 7  buy $  3,496.26   sel     $15,875.00   [strat=mangla_mirroring_responder]
      R 8  buy $  6,023.62   sel     $15,775.00   [strat=mangla_mirroring_responder]
      R 9  buy $  1,067.42   sel     $15,900.00   [strat=mangla_mirroring_responder]
      R10  buy $    491.28   sel     $15,950.00   [strat=mangla_mirroring_responder]
      R11  buy $  4,674.45   sel     $15,725.00   [strat=mangla_mirroring_responder]
      R12  buy $  4,142.59   sel     $15,750.00   [strat=mangla_mirroring_responder]
      R13  buy $  5,966.99   sel     $15,500.00   [strat=mangla_mirroring_responder]
      R14  buy $  4,199.31   sel     $15,600.00   [strat=mangla_mirroring_responder]
      R15  buy $    680.08   sel     $15,700.00   [strat=mangla_mirroring_responder]
      R16  buy $  7,413.20   sel     $15,200.00   [strat=mangla_mirroring_responder]
   run 27 done in 5.1 min

   run 28/30 on 2019 Honda Accord Sport 1.5T  seed=21162447
      R 1  buy $  7,583.28   sel     $25,000.00   [strat=mangla_mirroring_responder] *
      R 2  buy $ 22,815.38   sel     $24,500.00   [strat=mangla_mirroring_responder]
      R 3  buy $ 21,702.30   sel     $24,500.00   [strat=mangla_mirroring_responder]
      R 4  buy $ 22,626.86   sel     $24,150.00   [strat=mangla_mirroring_responder]
      R 5  buy $  2,692.03   sel     $24,150.00   [strat=mangla_mirroring_responder]
      R 6  buy $ 16,387.64   sel     $23,500.00   [strat=mangla_mirroring_responder]
      R 7  buy $ 19,547.91   sel     $22,000.00   [strat=mangla_mirroring_responder]
      R 8  buy $  4,704.93   sel     $22,000.00   [strat=mangla_mirroring_responder]
      R 9  buy $    523.42   sel     $22,000.00   [strat=mangla_mirroring_responder]
      R10  buy $  3,742.29   sel     $22,000.00   [strat=mangla_mirroring_responder]
      R11  buy $ 15,661.62   sel     $21,000.00   [strat=mangla_mirroring_responder]
      R12  buy $ 13,064.21   sel     $21,000.00   [strat=mangla_mirroring_responder]
      R13  buy $  1,559.53   sel     $21,000.00   [strat=mangla_mirroring_responder]
      R14  buy $  2,047.50   sel     $21,000.00   [strat=mangla_mirroring_responder]
      R15  buy $  2,003.20   sel     $21,000.00   [strat=mangla_mirroring_responder]
      R16  buy $ 15,781.25   sel     $19,500.00   [strat=mangla_mirroring_responder]
   run 28 done in 5.0 min

   run 29/30 on 2019 Honda Accord Sport 1.5T  seed=21162448
      R 1  buy $ 23,403.91   sel     $25,999.00   [strat=mangla_mirroring_responder] *
      R 2  buy $ 13,298.50   sel     $25,500.00   [strat=mangla_mirroring_responder]
      R 3  buy $ 11,232.31   sel     $25,500.00   [strat=mangla_mirroring_responder]
      R 4  buy $ 13,712.82   sel     $24,800.00   [strat=mangla_mirroring_responder]
      R 5  buy $ 11,615.21   sel     $24,800.00   [strat=mangla_mirroring_responder]
      R 6  buy $  6,260.10   sel     $24,800.00   [strat=mangla_mirroring_responder]
      R 7  buy $ 23,453.29   sel     $24,400.00   [strat=mangla_mirroring_responder]
      R 8  buy $  7,834.30   sel     $24,800.00   [strat=mangla_mirroring_responder]
      R 9  buy $ 12,706.90   sel     $24,000.00   [strat=mangla_mirroring_responder]
      R10  buy $    445.32   sel     $24,800.00   [strat=mangla_mirroring_responder]
      R11  buy $  7,775.53   sel     $24,800.00   [strat=mangla_mirroring_responder]
      R12  buy $  3,580.27   sel     $24,800.00   [strat=mangla_mirroring_responder]
      R13  buy $  3,632.58   sel     $24,700.00   [strat=mangla_mirroring_responder]
      R14  buy $ 12,067.83   sel     $24,300.00   [strat=mangla_mirroring_responder]
      R15  buy $  1,950.37   sel     $24,800.00   [strat=mangla_mirroring_responder]
      R16  buy $  5,166.22   sel     $24,800.00   [strat=mangla_mirroring_responder]
   run 29 done in 5.0 min

   run 30/30 on 2019 Honda Accord Sport 1.5T  seed=21162449
      R 1  buy $ 11,859.38   sel     $26,500.00   [strat=mangla_mirroring_responder] *
      R 2  buy $    431.96   sel     $26,500.00   [strat=mangla_mirroring_responder]
      R 3  buy $ 20,793.85   sel     $25,000.00   [strat=mangla_mirroring_responder]
      R 4  buy $ 12,427.97   sel     $25,500.00   [strat=mangla_mirroring_responder]
      R 5  buy $  5,839.50   sel     $26,000.00   [strat=mangla_mirroring_responder]
      R 6  buy $ 16,320.09   sel     $24,500.00   [strat=mangla_mirroring_responder]
      R 7  buy $  1,560.69   sel     $25,000.00   [strat=mangla_mirroring_responder]
      R 8  buy $    586.63   sel     $25,500.00   [strat=mangla_mirroring_responder]
      R 9  buy $ 10,528.97   sel     $24,000.00   [strat=mangla_mirroring_responder]
      R10  buy $ 23,510.26   sel     $23,800.00   [strat=mangla_mirroring_responder]
      R11  buy $ 17,228.84   sel     $24,500.00   [strat=mangla_mirroring_responder]
      R12  buy $ 17,047.96   sel     $24,600.00   [strat=mangla_mirroring_responder]
      R13  buy $  1,058.84   sel     $25,000.00   [strat=mangla_mirroring_responder]
      R14  buy $ 23,682.01   sel     $24,200.00   [strat=mangla_mirroring_responder]
      R15  buy $  5,245.18   sel     $24,800.00   [strat=mangla_mirroring_responder]
      R16  buy $  9,409.10   sel     $25,200.00   [strat=mangla_mirroring_responder]
   run 30 done in 4.3 min

   ---> checkpoint: car 3/5 done in 162.3 min; total so far 631.7 min; saved 90 runs to exp09_fixed_mangla_mirroring_responder.json

--- CAR 4/5: 2022 Toyota RAV4 XLE AWD  (M=$32,000.00  cost=$20,800.00  cost/M=65.00%) ---

   run 1/30 on 2022 Toyota RAV4 XLE AWD  seed=21163420
      R 1  buy $ 26,167.79   sel     $30,500.00   [strat=mangla_mirroring_responder] *
      R 2  buy $ 11,866.75   sel     $30,000.00   [strat=mangla_mirroring_responder]
      R 3  buy $  3,704.84   sel     $30,000.00   [strat=mangla_mirroring_responder]
      R 4  buy $  1,774.86   sel     $30,500.00   [strat=mangla_mirroring_responder]
      R 5  buy $  3,223.07   sel     $30,250.00   [strat=mangla_mirroring_responder]
      R 6  buy $ 22,795.03   sel     $29,500.00   [strat=mangla_mirroring_responder]
      R 7  buy $ 15,424.54   sel     $30,250.00   [strat=mangla_mirroring_responder]
      R 8  buy $ 23,315.59   sel     $29,000.00   [strat=mangla_mirroring_responder]
      R 9  buy $  7,470.91   sel     $30,250.00   [strat=mangla_mirroring_responder]
      R10  buy $  1,264.07   sel     $30,500.00   [strat=mangla_mirroring_responder]
      R11  buy $ 11,304.07   sel     $30,000.00   [strat=mangla_mirroring_responder]
      R12  buy $  7,387.64   sel     $30,250.00   [strat=mangla_mirroring_responder]
      R13  buy $  1,360.38   sel     $30,500.00   [strat=mangla_mirroring_responder]
      R14  buy $ 25,016.59   sel     $29,000.00   [strat=mangla_mirroring_responder]
      R15  buy $  9,592.81   sel     $30,000.00   [strat=mangla_mirroring_responder]
      R16  buy $  1,205.56   sel     $30,500.00   [strat=mangla_mirroring_responder]
   run 1 done in 6.2 min

   run 2/30 on 2022 Toyota RAV4 XLE AWD  seed=21163421
      R 1  buy $ 17,312.65   sel     $29,000.00   [strat=mangla_mirroring_responder] *
      R 2  buy $ 20,160.92   sel     $27,500.00   [strat=mangla_mirroring_responder]
      R 3  buy $ 22,459.64   sel     $26,000.00   [strat=mangla_mirroring_responder]
      R 4  buy $  2,658.60   sel     $26,000.00   [strat=mangla_mirroring_responder]
      R 5  buy $ 11,475.53   sel     $24,500.00   [strat=mangla_mirroring_responder]
      R 6  buy $ 16,449.17   sel     $22,500.00   [strat=mangla_mirroring_responder]
      R 7  buy $  9,524.15   sel     $22,500.00   [strat=mangla_mirroring_responder]
      R 8  buy $  2,455.02   sel     $22,500.00   [strat=mangla_mirroring_responder]
      R 9  buy $ 11,488.53   sel     $21,500.00   [strat=mangla_mirroring_responder]
      R10  buy $    542.01   sel     $21,500.00   [strat=mangla_mirroring_responder]
      R11  buy $ 17,469.01   sel     $20,500.00   [strat=mangla_mirroring_responder]
      R12  buy $ 19,954.47   sel     PARSE-FAIL   [strat=mangla_mirroring_responder]
      R13  buy $ 12,606.95   sel     $20,500.00   [strat=mangla_mirroring_responder]
      R14  buy $  3,833.18   sel     $20,500.00   [strat=mangla_mirroring_responder]
      R15  buy $  2,731.97   sel     $21,500.00   [strat=mangla_mirroring_responder]
      R16  buy $ 14,710.03   sel     $21,500.00   [strat=mangla_mirroring_responder]
   run 2 done in 6.7 min

   run 3/30 on 2022 Toyota RAV4 XLE AWD  seed=21163422
      R 1  buy $  6,740.01   sel     $31,500.00   [strat=mangla_mirroring_responder] *
      R 2  buy $ 23,706.56   sel     $29,000.00   [strat=mangla_mirroring_responder]
      R 3  buy $ 18,856.01   sel     $28,900.00   [strat=mangla_mirroring_responder]
      R 4  buy $  4,891.91   sel     $28,900.00   [strat=mangla_mirroring_responder]
      R 5  buy $ 21,360.28   sel     $27,500.00   [strat=mangla_mirroring_responder]
      R 6  buy $ 23,187.51   sel     $26,500.00   [strat=mangla_mirroring_responder]
      R 7  buy $ 13,930.67   sel     $26,600.00   [strat=mangla_mirroring_responder]
      R 8  buy $ 26,468.12   sel     $26,500.00   [strat=mangla_mirroring_responder]
      R 9  buy $ 16,626.49   sel     $26,600.00   [strat=mangla_mirroring_responder]
      R10  buy $  2,297.83   sel     $26,700.00   [strat=mangla_mirroring_responder]
      R11  buy $  2,405.86   sel     $26,800.00   [strat=mangla_mirroring_responder]
      R12  buy $ 10,303.28   sel     $26,500.00   [strat=mangla_mirroring_responder]
      R13  buy $ 15,874.94   sel     $26,000.00   [strat=mangla_mirroring_responder]
      R14  buy $  6,233.61   sel     $26,100.00   [strat=mangla_mirroring_responder]
      R15  buy $ 13,520.31   sel     $26,200.00   [strat=mangla_mirroring_responder]
      R16  buy $ 11,465.88   sel     $26,300.00   [strat=mangla_mirroring_responder]
   run 3 done in 5.4 min

   run 4/30 on 2022 Toyota RAV4 XLE AWD  seed=21163423
      R 1  buy $  5,702.05   sel     $31,500.00   [strat=mangla_mirroring_responder] *
      R 2  buy $ 29,422.69   sel     $30,800.00   [strat=mangla_mirroring_responder]
      R 3  buy $ 12,604.48   sel     $30,700.00   [strat=mangla_mirroring_responder]
      R 4  buy $ 21,653.13   sel     $30,000.00   [strat=mangla_mirroring_responder]
      R 5  buy $ 21,230.06   sel     $29,950.00   [strat=mangla_mirroring_responder]
      R 6  buy $  3,061.86   sel     $29,900.00   [strat=mangla_mirroring_responder]
      R 7  buy $ 14,469.59   sel     $29,850.00   [strat=mangla_mirroring_responder]
      R 8  buy $ 18,537.19   sel     $29,400.00   [strat=mangla_mirroring_responder]
      R 9  buy $ 10,427.50   sel     $29,300.00   [strat=mangla_mirroring_responder]
      R10  buy $    347.99   sel     $29,250.00   [strat=mangla_mirroring_responder]
      R11  buy $ 26,689.83   sel     $28,900.00   [strat=mangla_mirroring_responder]
      R12  buy $ 15,310.72   sel     $28,850.00   [strat=mangla_mirroring_responder]
      R13  buy $  2,300.96   sel     $28,800.00   [strat=mangla_mirroring_responder]
      R14  buy $     37.67   sel     $28,750.00   [strat=mangla_mirroring_responder]
      R15  buy $ 25,055.98   sel     $27,500.00   [strat=mangla_mirroring_responder]
      R16  buy $ 26,444.27   sel     $26,850.00   [strat=mangla_mirroring_responder]
   run 4 done in 5.0 min

   run 5/30 on 2022 Toyota RAV4 XLE AWD  seed=21163424
      R 1  buy $ 18,107.81   sel     $30,500.00   [strat=mangla_mirroring_responder] *
      R 2  buy $  2,098.91   sel     $30,000.00   [strat=mangla_mirroring_responder]
      R 3  buy $    161.84   sel     $30,000.00   [strat=mangla_mirroring_responder]
      R 4  buy $  1,318.23   sel     $29,800.00   [strat=mangla_mirroring_responder]
      R 5  buy $    372.46   sel     $29,800.00   [strat=mangla_mirroring_responder]
      R 6  buy $  6,339.83   sel     $29,500.00   [strat=mangla_mirroring_responder]
      R 7  buy $ 17,020.15   sel     $29,000.00   [strat=mangla_mirroring_responder]
      R 8  buy $  7,282.28   sel     $29,500.00   [strat=mangla_mirroring_responder]
      R 9  buy $ 19,131.26   sel     $29,000.00   [strat=mangla_mirroring_responder]
      R10  buy $  1,249.58   sel     $29,500.00   [strat=mangla_mirroring_responder]
      R11  buy $ 16,121.46   sel     $29,500.00   [strat=mangla_mirroring_responder]
      R12  buy $ 25,196.85   sel     $28,750.00   [strat=mangla_mirroring_responder]
      R13  buy $ 22,328.75   sel     $29,000.00   [strat=mangla_mirroring_responder]
      R14  buy $  6,320.36   sel     $29,500.00   [strat=mangla_mirroring_responder]
      R15  buy $ 18,294.69   sel     $29,500.00   [strat=mangla_mirroring_responder]
      R16  buy $     15.90   sel     $29,500.00   [strat=mangla_mirroring_responder]
   run 5 done in 4.9 min

   run 6/30 on 2022 Toyota RAV4 XLE AWD  seed=21163425
      R 1  buy $  9,876.41   sel     $31,500.00   [strat=mangla_mirroring_responder] *
      R 2  buy $ 23,750.65   sel     $29,000.00   [strat=mangla_mirroring_responder]
      R 3  buy $  4,212.03   sel     $29,000.00   [strat=mangla_mirroring_responder]
      R 4  buy $ 13,119.79   sel     $28,500.00   [strat=mangla_mirroring_responder]
      R 5  buy $  7,939.53   sel     $28,500.00   [strat=mangla_mirroring_responder]
      R 6  buy $ 17,699.88   sel     $27,500.00   [strat=mangla_mirroring_responder]
      R 7  buy $ 24,613.84   sel     $26,000.00   [strat=mangla_mirroring_responder]
      R 8  buy $ 19,199.24   sel     $26,000.00   [strat=mangla_mirroring_responder]
      R 9  buy $  2,655.58   sel     $26,000.00   [strat=mangla_mirroring_responder]
      R10  buy $ 25,711.48   sel     $25,850.00   [strat=mangla_mirroring_responder]
      R11  buy $ 13,316.51   sel     $25,850.00   [strat=mangla_mirroring_responder]
      R12  buy $  1,060.81   sel     $25,850.00   [strat=mangla_mirroring_responder]
      R13  buy $ 18,445.82   sel     $25,800.00   [strat=mangla_mirroring_responder]
      R14  buy $  7,906.84   sel     $25,800.00   [strat=mangla_mirroring_responder]
      R15  buy $ 23,476.34   sel     $24,800.00   [strat=mangla_mirroring_responder]
      R16  buy $ 24,325.79   sel     $24,400.00   [strat=mangla_mirroring_responder]
   run 6 done in 4.6 min

   run 7/30 on 2022 Toyota RAV4 XLE AWD  seed=21163426
      R 1  buy $ 26,902.28   sel     $31,500.00   [strat=mangla_mirroring_responder] *
      R 2  buy $ 14,574.13   sel     $31,000.00   [strat=mangla_mirroring_responder]
      R 3  buy $ 20,172.85   sel     $30,000.00   [strat=mangla_mirroring_responder]
      R 4  buy $ 18,542.07   sel     $30,000.00   [strat=mangla_mirroring_responder]
      R 5  buy $ 28,938.46   sel     $29,500.00   [strat=mangla_mirroring_responder]
      R 6  buy $ 19,574.76   sel     $30,000.00   [strat=mangla_mirroring_responder]
      R 7  buy $ 11,746.50   sel     $30,000.00   [strat=mangla_mirroring_responder]
      R 8  buy $ 23,163.43   sel     $28,500.00   [strat=mangla_mirroring_responder]
      R 9  buy $  4,538.88   sel     $30,000.00   [strat=mangla_mirroring_responder]
      R10  buy $  5,462.29   sel     $29,500.00   [strat=mangla_mirroring_responder]
      R11  buy $  1,442.58   sel     $30,000.00   [strat=mangla_mirroring_responder]
      R12  buy $ 24,766.89   sel     $27,500.00   [strat=mangla_mirroring_responder]
      R13  buy $  1,827.17   sel     $30,000.00   [strat=mangla_mirroring_responder]
      R14  buy $  8,280.32   sel     $29,800.00   [strat=mangla_mirroring_responder]
      R15  buy $ 10,258.18   sel     $29,600.00   [strat=mangla_mirroring_responder]
      R16  buy $  3,450.13   sel     $29,850.00   [strat=mangla_mirroring_responder]
   run 7 done in 6.0 min

   run 8/30 on 2022 Toyota RAV4 XLE AWD  seed=21163427
      R 1  buy $ 22,799.72   sel     $29,499.99   [strat=mangla_mirroring_responder] *
      R 2  buy $ 18,871.68   sel     $29,499.99   [strat=mangla_mirroring_responder]
      R 3  buy $  1,712.99   sel     $29,499.99   [strat=mangla_mirroring_responder]
      R 4  buy $ 23,048.67   sel     $28,499.99   [strat=mangla_mirroring_responder]
      R 5  buy $  4,149.99   sel     $28,499.99   [strat=mangla_mirroring_responder]
      R 6  buy $ 10,159.56   sel     $28,499.99   [strat=mangla_mirroring_responder]
      R 7  buy $ 10,444.04   sel     $28,199.99   [strat=mangla_mirroring_responder]
      R 8  buy $  9,968.73   sel     $28,299.99   [strat=mangla_mirroring_responder]
      R 9  buy $    574.54   sel     $28,499.99   [strat=mangla_mirroring_responder]
      R10  buy $  2,566.22   sel     $28,399.99   [strat=mangla_mirroring_responder]
      R11  buy $  6,624.81   sel     $27,899.99   [strat=mangla_mirroring_responder]
      R12  buy $ 13,003.45   sel     $26,899.99   [strat=mangla_mirroring_responder]
      R13  buy $    712.32   sel     $27,099.99   [strat=mangla_mirroring_responder]
      R14  buy $ 19,684.97   sel     $25,099.99   [strat=mangla_mirroring_responder]
      R15  buy $ 12,399.29   sel     $25,199.99   [strat=mangla_mirroring_responder]
      R16  buy $ 15,109.97   sel     $24,899.99   [strat=mangla_mirroring_responder]
   run 8 done in 8.0 min

   run 9/30 on 2022 Toyota RAV4 XLE AWD  seed=21163428
      R 1  buy $ 14,427.55   sel     $31,500.00   [strat=mangla_mirroring_responder] *
      R 2  buy $ 28,765.95   sel     $30,265.95   [strat=mangla_mirroring_responder]
      R 3  buy $ 11,430.61   sel     $31,500.00   [strat=mangla_mirroring_responder]
      R 4  buy $  3,253.94   sel     $31,400.00   [strat=mangla_mirroring_responder]
      R 5  buy $ 15,062.46   sel     $31,300.00   [strat=mangla_mirroring_responder]
      R 6  buy $ 28,829.41   sel     $31,000.00   [strat=mangla_mirroring_responder]
      R 7  buy $  6,624.69   sel     $30,900.00   [strat=mangla_mirroring_responder]
      R 8  buy $ 20,820.56   sel     $30,800.00   [strat=mangla_mirroring_responder]
      R 9  buy $  8,144.79   sel     $30,700.00   [strat=mangla_mirroring_responder]
      R10  buy $ 28,628.69   sel     $30,200.00   [strat=mangla_mirroring_responder]
      R11  buy $  5,067.28   sel     $30,100.00   [strat=mangla_mirroring_responder]
      R12  buy $ 10,973.42   sel     $30,000.00   [strat=mangla_mirroring_responder]
      R13  buy $ 25,045.42   sel     $29,500.00   [strat=mangla_mirroring_responder]
      R14  buy $  8,858.03   sel     $29,400.00   [strat=mangla_mirroring_responder]
      R15  buy $ 20,984.18   sel     $28,500.00   [strat=mangla_mirroring_responder]
      R16  buy $ 19,551.12   sel     $28,400.00   [strat=mangla_mirroring_responder]
   run 9 done in 4.1 min

   run 10/30 on 2022 Toyota RAV4 XLE AWD  seed=21163429
      R 1  buy $ 22,847.37   sel     $30,500.00   [strat=mangla_mirroring_responder] *
      R 2  buy $ 22,303.98   sel     $30,000.00   [strat=mangla_mirroring_responder]
      R 3  buy $ 13,289.32   sel     $30,000.00   [strat=mangla_mirroring_responder]
      R 4  buy $  1,414.19   sel     $30,000.00   [strat=mangla_mirroring_responder]
      R 5  buy $ 21,187.58   sel     $29,500.00   [strat=mangla_mirroring_responder]
      R 6  buy $  1,096.24   sel     $29,500.00   [strat=mangla_mirroring_responder]
      R 7  buy $  7,328.32   sel     $29,750.00   [strat=mangla_mirroring_responder]
      R 8  buy $  3,682.83   sel     $29,900.00   [strat=mangla_mirroring_responder]
      R 9  buy $  1,754.22   sel     $29,950.00   [strat=mangla_mirroring_responder]
      R10  buy $ 14,008.00   sel     $29,700.00   [strat=mangla_mirroring_responder]
      R11  buy $  4,199.84   sel     $29,800.00   [strat=mangla_mirroring_responder]
      R12  buy $    812.96   sel     $29,900.00   [strat=mangla_mirroring_responder]
      R13  buy $ 12,287.11   sel     $29,950.00   [strat=mangla_mirroring_responder]
      R14  buy $ 18,524.85   sel     $29,700.00   [strat=mangla_mirroring_responder]
      R15  buy $  8,678.08   sel     $29,800.00   [strat=mangla_mirroring_responder]
      R16  buy $  3,795.57   sel     $29,950.00   [strat=mangla_mirroring_responder]
   run 10 done in 4.9 min

   run 11/30 on 2022 Toyota RAV4 XLE AWD  seed=21163430
      R 1  buy $  5,913.79   sel     $30,000.00   [strat=mangla_mirroring_responder] *
      R 2  buy $ 29,830.23   sel     $29,900.00   [strat=mangla_mirroring_responder]
      R 3  buy $ 10,581.05   sel     $29,900.00   [strat=mangla_mirroring_responder]
      R 4  buy $  4,678.36   sel     $29,900.00   [strat=mangla_mirroring_responder]
      R 5  buy $ 13,074.83   sel     $28,500.00   [strat=mangla_mirroring_responder]
      R 6  buy $ 20,095.00   sel     $27,000.00   [strat=mangla_mirroring_responder]
      R 7  buy $ 26,777.09   sel     $26,500.00   [strat=mangla_mirroring_responder]
      R 8  buy $ 16,569.00   sel     $26,500.00   [strat=mangla_mirroring_responder]
      R 9  buy $  4,633.65   sel     $26,500.00   [strat=mangla_mirroring_responder]
      R10  buy $ 11,374.43   sel     $26,400.00   [strat=mangla_mirroring_responder]
      R11  buy $ 15,081.16   sel     $26,000.00   [strat=mangla_mirroring_responder]
      R12  buy $ 24,877.77   sel     $25,500.00   [strat=mangla_mirroring_responder]
      R13  buy $ 12,421.71   sel     $25,500.00   [strat=mangla_mirroring_responder]
      R14  buy $ 22,706.01   sel     $24,500.00   [strat=mangla_mirroring_responder]
      R15  buy $ 16,224.67   sel     $24,500.00   [strat=mangla_mirroring_responder]
      R16  buy $  5,374.26   sel     $24,500.00   [strat=mangla_mirroring_responder]
   run 11 done in 6.2 min

   run 12/30 on 2022 Toyota RAV4 XLE AWD  seed=21163431
      R 1  buy $ 31,828.42   sel     $32,500.00   [strat=mangla_mirroring_responder] *
      R 2  buy $ 12,442.68   sel     $32,450.00   [strat=mangla_mirroring_responder]
      R 3  buy $ 30,643.20   sel     $32,200.00   [strat=mangla_mirroring_responder]
      R 4  buy $ 29,963.82   sel     $32,100.00   [strat=mangla_mirroring_responder]
      R 5  buy $  1,729.84   sel     $32,100.00   [strat=mangla_mirroring_responder]
      R 6  buy $ 27,044.54   sel     $31,500.00   [strat=mangla_mirroring_responder]
      R 7  buy $ 21,863.65   sel     $31,000.00   [strat=mangla_mirroring_responder]
      R 8  buy $ 22,777.45   sel     $30,500.00   [strat=mangla_mirroring_responder]
      R 9  buy $ 18,542.34   sel     $30,000.00   [strat=mangla_mirroring_responder]
      R10  buy $ 25,470.42   sel     $29,000.00   [strat=mangla_mirroring_responder]
      R11  buy $  7,722.02   sel     $29,500.00   [strat=mangla_mirroring_responder]
      R12  buy $ 22,809.10   sel     $28,500.00   [strat=mangla_mirroring_responder]
      R13  buy $  4,796.26   sel     $28,800.00   [strat=mangla_mirroring_responder]
      R14  buy $ 25,626.12   sel     $27,800.00   [strat=mangla_mirroring_responder]
      R15  buy $ 14,753.03   sel     $28,000.00   [strat=mangla_mirroring_responder]
      R16  buy $ 14,836.71   sel     $28,500.00   [strat=mangla_mirroring_responder]
   run 12 done in 5.7 min

   run 13/30 on 2022 Toyota RAV4 XLE AWD  seed=21163432
      R 1  buy $ 26,027.27   sel     $30,500.00   [strat=mangla_mirroring_responder] *
      R 2  buy $ 12,811.02   sel     $30,250.00   [strat=mangla_mirroring_responder]
      R 3  buy $  9,383.62   sel     $30,200.00   [strat=mangla_mirroring_responder]
      R 4  buy $ 15,732.57   sel     $29,800.00   [strat=mangla_mirroring_responder]
      R 5  buy $ 27,144.75   sel     $28,800.00   [strat=mangla_mirroring_responder]
      R 6  buy $    141.60   sel     $28,900.00   [strat=mangla_mirroring_responder]
      R 7  buy $ 26,571.85   sel     $28,950.00   [strat=mangla_mirroring_responder]
      R 8  buy $ 17,857.74   sel     $29,100.00   [strat=mangla_mirroring_responder]
      R 9  buy $ 11,822.01   sel     $29,200.00   [strat=mangla_mirroring_responder]
      R10  buy $ 22,692.81   sel     $29,300.00   [strat=mangla_mirroring_responder]
      R11  buy $ 15,706.95   sel     $29,400.00   [strat=mangla_mirroring_responder]
      R12  buy $ 23,432.66   sel     $28,900.00   [strat=mangla_mirroring_responder]
      R13  buy $ 22,251.70   sel     $29,200.00   [strat=mangla_mirroring_responder]
      R14  buy $  7,527.47   sel     $29,500.00   [strat=mangla_mirroring_responder]
      R15  buy $ 16,013.12   sel     $29,600.00   [strat=mangla_mirroring_responder]
      R16  buy $ 17,734.97   sel     $29,250.00   [strat=mangla_mirroring_responder]
   run 13 done in 6.2 min

   run 14/30 on 2022 Toyota RAV4 XLE AWD  seed=21163433
      R 1  buy $ 17,263.67   sel     $29,500.00   [strat=mangla_mirroring_responder] *
      R 2  buy $    334.86   sel     $29,500.00   [strat=mangla_mirroring_responder]
      R 3  buy $ 29,110.81   sel     $29,280.00   [strat=mangla_mirroring_responder]
      R 4  buy $ 28,995.79   sel     $29,280.00   [strat=mangla_mirroring_responder]
      R 5  buy $ 10,123.04   sel     $29,280.00   [strat=mangla_mirroring_responder]
      R 6  buy $ 25,559.06   sel     $28,800.00   [strat=mangla_mirroring_responder]
      R 7  buy $ 16,761.19   sel     $29,000.00   [strat=mangla_mirroring_responder]
      R 8  buy $    277.84   sel     $29,000.00   [strat=mangla_mirroring_responder]
      R 9  buy $ 17,497.41   sel     $29,200.00   [strat=mangla_mirroring_responder]
      R10  buy $ 28,520.04   sel     $29,100.00   [strat=mangla_mirroring_responder]
      R11  buy $  6,951.78   sel     $29,200.00   [strat=mangla_mirroring_responder]
      R12  buy $ 17,452.20   sel     $29,200.00   [strat=mangla_mirroring_responder]
      R13  buy $ 28,943.39   sel     $29,100.00   [strat=mangla_mirroring_responder]
      R14  buy $ 21,083.81   sel     $29,200.00   [strat=mangla_mirroring_responder]
      R15  buy $ 25,471.47   sel     $29,000.00   [strat=mangla_mirroring_responder]
      R16  buy $  9,329.88   sel     $29,200.00   [strat=mangla_mirroring_responder]
   run 14 done in 5.4 min

   run 15/30 on 2022 Toyota RAV4 XLE AWD  seed=21163434
      R 1  buy $ 25,147.84   sel     $30,995.00   [strat=mangla_mirroring_responder] *
      R 2  buy $ 15,355.42   sel     $30,995.00   [strat=mangla_mirroring_responder]
      R 3  buy $ 12,180.80   sel     $30,995.00   [strat=mangla_mirroring_responder]
      R 4  buy $ 19,587.57   sel     $29,500.00   [strat=mangla_mirroring_responder]
      R 5  buy $ 13,329.79   sel     $29,500.00   [strat=mangla_mirroring_responder]
      R 6  buy $ 12,310.63   sel     $29,500.00   [strat=mangla_mirroring_responder]
      R 7  buy $  7,507.82   sel     $29,500.00   [strat=mangla_mirroring_responder]
      R 8  buy $ 24,491.28   sel     $28,500.00   [strat=mangla_mirroring_responder]
      R 9  buy $  7,675.56   sel     $28,500.00   [strat=mangla_mirroring_responder]
      R10  buy $ 16,962.53   sel     $27,500.00   [strat=mangla_mirroring_responder]
      R11  buy $  1,972.30   sel     $28,000.00   [strat=mangla_mirroring_responder]
      R12  buy $ 16,164.01   sel     $28,000.00   [strat=mangla_mirroring_responder]
      R13  buy $  4,933.36   sel     $28,500.00   [strat=mangla_mirroring_responder]
      R14  buy $ 14,374.78   sel     $28,800.00   [strat=mangla_mirroring_responder]
      R15  buy $ 13,662.59   sel     $29,000.00   [strat=mangla_mirroring_responder]
      R16  buy $ 21,999.41   sel     $27,500.00   [strat=mangla_mirroring_responder]
   run 15 done in 4.3 min

   run 16/30 on 2022 Toyota RAV4 XLE AWD  seed=21163435
      R 1  buy $ 20,579.03   sel     $30,000.00   [strat=mangla_mirroring_responder] *
      R 2  buy $  3,108.30   sel     $29,950.00   [strat=mangla_mirroring_responder]
      R 3  buy $  2,817.53   sel     $29,900.00   [strat=mangla_mirroring_responder]
      R 4  buy $  1,508.92   sel     $29,850.00   [strat=mangla_mirroring_responder]
      R 5  buy $ 25,834.47   sel     $28,500.00   [strat=mangla_mirroring_responder]
      R 6  buy $ 21,419.81   sel     $28,450.00   [strat=mangla_mirroring_responder]
      R 7  buy $ 17,975.71   sel     $28,400.00   [strat=mangla_mirroring_responder]
      R 8  buy $ 10,278.06   sel     $28,350.00   [strat=mangla_mirroring_responder]
      R 9  buy $ 12,657.45   sel     $28,250.00   [strat=mangla_mirroring_responder]
      R10  buy $  8,477.98   sel     $28,200.00   [strat=mangla_mirroring_responder]
      R11  buy $ 12,951.53   sel     $27,950.00   [strat=mangla_mirroring_responder]
      R12  buy $  8,864.65   sel     $27,900.00   [strat=mangla_mirroring_responder]
      R13  buy $ 12,433.08   sel     $27,500.00   [strat=mangla_mirroring_responder]
      R14  buy $  4,532.63   sel     $27,450.00   [strat=mangla_mirroring_responder]
      R15  buy $  4,962.93   sel     $27,400.00   [strat=mangla_mirroring_responder]
      R16  buy $ 26,960.40   sel     $26,400.00   [strat=mangla_mirroring_responder]
   run 16 done in 4.9 min

   run 17/30 on 2022 Toyota RAV4 XLE AWD  seed=21163436
      R 1  buy $ 24,730.47   sel     $29,000.00   [strat=mangla_mirroring_responder] *
      R 2  buy $  5,855.14   sel     $29,000.00   [strat=mangla_mirroring_responder]
      R 3  buy $  1,368.27   sel     $29,000.00   [strat=mangla_mirroring_responder]
      R 4  buy $ 11,645.79   sel     $28,500.00   [strat=mangla_mirroring_responder]
      R 5  buy $ 20,976.73   sel     $27,500.00   [strat=mangla_mirroring_responder]
      R 6  buy $  9,852.26   sel     $28,000.00   [strat=mangla_mirroring_responder]
      R 7  buy $  4,671.50   sel     $28,500.00   [strat=mangla_mirroring_responder]
      R 8  buy $  7,601.60   sel     $27,500.00   [strat=mangla_mirroring_responder]
      R 9  buy $ 26,502.92   sel     $27,000.00   [strat=mangla_mirroring_responder]
      R10  buy $ 10,156.11   sel     $28,500.00   [strat=mangla_mirroring_responder]
      R11  buy $ 21,815.64   sel     $26,000.00   [strat=mangla_mirroring_responder]
      R12  buy $ 19,735.49   sel     $26,500.00   [strat=mangla_mirroring_responder]
      R13  buy $ 23,527.99   sel     $25,500.00   [strat=mangla_mirroring_responder]
      R14  buy $ 21,770.54   sel     $26,000.00   [strat=mangla_mirroring_responder]
      R15  buy $ 23,555.11   sel     $25,250.00   [strat=mangla_mirroring_responder]
      R16  buy $ 12,214.10   sel     $26,000.00   [strat=mangla_mirroring_responder]
   run 17 done in 7.0 min

   run 18/30 on 2022 Toyota RAV4 XLE AWD  seed=21163437
      R 1  buy $  2,269.68   sel     PARSE-FAIL   [strat=mangla_mirroring_responder] *
      R 2  buy $ 29,442.71   sel     $30,500.00   [strat=mangla_mirroring_responder]
      R 3  buy $  9,578.12   sel     $30,500.00   [strat=mangla_mirroring_responder]
      R 4  buy $ 24,359.32   sel     $29,800.00   [strat=mangla_mirroring_responder]
      R 5  buy $  8,672.13   sel     $29,900.00   [strat=mangla_mirroring_responder]
      R 6  buy $ 22,127.00   sel     $29,950.00   [strat=mangla_mirroring_responder]
      R 7  buy $ 15,365.53   sel     $29,990.00   [strat=mangla_mirroring_responder]
      R 8  buy $  2,775.50   sel     $30,000.00   [strat=mangla_mirroring_responder]
      R 9  buy $ 25,687.61   sel     $29,590.00   [strat=mangla_mirroring_responder]
      R10  buy $ 24,102.55   sel     $29,700.00   [strat=mangla_mirroring_responder]
      R11  buy $ 29,415.33   sel     $29,500.00   [strat=mangla_mirroring_responder]
      R12  buy $ 23,535.23   sel     $29,750.00   [strat=mangla_mirroring_responder]
      R13  buy $ 19,590.69   sel     $29,800.00   [strat=mangla_mirroring_responder]
      R14  buy $ 27,814.59   sel     $29,300.00   [strat=mangla_mirroring_responder]
      R15  buy $ 24,582.44   sel     $29,450.00   [strat=mangla_mirroring_responder]
      R16  buy $ 28,118.49   sel     $29,100.00   [strat=mangla_mirroring_responder]
   run 18 done in 6.7 min

   run 19/30 on 2022 Toyota RAV4 XLE AWD  seed=21163438
      R 1  buy $ 27,478.85   sel     $31,500.00   [strat=mangla_mirroring_responder] *
      R 2  buy $ 28,975.67   sel     $30,600.00   [strat=mangla_mirroring_responder]
      R 3  buy $ 21,136.54   sel     $30,500.00   [strat=mangla_mirroring_responder]
      R 4  buy $  5,864.99   sel     $30,400.00   [strat=mangla_mirroring_responder]
      R 5  buy $  2,106.63   sel     $30,300.00   [strat=mangla_mirroring_responder]
      R 6  buy $ 13,937.36   sel     $29,900.00   [strat=mangla_mirroring_responder]
      R 7  buy $  1,011.55   sel     $29,850.00   [strat=mangla_mirroring_responder]
      R 8  buy $ 26,934.87   sel     $29,000.00   [strat=mangla_mirroring_responder]
      R 9  buy $ 21,885.75   sel     $28,500.00   [strat=mangla_mirroring_responder]
      R10  buy $ 17,221.63   sel     $28,300.00   [strat=mangla_mirroring_responder]
      R11  buy $ 10,973.50   sel     $28,250.00   [strat=mangla_mirroring_responder]
      R12  buy $ 16,169.21   sel     $27,250.00   [strat=mangla_mirroring_responder]
      R13  buy $  2,879.50   sel     $27,200.00   [strat=mangla_mirroring_responder]
      R14  buy $ 22,902.84   sel     $26,000.00   [strat=mangla_mirroring_responder]
      R15  buy $ 13,042.39   sel     $25,900.00   [strat=mangla_mirroring_responder]
      R16  buy $ 17,015.49   sel     $24,400.00   [strat=mangla_mirroring_responder]
   run 19 done in 6.9 min

   run 20/30 on 2022 Toyota RAV4 XLE AWD  seed=21163439
      R 1  buy $  7,368.33   sel     $31,500.00   [strat=mangla_mirroring_responder] *
      R 2  buy $ 11,384.10   sel     $29,000.00   [strat=mangla_mirroring_responder]
      R 3  buy $ 17,981.14   sel     $27,800.00   [strat=mangla_mirroring_responder]
      R 4  buy $  2,044.21   sel     $27,800.00   [strat=mangla_mirroring_responder]
      R 5  buy $  4,973.90   sel     $27,500.00   [strat=mangla_mirroring_responder]
      R 6  buy $ 18,970.48   sel     $25,000.00   [strat=mangla_mirroring_responder]
      R 7  buy $  4,121.80   sel     $25,000.00   [strat=mangla_mirroring_responder]
      R 8  buy $ 14,049.94   sel     $22,000.00   [strat=mangla_mirroring_responder]
      R 9  buy $  3,700.49   sel     $25,000.00   [strat=mangla_mirroring_responder]
      R10  buy $  3,263.36   sel     $25,500.00   [strat=mangla_mirroring_responder]
      R11  buy $  8,975.69   sel     $25,800.00   [strat=mangla_mirroring_responder]
      R12  buy $  3,828.14   sel     $26,000.00   [strat=mangla_mirroring_responder]
      R13  buy $ 19,506.88   sel     $23,500.00   [strat=mangla_mirroring_responder]
      R14  buy $  1,645.54   sel     $26,500.00   [strat=mangla_mirroring_responder]
      R15  buy $ 23,823.43   sel     $25,000.00   [strat=mangla_mirroring_responder]
      R16  buy $ 11,431.53   sel     $26,500.00   [strat=mangla_mirroring_responder]
   run 20 done in 8.7 min

   run 21/30 on 2022 Toyota RAV4 XLE AWD  seed=21163440
      R 1  buy $ 21,244.86   sel     $30,995.00   [strat=mangla_mirroring_responder] *
      R 2  buy $  8,947.57   sel     $30,990.00   [strat=mangla_mirroring_responder]
      R 3  buy $ 26,077.42   sel     $29,500.00   [strat=mangla_mirroring_responder]
      R 4  buy $ 25,820.74   sel     $29,400.00   [strat=mangla_mirroring_responder]
      R 5  buy $ 19,150.49   sel     $29,300.00   [strat=mangla_mirroring_responder]
      R 6  buy $  2,362.42   sel     $29,200.00   [strat=mangla_mirroring_responder]
      R 7  buy $  3,909.45   sel     $29,100.00   [strat=mangla_mirroring_responder]
      R 8  buy $ 26,024.21   sel     $28,800.00   [strat=mangla_mirroring_responder]
      R 9  buy $ 12,356.09   sel     $28,700.00   [strat=mangla_mirroring_responder]
      R10  buy $ 24,211.42   sel     $28,200.00   [strat=mangla_mirroring_responder]
      R11  buy $ 24,346.61   sel     $27,900.00   [strat=mangla_mirroring_responder]
      R12  buy $ 14,978.55   sel     $27,700.00   [strat=mangla_mirroring_responder]
      R13  buy $ 14,679.74   sel     $27,600.00   [strat=mangla_mirroring_responder]
      R14  buy $  2,465.80   sel     $27,500.00   [strat=mangla_mirroring_responder]
      R15  buy $ 14,149.49   sel     $27,400.00   [strat=mangla_mirroring_responder]
      R16  buy $ 26,167.15   sel     $26,800.00   [strat=mangla_mirroring_responder]
   run 21 done in 4.5 min

   run 22/30 on 2022 Toyota RAV4 XLE AWD  seed=21163441
      R 1  buy $ 13,212.20   sel     $30,500.00   [strat=mangla_mirroring_responder] *
      R 2  buy $ 24,032.33   sel     $28,500.00   [strat=mangla_mirroring_responder]
      R 3  buy $ 12,360.64   sel     $28,450.00   [strat=mangla_mirroring_responder]
      R 4  buy $  1,452.70   sel     $28,400.00   [strat=mangla_mirroring_responder]
      R 5  buy $ 15,001.55   sel     $27,900.00   [strat=mangla_mirroring_responder]
      R 6  buy $ 26,148.08   sel     $27,400.00   [strat=mangla_mirroring_responder]
      R 7  buy $  9,010.57   sel     $27,500.00   [strat=mangla_mirroring_responder]
      R 8  buy $  4,644.15   sel     $27,600.00   [strat=mangla_mirroring_responder]
      R 9  buy $ 25,902.88   sel     $27,550.00   [strat=mangla_mirroring_responder]
      R10  buy $  4,854.94   sel     $27,600.00   [strat=mangla_mirroring_responder]
      R11  buy $  1,074.35   sel     $27,650.00   [strat=mangla_mirroring_responder]
      R12  buy $  9,783.77   sel     $27,700.00   [strat=mangla_mirroring_responder]
      R13  buy $ 20,370.53   sel     $27,300.00   [strat=mangla_mirroring_responder]
      R14  buy $  6,066.13   sel     $27,350.00   [strat=mangla_mirroring_responder]
      R15  buy $ 13,281.43   sel     $27,300.00   [strat=mangla_mirroring_responder]
      R16  buy $ 10,156.47   sel     $27,350.00   [strat=mangla_mirroring_responder]
   run 22 done in 6.8 min

   run 23/30 on 2022 Toyota RAV4 XLE AWD  seed=21163442
      R 1  buy $ 13,070.93   sel     $31,500.00   [strat=mangla_mirroring_responder] *
      R 2  buy $ 14,401.58   sel     $31,100.00   [strat=mangla_mirroring_responder]
      R 3  buy $  7,335.70   sel     $31,500.00   [strat=mangla_mirroring_responder]
      R 4  buy $  3,872.52   sel     $32,000.00   [strat=mangla_mirroring_responder]
      R 5  buy $ 23,329.71   sel     $30,500.00   [strat=mangla_mirroring_responder]
      R 6  buy $ 19,131.83   sel     $31,000.00   [strat=mangla_mirroring_responder]
      R 7  buy $ 20,887.90   sel     $30,200.00   [strat=mangla_mirroring_responder]
      R 8  buy $ 15,586.12   sel     $30,500.00   [strat=mangla_mirroring_responder]
      R 9  buy $ 24,490.30   sel     $28,700.00   [strat=mangla_mirroring_responder]
      R10  buy $ 11,356.69   sel     $29,000.00   [strat=mangla_mirroring_responder]
      R11  buy $  5,421.94   sel     $30,000.00   [strat=mangla_mirroring_responder]
      R12  buy $ 28,686.89   sel     $28,000.00   [strat=mangla_mirroring_responder]
      R13  buy $  8,890.71   sel     $30,000.00   [strat=mangla_mirroring_responder]
      R14  buy $ 11,653.62   sel     $30,500.00   [strat=mangla_mirroring_responder]
      R15  buy $ 28,190.37   sel     $28,500.00   [strat=mangla_mirroring_responder]
      R16  buy $  4,853.21   sel     $30,000.00   [strat=mangla_mirroring_responder]
   run 23 done in 5.6 min

   run 24/30 on 2022 Toyota RAV4 XLE AWD  seed=21163443
      R 1  buy $ 25,894.08   sel     $29,995.00   [strat=mangla_mirroring_responder] *
      R 2  buy $ 27,551.71   sel     $29,195.00   [strat=mangla_mirroring_responder]
      R 3  buy $  5,403.69   sel     $29,495.00   [strat=mangla_mirroring_responder]
      R 4  buy $ 25,272.13   sel     $29,595.00   [strat=mangla_mirroring_responder]
      R 5  buy $  3,380.47   sel     $29,695.00   [strat=mangla_mirroring_responder]
      R 6  buy $ 17,869.92   sel     $29,795.00   [strat=mangla_mirroring_responder]
      R 7  buy $ 20,918.12   sel     $29,195.00   [strat=mangla_mirroring_responder]
      R 8  buy $ 16,089.53   sel     $29,595.00   [strat=mangla_mirroring_responder]
      R 9  buy $ 29,426.32   sel     $29,395.00   [strat=mangla_mirroring_responder]
      R10  buy $ 12,804.36   sel     $29,595.00   [strat=mangla_mirroring_responder]
      R11  buy $ 25,584.80   sel     $28,895.00   [strat=mangla_mirroring_responder]
      R12  buy $ 15,233.85   sel     $29,595.00   [strat=mangla_mirroring_responder]
      R13  buy $  7,924.17   sel     $29,695.00   [strat=mangla_mirroring_responder]
      R14  buy $ 27,775.16   sel     $28,495.00   [strat=mangla_mirroring_responder]
      R15  buy $    926.89   sel     $29,695.00   [strat=mangla_mirroring_responder]
      R16  buy $  6,838.49   sel     $29,795.00   [strat=mangla_mirroring_responder]
   run 24 done in 5.3 min

   run 25/30 on 2022 Toyota RAV4 XLE AWD  seed=21163444
      R 1  buy $ 16,144.47   sel     $30,995.00   [strat=mangla_mirroring_responder] *
      R 2  buy $ 20,253.30   sel     $28,995.00   [strat=mangla_mirroring_responder]
      R 3  buy $ 22,489.14   sel     $27,500.00   [strat=mangla_mirroring_responder]
      R 4  buy $ 11,285.24   sel     $27,500.00   [strat=mangla_mirroring_responder]
      R 5  buy $ 16,737.00   sel     $27,000.00   [strat=mangla_mirroring_responder]
      R 6  buy $ 15,136.34   sel     $27,250.00   [strat=mangla_mirroring_responder]
      R 7  buy $ 18,708.73   sel     $26,500.00   [strat=mangla_mirroring_responder]
      R 8  buy $  3,419.57   sel     $26,750.00   [strat=mangla_mirroring_responder]
      R 9  buy $ 24,581.39   sel     $25,800.00   [strat=mangla_mirroring_responder]
      R10  buy $  5,548.49   sel     $26,000.00   [strat=mangla_mirroring_responder]
      R11  buy $  9,600.55   sel     $26,250.00   [strat=mangla_mirroring_responder]
      R12  buy $ 22,728.75   sel     $24,800.00   [strat=mangla_mirroring_responder]
      R13  buy $ 11,860.08   sel     $25,000.00   [strat=mangla_mirroring_responder]
      R14  buy $  5,416.54   sel     $25,250.00   [strat=mangla_mirroring_responder]
      R15  buy $ 25,240.28   sel     $24,800.00   [strat=mangla_mirroring_responder]
      R16  buy $  2,613.69   sel     $25,500.00   [strat=mangla_mirroring_responder]
   run 25 done in 6.5 min

   run 26/30 on 2022 Toyota RAV4 XLE AWD  seed=21163445
      R 1  buy $ 20,121.19   sel     $29,500.00   [strat=mangla_mirroring_responder] *
      R 2  buy $ 27,703.42   sel     $28,900.00   [strat=mangla_mirroring_responder]
      R 3  buy $ 20,864.76   sel     $28,900.00   [strat=mangla_mirroring_responder]
      R 4  buy $ 16,012.30   sel     $28,900.00   [strat=mangla_mirroring_responder]
      R 5  buy $ 18,728.76   sel     $27,500.00   [strat=mangla_mirroring_responder]
      R 6  buy $ 23,045.94   sel     $26,000.00   [strat=mangla_mirroring_responder]
      R 7  buy $ 11,855.20   sel     $26,500.00   [strat=mangla_mirroring_responder]
      R 8  buy $ 15,910.55   sel     $26,500.00   [strat=mangla_mirroring_responder]
      R 9  buy $ 18,918.86   sel     $25,500.00   [strat=mangla_mirroring_responder]
      R10  buy $  1,409.80   sel     $26,500.00   [strat=mangla_mirroring_responder]
      R11  buy $  4,179.51   sel     $26,500.00   [strat=mangla_mirroring_responder]
      R12  buy $ 13,181.78   sel     $26,500.00   [strat=mangla_mirroring_responder]
      R13  buy $ 16,220.77   sel     $26,000.00   [strat=mangla_mirroring_responder]
      R14  buy $  3,259.58   sel     $26,500.00   [strat=mangla_mirroring_responder]
      R15  buy $    167.23   sel     $26,800.00   [strat=mangla_mirroring_responder]
      R16  buy $ 19,318.05   sel     $25,500.00   [strat=mangla_mirroring_responder]
   run 26 done in 4.8 min

   run 27/30 on 2022 Toyota RAV4 XLE AWD  seed=21163446
      R 1  buy $ 12,627.85   sel     $31,500.00   [strat=mangla_mirroring_responder] *
      R 2  buy $ 29,454.71   sel     $30,700.00   [strat=mangla_mirroring_responder]
      R 3  buy $ 17,673.04   sel     $31,000.00   [strat=mangla_mirroring_responder]
      R 4  buy $  7,747.24   sel     $31,200.00   [strat=mangla_mirroring_responder]
      R 5  buy $  5,644.17   sel     $31,300.00   [strat=mangla_mirroring_responder]
      R 6  buy $ 31,034.33   sel     $31,200.00   [strat=mangla_mirroring_responder]
      R 7  buy $ 10,362.08   sel     $31,300.00   [strat=mangla_mirroring_responder]
      R 8  buy $ 20,287.96   sel     $31,200.00   [strat=mangla_mirroring_responder]
      R 9  buy $ 13,105.25   sel     $31,300.00   [strat=mangla_mirroring_responder]
      R10  buy $ 24,744.77   sel     $31,100.00   [strat=mangla_mirroring_responder]
      R11  buy $ 16,677.58   sel     $31,200.00   [strat=mangla_mirroring_responder]
      R12  buy $ 14,973.26   sel     $31,300.00   [strat=mangla_mirroring_responder]
      R13  buy $  8,865.48   sel     $31,400.00   [strat=mangla_mirroring_responder]
      R14  buy $ 13,223.97   sel     $31,500.00   [strat=mangla_mirroring_responder]
      R15  buy $    330.38   sel     $31,600.00   [strat=mangla_mirroring_responder]
      R16  buy $ 22,481.60   sel     $31,200.00   [strat=mangla_mirroring_responder]
   run 27 done in 7.4 min

   run 28/30 on 2022 Toyota RAV4 XLE AWD  seed=21163447
      R 1  buy $ 27,656.14   sel     $31,500.00   [strat=mangla_mirroring_responder] *
      R 2  buy $  9,686.64   sel     $31,500.00   [strat=mangla_mirroring_responder]
      R 3  buy $ 14,900.93   sel     $31,200.00   [strat=mangla_mirroring_responder]
      R 4  buy $ 14,995.79   sel     $31,100.00   [strat=mangla_mirroring_responder]
      R 5  buy $ 10,900.24   sel     $31,100.00   [strat=mangla_mirroring_responder]
      R 6  buy $ 20,856.50   sel     $30,500.00   [strat=mangla_mirroring_responder]
      R 7  buy $ 16,643.09   sel     $30,500.00   [strat=mangla_mirroring_responder]
      R 8  buy $  2,378.09   sel     $30,600.00   [strat=mangla_mirroring_responder]
      R 9  buy $  4,630.84   sel     $30,600.00   [strat=mangla_mirroring_responder]
      R10  buy $ 12,036.06   sel     $30,200.00   [strat=mangla_mirroring_responder]
      R11  buy $ 21,190.30   sel     $29,800.00   [strat=mangla_mirroring_responder]
      R12  buy $  1,640.68   sel     $30,000.00   [strat=mangla_mirroring_responder]
      R13  buy $ 29,549.27   sel     $29,700.00   [strat=mangla_mirroring_responder]
      R14  buy $ 28,266.61   sel     $29,800.00   [strat=mangla_mirroring_responder]
      R15  buy $ 13,887.08   sel     $30,000.00   [strat=mangla_mirroring_responder]
      R16  buy $ 24,103.10   sel     $29,500.00   [strat=mangla_mirroring_responder]
   run 28 done in 5.7 min

   run 29/30 on 2022 Toyota RAV4 XLE AWD  seed=21163448
      R 1  buy $ 24,055.54   sel     $30,500.00   [strat=mangla_mirroring_responder] *
      R 2  buy $ 25,235.29   sel     $29,800.00   [strat=mangla_mirroring_responder]
      R 3  buy $ 17,781.38   sel     $29,800.00   [strat=mangla_mirroring_responder]
      R 4  buy $ 17,104.95   sel     $29,800.00   [strat=mangla_mirroring_responder]
      R 5  buy $ 11,170.23   sel     $29,800.00   [strat=mangla_mirroring_responder]
      R 6  buy $ 11,605.12   sel     $29,800.00   [strat=mangla_mirroring_responder]
      R 7  buy $ 28,783.08   sel     $29,200.00   [strat=mangla_mirroring_responder]
      R 8  buy $  9,184.24   sel     $29,200.00   [strat=mangla_mirroring_responder]
      R 9  buy $  1,348.85   sel     $29,200.00   [strat=mangla_mirroring_responder]
      R10  buy $ 27,591.01   sel     $28,900.00   [strat=mangla_mirroring_responder]
      R11  buy $ 19,543.76   sel     $29,200.00   [strat=mangla_mirroring_responder]
      R12  buy $  2,744.77   sel     $29,200.00   [strat=mangla_mirroring_responder]
      R13  buy $ 24,128.10   sel     $28,800.00   [strat=mangla_mirroring_responder]
      R14  buy $  4,292.92   sel     $28,700.00   [strat=mangla_mirroring_responder]
      R15  buy $ 12,863.04   sel     $28,700.00   [strat=mangla_mirroring_responder]
      R16  buy $ 25,935.62   sel     $28,500.00   [strat=mangla_mirroring_responder]
   run 29 done in 5.7 min

   run 30/30 on 2022 Toyota RAV4 XLE AWD  seed=21163449
      R 1  buy $ 24,175.83   sel     $29,995.00   [strat=mangla_mirroring_responder] *
      R 2  buy $ 12,951.79   sel     $30,500.00   [strat=mangla_mirroring_responder]
      R 3  buy $  1,872.92   sel     $30,750.00   [strat=mangla_mirroring_responder]
      R 4  buy $ 28,204.70   sel     $30,000.00   [strat=mangla_mirroring_responder]
      R 5  buy $ 14,905.00   sel     $30,250.00   [strat=mangla_mirroring_responder]
      R 6  buy $ 22,095.85   sel     $30,500.00   [strat=mangla_mirroring_responder]
      R 7  buy $ 17,677.61   sel     $30,750.00   [strat=mangla_mirroring_responder]
      R 8  buy $ 21,108.47   sel     $29,500.00   [strat=mangla_mirroring_responder]
      R 9  buy $  4,900.17   sel     $31,000.00   [strat=mangla_mirroring_responder]
      R10  buy $ 28,779.59   sel     $29,500.00   [strat=mangla_mirroring_responder]
      R11  buy $  1,960.02   sel     $31,250.00   [strat=mangla_mirroring_responder]
      R12  buy $ 22,798.57   sel     $29,500.00   [strat=mangla_mirroring_responder]
      R13  buy $ 24,747.68   sel     $28,500.00   [strat=mangla_mirroring_responder]
      R14  buy $ 24,830.22   sel     $28,450.00   [strat=mangla_mirroring_responder]
      R15  buy $  9,468.67   sel     $28,750.00   [strat=mangla_mirroring_responder]
      R16  buy $ 15,568.39   sel     $29,000.00   [strat=mangla_mirroring_responder]
   run 30 done in 5.6 min

   ---> checkpoint: car 4/5 done in 175.6 min; total so far 807.3 min; saved 120 runs to exp09_fixed_mangla_mirroring_responder.json

--- CAR 5/5: 2023 Ford Mustang GT Premium  (M=$45,000.00  cost=$36,000.00  cost/M=80.00%) ---

   run 1/30 on 2023 Ford Mustang GT Premium  seed=21164420
      R 1  buy $  2,846.93   sel     $44,500.00   [strat=mangla_mirroring_responder] *
      R 2  buy $ 42,556.21   sel     $43,500.00   [strat=mangla_mirroring_responder]
      R 3  buy $ 32,018.55   sel     $43,250.00   [strat=mangla_mirroring_responder]
      R 4  buy $  4,148.53   sel     $43,200.00   [strat=mangla_mirroring_responder]
      R 5  buy $ 21,504.40   sel     $43,000.00   [strat=mangla_mirroring_responder]
      R 6  buy $ 33,152.30   sel     $42,900.00   [strat=mangla_mirroring_responder]
      R 7  buy $ 31,063.07   sel     $42,850.00   [strat=mangla_mirroring_responder]
      R 8  buy $ 21,671.09   sel     $43,000.00   [strat=mangla_mirroring_responder]
      R 9  buy $ 29,433.55   sel     $42,750.00   [strat=mangla_mirroring_responder]
      R10  buy $ 23,101.77   sel     $42,800.00   [strat=mangla_mirroring_responder]
      R11  buy $ 27,079.64   sel     $42,500.00   [strat=mangla_mirroring_responder]
      R12  buy $ 28,922.41   sel     $42,250.00   [strat=mangla_mirroring_responder]
      R13  buy $ 31,012.07   sel     $41,500.00   [strat=mangla_mirroring_responder]
      R14  buy $ 25,249.66   sel     $41,250.00   [strat=mangla_mirroring_responder]
      R15  buy $ 16,649.18   sel     $41,500.00   [strat=mangla_mirroring_responder]
      R16  buy $ 13,110.02   sel     $41,750.00   [strat=mangla_mirroring_responder]
   run 1 done in 5.9 min

   run 2/30 on 2023 Ford Mustang GT Premium  seed=21164421
      R 1  buy $ 11,872.06   sel     $44,500.00   [strat=mangla_mirroring_responder] *
      R 2  buy $ 21,908.91   sel     $42,500.00   [strat=mangla_mirroring_responder]
      R 3  buy $ 14,039.00   sel     $42,500.00   [strat=mangla_mirroring_responder]
      R 4  buy $ 32,364.52   sel     $40,000.00   [strat=mangla_mirroring_responder]
      R 5  buy $  9,823.98   sel     $42,500.00   [strat=mangla_mirroring_responder]
      R 6  buy $ 34,287.31   sel     $39,000.00   [strat=mangla_mirroring_responder]
      R 7  buy $ 27,216.04   sel     $38,500.00   [strat=mangla_mirroring_responder]
      R 8  buy $ 37,565.51   sel     $38,000.00   [strat=mangla_mirroring_responder]
      R 9  buy $ 19,684.21   sel     $38,500.00   [strat=mangla_mirroring_responder]
      R10  buy $  1,543.34   sel     $38,500.00   [strat=mangla_mirroring_responder]
      R11  buy $ 34,120.41   sel     $37,000.00   [strat=mangla_mirroring_responder]
      R12  buy $ 12,237.00   sel     $38,000.00   [strat=mangla_mirroring_responder]
      R13  buy $ 25,330.57   sel     $37,500.00   [strat=mangla_mirroring_responder]
      R14  buy $ 36,165.14   sel     $37,000.00   [strat=mangla_mirroring_responder]
      R15  buy $ 32,189.45   sel     $37,500.00   [strat=mangla_mirroring_responder]
      R16  buy $ 31,057.07   sel     $37,700.00   [strat=mangla_mirroring_responder]
   run 2 done in 7.2 min

   run 3/30 on 2023 Ford Mustang GT Premium  seed=21164422
      R 1  buy $ 27,946.36   sel     $43,995.00   [strat=mangla_mirroring_responder] *
      R 2  buy $ 27,463.67   sel     $44,500.00   [strat=mangla_mirroring_responder]
      R 3  buy $ 32,986.39   sel     $43,500.00   [strat=mangla_mirroring_responder]
      R 4  buy $ 37,683.67   sel     $42,500.00   [strat=mangla_mirroring_responder]
      R 5  buy $ 28,405.83   sel     $42,495.00   [strat=mangla_mirroring_responder]
      R 6  buy $ 40,410.64   sel     $41,800.00   [strat=mangla_mirroring_responder]
      R 7  buy $ 41,059.86   sel     $41,400.00   [strat=mangla_mirroring_responder]
      R 8  buy $ 32,917.98   sel     $41,500.00   [strat=mangla_mirroring_responder]
      R 9  buy $  5,776.58   sel     $41,500.00   [strat=mangla_mirroring_responder]
      R10  buy $  8,021.18   sel     $41,600.00   [strat=mangla_mirroring_responder]
      R11  buy $ 18,975.54   sel     $41,500.00   [strat=mangla_mirroring_responder]
      R12  buy $  5,659.77   sel     $41,600.00   [strat=mangla_mirroring_responder]
      R13  buy $ 35,751.07   sel     $40,000.00   [strat=mangla_mirroring_responder]
      R14  buy $  7,903.31   sel     $40,100.00   [strat=mangla_mirroring_responder]
      R15  buy $ 18,623.76   sel     $40,200.00   [strat=mangla_mirroring_responder]
      R16  buy $ 29,265.43   sel     $40,300.00   [strat=mangla_mirroring_responder]
   run 3 done in 7.1 min

   run 4/30 on 2023 Ford Mustang GT Premium  seed=21164423
      R 1  buy $ 21,695.35   sel     $44,500.00   [strat=mangla_mirroring_responder] *
      R 2  buy $ 26,918.93   sel     $43,500.00   [strat=mangla_mirroring_responder]
      R 3  buy $ 16,854.02   sel     $43,500.00   [strat=mangla_mirroring_responder]
      R 4  buy $ 26,630.86   sel     $43,500.00   [strat=mangla_mirroring_responder]
      R 5  buy $ 14,905.38   sel     $43,500.00   [strat=mangla_mirroring_responder]
      R 6  buy $ 25,688.32   sel     $43,500.00   [strat=mangla_mirroring_responder]
      R 7  buy $ 22,760.84   sel     $43,500.00   [strat=mangla_mirroring_responder]
      R 8  buy $  7,240.76   sel     $44,000.00   [strat=mangla_mirroring_responder]
      R 9  buy $ 15,037.41   sel     $43,800.00   [strat=mangla_mirroring_responder]
      R10  buy $ 24,474.81   sel     $43,000.00   [strat=mangla_mirroring_responder]
      R11  buy $ 26,571.46   sel     $42,400.00   [strat=mangla_mirroring_responder]
      R12  buy $ 18,968.60   sel     $42,800.00   [strat=mangla_mirroring_responder]
      R13  buy $ 20,341.26   sel     $42,600.00   [strat=mangla_mirroring_responder]
      R14  buy $ 33,048.20   sel     $41,500.00   [strat=mangla_mirroring_responder]
      R15  buy $  2,692.16   sel     $42,000.00   [strat=mangla_mirroring_responder]
      R16  buy $ 41,276.45   sel     $41,500.00   [strat=mangla_mirroring_responder]
   run 4 done in 8.0 min

   run 5/30 on 2023 Ford Mustang GT Premium  seed=21164424
      R 1  buy $ 40,310.47   sel     $44,500.00   [strat=mangla_mirroring_responder] *
      R 2  buy $ 29,948.57   sel     $44,500.00   [strat=mangla_mirroring_responder]
      R 3  buy $ 12,640.40   sel     $44,500.00   [strat=mangla_mirroring_responder]
      R 4  buy $ 38,319.14   sel     $42,000.00   [strat=mangla_mirroring_responder]
      R 5  buy $ 31,023.05   sel     $42,000.00   [strat=mangla_mirroring_responder]
      R 6  buy $ 36,665.85   sel     $39,500.00   [strat=mangla_mirroring_responder]
      R 7  buy $ 32,657.25   sel     $39,500.00   [strat=mangla_mirroring_responder]
      R 8  buy $ 24,966.55   sel     $39,500.00   [strat=mangla_mirroring_responder]
      R 9  buy $ 26,248.65   sel     $39,500.00   [strat=mangla_mirroring_responder]
      R10  buy $  4,463.30   sel     $39,500.00   [strat=mangla_mirroring_responder]
      R11  buy $  6,618.21   sel     $39,500.00   [strat=mangla_mirroring_responder]
      R12  buy $ 11,879.94   sel     $39,000.00   [strat=mangla_mirroring_responder]
      R13  buy $ 12,810.84   sel     $38,900.00   [strat=mangla_mirroring_responder]
      R14  buy $ 15,074.43   sel     $38,500.00   [strat=mangla_mirroring_responder]
      R15  buy $ 25,975.75   sel     $38,000.00   [strat=mangla_mirroring_responder]
      R16  buy $ 21,291.31   sel     $38,000.00   [strat=mangla_mirroring_responder]
   run 5 done in 5.5 min

   run 6/30 on 2023 Ford Mustang GT Premium  seed=21164425
      R 1  buy $    998.88   sel     $44,995.00   [strat=mangla_mirroring_responder] *
      R 2  buy $ 42,838.73   sel     $44,000.00   [strat=mangla_mirroring_responder]
      R 3  buy $ 28,932.88   sel     $43,500.00   [strat=mangla_mirroring_responder]
      R 4  buy $ 36,863.76   sel     $42,500.00   [strat=mangla_mirroring_responder]
      R 5  buy $ 33,673.59   sel     $42,750.00   [strat=mangla_mirroring_responder]
      R 6  buy $  4,557.69   sel     $43,000.00   [strat=mangla_mirroring_responder]
      R 7  buy $ 16,436.85   sel     $43,250.00   [strat=mangla_mirroring_responder]
      R 8  buy $ 20,845.64   sel     $43,000.00   [strat=mangla_mirroring_responder]
      R 9  buy $ 23,735.75   sel     $42,500.00   [strat=mangla_mirroring_responder]
      R10  buy $ 26,438.72   sel     $42,000.00   [strat=mangla_mirroring_responder]
      R11  buy $ 39,730.49   sel     $41,500.00   [strat=mangla_mirroring_responder]
      R12  buy $ 31,240.09   sel     $42,250.00   [strat=mangla_mirroring_responder]
      R13  buy $ 31,007.56   sel     $42,500.00   [strat=mangla_mirroring_responder]
      R14  buy $ 24,678.16   sel     $42,750.00   [strat=mangla_mirroring_responder]
      R15  buy $ 10,457.77   sel     $43,000.00   [strat=mangla_mirroring_responder]
      R16  buy $ 26,614.84   sel     $42,750.00   [strat=mangla_mirroring_responder]
   run 6 done in 4.7 min

   run 7/30 on 2023 Ford Mustang GT Premium  seed=21164426
      R 1  buy $ 42,985.89   sel     $44,500.00   [strat=mangla_mirroring_responder] *
      R 2  buy $ 13,331.06   sel     $44,250.00   [strat=mangla_mirroring_responder]
      R 3  buy $ 28,685.99   sel     $44,500.00   [strat=mangla_mirroring_responder]
      R 4  buy $ 11,077.08   sel     $44,750.00   [strat=mangla_mirroring_responder]
      R 5  buy $ 10,714.55   sel     $45,000.00   [strat=mangla_mirroring_responder]
      R 6  buy $ 25,992.54   sel     $44,500.00   [strat=mangla_mirroring_responder]
      R 7  buy $  3,755.13   sel     $45,000.00   [strat=mangla_mirroring_responder]
      R 8  buy $  8,589.63   sel     $45,000.00   [strat=mangla_mirroring_responder]
      R 9  buy $ 40,953.08   sel     $43,500.00   [strat=mangla_mirroring_responder]
      R10  buy $ 23,178.45   sel     $44,500.00   [strat=mangla_mirroring_responder]
      R11  buy $ 15,116.59   sel     $45,000.00   [strat=mangla_mirroring_responder]
      R12  buy $  1,139.42   sel     $45,500.00   [strat=mangla_mirroring_responder]
      R13  buy $  2,604.77   sel     $45,400.00   [strat=mangla_mirroring_responder]
      R14  buy $  9,272.32   sel     $44,600.00   [strat=mangla_mirroring_responder]
      R15  buy $  9,842.80   sel     $44,500.00   [strat=mangla_mirroring_responder]
      R16  buy $  9,054.42   sel     $44,600.00   [strat=mangla_mirroring_responder]
   run 7 done in 6.1 min

   run 8/30 on 2023 Ford Mustang GT Premium  seed=21164427
      R 1  buy $ 43,450.84   sel     $44,500.00   [strat=mangla_mirroring_responder] *
      R 2  buy $  4,426.84   sel     $44,500.00   [strat=mangla_mirroring_responder]
      R 3  buy $ 10,428.16   sel     $44,250.00   [strat=mangla_mirroring_responder]
      R 4  buy $ 24,860.30   sel     $43,000.00   [strat=mangla_mirroring_responder]
      R 5  buy $    437.02   sel     $43,500.00   [strat=mangla_mirroring_responder]
      R 6  buy $ 40,938.05   sel     $42,500.00   [strat=mangla_mirroring_responder]
      R 7  buy $ 24,024.80   sel     $42,500.00   [strat=mangla_mirroring_responder]
      R 8  buy $ 14,781.36   sel     $42,750.00   [strat=mangla_mirroring_responder]
      R 9  buy $  7,608.31   sel     $43,000.00   [strat=mangla_mirroring_responder]
      R10  buy $  2,549.02   sel     $43,250.00   [strat=mangla_mirroring_responder]
      R11  buy $  2,753.05   sel     $43,200.00   [strat=mangla_mirroring_responder]
      R12  buy $ 12,647.55   sel     $43,000.00   [strat=mangla_mirroring_responder]
      R13  buy $  5,946.23   sel     $43,100.00   [strat=mangla_mirroring_responder]
      R14  buy $ 17,970.80   sel     $42,000.00   [strat=mangla_mirroring_responder]
      R15  buy $  2,499.33   sel     $42,500.00   [strat=mangla_mirroring_responder]
      R16  buy $  8,395.50   sel     $42,750.00   [strat=mangla_mirroring_responder]
   run 8 done in 7.3 min

   run 9/30 on 2023 Ford Mustang GT Premium  seed=21164428
      R 1  buy $  1,964.92   sel     $44,500.00   [strat=mangla_mirroring_responder] *
      R 2  buy $ 25,002.10   sel     $42,000.00   [strat=mangla_mirroring_responder]
      R 3  buy $ 41,375.67   sel     $41,600.00   [strat=mangla_mirroring_responder]
      R 4  buy $ 25,019.40   sel     $41,500.00   [strat=mangla_mirroring_responder]
      R 5  buy $ 15,616.95   sel     $41,450.00   [strat=mangla_mirroring_responder]
      R 6  buy $ 32,191.99   sel     $41,300.00   [strat=mangla_mirroring_responder]
      R 7  buy $ 22,530.61   sel     $41,250.00   [strat=mangla_mirroring_responder]
      R 8  buy $ 28,031.03   sel     $41,200.00   [strat=mangla_mirroring_responder]
      R 9  buy $ 22,567.36   sel     $41,150.00   [strat=mangla_mirroring_responder]
      R10  buy $ 20,576.15   sel     $41,100.00   [strat=mangla_mirroring_responder]
      R11  buy $ 27,270.95   sel     $40,600.00   [strat=mangla_mirroring_responder]
      R12  buy $ 38,871.24   sel     $40,200.00   [strat=mangla_mirroring_responder]
      R13  buy $ 23,650.64   sel     $40,100.00   [strat=mangla_mirroring_responder]
      R14  buy $ 18,476.61   sel     $40,050.00   [strat=mangla_mirroring_responder]
      R15  buy $ 19,035.91   sel     $40,000.00   [strat=mangla_mirroring_responder]
      R16  buy $ 20,440.76   sel     $39,950.00   [strat=mangla_mirroring_responder]
   run 9 done in 6.7 min

   run 10/30 on 2023 Ford Mustang GT Premium  seed=21164429
      R 1  buy $ 38,242.15   sel     $42,500.00   [strat=mangla_mirroring_responder] *
      R 2  buy $ 17,478.44   sel     $42,250.00   [strat=mangla_mirroring_responder]
      R 3  buy $ 26,747.50   sel     $41,750.00   [strat=mangla_mirroring_responder]
      R 4  buy $ 32,928.69   sel     $40,750.00   [strat=mangla_mirroring_responder]
      R 5  buy $ 37,443.32   sel     $39,750.00   [strat=mangla_mirroring_responder]
      R 6  buy $ 16,860.42   sel     $40,000.00   [strat=mangla_mirroring_responder]
      R 7  buy $ 37,530.19   sel     $39,900.00   [strat=mangla_mirroring_responder]
      R 8  buy $ 18,321.21   sel     $40,000.00   [strat=mangla_mirroring_responder]
      R 9  buy $ 31,340.81   sel     $40,250.00   [strat=mangla_mirroring_responder]
      R10  buy $ 31,987.02   sel     $40,500.00   [strat=mangla_mirroring_responder]
      R11  buy $ 16,750.98   sel     $40,750.00   [strat=mangla_mirroring_responder]
      R12  buy $ 16,826.56   sel     $41,000.00   [strat=mangla_mirroring_responder]
      R13  buy $ 28,745.88   sel     $40,750.00   [strat=mangla_mirroring_responder]
      R14  buy $ 32,189.18   sel     $40,000.00   [strat=mangla_mirroring_responder]
      R15  buy $ 18,340.66   sel     $40,250.00   [strat=mangla_mirroring_responder]
      R16  buy $  1,127.34   sel     $41,000.00   [strat=mangla_mirroring_responder]
   run 10 done in 6.6 min

   run 11/30 on 2023 Ford Mustang GT Premium  seed=21164430
      R 1  buy $ 43,153.39   sel     $44,500.00   [strat=mangla_mirroring_responder] *
      R 2  buy $ 32,036.15   sel     $44,400.00   [strat=mangla_mirroring_responder]
      R 3  buy $ 23,743.84   sel     $44,300.00   [strat=mangla_mirroring_responder]
      R 4  buy $ 19,498.23   sel     $44,400.00   [strat=mangla_mirroring_responder]
      R 5  buy $ 31,585.29   sel     $42,900.00   [strat=mangla_mirroring_responder]
      R 6  buy $ 17,627.20   sel     $44,000.00   [strat=mangla_mirroring_responder]
      R 7  buy $ 30,861.89   sel     $43,900.00   [strat=mangla_mirroring_responder]
      R 8  buy $ 16,995.71   sel     $44,400.00   [strat=mangla_mirroring_responder]
      R 9  buy $ 27,305.38   sel     $44,500.00   [strat=mangla_mirroring_responder]
      R10  buy $ 26,484.70   sel     $44,600.00   [strat=mangla_mirroring_responder]
      R11  buy $ 35,353.13   sel     $43,800.00   [strat=mangla_mirroring_responder]
      R12  buy $ 18,221.71   sel     $44,300.00   [strat=mangla_mirroring_responder]
      R13  buy $ 40,250.16   sel     $43,300.00   [strat=mangla_mirroring_responder]
      R14  buy $ 17,803.56   sel     $44,200.00   [strat=mangla_mirroring_responder]
      R15  buy $ 34,353.75   sel     $44,500.00   [strat=mangla_mirroring_responder]
      R16  buy $ 16,350.82   sel     $44,600.00   [strat=mangla_mirroring_responder]
   run 11 done in 5.1 min

   run 12/30 on 2023 Ford Mustang GT Premium  seed=21164431
      R 1  buy $ 32,059.28   sel     $44,500.00   [strat=mangla_mirroring_responder] *
      R 2  buy $  1,811.40   sel     $44,500.00   [strat=mangla_mirroring_responder]
      R 3  buy $  6,578.05   sel     $44,000.00   [strat=mangla_mirroring_responder]
      R 4  buy $ 39,037.19   sel     $42,500.00   [strat=mangla_mirroring_responder]
      R 5  buy $ 15,292.35   sel     $42,500.00   [strat=mangla_mirroring_responder]
      R 6  buy $ 34,819.94   sel     $42,500.00   [strat=mangla_mirroring_responder]
      R 7  buy $ 15,583.76   sel     $42,500.00   [strat=mangla_mirroring_responder]
      R 8  buy $  5,504.00   sel     $42,500.00   [strat=mangla_mirroring_responder]
      R 9  buy $ 34,801.44   sel     $41,500.00   [strat=mangla_mirroring_responder]
      R10  buy $ 22,547.61   sel     $41,500.00   [strat=mangla_mirroring_responder]
      R11  buy $ 10,766.31   sel     $41,500.00   [strat=mangla_mirroring_responder]
      R12  buy $ 17,026.45   sel     $41,500.00   [strat=mangla_mirroring_responder]
      R13  buy $ 34,281.28   sel     $40,000.00   [strat=mangla_mirroring_responder]
      R14  buy $ 29,840.59   sel     $39,500.00   [strat=mangla_mirroring_responder]
      R15  buy $ 31,847.21   sel     $38,500.00   [strat=mangla_mirroring_responder]
      R16  buy $ 30,307.32   sel     $38,800.00   [strat=mangla_mirroring_responder]
   run 12 done in 5.8 min

   run 13/30 on 2023 Ford Mustang GT Premium  seed=21164432
      R 1  buy $ 33,477.81   sel     $42,500.00   [strat=mangla_mirroring_responder] *
      R 2  buy $ 40,934.56   sel     $41,750.00   [strat=mangla_mirroring_responder]
      R 3  buy $ 28,140.72   sel     $41,750.00   [strat=mangla_mirroring_responder]
      R 4  buy $ 14,972.74   sel     $42,000.00   [strat=mangla_mirroring_responder]
      R 5  buy $ 28,974.37   sel     $42,250.00   [strat=mangla_mirroring_responder]
      R 6  buy $ 10,092.70   sel     $42,500.00   [strat=mangla_mirroring_responder]
      R 7  buy $ 18,960.41   sel     $42,750.00   [strat=mangla_mirroring_responder]
      R 8  buy $ 16,772.92   sel     $43,000.00   [strat=mangla_mirroring_responder]
      R 9  buy $ 29,663.06   sel     $42,500.00   [strat=mangla_mirroring_responder]
      R10  buy $ 25,648.58   sel     $43,000.00   [strat=mangla_mirroring_responder]
      R11  buy $ 22,633.62   sel     $43,500.00   [strat=mangla_mirroring_responder]
      R12  buy $ 33,147.64   sel     $42,000.00   [strat=mangla_mirroring_responder]
      R13  buy $  7,399.00   sel     $43,000.00   [strat=mangla_mirroring_responder]
      R14  buy $ 25,065.99   sel     $42,500.00   [strat=mangla_mirroring_responder]
      R15  buy $ 15,556.17   sel     $42,750.00   [strat=mangla_mirroring_responder]
      R16  buy $ 20,136.74   sel     $42,000.00   [strat=mangla_mirroring_responder]
   run 13 done in 5.4 min

   run 14/30 on 2023 Ford Mustang GT Premium  seed=21164433
      R 1  buy $ 40,655.70   sel     $44,500.00   [strat=mangla_mirroring_responder] *
      R 2  buy $ 28,779.61   sel     $44,250.00   [strat=mangla_mirroring_responder]
      R 3  buy $ 23,405.71   sel     $44,250.00   [strat=mangla_mirroring_responder]
      R 4  buy $ 24,766.63   sel     $44,000.00   [strat=mangla_mirroring_responder]
      R 5  buy $  5,205.47   sel     $44,250.00   [strat=mangla_mirroring_responder]
      R 6  buy $ 17,996.65   sel     $44,500.00   [strat=mangla_mirroring_responder]
      R 7  buy $  4,445.62   sel     $44,500.00   [strat=mangla_mirroring_responder]
      R 8  buy $ 20,148.15   sel     $44,000.00   [strat=mangla_mirroring_responder]
      R 9  buy $  4,975.81   sel     $44,500.00   [strat=mangla_mirroring_responder]
      R10  buy $  1,671.36   sel     $44,750.00   [strat=mangla_mirroring_responder]
      R11  buy $ 44,366.21   sel     $44,500.00   [strat=mangla_mirroring_responder]
      R12  buy $ 14,813.82   sel     $44,750.00   [strat=mangla_mirroring_responder]
      R13  buy $    509.25   sel     $44,900.00   [strat=mangla_mirroring_responder]
      R14  buy $ 24,465.13   sel     $45,000.00   [strat=mangla_mirroring_responder]
      R15  buy $ 32,680.88   sel     $43,700.00   [strat=mangla_mirroring_responder]
      R16  buy $ 33,315.62   sel     $43,200.00   [strat=mangla_mirroring_responder]
   run 14 done in 5.1 min

   run 15/30 on 2023 Ford Mustang GT Premium  seed=21164434
      R 1  buy $ 11,548.37   sel     $43,999.00   [strat=mangla_mirroring_responder] *
      R 2  buy $ 15,089.09   sel     $42,199.00   [strat=mangla_mirroring_responder]
      R 3  buy $ 41,245.27   sel     $41,749.00   [strat=mangla_mirroring_responder]
      R 4  buy $ 29,050.78   sel     $42,199.00   [strat=mangla_mirroring_responder]
      R 5  buy $ 37,623.36   sel     $40,999.00   [strat=mangla_mirroring_responder]
      R 6  buy $ 29,870.81   sel     $41,199.00   [strat=mangla_mirroring_responder]
      R 7  buy $  8,884.36   sel     $41,199.00   [strat=mangla_mirroring_responder]
      R 8  buy $ 15,153.71   sel     $41,199.00   [strat=mangla_mirroring_responder]
      R 9  buy $ 16,093.98   sel     $40,999.00   [strat=mangla_mirroring_responder]
      R10  buy $ 23,290.32   sel     $39,999.00   [strat=mangla_mirroring_responder]
      R11  buy $ 31,285.13   sel     $38,499.00   [strat=mangla_mirroring_responder]
      R12  buy $ 15,280.33   sel     $40,999.00   [strat=mangla_mirroring_responder]
      R13  buy $  9,215.26   sel     $41,199.00   [strat=mangla_mirroring_responder]
      R14  buy $ 12,070.50   sel     $40,699.00   [strat=mangla_mirroring_responder]
      R15  buy $ 10,167.76   sel     $41,499.00   [strat=mangla_mirroring_responder]
      R16  buy $ 12,745.71   sel     $41,199.00   [strat=mangla_mirroring_responder]
   run 15 done in 5.8 min

   run 16/30 on 2023 Ford Mustang GT Premium  seed=21164435
      R 1  buy $  2,185.34   sel     $44,500.00   [strat=mangla_mirroring_responder] *
      R 2  buy $ 34,810.35   sel     $42,000.00   [strat=mangla_mirroring_responder]
      R 3  buy $  9,205.61   sel     $42,500.00   [strat=mangla_mirroring_responder]
      R 4  buy $ 39,256.69   sel     $41,300.00   [strat=mangla_mirroring_responder]
      R 5  buy $ 14,605.70   sel     $42,500.00   [strat=mangla_mirroring_responder]
      R 6  buy $  6,712.87   sel     $42,500.00   [strat=mangla_mirroring_responder]
      R 7  buy $  7,967.32   sel     $42,500.00   [strat=mangla_mirroring_responder]
      R 8  buy $  5,199.39   sel     $42,500.00   [strat=mangla_mirroring_responder]
      R 9  buy $ 15,933.73   sel     $41,000.00   [strat=mangla_mirroring_responder]
      R10  buy $ 30,707.41   sel     $40,000.00   [strat=mangla_mirroring_responder]
      R11  buy $ 23,170.36   sel     $40,000.00   [strat=mangla_mirroring_responder]
      R12  buy $ 39,089.17   sel     $39,500.00   [strat=mangla_mirroring_responder]
      R13  buy $ 10,289.85   sel     $40,000.00   [strat=mangla_mirroring_responder]
      R14  buy $  4,409.52   sel     $41,000.00   [strat=mangla_mirroring_responder]
      R15  buy $  1,432.50   sel     $42,500.00   [strat=mangla_mirroring_responder]
      R16  buy $ 12,929.21   sel     $42,500.00   [strat=mangla_mirroring_responder]
   run 16 done in 6.3 min

   run 17/30 on 2023 Ford Mustang GT Premium  seed=21164436
      R 1  buy $ 44,206.91   sel     $44,800.00   [strat=mangla_mirroring_responder] *
      R 2  buy $ 40,902.62   sel     $44,500.00   [strat=mangla_mirroring_responder]
      R 3  buy $ 21,898.26   sel     $44,500.00   [strat=mangla_mirroring_responder]
      R 4  buy $ 30,370.75   sel     $42,000.00   [strat=mangla_mirroring_responder]
      R 5  buy $ 12,043.54   sel     $42,500.00   [strat=mangla_mirroring_responder]
      R 6  buy $ 38,280.46   sel     $41,800.00   [strat=mangla_mirroring_responder]
      R 7  buy $ 13,144.94   sel     $41,800.00   [strat=mangla_mirroring_responder]
      R 8  buy $  4,816.48   sel     $41,800.00   [strat=mangla_mirroring_responder]
      R 9  buy $ 19,189.70   sel     $41,200.00   [strat=mangla_mirroring_responder]
      R10  buy $ 12,166.83   sel     $41,800.00   [strat=mangla_mirroring_responder]
      R11  buy $ 35,015.18   sel     $40,000.00   [strat=mangla_mirroring_responder]
      R12  buy $ 20,742.92   sel     $40,500.00   [strat=mangla_mirroring_responder]
      R13  buy $  4,433.13   sel     $41,200.00   [strat=mangla_mirroring_responder]
      R14  buy $ 37,140.42   sel     $40,000.00   [strat=mangla_mirroring_responder]
      R15  buy $ 17,394.05   sel     $40,500.00   [strat=mangla_mirroring_responder]
      R16  buy $  8,829.61   sel     $41,000.00   [strat=mangla_mirroring_responder]
   run 17 done in 6.3 min

   run 18/30 on 2023 Ford Mustang GT Premium  seed=21164437
      R 1  buy $ 37,592.46   sel     $42,500.00   [strat=mangla_mirroring_responder] *
      R 2  buy $ 36,154.88   sel     $42,000.00   [strat=mangla_mirroring_responder]
      R 3  buy $  4,242.61   sel     $42,500.00   [strat=mangla_mirroring_responder]
      R 4  buy $  6,887.45   sel     $42,500.00   [strat=mangla_mirroring_responder]
      R 5  buy $ 33,008.31   sel     $41,500.00   [strat=mangla_mirroring_responder]
      R 6  buy $ 17,783.31   sel     $42,500.00   [strat=mangla_mirroring_responder]
      R 7  buy $ 35,711.21   sel     $41,000.00   [strat=mangla_mirroring_responder]
      R 8  buy $ 39,039.40   sel     $40,000.00   [strat=mangla_mirroring_responder]
      R 9  buy $ 22,849.75   sel     $42,500.00   [strat=mangla_mirroring_responder]
      R10  buy $ 40,564.84   sel     $41,250.00   [strat=mangla_mirroring_responder]
      R11  buy $ 36,652.87   sel     $41,250.00   [strat=mangla_mirroring_responder]
      R12  buy $  9,658.32   sel     $42,500.00   [strat=mangla_mirroring_responder]
      R13  buy $ 17,471.97   sel     $42,500.00   [strat=mangla_mirroring_responder]
      R14  buy $ 29,554.75   sel     $42,500.00   [strat=mangla_mirroring_responder]
      R15  buy $ 11,773.75   sel     $42,500.00   [strat=mangla_mirroring_responder]
      R16  buy $ 26,160.53   sel     $42,500.00   [strat=mangla_mirroring_responder]
   run 18 done in 6.0 min

   run 19/30 on 2023 Ford Mustang GT Premium  seed=21164438
      R 1  buy $ 40,723.39   sel     $42,500.00   [strat=mangla_mirroring_responder] *
      R 2  buy $    770.31   sel     $42,750.00   [strat=mangla_mirroring_responder]
      R 3  buy $ 29,688.84   sel     $41,250.00   [strat=mangla_mirroring_responder]
      R 4  buy $ 25,526.64   sel     $42,000.00   [strat=mangla_mirroring_responder]
      R 5  buy $ 14,524.92   sel     $42,250.00   [strat=mangla_mirroring_responder]
      R 6  buy $ 29,874.21   sel     $41,000.00   [strat=mangla_mirroring_responder]
      R 7  buy $ 33,894.81   sel     $39,500.00   [strat=mangla_mirroring_responder]
      R 8  buy $ 14,776.82   sel     $41,000.00   [strat=mangla_mirroring_responder]
      R 9  buy $    276.72   sel     $41,500.00   [strat=mangla_mirroring_responder]
      R10  buy $ 20,988.74   sel     $42,000.00   [strat=mangla_mirroring_responder]
      R11  buy $ 10,995.23   sel     $42,250.00   [strat=mangla_mirroring_responder]
      R12  buy $  2,845.57   sel     $42,500.00   [strat=mangla_mirroring_responder]
      R13  buy $ 11,895.45   sel     $42,750.00   [strat=mangla_mirroring_responder]
      R14  buy $ 10,144.85   sel     $43,000.00   [strat=mangla_mirroring_responder]
      R15  buy $ 32,491.47   sel     $40,500.00   [strat=mangla_mirroring_responder]
      R16  buy $ 27,575.71   sel     $41,000.00   [strat=mangla_mirroring_responder]
   run 19 done in 5.3 min

   run 20/30 on 2023 Ford Mustang GT Premium  seed=21164439
      R 1  buy $ 20,374.09   sel     $44,500.00   [strat=mangla_mirroring_responder] *
      R 2  buy $  1,893.87   sel     $44,750.00   [strat=mangla_mirroring_responder]
      R 3  buy $ 31,509.93   sel     $42,500.00   [strat=mangla_mirroring_responder]
      R 4  buy $ 21,735.53   sel     $43,000.00   [strat=mangla_mirroring_responder]
      R 5  buy $ 38,190.12   sel     $41,500.00   [strat=mangla_mirroring_responder]
      R 6  buy $ 12,464.94   sel     $43,500.00   [strat=mangla_mirroring_responder]
      R 7  buy $  6,190.13   sel     $44,500.00   [strat=mangla_mirroring_responder]
      R 8  buy $ 24,985.22   sel     $42,000.00   [strat=mangla_mirroring_responder]
      R 9  buy $ 21,179.73   sel     $42,500.00   [strat=mangla_mirroring_responder]
      R10  buy $ 18,551.59   sel     $43,000.00   [strat=mangla_mirroring_responder]
      R11  buy $ 10,799.96   sel     $44,500.00   [strat=mangla_mirroring_responder]
      R12  buy $ 27,289.48   sel     $42,500.00   [strat=mangla_mirroring_responder]
      R13  buy $  1,663.35   sel     $44,500.00   [strat=mangla_mirroring_responder]
      R14  buy $ 30,348.18   sel     $43,500.00   [strat=mangla_mirroring_responder]
      R15  buy $  3,945.73   sel     $44,500.00   [strat=mangla_mirroring_responder]
      R16  buy $  2,342.66   sel     $44,750.00   [strat=mangla_mirroring_responder]
   run 20 done in 7.1 min

   run 21/30 on 2023 Ford Mustang GT Premium  seed=21164440
      R 1  buy $  9,793.54   sel     $44,500.00   [strat=mangla_mirroring_responder] *
      R 2  buy $  9,850.32   sel     $44,400.00   [strat=mangla_mirroring_responder]
      R 3  buy $ 25,169.87   sel     $43,800.00   [strat=mangla_mirroring_responder]
      R 4  buy $ 27,625.12   sel     $42,600.00   [strat=mangla_mirroring_responder]
      R 5  buy $ 26,088.93   sel     $42,600.00   [strat=mangla_mirroring_responder]
      R 6  buy $ 31,850.75   sel     $40,600.00   [strat=mangla_mirroring_responder]
      R 7  buy $  3,778.02   sel     $40,600.00   [strat=mangla_mirroring_responder]
      R 8  buy $  6,756.09   sel     $40,600.00   [strat=mangla_mirroring_responder]
      R 9  buy $ 22,050.74   sel     $40,600.00   [strat=mangla_mirroring_responder]
      R10  buy $  4,627.61   sel     $40,600.00   [strat=mangla_mirroring_responder]
      R11  buy $ 25,224.00   sel     $40,800.00   [strat=mangla_mirroring_responder]
      R12  buy $ 30,276.78   sel     $39,300.00   [strat=mangla_mirroring_responder]
      R13  buy $ 26,519.73   sel     $39,500.00   [strat=mangla_mirroring_responder]
      R14  buy $ 14,179.47   sel     $39,500.00   [strat=mangla_mirroring_responder]
      R15  buy $  1,871.59   sel     $39,800.00   [strat=mangla_mirroring_responder]
      R16  buy $ 31,866.30   sel     $39,400.00   [strat=mangla_mirroring_responder]
   run 21 done in 4.1 min

   run 22/30 on 2023 Ford Mustang GT Premium  seed=21164441
      R 1  buy $ 22,179.83   sel     $44,500.00   [strat=mangla_mirroring_responder] *
      R 2  buy $  4,519.56   sel     $44,500.00   [strat=mangla_mirroring_responder]
      R 3  buy $ 27,273.40   sel     $42,000.00   [strat=mangla_mirroring_responder]
      R 4  buy $  8,456.75   sel     $42,500.00   [strat=mangla_mirroring_responder]
      R 5  buy $ 38,042.46   sel     $40,000.00   [strat=mangla_mirroring_responder]
      R 6  buy $ 18,629.90   sel     $40,000.00   [strat=mangla_mirroring_responder]
      R 7  buy $ 20,384.78   sel     $40,000.00   [strat=mangla_mirroring_responder]
      R 8  buy $  3,239.80   sel     $41,000.00   [strat=mangla_mirroring_responder]
      R 9  buy $ 12,787.35   sel     $42,000.00   [strat=mangla_mirroring_responder]
      R10  buy $  8,628.69   sel     $42,500.00   [strat=mangla_mirroring_responder]
      R11  buy $    402.75   sel     $42,500.00   [strat=mangla_mirroring_responder]
      R12  buy $  7,060.60   sel     $41,500.00   [strat=mangla_mirroring_responder]
      R13  buy $ 33,540.69   sel     $39,500.00   [strat=mangla_mirroring_responder]
      R14  buy $ 21,170.21   sel     $40,000.00   [strat=mangla_mirroring_responder]
      R15  buy $ 17,506.68   sel     $40,500.00   [strat=mangla_mirroring_responder]
      R16  buy $ 36,635.11   sel     $39,000.00   [strat=mangla_mirroring_responder]
   run 22 done in 5.7 min

   run 23/30 on 2023 Ford Mustang GT Premium  seed=21164442
      R 1  buy $ 16,589.91   sel     $42,500.00   [strat=mangla_mirroring_responder] *
      R 2  buy $  5,382.46   sel     $42,250.00   [strat=mangla_mirroring_responder]
      R 3  buy $ 17,060.16   sel     $41,500.00   [strat=mangla_mirroring_responder]
      R 4  buy $ 24,424.89   sel     $40,750.00   [strat=mangla_mirroring_responder]
      R 5  buy $  4,846.88   sel     $40,500.00   [strat=mangla_mirroring_responder]
      R 6  buy $ 25,018.92   sel     $40,250.00   [strat=mangla_mirroring_responder]
      R 7  buy $ 28,138.15   sel     $40,000.00   [strat=mangla_mirroring_responder]
      R 8  buy $ 16,265.63   sel     $39,750.00   [strat=mangla_mirroring_responder]
      R 9  buy $ 29,256.14   sel     $39,250.00   [strat=mangla_mirroring_responder]
      R10  buy $ 37,481.64   sel     $38,500.00   [strat=mangla_mirroring_responder]
      R11  buy $ 24,555.42   sel     $38,250.00   [strat=mangla_mirroring_responder]
      R12  buy $ 19,098.85   sel     $38,200.00   [strat=mangla_mirroring_responder]
      R13  buy $  1,330.29   sel     $38,150.00   [strat=mangla_mirroring_responder]
      R14  buy $ 13,467.74   sel     $38,100.00   [strat=mangla_mirroring_responder]
      R15  buy $ 30,970.02   sel     $37,500.00   [strat=mangla_mirroring_responder]
      R16  buy $ 24,714.42   sel     $37,450.00   [strat=mangla_mirroring_responder]
   run 23 done in 5.6 min

   run 24/30 on 2023 Ford Mustang GT Premium  seed=21164443
      R 1  buy $ 26,752.73   sel     $44,500.00   [strat=mangla_mirroring_responder] *
      R 2  buy $ 16,019.10   sel     $44,400.00   [strat=mangla_mirroring_responder]
      R 3  buy $ 23,679.55   sel     $43,900.00   [strat=mangla_mirroring_responder]
      R 4  buy $  2,162.19   sel     $44,000.00   [strat=mangla_mirroring_responder]
      R 5  buy $ 35,902.47   sel     $42,400.00   [strat=mangla_mirroring_responder]
      R 6  buy $ 36,722.54   sel     $41,900.00   [strat=mangla_mirroring_responder]
      R 7  buy $ 31,539.32   sel     $42,000.00   [strat=mangla_mirroring_responder]
      R 8  buy $  7,367.85   sel     $42,500.00   [strat=mangla_mirroring_responder]
      R 9  buy $ 31,114.07   sel     $42,500.00   [strat=mangla_mirroring_responder]
      R10  buy $ 18,048.98   sel     $42,600.00   [strat=mangla_mirroring_responder]
      R11  buy $ 42,229.89   sel     $42,150.00   [strat=mangla_mirroring_responder]
      R12  buy $ 32,756.19   sel     $42,500.00   [strat=mangla_mirroring_responder]
      R13  buy $ 15,698.79   sel     $42,600.00   [strat=mangla_mirroring_responder]
      R14  buy $ 42,093.54   sel     $42,100.00   [strat=mangla_mirroring_responder]
      R15  buy $ 41,520.39   sel     $42,200.00   [strat=mangla_mirroring_responder]
      R16  buy $ 27,021.32   sel     $42,700.00   [strat=mangla_mirroring_responder]
   run 24 done in 4.7 min

   run 25/30 on 2023 Ford Mustang GT Premium  seed=21164444
      R 1  buy $  9,506.81   sel     $44,500.00   [strat=mangla_mirroring_responder] *
      R 2  buy $ 17,882.41   sel     $40,500.00   [strat=mangla_mirroring_responder]
      R 3  buy $ 39,996.92   sel     $40,250.00   [strat=mangla_mirroring_responder]
      R 4  buy $ 23,194.54   sel     $40,500.00   [strat=mangla_mirroring_responder]
      R 5  buy $ 32,103.49   sel     $40,000.00   [strat=mangla_mirroring_responder]
      R 6  buy $ 14,794.55   sel     $40,500.00   [strat=mangla_mirroring_responder]
      R 7  buy $  3,921.88   sel     $40,750.00   [strat=mangla_mirroring_responder]
      R 8  buy $ 36,712.60   sel     $40,500.00   [strat=mangla_mirroring_responder]
      R 9  buy $ 19,703.50   sel     $40,750.00   [strat=mangla_mirroring_responder]
      R10  buy $ 22,585.35   sel     $40,750.00   [strat=mangla_mirroring_responder]
      R11  buy $ 25,150.62   sel     $39,750.00   [strat=mangla_mirroring_responder]
      R12  buy $ 12,937.76   sel     $40,500.00   [strat=mangla_mirroring_responder]
      R13  buy $  1,833.77   sel     $41,000.00   [strat=mangla_mirroring_responder]
      R14  buy $ 27,783.68   sel     $39,000.00   [strat=mangla_mirroring_responder]
      R15  buy $ 18,652.19   sel     $40,500.00   [strat=mangla_mirroring_responder]
      R16  buy $ 34,409.90   sel     $38,500.00   [strat=mangla_mirroring_responder]
   run 25 done in 7.9 min

   run 26/30 on 2023 Ford Mustang GT Premium  seed=21164445
      R 1  buy $  1,733.80   sel     $44,500.00   [strat=mangla_mirroring_responder] *
      R 2  buy $ 21,729.39   sel     $43,200.00   [strat=mangla_mirroring_responder]
      R 3  buy $ 13,727.56   sel     $43,200.00   [strat=mangla_mirroring_responder]
      R 4  buy $ 27,017.84   sel     $42,000.00   [strat=mangla_mirroring_responder]
      R 5  buy $ 32,292.55   sel     $40,800.00   [strat=mangla_mirroring_responder]
      R 6  buy $  5,141.15   sel     $40,800.00   [strat=mangla_mirroring_responder]
      R 7  buy $ 12,116.90   sel     $40,800.00   [strat=mangla_mirroring_responder]
      R 8  buy $  5,611.89   sel     $40,800.00   [strat=mangla_mirroring_responder]
      R 9  buy $ 17,775.43   sel     $40,800.00   [strat=mangla_mirroring_responder]
      R10  buy $ 15,191.68   sel     $40,800.00   [strat=mangla_mirroring_responder]
      R11  buy $  3,408.97   sel     $40,800.00   [strat=mangla_mirroring_responder]
      R12  buy $ 10,268.68   sel     $40,500.00   [strat=mangla_mirroring_responder]
      R13  buy $ 40,117.74   sel     $40,200.00   [strat=mangla_mirroring_responder]
      R14  buy $ 30,587.24   sel     $40,200.00   [strat=mangla_mirroring_responder]
      R15  buy $  7,699.40   sel     $40,200.00   [strat=mangla_mirroring_responder]
      R16  buy $ 36,924.73   sel     $39,500.00   [strat=mangla_mirroring_responder]
   run 26 done in 5.0 min

   run 27/30 on 2023 Ford Mustang GT Premium  seed=21164446
      R 1  buy $ 16,967.75   sel     $44,500.00   [strat=mangla_mirroring_responder] *
      R 2  buy $ 10,312.96   sel     $44,200.00   [strat=mangla_mirroring_responder]
      R 3  buy $ 26,405.37   sel     $43,000.00   [strat=mangla_mirroring_responder]
      R 4  buy $ 10,729.80   sel     $42,900.00   [strat=mangla_mirroring_responder]
      R 5  buy $ 24,061.61   sel     $42,500.00   [strat=mangla_mirroring_responder]
      R 6  buy $ 15,629.64   sel     $42,400.00   [strat=mangla_mirroring_responder]
      R 7  buy $  4,946.44   sel     $42,400.00   [strat=mangla_mirroring_responder]
      R 8  buy $ 40,727.60   sel     $42,000.00   [strat=mangla_mirroring_responder]
      R 9  buy $ 40,963.81   sel     $41,900.00   [strat=mangla_mirroring_responder]
      R10  buy $  1,452.43   sel     $41,800.00   [strat=mangla_mirroring_responder]
      R11  buy $  5,258.69   sel     $41,700.00   [strat=mangla_mirroring_responder]
      R12  buy $ 23,888.34   sel     $41,600.00   [strat=mangla_mirroring_responder]
      R13  buy $ 30,017.75   sel     $40,500.00   [strat=mangla_mirroring_responder]
      R14  buy $ 34,034.22   sel     $38,500.00   [strat=mangla_mirroring_responder]
      R15  buy $ 22,003.68   sel     $38,400.00   [strat=mangla_mirroring_responder]
      R16  buy $ 12,833.11   sel     $38,300.00   [strat=mangla_mirroring_responder]
   run 27 done in 7.7 min

   run 28/30 on 2023 Ford Mustang GT Premium  seed=21164447
      R 1  buy $  2,869.55   sel     $44,500.00   [strat=mangla_mirroring_responder] *
      R 2  buy $  7,448.17   sel     $43,000.00   [strat=mangla_mirroring_responder]
      R 3  buy $  5,601.47   sel     $43,000.00   [strat=mangla_mirroring_responder]
      R 4  buy $ 42,864.91   sel     $42,500.00   [strat=mangla_mirroring_responder]
      R 5  buy $  2,228.86   sel     $42,500.00   [strat=mangla_mirroring_responder]
      R 6  buy $ 17,903.46   sel     $42,750.00   [strat=mangla_mirroring_responder]
      R 7  buy $ 23,264.27   sel     $43,000.00   [strat=mangla_mirroring_responder]
      R 8  buy $ 16,360.83   sel     $43,250.00   [strat=mangla_mirroring_responder]
      R 9  buy $ 25,890.17   sel     $42,000.00   [strat=mangla_mirroring_responder]
      R10  buy $ 32,190.12   sel     $41,000.00   [strat=mangla_mirroring_responder]
      R11  buy $ 21,629.30   sel     $42,000.00   [strat=mangla_mirroring_responder]
      R12  buy $ 39,560.34   sel     $40,500.00   [strat=mangla_mirroring_responder]
      R13  buy $ 22,057.62   sel     $42,500.00   [strat=mangla_mirroring_responder]
      R14  buy $ 35,727.41   sel     $40,500.00   [strat=mangla_mirroring_responder]
      R15  buy $ 12,199.41   sel     $42,500.00   [strat=mangla_mirroring_responder]
      R16  buy $ 23,389.63   sel     $41,000.00   [strat=mangla_mirroring_responder]
   run 28 done in 7.8 min

   run 29/30 on 2023 Ford Mustang GT Premium  seed=21164448
      R 1  buy $ 44,137.95   sel     $45,500.00   [strat=mangla_mirroring_responder] *
      R 2  buy $ 27,998.58   sel     $45,600.00   [strat=mangla_mirroring_responder]
      R 3  buy $ 21,496.21   sel     $45,500.00   [strat=mangla_mirroring_responder]
      R 4  buy $ 44,361.61   sel     $45,150.00   [strat=mangla_mirroring_responder]
      R 5  buy $ 43,890.55   sel     $44,900.00   [strat=mangla_mirroring_responder]
      R 6  buy $ 35,005.86   sel     $44,800.00   [strat=mangla_mirroring_responder]
      R 7  buy $  5,926.63   sel     $44,800.00   [strat=mangla_mirroring_responder]
      R 8  buy $ 18,194.84   sel     $44,700.00   [strat=mangla_mirroring_responder]
      R 9  buy $ 28,416.64   sel     $44,800.00   [strat=mangla_mirroring_responder]
      R10  buy $ 20,490.20   sel     $44,900.00   [strat=mangla_mirroring_responder]
      R11  buy $ 30,501.31   sel     $44,500.00   [strat=mangla_mirroring_responder]
      R12  buy $ 28,783.66   sel     $44,600.00   [strat=mangla_mirroring_responder]
      R13  buy $ 36,636.95   sel     $43,500.00   [strat=mangla_mirroring_responder]
      R14  buy $ 18,494.02   sel     $44,500.00   [strat=mangla_mirroring_responder]
      R15  buy $  3,148.09   sel     $44,600.00   [strat=mangla_mirroring_responder]
      R16  buy $ 29,663.26   sel     $44,700.00   [strat=mangla_mirroring_responder]
   run 29 done in 6.6 min

   run 30/30 on 2023 Ford Mustang GT Premium  seed=21164449
      R 1  buy $ 40,314.06   sel     $42,500.00   [strat=mangla_mirroring_responder] *
      R 2  buy $  1,911.90   sel     $42,000.00   [strat=mangla_mirroring_responder]
      R 3  buy $    366.37   sel     $42,500.00   [strat=mangla_mirroring_responder]
      R 4  buy $ 13,717.56   sel     $41,500.00   [strat=mangla_mirroring_responder]
      R 5  buy $  9,548.70   sel     $42,500.00   [strat=mangla_mirroring_responder]
      R 6  buy $ 11,118.66   sel     $42,500.00   [strat=mangla_mirroring_responder]
      R 7  buy $ 13,057.24   sel     $42,250.00   [strat=mangla_mirroring_responder]
      R 8  buy $  2,159.14   sel     $42,500.00   [strat=mangla_mirroring_responder]
      R 9  buy $  3,018.15   sel     $42,500.00   [strat=mangla_mirroring_responder]
      R10  buy $  8,309.65   sel     $42,500.00   [strat=mangla_mirroring_responder]
      R11  buy $ 11,592.07   sel     $42,400.00   [strat=mangla_mirroring_responder]
      R12  buy $ 22,915.75   sel     $41,400.00   [strat=mangla_mirroring_responder]
      R13  buy $ 16,941.86   sel     $42,000.00   [strat=mangla_mirroring_responder]
      R14  buy $  6,330.72   sel     $42,500.00   [strat=mangla_mirroring_responder]
      R15  buy $ 24,574.90   sel     $41,500.00   [strat=mangla_mirroring_responder]
      R16  buy $  4,793.43   sel     $42,500.00   [strat=mangla_mirroring_responder]
   run 30 done in 6.6 min

   ---> checkpoint: car 5/5 done in 184.9 min; total so far 992.2 min; saved 150 runs to exp09_fixed_mangla_mirroring_responder.json

=== FINISH exp09_fixed_mangla_mirroring_responder in 16.54 h (150 runs, 2400 calls planned) -> results\exp09_fixed_mangla_mirroring_responder.json ===
