=== START exp04_fixed_chatterjee_aggressive_high_ask ===
    schedule    : fixed__chatterjee_aggressive_high_ask
    adaptive    : False  (switches=[])
    unique strat: ['chatterjee_aggressive_high_ask']
    n_rounds    : 16
    n_cars      : 5
    runs/car    : 30
    total runs  : 150
    total calls : 2400  (~12.0 h @ 200 calls/h)
    model       : deepseek-reasoner
    base_url    : https://api.deepseek.com
    base_seed   : 20260420
    output      : results\exp04_fixed_chatterjee_aggressive_high_ask.json

--- CAR 1/5: 2014 Mercedes-Benz S550  (M=$96,000.00  cost=$19,000.00  cost/M=19.79%) ---

   run 1/30 on 2014 Mercedes-Benz S550  seed=20660420
      R 1  buy $ 68,340.31   sel     $89,500.00   [strat=chatterjee_aggressive_high_ask] *
      R 2  buy $ 65,763.92   sel     $89,500.00   [strat=chatterjee_aggressive_high_ask]
      R 3  buy $ 47,720.72   sel     $88,500.00   [strat=chatterjee_aggressive_high_ask]
      R 4  buy $ 59,241.40   sel     $87,500.00   [strat=chatterjee_aggressive_high_ask]
      R 5  buy $  5,912.28   sel     $87,000.00   [strat=chatterjee_aggressive_high_ask]
      R 6  buy $ 13,350.48   sel     $86,500.00   [strat=chatterjee_aggressive_high_ask]
      R 7  buy $  2,254.45   sel     $87,000.00   [strat=chatterjee_aggressive_high_ask]
      R 8  buy $ 60,347.25   sel     $86,500.00   [strat=chatterjee_aggressive_high_ask]
      R 9  buy $ 66,681.53   sel     $86,000.00   [strat=chatterjee_aggressive_high_ask]
      R10  buy $ 35,752.94   sel     $85,500.00   [strat=chatterjee_aggressive_high_ask]
      R11  buy $ 83,373.68   sel     $85,000.00   [strat=chatterjee_aggressive_high_ask]
      R12  buy $ 46,564.14   sel     $84,500.00   [strat=chatterjee_aggressive_high_ask]
      R13  buy $ 44,057.52   sel     $84,000.00   [strat=chatterjee_aggressive_high_ask]
      R14  buy $ 23,649.04   sel     $83,500.00   [strat=chatterjee_aggressive_high_ask]
      R15  buy $ 48,632.42   sel     $83,000.00   [strat=chatterjee_aggressive_high_ask]
      R16  buy $  5,327.07   sel     $83,000.00   [strat=chatterjee_aggressive_high_ask]
   run 1 done in 14.2 min

   run 2/30 on 2014 Mercedes-Benz S550  seed=20660421
      R 1  buy $ 80,185.00   sel     $94,500.00   [strat=chatterjee_aggressive_high_ask] *
    !! API error (attempt 1/4): InternalServerError: <!DOCTYPE HTML PUBLIC "-//W3C//DTD HTML 4.01 Transitional//EN" "http://www.w3.org/TR/html4/loose.dtd">
<HTML><HEAD><META HTTP-EQUIV="Content-Type" CONTENT="text/html; charset=UTF-8">
<TITLE>ERROR: The request could not be satisfied</TITLE>
</HEAD><BODY>
<H1>504 Gateway Timeout ERROR</H1>
<H2>The request could not be satisfied.</H2>
<HR noshade size="1px">
We can't connect to the server for this app or website at this time. There might be too much traffic or a configuration error. Try again later, or contact the app or website owner.
<BR clear="all">
If you provide content to customers through CloudFront, you can find steps to troubleshoot and help prevent this error by reviewing the CloudFront documentation.
<BR clear="all">
<HR noshade size="1px">
<PRE>
Generated by cloudfront (CloudFront) HTTP3 Server
Request ID: F1G4i4hkLV890XcvnKGlf0Wlnho0O0qukw_ZHIIGEk6nyaiEen0RcA&#x3D;&#x3D;
</PRE>
<ADDRESS>
</ADDRESS>
</BODY></HTML>  -- sleeping 8s
    !! API error (attempt 2/4): InternalServerError: <!DOCTYPE HTML PUBLIC "-//W3C//DTD HTML 4.01 Transitional//EN" "http://www.w3.org/TR/html4/loose.dtd">
<HTML><HEAD><META HTTP-EQUIV="Content-Type" CONTENT="text/html; charset=UTF-8">
<TITLE>ERROR: The request could not be satisfied</TITLE>
</HEAD><BODY>
<H1>504 Gateway Timeout ERROR</H1>
<H2>The request could not be satisfied.</H2>
<HR noshade size="1px">
We can't connect to the server for this app or website at this time. There might be too much traffic or a configuration error. Try again later, or contact the app or website owner.
<BR clear="all">
If you provide content to customers through CloudFront, you can find steps to troubleshoot and help prevent this error by reviewing the CloudFront documentation.
<BR clear="all">
<HR noshade size="1px">
<PRE>
Generated by cloudfront (CloudFront) HTTP3 Server
Request ID: d014zHKAaIfL0jfhmct-Ayxl_RsipEKNO_I_4B6rav8WP8KRSsmIZg&#x3D;&#x3D;
</PRE>
<ADDRESS>
</ADDRESS>
</BODY></HTML>  -- sleeping 16s
      R 2  buy $ 54,936.96   sel     $94,500.00   [strat=chatterjee_aggressive_high_ask]
      R 3  buy $  4,708.59   sel     $94,500.00   [strat=chatterjee_aggressive_high_ask]
      R 4  buy $ 92,528.22   sel     $94,500.00   [strat=chatterjee_aggressive_high_ask]
      R 5  buy $ 60,477.20   sel     $94,500.00   [strat=chatterjee_aggressive_high_ask]
      R 6  buy $ 10,750.42   sel     $94,500.00   [strat=chatterjee_aggressive_high_ask]
      R 7  buy $ 11,019.21   sel     $94,500.00   [strat=chatterjee_aggressive_high_ask]
      R 8  buy $ 86,450.25   sel     $94,500.00   [strat=chatterjee_aggressive_high_ask]
      R 9  buy $  5,868.83   sel     $94,500.00   [strat=chatterjee_aggressive_high_ask]
      R10  buy $ 19,684.35   sel     $94,500.00   [strat=chatterjee_aggressive_high_ask]
      R11  buy $ 10,603.48   sel     $94,500.00   [strat=chatterjee_aggressive_high_ask]
      R12  buy $  9,728.29   sel     $94,500.00   [strat=chatterjee_aggressive_high_ask]
      R13  buy $ 82,795.09   sel     $94,500.00   [strat=chatterjee_aggressive_high_ask]
      R14  buy $ 45,224.12   sel     $94,500.00   [strat=chatterjee_aggressive_high_ask]
      R15  buy $ 11,082.12   sel     $94,500.00   [strat=chatterjee_aggressive_high_ask]
      R16  buy $ 15,622.70   sel     $94,500.00   [strat=chatterjee_aggressive_high_ask]
   run 2 done in 24.3 min

   run 3/30 on 2014 Mercedes-Benz S550  seed=20660422
      R 1  buy $ 42,688.87   sel     $59,999.99   [strat=chatterjee_aggressive_high_ask] *
      R 2  buy $ 51,166.06   sel     $59,999.99   [strat=chatterjee_aggressive_high_ask]
      R 3  buy $ 29,220.46   sel     $59,999.99   [strat=chatterjee_aggressive_high_ask]
      R 4  buy $ 55,257.33   sel     $59,999.99   [strat=chatterjee_aggressive_high_ask]
      R 5  buy $ 17,268.10   sel     $59,999.99   [strat=chatterjee_aggressive_high_ask]
      R 6  buy $  4,287.59   sel     $59,500.00   [strat=chatterjee_aggressive_high_ask]
      R 7  buy $ 22,926.60   sel     $58,999.99   [strat=chatterjee_aggressive_high_ask]
      R 8  buy $ 20,474.23   sel     $58,500.00   [strat=chatterjee_aggressive_high_ask]
      R 9  buy $    655.86   sel     $58,500.00   [strat=chatterjee_aggressive_high_ask]
      R10  buy $  7,579.31   sel     $58,000.00   [strat=chatterjee_aggressive_high_ask]
      R11  buy $  1,792.08   sel     $58,500.00   [strat=chatterjee_aggressive_high_ask]
      R12  buy $ 25,158.75   sel     $58,500.00   [strat=chatterjee_aggressive_high_ask]
      R13  buy $ 24,008.27   sel     $58,500.00   [strat=chatterjee_aggressive_high_ask]
      R14  buy $  8,656.70   sel     $58,500.00   [strat=chatterjee_aggressive_high_ask]
      R15  buy $ 22,590.49   sel     $58,000.00   [strat=chatterjee_aggressive_high_ask]
      R16  buy $  2,738.11   sel     $58,000.00   [strat=chatterjee_aggressive_high_ask]
   run 3 done in 7.5 min

   run 4/30 on 2014 Mercedes-Benz S550  seed=20660423
      R 1  buy $ 45,065.20   sel     $85,000.00   [strat=chatterjee_aggressive_high_ask] *
      R 2  buy $ 67,511.53   sel     $82,500.00   [strat=chatterjee_aggressive_high_ask]
      R 3  buy $ 14,671.78   sel     $85,000.00   [strat=chatterjee_aggressive_high_ask]
      R 4  buy $ 35,220.71   sel     $85,000.00   [strat=chatterjee_aggressive_high_ask]
      R 5  buy $ 62,847.75   sel     $84,500.00   [strat=chatterjee_aggressive_high_ask]
      R 6  buy $ 28,254.98   sel     $84,500.00   [strat=chatterjee_aggressive_high_ask]
      R 7  buy $ 73,252.19   sel     $84,000.00   [strat=chatterjee_aggressive_high_ask]
      R 8  buy $ 19,811.87   sel     $85,000.00   [strat=chatterjee_aggressive_high_ask]
      R 9  buy $ 80,752.30   sel     $84,500.00   [strat=chatterjee_aggressive_high_ask]
      R10  buy $ 71,351.48   sel     $84,500.00   [strat=chatterjee_aggressive_high_ask]
      R11  buy $ 66,117.61   sel     $84,500.00   [strat=chatterjee_aggressive_high_ask]
      R12  buy $  8,647.01   sel     $85,000.00   [strat=chatterjee_aggressive_high_ask]
      R13  buy $ 24,139.39   sel     $85,000.00   [strat=chatterjee_aggressive_high_ask]
      R14  buy $ 84,242.36   sel     $84,500.00   [strat=chatterjee_aggressive_high_ask]
      R15  buy $ 44,226.16   sel     $85,000.00   [strat=chatterjee_aggressive_high_ask]
      R16  buy $ 17,914.86   sel     $85,000.00   [strat=chatterjee_aggressive_high_ask]
   run 4 done in 9.1 min

   run 5/30 on 2014 Mercedes-Benz S550  seed=20660424
      R 1  buy $ 25,919.43   sel     $38,500.00   [strat=chatterjee_aggressive_high_ask] *
      R 2  buy $ 38,262.49   sel     $38,500.00   [strat=chatterjee_aggressive_high_ask]
      R 3  buy $  3,657.86   sel     $38,500.00   [strat=chatterjee_aggressive_high_ask]
      R 4  buy $ 34,618.12   sel     $38,500.00   [strat=chatterjee_aggressive_high_ask]
      R 5  buy $ 27,133.57   sel     $38,500.00   [strat=chatterjee_aggressive_high_ask]
      R 6  buy $  3,700.21   sel     $38,500.00   [strat=chatterjee_aggressive_high_ask]
      R 7  buy $ 21,549.59   sel     $38,500.00   [strat=chatterjee_aggressive_high_ask]
      R 8  buy $ 37,490.24   sel     $38,500.00   [strat=chatterjee_aggressive_high_ask]
      R 9  buy $ 14,428.05   sel     $38,500.00   [strat=chatterjee_aggressive_high_ask]
      R10  buy $ 21,847.31   sel     $38,500.00   [strat=chatterjee_aggressive_high_ask]
      R11  buy $ 13,143.17   sel     $38,400.00   [strat=chatterjee_aggressive_high_ask]
      R12  buy $ 11,335.13   sel     $38,400.00   [strat=chatterjee_aggressive_high_ask]
      R13  buy $ 30,920.51   sel     $38,400.00   [strat=chatterjee_aggressive_high_ask]
      R14  buy $ 24,974.56   sel     $38,400.00   [strat=chatterjee_aggressive_high_ask]
      R15  buy $ 21,513.64   sel     $38,400.00   [strat=chatterjee_aggressive_high_ask]
      R16  buy $ 16,178.60   sel     $38,400.00   [strat=chatterjee_aggressive_high_ask]
   run 5 done in 9.5 min

   run 6/30 on 2014 Mercedes-Benz S550  seed=20660425
      R 1  buy $    885.93   sel     $39,500.00   [strat=chatterjee_aggressive_high_ask] *
      R 2  buy $  3,721.01   sel     $38,500.00   [strat=chatterjee_aggressive_high_ask]
      R 3  buy $  6,121.10   sel     $38,000.00   [strat=chatterjee_aggressive_high_ask]
      R 4  buy $  3,233.31   sel     $37,500.00   [strat=chatterjee_aggressive_high_ask]
      R 5  buy $ 37,312.50   sel     $37,450.00   [strat=chatterjee_aggressive_high_ask]
      R 6  buy $ 23,199.77   sel     $38,500.00   [strat=chatterjee_aggressive_high_ask]
      R 7  buy $ 19,013.84   sel     $38,000.00   [strat=chatterjee_aggressive_high_ask]
      R 8  buy $ 33,811.36   sel     $38,000.00   [strat=chatterjee_aggressive_high_ask]
      R 9  buy $ 32,095.61   sel     $38,500.00   [strat=chatterjee_aggressive_high_ask]
      R10  buy $ 15,030.93   sel     $39,000.00   [strat=chatterjee_aggressive_high_ask]
      R11  buy $  5,863.06   sel     $39,500.00   [strat=chatterjee_aggressive_high_ask]
      R12  buy $ 13,718.35   sel     $39,000.00   [strat=chatterjee_aggressive_high_ask]
      R13  buy $ 34,383.72   sel     $38,500.00   [strat=chatterjee_aggressive_high_ask]
      R14  buy $ 33,477.52   sel     $38,000.00   [strat=chatterjee_aggressive_high_ask]
      R15  buy $ 34,998.50   sel     $38,500.00   [strat=chatterjee_aggressive_high_ask]
      R16  buy $ 30,426.67   sel     $38,500.00   [strat=chatterjee_aggressive_high_ask]
   run 6 done in 8.7 min

   run 7/30 on 2014 Mercedes-Benz S550  seed=20660426
      R 1  buy $ 39,226.54   sel     $89,500.00   [strat=chatterjee_aggressive_high_ask] *
      R 2  buy $ 22,703.13   sel     $89,500.00   [strat=chatterjee_aggressive_high_ask]
      R 3  buy $ 29,202.61   sel     $89,500.00   [strat=chatterjee_aggressive_high_ask]
      R 4  buy $ 82,787.93   sel     $88,500.00   [strat=chatterjee_aggressive_high_ask]
      R 5  buy $ 78,228.17   sel     $88,000.00   [strat=chatterjee_aggressive_high_ask]
      R 6  buy $ 14,615.81   sel     $88,000.00   [strat=chatterjee_aggressive_high_ask]
      R 7  buy $ 33,170.67   sel     $88,000.00   [strat=chatterjee_aggressive_high_ask]
      R 8  buy $ 82,467.57   sel     $87,500.00   [strat=chatterjee_aggressive_high_ask]
      R 9  buy $ 72,818.25   sel     $87,000.00   [strat=chatterjee_aggressive_high_ask]
      R10  buy $ 34,909.60   sel     $87,000.00   [strat=chatterjee_aggressive_high_ask]
      R11  buy $ 41,758.91   sel     $87,000.00   [strat=chatterjee_aggressive_high_ask]
      R12  buy $  2,550.92   sel     $87,000.00   [strat=chatterjee_aggressive_high_ask]
      R13  buy $ 61,841.03   sel     $86,500.00   [strat=chatterjee_aggressive_high_ask]
      R14  buy $ 41,322.39   sel     $86,500.00   [strat=chatterjee_aggressive_high_ask]
      R15  buy $ 43,412.54   sel     $86,000.00   [strat=chatterjee_aggressive_high_ask]
      R16  buy $  2,788.67   sel     $87,000.00   [strat=chatterjee_aggressive_high_ask]
   run 7 done in 9.0 min

   run 8/30 on 2014 Mercedes-Benz S550  seed=20660427
      R 1  buy $ 31,676.49   sel     $59,500.00   [strat=chatterjee_aggressive_high_ask] *
      R 2  buy $  9,770.71   sel     $59,500.00   [strat=chatterjee_aggressive_high_ask]
      R 3  buy $ 11,941.49   sel     $59,500.00   [strat=chatterjee_aggressive_high_ask]
      R 4  buy $ 24,979.26   sel     $58,500.00   [strat=chatterjee_aggressive_high_ask]
      R 5  buy $ 33,715.00   sel     $58,000.00   [strat=chatterjee_aggressive_high_ask]
      R 6  buy $ 51,058.44   sel     $57,500.00   [strat=chatterjee_aggressive_high_ask]
      R 7  buy $ 26,903.84   sel     $57,000.00   [strat=chatterjee_aggressive_high_ask]
      R 8  buy $ 23,371.73   sel     $57,500.00   [strat=chatterjee_aggressive_high_ask]
      R 9  buy $ 15,820.17   sel     $57,500.00   [strat=chatterjee_aggressive_high_ask]
      R10  buy $  9,682.87   sel     $57,500.00   [strat=chatterjee_aggressive_high_ask]
      R11  buy $ 39,045.81   sel     $57,000.00   [strat=chatterjee_aggressive_high_ask]
      R12  buy $     45.72   sel     $57,500.00   [strat=chatterjee_aggressive_high_ask]
      R13  buy $ 24,392.64   sel     $57,500.00   [strat=chatterjee_aggressive_high_ask]
      R14  buy $  3,334.21   sel     $57,500.00   [strat=chatterjee_aggressive_high_ask]
      R15  buy $  7,919.97   sel     $57,000.00   [strat=chatterjee_aggressive_high_ask]
      R16  buy $ 50,319.13   sel     $56,500.00   [strat=chatterjee_aggressive_high_ask]
   run 8 done in 7.6 min

   run 9/30 on 2014 Mercedes-Benz S550  seed=20660428
      R 1  buy $ 49,448.90   sel     $85,000.00   [strat=chatterjee_aggressive_high_ask] *
      R 2  buy $ 54,731.96   sel     $84,950.00   [strat=chatterjee_aggressive_high_ask]
      R 3  buy $ 53,091.35   sel     $84,900.00   [strat=chatterjee_aggressive_high_ask]
      R 4  buy $ 10,282.60   sel     $84,850.00   [strat=chatterjee_aggressive_high_ask]
      R 5  buy $    655.37   sel     $84,800.00   [strat=chatterjee_aggressive_high_ask]
      R 6  buy $ 60,947.99   sel     $84,750.00   [strat=chatterjee_aggressive_high_ask]
      R 7  buy $ 72,234.05   sel     $84,500.00   [strat=chatterjee_aggressive_high_ask]
      R 8  buy $ 12,186.40   sel     $84,450.00   [strat=chatterjee_aggressive_high_ask]
      R 9  buy $ 69,305.83   sel     $84,400.00   [strat=chatterjee_aggressive_high_ask]
      R10  buy $ 41,596.72   sel     $84,350.00   [strat=chatterjee_aggressive_high_ask]
      R11  buy $ 83,440.30   sel     $84,200.00   [strat=chatterjee_aggressive_high_ask]
      R12  buy $ 42,853.92   sel     $84,200.00   [strat=chatterjee_aggressive_high_ask]
      R13  buy $ 33,798.86   sel     $84,150.00   [strat=chatterjee_aggressive_high_ask]
      R14  buy $ 24,712.81   sel     $84,100.00   [strat=chatterjee_aggressive_high_ask]
      R15  buy $  2,337.69   sel     $84,100.00   [strat=chatterjee_aggressive_high_ask]
      R16  buy $ 14,266.04   sel     $84,000.00   [strat=chatterjee_aggressive_high_ask]
   run 9 done in 7.8 min

   run 10/30 on 2014 Mercedes-Benz S550  seed=20660429
      R 1  buy $    553.40   sel     $49,995.00   [strat=chatterjee_aggressive_high_ask] *
      R 2  buy $ 11,681.06   sel     $48,500.00   [strat=chatterjee_aggressive_high_ask]
      R 3  buy $ 43,069.31   sel     $47,500.00   [strat=chatterjee_aggressive_high_ask]
      R 4  buy $ 25,805.38   sel     $46,500.00   [strat=chatterjee_aggressive_high_ask]
      R 5  buy $ 36,556.28   sel     $45,995.00   [strat=chatterjee_aggressive_high_ask]
      R 6  buy $  5,436.42   sel     $45,500.00   [strat=chatterjee_aggressive_high_ask]
      R 7  buy $  4,793.19   sel     $45,500.00   [strat=chatterjee_aggressive_high_ask]
      R 8  buy $  9,409.02   sel     $46,000.00   [strat=chatterjee_aggressive_high_ask]
      R 9  buy $  4,354.52   sel     $46,000.00   [strat=chatterjee_aggressive_high_ask]
      R10  buy $ 30,697.50   sel     $45,000.00   [strat=chatterjee_aggressive_high_ask]
      R11  buy $ 41,845.09   sel     $44,500.00   [strat=chatterjee_aggressive_high_ask]
      R12  buy $ 11,927.35   sel     $44,500.00   [strat=chatterjee_aggressive_high_ask]
      R13  buy $     61.66   sel     $44,500.00   [strat=chatterjee_aggressive_high_ask]
      R14  buy $ 19,468.22   sel     $44,000.00   [strat=chatterjee_aggressive_high_ask]
      R15  buy $ 43,662.91   sel     $43,995.00   [strat=chatterjee_aggressive_high_ask]
      R16  buy $ 27,593.56   sel     $44,500.00   [strat=chatterjee_aggressive_high_ask]
   run 10 done in 8.2 min

   run 11/30 on 2014 Mercedes-Benz S550  seed=20660430
      R 1  buy $ 22,077.65   sel     $38,500.00   [strat=chatterjee_aggressive_high_ask] *
      R 2  buy $ 32,435.16   sel     $37,500.00   [strat=chatterjee_aggressive_high_ask]
      R 3  buy $ 21,753.10   sel     $37,500.00   [strat=chatterjee_aggressive_high_ask]
      R 4  buy $ 23,050.77   sel     $37,500.00   [strat=chatterjee_aggressive_high_ask]
      R 5  buy $  4,914.94   sel     $37,500.00   [strat=chatterjee_aggressive_high_ask]
      R 6  buy $ 26,432.20   sel     $37,500.00   [strat=chatterjee_aggressive_high_ask]
      R 7  buy $ 13,597.86   sel     $37,500.00   [strat=chatterjee_aggressive_high_ask]
      R 8  buy $ 13,808.80   sel     $37,500.00   [strat=chatterjee_aggressive_high_ask]
      R 9  buy $ 37,284.81   sel     $37,284.81   [strat=chatterjee_aggressive_high_ask]
      R10  buy $ 13,821.03   sel     $37,284.81   [strat=chatterjee_aggressive_high_ask]
      R11  buy $ 24,731.05   sel     $37,500.00   [strat=chatterjee_aggressive_high_ask]
      R12  buy $  7,660.40   sel     $37,500.00   [strat=chatterjee_aggressive_high_ask]
      R13  buy $  6,094.15   sel     $37,500.00   [strat=chatterjee_aggressive_high_ask]
      R14  buy $ 29,482.55   sel     $37,000.00   [strat=chatterjee_aggressive_high_ask]
      R15  buy $ 14,345.55   sel     $37,500.00   [strat=chatterjee_aggressive_high_ask]
      R16  buy $ 36,794.54   sel     $37,250.00   [strat=chatterjee_aggressive_high_ask]
   run 11 done in 8.9 min

   run 12/30 on 2014 Mercedes-Benz S550  seed=20660431
      R 1  buy $ 35,252.10   sel     $49,500.00   [strat=chatterjee_aggressive_high_ask] *
      R 2  buy $    921.14   sel     $48,500.00   [strat=chatterjee_aggressive_high_ask]
      R 3  buy $  3,354.26   sel     $47,500.00   [strat=chatterjee_aggressive_high_ask]
      R 4  buy $ 34,835.18   sel     $47,000.00   [strat=chatterjee_aggressive_high_ask]
      R 5  buy $ 39,869.83   sel     $46,500.00   [strat=chatterjee_aggressive_high_ask]
      R 6  buy $ 19,464.53   sel     $46,000.00   [strat=chatterjee_aggressive_high_ask]
      R 7  buy $ 14,105.79   sel     $45,500.00   [strat=chatterjee_aggressive_high_ask]
      R 8  buy $  8,126.66   sel     $45,250.00   [strat=chatterjee_aggressive_high_ask]
      R 9  buy $ 10,160.71   sel     $45,250.00   [strat=chatterjee_aggressive_high_ask]
      R10  buy $  2,510.10   sel     $45,250.00   [strat=chatterjee_aggressive_high_ask]
      R11  buy $ 16,929.93   sel     $45,250.00   [strat=chatterjee_aggressive_high_ask]
      R12  buy $ 20,127.72   sel     $45,000.00   [strat=chatterjee_aggressive_high_ask]
      R13  buy $ 12,543.56   sel     $45,000.00   [strat=chatterjee_aggressive_high_ask]
      R14  buy $ 20,436.14   sel     $45,000.00   [strat=chatterjee_aggressive_high_ask]
      R15  buy $ 42,515.38   sel     $44,500.00   [strat=chatterjee_aggressive_high_ask]
      R16  buy $ 40,139.74   sel     $44,000.00   [strat=chatterjee_aggressive_high_ask]
   run 12 done in 10.3 min

   run 13/30 on 2014 Mercedes-Benz S550  seed=20660432
      R 1  buy $ 54,856.70   sel     $89,500.00   [strat=chatterjee_aggressive_high_ask] *
      R 2  buy $ 13,502.44   sel     $89,500.00   [strat=chatterjee_aggressive_high_ask]
      R 3  buy $ 78,238.72   sel     $89,500.00   [strat=chatterjee_aggressive_high_ask]
      R 4  buy $ 83,839.80   sel     $88,500.00   [strat=chatterjee_aggressive_high_ask]
      R 5  buy $ 61,222.85   sel     $87,500.00   [strat=chatterjee_aggressive_high_ask]
      R 6  buy $ 46,791.29   sel     $89,000.00   [strat=chatterjee_aggressive_high_ask]
      R 7  buy $ 20,535.37   sel     $89,500.00   [strat=chatterjee_aggressive_high_ask]
      R 8  buy $ 47,075.73   sel     $89,500.00   [strat=chatterjee_aggressive_high_ask]
      R 9  buy $ 14,202.90   sel     $89,500.00   [strat=chatterjee_aggressive_high_ask]
      R10  buy $ 23,443.81   sel     $89,500.00   [strat=chatterjee_aggressive_high_ask]
      R11  buy $ 15,672.82   sel     $89,500.00   [strat=chatterjee_aggressive_high_ask]
      R12  buy $  9,024.42   sel     $89,500.00   [strat=chatterjee_aggressive_high_ask]
      R13  buy $ 62,789.60   sel     $88,000.00   [strat=chatterjee_aggressive_high_ask]
      R14  buy $ 54,329.59   sel     $89,000.00   [strat=chatterjee_aggressive_high_ask]
      R15  buy $ 81,702.63   sel     $88,500.00   [strat=chatterjee_aggressive_high_ask]
      R16  buy $ 14,790.79   sel     $89,500.00   [strat=chatterjee_aggressive_high_ask]
   run 13 done in 10.2 min

   run 14/30 on 2014 Mercedes-Benz S550  seed=20660433
      R 1  buy $ 64,737.90   sel     $89,995.00   [strat=chatterjee_aggressive_high_ask] *
      R 2  buy $ 32,543.81   sel     $87,500.00   [strat=chatterjee_aggressive_high_ask]
      R 3  buy $ 63,147.52   sel     $86,500.00   [strat=chatterjee_aggressive_high_ask]
      R 4  buy $ 61,245.23   sel     $86,000.00   [strat=chatterjee_aggressive_high_ask]
      R 5  buy $  8,629.12   sel     $85,000.00   [strat=chatterjee_aggressive_high_ask]
      R 6  buy $  5,575.17   sel     $84,500.00   [strat=chatterjee_aggressive_high_ask]
      R 7  buy $ 63,385.53   sel     $84,000.00   [strat=chatterjee_aggressive_high_ask]
      R 8  buy $ 75,035.97   sel     $83,500.00   [strat=chatterjee_aggressive_high_ask]
      R 9  buy $  6,421.99   sel     $84,000.00   [strat=chatterjee_aggressive_high_ask]
      R10  buy $ 48,215.65   sel     $84,000.00   [strat=chatterjee_aggressive_high_ask]
      R11  buy $ 38,331.57   sel     $84,000.00   [strat=chatterjee_aggressive_high_ask]
      R12  buy $ 59,748.86   sel     $84,000.00   [strat=chatterjee_aggressive_high_ask]
      R13  buy $ 15,559.94   sel     $83,500.00   [strat=chatterjee_aggressive_high_ask]
      R14  buy $ 60,270.68   sel     $83,000.00   [strat=chatterjee_aggressive_high_ask]
      R15  buy $ 28,667.21   sel     $82,500.00   [strat=chatterjee_aggressive_high_ask]
      R16  buy $ 36,945.68   sel     $82,000.00   [strat=chatterjee_aggressive_high_ask]
   run 14 done in 10.0 min

   run 15/30 on 2014 Mercedes-Benz S550  seed=20660434
      R 1  buy $ 93,317.50   sel     $95,500.00   [strat=chatterjee_aggressive_high_ask] *
      R 2  buy $  9,836.96   sel     $95,500.00   [strat=chatterjee_aggressive_high_ask]
      R 3  buy $ 93,057.08   sel     $95,000.00   [strat=chatterjee_aggressive_high_ask]
      R 4  buy $ 73,971.54   sel     $95,000.00   [strat=chatterjee_aggressive_high_ask]
      R 5  buy $ 18,986.92   sel     $95,500.00   [strat=chatterjee_aggressive_high_ask]
      R 6  buy $ 52,170.82   sel     $95,500.00   [strat=chatterjee_aggressive_high_ask]
      R 7  buy $ 27,338.68   sel     $95,500.00   [strat=chatterjee_aggressive_high_ask]
      R 8  buy $ 69,629.72   sel     $95,000.00   [strat=chatterjee_aggressive_high_ask]
      R 9  buy $  5,413.59   sel     $95,500.00   [strat=chatterjee_aggressive_high_ask]
      R10  buy $ 90,949.50   sel     $94,500.00   [strat=chatterjee_aggressive_high_ask]
      R11  buy $ 60,957.59   sel     $94,500.00   [strat=chatterjee_aggressive_high_ask]
      R12  buy $  1,511.77   sel     $94,000.00   [strat=chatterjee_aggressive_high_ask]
      R13  buy $ 16,931.58   sel     $95,000.00   [strat=chatterjee_aggressive_high_ask]
      R14  buy $ 48,007.28   sel     $94,000.00   [strat=chatterjee_aggressive_high_ask]
      R15  buy $ 82,188.11   sel     $93,500.00   [strat=chatterjee_aggressive_high_ask]
      R16  buy $ 25,612.64   sel     $95,000.00   [strat=chatterjee_aggressive_high_ask]
   run 15 done in 8.0 min

   run 16/30 on 2014 Mercedes-Benz S550  seed=20660435
      R 1  buy $ 75,572.34   sel     $89,500.00   [strat=chatterjee_aggressive_high_ask] *
      R 2  buy $ 26,711.80   sel     $87,500.00   [strat=chatterjee_aggressive_high_ask]
      R 3  buy $ 55,971.32   sel     $85,000.00   [strat=chatterjee_aggressive_high_ask]
      R 4  buy $ 46,648.34   sel     $84,500.00   [strat=chatterjee_aggressive_high_ask]
      R 5  buy $ 70,880.46   sel     $83,500.00   [strat=chatterjee_aggressive_high_ask]
      R 6  buy $ 56,069.95   sel     $83,000.00   [strat=chatterjee_aggressive_high_ask]
      R 7  buy $ 24,652.09   sel     $83,000.00   [strat=chatterjee_aggressive_high_ask]
      R 8  buy $ 25,823.29   sel     $83,000.00   [strat=chatterjee_aggressive_high_ask]
      R 9  buy $  2,628.84   sel     $84,000.00   [strat=chatterjee_aggressive_high_ask]
      R10  buy $ 65,992.89   sel     $83,000.00   [strat=chatterjee_aggressive_high_ask]
      R11  buy $  7,400.00   sel     $84,000.00   [strat=chatterjee_aggressive_high_ask]
      R12  buy $  7,886.34   sel     $84,500.00   [strat=chatterjee_aggressive_high_ask]
      R13  buy $ 63,408.62   sel     $84,000.00   [strat=chatterjee_aggressive_high_ask]
      R14  buy $ 18,379.71   sel     $84,500.00   [strat=chatterjee_aggressive_high_ask]
      R15  buy $  8,945.22   sel     $84,000.00   [strat=chatterjee_aggressive_high_ask]
      R16  buy $ 83,331.58   sel     $83,500.00   [strat=chatterjee_aggressive_high_ask]
   run 16 done in 8.7 min

   run 17/30 on 2014 Mercedes-Benz S550  seed=20660436
      R 1  buy $ 88,650.79   sel     $94,500.00   [strat=chatterjee_aggressive_high_ask] *
      R 2  buy $ 86,679.09   sel     $94,500.00   [strat=chatterjee_aggressive_high_ask]
      R 3  buy $ 48,702.74   sel     $94,500.00   [strat=chatterjee_aggressive_high_ask]
      R 4  buy $ 20,995.97   sel     $94,500.00   [strat=chatterjee_aggressive_high_ask]
      R 5  buy $ 36,730.30   sel     $94,500.00   [strat=chatterjee_aggressive_high_ask]
      R 6  buy $ 16,563.95   sel     $94,500.00   [strat=chatterjee_aggressive_high_ask]
      R 7  buy $  6,129.12   sel     $94,500.00   [strat=chatterjee_aggressive_high_ask]
      R 8  buy $ 45,571.50   sel     $94,000.00   [strat=chatterjee_aggressive_high_ask]
      R 9  buy $ 52,083.55   sel     $93,500.00   [strat=chatterjee_aggressive_high_ask]
      R10  buy $ 13,527.86   sel     $93,000.00   [strat=chatterjee_aggressive_high_ask]
      R11  buy $ 57,430.39   sel     $92,500.00   [strat=chatterjee_aggressive_high_ask]
      R12  buy $ 43,063.82   sel     $92,000.00   [strat=chatterjee_aggressive_high_ask]
      R13  buy $ 26,771.16   sel     $92,000.00   [strat=chatterjee_aggressive_high_ask]
      R14  buy $ 31,149.34   sel     $91,500.00   [strat=chatterjee_aggressive_high_ask]
      R15  buy $ 64,518.70   sel     $91,000.00   [strat=chatterjee_aggressive_high_ask]
      R16  buy $ 59,730.17   sel     $90,500.00   [strat=chatterjee_aggressive_high_ask]
   run 17 done in 8.7 min

   run 18/30 on 2014 Mercedes-Benz S550  seed=20660437
      R 1  buy $ 82,624.30   sel     $94,500.00   [strat=chatterjee_aggressive_high_ask] *
      R 2  buy $ 19,590.69   sel     $94,000.00   [strat=chatterjee_aggressive_high_ask]
      R 3  buy $ 71,117.94   sel     $93,500.00   [strat=chatterjee_aggressive_high_ask]
      R 4  buy $ 31,620.30   sel     $93,000.00   [strat=chatterjee_aggressive_high_ask]
      R 5  buy $ 47,271.66   sel     $92,500.00   [strat=chatterjee_aggressive_high_ask]
      R 6  buy $ 37,807.62   sel     $92,000.00   [strat=chatterjee_aggressive_high_ask]
      R 7  buy $ 54,004.23   sel     $91,500.00   [strat=chatterjee_aggressive_high_ask]
      R 8  buy $  4,684.33   sel     $94,000.00   [strat=chatterjee_aggressive_high_ask]
      R 9  buy $  5,471.47   sel     $95,000.00   [strat=chatterjee_aggressive_high_ask]
      R10  buy $ 47,463.39   sel     $94,500.00   [strat=chatterjee_aggressive_high_ask]
      R11  buy $ 59,793.05   sel     $95,000.00   [strat=chatterjee_aggressive_high_ask]
      R12  buy $ 26,362.14   sel     $95,000.00   [strat=chatterjee_aggressive_high_ask]
      R13  buy $ 21,455.04   sel     $96,000.00   [strat=chatterjee_aggressive_high_ask]
      R14  buy $ 91,160.91   sel     $94,500.00   [strat=chatterjee_aggressive_high_ask]
      R15  buy $ 14,631.77   sel     $96,000.00   [strat=chatterjee_aggressive_high_ask]
      R16  buy $  2,914.77   sel     $95,500.00   [strat=chatterjee_aggressive_high_ask]
   run 18 done in 9.1 min

   run 19/30 on 2014 Mercedes-Benz S550  seed=20660438
      R 1  buy $ 49,983.36   sel     $89,500.00   [strat=chatterjee_aggressive_high_ask] *
      R 2  buy $  3,430.62   sel     $88,500.00   [strat=chatterjee_aggressive_high_ask]
      R 3  buy $ 64,409.87   sel     $87,500.00   [strat=chatterjee_aggressive_high_ask]
      R 4  buy $ 58,790.63   sel     $87,000.00   [strat=chatterjee_aggressive_high_ask]
      R 5  buy $ 26,706.09   sel     $86,500.00   [strat=chatterjee_aggressive_high_ask]
      R 6  buy $ 59,378.03   sel     $86,000.00   [strat=chatterjee_aggressive_high_ask]
      R 7  buy $ 45,961.59   sel     $85,500.00   [strat=chatterjee_aggressive_high_ask]
      R 8  buy $ 77,776.67   sel     $85,000.00   [strat=chatterjee_aggressive_high_ask]
      R 9  buy $ 62,545.81   sel     $85,000.00   [strat=chatterjee_aggressive_high_ask]
      R10  buy $ 71,008.16   sel     $84,500.00   [strat=chatterjee_aggressive_high_ask]
      R11  buy $ 81,815.84   sel     $84,000.00   [strat=chatterjee_aggressive_high_ask]
      R12  buy $ 23,502.72   sel     $84,000.00   [strat=chatterjee_aggressive_high_ask]
      R13  buy $ 45,910.16   sel     $83,500.00   [strat=chatterjee_aggressive_high_ask]
      R14  buy $ 44,247.19   sel     $83,000.00   [strat=chatterjee_aggressive_high_ask]
      R15  buy $ 13,814.67   sel     $84,500.00   [strat=chatterjee_aggressive_high_ask]
      R16  buy $ 17,043.52   sel     $85,000.00   [strat=chatterjee_aggressive_high_ask]
   run 19 done in 8.5 min

   run 20/30 on 2014 Mercedes-Benz S550  seed=20660439
      R 1  buy $ 46,124.30   sel     $89,500.00   [strat=chatterjee_aggressive_high_ask] *
      R 2  buy $ 49,080.90   sel     $88,000.00   [strat=chatterjee_aggressive_high_ask]
      R 3  buy $ 63,427.48   sel     $87,500.00   [strat=chatterjee_aggressive_high_ask]
      R 4  buy $  8,481.27   sel     $87,500.00   [strat=chatterjee_aggressive_high_ask]
      R 5  buy $ 70,358.91   sel     $87,000.00   [strat=chatterjee_aggressive_high_ask]
      R 6  buy $    688.71   sel     $87,000.00   [strat=chatterjee_aggressive_high_ask]
      R 7  buy $  6,567.97   sel     $87,000.00   [strat=chatterjee_aggressive_high_ask]
      R 8  buy $ 62,379.30   sel     $86,500.00   [strat=chatterjee_aggressive_high_ask]
      R 9  buy $ 40,482.08   sel     $86,500.00   [strat=chatterjee_aggressive_high_ask]
      R10  buy $ 80,454.33   sel     $86,000.00   [strat=chatterjee_aggressive_high_ask]
      R11  buy $ 49,670.40   sel     $85,500.00   [strat=chatterjee_aggressive_high_ask]
      R12  buy $ 75,740.21   sel     $85,000.00   [strat=chatterjee_aggressive_high_ask]
      R13  buy $ 68,507.55   sel     $84,900.00   [strat=chatterjee_aggressive_high_ask]
      R14  buy $ 24,600.52   sel     $85,000.00   [strat=chatterjee_aggressive_high_ask]
      R15  buy $ 17,718.06   sel     $85,000.00   [strat=chatterjee_aggressive_high_ask]
      R16  buy $ 65,432.11   sel     $85,000.00   [strat=chatterjee_aggressive_high_ask]
   run 20 done in 9.1 min

   run 21/30 on 2014 Mercedes-Benz S550  seed=20660440
      R 1  buy $  4,990.82   sel     $89,500.00   [strat=chatterjee_aggressive_high_ask] *
      R 2  buy $ 35,898.07   sel     $85,500.00   [strat=chatterjee_aggressive_high_ask]
      R 3  buy $  3,202.04   sel     $84,500.00   [strat=chatterjee_aggressive_high_ask]
      R 4  buy $ 73,085.52   sel     $84,500.00   [strat=chatterjee_aggressive_high_ask]
      R 5  buy $ 41,161.14   sel     $84,500.00   [strat=chatterjee_aggressive_high_ask]
      R 6  buy $ 10,242.74   sel     $84,000.00   [strat=chatterjee_aggressive_high_ask]
      R 7  buy $ 64,801.41   sel     $83,500.00   [strat=chatterjee_aggressive_high_ask]
      R 8  buy $ 29,695.58   sel     $83,000.00   [strat=chatterjee_aggressive_high_ask]
      R 9  buy $  3,861.45   sel     $83,500.00   [strat=chatterjee_aggressive_high_ask]
      R10  buy $ 34,468.54   sel     $83,000.00   [strat=chatterjee_aggressive_high_ask]
      R11  buy $ 26,682.95   sel     $82,500.00   [strat=chatterjee_aggressive_high_ask]
      R12  buy $ 35,073.93   sel     $82,500.00   [strat=chatterjee_aggressive_high_ask]
      R13  buy $ 77,951.29   sel     $82,000.00   [strat=chatterjee_aggressive_high_ask]
      R14  buy $ 69,497.84   sel     $81,500.00   [strat=chatterjee_aggressive_high_ask]
      R15  buy $ 16,704.31   sel     $81,500.00   [strat=chatterjee_aggressive_high_ask]
      R16  buy $ 12,434.02   sel     $82,000.00   [strat=chatterjee_aggressive_high_ask]
   run 21 done in 7.0 min

   run 22/30 on 2014 Mercedes-Benz S550  seed=20660441
      R 1  buy $ 26,562.04   sel     $45,000.00   [strat=chatterjee_aggressive_high_ask] *
      R 2  buy $ 11,055.60   sel     $44,500.00   [strat=chatterjee_aggressive_high_ask]
      R 3  buy $ 38,407.55   sel     $43,000.00   [strat=chatterjee_aggressive_high_ask]
      R 4  buy $ 16,710.05   sel     $43,000.00   [strat=chatterjee_aggressive_high_ask]
      R 5  buy $  8,536.06   sel     $42,500.00   [strat=chatterjee_aggressive_high_ask]
      R 6  buy $ 25,009.90   sel     $41,500.00   [strat=chatterjee_aggressive_high_ask]
      R 7  buy $  6,108.09   sel     $41,500.00   [strat=chatterjee_aggressive_high_ask]
      R 8  buy $ 20,293.46   sel     $40,000.00   [strat=chatterjee_aggressive_high_ask]
      R 9  buy $ 21,268.50   sel     $39,500.00   [strat=chatterjee_aggressive_high_ask]
      R10  buy $ 37,296.33   sel     $39,000.00   [strat=chatterjee_aggressive_high_ask]
      R11  buy $  6,254.52   sel     $41,000.00   [strat=chatterjee_aggressive_high_ask]
      R12  buy $ 40,158.52   sel     $40,500.00   [strat=chatterjee_aggressive_high_ask]
      R13  buy $ 35,964.23   sel     $41,000.00   [strat=chatterjee_aggressive_high_ask]
      R14  buy $  8,123.49   sel     $42,000.00   [strat=chatterjee_aggressive_high_ask]
      R15  buy $ 17,660.33   sel     $43,000.00   [strat=chatterjee_aggressive_high_ask]
      R16  buy $ 13,086.83   sel     $44,000.00   [strat=chatterjee_aggressive_high_ask]
   run 22 done in 8.8 min

   run 23/30 on 2014 Mercedes-Benz S550  seed=20660442
      R 1  buy $ 44,180.35   sel     $62,500.00   [strat=chatterjee_aggressive_high_ask] *
      R 2  buy $ 15,353.43   sel     $61,500.00   [strat=chatterjee_aggressive_high_ask]
      R 3  buy $ 10,830.46   sel     $61,000.00   [strat=chatterjee_aggressive_high_ask]
      R 4  buy $  4,312.02   sel     $61,500.00   [strat=chatterjee_aggressive_high_ask]
      R 5  buy $ 32,383.67   sel     $60,000.00   [strat=chatterjee_aggressive_high_ask]
      R 6  buy $ 57,620.35   sel     $59,500.00   [strat=chatterjee_aggressive_high_ask]
      R 7  buy $ 24,118.84   sel     $59,500.00   [strat=chatterjee_aggressive_high_ask]
      R 8  buy $    289.27   sel     $59,500.00   [strat=chatterjee_aggressive_high_ask]
      R 9  buy $ 34,288.82   sel     $59,000.00   [strat=chatterjee_aggressive_high_ask]
      R10  buy $ 24,927.37   sel     $59,500.00   [strat=chatterjee_aggressive_high_ask]
      R11  buy $ 37,667.38   sel     $59,500.00   [strat=chatterjee_aggressive_high_ask]
      R12  buy $ 56,222.37   sel     $59,000.00   [strat=chatterjee_aggressive_high_ask]
      R13  buy $ 46,866.14   sel     $58,500.00   [strat=chatterjee_aggressive_high_ask]
      R14  buy $ 48,878.95   sel     $58,000.00   [strat=chatterjee_aggressive_high_ask]
      R15  buy $ 37,495.74   sel     $57,500.00   [strat=chatterjee_aggressive_high_ask]
      R16  buy $ 22,226.29   sel     $58,000.00   [strat=chatterjee_aggressive_high_ask]
   run 23 done in 9.9 min

   run 24/30 on 2014 Mercedes-Benz S550  seed=20660443
      R 1  buy $    768.51   sel     $89,500.00   [strat=chatterjee_aggressive_high_ask] *
      R 2  buy $ 51,576.96   sel     $88,500.00   [strat=chatterjee_aggressive_high_ask]
      R 3  buy $ 41,650.14   sel     $87,500.00   [strat=chatterjee_aggressive_high_ask]
      R 4  buy $ 52,465.56   sel     $86,500.00   [strat=chatterjee_aggressive_high_ask]
      R 5  buy $ 19,329.65   sel     $86,000.00   [strat=chatterjee_aggressive_high_ask]
      R 6  buy $ 44,681.70   sel     $85,500.00   [strat=chatterjee_aggressive_high_ask]
      R 7  buy $ 39,932.32   sel     $85,000.00   [strat=chatterjee_aggressive_high_ask]
      R 8  buy $ 63,042.47   sel     $84,500.00   [strat=chatterjee_aggressive_high_ask]
      R 9  buy $ 42,393.56   sel     $84,000.00   [strat=chatterjee_aggressive_high_ask]
      R10  buy $ 78,834.60   sel     $84,000.00   [strat=chatterjee_aggressive_high_ask]
      R11  buy $ 12,979.50   sel     $84,000.00   [strat=chatterjee_aggressive_high_ask]
      R12  buy $ 46,999.12   sel     $83,500.00   [strat=chatterjee_aggressive_high_ask]
      R13  buy $ 39,220.41   sel     $84,000.00   [strat=chatterjee_aggressive_high_ask]
      R14  buy $ 74,624.15   sel     $83,000.00   [strat=chatterjee_aggressive_high_ask]
      R15  buy $ 61,891.28   sel     $82,500.00   [strat=chatterjee_aggressive_high_ask]
      R16  buy $  5,158.81   sel     $84,000.00   [strat=chatterjee_aggressive_high_ask]
   run 24 done in 6.9 min

   run 25/30 on 2014 Mercedes-Benz S550  seed=20660444
      R 1  buy $ 16,108.33   sel     $29,500.00   [strat=chatterjee_aggressive_high_ask] *
      R 2  buy $  1,249.50   sel     $28,750.00   [strat=chatterjee_aggressive_high_ask]
      R 3  buy $ 17,632.87   sel     $28,500.00   [strat=chatterjee_aggressive_high_ask]
      R 4  buy $ 14,681.62   sel     $28,500.00   [strat=chatterjee_aggressive_high_ask]
      R 5  buy $ 10,162.41   sel     $28,500.00   [strat=chatterjee_aggressive_high_ask]
      R 6  buy $ 11,657.99   sel     $28,400.00   [strat=chatterjee_aggressive_high_ask]
      R 7  buy $  7,270.24   sel     $28,500.00   [strat=chatterjee_aggressive_high_ask]
      R 8  buy $  6,877.50   sel     $28,000.00   [strat=chatterjee_aggressive_high_ask]
      R 9  buy $  3,481.46   sel     $28,000.00   [strat=chatterjee_aggressive_high_ask]
      R10  buy $ 12,142.78   sel     $27,900.00   [strat=chatterjee_aggressive_high_ask]
      R11  buy $ 23,112.83   sel     $27,500.00   [strat=chatterjee_aggressive_high_ask]
      R12  buy $ 12,144.92   sel     $27,800.00   [strat=chatterjee_aggressive_high_ask]
      R13  buy $    826.27   sel     $27,800.00   [strat=chatterjee_aggressive_high_ask]
      R14  buy $ 10,456.08   sel     $27,800.00   [strat=chatterjee_aggressive_high_ask]
      R15  buy $ 14,376.10   sel     $27,700.00   [strat=chatterjee_aggressive_high_ask]
      R16  buy $ 10,254.67   sel     $27,600.00   [strat=chatterjee_aggressive_high_ask]
   run 25 done in 7.7 min

   run 26/30 on 2014 Mercedes-Benz S550  seed=20660445
      R 1  buy $  7,722.44   sel     $38,500.00   [strat=chatterjee_aggressive_high_ask] *
      R 2  buy $    238.55   sel     $37,500.00   [strat=chatterjee_aggressive_high_ask]
      R 3  buy $ 31,342.18   sel     $36,500.00   [strat=chatterjee_aggressive_high_ask]
      R 4  buy $ 16,975.77   sel     $36,000.00   [strat=chatterjee_aggressive_high_ask]
      R 5  buy $ 23,383.74   sel     $35,500.00   [strat=chatterjee_aggressive_high_ask]
      R 6  buy $  7,919.21   sel     $35,500.00   [strat=chatterjee_aggressive_high_ask]
      R 7  buy $  2,026.74   sel     $35,500.00   [strat=chatterjee_aggressive_high_ask]
      R 8  buy $ 13,235.69   sel     $35,000.00   [strat=chatterjee_aggressive_high_ask]
      R 9  buy $  9,673.41   sel     $35,500.00   [strat=chatterjee_aggressive_high_ask]
      R10  buy $ 24,885.68   sel     $35,500.00   [strat=chatterjee_aggressive_high_ask]
      R11  buy $  8,143.76   sel     $35,500.00   [strat=chatterjee_aggressive_high_ask]
      R12  buy $  2,591.82   sel     $35,000.00   [strat=chatterjee_aggressive_high_ask]
      R13  buy $ 34,441.53   sel     $34,800.00   [strat=chatterjee_aggressive_high_ask]
      R14  buy $ 29,210.07   sel     $34,500.00   [strat=chatterjee_aggressive_high_ask]
      R15  buy $  1,342.54   sel     $34,400.00   [strat=chatterjee_aggressive_high_ask]
      R16  buy $ 10,125.38   sel     $34,400.00   [strat=chatterjee_aggressive_high_ask]
   run 26 done in 6.7 min

   run 27/30 on 2014 Mercedes-Benz S550  seed=20660446
      R 1  buy $ 12,569.10   sel     $89,500.00   [strat=chatterjee_aggressive_high_ask] *
      R 2  buy $ 80,922.21   sel     $88,500.00   [strat=chatterjee_aggressive_high_ask]
      R 3  buy $ 47,303.82   sel     $87,500.00   [strat=chatterjee_aggressive_high_ask]
      R 4  buy $ 23,466.97   sel     $86,500.00   [strat=chatterjee_aggressive_high_ask]
      R 5  buy $ 31,728.06   sel     $86,000.00   [strat=chatterjee_aggressive_high_ask]
      R 6  buy $  5,272.37   sel     $85,000.00   [strat=chatterjee_aggressive_high_ask]
      R 7  buy $ 15,371.47   sel     $84,500.00   [strat=chatterjee_aggressive_high_ask]
      R 8  buy $ 14,856.33   sel     $84,500.00   [strat=chatterjee_aggressive_high_ask]
      R 9  buy $  1,814.80   sel     $84,500.00   [strat=chatterjee_aggressive_high_ask]
      R10  buy $ 49,247.13   sel     $84,000.00   [strat=chatterjee_aggressive_high_ask]
      R11  buy $ 20,248.08   sel     $83,500.00   [strat=chatterjee_aggressive_high_ask]
      R12  buy $ 26,052.79   sel     $83,500.00   [strat=chatterjee_aggressive_high_ask]
      R13  buy $ 60,237.45   sel     $84,000.00   [strat=chatterjee_aggressive_high_ask]
      R14  buy $ 61,839.42   sel     $84,000.00   [strat=chatterjee_aggressive_high_ask]
      R15  buy $ 44,844.32   sel     $84,000.00   [strat=chatterjee_aggressive_high_ask]
      R16  buy $ 50,521.66   sel     $83,500.00   [strat=chatterjee_aggressive_high_ask]
   run 27 done in 7.4 min

   run 28/30 on 2014 Mercedes-Benz S550  seed=20660447
      R 1  buy $  4,649.75   sel     $41,999.00   [strat=chatterjee_aggressive_high_ask] *
      R 2  buy $ 41,495.76   sel     $42,500.00   [strat=chatterjee_aggressive_high_ask]
      R 3  buy $ 12,107.66   sel     $42,500.00   [strat=chatterjee_aggressive_high_ask]
      R 4  buy $ 27,410.46   sel     $42,500.00   [strat=chatterjee_aggressive_high_ask]
      R 5  buy $ 29,439.72   sel     $42,000.00   [strat=chatterjee_aggressive_high_ask]
      R 6  buy $ 32,064.10   sel     $42,000.00   [strat=chatterjee_aggressive_high_ask]
      R 7  buy $  3,256.08   sel     $42,000.00   [strat=chatterjee_aggressive_high_ask]
      R 8  buy $ 27,079.36   sel     $42,000.00   [strat=chatterjee_aggressive_high_ask]
      R 9  buy $ 19,485.34   sel     $41,500.00   [strat=chatterjee_aggressive_high_ask]
      R10  buy $ 21,147.28   sel     $41,000.00   [strat=chatterjee_aggressive_high_ask]
      R11  buy $ 20,436.82   sel     $40,000.00   [strat=chatterjee_aggressive_high_ask]
      R12  buy $ 23,115.24   sel     $40,000.00   [strat=chatterjee_aggressive_high_ask]
      R13  buy $ 26,047.35   sel     $40,000.00   [strat=chatterjee_aggressive_high_ask]
      R14  buy $  3,056.21   sel     $39,500.00   [strat=chatterjee_aggressive_high_ask]
      R15  buy $ 16,674.40   sel     $39,000.00   [strat=chatterjee_aggressive_high_ask]
      R16  buy $ 23,450.67   sel     $38,500.00   [strat=chatterjee_aggressive_high_ask]
   run 28 done in 7.1 min

   run 29/30 on 2014 Mercedes-Benz S550  seed=20660448
      R 1  buy $ 53,307.45   sel     $74,500.00   [strat=chatterjee_aggressive_high_ask] *
      R 2  buy $ 32,442.43   sel     $74,000.00   [strat=chatterjee_aggressive_high_ask]
      R 3  buy $ 12,341.33   sel     $73,500.00   [strat=chatterjee_aggressive_high_ask]
      R 4  buy $ 33,977.69   sel     $73,000.00   [strat=chatterjee_aggressive_high_ask]
      R 5  buy $  1,979.11   sel     $72,500.00   [strat=chatterjee_aggressive_high_ask]
      R 6  buy $ 32,151.31   sel     $73,500.00   [strat=chatterjee_aggressive_high_ask]
      R 7  buy $  1,770.44   sel     $74,000.00   [strat=chatterjee_aggressive_high_ask]
      R 8  buy $  1,702.19   sel     $74,500.00   [strat=chatterjee_aggressive_high_ask]
      R 9  buy $    465.48   sel     $75,000.00   [strat=chatterjee_aggressive_high_ask]
      R10  buy $  6,012.46   sel     $75,000.00   [strat=chatterjee_aggressive_high_ask]
      R11  buy $ 69,224.71   sel     $74,500.00   [strat=chatterjee_aggressive_high_ask]
      R12  buy $ 18,848.49   sel     $74,250.00   [strat=chatterjee_aggressive_high_ask]
      R13  buy $ 57,206.67   sel     $73,500.00   [strat=chatterjee_aggressive_high_ask]
      R14  buy $ 70,843.81   sel     $74,000.00   [strat=chatterjee_aggressive_high_ask]
      R15  buy $ 20,886.02   sel     $74,500.00   [strat=chatterjee_aggressive_high_ask]
      R16  buy $ 33,439.91   sel     $75,000.00   [strat=chatterjee_aggressive_high_ask]
   run 29 done in 8.1 min

   run 30/30 on 2014 Mercedes-Benz S550  seed=20660449
      R 1  buy $ 21,290.55   sel     $29,900.00   [strat=chatterjee_aggressive_high_ask] *
      R 2  buy $ 25,700.45   sel     $29,500.00   [strat=chatterjee_aggressive_high_ask]
      R 3  buy $ 11,834.36   sel     $29,400.00   [strat=chatterjee_aggressive_high_ask]
      R 4  buy $ 15,416.16   sel     $29,300.00   [strat=chatterjee_aggressive_high_ask]
      R 5  buy $ 14,122.39   sel     $29,300.00   [strat=chatterjee_aggressive_high_ask]
      R 6  buy $ 25,921.84   sel     $29,200.00   [strat=chatterjee_aggressive_high_ask]
      R 7  buy $ 23,551.50   sel     $29,100.00   [strat=chatterjee_aggressive_high_ask]
      R 8  buy $  7,835.18   sel     $29,000.00   [strat=chatterjee_aggressive_high_ask]
      R 9  buy $ 12,956.67   sel     $29,000.00   [strat=chatterjee_aggressive_high_ask]
      R10  buy $ 15,165.63   sel     $28,900.00   [strat=chatterjee_aggressive_high_ask]
      R11  buy $ 20,011.69   sel     $28,800.00   [strat=chatterjee_aggressive_high_ask]
      R12  buy $ 19,751.01   sel     $28,700.00   [strat=chatterjee_aggressive_high_ask]
      R13  buy $ 21,837.57   sel     $28,600.00   [strat=chatterjee_aggressive_high_ask]
      R14  buy $ 15,972.60   sel     $28,500.00   [strat=chatterjee_aggressive_high_ask]
      R15  buy $ 18,012.35   sel     $28,400.00   [strat=chatterjee_aggressive_high_ask]
      R16  buy $  5,704.60   sel     $28,300.00   [strat=chatterjee_aggressive_high_ask]
   run 30 done in 6.1 min

   ---> checkpoint: car 1/5 done in 273.2 min; total so far 273.2 min; saved 30 runs to exp04_fixed_chatterjee_aggressive_high_ask.json

--- CAR 2/5: 2016 Cadillac CTS 3.6 Luxury  (M=$45,000.00  cost=$15,750.00  cost/M=35.00%) ---

   run 1/30 on 2016 Cadillac CTS 3.6 Luxury  seed=20661420
      R 1  buy $ 36,389.66   sel     $44,500.00   [strat=chatterjee_aggressive_high_ask] *
      R 2  buy $ 39,675.38   sel     $43,900.00   [strat=chatterjee_aggressive_high_ask]
      R 3  buy $ 28,431.98   sel     $43,500.00   [strat=chatterjee_aggressive_high_ask]
      R 4  buy $  9,406.90   sel     $43,250.00   [strat=chatterjee_aggressive_high_ask]
      R 5  buy $ 29,335.95   sel     $43,000.00   [strat=chatterjee_aggressive_high_ask]
      R 6  buy $ 34,149.23   sel     $42,750.00   [strat=chatterjee_aggressive_high_ask]
      R 7  buy $ 31,357.20   sel     $42,500.00   [strat=chatterjee_aggressive_high_ask]
      R 8  buy $  5,780.65   sel     $42,250.00   [strat=chatterjee_aggressive_high_ask]
      R 9  buy $ 20,519.22   sel     $42,000.00   [strat=chatterjee_aggressive_high_ask]
      R10  buy $  9,994.62   sel     $41,750.00   [strat=chatterjee_aggressive_high_ask]
      R11  buy $ 12,339.11   sel     $41,500.00   [strat=chatterjee_aggressive_high_ask]
      R12  buy $ 27,371.71   sel     $41,250.00   [strat=chatterjee_aggressive_high_ask]
      R13  buy $ 22,096.11   sel     $41,000.00   [strat=chatterjee_aggressive_high_ask]
      R14  buy $ 17,334.15   sel     $41,000.00   [strat=chatterjee_aggressive_high_ask]
      R15  buy $ 25,410.24   sel     $41,000.00   [strat=chatterjee_aggressive_high_ask]
      R16  buy $  2,081.36   sel     $41,500.00   [strat=chatterjee_aggressive_high_ask]
   run 1 done in 7.5 min

   run 2/30 on 2016 Cadillac CTS 3.6 Luxury  seed=20661421
      R 1  buy $ 29,845.19   sel     $42,500.00   [strat=chatterjee_aggressive_high_ask] *
      R 2  buy $ 34,766.79   sel     $41,500.00   [strat=chatterjee_aggressive_high_ask]
      R 3  buy $  3,924.50   sel     $41,500.00   [strat=chatterjee_aggressive_high_ask]
      R 4  buy $ 38,285.61   sel     $40,500.00   [strat=chatterjee_aggressive_high_ask]
      R 5  buy $ 24,338.80   sel     $40,500.00   [strat=chatterjee_aggressive_high_ask]
      R 6  buy $ 10,705.16   sel     $40,500.00   [strat=chatterjee_aggressive_high_ask]
      R 7  buy $ 21,049.94   sel     $39,500.00   [strat=chatterjee_aggressive_high_ask]
      R 8  buy $ 26,043.76   sel     $39,000.00   [strat=chatterjee_aggressive_high_ask]
      R 9  buy $ 19,790.86   sel     $38,500.00   [strat=chatterjee_aggressive_high_ask]
      R10  buy $ 26,010.09   sel     $38,000.00   [strat=chatterjee_aggressive_high_ask]
      R11  buy $  3,139.91   sel     $39,000.00   [strat=chatterjee_aggressive_high_ask]
      R12  buy $ 24,828.93   sel     $39,000.00   [strat=chatterjee_aggressive_high_ask]
      R13  buy $ 14,543.87   sel     $39,000.00   [strat=chatterjee_aggressive_high_ask]
      R14  buy $  6,996.21   sel     $39,000.00   [strat=chatterjee_aggressive_high_ask]
      R15  buy $ 16,930.77   sel     $39,000.00   [strat=chatterjee_aggressive_high_ask]
      R16  buy $  6,609.58   sel     $39,000.00   [strat=chatterjee_aggressive_high_ask]
   run 2 done in 9.1 min

   run 3/30 on 2016 Cadillac CTS 3.6 Luxury  seed=20661422
      R 1  buy $ 44,035.85   sel     $47,500.00   [strat=chatterjee_aggressive_high_ask] *
      R 2  buy $ 12,192.92   sel     $47,500.00   [strat=chatterjee_aggressive_high_ask]
      R 3  buy $  3,655.73   sel     $47,500.00   [strat=chatterjee_aggressive_high_ask]
      R 4  buy $ 26,541.57   sel     $46,500.00   [strat=chatterjee_aggressive_high_ask]
      R 5  buy $  1,689.45   sel     $46,500.00   [strat=chatterjee_aggressive_high_ask]
      R 6  buy $ 37,138.01   sel     $45,500.00   [strat=chatterjee_aggressive_high_ask]
      R 7  buy $ 19,537.29   sel     $45,500.00   [strat=chatterjee_aggressive_high_ask]
      R 8  buy $ 21,830.18   sel     $45,500.00   [strat=chatterjee_aggressive_high_ask]
      R 9  buy $  1,160.70   sel     $45,000.00   [strat=chatterjee_aggressive_high_ask]
      R10  buy $ 17,923.35   sel     $45,000.00   [strat=chatterjee_aggressive_high_ask]
      R11  buy $ 15,695.89   sel     $45,000.00   [strat=chatterjee_aggressive_high_ask]
      R12  buy $ 32,384.52   sel     $44,000.00   [strat=chatterjee_aggressive_high_ask]
      R13  buy $ 26,423.97   sel     $44,000.00   [strat=chatterjee_aggressive_high_ask]
      R14  buy $ 35,770.41   sel     $43,500.00   [strat=chatterjee_aggressive_high_ask]
      R15  buy $ 13,602.19   sel     $44,000.00   [strat=chatterjee_aggressive_high_ask]
      R16  buy $ 30,714.36   sel     $44,000.00   [strat=chatterjee_aggressive_high_ask]
   run 3 done in 6.1 min

   run 4/30 on 2016 Cadillac CTS 3.6 Luxury  seed=20661423
      R 1  buy $ 30,033.55   sel     $42,500.00   [strat=chatterjee_aggressive_high_ask] *
      R 2  buy $ 38,533.97   sel     $42,000.00   [strat=chatterjee_aggressive_high_ask]
      R 3  buy $  8,283.18   sel     $42,000.00   [strat=chatterjee_aggressive_high_ask]
      R 4  buy $  7,351.87   sel     $42,000.00   [strat=chatterjee_aggressive_high_ask]
      R 5  buy $ 12,318.65   sel     $41,500.00   [strat=chatterjee_aggressive_high_ask]
      R 6  buy $ 26,817.97   sel     $40,500.00   [strat=chatterjee_aggressive_high_ask]
      R 7  buy $ 16,757.20   sel     $40,000.00   [strat=chatterjee_aggressive_high_ask]
      R 8  buy $  5,801.71   sel     $39,500.00   [strat=chatterjee_aggressive_high_ask]
      R 9  buy $ 29,858.82   sel     $38,500.00   [strat=chatterjee_aggressive_high_ask]
      R10  buy $  7,512.81   sel     $39,000.00   [strat=chatterjee_aggressive_high_ask]
      R11  buy $  9,388.55   sel     $39,000.00   [strat=chatterjee_aggressive_high_ask]
      R12  buy $ 29,753.97   sel     $38,500.00   [strat=chatterjee_aggressive_high_ask]
      R13  buy $  1,422.11   sel     $38,500.00   [strat=chatterjee_aggressive_high_ask]
      R14  buy $ 28,945.69   sel     $38,000.00   [strat=chatterjee_aggressive_high_ask]
      R15  buy $ 33,065.95   sel     $37,500.00   [strat=chatterjee_aggressive_high_ask]
      R16  buy $ 14,386.85   sel     $36,500.00   [strat=chatterjee_aggressive_high_ask]
   run 4 done in 6.6 min

   run 5/30 on 2016 Cadillac CTS 3.6 Luxury  seed=20661424
      R 1  buy $ 20,282.10   sel     $34,995.00   [strat=chatterjee_aggressive_high_ask] *
      R 2  buy $  5,944.25   sel     $34,995.00   [strat=chatterjee_aggressive_high_ask]
      R 3  buy $ 28,857.64   sel     $34,500.00   [strat=chatterjee_aggressive_high_ask]
      R 4  buy $ 25,423.18   sel     $33,995.00   [strat=chatterjee_aggressive_high_ask]
      R 5  buy $ 33,037.26   sel     $33,995.00   [strat=chatterjee_aggressive_high_ask]
      R 6  buy $ 23,357.01   sel     $33,995.00   [strat=chatterjee_aggressive_high_ask]
      R 7  buy $ 22,180.53   sel     $33,900.00   [strat=chatterjee_aggressive_high_ask]
      R 8  buy $ 10,793.93   sel     $33,900.00   [strat=chatterjee_aggressive_high_ask]
      R 9  buy $ 10,996.73   sel     $33,800.00   [strat=chatterjee_aggressive_high_ask]
      R10  buy $ 14,038.31   sel     $33,500.00   [strat=chatterjee_aggressive_high_ask]
      R11  buy $ 15,836.62   sel     $33,500.00   [strat=chatterjee_aggressive_high_ask]
      R12  buy $ 10,707.30   sel     $33,500.00   [strat=chatterjee_aggressive_high_ask]
      R13  buy $ 11,646.32   sel     $33,500.00   [strat=chatterjee_aggressive_high_ask]
      R14  buy $ 13,372.92   sel     $33,750.00   [strat=chatterjee_aggressive_high_ask]
      R15  buy $ 20,996.31   sel     $34,000.00   [strat=chatterjee_aggressive_high_ask]
      R16  buy $  7,390.05   sel     $34,500.00   [strat=chatterjee_aggressive_high_ask]
   run 5 done in 7.4 min

   run 6/30 on 2016 Cadillac CTS 3.6 Luxury  seed=20661425
      R 1  buy $ 27,983.43   sel     $39,995.00   [strat=chatterjee_aggressive_high_ask] *
      R 2  buy $ 36,113.13   sel     $38,995.00   [strat=chatterjee_aggressive_high_ask]
      R 3  buy $ 33,551.34   sel     $38,995.00   [strat=chatterjee_aggressive_high_ask]
      R 4  buy $ 25,746.37   sel     $38,995.00   [strat=chatterjee_aggressive_high_ask]
      R 5  buy $ 12,059.16   sel     $38,995.00   [strat=chatterjee_aggressive_high_ask]
      R 6  buy $ 35,179.12   sel     $38,895.00   [strat=chatterjee_aggressive_high_ask]
      R 7  buy $ 26,118.95   sel     $38,895.00   [strat=chatterjee_aggressive_high_ask]
      R 8  buy $  1,652.89   sel     $38,895.00   [strat=chatterjee_aggressive_high_ask]
      R 9  buy $ 13,797.55   sel     $38,795.00   [strat=chatterjee_aggressive_high_ask]
      R10  buy $  4,549.00   sel     $38,795.00   [strat=chatterjee_aggressive_high_ask]
      R11  buy $ 34,200.25   sel     $38,695.00   [strat=chatterjee_aggressive_high_ask]
      R12  buy $ 28,127.25   sel     $38,595.00   [strat=chatterjee_aggressive_high_ask]
      R13  buy $ 30,577.63   sel     $38,495.00   [strat=chatterjee_aggressive_high_ask]
      R14  buy $ 27,716.95   sel     $38,445.00   [strat=chatterjee_aggressive_high_ask]
      R15  buy $  7,776.44   sel     $38,400.00   [strat=chatterjee_aggressive_high_ask]
      R16  buy $ 31,472.17   sel     $38,350.00   [strat=chatterjee_aggressive_high_ask]
   run 6 done in 8.6 min

   run 7/30 on 2016 Cadillac CTS 3.6 Luxury  seed=20661426
      R 1  buy $ 41,718.51   sel     $44,500.00   [strat=chatterjee_aggressive_high_ask] *
      R 2  buy $ 34,707.38   sel     $43,900.00   [strat=chatterjee_aggressive_high_ask]
      R 3  buy $  8,685.10   sel     $43,800.00   [strat=chatterjee_aggressive_high_ask]
      R 4  buy $ 12,787.93   sel     $43,500.00   [strat=chatterjee_aggressive_high_ask]
      R 5  buy $ 32,769.61   sel     $43,000.00   [strat=chatterjee_aggressive_high_ask]
      R 6  buy $ 15,568.85   sel     $42,500.00   [strat=chatterjee_aggressive_high_ask]
      R 7  buy $ 19,591.09   sel     $42,000.00   [strat=chatterjee_aggressive_high_ask]
      R 8  buy $ 31,264.60   sel     $41,500.00   [strat=chatterjee_aggressive_high_ask]
      R 9  buy $ 32,371.54   sel     $41,000.00   [strat=chatterjee_aggressive_high_ask]
      R10  buy $  7,748.65   sel     $42,000.00   [strat=chatterjee_aggressive_high_ask]
      R11  buy $    425.26   sel     $41,000.00   [strat=chatterjee_aggressive_high_ask]
      R12  buy $ 30,800.03   sel     $40,000.00   [strat=chatterjee_aggressive_high_ask]
      R13  buy $ 20,230.48   sel     $39,500.00   [strat=chatterjee_aggressive_high_ask]
      R14  buy $ 22,289.26   sel     $40,500.00   [strat=chatterjee_aggressive_high_ask]
      R15  buy $    207.67   sel     $41,000.00   [strat=chatterjee_aggressive_high_ask]
      R16  buy $ 36,124.18   sel     $40,000.00   [strat=chatterjee_aggressive_high_ask]
   run 7 done in 7.2 min

   run 8/30 on 2016 Cadillac CTS 3.6 Luxury  seed=20661427
      R 1  buy $ 26,166.17   sel     $38,995.00   [strat=chatterjee_aggressive_high_ask] *
      R 2  buy $ 20,660.08   sel     $38,500.00   [strat=chatterjee_aggressive_high_ask]
      R 3  buy $ 13,399.18   sel     $38,250.00   [strat=chatterjee_aggressive_high_ask]
      R 4  buy $  3,914.57   sel     $38,000.00   [strat=chatterjee_aggressive_high_ask]
      R 5  buy $ 24,964.68   sel     $37,750.00   [strat=chatterjee_aggressive_high_ask]
      R 6  buy $ 13,710.14   sel     $37,500.00   [strat=chatterjee_aggressive_high_ask]
      R 7  buy $ 12,688.86   sel     $37,500.00   [strat=chatterjee_aggressive_high_ask]
      R 8  buy $  1,462.38   sel     $38,000.00   [strat=chatterjee_aggressive_high_ask]
      R 9  buy $ 13,541.61   sel     $38,250.00   [strat=chatterjee_aggressive_high_ask]
      R10  buy $ 27,243.76   sel     $38,000.00   [strat=chatterjee_aggressive_high_ask]
      R11  buy $ 14,060.19   sel     $38,500.00   [strat=chatterjee_aggressive_high_ask]
      R12  buy $ 30,229.31   sel     $38,750.00   [strat=chatterjee_aggressive_high_ask]
      R13  buy $ 18,108.87   sel     $38,500.00   [strat=chatterjee_aggressive_high_ask]
      R14  buy $ 24,232.12   sel     $38,750.00   [strat=chatterjee_aggressive_high_ask]
      R15  buy $ 27,224.31   sel     $38,500.00   [strat=chatterjee_aggressive_high_ask]
      R16  buy $ 24,286.23   sel     $38,500.00   [strat=chatterjee_aggressive_high_ask]
   run 8 done in 6.2 min

   run 9/30 on 2016 Cadillac CTS 3.6 Luxury  seed=20661428
      R 1  buy $  5,576.64   sel     $39,995.00   [strat=chatterjee_aggressive_high_ask] *
      R 2  buy $  5,468.87   sel     $38,995.00   [strat=chatterjee_aggressive_high_ask]
      R 3  buy $ 38,584.66   sel     $38,995.00   [strat=chatterjee_aggressive_high_ask]
      R 4  buy $ 30,294.88   sel     $38,995.00   [strat=chatterjee_aggressive_high_ask]
      R 5  buy $ 17,773.09   sel     $38,995.00   [strat=chatterjee_aggressive_high_ask]
      R 6  buy $ 32,366.44   sel     $38,995.00   [strat=chatterjee_aggressive_high_ask]
      R 7  buy $ 35,584.88   sel     $38,500.00   [strat=chatterjee_aggressive_high_ask]
      R 8  buy $ 13,409.98   sel     $38,500.00   [strat=chatterjee_aggressive_high_ask]
      R 9  buy $  7,042.45   sel     $38,500.00   [strat=chatterjee_aggressive_high_ask]
      R10  buy $ 16,456.95   sel     $38,500.00   [strat=chatterjee_aggressive_high_ask]
      R11  buy $  8,484.43   sel     $38,000.00   [strat=chatterjee_aggressive_high_ask]
      R12  buy $ 31,857.28   sel     $37,500.00   [strat=chatterjee_aggressive_high_ask]
      R13  buy $ 20,014.01   sel     $37,000.00   [strat=chatterjee_aggressive_high_ask]
      R14  buy $  1,684.52   sel     $38,000.00   [strat=chatterjee_aggressive_high_ask]
      R15  buy $ 29,070.01   sel     $37,500.00   [strat=chatterjee_aggressive_high_ask]
      R16  buy $ 20,629.84   sel     $37,000.00   [strat=chatterjee_aggressive_high_ask]
   run 9 done in 6.0 min

   run 10/30 on 2016 Cadillac CTS 3.6 Luxury  seed=20661429
      R 1  buy $ 20,387.02   sel     $38,500.00   [strat=chatterjee_aggressive_high_ask] *
      R 2  buy $ 34,617.90   sel     $37,500.00   [strat=chatterjee_aggressive_high_ask]
      R 3  buy $ 15,149.53   sel     $37,000.00   [strat=chatterjee_aggressive_high_ask]
      R 4  buy $  2,741.44   sel     $36,500.00   [strat=chatterjee_aggressive_high_ask]
      R 5  buy $ 15,675.63   sel     $36,000.00   [strat=chatterjee_aggressive_high_ask]
      R 6  buy $  1,671.77   sel     $35,500.00   [strat=chatterjee_aggressive_high_ask]
      R 7  buy $ 14,281.59   sel     $35,500.00   [strat=chatterjee_aggressive_high_ask]
      R 8  buy $    385.95   sel     $35,750.00   [strat=chatterjee_aggressive_high_ask]
      R 9  buy $  8,169.35   sel     $35,000.00   [strat=chatterjee_aggressive_high_ask]
      R10  buy $ 10,226.89   sel     $35,000.00   [strat=chatterjee_aggressive_high_ask]
      R11  buy $ 30,733.79   sel     $34,500.00   [strat=chatterjee_aggressive_high_ask]
      R12  buy $  2,036.60   sel     $34,500.00   [strat=chatterjee_aggressive_high_ask]
      R13  buy $  1,704.12   sel     $34,500.00   [strat=chatterjee_aggressive_high_ask]
      R14  buy $  3,782.04   sel     $34,500.00   [strat=chatterjee_aggressive_high_ask]
      R15  buy $      9.77   sel     $34,000.00   [strat=chatterjee_aggressive_high_ask]
      R16  buy $ 32,739.22   sel     $33,500.00   [strat=chatterjee_aggressive_high_ask]
   run 10 done in 4.7 min

   run 11/30 on 2016 Cadillac CTS 3.6 Luxury  seed=20661430
      R 1  buy $ 30,109.49   sel     $41,995.00   [strat=chatterjee_aggressive_high_ask] *
      R 2  buy $ 19,214.74   sel     $41,500.00   [strat=chatterjee_aggressive_high_ask]
      R 3  buy $ 10,141.71   sel     $41,250.00   [strat=chatterjee_aggressive_high_ask]
      R 4  buy $  9,901.74   sel     $41,250.00   [strat=chatterjee_aggressive_high_ask]
      R 5  buy $    129.84   sel     $41,200.00   [strat=chatterjee_aggressive_high_ask]
      R 6  buy $ 36,101.43   sel     $40,900.00   [strat=chatterjee_aggressive_high_ask]
      R 7  buy $ 19,108.55   sel     $40,750.00   [strat=chatterjee_aggressive_high_ask]
      R 8  buy $ 12,101.04   sel     $40,500.00   [strat=chatterjee_aggressive_high_ask]
      R 9  buy $ 37,862.70   sel     $40,400.00   [strat=chatterjee_aggressive_high_ask]
      R10  buy $ 17,454.81   sel     $40,300.00   [strat=chatterjee_aggressive_high_ask]
      R11  buy $  6,257.44   sel     $40,250.00   [strat=chatterjee_aggressive_high_ask]
      R12  buy $ 17,312.89   sel     $40,200.00   [strat=chatterjee_aggressive_high_ask]
      R13  buy $ 24,107.03   sel     $40,100.00   [strat=chatterjee_aggressive_high_ask]
      R14  buy $ 20,744.59   sel     $40,000.00   [strat=chatterjee_aggressive_high_ask]
      R15  buy $ 22,826.53   sel     $39,900.00   [strat=chatterjee_aggressive_high_ask]
      R16  buy $ 32,443.87   sel     $39,750.00   [strat=chatterjee_aggressive_high_ask]
   run 11 done in 6.1 min

   run 12/30 on 2016 Cadillac CTS 3.6 Luxury  seed=20661431
      R 1  buy $  2,263.08   sel     $38,500.00   [strat=chatterjee_aggressive_high_ask] *
      R 2  buy $    741.30   sel     $38,500.00   [strat=chatterjee_aggressive_high_ask]
      R 3  buy $  4,580.29   sel     $38,000.00   [strat=chatterjee_aggressive_high_ask]
      R 4  buy $ 34,794.18   sel     $37,500.00   [strat=chatterjee_aggressive_high_ask]
      R 5  buy $  1,039.53   sel     $37,500.00   [strat=chatterjee_aggressive_high_ask]
      R 6  buy $ 35,256.41   sel     $37,250.00   [strat=chatterjee_aggressive_high_ask]
      R 7  buy $ 18,308.57   sel     $37,000.00   [strat=chatterjee_aggressive_high_ask]
      R 8  buy $ 12,991.53   sel     $37,000.00   [strat=chatterjee_aggressive_high_ask]
      R 9  buy $ 16,663.89   sel     $36,500.00   [strat=chatterjee_aggressive_high_ask]
      R10  buy $ 29,032.41   sel     $36,000.00   [strat=chatterjee_aggressive_high_ask]
      R11  buy $ 10,692.32   sel     $36,000.00   [strat=chatterjee_aggressive_high_ask]
      R12  buy $ 19,844.82   sel     $35,500.00   [strat=chatterjee_aggressive_high_ask]
      R13  buy $ 25,932.57   sel     $35,000.00   [strat=chatterjee_aggressive_high_ask]
      R14  buy $  2,908.72   sel     $34,500.00   [strat=chatterjee_aggressive_high_ask]
      R15  buy $ 14,458.86   sel     $34,000.00   [strat=chatterjee_aggressive_high_ask]
      R16  buy $ 15,319.91   sel     $33,500.00   [strat=chatterjee_aggressive_high_ask]
   run 12 done in 4.9 min

   run 13/30 on 2016 Cadillac CTS 3.6 Luxury  seed=20661432
      R 1  buy $ 22,184.30   sel     $38,500.00   [strat=chatterjee_aggressive_high_ask] *
      R 2  buy $ 30,263.67   sel     $37,500.00   [strat=chatterjee_aggressive_high_ask]
      R 3  buy $ 34,382.85   sel     $36,500.00   [strat=chatterjee_aggressive_high_ask]
      R 4  buy $ 23,297.13   sel     $36,000.00   [strat=chatterjee_aggressive_high_ask]
      R 5  buy $ 28,736.94   sel     $35,500.00   [strat=chatterjee_aggressive_high_ask]
      R 6  buy $ 13,036.82   sel     $35,000.00   [strat=chatterjee_aggressive_high_ask]
      R 7  buy $ 34,683.09   sel     $35,250.00   [strat=chatterjee_aggressive_high_ask]
      R 8  buy $ 26,020.47   sel     $35,000.00   [strat=chatterjee_aggressive_high_ask]
      R 9  buy $  5,290.39   sel     $34,900.00   [strat=chatterjee_aggressive_high_ask]
      R10  buy $ 33,853.73   sel     $34,750.00   [strat=chatterjee_aggressive_high_ask]
      R11  buy $ 34,108.78   sel     $34,600.00   [strat=chatterjee_aggressive_high_ask]
      R12  buy $  2,490.10   sel     $34,500.00   [strat=chatterjee_aggressive_high_ask]
      R13  buy $  1,260.90   sel     $34,400.00   [strat=chatterjee_aggressive_high_ask]
      R14  buy $ 20,625.87   sel     $34,200.00   [strat=chatterjee_aggressive_high_ask]
      R15  buy $  8,857.27   sel     $34,000.00   [strat=chatterjee_aggressive_high_ask]
      R16  buy $ 11,227.82   sel     $34,000.00   [strat=chatterjee_aggressive_high_ask]
   run 13 done in 6.5 min

   run 14/30 on 2016 Cadillac CTS 3.6 Luxury  seed=20661433
      R 1  buy $ 19,592.99   sel     PARSE-FAIL   [strat=chatterjee_aggressive_high_ask] *
      R 2  buy $ 44,867.75   sel     $46,500.00   [strat=chatterjee_aggressive_high_ask]
      R 3  buy $  7,450.67   sel     $46,500.00   [strat=chatterjee_aggressive_high_ask]
      R 4  buy $  1,199.77   sel     $46,500.00   [strat=chatterjee_aggressive_high_ask]
      R 5  buy $  3,397.15   sel     $46,500.00   [strat=chatterjee_aggressive_high_ask]
      R 6  buy $ 31,880.70   sel     $44,999.99   [strat=chatterjee_aggressive_high_ask]
      R 7  buy $ 19,876.76   sel     $44,500.00   [strat=chatterjee_aggressive_high_ask]
      R 8  buy $ 32,308.10   sel     $44,500.00   [strat=chatterjee_aggressive_high_ask]
      R 9  buy $ 30,087.81   sel     $44,500.00   [strat=chatterjee_aggressive_high_ask]
      R10  buy $ 30,002.65   sel     $44,000.00   [strat=chatterjee_aggressive_high_ask]
      R11  buy $ 29,597.51   sel     $43,999.99   [strat=chatterjee_aggressive_high_ask]
      R12  buy $ 36,854.50   sel     $43,500.00   [strat=chatterjee_aggressive_high_ask]
      R13  buy $ 33,994.00   sel     $42,500.00   [strat=chatterjee_aggressive_high_ask]
      R14  buy $  2,315.67   sel     $42,500.00   [strat=chatterjee_aggressive_high_ask]
      R15  buy $ 13,451.02   sel     $42,499.99   [strat=chatterjee_aggressive_high_ask]
      R16  buy $ 37,065.66   sel     $42,000.00   [strat=chatterjee_aggressive_high_ask]
   run 14 done in 5.3 min

   run 15/30 on 2016 Cadillac CTS 3.6 Luxury  seed=20661434
      R 1  buy $ 25,168.82   sel     $39,995.00   [strat=chatterjee_aggressive_high_ask] *
      R 2  buy $ 23,165.82   sel     $38,995.00   [strat=chatterjee_aggressive_high_ask]
      R 3  buy $  4,875.52   sel     $38,995.00   [strat=chatterjee_aggressive_high_ask]
      R 4  buy $ 10,440.30   sel     $38,995.00   [strat=chatterjee_aggressive_high_ask]
      R 5  buy $  4,911.04   sel     $38,995.00   [strat=chatterjee_aggressive_high_ask]
      R 6  buy $ 29,381.15   sel     $37,995.00   [strat=chatterjee_aggressive_high_ask]
      R 7  buy $ 23,063.12   sel     $37,500.00   [strat=chatterjee_aggressive_high_ask]
      R 8  buy $ 32,101.21   sel     $36,995.00   [strat=chatterjee_aggressive_high_ask]
      R 9  buy $  9,834.60   sel     $37,500.00   [strat=chatterjee_aggressive_high_ask]
      R10  buy $  4,141.69   sel     $38,995.00   [strat=chatterjee_aggressive_high_ask]
      R11  buy $ 37,315.98   sel     $38,500.00   [strat=chatterjee_aggressive_high_ask]
      R12  buy $ 16,383.28   sel     $38,995.00   [strat=chatterjee_aggressive_high_ask]
      R13  buy $  9,310.29   sel     $38,995.00   [strat=chatterjee_aggressive_high_ask]
      R14  buy $  8,532.83   sel     $38,500.00   [strat=chatterjee_aggressive_high_ask]
      R15  buy $ 34,158.76   sel     $38,000.00   [strat=chatterjee_aggressive_high_ask]
      R16  buy $ 23,686.69   sel     $38,995.00   [strat=chatterjee_aggressive_high_ask]
   run 15 done in 6.2 min

   run 16/30 on 2016 Cadillac CTS 3.6 Luxury  seed=20661435
      R 1  buy $ 40,432.92   sel     $44,500.00   [strat=chatterjee_aggressive_high_ask] *
      R 2  buy $ 18,228.06   sel     $44,500.00   [strat=chatterjee_aggressive_high_ask]
      R 3  buy $  6,408.86   sel     $44,500.00   [strat=chatterjee_aggressive_high_ask]
      R 4  buy $ 28,428.35   sel     $43,500.00   [strat=chatterjee_aggressive_high_ask]
      R 5  buy $ 15,153.75   sel     $43,500.00   [strat=chatterjee_aggressive_high_ask]
      R 6  buy $ 19,469.92   sel     $43,000.00   [strat=chatterjee_aggressive_high_ask]
      R 7  buy $ 26,579.40   sel     $42,500.00   [strat=chatterjee_aggressive_high_ask]
      R 8  buy $ 19,459.58   sel     $42,000.00   [strat=chatterjee_aggressive_high_ask]
      R 9  buy $  8,072.49   sel     $42,000.00   [strat=chatterjee_aggressive_high_ask]
      R10  buy $ 30,751.47   sel     $41,500.00   [strat=chatterjee_aggressive_high_ask]
      R11  buy $ 14,392.50   sel     $41,000.00   [strat=chatterjee_aggressive_high_ask]
      R12  buy $ 37,731.92   sel     $40,500.00   [strat=chatterjee_aggressive_high_ask]
      R13  buy $ 28,381.71   sel     $40,500.00   [strat=chatterjee_aggressive_high_ask]
      R14  buy $  3,368.40   sel     $40,000.00   [strat=chatterjee_aggressive_high_ask]
      R15  buy $ 39,490.86   sel     $39,950.00   [strat=chatterjee_aggressive_high_ask]
      R16  buy $    225.91   sel     $39,950.00   [strat=chatterjee_aggressive_high_ask]
   run 16 done in 6.9 min

   run 17/30 on 2016 Cadillac CTS 3.6 Luxury  seed=20661436
      R 1  buy $ 35,157.47   sel     $44,500.00   [strat=chatterjee_aggressive_high_ask] *
      R 2  buy $ 35,761.91   sel     $44,000.00   [strat=chatterjee_aggressive_high_ask]
      R 3  buy $ 29,695.46   sel     $43,500.00   [strat=chatterjee_aggressive_high_ask]
      R 4  buy $ 27,083.33   sel     $43,500.00   [strat=chatterjee_aggressive_high_ask]
      R 5  buy $ 35,182.77   sel     $43,000.00   [strat=chatterjee_aggressive_high_ask]
      R 6  buy $ 37,088.52   sel     $42,500.00   [strat=chatterjee_aggressive_high_ask]
      R 7  buy $ 18,799.17   sel     $42,000.00   [strat=chatterjee_aggressive_high_ask]
      R 8  buy $  1,466.87   sel     $42,500.00   [strat=chatterjee_aggressive_high_ask]
      R 9  buy $  8,155.53   sel     $42,500.00   [strat=chatterjee_aggressive_high_ask]
      R10  buy $ 40,565.79   sel     $42,000.00   [strat=chatterjee_aggressive_high_ask]
      R11  buy $ 13,694.55   sel     $42,500.00   [strat=chatterjee_aggressive_high_ask]
      R12  buy $ 18,062.74   sel     $43,000.00   [strat=chatterjee_aggressive_high_ask]
      R13  buy $ 22,300.36   sel     $42,500.00   [strat=chatterjee_aggressive_high_ask]
      R14  buy $ 37,574.52   sel     $42,000.00   [strat=chatterjee_aggressive_high_ask]
      R15  buy $ 17,043.40   sel     $43,500.00   [strat=chatterjee_aggressive_high_ask]
      R16  buy $ 31,987.26   sel     $42,500.00   [strat=chatterjee_aggressive_high_ask]
   run 17 done in 5.9 min

   run 18/30 on 2016 Cadillac CTS 3.6 Luxury  seed=20661437
      R 1  buy $  4,345.16   sel     $42,500.00   [strat=chatterjee_aggressive_high_ask] *
      R 2  buy $ 17,315.33   sel     $41,500.00   [strat=chatterjee_aggressive_high_ask]
      R 3  buy $ 16,084.73   sel     $41,000.00   [strat=chatterjee_aggressive_high_ask]
      R 4  buy $  3,514.25   sel     $40,500.00   [strat=chatterjee_aggressive_high_ask]
      R 5  buy $ 21,972.77   sel     $40,000.00   [strat=chatterjee_aggressive_high_ask]
      R 6  buy $ 17,882.83   sel     $39,900.00   [strat=chatterjee_aggressive_high_ask]
      R 7  buy $ 26,209.86   sel     $39,800.00   [strat=chatterjee_aggressive_high_ask]
      R 8  buy $ 23,622.97   sel     $39,750.00   [strat=chatterjee_aggressive_high_ask]
      R 9  buy $ 25,862.28   sel     $39,700.00   [strat=chatterjee_aggressive_high_ask]
      R10  buy $ 14,263.21   sel     $39,700.00   [strat=chatterjee_aggressive_high_ask]
      R11  buy $ 39,415.03   sel     $39,600.00   [strat=chatterjee_aggressive_high_ask]
      R12  buy $  5,293.68   sel     $39,600.00   [strat=chatterjee_aggressive_high_ask]
      R13  buy $    248.80   sel     $39,600.00   [strat=chatterjee_aggressive_high_ask]
      R14  buy $ 27,599.03   sel     $39,500.00   [strat=chatterjee_aggressive_high_ask]
      R15  buy $ 37,891.49   sel     $39,450.00   [strat=chatterjee_aggressive_high_ask]
      R16  buy $ 20,883.57   sel     $39,500.00   [strat=chatterjee_aggressive_high_ask]
   run 18 done in 6.9 min

   run 19/30 on 2016 Cadillac CTS 3.6 Luxury  seed=20661438
      R 1  buy $ 27,261.59   sel     $38,500.00   [strat=chatterjee_aggressive_high_ask] *
      R 2  buy $  8,296.60   sel     $38,000.00   [strat=chatterjee_aggressive_high_ask]
      R 3  buy $ 16,811.18   sel     $38,000.00   [strat=chatterjee_aggressive_high_ask]
      R 4  buy $ 35,902.72   sel     $37,800.00   [strat=chatterjee_aggressive_high_ask]
      R 5  buy $  6,785.85   sel     $38,000.00   [strat=chatterjee_aggressive_high_ask]
      R 6  buy $ 37,907.60   sel     $38,000.00   [strat=chatterjee_aggressive_high_ask]
      R 7  buy $ 28,510.52   sel     $38,000.00   [strat=chatterjee_aggressive_high_ask]
      R 8  buy $ 21,663.53   sel     $37,999.99   [strat=chatterjee_aggressive_high_ask]
      R 9  buy $ 10,134.57   sel     $37,999.98   [strat=chatterjee_aggressive_high_ask]
      R10  buy $ 28,891.96   sel     $37,999.97   [strat=chatterjee_aggressive_high_ask]
      R11  buy $ 31,392.43   sel     $37,999.96   [strat=chatterjee_aggressive_high_ask]
      R12  buy $ 36,902.68   sel     $37,999.95   [strat=chatterjee_aggressive_high_ask]
      R13  buy $ 27,995.24   sel     $37,999.94   [strat=chatterjee_aggressive_high_ask]
      R14  buy $ 36,333.14   sel     $37,999.93   [strat=chatterjee_aggressive_high_ask]
      R15  buy $ 18,934.24   sel     $38,000.00   [strat=chatterjee_aggressive_high_ask]
      R16  buy $  7,107.72   sel     $38,000.00   [strat=chatterjee_aggressive_high_ask]
   run 19 done in 5.8 min

   run 20/30 on 2016 Cadillac CTS 3.6 Luxury  seed=20661439
      R 1  buy $ 12,571.12   sel     $22,000.00   [strat=chatterjee_aggressive_high_ask] *
      R 2  buy $ 14,115.14   sel     $21,000.00   [strat=chatterjee_aggressive_high_ask]
      R 3  buy $  2,105.16   sel     $20,500.00   [strat=chatterjee_aggressive_high_ask]
      R 4  buy $ 17,293.53   sel     $20,000.00   [strat=chatterjee_aggressive_high_ask]
      R 5  buy $  9,836.30   sel     $20,000.00   [strat=chatterjee_aggressive_high_ask]
      R 6  buy $ 19,920.75   sel     $20,000.00   [strat=chatterjee_aggressive_high_ask]
      R 7  buy $     68.44   sel     $20,000.00   [strat=chatterjee_aggressive_high_ask]
      R 8  buy $    241.08   sel     $20,000.00   [strat=chatterjee_aggressive_high_ask]
      R 9  buy $  3,122.92   sel     $20,000.00   [strat=chatterjee_aggressive_high_ask]
      R10  buy $  1,797.20   sel     $20,000.00   [strat=chatterjee_aggressive_high_ask]
      R11  buy $  4,684.10   sel     $20,000.00   [strat=chatterjee_aggressive_high_ask]
      R12  buy $  4,347.62   sel     $20,000.00   [strat=chatterjee_aggressive_high_ask]
      R13  buy $    230.08   sel     $20,000.00   [strat=chatterjee_aggressive_high_ask]
      R14  buy $  4,293.18   sel     $20,000.00   [strat=chatterjee_aggressive_high_ask]
      R15  buy $ 16,790.29   sel     $19,500.00   [strat=chatterjee_aggressive_high_ask]
      R16  buy $ 17,457.43   sel     $19,000.00   [strat=chatterjee_aggressive_high_ask]
   run 20 done in 4.2 min

   run 21/30 on 2016 Cadillac CTS 3.6 Luxury  seed=20661440
      R 1  buy $  9,567.76   sel     $28,500.00   [strat=chatterjee_aggressive_high_ask] *
      R 2  buy $ 22,766.78   sel     $27,999.00   [strat=chatterjee_aggressive_high_ask]
      R 3  buy $  9,445.23   sel     $27,500.00   [strat=chatterjee_aggressive_high_ask]
      R 4  buy $ 21,937.76   sel     $27,500.00   [strat=chatterjee_aggressive_high_ask]
      R 5  buy $ 17,905.04   sel     $27,500.00   [strat=chatterjee_aggressive_high_ask]
      R 6  buy $  5,389.82   sel     $27,000.00   [strat=chatterjee_aggressive_high_ask]
      R 7  buy $  6,865.54   sel     $26,900.00   [strat=chatterjee_aggressive_high_ask]
      R 8  buy $ 12,430.83   sel     $26,500.00   [strat=chatterjee_aggressive_high_ask]
      R 9  buy $  5,392.66   sel     $26,450.00   [strat=chatterjee_aggressive_high_ask]
      R10  buy $ 16,145.43   sel     $25,000.00   [strat=chatterjee_aggressive_high_ask]
      R11  buy $ 23,874.98   sel     $24,750.00   [strat=chatterjee_aggressive_high_ask]
      R12  buy $  8,590.17   sel     $24,500.00   [strat=chatterjee_aggressive_high_ask]
      R13  buy $ 15,611.67   sel     $24,400.00   [strat=chatterjee_aggressive_high_ask]
      R14  buy $  5,263.62   sel     $24,000.00   [strat=chatterjee_aggressive_high_ask]
      R15  buy $  5,978.38   sel     $23,900.00   [strat=chatterjee_aggressive_high_ask]
      R16  buy $ 15,418.34   sel     $23,900.00   [strat=chatterjee_aggressive_high_ask]
   run 21 done in 5.5 min

   run 22/30 on 2016 Cadillac CTS 3.6 Luxury  seed=20661441
      R 1  buy $ 14,895.97   sel     $19,995.00   [strat=chatterjee_aggressive_high_ask] *
      R 2  buy $ 17,117.70   sel     $19,500.00   [strat=chatterjee_aggressive_high_ask]
      R 3  buy $  4,141.52   sel     $19,500.00   [strat=chatterjee_aggressive_high_ask]
      R 4  buy $  6,819.70   sel     $19,500.00   [strat=chatterjee_aggressive_high_ask]
      R 5  buy $ 10,608.94   sel     $19,400.00   [strat=chatterjee_aggressive_high_ask]
      R 6  buy $  6,139.44   sel     $19,300.00   [strat=chatterjee_aggressive_high_ask]
      R 7  buy $  7,653.53   sel     $19,300.00   [strat=chatterjee_aggressive_high_ask]
      R 8  buy $ 12,161.31   sel     $19,200.00   [strat=chatterjee_aggressive_high_ask]
      R 9  buy $  8,388.71   sel     $19,200.00   [strat=chatterjee_aggressive_high_ask]
      R10  buy $ 10,164.95   sel     $19,200.00   [strat=chatterjee_aggressive_high_ask]
      R11  buy $  4,404.65   sel     $19,100.00   [strat=chatterjee_aggressive_high_ask]
      R12  buy $  4,149.57   sel     $19,000.00   [strat=chatterjee_aggressive_high_ask]
      R13  buy $ 14,257.82   sel     $18,900.00   [strat=chatterjee_aggressive_high_ask]
      R14  buy $ 12,309.73   sel     $18,900.00   [strat=chatterjee_aggressive_high_ask]
      R15  buy $ 17,990.30   sel     $18,800.00   [strat=chatterjee_aggressive_high_ask]
      R16  buy $ 15,681.06   sel     $18,800.00   [strat=chatterjee_aggressive_high_ask]
   run 22 done in 4.7 min

   run 23/30 on 2016 Cadillac CTS 3.6 Luxury  seed=20661442
      R 1  buy $ 25,078.18   sel     $38,500.00   [strat=chatterjee_aggressive_high_ask] *
      R 2  buy $ 18,868.38   sel     $38,500.00   [strat=chatterjee_aggressive_high_ask]
      R 3  buy $ 24,126.01   sel     $37,500.00   [strat=chatterjee_aggressive_high_ask]
      R 4  buy $ 12,085.01   sel     $37,500.00   [strat=chatterjee_aggressive_high_ask]
      R 5  buy $ 34,120.97   sel     $37,000.00   [strat=chatterjee_aggressive_high_ask]
      R 6  buy $ 13,210.10   sel     $38,500.00   [strat=chatterjee_aggressive_high_ask]
      R 7  buy $ 28,724.51   sel     $38,500.00   [strat=chatterjee_aggressive_high_ask]
      R 8  buy $ 37,395.49   sel     $38,000.00   [strat=chatterjee_aggressive_high_ask]
      R 9  buy $ 27,633.44   sel     $38,500.00   [strat=chatterjee_aggressive_high_ask]
      R10  buy $ 10,787.94   sel     $38,500.00   [strat=chatterjee_aggressive_high_ask]
      R11  buy $ 28,391.19   sel     $38,500.00   [strat=chatterjee_aggressive_high_ask]
      R12  buy $  1,377.42   sel     $38,500.00   [strat=chatterjee_aggressive_high_ask]
      R13  buy $ 21,395.16   sel     $38,500.00   [strat=chatterjee_aggressive_high_ask]
      R14  buy $ 13,814.06   sel     $38,500.00   [strat=chatterjee_aggressive_high_ask]
      R15  buy $  9,765.06   sel     $38,500.00   [strat=chatterjee_aggressive_high_ask]
      R16  buy $  4,422.41   sel     $38,500.00   [strat=chatterjee_aggressive_high_ask]
   run 23 done in 5.7 min

   run 24/30 on 2016 Cadillac CTS 3.6 Luxury  seed=20661443
      R 1  buy $ 35,638.87   sel     $44,500.00   [strat=chatterjee_aggressive_high_ask] *
      R 2  buy $  3,350.87   sel     $44,500.00   [strat=chatterjee_aggressive_high_ask]
      R 3  buy $  7,232.40   sel     $44,500.00   [strat=chatterjee_aggressive_high_ask]
      R 4  buy $ 39,930.14   sel     $43,500.00   [strat=chatterjee_aggressive_high_ask]
      R 5  buy $ 25,211.34   sel     $42,500.00   [strat=chatterjee_aggressive_high_ask]
      R 6  buy $  9,008.38   sel     $43,000.00   [strat=chatterjee_aggressive_high_ask]
      R 7  buy $ 16,439.36   sel     $42,500.00   [strat=chatterjee_aggressive_high_ask]
      R 8  buy $ 13,150.28   sel     $42,500.00   [strat=chatterjee_aggressive_high_ask]
      R 9  buy $ 22,851.36   sel     $42,500.00   [strat=chatterjee_aggressive_high_ask]
      R10  buy $ 27,786.00   sel     $42,000.00   [strat=chatterjee_aggressive_high_ask]
      R11  buy $ 30,393.94   sel     $42,000.00   [strat=chatterjee_aggressive_high_ask]
      R12  buy $  9,979.89   sel     $42,500.00   [strat=chatterjee_aggressive_high_ask]
      R13  buy $ 30,253.40   sel     $41,500.00   [strat=chatterjee_aggressive_high_ask]
      R14  buy $ 29,740.40   sel     $42,000.00   [strat=chatterjee_aggressive_high_ask]
      R15  buy $ 11,120.53   sel     $42,000.00   [strat=chatterjee_aggressive_high_ask]
      R16  buy $ 30,994.27   sel     $42,000.00   [strat=chatterjee_aggressive_high_ask]
   run 24 done in 5.8 min

   run 25/30 on 2016 Cadillac CTS 3.6 Luxury  seed=20661444
      R 1  buy $  8,413.90   sel     $29,995.00   [strat=chatterjee_aggressive_high_ask] *
      R 2  buy $  5,684.26   sel     $28,995.00   [strat=chatterjee_aggressive_high_ask]
      R 3  buy $ 10,511.28   sel     $28,500.00   [strat=chatterjee_aggressive_high_ask]
      R 4  buy $  1,251.86   sel     $28,250.00   [strat=chatterjee_aggressive_high_ask]
      R 5  buy $ 25,381.93   sel     $27,500.00   [strat=chatterjee_aggressive_high_ask]
      R 6  buy $ 17,128.69   sel     $27,000.00   [strat=chatterjee_aggressive_high_ask]
      R 7  buy $ 24,888.44   sel     $26,500.00   [strat=chatterjee_aggressive_high_ask]
      R 8  buy $  5,158.74   sel     $27,000.00   [strat=chatterjee_aggressive_high_ask]
      R 9  buy $ 15,558.17   sel     $26,000.00   [strat=chatterjee_aggressive_high_ask]
      R10  buy $ 17,435.42   sel     $27,500.00   [strat=chatterjee_aggressive_high_ask]
      R11  buy $ 12,467.59   sel     $27,000.00   [strat=chatterjee_aggressive_high_ask]
      R12  buy $ 23,566.18   sel     $27,500.00   [strat=chatterjee_aggressive_high_ask]
      R13  buy $  9,380.54   sel     $27,000.00   [strat=chatterjee_aggressive_high_ask]
      R14  buy $  1,432.55   sel     $26,500.00   [strat=chatterjee_aggressive_high_ask]
      R15  buy $  1,349.88   sel     $27,000.00   [strat=chatterjee_aggressive_high_ask]
      R16  buy $  7,311.70   sel     $26,500.00   [strat=chatterjee_aggressive_high_ask]
   run 25 done in 4.9 min

   run 26/30 on 2016 Cadillac CTS 3.6 Luxury  seed=20661445
      R 1  buy $ 11,918.73   sel     $21,500.00   [strat=chatterjee_aggressive_high_ask] *
      R 2  buy $  4,970.99   sel     $20,995.00   [strat=chatterjee_aggressive_high_ask]
      R 3  buy $  2,279.77   sel     $20,995.00   [strat=chatterjee_aggressive_high_ask]
      R 4  buy $ 13,344.44   sel     $20,500.00   [strat=chatterjee_aggressive_high_ask]
      R 5  buy $ 12,753.91   sel     $20,250.00   [strat=chatterjee_aggressive_high_ask]
      R 6  buy $ 11,298.30   sel     $20,500.00   [strat=chatterjee_aggressive_high_ask]
      R 7  buy $ 13,956.07   sel     $20,000.00   [strat=chatterjee_aggressive_high_ask]
      R 8  buy $ 13,517.25   sel     $19,500.00   [strat=chatterjee_aggressive_high_ask]
      R 9  buy $  3,592.94   sel     $19,500.00   [strat=chatterjee_aggressive_high_ask]
      R10  buy $  7,281.14   sel     $19,500.00   [strat=chatterjee_aggressive_high_ask]
      R11  buy $ 19,097.60   sel     $19,500.00   [strat=chatterjee_aggressive_high_ask]
      R12  buy $  4,358.47   sel     $19,500.00   [strat=chatterjee_aggressive_high_ask]
      R13  buy $ 14,422.02   sel     $19,250.00   [strat=chatterjee_aggressive_high_ask]
      R14  buy $ 10,334.51   sel     $19,500.00   [strat=chatterjee_aggressive_high_ask]
      R15  buy $ 15,312.52   sel     $19,250.00   [strat=chatterjee_aggressive_high_ask]
      R16  buy $    740.60   sel     $19,500.00   [strat=chatterjee_aggressive_high_ask]
   run 26 done in 6.9 min

   run 27/30 on 2016 Cadillac CTS 3.6 Luxury  seed=20661446
      R 1  buy $ 18,662.46   sel     $39,995.00   [strat=chatterjee_aggressive_high_ask] *
      R 2  buy $ 22,123.44   sel     $37,995.00   [strat=chatterjee_aggressive_high_ask]
      R 3  buy $ 36,813.99   sel     $37,995.00   [strat=chatterjee_aggressive_high_ask]
      R 4  buy $ 23,979.79   sel     $37,895.00   [strat=chatterjee_aggressive_high_ask]
      R 5  buy $  8,189.26   sel     $37,895.00   [strat=chatterjee_aggressive_high_ask]
      R 6  buy $ 36,487.61   sel     $37,895.00   [strat=chatterjee_aggressive_high_ask]
      R 7  buy $  7,166.07   sel     $37,895.00   [strat=chatterjee_aggressive_high_ask]
      R 8  buy $ 33,371.35   sel     $37,895.00   [strat=chatterjee_aggressive_high_ask]
      R 9  buy $ 26,282.75   sel     $37,795.00   [strat=chatterjee_aggressive_high_ask]
      R10  buy $ 14,039.46   sel     $37,795.00   [strat=chatterjee_aggressive_high_ask]
      R11  buy $ 34,767.13   sel     $37,695.00   [strat=chatterjee_aggressive_high_ask]
      R12  buy $  8,781.12   sel     $37,895.00   [strat=chatterjee_aggressive_high_ask]
      R13  buy $ 22,419.79   sel     $37,795.00   [strat=chatterjee_aggressive_high_ask]
      R14  buy $ 16,635.23   sel     $37,795.00   [strat=chatterjee_aggressive_high_ask]
      R15  buy $  1,187.92   sel     $37,895.00   [strat=chatterjee_aggressive_high_ask]
      R16  buy $ 26,173.92   sel     $37,795.00   [strat=chatterjee_aggressive_high_ask]
   run 27 done in 5.9 min

   run 28/30 on 2016 Cadillac CTS 3.6 Luxury  seed=20661447
      R 1  buy $  4,226.10   sel     $39,999.00   [strat=chatterjee_aggressive_high_ask] *
      R 2  buy $  3,243.96   sel     $39,500.00   [strat=chatterjee_aggressive_high_ask]
      R 3  buy $ 26,492.90   sel     $39,000.00   [strat=chatterjee_aggressive_high_ask]
      R 4  buy $ 31,801.49   sel     $38,500.00   [strat=chatterjee_aggressive_high_ask]
      R 5  buy $ 30,886.48   sel     $38,000.00   [strat=chatterjee_aggressive_high_ask]
      R 6  buy $ 32,422.57   sel     $37,999.00   [strat=chatterjee_aggressive_high_ask]
      R 7  buy $ 14,187.76   sel     $38,500.00   [strat=chatterjee_aggressive_high_ask]
      R 8  buy $ 20,667.96   sel     $38,500.00   [strat=chatterjee_aggressive_high_ask]
      R 9  buy $ 25,712.85   sel     $38,250.00   [strat=chatterjee_aggressive_high_ask]
      R10  buy $  3,440.12   sel     $38,500.00   [strat=chatterjee_aggressive_high_ask]
      R11  buy $ 29,394.86   sel     $38,000.00   [strat=chatterjee_aggressive_high_ask]
      R12  buy $ 16,245.11   sel     $38,500.00   [strat=chatterjee_aggressive_high_ask]
      R13  buy $ 10,992.35   sel     $38,500.00   [strat=chatterjee_aggressive_high_ask]
      R14  buy $  6,569.95   sel     $38,500.00   [strat=chatterjee_aggressive_high_ask]
      R15  buy $ 13,197.99   sel     $38,500.00   [strat=chatterjee_aggressive_high_ask]
      R16  buy $ 10,423.65   sel     $38,500.00   [strat=chatterjee_aggressive_high_ask]
   run 28 done in 7.3 min

   run 29/30 on 2016 Cadillac CTS 3.6 Luxury  seed=20661448
      R 1  buy $ 16,777.54   sel     $22,500.00   [strat=chatterjee_aggressive_high_ask] *
      R 2  buy $ 21,497.58   sel     $22,200.00   [strat=chatterjee_aggressive_high_ask]
      R 3  buy $ 17,137.25   sel     $22,200.00   [strat=chatterjee_aggressive_high_ask]
      R 4  buy $  8,585.07   sel     $22,200.00   [strat=chatterjee_aggressive_high_ask]
      R 5  buy $  7,388.86   sel     $21,800.00   [strat=chatterjee_aggressive_high_ask]
      R 6  buy $ 12,810.23   sel     $21,500.00   [strat=chatterjee_aggressive_high_ask]
      R 7  buy $ 11,436.38   sel     $21,400.00   [strat=chatterjee_aggressive_high_ask]
      R 8  buy $  8,707.68   sel     $21,500.00   [strat=chatterjee_aggressive_high_ask]
      R 9  buy $  1,800.55   sel     $21,500.00   [strat=chatterjee_aggressive_high_ask]
      R10  buy $ 11,945.99   sel     $21,450.00   [strat=chatterjee_aggressive_high_ask]
      R11  buy $ 18,809.55   sel     $21,000.00   [strat=chatterjee_aggressive_high_ask]
      R12  buy $ 14,213.28   sel     $20,500.00   [strat=chatterjee_aggressive_high_ask]
      R13  buy $ 12,418.40   sel     $20,000.00   [strat=chatterjee_aggressive_high_ask]
      R14  buy $  7,560.06   sel     $19,500.00   [strat=chatterjee_aggressive_high_ask]
      R15  buy $  8,315.26   sel     $19,500.00   [strat=chatterjee_aggressive_high_ask]
      R16  buy $  8,884.77   sel     $19,250.00   [strat=chatterjee_aggressive_high_ask]
   run 29 done in 5.3 min

   run 30/30 on 2016 Cadillac CTS 3.6 Luxury  seed=20661449
      R 1  buy $ 20,085.02   sel     $34,500.00   [strat=chatterjee_aggressive_high_ask] *
      R 2  buy $ 24,947.81   sel     $33,900.00   [strat=chatterjee_aggressive_high_ask]
      R 3  buy $ 25,268.58   sel     $33,500.00   [strat=chatterjee_aggressive_high_ask]
      R 4  buy $  5,788.43   sel     $33,000.00   [strat=chatterjee_aggressive_high_ask]
      R 5  buy $ 32,891.33   sel     $33,000.00   [strat=chatterjee_aggressive_high_ask]
      R 6  buy $  2,442.76   sel     $33,000.00   [strat=chatterjee_aggressive_high_ask]
      R 7  buy $ 20,599.30   sel     $32,500.00   [strat=chatterjee_aggressive_high_ask]
      R 8  buy $ 30,527.87   sel     $32,900.00   [strat=chatterjee_aggressive_high_ask]
      R 9  buy $ 17,972.79   sel     $32,800.00   [strat=chatterjee_aggressive_high_ask]
      R10  buy $ 14,905.24   sel     $32,700.00   [strat=chatterjee_aggressive_high_ask]
      R11  buy $  6,429.11   sel     $32,600.00   [strat=chatterjee_aggressive_high_ask]
      R12  buy $ 22,611.34   sel     $32,500.00   [strat=chatterjee_aggressive_high_ask]
      R13  buy $ 26,824.52   sel     $32,400.00   [strat=chatterjee_aggressive_high_ask]
      R14  buy $ 20,229.37   sel     $32,200.00   [strat=chatterjee_aggressive_high_ask]
      R15  buy $ 28,143.54   sel     $32,100.00   [strat=chatterjee_aggressive_high_ask]
      R16  buy $ 25,656.36   sel     $31,800.00   [strat=chatterjee_aggressive_high_ask]
   run 30 done in 5.8 min

   ---> checkpoint: car 2/5 done in 185.8 min; total so far 459.0 min; saved 60 runs to exp04_fixed_chatterjee_aggressive_high_ask.json

--- CAR 3/5: 2019 Honda Accord Sport 1.5T  (M=$28,000.00  cost=$14,000.00  cost/M=50.00%) ---

   run 1/30 on 2019 Honda Accord Sport 1.5T  seed=20662420
      R 1  buy $ 26,226.54   sel     $29,500.00   [strat=chatterjee_aggressive_high_ask] *
      R 2  buy $ 24,982.91   sel     $29,500.00   [strat=chatterjee_aggressive_high_ask]
      R 3  buy $ 25,799.74   sel     $29,400.00   [strat=chatterjee_aggressive_high_ask]
      R 4  buy $ 26,585.11   sel     $29,300.00   [strat=chatterjee_aggressive_high_ask]
      R 5  buy $ 27,442.41   sel     $29,100.00   [strat=chatterjee_aggressive_high_ask]
      R 6  buy $ 16,638.27   sel     $29,000.00   [strat=chatterjee_aggressive_high_ask]
      R 7  buy $ 11,812.71   sel     $29,500.00   [strat=chatterjee_aggressive_high_ask]
      R 8  buy $  5,813.35   sel     $29,500.00   [strat=chatterjee_aggressive_high_ask]
      R 9  buy $ 13,035.75   sel     $29,500.00   [strat=chatterjee_aggressive_high_ask]
      R10  buy $ 23,445.60   sel     $28,500.00   [strat=chatterjee_aggressive_high_ask]
      R11  buy $ 25,863.63   sel     $28,300.00   [strat=chatterjee_aggressive_high_ask]
      R12  buy $ 13,048.55   sel     $28,500.00   [strat=chatterjee_aggressive_high_ask]
      R13  buy $ 13,325.42   sel     $28,500.00   [strat=chatterjee_aggressive_high_ask]
      R14  buy $ 17,450.62   sel     $28,000.00   [strat=chatterjee_aggressive_high_ask]
      R15  buy $ 18,052.55   sel     $27,800.00   [strat=chatterjee_aggressive_high_ask]
      R16  buy $ 26,292.79   sel     $27,500.00   [strat=chatterjee_aggressive_high_ask]
   run 1 done in 5.7 min

   run 2/30 on 2019 Honda Accord Sport 1.5T  seed=20662421
      R 1  buy $ 22,253.04   sel     $27,500.00   [strat=chatterjee_aggressive_high_ask] *
      R 2  buy $  4,231.54   sel     $27,500.00   [strat=chatterjee_aggressive_high_ask]
      R 3  buy $ 23,358.59   sel     $26,500.00   [strat=chatterjee_aggressive_high_ask]
      R 4  buy $ 10,835.51   sel     $26,500.00   [strat=chatterjee_aggressive_high_ask]
      R 5  buy $ 12,799.36   sel     $26,500.00   [strat=chatterjee_aggressive_high_ask]
      R 6  buy $  9,282.38   sel     $26,500.00   [strat=chatterjee_aggressive_high_ask]
      R 7  buy $  4,404.94   sel     $26,500.00   [strat=chatterjee_aggressive_high_ask]
      R 8  buy $ 17,056.08   sel     $25,500.00   [strat=chatterjee_aggressive_high_ask]
      R 9  buy $ 13,107.39   sel     $24,900.00   [strat=chatterjee_aggressive_high_ask]
      R10  buy $ 14,261.36   sel     $24,800.00   [strat=chatterjee_aggressive_high_ask]
      R11  buy $ 16,650.70   sel     $24,700.00   [strat=chatterjee_aggressive_high_ask]
      R12  buy $  1,494.66   sel     $24,600.00   [strat=chatterjee_aggressive_high_ask]
      R13  buy $ 15,114.72   sel     $24,500.00   [strat=chatterjee_aggressive_high_ask]
      R14  buy $ 21,660.12   sel     $24,400.00   [strat=chatterjee_aggressive_high_ask]
      R15  buy $ 16,433.60   sel     $24,300.00   [strat=chatterjee_aggressive_high_ask]
      R16  buy $ 17,214.57   sel     $24,200.00   [strat=chatterjee_aggressive_high_ask]
   run 2 done in 4.8 min

   run 3/30 on 2019 Honda Accord Sport 1.5T  seed=20662422
      R 1  buy $ 17,197.25   sel     $26,500.00   [strat=chatterjee_aggressive_high_ask] *
      R 2  buy $  6,266.12   sel     $26,500.00   [strat=chatterjee_aggressive_high_ask]
      R 3  buy $ 24,662.71   sel     $26,000.00   [strat=chatterjee_aggressive_high_ask]
      R 4  buy $  9,164.98   sel     $26,000.00   [strat=chatterjee_aggressive_high_ask]
      R 5  buy $    582.86   sel     $25,900.00   [strat=chatterjee_aggressive_high_ask]
      R 6  buy $    512.93   sel     $25,900.00   [strat=chatterjee_aggressive_high_ask]
      R 7  buy $  5,026.65   sel     $25,900.00   [strat=chatterjee_aggressive_high_ask]
      R 8  buy $  1,642.56   sel     $25,900.00   [strat=chatterjee_aggressive_high_ask]
      R 9  buy $  6,577.86   sel     $25,800.00   [strat=chatterjee_aggressive_high_ask]
      R10  buy $  7,076.47   sel     $25,700.00   [strat=chatterjee_aggressive_high_ask]
      R11  buy $ 23,315.27   sel     $25,500.00   [strat=chatterjee_aggressive_high_ask]
      R12  buy $ 12,273.11   sel     $25,400.00   [strat=chatterjee_aggressive_high_ask]
      R13  buy $  2,893.34   sel     $25,300.00   [strat=chatterjee_aggressive_high_ask]
      R14  buy $ 13,564.75   sel     $25,200.00   [strat=chatterjee_aggressive_high_ask]
      R15  buy $    144.93   sel     $25,100.00   [strat=chatterjee_aggressive_high_ask]
      R16  buy $ 19,981.44   sel     $25,000.00   [strat=chatterjee_aggressive_high_ask]
   run 3 done in 5.0 min

   run 4/30 on 2019 Honda Accord Sport 1.5T  seed=20662423
      R 1  buy $ 10,631.57   sel     $25,500.00   [strat=chatterjee_aggressive_high_ask] *
      R 2  buy $ 22,264.64   sel     $25,500.00   [strat=chatterjee_aggressive_high_ask]
      R 3  buy $  8,331.03   sel     $25,500.00   [strat=chatterjee_aggressive_high_ask]
      R 4  buy $ 15,477.34   sel     $25,500.00   [strat=chatterjee_aggressive_high_ask]
      R 5  buy $ 23,283.23   sel     $25,000.00   [strat=chatterjee_aggressive_high_ask]
      R 6  buy $ 21,235.49   sel     $24,900.00   [strat=chatterjee_aggressive_high_ask]
      R 7  buy $  4,996.15   sel     $24,900.00   [strat=chatterjee_aggressive_high_ask]
      R 8  buy $ 12,900.54   sel     $24,900.00   [strat=chatterjee_aggressive_high_ask]
      R 9  buy $ 14,453.46   sel     $25,500.00   [strat=chatterjee_aggressive_high_ask]
      R10  buy $ 25,316.89   sel     $25,500.00   [strat=chatterjee_aggressive_high_ask]
      R11  buy $  7,134.68   sel     $25,500.00   [strat=chatterjee_aggressive_high_ask]
      R12  buy $ 18,375.62   sel     $25,500.00   [strat=chatterjee_aggressive_high_ask]
      R13  buy $ 18,684.91   sel     $25,500.00   [strat=chatterjee_aggressive_high_ask]
      R14  buy $  8,886.13   sel     $25,500.00   [strat=chatterjee_aggressive_high_ask]
      R15  buy $ 23,376.39   sel     $25,000.00   [strat=chatterjee_aggressive_high_ask]
      R16  buy $ 20,904.00   sel     $25,500.00   [strat=chatterjee_aggressive_high_ask]
   run 4 done in 4.8 min

   run 5/30 on 2019 Honda Accord Sport 1.5T  seed=20662424
      R 1  buy $ 16,126.63   sel     $26,500.00   [strat=chatterjee_aggressive_high_ask] *
      R 2  buy $ 19,655.95   sel     $25,500.00   [strat=chatterjee_aggressive_high_ask]
      R 3  buy $ 18,201.45   sel     $24,900.00   [strat=chatterjee_aggressive_high_ask]
      R 4  buy $ 17,484.08   sel     $24,500.00   [strat=chatterjee_aggressive_high_ask]
      R 5  buy $  4,403.23   sel     $24,000.00   [strat=chatterjee_aggressive_high_ask]
      R 6  buy $  8,510.56   sel     $23,900.00   [strat=chatterjee_aggressive_high_ask]
      R 7  buy $  3,900.71   sel     $23,850.00   [strat=chatterjee_aggressive_high_ask]
      R 8  buy $ 17,778.39   sel     $23,850.00   [strat=chatterjee_aggressive_high_ask]
      R 9  buy $ 16,405.40   sel     $23,700.00   [strat=chatterjee_aggressive_high_ask]
      R10  buy $ 23,362.76   sel     $23,600.00   [strat=chatterjee_aggressive_high_ask]
      R11  buy $ 19,863.86   sel     $23,600.00   [strat=chatterjee_aggressive_high_ask]
      R12  buy $  1,690.06   sel     $23,800.00   [strat=chatterjee_aggressive_high_ask]
      R13  buy $ 18,714.26   sel     $23,750.00   [strat=chatterjee_aggressive_high_ask]
      R14  buy $  3,937.65   sel     $23,800.00   [strat=chatterjee_aggressive_high_ask]
      R15  buy $ 22,417.66   sel     $23,750.00   [strat=chatterjee_aggressive_high_ask]
      R16  buy $ 17,830.60   sel     $23,700.00   [strat=chatterjee_aggressive_high_ask]
   run 5 done in 6.8 min

   run 6/30 on 2019 Honda Accord Sport 1.5T  seed=20662425
      R 1  buy $  2,961.30   sel     $27,500.00   [strat=chatterjee_aggressive_high_ask] *
      R 2  buy $  9,816.35   sel     $27,000.00   [strat=chatterjee_aggressive_high_ask]
      R 3  buy $ 19,925.39   sel     $26,000.00   [strat=chatterjee_aggressive_high_ask]
      R 4  buy $  4,786.89   sel     $26,000.00   [strat=chatterjee_aggressive_high_ask]
      R 5  buy $    665.58   sel     $26,000.00   [strat=chatterjee_aggressive_high_ask]
      R 6  buy $  7,165.03   sel     $26,000.00   [strat=chatterjee_aggressive_high_ask]
      R 7  buy $ 14,121.77   sel     $26,000.00   [strat=chatterjee_aggressive_high_ask]
      R 8  buy $  6,711.05   sel     $26,000.00   [strat=chatterjee_aggressive_high_ask]
      R 9  buy $ 17,575.91   sel     $25,500.00   [strat=chatterjee_aggressive_high_ask]
      R10  buy $ 22,375.19   sel     $25,500.00   [strat=chatterjee_aggressive_high_ask]
      R11  buy $ 17,372.78   sel     $25,000.00   [strat=chatterjee_aggressive_high_ask]
      R12  buy $ 22,031.23   sel     $25,000.00   [strat=chatterjee_aggressive_high_ask]
      R13  buy $  9,462.86   sel     $25,000.00   [strat=chatterjee_aggressive_high_ask]
      R14  buy $ 12,906.51   sel     $24,500.00   [strat=chatterjee_aggressive_high_ask]
      R15  buy $  5,607.48   sel     $24,500.00   [strat=chatterjee_aggressive_high_ask]
      R16  buy $ 10,651.81   sel     $24,000.00   [strat=chatterjee_aggressive_high_ask]
   run 6 done in 5.4 min

   run 7/30 on 2019 Honda Accord Sport 1.5T  seed=20662426
      R 1  buy $  6,611.22   sel     $26,500.00   [strat=chatterjee_aggressive_high_ask] *
      R 2  buy $  1,982.52   sel     $26,000.00   [strat=chatterjee_aggressive_high_ask]
      R 3  buy $ 20,814.04   sel     $25,500.00   [strat=chatterjee_aggressive_high_ask]
      R 4  buy $ 15,734.81   sel     $25,500.00   [strat=chatterjee_aggressive_high_ask]
      R 5  buy $  5,484.78   sel     $25,500.00   [strat=chatterjee_aggressive_high_ask]
      R 6  buy $ 18,140.04   sel     $25,500.00   [strat=chatterjee_aggressive_high_ask]
      R 7  buy $ 25,458.80   sel     $25,458.80   [strat=chatterjee_aggressive_high_ask]
      R 8  buy $  2,492.00   sel     $25,500.00   [strat=chatterjee_aggressive_high_ask]
      R 9  buy $ 12,311.76   sel     $25,500.00   [strat=chatterjee_aggressive_high_ask]
      R10  buy $  7,532.10   sel     $25,000.00   [strat=chatterjee_aggressive_high_ask]
      R11  buy $  4,896.29   sel     $25,500.00   [strat=chatterjee_aggressive_high_ask]
      R12  buy $  3,338.36   sel     $25,500.00   [strat=chatterjee_aggressive_high_ask]
      R13  buy $ 23,516.12   sel     $25,500.00   [strat=chatterjee_aggressive_high_ask]
      R14  buy $    745.55   sel     $25,500.00   [strat=chatterjee_aggressive_high_ask]
      R15  buy $  6,019.47   sel     $25,000.00   [strat=chatterjee_aggressive_high_ask]
      R16  buy $ 23,596.93   sel     $25,500.00   [strat=chatterjee_aggressive_high_ask]
   run 7 done in 5.5 min

   run 8/30 on 2019 Honda Accord Sport 1.5T  seed=20662427
      R 1  buy $ 23,608.75   sel     $27,500.00   [strat=chatterjee_aggressive_high_ask] *
      R 2  buy $  5,373.44   sel     $27,000.00   [strat=chatterjee_aggressive_high_ask]
      R 3  buy $  3,444.37   sel     $26,999.99   [strat=chatterjee_aggressive_high_ask]
      R 4  buy $ 17,653.34   sel     $26,500.00   [strat=chatterjee_aggressive_high_ask]
      R 5  buy $    846.79   sel     $26,499.99   [strat=chatterjee_aggressive_high_ask]
      R 6  buy $ 16,195.16   sel     $25,999.99   [strat=chatterjee_aggressive_high_ask]
      R 7  buy $  3,771.68   sel     $25,500.00   [strat=chatterjee_aggressive_high_ask]
      R 8  buy $ 15,308.31   sel     $25,499.99   [strat=chatterjee_aggressive_high_ask]
      R 9  buy $  9,404.86   sel     $25,499.99   [strat=chatterjee_aggressive_high_ask]
      R10  buy $  8,562.20   sel     $25,499.99   [strat=chatterjee_aggressive_high_ask]
      R11  buy $ 25,214.45   sel     $25,499.99   [strat=chatterjee_aggressive_high_ask]
      R12  buy $ 24,910.34   sel     $25,499.99   [strat=chatterjee_aggressive_high_ask]
      R13  buy $  7,360.73   sel     $25,499.99   [strat=chatterjee_aggressive_high_ask]
      R14  buy $  2,127.77   sel     $25,499.99   [strat=chatterjee_aggressive_high_ask]
      R15  buy $ 19,396.61   sel     $25,499.99   [strat=chatterjee_aggressive_high_ask]
      R16  buy $  7,903.65   sel     $25,499.99   [strat=chatterjee_aggressive_high_ask]
   run 8 done in 5.7 min

   run 9/30 on 2019 Honda Accord Sport 1.5T  seed=20662428
      R 1  buy $ 17,600.59   sel     $26,500.00   [strat=chatterjee_aggressive_high_ask] *
      R 2  buy $  1,616.83   sel     $26,400.00   [strat=chatterjee_aggressive_high_ask]
      R 3  buy $ 11,063.56   sel     $26,300.00   [strat=chatterjee_aggressive_high_ask]
      R 4  buy $ 14,951.18   sel     $26,200.00   [strat=chatterjee_aggressive_high_ask]
      R 5  buy $ 11,340.32   sel     $26,200.00   [strat=chatterjee_aggressive_high_ask]
      R 6  buy $ 23,047.17   sel     $26,100.00   [strat=chatterjee_aggressive_high_ask]
      R 7  buy $ 11,401.52   sel     $26,200.00   [strat=chatterjee_aggressive_high_ask]
      R 8  buy $  5,218.32   sel     $26,100.00   [strat=chatterjee_aggressive_high_ask]
      R 9  buy $  6,839.38   sel     $26,000.00   [strat=chatterjee_aggressive_high_ask]
      R10  buy $  1,814.14   sel     $26,200.00   [strat=chatterjee_aggressive_high_ask]
      R11  buy $  3,548.60   sel     $26,200.00   [strat=chatterjee_aggressive_high_ask]
      R12  buy $ 11,885.69   sel     $26,100.00   [strat=chatterjee_aggressive_high_ask]
      R13  buy $ 14,301.02   sel     $26,100.00   [strat=chatterjee_aggressive_high_ask]
      R14  buy $    797.56   sel     $26,200.00   [strat=chatterjee_aggressive_high_ask]
      R15  buy $  1,540.49   sel     $26,200.00   [strat=chatterjee_aggressive_high_ask]
      R16  buy $ 20,872.46   sel     $25,900.00   [strat=chatterjee_aggressive_high_ask]
   run 9 done in 5.2 min

   run 10/30 on 2019 Honda Accord Sport 1.5T  seed=20662429
      R 1  buy $ 26,355.42   sel     $27,999.99   [strat=chatterjee_aggressive_high_ask] *
      R 2  buy $ 13,526.28   sel     $27,999.99   [strat=chatterjee_aggressive_high_ask]
      R 3  buy $ 21,198.29   sel     $27,500.00   [strat=chatterjee_aggressive_high_ask]
      R 4  buy $  4,241.00   sel     $27,000.00   [strat=chatterjee_aggressive_high_ask]
      R 5  buy $ 13,883.47   sel     $26,500.00   [strat=chatterjee_aggressive_high_ask]
      R 6  buy $ 10,673.04   sel     $27,000.00   [strat=chatterjee_aggressive_high_ask]
      R 7  buy $ 11,447.90   sel     $27,000.00   [strat=chatterjee_aggressive_high_ask]
      R 8  buy $ 23,573.12   sel     $26,000.00   [strat=chatterjee_aggressive_high_ask]
      R 9  buy $ 17,952.26   sel     $25,500.00   [strat=chatterjee_aggressive_high_ask]
      R10  buy $ 20,091.08   sel     $26,000.00   [strat=chatterjee_aggressive_high_ask]
      R11  buy $  6,420.69   sel     $26,000.00   [strat=chatterjee_aggressive_high_ask]
      R12  buy $ 10,917.09   sel     $26,000.00   [strat=chatterjee_aggressive_high_ask]
      R13  buy $  7,041.74   sel     $26,500.00   [strat=chatterjee_aggressive_high_ask]
      R14  buy $ 14,092.72   sel     $26,000.00   [strat=chatterjee_aggressive_high_ask]
      R15  buy $ 25,286.89   sel     $26,500.00   [strat=chatterjee_aggressive_high_ask]
      R16  buy $  1,255.37   sel     $26,000.00   [strat=chatterjee_aggressive_high_ask]
   run 10 done in 6.0 min

   run 11/30 on 2019 Honda Accord Sport 1.5T  seed=20662430
      R 1  buy $  1,924.86   sel     $27,500.00   [strat=chatterjee_aggressive_high_ask] *
      R 2  buy $ 13,401.16   sel     $26,500.00   [strat=chatterjee_aggressive_high_ask]
      R 3  buy $  3,742.09   sel     $26,500.00   [strat=chatterjee_aggressive_high_ask]
      R 4  buy $ 19,752.93   sel     $26,000.00   [strat=chatterjee_aggressive_high_ask]
      R 5  buy $  1,374.16   sel     $26,000.00   [strat=chatterjee_aggressive_high_ask]
      R 6  buy $  8,961.63   sel     $25,500.00   [strat=chatterjee_aggressive_high_ask]
      R 7  buy $  7,918.90   sel     $25,500.00   [strat=chatterjee_aggressive_high_ask]
      R 8  buy $  6,653.92   sel     $25,500.00   [strat=chatterjee_aggressive_high_ask]
      R 9  buy $  2,601.35   sel     $25,500.00   [strat=chatterjee_aggressive_high_ask]
      R10  buy $  8,741.12   sel     $26,000.00   [strat=chatterjee_aggressive_high_ask]
      R11  buy $ 13,892.29   sel     $26,000.00   [strat=chatterjee_aggressive_high_ask]
      R12  buy $ 20,507.10   sel     $25,000.00   [strat=chatterjee_aggressive_high_ask]
      R13  buy $  9,670.83   sel     $26,000.00   [strat=chatterjee_aggressive_high_ask]
      R14  buy $ 19,783.46   sel     $25,500.00   [strat=chatterjee_aggressive_high_ask]
      R15  buy $ 16,317.92   sel     $24,500.00   [strat=chatterjee_aggressive_high_ask]
      R16  buy $ 22,885.45   sel     $24,300.00   [strat=chatterjee_aggressive_high_ask]
   run 11 done in 6.2 min

   run 12/30 on 2019 Honda Accord Sport 1.5T  seed=20662431
      R 1  buy $  2,871.22   sel     $27,500.00   [strat=chatterjee_aggressive_high_ask] *
      R 2  buy $ 15,485.99   sel     $26,500.00   [strat=chatterjee_aggressive_high_ask]
      R 3  buy $ 16,228.53   sel     $26,000.00   [strat=chatterjee_aggressive_high_ask]
      R 4  buy $  9,842.03   sel     $26,000.00   [strat=chatterjee_aggressive_high_ask]
      R 5  buy $  8,649.56   sel     $26,500.00   [strat=chatterjee_aggressive_high_ask]
      R 6  buy $ 19,037.88   sel     $25,999.00   [strat=chatterjee_aggressive_high_ask]
      R 7  buy $  6,489.17   sel     $26,500.00   [strat=chatterjee_aggressive_high_ask]
      R 8  buy $ 23,027.34   sel     $25,500.00   [strat=chatterjee_aggressive_high_ask]
      R 9  buy $ 23,917.95   sel     $25,000.00   [strat=chatterjee_aggressive_high_ask]
      R10  buy $ 11,968.09   sel     $26,500.00   [strat=chatterjee_aggressive_high_ask]
      R11  buy $ 19,315.94   sel     $25,500.00   [strat=chatterjee_aggressive_high_ask]
      R12  buy $  5,674.98   sel     $26,500.00   [strat=chatterjee_aggressive_high_ask]
      R13  buy $ 11,781.38   sel     $26,000.00   [strat=chatterjee_aggressive_high_ask]
      R14  buy $  9,430.12   sel     $26,000.00   [strat=chatterjee_aggressive_high_ask]
      R15  buy $  1,188.34   sel     $26,500.00   [strat=chatterjee_aggressive_high_ask]
      R16  buy $    508.08   sel     $26,500.00   [strat=chatterjee_aggressive_high_ask]
   run 12 done in 5.4 min

   run 13/30 on 2019 Honda Accord Sport 1.5T  seed=20662432
      R 1  buy $  6,303.29   sel     $24,500.00   [strat=chatterjee_aggressive_high_ask] *
      R 2  buy $ 16,289.22   sel     $23,500.00   [strat=chatterjee_aggressive_high_ask]
      R 3  buy $  3,365.13   sel     $23,000.00   [strat=chatterjee_aggressive_high_ask]
      R 4  buy $ 17,760.96   sel     $22,000.00   [strat=chatterjee_aggressive_high_ask]
      R 5  buy $  8,975.93   sel     $22,000.00   [strat=chatterjee_aggressive_high_ask]
      R 6  buy $  9,903.65   sel     $22,000.00   [strat=chatterjee_aggressive_high_ask]
      R 7  buy $    750.22   sel     $22,000.00   [strat=chatterjee_aggressive_high_ask]
      R 8  buy $  2,816.63   sel     $21,500.00   [strat=chatterjee_aggressive_high_ask]
      R 9  buy $ 13,710.73   sel     $21,000.00   [strat=chatterjee_aggressive_high_ask]
      R10  buy $ 12,100.59   sel     $21,000.00   [strat=chatterjee_aggressive_high_ask]
      R11  buy $  7,482.35   sel     $21,000.00   [strat=chatterjee_aggressive_high_ask]
      R12  buy $  7,959.46   sel     $20,500.00   [strat=chatterjee_aggressive_high_ask]
      R13  buy $ 14,379.54   sel     $20,000.00   [strat=chatterjee_aggressive_high_ask]
      R14  buy $ 17,127.31   sel     $19,500.00   [strat=chatterjee_aggressive_high_ask]
      R15  buy $ 10,737.72   sel     $19,000.00   [strat=chatterjee_aggressive_high_ask]
      R16  buy $ 15,034.43   sel     $19,000.00   [strat=chatterjee_aggressive_high_ask]
   run 13 done in 5.1 min

   run 14/30 on 2019 Honda Accord Sport 1.5T  seed=20662433
      R 1  buy $  4,362.57   sel     $26,500.00   [strat=chatterjee_aggressive_high_ask] *
      R 2  buy $  8,929.29   sel     $25,900.00   [strat=chatterjee_aggressive_high_ask]
      R 3  buy $  7,175.31   sel     $25,500.00   [strat=chatterjee_aggressive_high_ask]
      R 4  buy $  5,530.54   sel     $25,250.00   [strat=chatterjee_aggressive_high_ask]
      R 5  buy $ 19,942.38   sel     $24,900.00   [strat=chatterjee_aggressive_high_ask]
      R 6  buy $ 16,616.30   sel     $24,500.00   [strat=chatterjee_aggressive_high_ask]
      R 7  buy $  8,473.68   sel     $24,500.00   [strat=chatterjee_aggressive_high_ask]
      R 8  buy $ 14,063.70   sel     $24,000.00   [strat=chatterjee_aggressive_high_ask]
      R 9  buy $ 23,561.72   sel     $24,000.00   [strat=chatterjee_aggressive_high_ask]
      R10  buy $  2,975.64   sel     $24,500.00   [strat=chatterjee_aggressive_high_ask]
      R11  buy $ 12,454.78   sel     $24,900.00   [strat=chatterjee_aggressive_high_ask]
      R12  buy $  6,719.39   sel     $25,500.00   [strat=chatterjee_aggressive_high_ask]
      R13  buy $ 19,668.43   sel     $25,900.00   [strat=chatterjee_aggressive_high_ask]
      R14  buy $ 16,504.55   sel     $26,000.00   [strat=chatterjee_aggressive_high_ask]
      R15  buy $ 12,871.55   sel     $26,500.00   [strat=chatterjee_aggressive_high_ask]
      R16  buy $  1,731.92   sel     $26,900.00   [strat=chatterjee_aggressive_high_ask]
   run 14 done in 6.2 min

   run 15/30 on 2019 Honda Accord Sport 1.5T  seed=20662434
      R 1  buy $ 17,548.01   sel     $26,500.00   [strat=chatterjee_aggressive_high_ask] *
      R 2  buy $ 18,892.18   sel     $26,500.00   [strat=chatterjee_aggressive_high_ask]
      R 3  buy $ 22,468.34   sel     $25,500.00   [strat=chatterjee_aggressive_high_ask]
      R 4  buy $ 24,930.34   sel     $25,400.00   [strat=chatterjee_aggressive_high_ask]
      R 5  buy $ 18,246.16   sel     $25,300.00   [strat=chatterjee_aggressive_high_ask]
      R 6  buy $ 21,500.48   sel     $25,200.00   [strat=chatterjee_aggressive_high_ask]
      R 7  buy $ 10,212.18   sel     $25,200.00   [strat=chatterjee_aggressive_high_ask]
      R 8  buy $ 19,589.26   sel     $25,100.00   [strat=chatterjee_aggressive_high_ask]
      R 9  buy $ 18,015.28   sel     $25,050.00   [strat=chatterjee_aggressive_high_ask]
      R10  buy $  2,654.61   sel     $25,000.00   [strat=chatterjee_aggressive_high_ask]
      R11  buy $    696.33   sel     $25,500.00   [strat=chatterjee_aggressive_high_ask]
      R12  buy $ 19,535.79   sel     $25,500.00   [strat=chatterjee_aggressive_high_ask]
      R13  buy $  2,022.94   sel     $25,500.00   [strat=chatterjee_aggressive_high_ask]
      R14  buy $ 10,929.31   sel     $25,500.00   [strat=chatterjee_aggressive_high_ask]
      R15  buy $ 16,769.69   sel     $25,500.00   [strat=chatterjee_aggressive_high_ask]
      R16  buy $ 10,443.01   sel     $25,500.00   [strat=chatterjee_aggressive_high_ask]
   run 15 done in 6.6 min

   run 16/30 on 2019 Honda Accord Sport 1.5T  seed=20662435
      R 1  buy $ 14,027.84   sel     $24,500.00   [strat=chatterjee_aggressive_high_ask] *
      R 2  buy $  4,934.19   sel     $24,500.00   [strat=chatterjee_aggressive_high_ask]
      R 3  buy $ 13,290.00   sel     $24,250.00   [strat=chatterjee_aggressive_high_ask]
      R 4  buy $ 23,253.64   sel     $24,200.00   [strat=chatterjee_aggressive_high_ask]
      R 5  buy $ 14,448.11   sel     $24,200.00   [strat=chatterjee_aggressive_high_ask]
      R 6  buy $  2,805.89   sel     $24,200.00   [strat=chatterjee_aggressive_high_ask]
      R 7  buy $ 22,280.15   sel     $24,000.00   [strat=chatterjee_aggressive_high_ask]
      R 8  buy $ 10,972.37   sel     $24,000.00   [strat=chatterjee_aggressive_high_ask]
      R 9  buy $  7,813.24   sel     $24,000.00   [strat=chatterjee_aggressive_high_ask]
      R10  buy $ 11,786.08   sel     $24,000.00   [strat=chatterjee_aggressive_high_ask]
      R11  buy $  7,711.17   sel     $23,900.00   [strat=chatterjee_aggressive_high_ask]
      R12  buy $  9,151.60   sel     $23,800.00   [strat=chatterjee_aggressive_high_ask]
      R13  buy $ 18,529.45   sel     $23,800.00   [strat=chatterjee_aggressive_high_ask]
      R14  buy $ 11,197.69   sel     $23,700.00   [strat=chatterjee_aggressive_high_ask]
      R15  buy $  3,297.35   sel     $23,650.00   [strat=chatterjee_aggressive_high_ask]
      R16  buy $  4,538.83   sel     $23,650.00   [strat=chatterjee_aggressive_high_ask]
   run 16 done in 5.0 min

   run 17/30 on 2019 Honda Accord Sport 1.5T  seed=20662436
      R 1  buy $  3,545.81   sel     $26,500.00   [strat=chatterjee_aggressive_high_ask] *
      R 2  buy $ 15,455.96   sel     $25,500.00   [strat=chatterjee_aggressive_high_ask]
      R 3  buy $ 16,497.45   sel     $25,500.00   [strat=chatterjee_aggressive_high_ask]
      R 4  buy $ 12,447.93   sel     $25,000.00   [strat=chatterjee_aggressive_high_ask]
      R 5  buy $  8,456.83   sel     $25,000.00   [strat=chatterjee_aggressive_high_ask]
      R 6  buy $  8,468.55   sel     $25,000.00   [strat=chatterjee_aggressive_high_ask]
      R 7  buy $  7,264.63   sel     $25,000.00   [strat=chatterjee_aggressive_high_ask]
      R 8  buy $ 23,582.11   sel     $24,500.00   [strat=chatterjee_aggressive_high_ask]
      R 9  buy $  3,249.60   sel     $25,000.00   [strat=chatterjee_aggressive_high_ask]
      R10  buy $ 11,256.49   sel     $25,000.00   [strat=chatterjee_aggressive_high_ask]
      R11  buy $ 17,804.66   sel     $24,900.00   [strat=chatterjee_aggressive_high_ask]
      R12  buy $ 17,102.02   sel     $24,900.00   [strat=chatterjee_aggressive_high_ask]
      R13  buy $ 15,060.48   sel     $24,800.00   [strat=chatterjee_aggressive_high_ask]
      R14  buy $ 21,758.02   sel     $24,700.00   [strat=chatterjee_aggressive_high_ask]
      R15  buy $ 14,665.86   sel     $24,700.00   [strat=chatterjee_aggressive_high_ask]
      R16  buy $ 15,365.03   sel     $24,700.00   [strat=chatterjee_aggressive_high_ask]
   run 17 done in 5.1 min

   run 18/30 on 2019 Honda Accord Sport 1.5T  seed=20662437
      R 1  buy $    399.31   sel     $27,500.00   [strat=chatterjee_aggressive_high_ask] *
      R 2  buy $ 23,907.20   sel     $26,500.00   [strat=chatterjee_aggressive_high_ask]
      R 3  buy $ 15,391.63   sel     $26,500.00   [strat=chatterjee_aggressive_high_ask]
      R 4  buy $ 24,326.30   sel     $26,500.00   [strat=chatterjee_aggressive_high_ask]
      R 5  buy $ 25,933.39   sel     $26,400.00   [strat=chatterjee_aggressive_high_ask]
      R 6  buy $  2,580.05   sel     $26,400.00   [strat=chatterjee_aggressive_high_ask]
      R 7  buy $ 16,839.39   sel     $26,400.00   [strat=chatterjee_aggressive_high_ask]
      R 8  buy $ 18,260.62   sel     $26,400.00   [strat=chatterjee_aggressive_high_ask]
      R 9  buy $ 22,269.95   sel     $26,400.00   [strat=chatterjee_aggressive_high_ask]
      R10  buy $ 19,945.92   sel     $26,200.00   [strat=chatterjee_aggressive_high_ask]
      R11  buy $    930.39   sel     $26,200.00   [strat=chatterjee_aggressive_high_ask]
      R12  buy $ 23,964.27   sel     $26,500.00   [strat=chatterjee_aggressive_high_ask]
      R13  buy $  6,017.50   sel     $26,500.00   [strat=chatterjee_aggressive_high_ask]
      R14  buy $ 13,787.89   sel     $26,500.00   [strat=chatterjee_aggressive_high_ask]
      R15  buy $ 12,836.80   sel     $26,500.00   [strat=chatterjee_aggressive_high_ask]
      R16  buy $  5,595.75   sel     $26,500.00   [strat=chatterjee_aggressive_high_ask]
   run 18 done in 4.9 min

   run 19/30 on 2019 Honda Accord Sport 1.5T  seed=20662438
      R 1  buy $ 19,747.31   sel     $26,995.00   [strat=chatterjee_aggressive_high_ask] *
      R 2  buy $ 20,979.26   sel     $26,500.00   [strat=chatterjee_aggressive_high_ask]
      R 3  buy $ 15,658.46   sel     $26,500.00   [strat=chatterjee_aggressive_high_ask]
      R 4  buy $ 21,739.91   sel     $25,995.00   [strat=chatterjee_aggressive_high_ask]
      R 5  buy $ 17,743.18   sel     $25,995.00   [strat=chatterjee_aggressive_high_ask]
      R 6  buy $ 17,011.87   sel     $25,995.00   [strat=chatterjee_aggressive_high_ask]
      R 7  buy $ 19,665.02   sel     $25,900.00   [strat=chatterjee_aggressive_high_ask]
      R 8  buy $  8,321.81   sel     $25,995.00   [strat=chatterjee_aggressive_high_ask]
      R 9  buy $ 19,641.48   sel     $25,950.00   [strat=chatterjee_aggressive_high_ask]
      R10  buy $  6,842.38   sel     $25,900.00   [strat=chatterjee_aggressive_high_ask]
      R11  buy $ 12,507.53   sel     $25,900.00   [strat=chatterjee_aggressive_high_ask]
      R12  buy $ 16,107.29   sel     $25,900.00   [strat=chatterjee_aggressive_high_ask]
      R13  buy $  3,981.99   sel     $25,900.00   [strat=chatterjee_aggressive_high_ask]
      R14  buy $ 14,820.35   sel     $25,850.00   [strat=chatterjee_aggressive_high_ask]
      R15  buy $ 10,908.18   sel     $25,900.00   [strat=chatterjee_aggressive_high_ask]
      R16  buy $ 20,030.65   sel     $25,850.00   [strat=chatterjee_aggressive_high_ask]
   run 19 done in 6.1 min

   run 20/30 on 2019 Honda Accord Sport 1.5T  seed=20662439
      R 1  buy $ 16,805.41   sel     $25,995.00   [strat=chatterjee_aggressive_high_ask] *
      R 2  buy $ 23,486.23   sel     $25,495.00   [strat=chatterjee_aggressive_high_ask]
      R 3  buy $ 21,943.07   sel     $25,000.00   [strat=chatterjee_aggressive_high_ask]
      R 4  buy $ 18,897.93   sel     $24,995.00   [strat=chatterjee_aggressive_high_ask]
      R 5  buy $    273.09   sel     $24,995.00   [strat=chatterjee_aggressive_high_ask]
      R 6  buy $  2,527.73   sel     $24,990.00   [strat=chatterjee_aggressive_high_ask]
      R 7  buy $  1,677.52   sel     $24,985.00   [strat=chatterjee_aggressive_high_ask]
      R 8  buy $ 10,067.83   sel     $24,980.00   [strat=chatterjee_aggressive_high_ask]
      R 9  buy $ 21,132.85   sel     $24,975.00   [strat=chatterjee_aggressive_high_ask]
      R10  buy $    180.75   sel     $24,975.00   [strat=chatterjee_aggressive_high_ask]
      R11  buy $ 10,308.74   sel     $24,970.00   [strat=chatterjee_aggressive_high_ask]
      R12  buy $ 23,481.43   sel     $24,950.00   [strat=chatterjee_aggressive_high_ask]
      R13  buy $ 10,024.59   sel     $24,945.00   [strat=chatterjee_aggressive_high_ask]
      R14  buy $ 21,855.90   sel     $24,940.00   [strat=chatterjee_aggressive_high_ask]
      R15  buy $  8,571.65   sel     $24,935.00   [strat=chatterjee_aggressive_high_ask]
      R16  buy $  4,995.83   sel     $24,930.00   [strat=chatterjee_aggressive_high_ask]
   run 20 done in 5.7 min

   run 21/30 on 2019 Honda Accord Sport 1.5T  seed=20662440
      R 1  buy $ 15,712.47   sel     $26,500.00   [strat=chatterjee_aggressive_high_ask] *
      R 2  buy $ 16,825.05   sel     $25,000.00   [strat=chatterjee_aggressive_high_ask]
      R 3  buy $  2,716.43   sel     $24,500.00   [strat=chatterjee_aggressive_high_ask]
      R 4  buy $ 16,673.11   sel     $24,500.00   [strat=chatterjee_aggressive_high_ask]
      R 5  buy $ 13,138.29   sel     $24,400.00   [strat=chatterjee_aggressive_high_ask]
      R 6  buy $  4,648.33   sel     $24,400.00   [strat=chatterjee_aggressive_high_ask]
      R 7  buy $ 22,629.36   sel     $24,000.00   [strat=chatterjee_aggressive_high_ask]
      R 8  buy $ 11,470.56   sel     $23,900.00   [strat=chatterjee_aggressive_high_ask]
      R 9  buy $ 12,210.28   sel     $24,500.00   [strat=chatterjee_aggressive_high_ask]
      R10  buy $  3,455.91   sel     $24,800.00   [strat=chatterjee_aggressive_high_ask]
      R11  buy $ 18,777.30   sel     $24,500.00   [strat=chatterjee_aggressive_high_ask]
      R12  buy $  5,586.18   sel     $24,900.00   [strat=chatterjee_aggressive_high_ask]
      R13  buy $  9,745.43   sel     $24,800.00   [strat=chatterjee_aggressive_high_ask]
      R14  buy $  8,020.39   sel     $24,700.00   [strat=chatterjee_aggressive_high_ask]
      R15  buy $  6,534.02   sel     $24,800.00   [strat=chatterjee_aggressive_high_ask]
      R16  buy $  4,515.51   sel     $24,800.00   [strat=chatterjee_aggressive_high_ask]
   run 21 done in 4.6 min

   run 22/30 on 2019 Honda Accord Sport 1.5T  seed=20662441
      R 1  buy $ 19,523.61   sel     $29,995.00   [strat=chatterjee_aggressive_high_ask] *
      R 2  buy $ 20,425.99   sel     $29,950.00   [strat=chatterjee_aggressive_high_ask]
      R 3  buy $  7,933.14   sel     $29,950.00   [strat=chatterjee_aggressive_high_ask]
      R 4  buy $ 26,065.07   sel     $29,500.00   [strat=chatterjee_aggressive_high_ask]
      R 5  buy $ 26,258.51   sel     $29,250.00   [strat=chatterjee_aggressive_high_ask]
      R 6  buy $ 20,914.23   sel     $29,500.00   [strat=chatterjee_aggressive_high_ask]
      R 7  buy $ 20,688.86   sel     $29,500.00   [strat=chatterjee_aggressive_high_ask]
      R 8  buy $ 25,871.84   sel     $29,750.00   [strat=chatterjee_aggressive_high_ask]
      R 9  buy $ 23,151.06   sel     $29,750.00   [strat=chatterjee_aggressive_high_ask]
      R10  buy $ 21,216.42   sel     $29,995.00   [strat=chatterjee_aggressive_high_ask]
      R11  buy $ 11,816.18   sel     $29,995.00   [strat=chatterjee_aggressive_high_ask]
      R12  buy $ 11,209.48   sel     $29,995.00   [strat=chatterjee_aggressive_high_ask]
      R13  buy $ 26,838.98   sel     $29,850.00   [strat=chatterjee_aggressive_high_ask]
      R14  buy $ 20,942.91   sel     $29,995.00   [strat=chatterjee_aggressive_high_ask]
      R15  buy $    229.76   sel     $29,995.00   [strat=chatterjee_aggressive_high_ask]
      R16  buy $ 10,632.24   sel     $30,000.00   [strat=chatterjee_aggressive_high_ask]
   run 22 done in 5.1 min

   run 23/30 on 2019 Honda Accord Sport 1.5T  seed=20662442
      R 1  buy $ 21,563.79   sel     $27,995.00   [strat=chatterjee_aggressive_high_ask] *
      R 2  buy $ 13,925.40   sel     $27,500.00   [strat=chatterjee_aggressive_high_ask]
      R 3  buy $ 26,057.78   sel     $27,250.00   [strat=chatterjee_aggressive_high_ask]
      R 4  buy $ 12,404.56   sel     $27,000.00   [strat=chatterjee_aggressive_high_ask]
      R 5  buy $ 17,728.93   sel     $26,500.00   [strat=chatterjee_aggressive_high_ask]
      R 6  buy $  2,619.63   sel     $26,250.00   [strat=chatterjee_aggressive_high_ask]
      R 7  buy $ 21,598.70   sel     $26,000.00   [strat=chatterjee_aggressive_high_ask]
      R 8  buy $ 23,135.33   sel     $25,750.00   [strat=chatterjee_aggressive_high_ask]
      R 9  buy $ 19,601.78   sel     $25,750.00   [strat=chatterjee_aggressive_high_ask]
      R10  buy $ 18,973.41   sel     $25,500.00   [strat=chatterjee_aggressive_high_ask]
      R11  buy $ 10,595.80   sel     $25,500.00   [strat=chatterjee_aggressive_high_ask]
      R12  buy $ 24,249.88   sel     $25,250.00   [strat=chatterjee_aggressive_high_ask]
      R13  buy $ 10,979.12   sel     $25,250.00   [strat=chatterjee_aggressive_high_ask]
      R14  buy $ 24,455.16   sel     $25,000.00   [strat=chatterjee_aggressive_high_ask]
      R15  buy $ 16,742.86   sel     $24,750.00   [strat=chatterjee_aggressive_high_ask]
      R16  buy $ 13,669.03   sel     $24,500.00   [strat=chatterjee_aggressive_high_ask]
   run 23 done in 5.2 min

   run 24/30 on 2019 Honda Accord Sport 1.5T  seed=20662443
      R 1  buy $  8,060.49   sel     $25,999.00   [strat=chatterjee_aggressive_high_ask] *
      R 2  buy $ 19,367.72   sel     $25,999.00   [strat=chatterjee_aggressive_high_ask]
      R 3  buy $  8,462.69   sel     $25,500.00   [strat=chatterjee_aggressive_high_ask]
      R 4  buy $ 11,988.91   sel     $24,500.00   [strat=chatterjee_aggressive_high_ask]
      R 5  buy $ 19,776.40   sel     $23,500.00   [strat=chatterjee_aggressive_high_ask]
      R 6  buy $    582.49   sel     $24,500.00   [strat=chatterjee_aggressive_high_ask]
      R 7  buy $ 17,322.55   sel     $23,500.00   [strat=chatterjee_aggressive_high_ask]
      R 8  buy $ 11,086.14   sel     $23,000.00   [strat=chatterjee_aggressive_high_ask]
      R 9  buy $ 20,019.49   sel     $22,500.00   [strat=chatterjee_aggressive_high_ask]
      R10  buy $  9,909.89   sel     $22,500.00   [strat=chatterjee_aggressive_high_ask]
      R11  buy $  5,926.21   sel     $24,000.00   [strat=chatterjee_aggressive_high_ask]
      R12  buy $  6,452.39   sel     $24,500.00   [strat=chatterjee_aggressive_high_ask]
      R13  buy $ 17,702.78   sel     $23,500.00   [strat=chatterjee_aggressive_high_ask]
      R14  buy $  6,780.43   sel     $23,500.00   [strat=chatterjee_aggressive_high_ask]
      R15  buy $ 16,833.91   sel     $22,500.00   [strat=chatterjee_aggressive_high_ask]
      R16  buy $  4,218.27   sel     $24,500.00   [strat=chatterjee_aggressive_high_ask]
   run 24 done in 4.3 min

   run 25/30 on 2019 Honda Accord Sport 1.5T  seed=20662444
      R 1  buy $ 26,172.86   sel     $29,995.00   [strat=chatterjee_aggressive_high_ask] *
      R 2  buy $ 23,260.25   sel     $29,750.00   [strat=chatterjee_aggressive_high_ask]
      R 3  buy $ 11,843.23   sel     $29,750.00   [strat=chatterjee_aggressive_high_ask]
      R 4  buy $ 14,568.14   sel     $29,500.00   [strat=chatterjee_aggressive_high_ask]
      R 5  buy $ 16,380.97   sel     $29,250.00   [strat=chatterjee_aggressive_high_ask]
      R 6  buy $ 25,641.92   sel     $29,000.00   [strat=chatterjee_aggressive_high_ask]
      R 7  buy $ 19,697.45   sel     $28,750.00   [strat=chatterjee_aggressive_high_ask]
      R 8  buy $  7,397.66   sel     $28,750.00   [strat=chatterjee_aggressive_high_ask]
      R 9  buy $  8,913.43   sel     $28,500.00   [strat=chatterjee_aggressive_high_ask]
      R10  buy $ 19,519.84   sel     $28,250.00   [strat=chatterjee_aggressive_high_ask]
      R11  buy $  3,805.44   sel     $28,000.00   [strat=chatterjee_aggressive_high_ask]
      R12  buy $ 21,272.69   sel     $27,750.00   [strat=chatterjee_aggressive_high_ask]
      R13  buy $  1,554.41   sel     $27,500.00   [strat=chatterjee_aggressive_high_ask]
      R14  buy $  6,878.99   sel     $27,500.00   [strat=chatterjee_aggressive_high_ask]
      R15  buy $ 19,275.10   sel     $27,250.00   [strat=chatterjee_aggressive_high_ask]
      R16  buy $ 16,968.06   sel     $27,000.00   [strat=chatterjee_aggressive_high_ask]
   run 25 done in 4.5 min

   run 26/30 on 2019 Honda Accord Sport 1.5T  seed=20662445
      R 1  buy $ 18,997.05   sel     $26,500.00   [strat=chatterjee_aggressive_high_ask] *
      R 2  buy $  6,205.47   sel     $26,500.00   [strat=chatterjee_aggressive_high_ask]
      R 3  buy $  8,124.58   sel     $26,500.00   [strat=chatterjee_aggressive_high_ask]
      R 4  buy $  2,300.83   sel     $26,000.00   [strat=chatterjee_aggressive_high_ask]
      R 5  buy $ 19,376.44   sel     $25,500.00   [strat=chatterjee_aggressive_high_ask]
      R 6  buy $  1,938.25   sel     $25,500.00   [strat=chatterjee_aggressive_high_ask]
      R 7  buy $ 17,935.26   sel     $24,999.99   [strat=chatterjee_aggressive_high_ask]
      R 8  buy $  6,657.60   sel     $24,999.99   [strat=chatterjee_aggressive_high_ask]
      R 9  buy $ 13,616.20   sel     $24,500.00   [strat=chatterjee_aggressive_high_ask]
      R10  buy $ 18,348.17   sel     $24,499.00   [strat=chatterjee_aggressive_high_ask]
      R11  buy $ 18,700.79   sel     $24,800.00   [strat=chatterjee_aggressive_high_ask]
      R12  buy $ 16,512.58   sel     $24,800.00   [strat=chatterjee_aggressive_high_ask]
      R13  buy $ 15,117.45   sel     $24,700.00   [strat=chatterjee_aggressive_high_ask]
      R14  buy $ 20,435.14   sel     $24,500.00   [strat=chatterjee_aggressive_high_ask]
      R15  buy $ 13,043.79   sel     $24,800.00   [strat=chatterjee_aggressive_high_ask]
      R16  buy $ 18,282.54   sel     $24,500.00   [strat=chatterjee_aggressive_high_ask]
   run 26 done in 4.9 min

   run 27/30 on 2019 Honda Accord Sport 1.5T  seed=20662446
      R 1  buy $ 26,435.65   sel     $29,500.00   [strat=chatterjee_aggressive_high_ask] *
      R 2  buy $ 24,423.58   sel     $29,500.00   [strat=chatterjee_aggressive_high_ask]
      R 3  buy $  1,005.60   sel     $29,400.00   [strat=chatterjee_aggressive_high_ask]
      R 4  buy $  1,142.05   sel     $29,300.00   [strat=chatterjee_aggressive_high_ask]
      R 5  buy $  7,208.18   sel     $29,200.00   [strat=chatterjee_aggressive_high_ask]
      R 6  buy $ 24,478.17   sel     $29,100.00   [strat=chatterjee_aggressive_high_ask]
      R 7  buy $ 21,391.90   sel     $29,000.00   [strat=chatterjee_aggressive_high_ask]
      R 8  buy $ 17,652.74   sel     $29,100.00   [strat=chatterjee_aggressive_high_ask]
      R 9  buy $  1,917.22   sel     $29,200.00   [strat=chatterjee_aggressive_high_ask]
      R10  buy $ 19,899.51   sel     $29,100.00   [strat=chatterjee_aggressive_high_ask]
      R11  buy $ 18,412.48   sel     $29,000.00   [strat=chatterjee_aggressive_high_ask]
      R12  buy $  8,489.44   sel     $29,000.00   [strat=chatterjee_aggressive_high_ask]
      R13  buy $ 17,019.63   sel     $28,900.00   [strat=chatterjee_aggressive_high_ask]
      R14  buy $    319.02   sel     $28,900.00   [strat=chatterjee_aggressive_high_ask]
      R15  buy $ 27,229.34   sel     $28,800.00   [strat=chatterjee_aggressive_high_ask]
      R16  buy $ 18,902.74   sel     $28,700.00   [strat=chatterjee_aggressive_high_ask]
   run 27 done in 4.6 min

   run 28/30 on 2019 Honda Accord Sport 1.5T  seed=20662447
      R 1  buy $  8,959.04   sel     $27,500.00   [strat=chatterjee_aggressive_high_ask] *
      R 2  buy $ 23,517.83   sel     $26,500.00   [strat=chatterjee_aggressive_high_ask]
      R 3  buy $ 18,871.33   sel     $26,500.00   [strat=chatterjee_aggressive_high_ask]
      R 4  buy $ 17,503.76   sel     $26,000.00   [strat=chatterjee_aggressive_high_ask]
      R 5  buy $  9,297.85   sel     $25,500.00   [strat=chatterjee_aggressive_high_ask]
      R 6  buy $  6,501.20   sel     $25,000.00   [strat=chatterjee_aggressive_high_ask]
      R 7  buy $ 12,896.02   sel     $25,500.00   [strat=chatterjee_aggressive_high_ask]
      R 8  buy $  2,181.32   sel     $24,500.00   [strat=chatterjee_aggressive_high_ask]
      R 9  buy $ 13,814.25   sel     $25,000.00   [strat=chatterjee_aggressive_high_ask]
      R10  buy $ 15,817.79   sel     $25,500.00   [strat=chatterjee_aggressive_high_ask]
      R11  buy $  2,363.21   sel     $25,500.00   [strat=chatterjee_aggressive_high_ask]
      R12  buy $  7,317.52   sel     $25,500.00   [strat=chatterjee_aggressive_high_ask]
      R13  buy $ 12,186.35   sel     $25,500.00   [strat=chatterjee_aggressive_high_ask]
      R14  buy $ 20,100.33   sel     $25,000.00   [strat=chatterjee_aggressive_high_ask]
      R15  buy $ 13,157.94   sel     $25,000.00   [strat=chatterjee_aggressive_high_ask]
      R16  buy $ 15,104.31   sel     $24,000.00   [strat=chatterjee_aggressive_high_ask]
   run 28 done in 6.0 min

   run 29/30 on 2019 Honda Accord Sport 1.5T  seed=20662448
      R 1  buy $    190.64   sel     $27,500.00   [strat=chatterjee_aggressive_high_ask] *
      R 2  buy $ 21,114.81   sel     $26,500.00   [strat=chatterjee_aggressive_high_ask]
      R 3  buy $ 18,932.23   sel     $26,000.00   [strat=chatterjee_aggressive_high_ask]
      R 4  buy $  6,367.30   sel     $25,500.00   [strat=chatterjee_aggressive_high_ask]
      R 5  buy $ 18,946.75   sel     $25,000.00   [strat=chatterjee_aggressive_high_ask]
      R 6  buy $ 16,134.02   sel     $24,500.00   [strat=chatterjee_aggressive_high_ask]
      R 7  buy $  6,771.87   sel     $24,000.00   [strat=chatterjee_aggressive_high_ask]
      R 8  buy $ 19,504.80   sel     $23,500.00   [strat=chatterjee_aggressive_high_ask]
      R 9  buy $ 20,446.48   sel     $23,000.00   [strat=chatterjee_aggressive_high_ask]
      R10  buy $    549.44   sel     $22,500.00   [strat=chatterjee_aggressive_high_ask]
      R11  buy $ 12,005.28   sel     $22,000.00   [strat=chatterjee_aggressive_high_ask]
      R12  buy $ 11,861.85   sel     $21,500.00   [strat=chatterjee_aggressive_high_ask]
      R13  buy $ 17,285.63   sel     $21,000.00   [strat=chatterjee_aggressive_high_ask]
      R14  buy $ 11,680.07   sel     $20,500.00   [strat=chatterjee_aggressive_high_ask]
      R15  buy $ 19,731.77   sel     $20,000.00   [strat=chatterjee_aggressive_high_ask]
      R16  buy $    182.89   sel     $19,500.00   [strat=chatterjee_aggressive_high_ask]
   run 29 done in 4.9 min

   run 30/30 on 2019 Honda Accord Sport 1.5T  seed=20662449
      R 1  buy $ 20,918.60   sel     $26,500.00   [strat=chatterjee_aggressive_high_ask] *
      R 2  buy $ 14,296.51   sel     $26,500.00   [strat=chatterjee_aggressive_high_ask]
      R 3  buy $ 10,355.46   sel     $26,500.00   [strat=chatterjee_aggressive_high_ask]
      R 4  buy $ 10,039.27   sel     $26,000.00   [strat=chatterjee_aggressive_high_ask]
      R 5  buy $ 17,223.17   sel     $25,500.00   [strat=chatterjee_aggressive_high_ask]
      R 6  buy $  9,468.83   sel     $26,000.00   [strat=chatterjee_aggressive_high_ask]
      R 7  buy $ 22,116.83   sel     $25,500.00   [strat=chatterjee_aggressive_high_ask]
      R 8  buy $ 24,243.35   sel     $25,000.00   [strat=chatterjee_aggressive_high_ask]
      R 9  buy $ 24,100.37   sel     $25,500.00   [strat=chatterjee_aggressive_high_ask]
      R10  buy $ 15,198.31   sel     $26,000.00   [strat=chatterjee_aggressive_high_ask]
      R11  buy $  9,686.29   sel     $26,500.00   [strat=chatterjee_aggressive_high_ask]
      R12  buy $ 17,367.58   sel     $26,500.00   [strat=chatterjee_aggressive_high_ask]
      R13  buy $  7,530.44   sel     $27,000.00   [strat=chatterjee_aggressive_high_ask]
      R14  buy $ 14,770.33   sel     $26,500.00   [strat=chatterjee_aggressive_high_ask]
      R15  buy $ 11,126.34   sel     $27,000.00   [strat=chatterjee_aggressive_high_ask]
      R16  buy $ 15,095.47   sel     $26,500.00   [strat=chatterjee_aggressive_high_ask]
   run 30 done in 6.2 min

   ---> checkpoint: car 3/5 done in 161.3 min; total so far 620.3 min; saved 90 runs to exp04_fixed_chatterjee_aggressive_high_ask.json

--- CAR 4/5: 2022 Toyota RAV4 XLE AWD  (M=$32,000.00  cost=$20,800.00  cost/M=65.00%) ---

   run 1/30 on 2022 Toyota RAV4 XLE AWD  seed=20663420
      R 1  buy $  5,721.19   sel     $31,500.00   [strat=chatterjee_aggressive_high_ask] *
      R 2  buy $ 17,462.89   sel     $30,500.00   [strat=chatterjee_aggressive_high_ask]
      R 3  buy $ 18,194.26   sel     $30,000.00   [strat=chatterjee_aggressive_high_ask]
      R 4  buy $    740.46   sel     $29,500.00   [strat=chatterjee_aggressive_high_ask]
      R 5  buy $ 24,161.15   sel     $29,000.00   [strat=chatterjee_aggressive_high_ask]
      R 6  buy $  1,783.70   sel     $28,500.00   [strat=chatterjee_aggressive_high_ask]
      R 7  buy $ 15,905.28   sel     $27,500.00   [strat=chatterjee_aggressive_high_ask]
      R 8  buy $  6,281.81   sel     $27,500.00   [strat=chatterjee_aggressive_high_ask]
      R 9  buy $ 19,442.00   sel     $27,000.00   [strat=chatterjee_aggressive_high_ask]
      R10  buy $ 16,875.87   sel     $27,000.00   [strat=chatterjee_aggressive_high_ask]
      R11  buy $  8,701.66   sel     $27,500.00   [strat=chatterjee_aggressive_high_ask]
      R12  buy $ 19,893.97   sel     $26,500.00   [strat=chatterjee_aggressive_high_ask]
      R13  buy $  7,069.79   sel     $26,500.00   [strat=chatterjee_aggressive_high_ask]
      R14  buy $ 24,284.97   sel     $26,000.00   [strat=chatterjee_aggressive_high_ask]
      R15  buy $ 21,156.90   sel     $26,000.00   [strat=chatterjee_aggressive_high_ask]
      R16  buy $ 23,512.84   sel     $25,500.00   [strat=chatterjee_aggressive_high_ask]
   run 1 done in 5.5 min

   run 2/30 on 2022 Toyota RAV4 XLE AWD  seed=20663421
      R 1  buy $  8,971.67   sel     $31,500.00   [strat=chatterjee_aggressive_high_ask] *
      R 2  buy $ 20,281.78   sel     $30,500.00   [strat=chatterjee_aggressive_high_ask]
      R 3  buy $  3,140.15   sel     $30,500.00   [strat=chatterjee_aggressive_high_ask]
      R 4  buy $ 25,147.65   sel     $30,000.00   [strat=chatterjee_aggressive_high_ask]
      R 5  buy $  7,566.24   sel     $29,900.00   [strat=chatterjee_aggressive_high_ask]
      R 6  buy $ 29,657.73   sel     $29,850.00   [strat=chatterjee_aggressive_high_ask]
      R 7  buy $ 11,727.91   sel     $29,800.00   [strat=chatterjee_aggressive_high_ask]
      R 8  buy $  5,266.76   sel     $29,900.00   [strat=chatterjee_aggressive_high_ask]
      R 9  buy $  3,355.89   sel     $29,900.00   [strat=chatterjee_aggressive_high_ask]
      R10  buy $ 28,509.53   sel     $29,900.00   [strat=chatterjee_aggressive_high_ask]
      R11  buy $ 24,931.63   sel     $29,900.00   [strat=chatterjee_aggressive_high_ask]
      R12  buy $ 12,151.47   sel     $29,900.00   [strat=chatterjee_aggressive_high_ask]
      R13  buy $ 15,352.61   sel     $29,900.00   [strat=chatterjee_aggressive_high_ask]
      R14  buy $    424.04   sel     $29,900.00   [strat=chatterjee_aggressive_high_ask]
      R15  buy $ 16,994.72   sel     $29,800.00   [strat=chatterjee_aggressive_high_ask]
      R16  buy $    390.96   sel     $29,800.00   [strat=chatterjee_aggressive_high_ask]
   run 2 done in 4.4 min

   run 3/30 on 2022 Toyota RAV4 XLE AWD  seed=20663422
      R 1  buy $ 21,560.16   sel     $30,500.00   [strat=chatterjee_aggressive_high_ask] *
      R 2  buy $ 10,340.92   sel     $29,995.00   [strat=chatterjee_aggressive_high_ask]
      R 3  buy $ 23,249.87   sel     $29,500.00   [strat=chatterjee_aggressive_high_ask]
      R 4  buy $ 26,773.38   sel     $29,000.00   [strat=chatterjee_aggressive_high_ask]
      R 5  buy $ 22,613.15   sel     $28,500.00   [strat=chatterjee_aggressive_high_ask]
      R 6  buy $  3,981.02   sel     $28,500.00   [strat=chatterjee_aggressive_high_ask]
      R 7  buy $  7,808.58   sel     $28,400.00   [strat=chatterjee_aggressive_high_ask]
      R 8  buy $ 27,604.11   sel     $28,200.00   [strat=chatterjee_aggressive_high_ask]
      R 9  buy $ 15,207.69   sel     $27,900.00   [strat=chatterjee_aggressive_high_ask]
      R10  buy $  4,735.15   sel     $27,800.00   [strat=chatterjee_aggressive_high_ask]
      R11  buy $ 11,114.37   sel     $27,500.00   [strat=chatterjee_aggressive_high_ask]
      R12  buy $ 21,757.61   sel     $27,000.00   [strat=chatterjee_aggressive_high_ask]
      R13  buy $  9,050.21   sel     $26,500.00   [strat=chatterjee_aggressive_high_ask]
      R14  buy $ 20,961.95   sel     $26,000.00   [strat=chatterjee_aggressive_high_ask]
      R15  buy $ 18,141.29   sel     $25,500.00   [strat=chatterjee_aggressive_high_ask]
      R16  buy $ 18,895.94   sel     $25,000.00   [strat=chatterjee_aggressive_high_ask]
   run 3 done in 5.6 min

   run 4/30 on 2022 Toyota RAV4 XLE AWD  seed=20663423
      R 1  buy $  7,480.44   sel     $34,500.00   [strat=chatterjee_aggressive_high_ask] *
      R 2  buy $ 28,943.58   sel     $33,500.00   [strat=chatterjee_aggressive_high_ask]
      R 3  buy $ 30,903.44   sel     $33,000.00   [strat=chatterjee_aggressive_high_ask]
      R 4  buy $    975.86   sel     $33,000.00   [strat=chatterjee_aggressive_high_ask]
      R 5  buy $ 23,918.38   sel     $32,500.00   [strat=chatterjee_aggressive_high_ask]
      R 6  buy $  2,814.36   sel     $32,450.00   [strat=chatterjee_aggressive_high_ask]
      R 7  buy $ 24,943.87   sel     $32,400.00   [strat=chatterjee_aggressive_high_ask]
      R 8  buy $ 19,129.20   sel     $32,350.00   [strat=chatterjee_aggressive_high_ask]
      R 9  buy $  3,231.21   sel     $32,300.00   [strat=chatterjee_aggressive_high_ask]
      R10  buy $ 10,699.46   sel     $32,250.00   [strat=chatterjee_aggressive_high_ask]
      R11  buy $ 27,397.92   sel     $32,200.00   [strat=chatterjee_aggressive_high_ask]
      R12  buy $ 27,530.71   sel     $32,000.00   [strat=chatterjee_aggressive_high_ask]
      R13  buy $  8,639.67   sel     $32,000.00   [strat=chatterjee_aggressive_high_ask]
      R14  buy $ 16,621.52   sel     $31,500.00   [strat=chatterjee_aggressive_high_ask]
      R15  buy $  4,020.67   sel     $31,400.00   [strat=chatterjee_aggressive_high_ask]
      R16  buy $  7,933.38   sel     $31,200.00   [strat=chatterjee_aggressive_high_ask]
   run 4 done in 5.1 min

   run 5/30 on 2022 Toyota RAV4 XLE AWD  seed=20663424
      R 1  buy $  2,499.98   sel     $31,500.00   [strat=chatterjee_aggressive_high_ask] *
      R 2  buy $ 21,346.81   sel     $31,000.00   [strat=chatterjee_aggressive_high_ask]
      R 3  buy $  2,313.66   sel     $30,500.00   [strat=chatterjee_aggressive_high_ask]
      R 4  buy $ 15,736.32   sel     $30,000.00   [strat=chatterjee_aggressive_high_ask]
      R 5  buy $ 12,393.48   sel     $29,500.00   [strat=chatterjee_aggressive_high_ask]
      R 6  buy $ 24,924.52   sel     $29,000.00   [strat=chatterjee_aggressive_high_ask]
      R 7  buy $  2,652.38   sel     $28,900.00   [strat=chatterjee_aggressive_high_ask]
      R 8  buy $ 23,635.29   sel     $28,500.00   [strat=chatterjee_aggressive_high_ask]
      R 9  buy $ 20,674.59   sel     $27,900.00   [strat=chatterjee_aggressive_high_ask]
      R10  buy $  1,079.59   sel     $28,900.00   [strat=chatterjee_aggressive_high_ask]
      R11  buy $ 20,447.09   sel     $28,800.00   [strat=chatterjee_aggressive_high_ask]
      R12  buy $ 15,245.14   sel     $28,900.00   [strat=chatterjee_aggressive_high_ask]
      R13  buy $  6,732.85   sel     $28,900.00   [strat=chatterjee_aggressive_high_ask]
      R14  buy $ 22,032.46   sel     $28,900.00   [strat=chatterjee_aggressive_high_ask]
      R15  buy $ 11,350.27   sel     $28,900.00   [strat=chatterjee_aggressive_high_ask]
      R16  buy $ 21,399.85   sel     $28,900.00   [strat=chatterjee_aggressive_high_ask]
   run 5 done in 5.8 min

   run 6/30 on 2022 Toyota RAV4 XLE AWD  seed=20663425
      R 1  buy $ 31,866.66   sel     $34,500.00   [strat=chatterjee_aggressive_high_ask] *
      R 2  buy $ 15,954.36   sel     $34,500.00   [strat=chatterjee_aggressive_high_ask]
      R 3  buy $ 27,040.46   sel     $34,000.00   [strat=chatterjee_aggressive_high_ask]
      R 4  buy $ 28,261.71   sel     $33,500.00   [strat=chatterjee_aggressive_high_ask]
      R 5  buy $ 25,182.28   sel     $33,000.00   [strat=chatterjee_aggressive_high_ask]
      R 6  buy $  7,714.21   sel     $32,500.00   [strat=chatterjee_aggressive_high_ask]
      R 7  buy $ 21,288.88   sel     $32,250.00   [strat=chatterjee_aggressive_high_ask]
      R 8  buy $     95.14   sel     $33,000.00   [strat=chatterjee_aggressive_high_ask]
      R 9  buy $ 24,188.62   sel     $32,500.00   [strat=chatterjee_aggressive_high_ask]
      R10  buy $ 18,390.46   sel     $33,000.00   [strat=chatterjee_aggressive_high_ask]
      R11  buy $ 23,321.33   sel     $33,000.00   [strat=chatterjee_aggressive_high_ask]
      R12  buy $ 11,059.19   sel     $33,000.00   [strat=chatterjee_aggressive_high_ask]
      R13  buy $ 22,825.92   sel     $33,000.00   [strat=chatterjee_aggressive_high_ask]
      R14  buy $ 29,065.99   sel     $32,500.00   [strat=chatterjee_aggressive_high_ask]
      R15  buy $    717.16   sel     $33,000.00   [strat=chatterjee_aggressive_high_ask]
      R16  buy $ 20,767.81   sel     $32,500.00   [strat=chatterjee_aggressive_high_ask]
   run 6 done in 5.6 min

   run 7/30 on 2022 Toyota RAV4 XLE AWD  seed=20663426
      R 1  buy $ 14,217.87   sel     $31,500.00   [strat=chatterjee_aggressive_high_ask] *
      R 2  buy $ 30,807.24   sel     $31,250.00   [strat=chatterjee_aggressive_high_ask]
      R 3  buy $ 20,319.00   sel     $31,200.00   [strat=chatterjee_aggressive_high_ask]
      R 4  buy $ 17,029.07   sel     $31,200.00   [strat=chatterjee_aggressive_high_ask]
      R 5  buy $ 21,598.19   sel     $31,100.00   [strat=chatterjee_aggressive_high_ask]
      R 6  buy $ 17,152.02   sel     $31,000.00   [strat=chatterjee_aggressive_high_ask]
      R 7  buy $ 28,125.06   sel     $31,000.00   [strat=chatterjee_aggressive_high_ask]
      R 8  buy $ 20,710.90   sel     $30,900.00   [strat=chatterjee_aggressive_high_ask]
      R 9  buy $ 30,554.75   sel     $30,800.00   [strat=chatterjee_aggressive_high_ask]
      R10  buy $ 17,617.30   sel     $30,800.00   [strat=chatterjee_aggressive_high_ask]
      R11  buy $ 22,052.87   sel     $30,800.00   [strat=chatterjee_aggressive_high_ask]
      R12  buy $ 23,866.16   sel     $30,800.00   [strat=chatterjee_aggressive_high_ask]
      R13  buy $ 24,511.31   sel     $30,800.00   [strat=chatterjee_aggressive_high_ask]
      R14  buy $ 29,851.75   sel     $30,700.00   [strat=chatterjee_aggressive_high_ask]
      R15  buy $ 13,469.30   sel     $30,800.00   [strat=chatterjee_aggressive_high_ask]
      R16  buy $    771.91   sel     $30,800.00   [strat=chatterjee_aggressive_high_ask]
   run 7 done in 5.4 min

   run 8/30 on 2022 Toyota RAV4 XLE AWD  seed=20663427
      R 1  buy $  3,972.19   sel     $34,500.00   [strat=chatterjee_aggressive_high_ask] *
      R 2  buy $    770.51   sel     $34,500.00   [strat=chatterjee_aggressive_high_ask]
      R 3  buy $ 31,738.01   sel     $34,000.00   [strat=chatterjee_aggressive_high_ask]
      R 4  buy $ 15,330.49   sel     $34,000.00   [strat=chatterjee_aggressive_high_ask]
      R 5  buy $    468.23   sel     $33,500.00   [strat=chatterjee_aggressive_high_ask]
      R 6  buy $  4,928.25   sel     $33,400.00   [strat=chatterjee_aggressive_high_ask]
      R 7  buy $ 10,010.15   sel     $33,300.00   [strat=chatterjee_aggressive_high_ask]
      R 8  buy $  8,005.64   sel     $33,200.00   [strat=chatterjee_aggressive_high_ask]
      R 9  buy $ 30,477.16   sel     $33,000.00   [strat=chatterjee_aggressive_high_ask]
      R10  buy $ 13,205.76   sel     $32,800.00   [strat=chatterjee_aggressive_high_ask]
      R11  buy $ 16,353.23   sel     $32,700.00   [strat=chatterjee_aggressive_high_ask]
      R12  buy $  8,236.31   sel     $32,800.00   [strat=chatterjee_aggressive_high_ask]
      R13  buy $ 17,198.49   sel     $32,500.00   [strat=chatterjee_aggressive_high_ask]
      R14  buy $ 12,413.61   sel     $32,400.00   [strat=chatterjee_aggressive_high_ask]
      R15  buy $ 16,216.95   sel     $32,300.00   [strat=chatterjee_aggressive_high_ask]
      R16  buy $  8,638.33   sel     $32,200.00   [strat=chatterjee_aggressive_high_ask]
   run 8 done in 5.7 min

   run 9/30 on 2022 Toyota RAV4 XLE AWD  seed=20663428
      R 1  buy $ 18,862.19   sel     $31,500.00   [strat=chatterjee_aggressive_high_ask] *
      R 2  buy $  1,270.48   sel     $31,000.00   [strat=chatterjee_aggressive_high_ask]
      R 3  buy $ 19,127.04   sel     $30,500.00   [strat=chatterjee_aggressive_high_ask]
      R 4  buy $  2,706.14   sel     $30,250.00   [strat=chatterjee_aggressive_high_ask]
      R 5  buy $ 12,145.28   sel     $30,200.00   [strat=chatterjee_aggressive_high_ask]
      R 6  buy $ 22,352.87   sel     $30,000.00   [strat=chatterjee_aggressive_high_ask]
      R 7  buy $     73.95   sel     $30,500.00   [strat=chatterjee_aggressive_high_ask]
      R 8  buy $  7,237.68   sel     PARSE-FAIL   [strat=chatterjee_aggressive_high_ask]
      R 9  buy $ 14,213.96   sel     $30,000.00   [strat=chatterjee_aggressive_high_ask]
      R10  buy $ 20,584.54   sel     $29,500.00   [strat=chatterjee_aggressive_high_ask]
      R11  buy $     75.09   sel     $30,500.00   [strat=chatterjee_aggressive_high_ask]
      R12  buy $ 28,341.69   sel     $29,999.00   [strat=chatterjee_aggressive_high_ask]
      R13  buy $  5,179.91   sel     $30,500.00   [strat=chatterjee_aggressive_high_ask]
      R14  buy $ 16,581.01   sel     $29,999.00   [strat=chatterjee_aggressive_high_ask]
      R15  buy $ 23,911.32   sel     $30,500.00   [strat=chatterjee_aggressive_high_ask]
      R16  buy $ 15,395.91   sel     $30,500.00   [strat=chatterjee_aggressive_high_ask]
   run 9 done in 4.7 min

   run 10/30 on 2022 Toyota RAV4 XLE AWD  seed=20663429
      R 1  buy $ 20,046.27   sel     $31,500.00   [strat=chatterjee_aggressive_high_ask] *
      R 2  buy $ 24,259.42   sel     $30,900.00   [strat=chatterjee_aggressive_high_ask]
      R 3  buy $ 16,783.26   sel     $30,900.00   [strat=chatterjee_aggressive_high_ask]
      R 4  buy $  5,991.95   sel     $30,900.00   [strat=chatterjee_aggressive_high_ask]
      R 5  buy $     22.62   sel     $30,900.00   [strat=chatterjee_aggressive_high_ask]
      R 6  buy $ 22,287.70   sel     $30,500.00   [strat=chatterjee_aggressive_high_ask]
      R 7  buy $ 22,535.16   sel     $30,500.00   [strat=chatterjee_aggressive_high_ask]
      R 8  buy $  2,115.61   sel     $30,500.00   [strat=chatterjee_aggressive_high_ask]
      R 9  buy $ 10,844.79   sel     $30,500.00   [strat=chatterjee_aggressive_high_ask]
      R10  buy $ 16,307.50   sel     $30,500.00   [strat=chatterjee_aggressive_high_ask]
      R11  buy $ 29,987.01   sel     $30,250.00   [strat=chatterjee_aggressive_high_ask]
      R12  buy $  1,537.89   sel     $30,500.00   [strat=chatterjee_aggressive_high_ask]
      R13  buy $ 21,842.75   sel     $30,750.00   [strat=chatterjee_aggressive_high_ask]
      R14  buy $  5,120.80   sel     $30,750.00   [strat=chatterjee_aggressive_high_ask]
      R15  buy $    275.35   sel     $31,000.00   [strat=chatterjee_aggressive_high_ask]
      R16  buy $  4,802.32   sel     $30,900.00   [strat=chatterjee_aggressive_high_ask]
   run 10 done in 5.1 min

   run 11/30 on 2022 Toyota RAV4 XLE AWD  seed=20663430
      R 1  buy $ 16,784.47   sel     $29,995.00   [strat=chatterjee_aggressive_high_ask] *
      R 2  buy $ 14,944.01   sel     $29,995.00   [strat=chatterjee_aggressive_high_ask]
      R 3  buy $ 20,952.70   sel     $28,995.00   [strat=chatterjee_aggressive_high_ask]
      R 4  buy $ 11,577.23   sel     $28,995.00   [strat=chatterjee_aggressive_high_ask]
      R 5  buy $ 26,470.95   sel     $28,495.00   [strat=chatterjee_aggressive_high_ask]
      R 6  buy $ 18,767.74   sel     $29,995.00   [strat=chatterjee_aggressive_high_ask]
      R 7  buy $ 26,164.87   sel     $28,495.00   [strat=chatterjee_aggressive_high_ask]
      R 8  buy $    439.94   sel     $29,995.00   [strat=chatterjee_aggressive_high_ask]
      R 9  buy $ 11,382.74   sel     $29,995.00   [strat=chatterjee_aggressive_high_ask]
      R10  buy $ 22,191.70   sel     $29,500.00   [strat=chatterjee_aggressive_high_ask]
      R11  buy $ 10,884.65   sel     $29,995.00   [strat=chatterjee_aggressive_high_ask]
      R12  buy $ 27,179.86   sel     $29,800.00   [strat=chatterjee_aggressive_high_ask]
      R13  buy $  7,225.19   sel     $29,995.00   [strat=chatterjee_aggressive_high_ask]
      R14  buy $ 25,819.95   sel     $29,500.00   [strat=chatterjee_aggressive_high_ask]
      R15  buy $  6,972.46   sel     $29,995.00   [strat=chatterjee_aggressive_high_ask]
      R16  buy $ 13,823.60   sel     $29,995.00   [strat=chatterjee_aggressive_high_ask]
   run 11 done in 5.6 min

   run 12/30 on 2022 Toyota RAV4 XLE AWD  seed=20663431
      R 1  buy $ 22,697.59   sel     $31,500.00   [strat=chatterjee_aggressive_high_ask] *
      R 2  buy $  8,189.60   sel     $31,000.00   [strat=chatterjee_aggressive_high_ask]
      R 3  buy $ 26,312.68   sel     $30,500.00   [strat=chatterjee_aggressive_high_ask]
      R 4  buy $ 19,371.63   sel     $30,000.00   [strat=chatterjee_aggressive_high_ask]
      R 5  buy $  8,705.02   sel     $29,500.00   [strat=chatterjee_aggressive_high_ask]
      R 6  buy $  9,210.06   sel     $29,900.00   [strat=chatterjee_aggressive_high_ask]
      R 7  buy $ 19,585.82   sel     $29,500.00   [strat=chatterjee_aggressive_high_ask]
      R 8  buy $ 21,940.38   sel     $29,500.00   [strat=chatterjee_aggressive_high_ask]
      R 9  buy $ 21,618.00   sel     $29,900.00   [strat=chatterjee_aggressive_high_ask]
      R10  buy $  4,643.66   sel     $29,500.00   [strat=chatterjee_aggressive_high_ask]
      R11  buy $ 25,892.25   sel     $29,000.00   [strat=chatterjee_aggressive_high_ask]
      R12  buy $ 22,716.01   sel     $28,900.00   [strat=chatterjee_aggressive_high_ask]
      R13  buy $  3,823.00   sel     $29,500.00   [strat=chatterjee_aggressive_high_ask]
      R14  buy $  4,146.93   sel     $29,500.00   [strat=chatterjee_aggressive_high_ask]
      R15  buy $ 19,014.49   sel     $29,900.00   [strat=chatterjee_aggressive_high_ask]
      R16  buy $  3,344.92   sel     $29,500.00   [strat=chatterjee_aggressive_high_ask]
   run 12 done in 5.4 min

   run 13/30 on 2022 Toyota RAV4 XLE AWD  seed=20663432
      R 1  buy $ 11,273.37   sel     $34,500.00   [strat=chatterjee_aggressive_high_ask] *
      R 2  buy $  9,932.40   sel     $34,500.00   [strat=chatterjee_aggressive_high_ask]
      R 3  buy $ 22,759.48   sel     $34,000.00   [strat=chatterjee_aggressive_high_ask]
      R 4  buy $ 21,152.54   sel     $33,500.00   [strat=chatterjee_aggressive_high_ask]
      R 5  buy $ 23,980.96   sel     $32,000.00   [strat=chatterjee_aggressive_high_ask]
      R 6  buy $ 30,194.04   sel     $31,500.00   [strat=chatterjee_aggressive_high_ask]
      R 7  buy $ 17,938.19   sel     $31,500.00   [strat=chatterjee_aggressive_high_ask]
      R 8  buy $ 25,353.79   sel     $31,000.00   [strat=chatterjee_aggressive_high_ask]
      R 9  buy $ 12,573.09   sel     $31,000.00   [strat=chatterjee_aggressive_high_ask]
      R10  buy $ 14,244.81   sel     $31,500.00   [strat=chatterjee_aggressive_high_ask]
      R11  buy $ 16,710.83   sel     $31,000.00   [strat=chatterjee_aggressive_high_ask]
      R12  buy $ 24,267.70   sel     $31,000.00   [strat=chatterjee_aggressive_high_ask]
      R13  buy $  1,606.94   sel     $31,500.00   [strat=chatterjee_aggressive_high_ask]
      R14  buy $ 11,179.34   sel     $31,500.00   [strat=chatterjee_aggressive_high_ask]
      R15  buy $  5,972.09   sel     $31,500.00   [strat=chatterjee_aggressive_high_ask]
      R16  buy $ 18,091.95   sel     $32,000.00   [strat=chatterjee_aggressive_high_ask]
   run 13 done in 6.3 min

   run 14/30 on 2022 Toyota RAV4 XLE AWD  seed=20663433
      R 1  buy $  7,525.14   sel     $31,500.00   [strat=chatterjee_aggressive_high_ask] *
      R 2  buy $ 21,568.86   sel     $30,500.00   [strat=chatterjee_aggressive_high_ask]
      R 3  buy $ 14,554.42   sel     $30,000.00   [strat=chatterjee_aggressive_high_ask]
      R 4  buy $ 27,964.46   sel     $29,500.00   [strat=chatterjee_aggressive_high_ask]
      R 5  buy $  9,151.59   sel     $29,000.00   [strat=chatterjee_aggressive_high_ask]
      R 6  buy $ 21,589.98   sel     $28,900.00   [strat=chatterjee_aggressive_high_ask]
      R 7  buy $ 16,320.97   sel     $28,850.00   [strat=chatterjee_aggressive_high_ask]
      R 8  buy $ 12,769.46   sel     $29,000.00   [strat=chatterjee_aggressive_high_ask]
      R 9  buy $ 12,494.84   sel     $29,000.00   [strat=chatterjee_aggressive_high_ask]
      R10  buy $ 11,474.75   sel     $29,000.00   [strat=chatterjee_aggressive_high_ask]
      R11  buy $ 12,196.76   sel     $29,000.00   [strat=chatterjee_aggressive_high_ask]
      R12  buy $ 19,498.71   sel     $28,500.00   [strat=chatterjee_aggressive_high_ask]
      R13  buy $ 14,830.86   sel     $28,500.00   [strat=chatterjee_aggressive_high_ask]
      R14  buy $ 22,697.23   sel     $28,900.00   [strat=chatterjee_aggressive_high_ask]
      R15  buy $ 12,079.91   sel     $28,900.00   [strat=chatterjee_aggressive_high_ask]
      R16  buy $  2,560.39   sel     $28,800.00   [strat=chatterjee_aggressive_high_ask]
   run 14 done in 6.3 min

   run 15/30 on 2022 Toyota RAV4 XLE AWD  seed=20663434
      R 1  buy $ 29,489.92   sel     $33,995.00   [strat=chatterjee_aggressive_high_ask] *
      R 2  buy $ 21,690.37   sel     $33,900.00   [strat=chatterjee_aggressive_high_ask]
      R 3  buy $ 27,667.29   sel     $33,800.00   [strat=chatterjee_aggressive_high_ask]
      R 4  buy $  8,348.76   sel     $33,900.00   [strat=chatterjee_aggressive_high_ask]
      R 5  buy $ 19,158.70   sel     $33,500.00   [strat=chatterjee_aggressive_high_ask]
      R 6  buy $ 27,319.83   sel     $33,500.00   [strat=chatterjee_aggressive_high_ask]
      R 7  buy $ 19,762.45   sel     $33,400.00   [strat=chatterjee_aggressive_high_ask]
      R 8  buy $  7,278.74   sel     $33,300.00   [strat=chatterjee_aggressive_high_ask]
      R 9  buy $ 22,274.64   sel     $33,300.00   [strat=chatterjee_aggressive_high_ask]
      R10  buy $ 28,969.55   sel     $33,000.00   [strat=chatterjee_aggressive_high_ask]
      R11  buy $ 11,228.80   sel     $32,900.00   [strat=chatterjee_aggressive_high_ask]
      R12  buy $  6,245.67   sel     $33,000.00   [strat=chatterjee_aggressive_high_ask]
      R13  buy $  4,241.89   sel     $32,850.00   [strat=chatterjee_aggressive_high_ask]
      R14  buy $ 26,333.23   sel     $32,500.00   [strat=chatterjee_aggressive_high_ask]
      R15  buy $ 14,012.47   sel     $32,500.00   [strat=chatterjee_aggressive_high_ask]
      R16  buy $ 27,426.31   sel     $32,500.00   [strat=chatterjee_aggressive_high_ask]
   run 15 done in 5.8 min

   run 16/30 on 2022 Toyota RAV4 XLE AWD  seed=20663435
      R 1  buy $  7,463.37   sel     $31,500.00   [strat=chatterjee_aggressive_high_ask] *
      R 2  buy $  9,158.43   sel     $30,500.00   [strat=chatterjee_aggressive_high_ask]
      R 3  buy $    715.61   sel     $30,000.00   [strat=chatterjee_aggressive_high_ask]
      R 4  buy $  5,697.45   sel     $29,500.00   [strat=chatterjee_aggressive_high_ask]
      R 5  buy $ 17,724.61   sel     $28,500.00   [strat=chatterjee_aggressive_high_ask]
      R 6  buy $ 19,183.78   sel     $28,000.00   [strat=chatterjee_aggressive_high_ask]
      R 7  buy $ 18,066.89   sel     $28,000.00   [strat=chatterjee_aggressive_high_ask]
      R 8  buy $ 24,309.97   sel     $27,500.00   [strat=chatterjee_aggressive_high_ask]
      R 9  buy $  6,066.23   sel     $28,000.00   [strat=chatterjee_aggressive_high_ask]
      R10  buy $ 10,493.15   sel     $28,000.00   [strat=chatterjee_aggressive_high_ask]
      R11  buy $ 20,304.61   sel     $27,500.00   [strat=chatterjee_aggressive_high_ask]
      R12  buy $  6,172.63   sel     $27,500.00   [strat=chatterjee_aggressive_high_ask]
      R13  buy $  1,185.13   sel     $27,500.00   [strat=chatterjee_aggressive_high_ask]
      R14  buy $ 21,372.27   sel     $27,000.00   [strat=chatterjee_aggressive_high_ask]
      R15  buy $ 19,178.31   sel     $26,500.00   [strat=chatterjee_aggressive_high_ask]
      R16  buy $ 12,037.48   sel     $27,000.00   [strat=chatterjee_aggressive_high_ask]
   run 16 done in 4.8 min

   run 17/30 on 2022 Toyota RAV4 XLE AWD  seed=20663436
      R 1  buy $ 18,057.37   sel     $29,995.00   [strat=chatterjee_aggressive_high_ask] *
      R 2  buy $  2,204.23   sel     $29,500.00   [strat=chatterjee_aggressive_high_ask]
      R 3  buy $ 12,287.00   sel     $29,500.00   [strat=chatterjee_aggressive_high_ask]
      R 4  buy $  8,098.36   sel     $29,500.00   [strat=chatterjee_aggressive_high_ask]
      R 5  buy $    341.37   sel     $29,500.00   [strat=chatterjee_aggressive_high_ask]
      R 6  buy $  1,014.12   sel     $29,500.00   [strat=chatterjee_aggressive_high_ask]
      R 7  buy $  8,045.12   sel     $29,500.00   [strat=chatterjee_aggressive_high_ask]
      R 8  buy $  3,890.63   sel     $29,400.00   [strat=chatterjee_aggressive_high_ask]
      R 9  buy $ 14,761.04   sel     $29,400.00   [strat=chatterjee_aggressive_high_ask]
      R10  buy $ 28,693.95   sel     $29,300.00   [strat=chatterjee_aggressive_high_ask]
      R11  buy $ 13,850.81   sel     $29,200.00   [strat=chatterjee_aggressive_high_ask]
      R12  buy $  8,770.17   sel     $29,100.00   [strat=chatterjee_aggressive_high_ask]
      R13  buy $ 23,584.08   sel     $28,900.00   [strat=chatterjee_aggressive_high_ask]
      R14  buy $  4,819.18   sel     $28,800.00   [strat=chatterjee_aggressive_high_ask]
      R15  buy $    262.12   sel     $29,000.00   [strat=chatterjee_aggressive_high_ask]
      R16  buy $ 18,577.45   sel     $28,500.00   [strat=chatterjee_aggressive_high_ask]
   run 17 done in 5.3 min

   run 18/30 on 2022 Toyota RAV4 XLE AWD  seed=20663437
      R 1  buy $ 17,178.85   sel     $31,500.00   [strat=chatterjee_aggressive_high_ask] *
      R 2  buy $  4,013.02   sel     $30,995.00   [strat=chatterjee_aggressive_high_ask]
      R 3  buy $ 23,245.09   sel     $29,995.00   [strat=chatterjee_aggressive_high_ask]
      R 4  buy $ 18,515.02   sel     $29,995.00   [strat=chatterjee_aggressive_high_ask]
      R 5  buy $    509.90   sel     $29,995.00   [strat=chatterjee_aggressive_high_ask]
      R 6  buy $ 27,938.86   sel     $29,500.00   [strat=chatterjee_aggressive_high_ask]
      R 7  buy $  3,249.99   sel     $29,500.00   [strat=chatterjee_aggressive_high_ask]
      R 8  buy $  9,924.51   sel     $29,500.00   [strat=chatterjee_aggressive_high_ask]
      R 9  buy $    724.34   sel     $29,500.00   [strat=chatterjee_aggressive_high_ask]
      R10  buy $ 12,101.46   sel     $29,500.00   [strat=chatterjee_aggressive_high_ask]
      R11  buy $ 22,897.51   sel     $29,500.00   [strat=chatterjee_aggressive_high_ask]
      R12  buy $ 13,430.37   sel     $29,500.00   [strat=chatterjee_aggressive_high_ask]
      R13  buy $  7,684.69   sel     $29,500.00   [strat=chatterjee_aggressive_high_ask]
      R14  buy $ 10,335.11   sel     $29,500.00   [strat=chatterjee_aggressive_high_ask]
      R15  buy $ 24,320.46   sel     $29,500.00   [strat=chatterjee_aggressive_high_ask]
      R16  buy $ 20,260.30   sel     $28,995.00   [strat=chatterjee_aggressive_high_ask]
   run 18 done in 5.7 min

   run 19/30 on 2022 Toyota RAV4 XLE AWD  seed=20663438
      R 1  buy $ 22,721.46   sel     $31,500.00   [strat=chatterjee_aggressive_high_ask] *
      R 2  buy $ 11,648.98   sel     $31,500.00   [strat=chatterjee_aggressive_high_ask]
      R 3  buy $ 25,486.53   sel     $30,500.00   [strat=chatterjee_aggressive_high_ask]
      R 4  buy $ 20,886.31   sel     $30,000.00   [strat=chatterjee_aggressive_high_ask]
      R 5  buy $ 18,727.40   sel     $30,000.00   [strat=chatterjee_aggressive_high_ask]
      R 6  buy $ 17,723.36   sel     $30,500.00   [strat=chatterjee_aggressive_high_ask]
      R 7  buy $ 20,946.98   sel     $29,500.00   [strat=chatterjee_aggressive_high_ask]
      R 8  buy $ 23,559.98   sel     $29,000.00   [strat=chatterjee_aggressive_high_ask]
      R 9  buy $  5,507.55   sel     $30,500.00   [strat=chatterjee_aggressive_high_ask]
      R10  buy $ 11,866.91   sel     $30,000.00   [strat=chatterjee_aggressive_high_ask]
      R11  buy $ 21,093.80   sel     $29,000.00   [strat=chatterjee_aggressive_high_ask]
      R12  buy $ 12,205.59   sel     $30,500.00   [strat=chatterjee_aggressive_high_ask]
      R13  buy $ 20,741.38   sel     $30,500.00   [strat=chatterjee_aggressive_high_ask]
      R14  buy $ 22,759.00   sel     $30,500.00   [strat=chatterjee_aggressive_high_ask]
      R15  buy $ 14,565.77   sel     $30,500.00   [strat=chatterjee_aggressive_high_ask]
      R16  buy $  8,281.66   sel     $30,500.00   [strat=chatterjee_aggressive_high_ask]
   run 19 done in 5.6 min

   run 20/30 on 2022 Toyota RAV4 XLE AWD  seed=20663439
      R 1  buy $ 24,354.87   sel     $31,500.00   [strat=chatterjee_aggressive_high_ask] *
      R 2  buy $ 21,658.77   sel     $31,500.00   [strat=chatterjee_aggressive_high_ask]
      R 3  buy $  7,341.82   sel     $31,500.00   [strat=chatterjee_aggressive_high_ask]
      R 4  buy $    383.05   sel     $31,250.00   [strat=chatterjee_aggressive_high_ask]
      R 5  buy $ 17,335.50   sel     $31,000.00   [strat=chatterjee_aggressive_high_ask]
      R 6  buy $ 24,544.70   sel     $31,500.00   [strat=chatterjee_aggressive_high_ask]
      R 7  buy $  8,178.63   sel     $31,500.00   [strat=chatterjee_aggressive_high_ask]
      R 8  buy $ 22,844.10   sel     $31,250.00   [strat=chatterjee_aggressive_high_ask]
      R 9  buy $ 12,927.37   sel     $31,500.00   [strat=chatterjee_aggressive_high_ask]
      R10  buy $ 15,571.88   sel     $31,250.00   [strat=chatterjee_aggressive_high_ask]
      R11  buy $  2,624.19   sel     $31,500.00   [strat=chatterjee_aggressive_high_ask]
      R12  buy $ 11,188.75   sel     $31,500.00   [strat=chatterjee_aggressive_high_ask]
      R13  buy $ 11,583.39   sel     $31,500.00   [strat=chatterjee_aggressive_high_ask]
      R14  buy $ 11,300.59   sel     $31,500.00   [strat=chatterjee_aggressive_high_ask]
      R15  buy $  7,990.12   sel     $31,500.00   [strat=chatterjee_aggressive_high_ask]
      R16  buy $ 24,170.01   sel     $31,000.00   [strat=chatterjee_aggressive_high_ask]
   run 20 done in 5.5 min

   run 21/30 on 2022 Toyota RAV4 XLE AWD  seed=20663440
      R 1  buy $ 24,890.76   sel     $31,500.00   [strat=chatterjee_aggressive_high_ask] *
      R 2  buy $ 25,145.69   sel     $31,250.00   [strat=chatterjee_aggressive_high_ask]
      R 3  buy $ 23,842.08   sel     $31,200.00   [strat=chatterjee_aggressive_high_ask]
      R 4  buy $ 13,785.39   sel     $31,000.00   [strat=chatterjee_aggressive_high_ask]
      R 5  buy $ 23,177.65   sel     $30,750.00   [strat=chatterjee_aggressive_high_ask]
      R 6  buy $  6,013.86   sel     $30,500.00   [strat=chatterjee_aggressive_high_ask]
      R 7  buy $ 20,054.17   sel     $30,250.00   [strat=chatterjee_aggressive_high_ask]
      R 8  buy $ 18,847.77   sel     $30,000.00   [strat=chatterjee_aggressive_high_ask]
      R 9  buy $  6,008.72   sel     $30,500.00   [strat=chatterjee_aggressive_high_ask]
      R10  buy $  6,292.60   sel     $30,500.00   [strat=chatterjee_aggressive_high_ask]
      R11  buy $ 28,199.11   sel     $30,250.00   [strat=chatterjee_aggressive_high_ask]
      R12  buy $ 18,752.31   sel     $30,500.00   [strat=chatterjee_aggressive_high_ask]
      R13  buy $ 23,862.93   sel     $30,500.00   [strat=chatterjee_aggressive_high_ask]
      R14  buy $  4,109.64   sel     $30,500.00   [strat=chatterjee_aggressive_high_ask]
      R15  buy $ 25,629.77   sel     $30,450.00   [strat=chatterjee_aggressive_high_ask]
      R16  buy $ 15,595.60   sel     $30,500.00   [strat=chatterjee_aggressive_high_ask]
   run 21 done in 6.1 min

   run 22/30 on 2022 Toyota RAV4 XLE AWD  seed=20663441
      R 1  buy $  2,827.95   sel     $31,500.00   [strat=chatterjee_aggressive_high_ask] *
      R 2  buy $ 18,184.43   sel     $31,000.00   [strat=chatterjee_aggressive_high_ask]
      R 3  buy $  5,976.98   sel     $30,500.00   [strat=chatterjee_aggressive_high_ask]
      R 4  buy $ 21,872.22   sel     $29,500.00   [strat=chatterjee_aggressive_high_ask]
      R 5  buy $ 10,759.96   sel     $29,500.00   [strat=chatterjee_aggressive_high_ask]
      R 6  buy $  2,952.25   sel     $29,900.00   [strat=chatterjee_aggressive_high_ask]
      R 7  buy $  2,528.60   sel     $29,900.00   [strat=chatterjee_aggressive_high_ask]
      R 8  buy $ 25,806.46   sel     $28,500.00   [strat=chatterjee_aggressive_high_ask]
      R 9  buy $ 23,234.29   sel     $27,500.00   [strat=chatterjee_aggressive_high_ask]
      R10  buy $ 26,092.73   sel     $27,500.00   [strat=chatterjee_aggressive_high_ask]
      R11  buy $ 18,287.41   sel     $27,000.00   [strat=chatterjee_aggressive_high_ask]
      R12  buy $ 14,060.93   sel     $26,500.00   [strat=chatterjee_aggressive_high_ask]
      R13  buy $ 17,906.22   sel     $27,000.00   [strat=chatterjee_aggressive_high_ask]
      R14  buy $ 24,839.68   sel     $26,500.00   [strat=chatterjee_aggressive_high_ask]
      R15  buy $  5,594.51   sel     $26,500.00   [strat=chatterjee_aggressive_high_ask]
      R16  buy $  1,091.17   sel     $27,500.00   [strat=chatterjee_aggressive_high_ask]
   run 22 done in 6.2 min

   run 23/30 on 2022 Toyota RAV4 XLE AWD  seed=20663442
      R 1  buy $ 12,087.19   sel     $31,500.00   [strat=chatterjee_aggressive_high_ask] *
      R 2  buy $  5,872.46   sel     $30,500.00   [strat=chatterjee_aggressive_high_ask]
      R 3  buy $ 19,956.43   sel     $30,000.00   [strat=chatterjee_aggressive_high_ask]
      R 4  buy $ 28,155.73   sel     $29,500.00   [strat=chatterjee_aggressive_high_ask]
      R 5  buy $  2,510.04   sel     $29,500.00   [strat=chatterjee_aggressive_high_ask]
      R 6  buy $ 18,672.95   sel     $29,000.00   [strat=chatterjee_aggressive_high_ask]
      R 7  buy $ 22,530.74   sel     $29,000.00   [strat=chatterjee_aggressive_high_ask]
      R 8  buy $ 10,907.26   sel     $28,900.00   [strat=chatterjee_aggressive_high_ask]
      R 9  buy $ 25,446.12   sel     $28,900.00   [strat=chatterjee_aggressive_high_ask]
      R10  buy $ 25,032.95   sel     $28,800.00   [strat=chatterjee_aggressive_high_ask]
      R11  buy $  3,151.02   sel     $28,800.00   [strat=chatterjee_aggressive_high_ask]
      R12  buy $ 10,438.47   sel     $28,800.00   [strat=chatterjee_aggressive_high_ask]
      R13  buy $    147.80   sel     $28,800.00   [strat=chatterjee_aggressive_high_ask]
      R14  buy $ 14,604.59   sel     $28,800.00   [strat=chatterjee_aggressive_high_ask]
      R15  buy $  8,793.81   sel     $28,800.00   [strat=chatterjee_aggressive_high_ask]
      R16  buy $ 27,382.50   sel     $28,500.00   [strat=chatterjee_aggressive_high_ask]
   run 23 done in 6.6 min

   run 24/30 on 2022 Toyota RAV4 XLE AWD  seed=20663443
      R 1  buy $  7,326.61   sel     $31,500.00   [strat=chatterjee_aggressive_high_ask] *
      R 2  buy $ 25,197.00   sel     $30,000.00   [strat=chatterjee_aggressive_high_ask]
      R 3  buy $  1,335.09   sel     $29,995.00   [strat=chatterjee_aggressive_high_ask]
      R 4  buy $ 16,898.69   sel     $29,995.00   [strat=chatterjee_aggressive_high_ask]
      R 5  buy $ 23,502.94   sel     $29,500.00   [strat=chatterjee_aggressive_high_ask]
      R 6  buy $ 24,298.64   sel     $29,000.00   [strat=chatterjee_aggressive_high_ask]
      R 7  buy $ 14,274.09   sel     $28,500.00   [strat=chatterjee_aggressive_high_ask]
      R 8  buy $  6,966.80   sel     $28,495.00   [strat=chatterjee_aggressive_high_ask]
      R 9  buy $  6,008.23   sel     $28,495.00   [strat=chatterjee_aggressive_high_ask]
      R10  buy $ 18,090.44   sel     $28,490.00   [strat=chatterjee_aggressive_high_ask]
      R11  buy $ 18,392.03   sel     $28,485.00   [strat=chatterjee_aggressive_high_ask]
      R12  buy $  3,170.54   sel     $28,500.00   [strat=chatterjee_aggressive_high_ask]
      R13  buy $  3,477.92   sel     $28,500.00   [strat=chatterjee_aggressive_high_ask]
      R14  buy $  5,091.13   sel     $28,500.00   [strat=chatterjee_aggressive_high_ask]
      R15  buy $  7,965.70   sel     $28,750.00   [strat=chatterjee_aggressive_high_ask]
      R16  buy $  9,366.86   sel     $28,500.00   [strat=chatterjee_aggressive_high_ask]
   run 24 done in 5.2 min

   run 25/30 on 2022 Toyota RAV4 XLE AWD  seed=20663444
      R 1  buy $  6,722.40   sel     $31,500.00   [strat=chatterjee_aggressive_high_ask] *
      R 2  buy $  9,153.09   sel     $30,000.00   [strat=chatterjee_aggressive_high_ask]
      R 3  buy $ 17,704.68   sel     $29,500.00   [strat=chatterjee_aggressive_high_ask]
      R 4  buy $  9,266.72   sel     $29,450.00   [strat=chatterjee_aggressive_high_ask]
      R 5  buy $  3,877.83   sel     $29,450.00   [strat=chatterjee_aggressive_high_ask]
      R 6  buy $ 17,059.42   sel     $29,450.00   [strat=chatterjee_aggressive_high_ask]
      R 7  buy $ 17,530.17   sel     $29,400.00   [strat=chatterjee_aggressive_high_ask]
      R 8  buy $ 12,253.85   sel     $29,300.00   [strat=chatterjee_aggressive_high_ask]
      R 9  buy $  9,045.44   sel     $29,250.00   [strat=chatterjee_aggressive_high_ask]
      R10  buy $ 20,059.93   sel     $29,200.00   [strat=chatterjee_aggressive_high_ask]
      R11  buy $ 10,487.24   sel     $29,150.00   [strat=chatterjee_aggressive_high_ask]
      R12  buy $ 27,073.36   sel     $29,100.00   [strat=chatterjee_aggressive_high_ask]
      R13  buy $ 16,101.25   sel     $29,100.00   [strat=chatterjee_aggressive_high_ask]
      R14  buy $ 20,326.36   sel     $29,000.00   [strat=chatterjee_aggressive_high_ask]
      R15  buy $  8,742.73   sel     $29,100.00   [strat=chatterjee_aggressive_high_ask]
      R16  buy $  7,725.39   sel     $29,100.00   [strat=chatterjee_aggressive_high_ask]
   run 25 done in 6.0 min

   run 26/30 on 2022 Toyota RAV4 XLE AWD  seed=20663445
      R 1  buy $ 30,927.00   sel     $34,500.00   [strat=chatterjee_aggressive_high_ask] *
      R 2  buy $    894.81   sel     $34,500.00   [strat=chatterjee_aggressive_high_ask]
      R 3  buy $ 22,322.60   sel     $33,500.00   [strat=chatterjee_aggressive_high_ask]
      R 4  buy $ 18,960.08   sel     $33,000.00   [strat=chatterjee_aggressive_high_ask]
      R 5  buy $ 27,257.69   sel     $32,500.00   [strat=chatterjee_aggressive_high_ask]
      R 6  buy $ 21,284.93   sel     $32,400.00   [strat=chatterjee_aggressive_high_ask]
      R 7  buy $ 16,347.82   sel     $32,500.00   [strat=chatterjee_aggressive_high_ask]
      R 8  buy $    120.88   sel     $32,600.00   [strat=chatterjee_aggressive_high_ask]
      R 9  buy $  6,400.61   sel     $32,500.00   [strat=chatterjee_aggressive_high_ask]
      R10  buy $ 15,003.67   sel     $32,400.00   [strat=chatterjee_aggressive_high_ask]
      R11  buy $ 12,073.37   sel     $32,500.00   [strat=chatterjee_aggressive_high_ask]
      R12  buy $  4,323.64   sel     $32,500.00   [strat=chatterjee_aggressive_high_ask]
      R13  buy $  3,287.81   sel     $32,600.00   [strat=chatterjee_aggressive_high_ask]
      R14  buy $  5,556.20   sel     $32,500.00   [strat=chatterjee_aggressive_high_ask]
      R15  buy $  6,303.10   sel     $32,600.00   [strat=chatterjee_aggressive_high_ask]
      R16  buy $ 14,312.62   sel     $32,700.00   [strat=chatterjee_aggressive_high_ask]
   run 26 done in 5.6 min

   run 27/30 on 2022 Toyota RAV4 XLE AWD  seed=20663446
      R 1  buy $ 17,548.53   sel     $29,500.00   [strat=chatterjee_aggressive_high_ask] *
      R 2  buy $ 10,796.28   sel     $29,000.00   [strat=chatterjee_aggressive_high_ask]
      R 3  buy $ 14,224.04   sel     $28,850.00   [strat=chatterjee_aggressive_high_ask]
      R 4  buy $ 19,054.80   sel     $28,500.00   [strat=chatterjee_aggressive_high_ask]
      R 5  buy $ 28,057.12   sel     $28,450.00   [strat=chatterjee_aggressive_high_ask]
      R 6  buy $ 18,761.07   sel     $28,450.00   [strat=chatterjee_aggressive_high_ask]
      R 7  buy $ 19,680.06   sel     $28,400.00   [strat=chatterjee_aggressive_high_ask]
      R 8  buy $ 23,144.53   sel     $28,300.00   [strat=chatterjee_aggressive_high_ask]
      R 9  buy $ 14,604.45   sel     $28,200.00   [strat=chatterjee_aggressive_high_ask]
      R10  buy $ 14,993.02   sel     $28,200.00   [strat=chatterjee_aggressive_high_ask]
      R11  buy $ 11,347.36   sel     $28,100.00   [strat=chatterjee_aggressive_high_ask]
      R12  buy $ 21,788.88   sel     $28,000.00   [strat=chatterjee_aggressive_high_ask]
      R13  buy $ 20,138.73   sel     $28,000.00   [strat=chatterjee_aggressive_high_ask]
      R14  buy $ 27,902.20   sel     $27,950.00   [strat=chatterjee_aggressive_high_ask]
      R15  buy $ 22,321.55   sel     $27,900.00   [strat=chatterjee_aggressive_high_ask]
      R16  buy $ 16,393.72   sel     $27,850.00   [strat=chatterjee_aggressive_high_ask]
   run 27 done in 6.2 min

   run 28/30 on 2022 Toyota RAV4 XLE AWD  seed=20663447
      R 1  buy $ 20,430.02   sel     $31,500.00   [strat=chatterjee_aggressive_high_ask] *
      R 2  buy $  2,036.33   sel     $31,500.00   [strat=chatterjee_aggressive_high_ask]
      R 3  buy $  8,844.19   sel     $31,000.00   [strat=chatterjee_aggressive_high_ask]
      R 4  buy $ 12,227.08   sel     $30,500.00   [strat=chatterjee_aggressive_high_ask]
      R 5  buy $    377.76   sel     $30,000.00   [strat=chatterjee_aggressive_high_ask]
      R 6  buy $ 21,139.35   sel     $29,000.00   [strat=chatterjee_aggressive_high_ask]
      R 7  buy $  1,351.15   sel     $29,000.00   [strat=chatterjee_aggressive_high_ask]
      R 8  buy $ 11,078.07   sel     $29,000.00   [strat=chatterjee_aggressive_high_ask]
      R 9  buy $  3,796.53   sel     $29,000.00   [strat=chatterjee_aggressive_high_ask]
      R10  buy $ 16,338.17   sel     $28,500.00   [strat=chatterjee_aggressive_high_ask]
      R11  buy $  1,704.90   sel     $28,500.00   [strat=chatterjee_aggressive_high_ask]
      R12  buy $ 11,749.39   sel     $28,500.00   [strat=chatterjee_aggressive_high_ask]
      R13  buy $ 13,473.74   sel     $28,500.00   [strat=chatterjee_aggressive_high_ask]
      R14  buy $  2,272.54   sel     $27,500.00   [strat=chatterjee_aggressive_high_ask]
      R15  buy $ 18,497.93   sel     $27,000.00   [strat=chatterjee_aggressive_high_ask]
      R16  buy $ 11,361.70   sel     $28,500.00   [strat=chatterjee_aggressive_high_ask]
   run 28 done in 5.8 min

   run 29/30 on 2022 Toyota RAV4 XLE AWD  seed=20663448
      R 1  buy $  6,359.50   sel     $31,500.00   [strat=chatterjee_aggressive_high_ask] *
      R 2  buy $ 18,706.69   sel     $30,500.00   [strat=chatterjee_aggressive_high_ask]
      R 3  buy $ 17,872.65   sel     $30,000.00   [strat=chatterjee_aggressive_high_ask]
      R 4  buy $ 23,892.17   sel     $29,500.00   [strat=chatterjee_aggressive_high_ask]
      R 5  buy $  6,612.71   sel     $29,500.00   [strat=chatterjee_aggressive_high_ask]
      R 6  buy $  2,977.31   sel     $30,000.00   [strat=chatterjee_aggressive_high_ask]
      R 7  buy $ 16,923.09   sel     $31,500.00   [strat=chatterjee_aggressive_high_ask]
      R 8  buy $ 15,347.73   sel     $31,500.00   [strat=chatterjee_aggressive_high_ask]
      R 9  buy $  5,718.76   sel     $31,500.00   [strat=chatterjee_aggressive_high_ask]
      R10  buy $ 12,653.75   sel     $31,500.00   [strat=chatterjee_aggressive_high_ask]
      R11  buy $ 14,193.71   sel     $31,000.00   [strat=chatterjee_aggressive_high_ask]
      R12  buy $ 24,878.40   sel     $30,500.00   [strat=chatterjee_aggressive_high_ask]
      R13  buy $ 23,791.41   sel     $30,500.00   [strat=chatterjee_aggressive_high_ask]
      R14  buy $ 16,957.64   sel     $31,500.00   [strat=chatterjee_aggressive_high_ask]
      R15  buy $ 10,100.87   sel     $31,500.00   [strat=chatterjee_aggressive_high_ask]
      R16  buy $  1,972.30   sel     $31,500.00   [strat=chatterjee_aggressive_high_ask]
   run 29 done in 5.8 min

   run 30/30 on 2022 Toyota RAV4 XLE AWD  seed=20663449
      R 1  buy $ 19,176.55   sel     $29,995.00   [strat=chatterjee_aggressive_high_ask] *
      R 2  buy $  6,884.34   sel     $29,850.00   [strat=chatterjee_aggressive_high_ask]
      R 3  buy $ 26,567.58   sel     $29,500.00   [strat=chatterjee_aggressive_high_ask]
      R 4  buy $ 14,362.15   sel     $29,400.00   [strat=chatterjee_aggressive_high_ask]
      R 5  buy $ 18,732.81   sel     $29,300.00   [strat=chatterjee_aggressive_high_ask]
      R 6  buy $ 27,470.66   sel     $29,200.00   [strat=chatterjee_aggressive_high_ask]
      R 7  buy $  3,514.57   sel     $29,100.00   [strat=chatterjee_aggressive_high_ask]
      R 8  buy $ 26,946.74   sel     $28,900.00   [strat=chatterjee_aggressive_high_ask]
      R 9  buy $ 13,119.75   sel     $28,800.00   [strat=chatterjee_aggressive_high_ask]
      R10  buy $ 26,420.62   sel     $28,700.00   [strat=chatterjee_aggressive_high_ask]
      R11  buy $ 22,043.74   sel     $28,600.00   [strat=chatterjee_aggressive_high_ask]
      R12  buy $ 22,486.46   sel     $28,800.00   [strat=chatterjee_aggressive_high_ask]
      R13  buy $  7,856.85   sel     $28,900.00   [strat=chatterjee_aggressive_high_ask]
      R14  buy $ 14,884.65   sel     $28,900.00   [strat=chatterjee_aggressive_high_ask]
      R15  buy $ 25,006.31   sel     $28,900.00   [strat=chatterjee_aggressive_high_ask]
      R16  buy $  5,724.86   sel     $28,900.00   [strat=chatterjee_aggressive_high_ask]
   run 30 done in 7.0 min

   ---> checkpoint: car 4/5 done in 169.8 min; total so far 790.1 min; saved 120 runs to exp04_fixed_chatterjee_aggressive_high_ask.json

--- CAR 5/5: 2023 Ford Mustang GT Premium  (M=$45,000.00  cost=$36,000.00  cost/M=80.00%) ---

   run 1/30 on 2023 Ford Mustang GT Premium  seed=20664420
      R 1  buy $  1,723.20   sel     $45,000.00   [strat=chatterjee_aggressive_high_ask] *
      R 2  buy $  3,440.59   sel     $44,500.00   [strat=chatterjee_aggressive_high_ask]
      R 3  buy $ 14,403.65   sel     $44,000.00   [strat=chatterjee_aggressive_high_ask]
      R 4  buy $  1,122.31   sel     $44,000.00   [strat=chatterjee_aggressive_high_ask]
      R 5  buy $  5,282.01   sel     $44,000.00   [strat=chatterjee_aggressive_high_ask]
      R 6  buy $ 24,364.63   sel     $43,500.00   [strat=chatterjee_aggressive_high_ask]
      R 7  buy $ 16,082.64   sel     $43,500.00   [strat=chatterjee_aggressive_high_ask]
      R 8  buy $ 21,372.11   sel     $43,000.00   [strat=chatterjee_aggressive_high_ask]
      R 9  buy $ 41,600.80   sel     $43,000.00   [strat=chatterjee_aggressive_high_ask]
      R10  buy $ 15,008.48   sel     $43,000.00   [strat=chatterjee_aggressive_high_ask]
      R11  buy $ 25,881.09   sel     $43,000.00   [strat=chatterjee_aggressive_high_ask]
      R12  buy $ 29,036.56   sel     $43,000.00   [strat=chatterjee_aggressive_high_ask]
      R13  buy $ 39,726.99   sel     $42,500.00   [strat=chatterjee_aggressive_high_ask]
      R14  buy $  9,988.42   sel     $42,500.00   [strat=chatterjee_aggressive_high_ask]
      R15  buy $ 14,428.88   sel     $42,500.00   [strat=chatterjee_aggressive_high_ask]
      R16  buy $ 29,033.19   sel     $42,500.00   [strat=chatterjee_aggressive_high_ask]
   run 1 done in 5.3 min

   run 2/30 on 2023 Ford Mustang GT Premium  seed=20664421
      R 1  buy $ 34,956.93   sel     $44,500.00   [strat=chatterjee_aggressive_high_ask] *
      R 2  buy $  9,986.28   sel     $44,000.00   [strat=chatterjee_aggressive_high_ask]
      R 3  buy $ 16,487.27   sel     $43,500.00   [strat=chatterjee_aggressive_high_ask]
      R 4  buy $ 13,709.37   sel     $43,000.00   [strat=chatterjee_aggressive_high_ask]
      R 5  buy $ 15,535.30   sel     $43,000.00   [strat=chatterjee_aggressive_high_ask]
      R 6  buy $ 21,104.88   sel     $42,500.00   [strat=chatterjee_aggressive_high_ask]
      R 7  buy $ 35,153.53   sel     $42,000.00   [strat=chatterjee_aggressive_high_ask]
      R 8  buy $ 25,850.14   sel     $41,500.00   [strat=chatterjee_aggressive_high_ask]
      R 9  buy $  1,266.50   sel     $42,500.00   [strat=chatterjee_aggressive_high_ask]
      R10  buy $ 28,993.36   sel     $43,000.00   [strat=chatterjee_aggressive_high_ask]
      R11  buy $ 22,526.33   sel     $44,500.00   [strat=chatterjee_aggressive_high_ask]
      R12  buy $ 27,841.59   sel     $44,000.00   [strat=chatterjee_aggressive_high_ask]
      R13  buy $ 20,783.44   sel     $44,500.00   [strat=chatterjee_aggressive_high_ask]
      R14  buy $ 14,399.80   sel     $44,500.00   [strat=chatterjee_aggressive_high_ask]
      R15  buy $  3,864.78   sel     $44,500.00   [strat=chatterjee_aggressive_high_ask]
      R16  buy $ 19,282.24   sel     $44,500.00   [strat=chatterjee_aggressive_high_ask]
   run 2 done in 7.4 min

   run 3/30 on 2023 Ford Mustang GT Premium  seed=20664422
      R 1  buy $ 43,032.06   sel     $48,500.00   [strat=chatterjee_aggressive_high_ask] *
      R 2  buy $ 39,787.41   sel     $47,500.00   [strat=chatterjee_aggressive_high_ask]
      R 3  buy $ 40,687.16   sel     $46,500.00   [strat=chatterjee_aggressive_high_ask]
      R 4  buy $ 44,504.67   sel     $46,000.00   [strat=chatterjee_aggressive_high_ask]
      R 5  buy $  1,295.45   sel     $46,000.00   [strat=chatterjee_aggressive_high_ask]
      R 6  buy $ 22,117.32   sel     $45,500.00   [strat=chatterjee_aggressive_high_ask]
      R 7  buy $ 17,954.97   sel     $45,000.00   [strat=chatterjee_aggressive_high_ask]
      R 8  buy $ 26,099.63   sel     $45,500.00   [strat=chatterjee_aggressive_high_ask]
      R 9  buy $  9,621.48   sel     $45,500.00   [strat=chatterjee_aggressive_high_ask]
      R10  buy $ 26,522.26   sel     $46,000.00   [strat=chatterjee_aggressive_high_ask]
      R11  buy $ 43,275.18   sel     $45,000.00   [strat=chatterjee_aggressive_high_ask]
      R12  buy $  7,181.00   sel     $46,000.00   [strat=chatterjee_aggressive_high_ask]
      R13  buy $ 26,035.19   sel     $45,500.00   [strat=chatterjee_aggressive_high_ask]
      R14  buy $ 11,339.33   sel     $46,000.00   [strat=chatterjee_aggressive_high_ask]
      R15  buy $  7,101.87   sel     $46,500.00   [strat=chatterjee_aggressive_high_ask]
      R16  buy $ 42,104.82   sel     $46,000.00   [strat=chatterjee_aggressive_high_ask]
   run 3 done in 6.4 min

   run 4/30 on 2023 Ford Mustang GT Premium  seed=20664423
      R 1  buy $ 13,781.97   sel     $44,500.00   [strat=chatterjee_aggressive_high_ask] *
      R 2  buy $ 27,491.53   sel     $44,500.00   [strat=chatterjee_aggressive_high_ask]
      R 3  buy $ 44,195.81   sel     $44,500.00   [strat=chatterjee_aggressive_high_ask]
      R 4  buy $ 17,022.20   sel     $44,500.00   [strat=chatterjee_aggressive_high_ask]
      R 5  buy $ 33,495.08   sel     $44,500.00   [strat=chatterjee_aggressive_high_ask]
      R 6  buy $ 19,094.49   sel     $44,500.00   [strat=chatterjee_aggressive_high_ask]
      R 7  buy $ 34,556.30   sel     $44,250.00   [strat=chatterjee_aggressive_high_ask]
      R 8  buy $ 25,008.66   sel     $44,250.00   [strat=chatterjee_aggressive_high_ask]
      R 9  buy $  8,596.28   sel     $44,500.00   [strat=chatterjee_aggressive_high_ask]
      R10  buy $ 42,430.23   sel     $44,000.00   [strat=chatterjee_aggressive_high_ask]
      R11  buy $ 25,177.07   sel     $44,500.00   [strat=chatterjee_aggressive_high_ask]
      R12  buy $  2,197.02   sel     $44,500.00   [strat=chatterjee_aggressive_high_ask]
      R13  buy $ 15,615.22   sel     $44,500.00   [strat=chatterjee_aggressive_high_ask]
      R14  buy $ 25,119.76   sel     $44,500.00   [strat=chatterjee_aggressive_high_ask]
      R15  buy $  1,727.87   sel     $44,500.00   [strat=chatterjee_aggressive_high_ask]
      R16  buy $ 25,816.38   sel     $44,500.00   [strat=chatterjee_aggressive_high_ask]
   run 4 done in 5.5 min

   run 5/30 on 2023 Ford Mustang GT Premium  seed=20664424
      R 1  buy $ 14,507.69   sel     $48,500.00   [strat=chatterjee_aggressive_high_ask] *
      R 2  buy $ 36,653.60   sel     $44,000.00   [strat=chatterjee_aggressive_high_ask]
      R 3  buy $ 42,291.08   sel     $43,500.00   [strat=chatterjee_aggressive_high_ask]
      R 4  buy $ 36,253.95   sel     $43,500.00   [strat=chatterjee_aggressive_high_ask]
      R 5  buy $ 25,010.70   sel     $43,500.00   [strat=chatterjee_aggressive_high_ask]
      R 6  buy $ 24,719.08   sel     $43,500.00   [strat=chatterjee_aggressive_high_ask]
      R 7  buy $ 33,355.03   sel     $43,500.00   [strat=chatterjee_aggressive_high_ask]
      R 8  buy $ 12,336.60   sel     $43,500.00   [strat=chatterjee_aggressive_high_ask]
      R 9  buy $  9,376.99   sel     $43,500.00   [strat=chatterjee_aggressive_high_ask]
      R10  buy $ 11,831.87   sel     $43,500.00   [strat=chatterjee_aggressive_high_ask]
      R11  buy $ 10,086.92   sel     $43,500.00   [strat=chatterjee_aggressive_high_ask]
      R12  buy $  3,251.72   sel     $43,500.00   [strat=chatterjee_aggressive_high_ask]
      R13  buy $ 26,002.21   sel     $43,500.00   [strat=chatterjee_aggressive_high_ask]
      R14  buy $ 41,370.73   sel     $43,000.00   [strat=chatterjee_aggressive_high_ask]
      R15  buy $ 34,840.26   sel     $42,500.00   [strat=chatterjee_aggressive_high_ask]
      R16  buy $ 36,533.67   sel     $42,000.00   [strat=chatterjee_aggressive_high_ask]
   run 5 done in 5.3 min

   run 6/30 on 2023 Ford Mustang GT Premium  seed=20664425
      R 1  buy $ 11,672.36   sel     $44,500.00   [strat=chatterjee_aggressive_high_ask] *
      R 2  buy $ 35,066.67   sel     $42,500.00   [strat=chatterjee_aggressive_high_ask]
      R 3  buy $  7,689.24   sel     $42,500.00   [strat=chatterjee_aggressive_high_ask]
      R 4  buy $ 23,014.57   sel     $42,500.00   [strat=chatterjee_aggressive_high_ask]
      R 5  buy $ 41,083.30   sel     $42,500.00   [strat=chatterjee_aggressive_high_ask]
      R 6  buy $ 11,651.99   sel     $42,500.00   [strat=chatterjee_aggressive_high_ask]
      R 7  buy $ 34,648.62   sel     $42,500.00   [strat=chatterjee_aggressive_high_ask]
      R 8  buy $ 42,238.12   sel     $42,500.00   [strat=chatterjee_aggressive_high_ask]
      R 9  buy $ 28,243.88   sel     $42,500.00   [strat=chatterjee_aggressive_high_ask]
      R10  buy $  7,580.60   sel     $42,500.00   [strat=chatterjee_aggressive_high_ask]
      R11  buy $ 13,554.01   sel     $42,500.00   [strat=chatterjee_aggressive_high_ask]
      R12  buy $ 35,695.17   sel     $42,500.00   [strat=chatterjee_aggressive_high_ask]
      R13  buy $ 11,878.69   sel     $42,500.00   [strat=chatterjee_aggressive_high_ask]
      R14  buy $ 33,059.44   sel     $42,500.00   [strat=chatterjee_aggressive_high_ask]
      R15  buy $ 21,909.73   sel     $42,500.00   [strat=chatterjee_aggressive_high_ask]
      R16  buy $  8,601.04   sel     $42,500.00   [strat=chatterjee_aggressive_high_ask]
   run 6 done in 5.5 min

   run 7/30 on 2023 Ford Mustang GT Premium  seed=20664426
      R 1  buy $ 39,083.26   sel     $48,500.00   [strat=chatterjee_aggressive_high_ask] *
      R 2  buy $  2,833.71   sel     $48,500.00   [strat=chatterjee_aggressive_high_ask]
      R 3  buy $ 37,830.27   sel     $47,500.00   [strat=chatterjee_aggressive_high_ask]
      R 4  buy $ 20,841.82   sel     $47,500.00   [strat=chatterjee_aggressive_high_ask]
      R 5  buy $ 35,417.16   sel     $47,000.00   [strat=chatterjee_aggressive_high_ask]
      R 6  buy $ 11,651.70   sel     $47,500.00   [strat=chatterjee_aggressive_high_ask]
      R 7  buy $ 38,154.48   sel     $47,250.00   [strat=chatterjee_aggressive_high_ask]
      R 8  buy $ 36,124.76   sel     $47,000.00   [strat=chatterjee_aggressive_high_ask]
      R 9  buy $    890.69   sel     $47,250.00   [strat=chatterjee_aggressive_high_ask]
      R10  buy $ 19,899.29   sel     $47,000.00   [strat=chatterjee_aggressive_high_ask]
      R11  buy $ 28,223.13   sel     $46,500.00   [strat=chatterjee_aggressive_high_ask]
      R12  buy $  3,852.44   sel     $47,000.00   [strat=chatterjee_aggressive_high_ask]
      R13  buy $ 12,058.57   sel     $47,500.00   [strat=chatterjee_aggressive_high_ask]
      R14  buy $ 39,288.79   sel     $46,500.00   [strat=chatterjee_aggressive_high_ask]
      R15  buy $ 19,328.32   sel     $46,000.00   [strat=chatterjee_aggressive_high_ask]
      R16  buy $ 28,375.77   sel     $47,000.00   [strat=chatterjee_aggressive_high_ask]
   run 7 done in 7.4 min

   run 8/30 on 2023 Ford Mustang GT Premium  seed=20664427
      R 1  buy $ 42,585.81   sel     $44,500.00   [strat=chatterjee_aggressive_high_ask] *
      R 2  buy $ 11,165.18   sel     $44,000.00   [strat=chatterjee_aggressive_high_ask]
      R 3  buy $ 35,707.85   sel     $43,500.00   [strat=chatterjee_aggressive_high_ask]
      R 4  buy $ 31,075.82   sel     $43,250.00   [strat=chatterjee_aggressive_high_ask]
      R 5  buy $ 40,504.83   sel     $43,000.00   [strat=chatterjee_aggressive_high_ask]
      R 6  buy $ 29,007.56   sel     $43,000.00   [strat=chatterjee_aggressive_high_ask]
      R 7  buy $ 26,958.66   sel     $43,500.00   [strat=chatterjee_aggressive_high_ask]
      R 8  buy $ 42,925.42   sel     $43,450.00   [strat=chatterjee_aggressive_high_ask]
      R 9  buy $  9,126.90   sel     $43,500.00   [strat=chatterjee_aggressive_high_ask]
      R10  buy $  2,412.43   sel     $43,500.00   [strat=chatterjee_aggressive_high_ask]
      R11  buy $ 23,736.05   sel     $43,400.00   [strat=chatterjee_aggressive_high_ask]
      R12  buy $ 34,921.47   sel     $43,500.00   [strat=chatterjee_aggressive_high_ask]
      R13  buy $ 40,527.98   sel     $43,400.00   [strat=chatterjee_aggressive_high_ask]
      R14  buy $ 23,951.85   sel     $43,500.00   [strat=chatterjee_aggressive_high_ask]
      R15  buy $ 24,140.52   sel     $43,500.00   [strat=chatterjee_aggressive_high_ask]
      R16  buy $ 35,963.41   sel     $43,500.00   [strat=chatterjee_aggressive_high_ask]
   run 8 done in 6.1 min

   run 9/30 on 2023 Ford Mustang GT Premium  seed=20664428
      R 1  buy $  6,206.77   sel     $48,500.00   [strat=chatterjee_aggressive_high_ask] *
      R 2  buy $  1,944.80   sel     $48,500.00   [strat=chatterjee_aggressive_high_ask]
      R 3  buy $ 27,811.18   sel     $47,500.00   [strat=chatterjee_aggressive_high_ask]
      R 4  buy $ 26,263.89   sel     $47,500.00   [strat=chatterjee_aggressive_high_ask]
      R 5  buy $ 25,003.07   sel     $47,500.00   [strat=chatterjee_aggressive_high_ask]
      R 6  buy $ 39,781.20   sel     $46,500.00   [strat=chatterjee_aggressive_high_ask]
      R 7  buy $ 14,289.24   sel     $47,500.00   [strat=chatterjee_aggressive_high_ask]
      R 8  buy $ 24,620.51   sel     $47,500.00   [strat=chatterjee_aggressive_high_ask]
      R 9  buy $ 25,936.91   sel     $47,500.00   [strat=chatterjee_aggressive_high_ask]
      R10  buy $  5,052.85   sel     $47,500.00   [strat=chatterjee_aggressive_high_ask]
      R11  buy $  5,955.57   sel     $47,000.00   [strat=chatterjee_aggressive_high_ask]
      R12  buy $  3,169.98   sel     $47,000.00   [strat=chatterjee_aggressive_high_ask]
      R13  buy $  9,256.18   sel     $47,000.00   [strat=chatterjee_aggressive_high_ask]
      R14  buy $  2,754.71   sel     $47,000.00   [strat=chatterjee_aggressive_high_ask]
      R15  buy $ 24,332.63   sel     $47,000.00   [strat=chatterjee_aggressive_high_ask]
      R16  buy $ 35,445.75   sel     $46,500.00   [strat=chatterjee_aggressive_high_ask]
   run 9 done in 4.2 min

   run 10/30 on 2023 Ford Mustang GT Premium  seed=20664429
      R 1  buy $ 39,224.66   sel     $44,500.00   [strat=chatterjee_aggressive_high_ask] *
      R 2  buy $ 44,399.80   sel     $44,450.00   [strat=chatterjee_aggressive_high_ask]
      R 3  buy $ 36,364.19   sel     $44,400.00   [strat=chatterjee_aggressive_high_ask]
      R 4  buy $ 10,776.32   sel     $44,350.00   [strat=chatterjee_aggressive_high_ask]
      R 5  buy $  2,304.93   sel     $44,300.00   [strat=chatterjee_aggressive_high_ask]
      R 6  buy $ 19,251.33   sel     $44,400.00   [strat=chatterjee_aggressive_high_ask]
      R 7  buy $  1,697.19   sel     $44,300.00   [strat=chatterjee_aggressive_high_ask]
      R 8  buy $ 41,275.20   sel     $44,000.00   [strat=chatterjee_aggressive_high_ask]
      R 9  buy $ 22,334.52   sel     $44,400.00   [strat=chatterjee_aggressive_high_ask]
      R10  buy $ 34,811.41   sel     $44,200.00   [strat=chatterjee_aggressive_high_ask]
      R11  buy $ 13,430.85   sel     $44,100.00   [strat=chatterjee_aggressive_high_ask]
      R12  buy $ 12,078.63   sel     $44,400.00   [strat=chatterjee_aggressive_high_ask]
      R13  buy $ 13,708.33   sel     $44,300.00   [strat=chatterjee_aggressive_high_ask]
      R14  buy $ 34,339.04   sel     $44,200.00   [strat=chatterjee_aggressive_high_ask]
      R15  buy $ 40,284.68   sel     $44,000.00   [strat=chatterjee_aggressive_high_ask]
      R16  buy $ 34,190.27   sel     $44,400.00   [strat=chatterjee_aggressive_high_ask]
   run 10 done in 7.0 min

   run 11/30 on 2023 Ford Mustang GT Premium  seed=20664430
      R 1  buy $ 41,037.40   sel     $44,500.00   [strat=chatterjee_aggressive_high_ask] *
      R 2  buy $  7,143.39   sel     $44,500.00   [strat=chatterjee_aggressive_high_ask]
      R 3  buy $ 22,504.16   sel     $44,500.00   [strat=chatterjee_aggressive_high_ask]
      R 4  buy $ 31,768.92   sel     $44,500.00   [strat=chatterjee_aggressive_high_ask]
      R 5  buy $ 34,084.32   sel     $44,500.00   [strat=chatterjee_aggressive_high_ask]
      R 6  buy $  5,287.86   sel     $44,500.00   [strat=chatterjee_aggressive_high_ask]
      R 7  buy $  3,644.50   sel     $44,500.00   [strat=chatterjee_aggressive_high_ask]
      R 8  buy $ 25,154.01   sel     $44,500.00   [strat=chatterjee_aggressive_high_ask]
      R 9  buy $ 16,408.26   sel     $44,500.00   [strat=chatterjee_aggressive_high_ask]
      R10  buy $ 33,454.89   sel     $44,000.00   [strat=chatterjee_aggressive_high_ask]
      R11  buy $ 22,598.73   sel     $44,000.00   [strat=chatterjee_aggressive_high_ask]
      R12  buy $ 35,337.07   sel     $44,000.00   [strat=chatterjee_aggressive_high_ask]
      R13  buy $  6,229.18   sel     $44,500.00   [strat=chatterjee_aggressive_high_ask]
      R14  buy $ 42,001.76   sel     $43,900.00   [strat=chatterjee_aggressive_high_ask]
      R15  buy $  6,441.85   sel     $44,500.00   [strat=chatterjee_aggressive_high_ask]
      R16  buy $ 43,583.55   sel     $44,500.00   [strat=chatterjee_aggressive_high_ask]
   run 11 done in 7.1 min

   run 12/30 on 2023 Ford Mustang GT Premium  seed=20664431
      R 1  buy $ 28,789.14   sel     $44,500.00   [strat=chatterjee_aggressive_high_ask] *
      R 2  buy $ 12,191.14   sel     $44,500.00   [strat=chatterjee_aggressive_high_ask]
      R 3  buy $  6,975.95   sel     $44,500.00   [strat=chatterjee_aggressive_high_ask]
      R 4  buy $ 18,493.28   sel     $44,000.00   [strat=chatterjee_aggressive_high_ask]
      R 5  buy $  3,941.38   sel     $43,500.00   [strat=chatterjee_aggressive_high_ask]
      R 6  buy $    164.45   sel     $43,500.00   [strat=chatterjee_aggressive_high_ask]
      R 7  buy $ 32,024.23   sel     $42,500.00   [strat=chatterjee_aggressive_high_ask]
      R 8  buy $  7,736.61   sel     $42,000.00   [strat=chatterjee_aggressive_high_ask]
      R 9  buy $ 37,203.95   sel     $41,500.00   [strat=chatterjee_aggressive_high_ask]
      R10  buy $ 10,430.49   sel     $41,900.00   [strat=chatterjee_aggressive_high_ask]
      R11  buy $ 10,663.46   sel     $41,900.00   [strat=chatterjee_aggressive_high_ask]
      R12  buy $ 41,386.48   sel     $41,800.00   [strat=chatterjee_aggressive_high_ask]
      R13  buy $ 23,249.76   sel     $41,700.00   [strat=chatterjee_aggressive_high_ask]
      R14  buy $    399.99   sel     $42,000.00   [strat=chatterjee_aggressive_high_ask]
      R15  buy $  7,116.11   sel     $42,500.00   [strat=chatterjee_aggressive_high_ask]
      R16  buy $ 23,061.54   sel     $42,000.00   [strat=chatterjee_aggressive_high_ask]
   run 12 done in 5.1 min

   run 13/30 on 2023 Ford Mustang GT Premium  seed=20664432
      R 1  buy $ 22,201.70   sel     $44,500.00   [strat=chatterjee_aggressive_high_ask] *
      R 2  buy $ 16,672.57   sel     $44,500.00   [strat=chatterjee_aggressive_high_ask]
      R 3  buy $  2,522.41   sel     $44,000.00   [strat=chatterjee_aggressive_high_ask]
      R 4  buy $ 29,872.05   sel     $43,500.00   [strat=chatterjee_aggressive_high_ask]
      R 5  buy $ 36,467.44   sel     $42,500.00   [strat=chatterjee_aggressive_high_ask]
      R 6  buy $  2,136.98   sel     $42,500.00   [strat=chatterjee_aggressive_high_ask]
      R 7  buy $  8,188.10   sel     $42,000.00   [strat=chatterjee_aggressive_high_ask]
      R 8  buy $ 17,180.70   sel     $42,000.00   [strat=chatterjee_aggressive_high_ask]
      R 9  buy $ 10,905.77   sel     $42,500.00   [strat=chatterjee_aggressive_high_ask]
      R10  buy $  7,343.61   sel     $42,000.00   [strat=chatterjee_aggressive_high_ask]
      R11  buy $  9,085.76   sel     $42,500.00   [strat=chatterjee_aggressive_high_ask]
      R12  buy $ 33,760.41   sel     $42,500.00   [strat=chatterjee_aggressive_high_ask]
      R13  buy $  5,723.85   sel     $42,500.00   [strat=chatterjee_aggressive_high_ask]
      R14  buy $  3,565.90   sel     $42,500.00   [strat=chatterjee_aggressive_high_ask]
      R15  buy $ 15,753.27   sel     $42,500.00   [strat=chatterjee_aggressive_high_ask]
      R16  buy $ 24,009.10   sel     $42,500.00   [strat=chatterjee_aggressive_high_ask]
   run 13 done in 5.3 min

   run 14/30 on 2023 Ford Mustang GT Premium  seed=20664433
      R 1  buy $ 43,434.63   sel     $48,500.00   [strat=chatterjee_aggressive_high_ask] *
      R 2  buy $ 42,458.31   sel     $48,000.00   [strat=chatterjee_aggressive_high_ask]
      R 3  buy $ 20,824.12   sel     $48,000.00   [strat=chatterjee_aggressive_high_ask]
      R 4  buy $ 18,443.39   sel     $47,500.00   [strat=chatterjee_aggressive_high_ask]
      R 5  buy $ 15,044.48   sel     $47,750.00   [strat=chatterjee_aggressive_high_ask]
      R 6  buy $ 26,946.83   sel     $47,900.00   [strat=chatterjee_aggressive_high_ask]
      R 7  buy $ 40,686.58   sel     $47,500.00   [strat=chatterjee_aggressive_high_ask]
      R 8  buy $ 29,964.99   sel     $47,750.00   [strat=chatterjee_aggressive_high_ask]
      R 9  buy $ 32,539.53   sel     $47,750.00   [strat=chatterjee_aggressive_high_ask]
      R10  buy $ 41,661.97   sel     $47,750.00   [strat=chatterjee_aggressive_high_ask]
      R11  buy $ 12,147.91   sel     $47,900.00   [strat=chatterjee_aggressive_high_ask]
      R12  buy $ 11,658.10   sel     $48,000.00   [strat=chatterjee_aggressive_high_ask]
      R13  buy $ 13,757.95   sel     $48,000.00   [strat=chatterjee_aggressive_high_ask]
      R14  buy $ 18,290.55   sel     $48,500.00   [strat=chatterjee_aggressive_high_ask]
      R15  buy $ 38,934.47   sel     $48,750.00   [strat=chatterjee_aggressive_high_ask]
      R16  buy $  1,418.55   sel     $49,000.00   [strat=chatterjee_aggressive_high_ask]
   run 14 done in 7.2 min

   run 15/30 on 2023 Ford Mustang GT Premium  seed=20664434
      R 1  buy $ 14,389.93   sel     $48,995.00   [strat=chatterjee_aggressive_high_ask] *
      R 2  buy $ 44,064.71   sel     $48,500.00   [strat=chatterjee_aggressive_high_ask]
      R 3  buy $  5,128.67   sel     $48,500.00   [strat=chatterjee_aggressive_high_ask]
      R 4  buy $ 23,628.22   sel     $48,500.00   [strat=chatterjee_aggressive_high_ask]
      R 5  buy $ 10,614.58   sel     $48,000.00   [strat=chatterjee_aggressive_high_ask]
      R 6  buy $ 34,523.23   sel     $47,500.00   [strat=chatterjee_aggressive_high_ask]
      R 7  buy $  1,763.71   sel     $47,500.00   [strat=chatterjee_aggressive_high_ask]
      R 8  buy $ 20,044.46   sel     $47,000.00   [strat=chatterjee_aggressive_high_ask]
      R 9  buy $ 31,187.58   sel     $46,500.00   [strat=chatterjee_aggressive_high_ask]
      R10  buy $  5,804.61   sel     $47,500.00   [strat=chatterjee_aggressive_high_ask]
      R11  buy $  4,110.29   sel     $47,500.00   [strat=chatterjee_aggressive_high_ask]
      R12  buy $ 44,574.40   sel     $46,500.00   [strat=chatterjee_aggressive_high_ask]
      R13  buy $  8,342.46   sel     $47,500.00   [strat=chatterjee_aggressive_high_ask]
      R14  buy $ 29,905.39   sel     $46,500.00   [strat=chatterjee_aggressive_high_ask]
      R15  buy $ 34,173.26   sel     $46,500.00   [strat=chatterjee_aggressive_high_ask]
      R16  buy $ 13,997.92   sel     $47,500.00   [strat=chatterjee_aggressive_high_ask]
   run 15 done in 5.9 min

   run 16/30 on 2023 Ford Mustang GT Premium  seed=20664435
      R 1  buy $ 24,020.76   sel     $44,500.00   [strat=chatterjee_aggressive_high_ask] *
      R 2  buy $ 17,448.16   sel     $44,000.00   [strat=chatterjee_aggressive_high_ask]
      R 3  buy $ 30,017.59   sel     $43,500.00   [strat=chatterjee_aggressive_high_ask]
      R 4  buy $  8,879.54   sel     $43,500.00   [strat=chatterjee_aggressive_high_ask]
      R 5  buy $ 18,585.99   sel     $42,500.00   [strat=chatterjee_aggressive_high_ask]
      R 6  buy $ 23,552.52   sel     $42,500.00   [strat=chatterjee_aggressive_high_ask]
      R 7  buy $  3,447.80   sel     $42,000.00   [strat=chatterjee_aggressive_high_ask]
      R 8  buy $ 34,673.16   sel     $41,500.00   [strat=chatterjee_aggressive_high_ask]
      R 9  buy $ 12,652.86   sel     $41,500.00   [strat=chatterjee_aggressive_high_ask]
      R10  buy $ 13,296.22   sel     $41,500.00   [strat=chatterjee_aggressive_high_ask]
      R11  buy $ 12,156.17   sel     $41,500.00   [strat=chatterjee_aggressive_high_ask]
      R12  buy $  4,523.86   sel     $41,500.00   [strat=chatterjee_aggressive_high_ask]
      R13  buy $ 13,416.62   sel     $41,500.00   [strat=chatterjee_aggressive_high_ask]
      R14  buy $ 10,952.73   sel     $42,000.00   [strat=chatterjee_aggressive_high_ask]
      R15  buy $ 10,632.18   sel     $42,000.00   [strat=chatterjee_aggressive_high_ask]
      R16  buy $  7,462.51   sel     $43,000.00   [strat=chatterjee_aggressive_high_ask]
   run 16 done in 5.2 min

   run 17/30 on 2023 Ford Mustang GT Premium  seed=20664436
      R 1  buy $  2,183.43   sel     $48,000.00   [strat=chatterjee_aggressive_high_ask] *
      R 2  buy $ 40,651.75   sel     $47,500.00   [strat=chatterjee_aggressive_high_ask]
      R 3  buy $  7,800.64   sel     $47,000.00   [strat=chatterjee_aggressive_high_ask]
      R 4  buy $ 22,110.48   sel     $46,500.00   [strat=chatterjee_aggressive_high_ask]
      R 5  buy $  4,934.10   sel     $46,000.00   [strat=chatterjee_aggressive_high_ask]
      R 6  buy $ 14,487.89   sel     $46,000.00   [strat=chatterjee_aggressive_high_ask]
      R 7  buy $  3,681.02   sel     $46,000.00   [strat=chatterjee_aggressive_high_ask]
      R 8  buy $ 32,606.69   sel     $45,000.00   [strat=chatterjee_aggressive_high_ask]
      R 9  buy $ 38,215.94   sel     $44,500.00   [strat=chatterjee_aggressive_high_ask]
      R10  buy $ 24,117.09   sel     $44,500.00   [strat=chatterjee_aggressive_high_ask]
      R11  buy $ 16,534.67   sel     $44,000.00   [strat=chatterjee_aggressive_high_ask]
      R12  buy $ 13,208.91   sel     $44,500.00   [strat=chatterjee_aggressive_high_ask]
      R13  buy $  9,729.12   sel     $44,500.00   [strat=chatterjee_aggressive_high_ask]
      R14  buy $ 10,875.11   sel     $44,500.00   [strat=chatterjee_aggressive_high_ask]
      R15  buy $ 21,722.08   sel     $44,500.00   [strat=chatterjee_aggressive_high_ask]
      R16  buy $ 24,061.15   sel     $44,500.00   [strat=chatterjee_aggressive_high_ask]
   run 17 done in 5.7 min

   run 18/30 on 2023 Ford Mustang GT Premium  seed=20664437
      R 1  buy $ 24,937.38   sel     $44,500.00   [strat=chatterjee_aggressive_high_ask] *
      R 2  buy $  4,006.42   sel     $44,000.00   [strat=chatterjee_aggressive_high_ask]
      R 3  buy $ 41,500.66   sel     $43,800.00   [strat=chatterjee_aggressive_high_ask]
      R 4  buy $  5,773.76   sel     $43,500.00   [strat=chatterjee_aggressive_high_ask]
      R 5  buy $  9,670.97   sel     $43,500.00   [strat=chatterjee_aggressive_high_ask]
      R 6  buy $ 36,107.36   sel     $43,000.00   [strat=chatterjee_aggressive_high_ask]
      R 7  buy $ 18,166.04   sel     $42,800.00   [strat=chatterjee_aggressive_high_ask]
      R 8  buy $ 41,140.88   sel     $42,500.00   [strat=chatterjee_aggressive_high_ask]
      R 9  buy $ 12,016.45   sel     $42,500.00   [strat=chatterjee_aggressive_high_ask]
      R10  buy $  9,023.43   sel     $42,300.00   [strat=chatterjee_aggressive_high_ask]
      R11  buy $ 32,305.23   sel     $42,000.00   [strat=chatterjee_aggressive_high_ask]
      R12  buy $ 12,046.04   sel     $42,200.00   [strat=chatterjee_aggressive_high_ask]
      R13  buy $ 21,016.74   sel     $42,000.00   [strat=chatterjee_aggressive_high_ask]
      R14  buy $ 38,262.00   sel     $41,800.00   [strat=chatterjee_aggressive_high_ask]
      R15  buy $ 40,275.56   sel     $41,700.00   [strat=chatterjee_aggressive_high_ask]
      R16  buy $ 23,488.69   sel     $41,700.00   [strat=chatterjee_aggressive_high_ask]
   run 18 done in 5.8 min

   run 19/30 on 2023 Ford Mustang GT Premium  seed=20664438
      R 1  buy $ 19,188.67   sel     $44,500.00   [strat=chatterjee_aggressive_high_ask] *
      R 2  buy $ 18,596.91   sel     $44,500.00   [strat=chatterjee_aggressive_high_ask]
      R 3  buy $ 24,263.35   sel     $44,000.00   [strat=chatterjee_aggressive_high_ask]
      R 4  buy $ 26,073.35   sel     $43,500.00   [strat=chatterjee_aggressive_high_ask]
      R 5  buy $ 34,799.51   sel     $43,000.00   [strat=chatterjee_aggressive_high_ask]
      R 6  buy $ 27,189.69   sel     $42,500.00   [strat=chatterjee_aggressive_high_ask]
      R 7  buy $ 21,747.11   sel     $43,000.00   [strat=chatterjee_aggressive_high_ask]
      R 8  buy $ 13,815.89   sel     $42,500.00   [strat=chatterjee_aggressive_high_ask]
      R 9  buy $  4,962.31   sel     $42,500.00   [strat=chatterjee_aggressive_high_ask]
      R10  buy $ 23,824.81   sel     $42,000.00   [strat=chatterjee_aggressive_high_ask]
      R11  buy $ 41,273.43   sel     $41,900.00   [strat=chatterjee_aggressive_high_ask]
      R12  buy $ 25,522.56   sel     $42,000.00   [strat=chatterjee_aggressive_high_ask]
      R13  buy $ 18,386.74   sel     $42,500.00   [strat=chatterjee_aggressive_high_ask]
      R14  buy $    916.35   sel     $43,000.00   [strat=chatterjee_aggressive_high_ask]
      R15  buy $ 27,026.04   sel     $43,000.00   [strat=chatterjee_aggressive_high_ask]
      R16  buy $ 24,561.88   sel     $43,000.00   [strat=chatterjee_aggressive_high_ask]
   run 19 done in 6.1 min

   run 20/30 on 2023 Ford Mustang GT Premium  seed=20664439
      R 1  buy $ 35,841.34   sel     $44,995.00   [strat=chatterjee_aggressive_high_ask] *
      R 2  buy $ 31,856.02   sel     $44,995.00   [strat=chatterjee_aggressive_high_ask]
      R 3  buy $ 24,140.69   sel     $44,500.00   [strat=chatterjee_aggressive_high_ask]
      R 4  buy $ 16,378.50   sel     $44,000.00   [strat=chatterjee_aggressive_high_ask]
      R 5  buy $  8,812.50   sel     $43,500.00   [strat=chatterjee_aggressive_high_ask]
      R 6  buy $  2,652.12   sel     $43,000.00   [strat=chatterjee_aggressive_high_ask]
      R 7  buy $ 28,465.84   sel     $42,500.00   [strat=chatterjee_aggressive_high_ask]
      R 8  buy $  7,265.48   sel     $42,500.00   [strat=chatterjee_aggressive_high_ask]
      R 9  buy $ 42,257.26   sel     $42,400.00   [strat=chatterjee_aggressive_high_ask]
      R10  buy $ 13,040.41   sel     $44,995.00   [strat=chatterjee_aggressive_high_ask]
      R11  buy $  3,518.10   sel     $44,995.00   [strat=chatterjee_aggressive_high_ask]
      R12  buy $  3,689.92   sel     $44,995.00   [strat=chatterjee_aggressive_high_ask]
      R13  buy $ 18,587.80   sel     $44,995.00   [strat=chatterjee_aggressive_high_ask]
      R14  buy $ 34,111.56   sel     $44,995.00   [strat=chatterjee_aggressive_high_ask]
      R15  buy $ 14,515.39   sel     $44,995.00   [strat=chatterjee_aggressive_high_ask]
      R16  buy $ 38,325.59   sel     $44,500.00   [strat=chatterjee_aggressive_high_ask]
   run 20 done in 4.7 min

   run 21/30 on 2023 Ford Mustang GT Premium  seed=20664440
      R 1  buy $ 32,072.08   sel     $44,500.00   [strat=chatterjee_aggressive_high_ask] *
      R 2  buy $ 25,721.01   sel     $44,500.00   [strat=chatterjee_aggressive_high_ask]
      R 3  buy $ 37,129.61   sel     $42,500.00   [strat=chatterjee_aggressive_high_ask]
      R 4  buy $ 29,093.24   sel     $42,500.00   [strat=chatterjee_aggressive_high_ask]
      R 5  buy $  2,676.68   sel     $42,500.00   [strat=chatterjee_aggressive_high_ask]
      R 6  buy $ 33,832.84   sel     $42,000.00   [strat=chatterjee_aggressive_high_ask]
      R 7  buy $  8,063.13   sel     $41,500.00   [strat=chatterjee_aggressive_high_ask]
      R 8  buy $ 26,138.86   sel     $41,500.00   [strat=chatterjee_aggressive_high_ask]
      R 9  buy $ 41,115.47   sel     $41,450.00   [strat=chatterjee_aggressive_high_ask]
      R10  buy $ 34,412.19   sel     $41,450.00   [strat=chatterjee_aggressive_high_ask]
      R11  buy $ 31,772.51   sel     $41,450.00   [strat=chatterjee_aggressive_high_ask]
      R12  buy $ 34,479.28   sel     $41,400.00   [strat=chatterjee_aggressive_high_ask]
      R13  buy $ 23,237.07   sel     $41,350.00   [strat=chatterjee_aggressive_high_ask]
      R14  buy $ 15,832.95   sel     $42,000.00   [strat=chatterjee_aggressive_high_ask]
      R15  buy $  4,191.12   sel     $44,500.00   [strat=chatterjee_aggressive_high_ask]
      R16  buy $ 13,559.26   sel     $44,500.00   [strat=chatterjee_aggressive_high_ask]
   run 21 done in 5.9 min

   run 22/30 on 2023 Ford Mustang GT Premium  seed=20664441
      R 1  buy $ 13,756.47   sel     $48,995.00   [strat=chatterjee_aggressive_high_ask] *
      R 2  buy $  9,143.91   sel     $48,995.00   [strat=chatterjee_aggressive_high_ask]
      R 3  buy $ 34,103.92   sel     $47,995.00   [strat=chatterjee_aggressive_high_ask]
      R 4  buy $ 12,581.69   sel     $47,995.00   [strat=chatterjee_aggressive_high_ask]
      R 5  buy $ 41,317.37   sel     $47,500.00   [strat=chatterjee_aggressive_high_ask]
      R 6  buy $ 26,146.45   sel     $47,250.00   [strat=chatterjee_aggressive_high_ask]
      R 7  buy $     79.19   sel     $47,250.00   [strat=chatterjee_aggressive_high_ask]
      R 8  buy $ 44,284.45   sel     $47,000.00   [strat=chatterjee_aggressive_high_ask]
      R 9  buy $ 11,539.94   sel     $47,000.00   [strat=chatterjee_aggressive_high_ask]
      R10  buy $ 11,474.56   sel     $46,500.00   [strat=chatterjee_aggressive_high_ask]
      R11  buy $  8,226.01   sel     $46,500.00   [strat=chatterjee_aggressive_high_ask]
      R12  buy $ 38,585.43   sel     $46,000.00   [strat=chatterjee_aggressive_high_ask]
      R13  buy $ 26,058.78   sel     $45,800.00   [strat=chatterjee_aggressive_high_ask]
      R14  buy $ 44,443.48   sel     $45,500.00   [strat=chatterjee_aggressive_high_ask]
      R15  buy $ 26,231.31   sel     $45,500.00   [strat=chatterjee_aggressive_high_ask]
      R16  buy $ 12,856.13   sel     $45,500.00   [strat=chatterjee_aggressive_high_ask]
   run 22 done in 6.1 min

   run 23/30 on 2023 Ford Mustang GT Premium  seed=20664442
      R 1  buy $ 21,466.58   sel     $48,500.00   [strat=chatterjee_aggressive_high_ask] *
      R 2  buy $ 36,959.91   sel     $47,500.00   [strat=chatterjee_aggressive_high_ask]
      R 3  buy $ 42,076.72   sel     $46,500.00   [strat=chatterjee_aggressive_high_ask]
      R 4  buy $ 35,799.83   sel     $46,000.00   [strat=chatterjee_aggressive_high_ask]
      R 5  buy $ 16,977.30   sel     $45,500.00   [strat=chatterjee_aggressive_high_ask]
      R 6  buy $ 22,073.12   sel     $45,500.00   [strat=chatterjee_aggressive_high_ask]
      R 7  buy $  2,826.29   sel     $45,500.00   [strat=chatterjee_aggressive_high_ask]
      R 8  buy $ 14,417.72   sel     $45,500.00   [strat=chatterjee_aggressive_high_ask]
      R 9  buy $ 18,799.00   sel     $45,000.00   [strat=chatterjee_aggressive_high_ask]
      R10  buy $ 19,602.30   sel     $44,500.00   [strat=chatterjee_aggressive_high_ask]
      R11  buy $ 43,848.09   sel     $44,500.00   [strat=chatterjee_aggressive_high_ask]
      R12  buy $ 14,858.58   sel     $44,400.00   [strat=chatterjee_aggressive_high_ask]
      R13  buy $ 36,341.01   sel     $44,400.00   [strat=chatterjee_aggressive_high_ask]
      R14  buy $ 38,308.03   sel     $44,000.00   [strat=chatterjee_aggressive_high_ask]
      R15  buy $ 17,644.16   sel     $43,500.00   [strat=chatterjee_aggressive_high_ask]
      R16  buy $ 22,323.47   sel     $44,000.00   [strat=chatterjee_aggressive_high_ask]
   run 23 done in 6.7 min

   run 24/30 on 2023 Ford Mustang GT Premium  seed=20664443
      R 1  buy $ 32,281.47   sel     $44,500.00   [strat=chatterjee_aggressive_high_ask] *
      R 2  buy $ 33,257.46   sel     $44,000.00   [strat=chatterjee_aggressive_high_ask]
      R 3  buy $  2,821.29   sel     $43,500.00   [strat=chatterjee_aggressive_high_ask]
      R 4  buy $ 30,762.77   sel     $43,000.00   [strat=chatterjee_aggressive_high_ask]
      R 5  buy $  5,545.13   sel     $42,500.00   [strat=chatterjee_aggressive_high_ask]
      R 6  buy $ 27,590.17   sel     $42,000.00   [strat=chatterjee_aggressive_high_ask]
      R 7  buy $  5,945.04   sel     $42,500.00   [strat=chatterjee_aggressive_high_ask]
      R 8  buy $ 41,679.62   sel     $42,000.00   [strat=chatterjee_aggressive_high_ask]
      R 9  buy $  3,331.57   sel     $42,000.00   [strat=chatterjee_aggressive_high_ask]
      R10  buy $ 39,733.10   sel     $41,500.00   [strat=chatterjee_aggressive_high_ask]
      R11  buy $ 32,834.27   sel     $41,500.00   [strat=chatterjee_aggressive_high_ask]
      R12  buy $ 28,857.12   sel     $41,500.00   [strat=chatterjee_aggressive_high_ask]
      R13  buy $ 41,237.99   sel     $41,450.00   [strat=chatterjee_aggressive_high_ask]
      R14  buy $ 40,437.95   sel     $41,450.00   [strat=chatterjee_aggressive_high_ask]
      R15  buy $  7,070.05   sel     $41,450.00   [strat=chatterjee_aggressive_high_ask]
      R16  buy $ 11,644.19   sel     $41,400.00   [strat=chatterjee_aggressive_high_ask]
   run 24 done in 5.2 min

   run 25/30 on 2023 Ford Mustang GT Premium  seed=20664444
      R 1  buy $ 25,280.57   sel     $44,500.00   [strat=chatterjee_aggressive_high_ask] *
      R 2  buy $ 14,305.88   sel     $44,000.00   [strat=chatterjee_aggressive_high_ask]
      R 3  buy $ 16,646.78   sel     $43,500.00   [strat=chatterjee_aggressive_high_ask]
      R 4  buy $ 12,946.74   sel     $43,000.00   [strat=chatterjee_aggressive_high_ask]
      R 5  buy $ 18,777.00   sel     $43,000.00   [strat=chatterjee_aggressive_high_ask]
      R 6  buy $  3,300.70   sel     $42,500.00   [strat=chatterjee_aggressive_high_ask]
      R 7  buy $  6,396.47   sel     $42,500.00   [strat=chatterjee_aggressive_high_ask]
      R 8  buy $ 12,287.49   sel     $43,000.00   [strat=chatterjee_aggressive_high_ask]
      R 9  buy $  2,250.63   sel     $43,000.00   [strat=chatterjee_aggressive_high_ask]
      R10  buy $ 33,434.16   sel     $42,000.00   [strat=chatterjee_aggressive_high_ask]
      R11  buy $ 17,428.55   sel     $43,500.00   [strat=chatterjee_aggressive_high_ask]
      R12  buy $  1,064.02   sel     $43,500.00   [strat=chatterjee_aggressive_high_ask]
      R13  buy $ 17,309.37   sel     $43,000.00   [strat=chatterjee_aggressive_high_ask]
      R14  buy $ 11,703.20   sel     $44,500.00   [strat=chatterjee_aggressive_high_ask]
      R15  buy $ 26,442.86   sel     $45,000.00   [strat=chatterjee_aggressive_high_ask]
      R16  buy $ 26,816.05   sel     $44,500.00   [strat=chatterjee_aggressive_high_ask]
   run 25 done in 6.1 min

   run 26/30 on 2023 Ford Mustang GT Premium  seed=20664445
      R 1  buy $ 36,484.56   sel     $44,500.00   [strat=chatterjee_aggressive_high_ask] *
      R 2  buy $ 44,483.94   sel     $44,500.00   [strat=chatterjee_aggressive_high_ask]
      R 3  buy $ 21,665.54   sel     $44,500.00   [strat=chatterjee_aggressive_high_ask]
      R 4  buy $ 10,471.49   sel     $44,500.00   [strat=chatterjee_aggressive_high_ask]
      R 5  buy $  7,813.75   sel     $44,500.00   [strat=chatterjee_aggressive_high_ask]
      R 6  buy $ 13,065.56   sel     $44,500.00   [strat=chatterjee_aggressive_high_ask]
      R 7  buy $ 33,089.51   sel     $44,500.00   [strat=chatterjee_aggressive_high_ask]
      R 8  buy $ 33,685.23   sel     $44,500.00   [strat=chatterjee_aggressive_high_ask]
      R 9  buy $ 19,261.75   sel     $44,500.00   [strat=chatterjee_aggressive_high_ask]
      R10  buy $ 37,381.74   sel     $44,000.00   [strat=chatterjee_aggressive_high_ask]
      R11  buy $ 23,417.67   sel     $44,500.00   [strat=chatterjee_aggressive_high_ask]
      R12  buy $ 43,192.03   sel     $44,000.00   [strat=chatterjee_aggressive_high_ask]
      R13  buy $  1,536.45   sel     $44,000.00   [strat=chatterjee_aggressive_high_ask]
      R14  buy $  1,442.18   sel     $43,500.00   [strat=chatterjee_aggressive_high_ask]
      R15  buy $  3,901.40   sel     $43,000.00   [strat=chatterjee_aggressive_high_ask]
      R16  buy $  7,200.23   sel     $42,500.00   [strat=chatterjee_aggressive_high_ask]
   run 26 done in 4.8 min

   run 27/30 on 2023 Ford Mustang GT Premium  seed=20664446
      R 1  buy $ 13,560.71   sel     $48,500.00   [strat=chatterjee_aggressive_high_ask] *
      R 2  buy $ 44,785.13   sel     $48,250.00   [strat=chatterjee_aggressive_high_ask]
      R 3  buy $ 40,016.68   sel     $48,000.00   [strat=chatterjee_aggressive_high_ask]
      R 4  buy $ 22,247.00   sel     $47,500.00   [strat=chatterjee_aggressive_high_ask]
      R 5  buy $ 37,308.49   sel     $47,400.00   [strat=chatterjee_aggressive_high_ask]
      R 6  buy $ 10,977.46   sel     $47,400.00   [strat=chatterjee_aggressive_high_ask]
      R 7  buy $    582.94   sel     $47,300.00   [strat=chatterjee_aggressive_high_ask]
      R 8  buy $ 43,120.42   sel     $46,500.00   [strat=chatterjee_aggressive_high_ask]
      R 9  buy $ 10,509.81   sel     $46,000.00   [strat=chatterjee_aggressive_high_ask]
      R10  buy $ 13,242.29   sel     $45,500.00   [strat=chatterjee_aggressive_high_ask]
      R11  buy $  7,440.73   sel     $45,000.00   [strat=chatterjee_aggressive_high_ask]
      R12  buy $ 43,575.12   sel     $44,500.00   [strat=chatterjee_aggressive_high_ask]
      R13  buy $ 22,865.82   sel     $44,000.00   [strat=chatterjee_aggressive_high_ask]
      R14  buy $  4,986.09   sel     $43,500.00   [strat=chatterjee_aggressive_high_ask]
      R15  buy $ 24,936.77   sel     $43,400.00   [strat=chatterjee_aggressive_high_ask]
      R16  buy $ 21,916.76   sel     $43,300.00   [strat=chatterjee_aggressive_high_ask]
   run 27 done in 4.6 min

   run 28/30 on 2023 Ford Mustang GT Premium  seed=20664447
      R 1  buy $ 40,549.72   sel     $44,500.00   [strat=chatterjee_aggressive_high_ask] *
      R 2  buy $  3,820.78   sel     $44,500.00   [strat=chatterjee_aggressive_high_ask]
      R 3  buy $ 30,623.93   sel     $44,500.00   [strat=chatterjee_aggressive_high_ask]
      R 4  buy $ 28,783.53   sel     $44,500.00   [strat=chatterjee_aggressive_high_ask]
      R 5  buy $ 36,230.40   sel     $44,500.00   [strat=chatterjee_aggressive_high_ask]
      R 6  buy $  5,608.51   sel     $44,500.00   [strat=chatterjee_aggressive_high_ask]
      R 7  buy $ 15,014.34   sel     $44,500.00   [strat=chatterjee_aggressive_high_ask]
      R 8  buy $ 14,409.78   sel     $44,500.00   [strat=chatterjee_aggressive_high_ask]
      R 9  buy $  2,682.37   sel     $44,500.00   [strat=chatterjee_aggressive_high_ask]
      R10  buy $  1,140.10   sel     $44,500.00   [strat=chatterjee_aggressive_high_ask]
      R11  buy $  7,457.08   sel     $44,500.00   [strat=chatterjee_aggressive_high_ask]
      R12  buy $ 33,012.86   sel     $44,500.00   [strat=chatterjee_aggressive_high_ask]
      R13  buy $ 27,173.08   sel     $44,500.00   [strat=chatterjee_aggressive_high_ask]
      R14  buy $ 32,639.45   sel     $44,500.00   [strat=chatterjee_aggressive_high_ask]
      R15  buy $ 25,476.01   sel     $44,500.00   [strat=chatterjee_aggressive_high_ask]
      R16  buy $  2,946.94   sel     $44,500.00   [strat=chatterjee_aggressive_high_ask]
   run 28 done in 5.9 min

   run 29/30 on 2023 Ford Mustang GT Premium  seed=20664448
      R 1  buy $ 40,635.04   sel     $46,500.00   [strat=chatterjee_aggressive_high_ask] *
      R 2  buy $ 21,775.11   sel     $46,500.00   [strat=chatterjee_aggressive_high_ask]
      R 3  buy $  3,101.96   sel     $46,500.00   [strat=chatterjee_aggressive_high_ask]
      R 4  buy $ 30,568.62   sel     $46,000.00   [strat=chatterjee_aggressive_high_ask]
      R 5  buy $ 13,586.76   sel     $46,000.00   [strat=chatterjee_aggressive_high_ask]
      R 6  buy $ 27,625.37   sel     $45,500.00   [strat=chatterjee_aggressive_high_ask]
      R 7  buy $ 27,843.09   sel     $45,250.00   [strat=chatterjee_aggressive_high_ask]
      R 8  buy $ 30,985.88   sel     $45,000.00   [strat=chatterjee_aggressive_high_ask]
      R 9  buy $ 33,189.46   sel     $44,750.00   [strat=chatterjee_aggressive_high_ask]
      R10  buy $  5,344.41   sel     $44,750.00   [strat=chatterjee_aggressive_high_ask]
      R11  buy $ 13,973.11   sel     $44,500.00   [strat=chatterjee_aggressive_high_ask]
      R12  buy $ 33,613.73   sel     $44,450.00   [strat=chatterjee_aggressive_high_ask]
      R13  buy $ 15,976.03   sel     $44,500.00   [strat=chatterjee_aggressive_high_ask]
      R14  buy $ 10,545.02   sel     $44,500.00   [strat=chatterjee_aggressive_high_ask]
      R15  buy $ 42,117.64   sel     $44,000.00   [strat=chatterjee_aggressive_high_ask]
      R16  buy $ 30,406.47   sel     $44,500.00   [strat=chatterjee_aggressive_high_ask]
   run 29 done in 7.1 min

   run 30/30 on 2023 Ford Mustang GT Premium  seed=20664449
      R 1  buy $ 33,932.78   sel     $44,500.00   [strat=chatterjee_aggressive_high_ask] *
      R 2  buy $  9,882.87   sel     $44,000.00   [strat=chatterjee_aggressive_high_ask]
      R 3  buy $ 35,118.38   sel     $43,500.00   [strat=chatterjee_aggressive_high_ask]
      R 4  buy $ 43,062.89   sel     $43,250.00   [strat=chatterjee_aggressive_high_ask]
      R 5  buy $ 37,431.58   sel     $43,250.00   [strat=chatterjee_aggressive_high_ask]
      R 6  buy $  2,106.38   sel     $43,250.00   [strat=chatterjee_aggressive_high_ask]
      R 7  buy $ 14,641.37   sel     $43,250.00   [strat=chatterjee_aggressive_high_ask]
      R 8  buy $ 35,117.07   sel     $43,250.00   [strat=chatterjee_aggressive_high_ask]
      R 9  buy $ 24,218.42   sel     $43,250.00   [strat=chatterjee_aggressive_high_ask]
      R10  buy $ 35,594.55   sel     $43,250.00   [strat=chatterjee_aggressive_high_ask]
      R11  buy $ 21,988.65   sel     $43,000.00   [strat=chatterjee_aggressive_high_ask]
      R12  buy $  7,405.77   sel     $43,250.00   [strat=chatterjee_aggressive_high_ask]
      R13  buy $ 23,150.48   sel     $42,750.00   [strat=chatterjee_aggressive_high_ask]
      R14  buy $ 21,925.28   sel     $43,250.00   [strat=chatterjee_aggressive_high_ask]
      R15  buy $ 42,923.19   sel     $43,250.00   [strat=chatterjee_aggressive_high_ask]
      R16  buy $ 34,974.45   sel     $43,250.00   [strat=chatterjee_aggressive_high_ask]
   run 30 done in 6.6 min

   ---> checkpoint: car 5/5 done in 176.9 min; total so far 967.0 min; saved 150 runs to exp04_fixed_chatterjee_aggressive_high_ask.json

=== FINISH exp04_fixed_chatterjee_aggressive_high_ask in 16.12 h (150 runs, 2400 calls planned) -> results\exp04_fixed_chatterjee_aggressive_high_ask.json ===
