=== START exp01_fixed_deng_patient_rational_extractor ===
    schedule    : fixed__deng_patient_rational_extractor
    adaptive    : False  (switches=[])
    unique strat: ['deng_patient_rational_extractor']
    n_rounds    : 16
    n_cars      : 5
    runs/car    : 30
    total runs  : 150
    total calls : 2400  (~12.0 h @ 200 calls/h)
    model       : deepseek-reasoner
    base_url    : https://api.deepseek.com
    base_seed   : 20260420
    output      : results\exp01_fixed_deng_patient_rational_extractor.json

--- CAR 1/5: 2014 Mercedes-Benz S550  (M=$96,000.00  cost=$19,000.00  cost/M=19.79%) ---

   run 1/30 on 2014 Mercedes-Benz S550  seed=20360420
      R 1  buy $ 27,210.15   sel     $34,500.00   [strat=deng_patient_rational_extractor] *
      R 2  buy $  8,834.50   sel     $33,500.00   [strat=deng_patient_rational_extractor]
      R 3  buy $ 23,120.88   sel     $32,500.00   [strat=deng_patient_rational_extractor]
      R 4  buy $ 24,187.13   sel     $31,500.00   [strat=deng_patient_rational_extractor]
      R 5  buy $  6,147.38   sel     $31,500.00   [strat=deng_patient_rational_extractor]
      R 6  buy $  3,705.34   sel     $31,000.00   [strat=deng_patient_rational_extractor]
      R 7  buy $  3,989.19   sel     $30,500.00   [strat=deng_patient_rational_extractor]
      R 8  buy $    430.15   sel     $30,000.00   [strat=deng_patient_rational_extractor]
      R 9  buy $  2,464.15   sel     $29,500.00   [strat=deng_patient_rational_extractor]
      R10  buy $ 27,828.46   sel     $28,500.00   [strat=deng_patient_rational_extractor]
      R11  buy $ 17,197.97   sel     $27,500.00   [strat=deng_patient_rational_extractor]
      R12  buy $ 14,768.67   sel     $27,000.00   [strat=deng_patient_rational_extractor]
      R13  buy $ 18,206.17   sel     $26,500.00   [strat=deng_patient_rational_extractor]
    !! API error (attempt 1/4): InternalServerError: <!DOCTYPE HTML PUBLIC "-//W3C//DTD HTML 4.01 Transitional//EN" "http://www.w3.org/TR/html4/loose.dtd">
<HTML><HEAD><META HTTP-EQUIV="Content-Type" CONTENT="text/html; charset=UTF-8">
<TITLE>ERROR: The request could not be satisfied</TITLE>
</HEAD><BODY>
<H1>504 Gateway Timeout ERROR</H1>
<H2>The request could not be satisfied.</H2>
<HR noshade size="1px">
We can't connect to the server for this app or website at this time. There might be too much traffic or a configuration error. Try again later, or contact the app or website owner.
<BR clear="all">
If you provide content to customers through CloudFront, you can find steps to troubleshoot and help prevent this error by reviewing the CloudFront documentation.
<BR clear="all">
<HR noshade size="1px">
<PRE>
Generated by cloudfront (CloudFront) HTTP3 Server
Request ID: T3D4sQ2p6UAJPEPCQOIIWfYT5QoqhC9eBWZYjJLrlW1lB5JbtUiK0Q&#x3D;&#x3D;
</PRE>
<ADDRESS>
</ADDRESS>
</BODY></HTML>  -- sleeping 8s
    !! API error (attempt 2/4): InternalServerError: <!DOCTYPE HTML PUBLIC "-//W3C//DTD HTML 4.01 Transitional//EN" "http://www.w3.org/TR/html4/loose.dtd">
<HTML><HEAD><META HTTP-EQUIV="Content-Type" CONTENT="text/html; charset=UTF-8">
<TITLE>ERROR: The request could not be satisfied</TITLE>
</HEAD><BODY>
<H1>504 Gateway Timeout ERROR</H1>
<H2>The request could not be satisfied.</H2>
<HR noshade size="1px">
We can't connect to the server for this app or website at this time. There might be too much traffic or a configuration error. Try again later, or contact the app or website owner.
<BR clear="all">
If you provide content to customers through CloudFront, you can find steps to troubleshoot and help prevent this error by reviewing the CloudFront documentation.
<BR clear="all">
<HR noshade size="1px">
<PRE>
Generated by cloudfront (CloudFront) HTTP3 Server
Request ID: vuCaXKVris7SB3-HEJfacHs4M92qKchXweEeVrNOofBuvnwSQa7a6w&#x3D;&#x3D;
</PRE>
<ADDRESS>
</ADDRESS>
</BODY></HTML>  -- sleeping 16s
      R14  buy $    240.99   sel     $26,000.00   [strat=deng_patient_rational_extractor]
      R15  buy $ 16,326.02   sel     $25,000.00   [strat=deng_patient_rational_extractor]
      R16  buy $  6,741.36   sel     $24,500.00   [strat=deng_patient_rational_extractor]
   run 1 done in 31.9 min

   run 2/30 on 2014 Mercedes-Benz S550  seed=20360421
      R 1  buy $ 84,076.16   sel     $94,000.00   [strat=deng_patient_rational_extractor] *
      R 2  buy $ 59,984.02   sel     $92,000.00   [strat=deng_patient_rational_extractor]
      R 3  buy $ 21,504.02   sel     $88,000.00   [strat=deng_patient_rational_extractor]
      R 4  buy $    897.82   sel     $87,500.00   [strat=deng_patient_rational_extractor]
      R 5  buy $ 69,126.47   sel     $86,000.00   [strat=deng_patient_rational_extractor]
      R 6  buy $ 11,475.70   sel     $85,500.00   [strat=deng_patient_rational_extractor]
      R 7  buy $ 19,685.09   sel     $85,000.00   [strat=deng_patient_rational_extractor]
      R 8  buy $ 83,045.90   sel     $84,500.00   [strat=deng_patient_rational_extractor]
      R 9  buy $ 31,807.21   sel     $84,000.00   [strat=deng_patient_rational_extractor]
      R10  buy $ 35,971.04   sel     $83,500.00   [strat=deng_patient_rational_extractor]
      R11  buy $ 47,259.05   sel     $83,000.00   [strat=deng_patient_rational_extractor]
      R12  buy $ 26,259.08   sel     $82,500.00   [strat=deng_patient_rational_extractor]
      R13  buy $ 65,436.03   sel     $82,000.00   [strat=deng_patient_rational_extractor]
      R14  buy $ 48,413.49   sel     $81,500.00   [strat=deng_patient_rational_extractor]
      R15  buy $ 80,089.50   sel     $81,000.00   [strat=deng_patient_rational_extractor]
      R16  buy $ 53,493.59   sel     $80,500.00   [strat=deng_patient_rational_extractor]
   run 2 done in 13.2 min

   run 3/30 on 2014 Mercedes-Benz S550  seed=20360422
      R 1  buy $ 28,131.45   sel     $34,000.00   [strat=deng_patient_rational_extractor] *
      R 2  buy $ 14,391.59   sel     $32,500.00   [strat=deng_patient_rational_extractor]
      R 3  buy $  7,473.79   sel     $32,000.00   [strat=deng_patient_rational_extractor]
      R 4  buy $ 20,687.78   sel     $31,000.00   [strat=deng_patient_rational_extractor]
      R 5  buy $ 30,889.65   sel     $31,200.00   [strat=deng_patient_rational_extractor]
      R 6  buy $ 12,032.27   sel     $31,100.00   [strat=deng_patient_rational_extractor]
      R 7  buy $ 23,584.52   sel     $30,800.00   [strat=deng_patient_rational_extractor]
      R 8  buy $    506.82   sel     $30,750.00   [strat=deng_patient_rational_extractor]
      R 9  buy $ 25,763.88   sel     $30,500.00   [strat=deng_patient_rational_extractor]
      R10  buy $ 14,776.59   sel     $30,000.00   [strat=deng_patient_rational_extractor]
      R11  buy $ 27,606.86   sel     $29,750.00   [strat=deng_patient_rational_extractor]
      R12  buy $ 13,493.18   sel     $29,500.00   [strat=deng_patient_rational_extractor]
      R13  buy $ 19,862.19   sel     $29,250.00   [strat=deng_patient_rational_extractor]
      R14  buy $ 20,225.15   sel     $29,000.00   [strat=deng_patient_rational_extractor]
      R15  buy $ 14,944.64   sel     $28,500.00   [strat=deng_patient_rational_extractor]
      R16  buy $  8,533.09   sel     $28,400.00   [strat=deng_patient_rational_extractor]
   run 3 done in 11.0 min

   run 4/30 on 2014 Mercedes-Benz S550  seed=20360423
      R 1  buy $ 90,378.48   sel     $95,500.00   [strat=deng_patient_rational_extractor] *
      R 2  buy $ 86,660.25   sel     $94,500.00   [strat=deng_patient_rational_extractor]
      R 3  buy $ 28,022.73   sel     $95,500.00   [strat=deng_patient_rational_extractor]
      R 4  buy $ 26,731.87   sel     $95,000.00   [strat=deng_patient_rational_extractor]
      R 5  buy $ 43,493.52   sel     $94,500.00   [strat=deng_patient_rational_extractor]
      R 6  buy $ 87,258.08   sel     $93,500.00   [strat=deng_patient_rational_extractor]
      R 7  buy $ 11,342.91   sel     $94,000.00   [strat=deng_patient_rational_extractor]
      R 8  buy $ 26,320.82   sel     $94,000.00   [strat=deng_patient_rational_extractor]
      R 9  buy $ 48,543.55   sel     $94,000.00   [strat=deng_patient_rational_extractor]
      R10  buy $  4,361.55   sel     $94,000.00   [strat=deng_patient_rational_extractor]
      R11  buy $ 43,892.09   sel     $93,000.00   [strat=deng_patient_rational_extractor]
      R12  buy $ 75,483.33   sel     $91,500.00   [strat=deng_patient_rational_extractor]
      R13  buy $ 57,644.67   sel     $90,000.00   [strat=deng_patient_rational_extractor]
      R14  buy $ 66,874.96   sel     $89,000.00   [strat=deng_patient_rational_extractor]
      R15  buy $  6,121.64   sel     $89,000.00   [strat=deng_patient_rational_extractor]
      R16  buy $ 60,497.44   sel     $88,000.00   [strat=deng_patient_rational_extractor]
   run 4 done in 14.1 min

   run 5/30 on 2014 Mercedes-Benz S550  seed=20360424
      R 1  buy $ 70,410.52   sel     $88,995.00   [strat=deng_patient_rational_extractor] *
      R 2  buy $    165.66   sel     $88,995.00   [strat=deng_patient_rational_extractor]
      R 3  buy $ 47,947.12   sel     $87,500.00   [strat=deng_patient_rational_extractor]
      R 4  buy $ 23,888.04   sel     $87,500.00   [strat=deng_patient_rational_extractor]
      R 5  buy $ 57,606.47   sel     $86,000.00   [strat=deng_patient_rational_extractor]
      R 6  buy $ 59,741.42   sel     $84,500.00   [strat=deng_patient_rational_extractor]
      R 7  buy $ 72,013.77   sel     $83,500.00   [strat=deng_patient_rational_extractor]
      R 8  buy $ 78,296.99   sel     $81,500.00   [strat=deng_patient_rational_extractor]
      R 9  buy $ 17,769.60   sel     $80,000.00   [strat=deng_patient_rational_extractor]
      R10  buy $ 59,182.02   sel     $79,500.00   [strat=deng_patient_rational_extractor]
      R11  buy $ 42,041.27   sel     $78,500.00   [strat=deng_patient_rational_extractor]
      R12  buy $ 11,820.38   sel     $78,000.00   [strat=deng_patient_rational_extractor]
      R13  buy $ 60,143.80   sel     $77,000.00   [strat=deng_patient_rational_extractor]
      R14  buy $ 35,200.09   sel     $76,000.00   [strat=deng_patient_rational_extractor]
      R15  buy $ 63,214.86   sel     $75,000.00   [strat=deng_patient_rational_extractor]
      R16  buy $  5,264.54   sel     $74,500.00   [strat=deng_patient_rational_extractor]
   run 5 done in 9.9 min

   run 6/30 on 2014 Mercedes-Benz S550  seed=20360425
      R 1  buy $ 42,997.18   sel     $47,999.00   [strat=deng_patient_rational_extractor] *
      R 2  buy $ 32,055.52   sel     $44,999.99   [strat=deng_patient_rational_extractor]
      R 3  buy $  2,935.82   sel     $44,500.00   [strat=deng_patient_rational_extractor]
      R 4  buy $ 35,084.96   sel     $43,000.00   [strat=deng_patient_rational_extractor]
      R 5  buy $ 26,236.86   sel     $39,999.99   [strat=deng_patient_rational_extractor]
      R 6  buy $ 25,443.71   sel     $39,500.00   [strat=deng_patient_rational_extractor]
      R 7  buy $  4,420.40   sel     $38,500.00   [strat=deng_patient_rational_extractor]
      R 8  buy $    311.13   sel     $36,500.00   [strat=deng_patient_rational_extractor]
      R 9  buy $ 16,868.19   sel     $34,999.99   [strat=deng_patient_rational_extractor]
      R10  buy $  5,534.21   sel     $34,500.00   [strat=deng_patient_rational_extractor]
      R11  buy $ 23,376.60   sel     $33,500.00   [strat=deng_patient_rational_extractor]
      R12  buy $ 18,121.80   sel     $33,000.00   [strat=deng_patient_rational_extractor]
      R13  buy $ 17,790.92   sel     $32,500.00   [strat=deng_patient_rational_extractor]
      R14  buy $  6,604.18   sel     $32,000.00   [strat=deng_patient_rational_extractor]
      R15  buy $ 27,100.72   sel     $31,500.00   [strat=deng_patient_rational_extractor]
      R16  buy $  3,335.73   sel     $31,000.00   [strat=deng_patient_rational_extractor]
   run 6 done in 11.8 min

   run 7/30 on 2014 Mercedes-Benz S550  seed=20360426
      R 1  buy $ 15,902.25   sel     $24,500.00   [strat=deng_patient_rational_extractor] *
      R 2  buy $ 14,005.66   sel     $24,500.00   [strat=deng_patient_rational_extractor]
      R 3  buy $    884.16   sel     $24,500.00   [strat=deng_patient_rational_extractor]
      R 4  buy $ 12,909.69   sel     $23,500.00   [strat=deng_patient_rational_extractor]
      R 5  buy $  5,429.87   sel     $23,500.00   [strat=deng_patient_rational_extractor]
      R 6  buy $ 15,841.75   sel     $22,500.00   [strat=deng_patient_rational_extractor]
      R 7  buy $ 15,970.68   sel     $21,500.00   [strat=deng_patient_rational_extractor]
      R 8  buy $ 12,789.92   sel     $21,500.00   [strat=deng_patient_rational_extractor]
      R 9  buy $  6,454.67   sel     $21,000.00   [strat=deng_patient_rational_extractor]
      R10  buy $ 14,595.74   sel     $20,500.00   [strat=deng_patient_rational_extractor]
      R11  buy $  5,422.35   sel     $20,500.00   [strat=deng_patient_rational_extractor]
      R12  buy $  2,090.24   sel     $20,500.00   [strat=deng_patient_rational_extractor]
      R13  buy $ 14,803.86   sel     $20,000.00   [strat=deng_patient_rational_extractor]
      R14  buy $  3,418.99   sel     $20,000.00   [strat=deng_patient_rational_extractor]
      R15  buy $ 16,041.68   sel     $19,500.00   [strat=deng_patient_rational_extractor]
      R16  buy $  3,684.45   sel     $19,500.00   [strat=deng_patient_rational_extractor]
   run 7 done in 12.4 min

   run 8/30 on 2014 Mercedes-Benz S550  seed=20360427
      R 1  buy $ 53,284.15   sel     $58,000.00   [strat=deng_patient_rational_extractor] *
      R 2  buy $ 54,323.18   sel     $57,500.00   [strat=deng_patient_rational_extractor]
      R 3  buy $ 22,938.21   sel     $57,000.00   [strat=deng_patient_rational_extractor]
      R 4  buy $ 39,077.47   sel     $56,500.00   [strat=deng_patient_rational_extractor]
      R 5  buy $ 14,217.71   sel     $56,000.00   [strat=deng_patient_rational_extractor]
      R 6  buy $ 29,272.69   sel     $55,000.00   [strat=deng_patient_rational_extractor]
      R 7  buy $ 26,025.65   sel     $54,500.00   [strat=deng_patient_rational_extractor]
      R 8  buy $ 54,235.86   sel     $54,500.00   [strat=deng_patient_rational_extractor]
      R 9  buy $  8,408.84   sel     $54,000.00   [strat=deng_patient_rational_extractor]
      R10  buy $  6,421.45   sel     $54,000.00   [strat=deng_patient_rational_extractor]
      R11  buy $ 16,497.14   sel     $53,500.00   [strat=deng_patient_rational_extractor]
      R12  buy $ 53,058.78   sel     $53,400.00   [strat=deng_patient_rational_extractor]
      R13  buy $ 35,234.71   sel     $53,000.00   [strat=deng_patient_rational_extractor]
      R14  buy $ 44,785.03   sel     $52,000.00   [strat=deng_patient_rational_extractor]
      R15  buy $ 43,913.03   sel     $51,500.00   [strat=deng_patient_rational_extractor]
      R16  buy $ 20,511.65   sel     $50,000.00   [strat=deng_patient_rational_extractor]
   run 8 done in 11.6 min

   run 9/30 on 2014 Mercedes-Benz S550  seed=20360428
      R 1  buy $ 45,726.41   sel     $52,000.00   [strat=deng_patient_rational_extractor] *
      R 2  buy $ 37,627.67   sel     $51,500.00   [strat=deng_patient_rational_extractor]
      R 3  buy $ 46,300.78   sel     $50,500.00   [strat=deng_patient_rational_extractor]
      R 4  buy $ 26,499.40   sel     $49,500.00   [strat=deng_patient_rational_extractor]
      R 5  buy $ 17,049.17   sel     $49,000.00   [strat=deng_patient_rational_extractor]
      R 6  buy $ 39,564.84   sel     $48,500.00   [strat=deng_patient_rational_extractor]
      R 7  buy $  4,791.21   sel     $48,000.00   [strat=deng_patient_rational_extractor]
      R 8  buy $ 35,657.43   sel     $47,500.00   [strat=deng_patient_rational_extractor]
      R 9  buy $ 26,235.19   sel     $47,000.00   [strat=deng_patient_rational_extractor]
      R10  buy $ 24,915.49   sel     $46,000.00   [strat=deng_patient_rational_extractor]
      R11  buy $ 17,063.06   sel     $45,000.00   [strat=deng_patient_rational_extractor]
      R12  buy $ 17,604.10   sel     $44,500.00   [strat=deng_patient_rational_extractor]
      R13  buy $  7,366.08   sel     $44,000.00   [strat=deng_patient_rational_extractor]
      R14  buy $  1,126.92   sel     $43,500.00   [strat=deng_patient_rational_extractor]
      R15  buy $ 25,079.87   sel     $43,000.00   [strat=deng_patient_rational_extractor]
      R16  buy $ 27,181.79   sel     $42,500.00   [strat=deng_patient_rational_extractor]
   run 9 done in 11.8 min

   run 10/30 on 2014 Mercedes-Benz S550  seed=20360429
      R 1  buy $ 65,217.91   sel     $89,500.00   [strat=deng_patient_rational_extractor] *
      R 2  buy $ 24,041.29   sel     $85,000.00   [strat=deng_patient_rational_extractor]
      R 3  buy $ 16,842.45   sel     $80,000.00   [strat=deng_patient_rational_extractor]
      R 4  buy $ 58,733.87   sel     $77,500.00   [strat=deng_patient_rational_extractor]
      R 5  buy $ 41,967.63   sel     $75,000.00   [strat=deng_patient_rational_extractor]
      R 6  buy $ 15,840.99   sel     $74,500.00   [strat=deng_patient_rational_extractor]
      R 7  buy $ 50,213.97   sel     $73,000.00   [strat=deng_patient_rational_extractor]
      R 8  buy $ 23,035.39   sel     $72,000.00   [strat=deng_patient_rational_extractor]
      R 9  buy $ 44,790.39   sel     $71,000.00   [strat=deng_patient_rational_extractor]
      R10  buy $ 66,895.03   sel     $70,000.00   [strat=deng_patient_rational_extractor]
      R11  buy $ 21,504.84   sel     $69,000.00   [strat=deng_patient_rational_extractor]
      R12  buy $ 43,806.61   sel     $68,500.00   [strat=deng_patient_rational_extractor]
      R13  buy $ 15,726.16   sel     $68,000.00   [strat=deng_patient_rational_extractor]
      R14  buy $ 37,176.90   sel     $67,500.00   [strat=deng_patient_rational_extractor]
      R15  buy $  6,301.91   sel     $67,000.00   [strat=deng_patient_rational_extractor]
      R16  buy $ 61,792.31   sel     $66,000.00   [strat=deng_patient_rational_extractor]
   run 10 done in 11.7 min

   run 11/30 on 2014 Mercedes-Benz S550  seed=20360430
      R 1  buy $ 25,073.76   sel     PARSE-FAIL   [strat=deng_patient_rational_extractor] *
      R 2  buy $ 53,605.53   sel     $84,999.99   [strat=deng_patient_rational_extractor]
      R 3  buy $ 57,247.73   sel     $79,999.99   [strat=deng_patient_rational_extractor]
      R 4  buy $ 67,004.99   sel     $74,999.99   [strat=deng_patient_rational_extractor]
      R 5  buy $ 68,335.86   sel     $72,499.99   [strat=deng_patient_rational_extractor]
      R 6  buy $  4,731.51   sel     $71,999.99   [strat=deng_patient_rational_extractor]
      R 7  buy $ 25,280.39   sel     $71,499.99   [strat=deng_patient_rational_extractor]
      R 8  buy $ 17,096.75   sel     $70,999.99   [strat=deng_patient_rational_extractor]
      R 9  buy $ 16,796.38   sel     $70,499.99   [strat=deng_patient_rational_extractor]
      R10  buy $ 26,954.74   sel     $69,999.99   [strat=deng_patient_rational_extractor]
      R11  buy $ 32,057.29   sel     $68,999.99   [strat=deng_patient_rational_extractor]
      R12  buy $ 20,585.65   sel     $68,499.99   [strat=deng_patient_rational_extractor]
      R13  buy $ 11,895.29   sel     $67,999.99   [strat=deng_patient_rational_extractor]
      R14  buy $ 28,082.42   sel     $67,499.99   [strat=deng_patient_rational_extractor]
      R15  buy $ 58,253.98   sel     $66,499.99   [strat=deng_patient_rational_extractor]
      R16  buy $ 17,836.43   sel     $66,999.99   [strat=deng_patient_rational_extractor]
   run 11 done in 10.3 min

   run 12/30 on 2014 Mercedes-Benz S550  seed=20360431
      R 1  buy $ 39,357.04   sel     $45,000.00   [strat=deng_patient_rational_extractor] *
      R 2  buy $ 30,034.13   sel     $44,000.00   [strat=deng_patient_rational_extractor]
      R 3  buy $ 30,108.22   sel     $43,500.00   [strat=deng_patient_rational_extractor]
      R 4  buy $ 21,144.90   sel     $42,000.00   [strat=deng_patient_rational_extractor]
      R 5  buy $  3,586.08   sel     $41,000.00   [strat=deng_patient_rational_extractor]
      R 6  buy $  1,486.40   sel     $40,500.00   [strat=deng_patient_rational_extractor]
      R 7  buy $ 22,483.77   sel     $39,000.00   [strat=deng_patient_rational_extractor]
      R 8  buy $ 36,063.51   sel     $38,500.00   [strat=deng_patient_rational_extractor]
      R 9  buy $  8,778.23   sel     $38,000.00   [strat=deng_patient_rational_extractor]
      R10  buy $ 24,437.09   sel     $37,500.00   [strat=deng_patient_rational_extractor]
      R11  buy $ 24,317.13   sel     $37,000.00   [strat=deng_patient_rational_extractor]
      R12  buy $ 20,660.98   sel     $35,000.00   [strat=deng_patient_rational_extractor]
      R13  buy $  3,874.41   sel     $34,500.00   [strat=deng_patient_rational_extractor]
      R14  buy $ 14,639.28   sel     $34,250.00   [strat=deng_patient_rational_extractor]
      R15  buy $ 31,803.08   sel     $33,000.00   [strat=deng_patient_rational_extractor]
      R16  buy $ 25,024.63   sel     $32,500.00   [strat=deng_patient_rational_extractor]
   run 12 done in 12.0 min

   run 13/30 on 2014 Mercedes-Benz S550  seed=20360432
      R 1  buy $ 28,947.71   sel     $37,995.00   [strat=deng_patient_rational_extractor] *
      R 2  buy $ 24,052.59   sel     $36,995.00   [strat=deng_patient_rational_extractor]
      R 3  buy $ 12,154.30   sel     $35,995.00   [strat=deng_patient_rational_extractor]
      R 4  buy $ 27,798.45   sel     $33,995.00   [strat=deng_patient_rational_extractor]
      R 5  buy $  2,471.94   sel     $32,995.00   [strat=deng_patient_rational_extractor]
      R 6  buy $ 16,932.05   sel     $31,995.00   [strat=deng_patient_rational_extractor]
      R 7  buy $  9,074.73   sel     $30,995.00   [strat=deng_patient_rational_extractor]
      R 8  buy $ 18,263.80   sel     $30,000.00   [strat=deng_patient_rational_extractor]
      R 9  buy $ 10,135.25   sel     $29,900.00   [strat=deng_patient_rational_extractor]
      R10  buy $  7,337.45   sel     $29,850.00   [strat=deng_patient_rational_extractor]
      R11  buy $ 28,858.87   sel     $29,500.00   [strat=deng_patient_rational_extractor]
      R12  buy $    938.70   sel     $29,450.00   [strat=deng_patient_rational_extractor]
      R13  buy $ 27,486.86   sel     $28,950.00   [strat=deng_patient_rational_extractor]
      R14  buy $ 10,775.66   sel     $29,400.00   [strat=deng_patient_rational_extractor]
      R15  buy $ 10,458.49   sel     $29,350.00   [strat=deng_patient_rational_extractor]
      R16  buy $  1,207.07   sel     $29,300.00   [strat=deng_patient_rational_extractor]
   run 13 done in 11.4 min

   run 14/30 on 2014 Mercedes-Benz S550  seed=20360433
      R 1  buy $ 74,167.21   sel     $89,950.00   [strat=deng_patient_rational_extractor] *
      R 2  buy $ 55,951.48   sel     $88,500.00   [strat=deng_patient_rational_extractor]
      R 3  buy $  5,195.42   sel     $87,000.00   [strat=deng_patient_rational_extractor]
      R 4  buy $ 42,966.11   sel     $86,500.00   [strat=deng_patient_rational_extractor]
      R 5  buy $ 20,249.00   sel     $85,000.00   [strat=deng_patient_rational_extractor]
      R 6  buy $ 11,394.96   sel     $84,500.00   [strat=deng_patient_rational_extractor]
      R 7  buy $ 80,645.06   sel     $84,000.00   [strat=deng_patient_rational_extractor]
      R 8  buy $  2,650.85   sel     $83,500.00   [strat=deng_patient_rational_extractor]
      R 9  buy $ 41,996.76   sel     $83,000.00   [strat=deng_patient_rational_extractor]
      R10  buy $ 47,593.82   sel     $82,500.00   [strat=deng_patient_rational_extractor]
      R11  buy $ 16,498.70   sel     $82,000.00   [strat=deng_patient_rational_extractor]
      R12  buy $ 18,425.03   sel     $81,500.00   [strat=deng_patient_rational_extractor]
      R13  buy $ 63,413.27   sel     $81,000.00   [strat=deng_patient_rational_extractor]
      R14  buy $ 20,367.08   sel     $80,000.00   [strat=deng_patient_rational_extractor]
      R15  buy $ 47,800.82   sel     $79,500.00   [strat=deng_patient_rational_extractor]
      R16  buy $ 44,530.14   sel     $79,000.00   [strat=deng_patient_rational_extractor]
   run 14 done in 10.6 min

   run 15/30 on 2014 Mercedes-Benz S550  seed=20360434
      R 1  buy $  3,569.00   sel     $32,500.00   [strat=deng_patient_rational_extractor] *
      R 2  buy $  8,724.89   sel     $31,000.00   [strat=deng_patient_rational_extractor]
      R 3  buy $ 13,702.59   sel     $29,750.00   [strat=deng_patient_rational_extractor]
      R 4  buy $ 11,441.63   sel     $28,900.00   [strat=deng_patient_rational_extractor]
      R 5  buy $ 11,755.91   sel     $28,500.00   [strat=deng_patient_rational_extractor]
      R 6  buy $  8,853.15   sel     $28,250.00   [strat=deng_patient_rational_extractor]
      R 7  buy $ 23,402.56   sel     $27,750.00   [strat=deng_patient_rational_extractor]
      R 8  buy $  3,139.50   sel     $27,750.00   [strat=deng_patient_rational_extractor]
      R 9  buy $  9,883.74   sel     $27,500.00   [strat=deng_patient_rational_extractor]
      R10  buy $ 16,172.36   sel     $27,000.00   [strat=deng_patient_rational_extractor]
      R11  buy $  4,859.96   sel     $26,500.00   [strat=deng_patient_rational_extractor]
      R12  buy $  1,476.32   sel     $26,250.00   [strat=deng_patient_rational_extractor]
      R13  buy $ 15,259.62   sel     $26,000.00   [strat=deng_patient_rational_extractor]
      R14  buy $ 16,134.15   sel     $25,750.00   [strat=deng_patient_rational_extractor]
      R15  buy $ 23,003.79   sel     $25,500.00   [strat=deng_patient_rational_extractor]
      R16  buy $ 24,301.77   sel     $25,250.00   [strat=deng_patient_rational_extractor]
   run 15 done in 9.6 min

   run 16/30 on 2014 Mercedes-Benz S550  seed=20360435
      R 1  buy $ 71,767.25   sel     $89,995.00   [strat=deng_patient_rational_extractor] *
      R 2  buy $ 83,733.59   sel     $87,500.00   [strat=deng_patient_rational_extractor]
      R 3  buy $ 20,450.28   sel     $85,000.00   [strat=deng_patient_rational_extractor]
      R 4  buy $ 53,642.54   sel     $84,500.00   [strat=deng_patient_rational_extractor]
      R 5  buy $ 81,903.73   sel     $83,500.00   [strat=deng_patient_rational_extractor]
      R 6  buy $ 66,761.05   sel     $82,000.00   [strat=deng_patient_rational_extractor]
      R 7  buy $ 35,582.14   sel     $81,000.00   [strat=deng_patient_rational_extractor]
      R 8  buy $ 15,785.18   sel     $80,500.00   [strat=deng_patient_rational_extractor]
      R 9  buy $ 77,519.85   sel     $79,500.00   [strat=deng_patient_rational_extractor]
      R10  buy $ 19,139.53   sel     $79,000.00   [strat=deng_patient_rational_extractor]
      R11  buy $ 53,641.51   sel     $78,500.00   [strat=deng_patient_rational_extractor]
      R12  buy $ 10,915.62   sel     $78,000.00   [strat=deng_patient_rational_extractor]
      R13  buy $  3,790.76   sel     $77,500.00   [strat=deng_patient_rational_extractor]
      R14  buy $ 24,446.83   sel     $77,000.00   [strat=deng_patient_rational_extractor]
      R15  buy $ 61,333.13   sel     $76,500.00   [strat=deng_patient_rational_extractor]
      R16  buy $ 38,316.30   sel     $76,000.00   [strat=deng_patient_rational_extractor]
   run 16 done in 9.7 min

   run 17/30 on 2014 Mercedes-Benz S550  seed=20360436
      R 1  buy $ 30,279.87   sel     $38,500.00   [strat=deng_patient_rational_extractor] *
      R 2  buy $ 33,946.69   sel     $36,500.00   [strat=deng_patient_rational_extractor]
      R 3  buy $  8,048.77   sel     $35,500.00   [strat=deng_patient_rational_extractor]
      R 4  buy $ 19,785.83   sel     $34,500.00   [strat=deng_patient_rational_extractor]
      R 5  buy $  1,401.86   sel     $33,500.00   [strat=deng_patient_rational_extractor]
      R 6  buy $  4,173.25   sel     $32,500.00   [strat=deng_patient_rational_extractor]
      R 7  buy $ 11,175.62   sel     $31,500.00   [strat=deng_patient_rational_extractor]
      R 8  buy $ 17,223.78   sel     $30,000.00   [strat=deng_patient_rational_extractor]
      R 9  buy $  2,526.47   sel     $29,500.00   [strat=deng_patient_rational_extractor]
      R10  buy $ 23,871.31   sel     $28,000.00   [strat=deng_patient_rational_extractor]
      R11  buy $ 21,169.58   sel     $25,000.00   [strat=deng_patient_rational_extractor]
      R12  buy $ 12,391.71   sel     $24,000.00   [strat=deng_patient_rational_extractor]
      R13  buy $    679.56   sel     $23,500.00   [strat=deng_patient_rational_extractor]
      R14  buy $ 10,184.68   sel     $22,500.00   [strat=deng_patient_rational_extractor]
      R15  buy $  9,207.64   sel     $22,000.00   [strat=deng_patient_rational_extractor]
      R16  buy $ 19,572.46   sel     $21,500.00   [strat=deng_patient_rational_extractor]
   run 17 done in 9.9 min

   run 18/30 on 2014 Mercedes-Benz S550  seed=20360437
      R 1  buy $ 82,104.44   sel     $94,500.00   [strat=deng_patient_rational_extractor] *
      R 2  buy $ 10,484.98   sel     $93,000.00   [strat=deng_patient_rational_extractor]
      R 3  buy $ 74,310.79   sel     $92,000.00   [strat=deng_patient_rational_extractor]
      R 4  buy $ 28,973.27   sel     $91,500.00   [strat=deng_patient_rational_extractor]
      R 5  buy $     13.34   sel     $91,500.00   [strat=deng_patient_rational_extractor]
      R 6  buy $  8,360.89   sel     $91,000.00   [strat=deng_patient_rational_extractor]
      R 7  buy $ 28,001.27   sel     $90,500.00   [strat=deng_patient_rational_extractor]
      R 8  buy $ 15,960.71   sel     $90,000.00   [strat=deng_patient_rational_extractor]
      R 9  buy $ 28,494.17   sel     $89,500.00   [strat=deng_patient_rational_extractor]
      R10  buy $ 52,996.31   sel     $88,500.00   [strat=deng_patient_rational_extractor]
      R11  buy $ 40,129.29   sel     $88,000.00   [strat=deng_patient_rational_extractor]
      R12  buy $ 76,318.84   sel     $87,000.00   [strat=deng_patient_rational_extractor]
      R13  buy $ 78,510.26   sel     $86,500.00   [strat=deng_patient_rational_extractor]
      R14  buy $ 38,036.41   sel     $86,000.00   [strat=deng_patient_rational_extractor]
      R15  buy $ 58,659.12   sel     $85,500.00   [strat=deng_patient_rational_extractor]
      R16  buy $ 38,944.53   sel     $85,000.00   [strat=deng_patient_rational_extractor]
   run 18 done in 10.1 min

   run 19/30 on 2014 Mercedes-Benz S550  seed=20360438
      R 1  buy $ 14,149.00   sel     $24,999.00   [strat=deng_patient_rational_extractor] *
      R 2  buy $ 20,923.26   sel     $24,500.00   [strat=deng_patient_rational_extractor]
      R 3  buy $ 19,066.71   sel     $24,500.00   [strat=deng_patient_rational_extractor]
      R 4  buy $  4,686.93   sel     $24,500.00   [strat=deng_patient_rational_extractor]
      R 5  buy $  7,684.16   sel     $24,500.00   [strat=deng_patient_rational_extractor]
      R 6  buy $ 10,589.15   sel     $24,000.00   [strat=deng_patient_rational_extractor]
      R 7  buy $  3,825.78   sel     $24,000.00   [strat=deng_patient_rational_extractor]
      R 8  buy $    601.03   sel     $24,000.00   [strat=deng_patient_rational_extractor]
      R 9  buy $    476.55   sel     $24,000.00   [strat=deng_patient_rational_extractor]
      R10  buy $ 14,107.38   sel     $23,500.00   [strat=deng_patient_rational_extractor]
      R11  buy $ 22,430.42   sel     $23,000.00   [strat=deng_patient_rational_extractor]
      R12  buy $  1,491.67   sel     $23,000.00   [strat=deng_patient_rational_extractor]
      R13  buy $     26.17   sel     $23,000.00   [strat=deng_patient_rational_extractor]
      R14  buy $  7,525.07   sel     $23,000.00   [strat=deng_patient_rational_extractor]
      R15  buy $  6,043.96   sel     $23,000.00   [strat=deng_patient_rational_extractor]
      R16  buy $ 20,999.14   sel     $22,500.00   [strat=deng_patient_rational_extractor]
   run 19 done in 9.8 min

   run 20/30 on 2014 Mercedes-Benz S550  seed=20360439
      R 1  buy $ 61,891.55   sel     $85,000.00   [strat=deng_patient_rational_extractor] *
      R 2  buy $ 13,271.96   sel     $84,500.00   [strat=deng_patient_rational_extractor]
      R 3  buy $ 28,459.91   sel     $84,000.00   [strat=deng_patient_rational_extractor]
      R 4  buy $  4,395.85   sel     $83,500.00   [strat=deng_patient_rational_extractor]
      R 5  buy $ 79,280.59   sel     $83,500.00   [strat=deng_patient_rational_extractor]
      R 6  buy $ 64,988.09   sel     $82,500.00   [strat=deng_patient_rational_extractor]
      R 7  buy $  3,020.78   sel     $82,500.00   [strat=deng_patient_rational_extractor]
      R 8  buy $ 26,935.31   sel     $82,000.00   [strat=deng_patient_rational_extractor]
      R 9  buy $ 17,071.34   sel     $81,500.00   [strat=deng_patient_rational_extractor]
      R10  buy $ 52,578.19   sel     $81,000.00   [strat=deng_patient_rational_extractor]
      R11  buy $  2,657.16   sel     $80,500.00   [strat=deng_patient_rational_extractor]
      R12  buy $ 56,218.00   sel     $80,000.00   [strat=deng_patient_rational_extractor]
      R13  buy $ 39,801.22   sel     $79,500.00   [strat=deng_patient_rational_extractor]
      R14  buy $ 52,325.94   sel     $79,000.00   [strat=deng_patient_rational_extractor]
      R15  buy $ 28,266.00   sel     $78,500.00   [strat=deng_patient_rational_extractor]
      R16  buy $ 25,249.70   sel     $78,000.00   [strat=deng_patient_rational_extractor]
   run 20 done in 9.5 min

   run 21/30 on 2014 Mercedes-Benz S550  seed=20360440
      R 1  buy $  7,033.11   sel     $89,500.00   [strat=deng_patient_rational_extractor] *
      R 2  buy $ 28,178.08   sel     $79,500.00   [strat=deng_patient_rational_extractor]
      R 3  buy $ 59,619.01   sel     $74,500.00   [strat=deng_patient_rational_extractor]
      R 4  buy $ 11,175.61   sel     $73,500.00   [strat=deng_patient_rational_extractor]
      R 5  buy $ 26,159.35   sel     $71,500.00   [strat=deng_patient_rational_extractor]
      R 6  buy $ 14,621.49   sel     $70,000.00   [strat=deng_patient_rational_extractor]
      R 7  buy $ 65,546.90   sel     $68,500.00   [strat=deng_patient_rational_extractor]
      R 8  buy $  6,351.67   sel     $67,500.00   [strat=deng_patient_rational_extractor]
      R 9  buy $ 33,399.58   sel     $66,500.00   [strat=deng_patient_rational_extractor]
      R10  buy $ 14,486.88   sel     $65,000.00   [strat=deng_patient_rational_extractor]
      R11  buy $  9,762.58   sel     $64,500.00   [strat=deng_patient_rational_extractor]
      R12  buy $ 22,821.53   sel     $63,000.00   [strat=deng_patient_rational_extractor]
      R13  buy $ 19,281.81   sel     $61,000.00   [strat=deng_patient_rational_extractor]
      R14  buy $  3,089.99   sel     $60,000.00   [strat=deng_patient_rational_extractor]
      R15  buy $ 55,998.92   sel     $58,500.00   [strat=deng_patient_rational_extractor]
      R16  buy $ 30,942.71   sel     $57,000.00   [strat=deng_patient_rational_extractor]
   run 21 done in 9.0 min

   run 22/30 on 2014 Mercedes-Benz S550  seed=20360441
      R 1  buy $ 18,993.31   sel     $24,500.00   [strat=deng_patient_rational_extractor] *
      R 2  buy $  5,728.18   sel     $23,500.00   [strat=deng_patient_rational_extractor]
      R 3  buy $ 20,779.41   sel     $22,500.00   [strat=deng_patient_rational_extractor]
      R 4  buy $ 18,887.39   sel     $22,000.00   [strat=deng_patient_rational_extractor]
      R 5  buy $  5,518.81   sel     $22,000.00   [strat=deng_patient_rational_extractor]
      R 6  buy $ 14,968.05   sel     $21,500.00   [strat=deng_patient_rational_extractor]
      R 7  buy $    785.01   sel     $21,400.00   [strat=deng_patient_rational_extractor]
      R 8  buy $  3,101.82   sel     $21,300.00   [strat=deng_patient_rational_extractor]
      R 9  buy $ 16,098.56   sel     $21,200.00   [strat=deng_patient_rational_extractor]
      R10  buy $  2,315.65   sel     $21,100.00   [strat=deng_patient_rational_extractor]
      R11  buy $ 18,268.49   sel     $20,700.00   [strat=deng_patient_rational_extractor]
      R12  buy $ 17,538.25   sel     $20,500.00   [strat=deng_patient_rational_extractor]
      R13  buy $ 13,818.13   sel     $20,000.00   [strat=deng_patient_rational_extractor]
      R14  buy $ 16,999.65   sel     $19,500.00   [strat=deng_patient_rational_extractor]
      R15  buy $  8,213.96   sel     $19,400.00   [strat=deng_patient_rational_extractor]
      R16  buy $ 15,417.09   sel     $19,300.00   [strat=deng_patient_rational_extractor]
   run 22 done in 9.5 min

   run 23/30 on 2014 Mercedes-Benz S550  seed=20360442
      R 1  buy $ 71,509.90   sel     $89,000.00   [strat=deng_patient_rational_extractor] *
      R 2  buy $ 29,891.47   sel     $88,500.00   [strat=deng_patient_rational_extractor]
      R 3  buy $ 28,683.32   sel     $88,000.00   [strat=deng_patient_rational_extractor]
      R 4  buy $    394.40   sel     $87,500.00   [strat=deng_patient_rational_extractor]
      R 5  buy $  4,902.63   sel     $87,500.00   [strat=deng_patient_rational_extractor]
      R 6  buy $ 56,759.90   sel     $86,500.00   [strat=deng_patient_rational_extractor]
      R 7  buy $ 12,989.14   sel     $86,000.00   [strat=deng_patient_rational_extractor]
      R 8  buy $ 78,992.44   sel     $85,000.00   [strat=deng_patient_rational_extractor]
      R 9  buy $ 38,428.86   sel     $84,500.00   [strat=deng_patient_rational_extractor]
      R10  buy $ 13,776.56   sel     $84,000.00   [strat=deng_patient_rational_extractor]
      R11  buy $ 82,107.85   sel     $83,500.00   [strat=deng_patient_rational_extractor]
      R12  buy $ 33,774.12   sel     $83,000.00   [strat=deng_patient_rational_extractor]
      R13  buy $ 18,656.88   sel     $82,500.00   [strat=deng_patient_rational_extractor]
      R14  buy $  5,507.29   sel     $82,000.00   [strat=deng_patient_rational_extractor]
      R15  buy $ 74,815.61   sel     $81,500.00   [strat=deng_patient_rational_extractor]
      R16  buy $  9,227.66   sel     $82,000.00   [strat=deng_patient_rational_extractor]
   run 23 done in 12.3 min

   run 24/30 on 2014 Mercedes-Benz S550  seed=20360443
      R 1  buy $ 74,315.92   sel     $89,500.00   [strat=deng_patient_rational_extractor] *
      R 2  buy $ 43,271.54   sel     $87,500.00   [strat=deng_patient_rational_extractor]
      R 3  buy $ 25,551.77   sel     $80,000.00   [strat=deng_patient_rational_extractor]
      R 4  buy $  4,207.46   sel     $75,000.00   [strat=deng_patient_rational_extractor]
      R 5  buy $ 19,318.50   sel     $70,000.00   [strat=deng_patient_rational_extractor]
      R 6  buy $ 69,468.29   sel     $69,900.00   [strat=deng_patient_rational_extractor]
      R 7  buy $ 25,157.21   sel     $67,500.00   [strat=deng_patient_rational_extractor]
      R 8  buy $ 51,279.25   sel     $65,000.00   [strat=deng_patient_rational_extractor]
      R 9  buy $  6,201.25   sel     $64,500.00   [strat=deng_patient_rational_extractor]
      R10  buy $ 30,975.37   sel     $64,000.00   [strat=deng_patient_rational_extractor]
      R11  buy $ 33,544.06   sel     $63,500.00   [strat=deng_patient_rational_extractor]
      R12  buy $ 22,962.88   sel     $63,000.00   [strat=deng_patient_rational_extractor]
      R13  buy $ 60,886.51   sel     $62,000.00   [strat=deng_patient_rational_extractor]
      R14  buy $ 26,493.95   sel     $61,500.00   [strat=deng_patient_rational_extractor]
      R15  buy $ 52,691.89   sel     $60,000.00   [strat=deng_patient_rational_extractor]
      R16  buy $ 26,065.65   sel     $59,500.00   [strat=deng_patient_rational_extractor]
   run 24 done in 7.8 min

   run 25/30 on 2014 Mercedes-Benz S550  seed=20360444
      R 1  buy $ 31,334.62   sel     $39,995.00   [strat=deng_patient_rational_extractor] *
      R 2  buy $ 32,331.43   sel     $38,495.00   [strat=deng_patient_rational_extractor]
      R 3  buy $ 13,545.86   sel     $37,995.00   [strat=deng_patient_rational_extractor]
      R 4  buy $ 16,104.97   sel     $37,495.00   [strat=deng_patient_rational_extractor]
      R 5  buy $ 35,435.24   sel     $36,995.00   [strat=deng_patient_rational_extractor]
      R 6  buy $ 18,480.84   sel     $36,995.00   [strat=deng_patient_rational_extractor]
      R 7  buy $ 32,801.21   sel     $35,495.00   [strat=deng_patient_rational_extractor]
      R 8  buy $  3,428.11   sel     $34,995.00   [strat=deng_patient_rational_extractor]
      R 9  buy $ 25,056.26   sel     $33,995.00   [strat=deng_patient_rational_extractor]
      R10  buy $ 30,875.84   sel     $33,495.00   [strat=deng_patient_rational_extractor]
      R11  buy $  1,796.97   sel     $33,495.00   [strat=deng_patient_rational_extractor]
      R12  buy $ 31,497.51   sel     $32,995.00   [strat=deng_patient_rational_extractor]
      R13  buy $ 20,034.96   sel     $32,495.00   [strat=deng_patient_rational_extractor]
      R14  buy $ 15,321.62   sel     $32,295.00   [strat=deng_patient_rational_extractor]
      R15  buy $ 25,288.49   sel     $31,795.00   [strat=deng_patient_rational_extractor]
      R16  buy $ 31,122.70   sel     $31,495.00   [strat=deng_patient_rational_extractor]
   run 25 done in 10.7 min

   run 26/30 on 2014 Mercedes-Benz S550  seed=20360445
      R 1  buy $ 10,603.95   sel     $28,500.00   [strat=deng_patient_rational_extractor] *
      R 2  buy $ 11,248.68   sel     $28,500.00   [strat=deng_patient_rational_extractor]
      R 3  buy $ 25,271.49   sel     $27,500.00   [strat=deng_patient_rational_extractor]
      R 4  buy $  5,674.92   sel     $27,500.00   [strat=deng_patient_rational_extractor]
      R 5  buy $  6,627.55   sel     $27,500.00   [strat=deng_patient_rational_extractor]
      R 6  buy $     13.44   sel     $27,000.00   [strat=deng_patient_rational_extractor]
      R 7  buy $ 12,583.21   sel     $27,000.00   [strat=deng_patient_rational_extractor]
      R 8  buy $ 12,521.80   sel     $26,500.00   [strat=deng_patient_rational_extractor]
      R 9  buy $  8,766.67   sel     $26,000.00   [strat=deng_patient_rational_extractor]
      R10  buy $  9,828.93   sel     $25,500.00   [strat=deng_patient_rational_extractor]
      R11  buy $ 13,637.82   sel     $25,250.00   [strat=deng_patient_rational_extractor]
      R12  buy $  2,805.32   sel     $25,000.00   [strat=deng_patient_rational_extractor]
      R13  buy $ 16,137.09   sel     $24,500.00   [strat=deng_patient_rational_extractor]
      R14  buy $  3,924.28   sel     $24,000.00   [strat=deng_patient_rational_extractor]
      R15  buy $ 14,103.82   sel     $23,500.00   [strat=deng_patient_rational_extractor]
      R16  buy $  9,080.18   sel     $23,000.00   [strat=deng_patient_rational_extractor]
   run 26 done in 7.4 min

   run 27/30 on 2014 Mercedes-Benz S550  seed=20360446
      R 1  buy $ 72,770.38   sel     $94,500.00   [strat=deng_patient_rational_extractor] *
      R 2  buy $ 13,047.23   sel     $94,500.00   [strat=deng_patient_rational_extractor]
      R 3  buy $ 23,994.96   sel     $89,500.00   [strat=deng_patient_rational_extractor]
      R 4  buy $ 10,487.32   sel     $88,500.00   [strat=deng_patient_rational_extractor]
      R 5  buy $ 61,537.64   sel     $87,500.00   [strat=deng_patient_rational_extractor]
      R 6  buy $ 54,136.13   sel     $86,500.00   [strat=deng_patient_rational_extractor]
      R 7  buy $ 79,622.76   sel     $85,500.00   [strat=deng_patient_rational_extractor]
      R 8  buy $ 35,530.42   sel     $84,500.00   [strat=deng_patient_rational_extractor]
      R 9  buy $ 48,004.72   sel     $84,000.00   [strat=deng_patient_rational_extractor]
      R10  buy $  9,645.69   sel     $83,500.00   [strat=deng_patient_rational_extractor]
      R11  buy $ 69,107.35   sel     $83,000.00   [strat=deng_patient_rational_extractor]
      R12  buy $ 33,143.04   sel     $83,250.00   [strat=deng_patient_rational_extractor]
      R13  buy $ 69,973.94   sel     $82,500.00   [strat=deng_patient_rational_extractor]
      R14  buy $ 28,697.26   sel     $82,000.00   [strat=deng_patient_rational_extractor]
      R15  buy $ 36,604.83   sel     $81,500.00   [strat=deng_patient_rational_extractor]
      R16  buy $ 59,376.92   sel     $80,500.00   [strat=deng_patient_rational_extractor]
   run 27 done in 8.3 min

   run 28/30 on 2014 Mercedes-Benz S550  seed=20360447
      R 1  buy $ 74,483.10   sel     $88,995.00   [strat=deng_patient_rational_extractor] *
      R 2  buy $ 83,369.80   sel     $86,995.00   [strat=deng_patient_rational_extractor]
      R 3  buy $  4,970.75   sel     $86,995.00   [strat=deng_patient_rational_extractor]
      R 4  buy $ 52,768.99   sel     $85,995.00   [strat=deng_patient_rational_extractor]
      R 5  buy $ 79,388.71   sel     $84,495.00   [strat=deng_patient_rational_extractor]
      R 6  buy $ 69,522.66   sel     $83,995.00   [strat=deng_patient_rational_extractor]
      R 7  buy $ 69,383.43   sel     $82,995.00   [strat=deng_patient_rational_extractor]
      R 8  buy $ 22,736.00   sel     $82,495.00   [strat=deng_patient_rational_extractor]
      R 9  buy $ 29,497.20   sel     $81,995.00   [strat=deng_patient_rational_extractor]
      R10  buy $ 40,917.88   sel     $81,495.00   [strat=deng_patient_rational_extractor]
      R11  buy $ 73,805.57   sel     $79,995.00   [strat=deng_patient_rational_extractor]
      R12  buy $ 61,339.95   sel     $78,995.00   [strat=deng_patient_rational_extractor]
      R13  buy $  5,808.59   sel     $78,895.00   [strat=deng_patient_rational_extractor]
      R14  buy $ 74,341.68   sel     $78,695.00   [strat=deng_patient_rational_extractor]
      R15  buy $  9,583.54   sel     $78,595.00   [strat=deng_patient_rational_extractor]
      R16  buy $ 59,577.77   sel     $78,495.00   [strat=deng_patient_rational_extractor]
   run 28 done in 9.1 min

   run 29/30 on 2014 Mercedes-Benz S550  seed=20360448
      R 1  buy $ 38,478.19   sel     $49,900.00   [strat=deng_patient_rational_extractor] *
      R 2  buy $ 17,648.29   sel     $48,500.00   [strat=deng_patient_rational_extractor]
      R 3  buy $ 13,709.38   sel     $47,500.00   [strat=deng_patient_rational_extractor]
      R 4  buy $  4,171.95   sel     $47,500.00   [strat=deng_patient_rational_extractor]
      R 5  buy $ 42,171.10   sel     $46,500.00   [strat=deng_patient_rational_extractor]
      R 6  buy $  7,372.01   sel     $46,000.00   [strat=deng_patient_rational_extractor]
      R 7  buy $ 22,087.97   sel     $45,500.00   [strat=deng_patient_rational_extractor]
      R 8  buy $ 40,580.85   sel     $44,000.00   [strat=deng_patient_rational_extractor]
      R 9  buy $  6,194.74   sel     $42,500.00   [strat=deng_patient_rational_extractor]
      R10  buy $  8,433.83   sel     $42,000.00   [strat=deng_patient_rational_extractor]
      R11  buy $ 26,730.14   sel     $41,500.00   [strat=deng_patient_rational_extractor]
      R12  buy $ 18,510.80   sel     $40,000.00   [strat=deng_patient_rational_extractor]
      R13  buy $ 36,978.44   sel     $38,500.00   [strat=deng_patient_rational_extractor]
      R14  buy $ 23,357.73   sel     $37,500.00   [strat=deng_patient_rational_extractor]
      R15  buy $ 20,327.05   sel     $36,000.00   [strat=deng_patient_rational_extractor]
      R16  buy $ 33,392.24   sel     $34,500.00   [strat=deng_patient_rational_extractor]
   run 29 done in 8.1 min

   run 30/30 on 2014 Mercedes-Benz S550  seed=20360449
      R 1  buy $ 66,623.23   sel     PARSE-FAIL   [strat=deng_patient_rational_extractor] *
      R 2  buy $ 25,780.94   sel     $59,999.99   [strat=deng_patient_rational_extractor]
      R 3  buy $ 19,150.19   sel     $59,999.99   [strat=deng_patient_rational_extractor]
      R 4  buy $ 32,853.49   sel     $54,999.99   [strat=deng_patient_rational_extractor]
      R 5  buy $ 26,565.11   sel     $49,999.99   [strat=deng_patient_rational_extractor]
      R 6  buy $ 11,240.62   sel     $48,999.99   [strat=deng_patient_rational_extractor]
      R 7  buy $ 17,216.00   sel     $47,999.99   [strat=deng_patient_rational_extractor]
      R 8  buy $ 43,141.19   sel     $47,499.99   [strat=deng_patient_rational_extractor]
      R 9  buy $ 27,472.34   sel     $46,999.99   [strat=deng_patient_rational_extractor]
      R10  buy $ 25,163.99   sel     $46,499.99   [strat=deng_patient_rational_extractor]
      R11  buy $ 23,384.44   sel     $45,999.99   [strat=deng_patient_rational_extractor]
      R12  buy $ 12,811.68   sel     $44,999.99   [strat=deng_patient_rational_extractor]
      R13  buy $  6,431.72   sel     $44,499.99   [strat=deng_patient_rational_extractor]
      R14  buy $  9,104.70   sel     $43,999.99   [strat=deng_patient_rational_extractor]
      R15  buy $ 25,367.73   sel     $43,499.99   [strat=deng_patient_rational_extractor]
      R16  buy $ 35,796.88   sel     $42,999.99   [strat=deng_patient_rational_extractor]
   run 30 done in 8.5 min

   ---> checkpoint: car 1/5 done in 332.8 min; total so far 332.8 min; saved 30 runs to exp01_fixed_deng_patient_rational_extractor.json

--- CAR 2/5: 2016 Cadillac CTS 3.6 Luxury  (M=$45,000.00  cost=$15,750.00  cost/M=35.00%) ---

   run 1/30 on 2016 Cadillac CTS 3.6 Luxury  seed=20361420
      R 1  buy $ 23,187.06   sel     $34,995.00   [strat=deng_patient_rational_extractor] *
      R 2  buy $  4,921.53   sel     $33,500.00   [strat=deng_patient_rational_extractor]
      R 3  buy $  4,702.98   sel     $32,500.00   [strat=deng_patient_rational_extractor]
      R 4  buy $ 12,002.89   sel     $31,500.00   [strat=deng_patient_rational_extractor]
      R 5  buy $ 14,038.93   sel     $30,500.00   [strat=deng_patient_rational_extractor]
      R 6  buy $ 10,576.95   sel     $29,500.00   [strat=deng_patient_rational_extractor]
      R 7  buy $ 15,932.64   sel     $28,500.00   [strat=deng_patient_rational_extractor]
      R 8  buy $ 23,139.80   sel     $27,500.00   [strat=deng_patient_rational_extractor]
      R 9  buy $  2,607.18   sel     $26,500.00   [strat=deng_patient_rational_extractor]
      R10  buy $ 16,876.98   sel     $25,500.00   [strat=deng_patient_rational_extractor]
      R11  buy $  9,067.97   sel     $24,500.00   [strat=deng_patient_rational_extractor]
      R12  buy $  3,563.92   sel     $24,000.00   [strat=deng_patient_rational_extractor]
      R13  buy $  1,973.27   sel     $23,500.00   [strat=deng_patient_rational_extractor]
      R14  buy $  2,499.03   sel     $23,000.00   [strat=deng_patient_rational_extractor]
      R15  buy $ 18,709.56   sel     $22,000.00   [strat=deng_patient_rational_extractor]
      R16  buy $ 15,454.91   sel     $21,000.00   [strat=deng_patient_rational_extractor]
   run 1 done in 6.6 min

   run 2/30 on 2016 Cadillac CTS 3.6 Luxury  seed=20361421
      R 1  buy $ 22,615.99   sel     $28,500.00   [strat=deng_patient_rational_extractor] *
      R 2  buy $ 16,397.12   sel     $27,500.00   [strat=deng_patient_rational_extractor]
      R 3  buy $  8,283.51   sel     $27,500.00   [strat=deng_patient_rational_extractor]
      R 4  buy $ 20,849.17   sel     $26,500.00   [strat=deng_patient_rational_extractor]
      R 5  buy $  5,351.10   sel     $26,000.00   [strat=deng_patient_rational_extractor]
      R 6  buy $ 17,861.99   sel     $25,500.00   [strat=deng_patient_rational_extractor]
      R 7  buy $  4,558.84   sel     $25,000.00   [strat=deng_patient_rational_extractor]
      R 8  buy $ 16,710.29   sel     $24,500.00   [strat=deng_patient_rational_extractor]
      R 9  buy $    857.84   sel     $24,000.00   [strat=deng_patient_rational_extractor]
      R10  buy $ 12,885.07   sel     $23,500.00   [strat=deng_patient_rational_extractor]
      R11  buy $ 19,343.88   sel     $22,500.00   [strat=deng_patient_rational_extractor]
      R12  buy $    118.09   sel     $23,000.00   [strat=deng_patient_rational_extractor]
      R13  buy $  5,831.98   sel     $22,500.00   [strat=deng_patient_rational_extractor]
      R14  buy $ 18,627.52   sel     $21,500.00   [strat=deng_patient_rational_extractor]
      R15  buy $  1,916.72   sel     $21,000.00   [strat=deng_patient_rational_extractor]
      R16  buy $  3,610.61   sel     $20,500.00   [strat=deng_patient_rational_extractor]
   run 2 done in 6.6 min

   run 3/30 on 2016 Cadillac CTS 3.6 Luxury  seed=20361422
      R 1  buy $ 28,572.61   sel     $34,000.00   [strat=deng_patient_rational_extractor] *
      R 2  buy $ 14,780.03   sel     $34,000.00   [strat=deng_patient_rational_extractor]
      R 3  buy $    795.47   sel     $34,000.00   [strat=deng_patient_rational_extractor]
      R 4  buy $  8,366.84   sel     $33,500.00   [strat=deng_patient_rational_extractor]
      R 5  buy $ 28,340.56   sel     $32,000.00   [strat=deng_patient_rational_extractor]
      R 6  buy $ 13,851.34   sel     $32,000.00   [strat=deng_patient_rational_extractor]
      R 7  buy $ 12,416.11   sel     $32,000.00   [strat=deng_patient_rational_extractor]
      R 8  buy $  7,128.23   sel     $32,000.00   [strat=deng_patient_rational_extractor]
      R 9  buy $ 15,594.65   sel     $30,000.00   [strat=deng_patient_rational_extractor]
      R10  buy $ 14,079.29   sel     $30,000.00   [strat=deng_patient_rational_extractor]
      R11  buy $  3,689.01   sel     $29,500.00   [strat=deng_patient_rational_extractor]
      R12  buy $ 23,671.86   sel     $28,000.00   [strat=deng_patient_rational_extractor]
      R13  buy $  9,187.85   sel     $28,000.00   [strat=deng_patient_rational_extractor]
      R14  buy $ 14,393.37   sel     $27,500.00   [strat=deng_patient_rational_extractor]
      R15  buy $ 22,485.25   sel     $25,000.00   [strat=deng_patient_rational_extractor]
      R16  buy $ 16,830.34   sel     $24,000.00   [strat=deng_patient_rational_extractor]
   run 3 done in 7.5 min

   run 4/30 on 2016 Cadillac CTS 3.6 Luxury  seed=20361423
      R 1  buy $ 18,158.69   sel     $19,500.00   [strat=deng_patient_rational_extractor] *
      R 2  buy $ 15,285.45   sel     $19,400.00   [strat=deng_patient_rational_extractor]
      R 3  buy $  6,042.28   sel     $19,300.00   [strat=deng_patient_rational_extractor]
      R 4  buy $ 15,022.25   sel     $18,500.00   [strat=deng_patient_rational_extractor]
      R 5  buy $  6,034.97   sel     $18,450.00   [strat=deng_patient_rational_extractor]
      R 6  buy $  3,861.05   sel     $18,400.00   [strat=deng_patient_rational_extractor]
      R 7  buy $ 14,388.12   sel     $18,200.00   [strat=deng_patient_rational_extractor]
      R 8  buy $  7,656.54   sel     $18,100.00   [strat=deng_patient_rational_extractor]
      R 9  buy $ 16,072.72   sel     $17,500.00   [strat=deng_patient_rational_extractor]
      R10  buy $  6,925.27   sel     $17,400.00   [strat=deng_patient_rational_extractor]
      R11  buy $  7,463.27   sel     $17,300.00   [strat=deng_patient_rational_extractor]
      R12  buy $ 11,607.49   sel     $17,000.00   [strat=deng_patient_rational_extractor]
      R13  buy $ 13,462.11   sel     $16,800.00   [strat=deng_patient_rational_extractor]
      R14  buy $ 12,585.50   sel     $16,700.00   [strat=deng_patient_rational_extractor]
      R15  buy $ 10,205.03   sel     $16,600.00   [strat=deng_patient_rational_extractor]
      R16  buy $    933.42   sel     $16,500.00   [strat=deng_patient_rational_extractor]
   run 4 done in 8.5 min

   run 5/30 on 2016 Cadillac CTS 3.6 Luxury  seed=20361424
      R 1  buy $ 39,508.39   sel     $43,500.00   [strat=deng_patient_rational_extractor] *
      R 2  buy $  2,366.23   sel     $42,000.00   [strat=deng_patient_rational_extractor]
      R 3  buy $ 23,462.45   sel     $41,000.00   [strat=deng_patient_rational_extractor]
      R 4  buy $  3,303.08   sel     $40,500.00   [strat=deng_patient_rational_extractor]
      R 5  buy $ 38,411.37   sel     $39,900.00   [strat=deng_patient_rational_extractor]
      R 6  buy $ 15,592.99   sel     $39,800.00   [strat=deng_patient_rational_extractor]
      R 7  buy $  7,645.45   sel     $39,750.00   [strat=deng_patient_rational_extractor]
      R 8  buy $  1,392.23   sel     $39,700.00   [strat=deng_patient_rational_extractor]
      R 9  buy $ 22,750.58   sel     $39,500.00   [strat=deng_patient_rational_extractor]
      R10  buy $ 12,650.87   sel     $39,400.00   [strat=deng_patient_rational_extractor]
      R11  buy $  1,948.23   sel     $39,350.00   [strat=deng_patient_rational_extractor]
      R12  buy $ 31,435.79   sel     $39,000.00   [strat=deng_patient_rational_extractor]
      R13  buy $ 14,512.17   sel     $38,900.00   [strat=deng_patient_rational_extractor]
      R14  buy $ 37,597.14   sel     $38,500.00   [strat=deng_patient_rational_extractor]
      R15  buy $ 38,038.80   sel     $38,250.00   [strat=deng_patient_rational_extractor]
      R16  buy $ 21,537.79   sel     $38,200.00   [strat=deng_patient_rational_extractor]
   run 5 done in 7.5 min

   run 6/30 on 2016 Cadillac CTS 3.6 Luxury  seed=20361425
      R 1  buy $ 11,976.24   sel     $19,995.00   [strat=deng_patient_rational_extractor] *
      R 2  buy $ 11,796.83   sel     $19,500.00   [strat=deng_patient_rational_extractor]
      R 3  buy $  6,629.50   sel     $19,500.00   [strat=deng_patient_rational_extractor]
      R 4  buy $ 15,251.39   sel     $18,500.00   [strat=deng_patient_rational_extractor]
      R 5  buy $  6,567.99   sel     $17,500.00   [strat=deng_patient_rational_extractor]
      R 6  buy $ 10,131.28   sel     $16,500.00   [strat=deng_patient_rational_extractor]
      R 7  buy $ 11,464.34   sel     $16,500.00   [strat=deng_patient_rational_extractor]
      R 8  buy $ 15,495.35   sel     $16,000.00   [strat=deng_patient_rational_extractor]
      R 9  buy $ 15,463.78   sel     $15,900.00   [strat=deng_patient_rational_extractor]
      R10  buy $ 10,828.38   sel     $15,800.00   [strat=deng_patient_rational_extractor]
      R11  buy $  4,810.71   sel     $15,800.00   [strat=deng_patient_rational_extractor]
      R12  buy $  1,845.62   sel     $15,800.00   [strat=deng_patient_rational_extractor]
      R13  buy $  1,704.66   sel     $15,800.00   [strat=deng_patient_rational_extractor]
      R14  buy $  9,802.04   sel     $15,800.00   [strat=deng_patient_rational_extractor]
      R15  buy $  8,542.65   sel     $15,800.00   [strat=deng_patient_rational_extractor]
      R16  buy $  6,745.71   sel     $15,800.00   [strat=deng_patient_rational_extractor]
   run 6 done in 9.9 min

   run 7/30 on 2016 Cadillac CTS 3.6 Luxury  seed=20361426
      R 1  buy $  9,098.33   sel     $19,500.00   [strat=deng_patient_rational_extractor] *
      R 2  buy $  2,428.95   sel     $18,500.00   [strat=deng_patient_rational_extractor]
      R 3  buy $  1,548.12   sel     $18,250.00   [strat=deng_patient_rational_extractor]
      R 4  buy $ 11,993.53   sel     $17,500.00   [strat=deng_patient_rational_extractor]
      R 5  buy $ 14,111.19   sel     $16,500.00   [strat=deng_patient_rational_extractor]
      R 6  buy $ 10,558.71   sel     $16,250.00   [strat=deng_patient_rational_extractor]
      R 7  buy $ 14,498.35   sel     $16,000.00   [strat=deng_patient_rational_extractor]
      R 8  buy $  8,235.21   sel     $15,900.00   [strat=deng_patient_rational_extractor]
      R 9  buy $ 10,165.02   sel     $15,800.00   [strat=deng_patient_rational_extractor]
      R10  buy $  3,488.32   sel     $15,790.00   [strat=deng_patient_rational_extractor]
      R11  buy $    445.72   sel     $15,790.00   [strat=deng_patient_rational_extractor]
      R12  buy $  7,118.93   sel     $15,780.00   [strat=deng_patient_rational_extractor]
      R13  buy $  3,355.97   sel     $15,775.00   [strat=deng_patient_rational_extractor]
      R14  buy $ 13,973.91   sel     $15,770.00   [strat=deng_patient_rational_extractor]
      R15  buy $  2,840.82   sel     $15,765.00   [strat=deng_patient_rational_extractor]
      R16  buy $  8,295.21   sel     $15,760.00   [strat=deng_patient_rational_extractor]
   run 7 done in 8.9 min

   run 8/30 on 2016 Cadillac CTS 3.6 Luxury  seed=20361427
      R 1  buy $ 18,134.56   sel     $22,500.00   [strat=deng_patient_rational_extractor] *
      R 2  buy $  4,886.15   sel     $21,500.00   [strat=deng_patient_rational_extractor]
      R 3  buy $ 16,891.60   sel     $20,500.00   [strat=deng_patient_rational_extractor]
      R 4  buy $    831.14   sel     $19,900.00   [strat=deng_patient_rational_extractor]
      R 5  buy $  9,518.80   sel     $18,500.00   [strat=deng_patient_rational_extractor]
      R 6  buy $ 15,826.37   sel     $17,500.00   [strat=deng_patient_rational_extractor]
      R 7  buy $ 15,556.52   sel     $17,000.00   [strat=deng_patient_rational_extractor]
      R 8  buy $ 13,951.22   sel     $16,500.00   [strat=deng_patient_rational_extractor]
      R 9  buy $  6,693.55   sel     $16,000.00   [strat=deng_patient_rational_extractor]
      R10  buy $  3,339.76   sel     $15,900.00   [strat=deng_patient_rational_extractor]
      R11  buy $  9,807.44   sel     $15,500.00   [strat=deng_patient_rational_extractor]
      R12  buy $ 13,857.70   sel     $15,800.00   [strat=deng_patient_rational_extractor]
      R13  buy $  9,765.31   sel     $15,800.00   [strat=deng_patient_rational_extractor]
      R14  buy $  2,039.40   sel     $15,800.00   [strat=deng_patient_rational_extractor]
      R15  buy $  1,313.77   sel     $15,800.00   [strat=deng_patient_rational_extractor]
      R16  buy $ 14,870.92   sel     $15,800.00   [strat=deng_patient_rational_extractor]
   run 8 done in 9.7 min

   run 9/30 on 2016 Cadillac CTS 3.6 Luxury  seed=20361428
      R 1  buy $  7,962.66   sel     $38,500.00   [strat=deng_patient_rational_extractor] *
      R 2  buy $  6,434.57   sel     $37,000.00   [strat=deng_patient_rational_extractor]
      R 3  buy $ 28,308.76   sel     $36,000.00   [strat=deng_patient_rational_extractor]
      R 4  buy $ 28,174.84   sel     $35,500.00   [strat=deng_patient_rational_extractor]
      R 5  buy $ 31,129.96   sel     $34,000.00   [strat=deng_patient_rational_extractor]
      R 6  buy $ 12,438.25   sel     $33,500.00   [strat=deng_patient_rational_extractor]
      R 7  buy $ 10,235.52   sel     $33,000.00   [strat=deng_patient_rational_extractor]
      R 8  buy $ 15,691.46   sel     $32,000.00   [strat=deng_patient_rational_extractor]
      R 9  buy $  8,529.39   sel     $31,500.00   [strat=deng_patient_rational_extractor]
      R10  buy $  8,774.84   sel     $31,000.00   [strat=deng_patient_rational_extractor]
      R11  buy $  3,382.91   sel     $30,000.00   [strat=deng_patient_rational_extractor]
      R12  buy $ 13,047.46   sel     $29,500.00   [strat=deng_patient_rational_extractor]
      R13  buy $ 13,166.86   sel     $28,000.00   [strat=deng_patient_rational_extractor]
      R14  buy $  9,158.64   sel     $27,500.00   [strat=deng_patient_rational_extractor]
      R15  buy $ 17,642.55   sel     $26,000.00   [strat=deng_patient_rational_extractor]
      R16  buy $  9,798.84   sel     $25,000.00   [strat=deng_patient_rational_extractor]
   run 9 done in 8.8 min

   run 10/30 on 2016 Cadillac CTS 3.6 Luxury  seed=20361429
      R 1  buy $ 35,292.35   sel     $39,500.00   [strat=deng_patient_rational_extractor] *
      R 2  buy $ 10,454.41   sel     $38,750.00   [strat=deng_patient_rational_extractor]
      R 3  buy $ 18,432.41   sel     $37,500.00   [strat=deng_patient_rational_extractor]
      R 4  buy $ 24,802.99   sel     $36,000.00   [strat=deng_patient_rational_extractor]
      R 5  buy $  3,029.87   sel     $35,500.00   [strat=deng_patient_rational_extractor]
      R 6  buy $ 17,446.93   sel     $34,500.00   [strat=deng_patient_rational_extractor]
      R 7  buy $  9,939.40   sel     $34,250.00   [strat=deng_patient_rational_extractor]
      R 8  buy $ 20,806.80   sel     $33,500.00   [strat=deng_patient_rational_extractor]
      R 9  buy $ 28,648.00   sel     $32,500.00   [strat=deng_patient_rational_extractor]
      R10  buy $ 23,746.50   sel     $31,500.00   [strat=deng_patient_rational_extractor]
      R11  buy $ 25,014.94   sel     $30,500.00   [strat=deng_patient_rational_extractor]
      R12  buy $ 23,954.38   sel     $29,750.00   [strat=deng_patient_rational_extractor]
      R13  buy $ 21,009.29   sel     $28,500.00   [strat=deng_patient_rational_extractor]
      R14  buy $  2,807.94   sel     $28,000.00   [strat=deng_patient_rational_extractor]
      R15  buy $ 27,103.00   sel     $27,500.00   [strat=deng_patient_rational_extractor]
      R16  buy $ 22,856.46   sel     $27,000.00   [strat=deng_patient_rational_extractor]
   run 10 done in 7.9 min

   run 11/30 on 2016 Cadillac CTS 3.6 Luxury  seed=20361430
      R 1  buy $  1,435.46   sel     $42,500.00   [strat=deng_patient_rational_extractor] *
      R 2  buy $    377.26   sel     $42,500.00   [strat=deng_patient_rational_extractor]
      R 3  buy $  2,107.89   sel     $41,500.00   [strat=deng_patient_rational_extractor]
      R 4  buy $ 26,686.55   sel     $39,500.00   [strat=deng_patient_rational_extractor]
      R 5  buy $ 37,275.07   sel     $38,500.00   [strat=deng_patient_rational_extractor]
      R 6  buy $ 18,255.07   sel     $38,000.00   [strat=deng_patient_rational_extractor]
      R 7  buy $  2,371.01   sel     $38,000.00   [strat=deng_patient_rational_extractor]
      R 8  buy $ 19,855.14   sel     $37,500.00   [strat=deng_patient_rational_extractor]
      R 9  buy $ 14,799.76   sel     $37,500.00   [strat=deng_patient_rational_extractor]
      R10  buy $ 28,381.32   sel     $35,000.00   [strat=deng_patient_rational_extractor]
      R11  buy $ 16,590.74   sel     $34,000.00   [strat=deng_patient_rational_extractor]
      R12  buy $ 20,412.40   sel     $32,000.00   [strat=deng_patient_rational_extractor]
      R13  buy $ 24,202.01   sel     $29,500.00   [strat=deng_patient_rational_extractor]
      R14  buy $ 14,892.60   sel     $27,500.00   [strat=deng_patient_rational_extractor]
      R15  buy $ 11,207.55   sel     $27,500.00   [strat=deng_patient_rational_extractor]
      R16  buy $  1,335.52   sel     $26,500.00   [strat=deng_patient_rational_extractor]
   run 11 done in 8.3 min

   run 12/30 on 2016 Cadillac CTS 3.6 Luxury  seed=20361431
      R 1  buy $ 41,695.25   sel     $44,500.00   [strat=deng_patient_rational_extractor] *
      R 2  buy $ 41,149.86   sel     $43,500.00   [strat=deng_patient_rational_extractor]
      R 3  buy $  7,581.85   sel     $43,000.00   [strat=deng_patient_rational_extractor]
      R 4  buy $ 41,772.73   sel     $42,500.00   [strat=deng_patient_rational_extractor]
      R 5  buy $ 18,877.78   sel     $42,500.00   [strat=deng_patient_rational_extractor]
      R 6  buy $ 19,409.38   sel     $42,500.00   [strat=deng_patient_rational_extractor]
      R 7  buy $ 37,068.05   sel     $42,000.00   [strat=deng_patient_rational_extractor]
      R 8  buy $    757.31   sel     $41,000.00   [strat=deng_patient_rational_extractor]
      R 9  buy $  8,744.44   sel     $40,000.00   [strat=deng_patient_rational_extractor]
      R10  buy $ 38,157.52   sel     $39,500.00   [strat=deng_patient_rational_extractor]
      R11  buy $ 38,071.39   sel     $39,000.00   [strat=deng_patient_rational_extractor]
      R12  buy $  7,814.80   sel     $39,000.00   [strat=deng_patient_rational_extractor]
      R13  buy $ 19,109.25   sel     $38,500.00   [strat=deng_patient_rational_extractor]
      R14  buy $ 32,199.99   sel     $37,500.00   [strat=deng_patient_rational_extractor]
      R15  buy $  8,699.18   sel     $37,000.00   [strat=deng_patient_rational_extractor]
      R16  buy $  2,945.53   sel     $36,500.00   [strat=deng_patient_rational_extractor]
   run 12 done in 7.6 min

   run 13/30 on 2016 Cadillac CTS 3.6 Luxury  seed=20361432
      R 1  buy $ 18,658.45   sel     $21,999.99   [strat=deng_patient_rational_extractor] *
      R 2  buy $ 15,107.32   sel     $21,999.99   [strat=deng_patient_rational_extractor]
      R 3  buy $ 10,125.08   sel     $21,500.00   [strat=deng_patient_rational_extractor]
      R 4  buy $ 10,480.13   sel     $21,000.00   [strat=deng_patient_rational_extractor]
      R 5  buy $ 15,148.12   sel     $20,000.00   [strat=deng_patient_rational_extractor]
      R 6  buy $  8,535.94   sel     $19,500.00   [strat=deng_patient_rational_extractor]
      R 7  buy $    387.09   sel     $19,500.00   [strat=deng_patient_rational_extractor]
      R 8  buy $  2,817.80   sel     $19,500.00   [strat=deng_patient_rational_extractor]
      R 9  buy $ 17,379.96   sel     $18,750.00   [strat=deng_patient_rational_extractor]
      R10  buy $  8,620.05   sel     $18,500.00   [strat=deng_patient_rational_extractor]
      R11  buy $ 17,478.76   sel     $18,250.00   [strat=deng_patient_rational_extractor]
      R12  buy $ 13,908.22   sel     $18,000.00   [strat=deng_patient_rational_extractor]
      R13  buy $  6,300.79   sel     $17,750.00   [strat=deng_patient_rational_extractor]
      R14  buy $ 16,192.12   sel     $17,500.00   [strat=deng_patient_rational_extractor]
      R15  buy $  8,737.32   sel     $17,250.00   [strat=deng_patient_rational_extractor]
      R16  buy $ 11,118.87   sel     $17,000.00   [strat=deng_patient_rational_extractor]
   run 13 done in 6.8 min

   run 14/30 on 2016 Cadillac CTS 3.6 Luxury  seed=20361433
      R 1  buy $ 34,140.04   sel     $42,500.00   [strat=deng_patient_rational_extractor] *
      R 2  buy $ 38,271.51   sel     $41,500.00   [strat=deng_patient_rational_extractor]
      R 3  buy $ 17,639.09   sel     $40,500.00   [strat=deng_patient_rational_extractor]
      R 4  buy $  7,215.62   sel     $39,500.00   [strat=deng_patient_rational_extractor]
      R 5  buy $ 33,077.98   sel     $38,900.00   [strat=deng_patient_rational_extractor]
      R 6  buy $ 16,126.90   sel     $38,500.00   [strat=deng_patient_rational_extractor]
      R 7  buy $  6,198.17   sel     $38,500.00   [strat=deng_patient_rational_extractor]
      R 8  buy $  6,670.25   sel     $38,500.00   [strat=deng_patient_rational_extractor]
      R 9  buy $ 15,593.36   sel     $38,500.00   [strat=deng_patient_rational_extractor]
      R10  buy $ 21,073.92   sel     $37,900.00   [strat=deng_patient_rational_extractor]
      R11  buy $ 13,256.25   sel     $37,500.00   [strat=deng_patient_rational_extractor]
      R12  buy $  1,363.56   sel     $36,500.00   [strat=deng_patient_rational_extractor]
      R13  buy $ 32,832.80   sel     $34,900.00   [strat=deng_patient_rational_extractor]
      R14  buy $ 29,235.80   sel     $33,500.00   [strat=deng_patient_rational_extractor]
      R15  buy $ 29,132.12   sel     $31,500.00   [strat=deng_patient_rational_extractor]
      R16  buy $ 18,146.55   sel     $28,500.00   [strat=deng_patient_rational_extractor]
   run 14 done in 7.3 min

   run 15/30 on 2016 Cadillac CTS 3.6 Luxury  seed=20361434
      R 1  buy $ 23,635.04   sel     $27,995.00   [strat=deng_patient_rational_extractor] *
      R 2  buy $ 24,799.56   sel     $27,000.00   [strat=deng_patient_rational_extractor]
      R 3  buy $ 25,808.44   sel     $26,600.00   [strat=deng_patient_rational_extractor]
      R 4  buy $ 24,116.00   sel     $26,400.00   [strat=deng_patient_rational_extractor]
      R 5  buy $  8,876.15   sel     $26,400.00   [strat=deng_patient_rational_extractor]
      R 6  buy $  8,078.47   sel     $26,400.00   [strat=deng_patient_rational_extractor]
      R 7  buy $ 18,471.16   sel     $26,200.00   [strat=deng_patient_rational_extractor]
      R 8  buy $  6,023.77   sel     $26,000.00   [strat=deng_patient_rational_extractor]
      R 9  buy $ 11,407.00   sel     $26,000.00   [strat=deng_patient_rational_extractor]
      R10  buy $ 18,576.72   sel     $25,800.00   [strat=deng_patient_rational_extractor]
      R11  buy $ 14,288.84   sel     $25,600.00   [strat=deng_patient_rational_extractor]
      R12  buy $ 23,377.72   sel     $25,400.00   [strat=deng_patient_rational_extractor]
      R13  buy $ 22,738.31   sel     $25,200.00   [strat=deng_patient_rational_extractor]
      R14  buy $  6,915.08   sel     $25,000.00   [strat=deng_patient_rational_extractor]
      R15  buy $    572.19   sel     $24,800.00   [strat=deng_patient_rational_extractor]
      R16  buy $  2,550.78   sel     $24,800.00   [strat=deng_patient_rational_extractor]
   run 15 done in 6.6 min

   run 16/30 on 2016 Cadillac CTS 3.6 Luxury  seed=20361435
      R 1  buy $ 29,252.59   sel     $38,500.00   [strat=deng_patient_rational_extractor] *
      R 2  buy $ 34,030.60   sel     $37,500.00   [strat=deng_patient_rational_extractor]
      R 3  buy $ 11,922.41   sel     $36,500.00   [strat=deng_patient_rational_extractor]
      R 4  buy $ 29,065.65   sel     $35,000.00   [strat=deng_patient_rational_extractor]
      R 5  buy $ 21,388.56   sel     $34,500.00   [strat=deng_patient_rational_extractor]
      R 6  buy $ 23,611.59   sel     $34,000.00   [strat=deng_patient_rational_extractor]
      R 7  buy $  8,406.06   sel     $33,500.00   [strat=deng_patient_rational_extractor]
      R 8  buy $ 27,918.65   sel     $33,000.00   [strat=deng_patient_rational_extractor]
      R 9  buy $ 26,888.29   sel     $32,500.00   [strat=deng_patient_rational_extractor]
      R10  buy $ 21,017.92   sel     $32,000.00   [strat=deng_patient_rational_extractor]
      R11  buy $    611.66   sel     $31,500.00   [strat=deng_patient_rational_extractor]
      R12  buy $ 23,728.34   sel     $30,000.00   [strat=deng_patient_rational_extractor]
      R13  buy $ 29,620.02   sel     $29,900.00   [strat=deng_patient_rational_extractor]
      R14  buy $ 17,620.52   sel     $29,500.00   [strat=deng_patient_rational_extractor]
      R15  buy $ 18,773.33   sel     $28,500.00   [strat=deng_patient_rational_extractor]
      R16  buy $  9,725.97   sel     $28,000.00   [strat=deng_patient_rational_extractor]
   run 16 done in 6.5 min

   run 17/30 on 2016 Cadillac CTS 3.6 Luxury  seed=20361436
      R 1  buy $ 31,780.55   sel     $39,500.00   [strat=deng_patient_rational_extractor] *
      R 2  buy $ 10,946.58   sel     $38,500.00   [strat=deng_patient_rational_extractor]
      R 3  buy $ 18,217.12   sel     $37,500.00   [strat=deng_patient_rational_extractor]
      R 4  buy $  4,092.55   sel     $36,500.00   [strat=deng_patient_rational_extractor]
      R 5  buy $ 18,431.17   sel     $35,500.00   [strat=deng_patient_rational_extractor]
      R 6  buy $ 20,395.47   sel     $34,500.00   [strat=deng_patient_rational_extractor]
      R 7  buy $ 12,224.87   sel     $34,000.00   [strat=deng_patient_rational_extractor]
      R 8  buy $ 15,848.16   sel     $32,500.00   [strat=deng_patient_rational_extractor]
      R 9  buy $ 17,830.15   sel     $31,500.00   [strat=deng_patient_rational_extractor]
      R10  buy $ 10,570.76   sel     $31,000.00   [strat=deng_patient_rational_extractor]
      R11  buy $ 23,048.52   sel     $29,500.00   [strat=deng_patient_rational_extractor]
      R12  buy $  4,589.43   sel     $28,500.00   [strat=deng_patient_rational_extractor]
      R13  buy $  1,021.57   sel     $28,000.00   [strat=deng_patient_rational_extractor]
      R14  buy $ 16,301.16   sel     $27,500.00   [strat=deng_patient_rational_extractor]
      R15  buy $ 20,058.44   sel     $26,500.00   [strat=deng_patient_rational_extractor]
      R16  buy $ 13,342.08   sel     $26,000.00   [strat=deng_patient_rational_extractor]
   run 17 done in 7.9 min

   run 18/30 on 2016 Cadillac CTS 3.6 Luxury  seed=20361437
      R 1  buy $ 42,139.83   sel     $44,500.00   [strat=deng_patient_rational_extractor] *
      R 2  buy $  2,703.45   sel     $44,500.00   [strat=deng_patient_rational_extractor]
      R 3  buy $ 20,979.92   sel     $43,000.00   [strat=deng_patient_rational_extractor]
      R 4  buy $ 30,764.05   sel     $41,500.00   [strat=deng_patient_rational_extractor]
      R 5  buy $ 41,156.29   sel     $41,500.00   [strat=deng_patient_rational_extractor]
      R 6  buy $ 11,888.83   sel     $41,328.00   [strat=deng_patient_rational_extractor]
      R 7  buy $ 32,125.15   sel     $40,000.00   [strat=deng_patient_rational_extractor]
      R 8  buy $ 33,332.15   sel     $39,500.00   [strat=deng_patient_rational_extractor]
      R 9  buy $ 22,884.14   sel     $38,000.00   [strat=deng_patient_rational_extractor]
      R10  buy $  2,753.33   sel     $37,500.00   [strat=deng_patient_rational_extractor]
      R11  buy $    227.59   sel     $37,000.00   [strat=deng_patient_rational_extractor]
      R12  buy $ 28,997.22   sel     $36,000.00   [strat=deng_patient_rational_extractor]
      R13  buy $ 24,879.25   sel     $35,000.00   [strat=deng_patient_rational_extractor]
      R14  buy $ 12,224.99   sel     $34,500.00   [strat=deng_patient_rational_extractor]
      R15  buy $  6,917.73   sel     $34,000.00   [strat=deng_patient_rational_extractor]
      R16  buy $  2,097.50   sel     $33,500.00   [strat=deng_patient_rational_extractor]
   run 18 done in 7.1 min

   run 19/30 on 2016 Cadillac CTS 3.6 Luxury  seed=20361438
      R 1  buy $ 10,532.47   sel     $19,995.00   [strat=deng_patient_rational_extractor] *
      R 2  buy $  6,851.38   sel     $19,500.00   [strat=deng_patient_rational_extractor]
      R 3  buy $  1,961.21   sel     $19,500.00   [strat=deng_patient_rational_extractor]
      R 4  buy $ 17,278.65   sel     $18,800.00   [strat=deng_patient_rational_extractor]
      R 5  buy $ 14,921.24   sel     $18,500.00   [strat=deng_patient_rational_extractor]
      R 6  buy $  6,540.82   sel     $18,500.00   [strat=deng_patient_rational_extractor]
      R 7  buy $  3,709.01   sel     $18,500.00   [strat=deng_patient_rational_extractor]
      R 8  buy $    135.96   sel     $18,500.00   [strat=deng_patient_rational_extractor]
      R 9  buy $  6,069.53   sel     $18,300.00   [strat=deng_patient_rational_extractor]
      R10  buy $  8,153.54   sel     $18,000.00   [strat=deng_patient_rational_extractor]
      R11  buy $ 11,931.60   sel     $17,600.00   [strat=deng_patient_rational_extractor]
      R12  buy $ 12,054.12   sel     $17,200.00   [strat=deng_patient_rational_extractor]
      R13  buy $ 17,022.91   sel     $17,100.00   [strat=deng_patient_rational_extractor]
      R14  buy $ 11,865.63   sel     $17,050.00   [strat=deng_patient_rational_extractor]
      R15  buy $  7,425.18   sel     $17,000.00   [strat=deng_patient_rational_extractor]
      R16  buy $  2,152.98   sel     $17,000.00   [strat=deng_patient_rational_extractor]
   run 19 done in 6.7 min

   run 20/30 on 2016 Cadillac CTS 3.6 Luxury  seed=20361439
      R 1  buy $ 10,361.50   sel     $17,000.00   [strat=deng_patient_rational_extractor] *
      R 2  buy $  2,570.36   sel     $16,500.00   [strat=deng_patient_rational_extractor]
      R 3  buy $ 12,503.93   sel     $16,000.00   [strat=deng_patient_rational_extractor]
      R 4  buy $ 11,663.17   sel     $15,900.00   [strat=deng_patient_rational_extractor]
      R 5  buy $ 13,849.76   sel     $15,800.00   [strat=deng_patient_rational_extractor]
      R 6  buy $  3,609.44   sel     $15,750.00   [strat=deng_patient_rational_extractor]
      R 7  buy $ 10,157.25   sel     $15,750.00   [strat=deng_patient_rational_extractor]
      R 8  buy $ 15,438.87   sel     $15,750.00   [strat=deng_patient_rational_extractor]
      R 9  buy $ 10,150.25   sel     $15,750.00   [strat=deng_patient_rational_extractor]
      R10  buy $  3,183.57   sel     $15,750.00   [strat=deng_patient_rational_extractor]
      R11  buy $  2,518.63   sel     $15,750.00   [strat=deng_patient_rational_extractor]
      R12  buy $  7,878.51   sel     $15,750.00   [strat=deng_patient_rational_extractor]
      R13  buy $  3,978.65   sel     $15,750.00   [strat=deng_patient_rational_extractor]
      R14  buy $  7,600.81   sel     $15,750.00   [strat=deng_patient_rational_extractor]
      R15  buy $ 14,925.13   sel     $15,750.00   [strat=deng_patient_rational_extractor]
      R16  buy $ 13,556.65   sel     $15,700.00   [strat=deng_patient_rational_extractor]
   run 20 done in 6.0 min

   run 21/30 on 2016 Cadillac CTS 3.6 Luxury  seed=20361440
      R 1  buy $ 36,756.47   sel     $42,500.00   [strat=deng_patient_rational_extractor] *
      R 2  buy $ 32,758.46   sel     $41,000.00   [strat=deng_patient_rational_extractor]
      R 3  buy $ 29,601.60   sel     $39,500.00   [strat=deng_patient_rational_extractor]
      R 4  buy $ 23,168.41   sel     $38,500.00   [strat=deng_patient_rational_extractor]
      R 5  buy $ 28,735.12   sel     $36,000.00   [strat=deng_patient_rational_extractor]
      R 6  buy $  9,459.21   sel     $35,500.00   [strat=deng_patient_rational_extractor]
      R 7  buy $ 27,507.88   sel     $34,000.00   [strat=deng_patient_rational_extractor]
      R 8  buy $ 19,844.20   sel     $32,000.00   [strat=deng_patient_rational_extractor]
      R 9  buy $ 22,518.98   sel     $30,000.00   [strat=deng_patient_rational_extractor]
      R10  buy $ 22,917.22   sel     $29,000.00   [strat=deng_patient_rational_extractor]
      R11  buy $  1,667.43   sel     $27,000.00   [strat=deng_patient_rational_extractor]
      R12  buy $  1,219.10   sel     $26,500.00   [strat=deng_patient_rational_extractor]
      R13  buy $  7,272.36   sel     $25,000.00   [strat=deng_patient_rational_extractor]
      R14  buy $    896.32   sel     $24,500.00   [strat=deng_patient_rational_extractor]
      R15  buy $  8,291.08   sel     $23,500.00   [strat=deng_patient_rational_extractor]
      R16  buy $  7,576.12   sel     $22,500.00   [strat=deng_patient_rational_extractor]
   run 21 done in 8.3 min

   run 22/30 on 2016 Cadillac CTS 3.6 Luxury  seed=20361441
      R 1  buy $  1,000.50   sel     $39,999.00   [strat=deng_patient_rational_extractor] *
      R 2  buy $ 11,310.92   sel     $38,500.00   [strat=deng_patient_rational_extractor]
      R 3  buy $ 36,201.35   sel     $37,750.00   [strat=deng_patient_rational_extractor]
      R 4  buy $ 33,745.79   sel     $37,000.00   [strat=deng_patient_rational_extractor]
      R 5  buy $ 10,342.86   sel     $37,000.00   [strat=deng_patient_rational_extractor]
      R 6  buy $ 18,528.14   sel     $36,500.00   [strat=deng_patient_rational_extractor]
      R 7  buy $  3,672.68   sel     $36,250.00   [strat=deng_patient_rational_extractor]
      R 8  buy $  2,173.55   sel     $36,000.00   [strat=deng_patient_rational_extractor]
      R 9  buy $ 27,571.72   sel     $35,500.00   [strat=deng_patient_rational_extractor]
      R10  buy $ 18,651.31   sel     $35,000.00   [strat=deng_patient_rational_extractor]
      R11  buy $ 23,130.95   sel     $34,000.00   [strat=deng_patient_rational_extractor]
      R12  buy $ 13,370.51   sel     $33,000.00   [strat=deng_patient_rational_extractor]
      R13  buy $ 29,220.35   sel     $32,500.00   [strat=deng_patient_rational_extractor]
      R14  buy $ 31,137.07   sel     $32,000.00   [strat=deng_patient_rational_extractor]
      R15  buy $ 16,793.75   sel     $31,500.00   [strat=deng_patient_rational_extractor]
      R16  buy $  4,983.55   sel     $31,000.00   [strat=deng_patient_rational_extractor]
   run 22 done in 7.1 min

   run 23/30 on 2016 Cadillac CTS 3.6 Luxury  seed=20361442
      R 1  buy $ 28,465.36   sel     $42,500.00   [strat=deng_patient_rational_extractor] *
      R 2  buy $ 22,187.08   sel     $41,500.00   [strat=deng_patient_rational_extractor]
      R 3  buy $ 26,146.70   sel     $39,500.00   [strat=deng_patient_rational_extractor]
      R 4  buy $  5,185.14   sel     $38,000.00   [strat=deng_patient_rational_extractor]
      R 5  buy $ 37,598.36   sel     $37,850.00   [strat=deng_patient_rational_extractor]
      R 6  buy $ 16,609.20   sel     $37,800.00   [strat=deng_patient_rational_extractor]
      R 7  buy $ 14,640.46   sel     $37,700.00   [strat=deng_patient_rational_extractor]
      R 8  buy $ 18,631.45   sel     $37,500.00   [strat=deng_patient_rational_extractor]
      R 9  buy $ 22,048.90   sel     $36,500.00   [strat=deng_patient_rational_extractor]
      R10  buy $ 16,241.59   sel     $35,000.00   [strat=deng_patient_rational_extractor]
      R11  buy $ 25,328.81   sel     $33,500.00   [strat=deng_patient_rational_extractor]
      R12  buy $ 22,403.10   sel     $32,000.00   [strat=deng_patient_rational_extractor]
      R13  buy $ 27,990.29   sel     $31,000.00   [strat=deng_patient_rational_extractor]
      R14  buy $  4,784.72   sel     $30,000.00   [strat=deng_patient_rational_extractor]
      R15  buy $ 24,606.98   sel     $29,500.00   [strat=deng_patient_rational_extractor]
      R16  buy $  5,712.46   sel     $29,000.00   [strat=deng_patient_rational_extractor]
   run 23 done in 6.9 min

   run 24/30 on 2016 Cadillac CTS 3.6 Luxury  seed=20361443
      R 1  buy $ 32,001.48   sel     $39,999.00   [strat=deng_patient_rational_extractor] *
      R 2  buy $  5,331.31   sel     $38,500.00   [strat=deng_patient_rational_extractor]
      R 3  buy $ 10,911.28   sel     $36,500.00   [strat=deng_patient_rational_extractor]
      R 4  buy $  3,383.57   sel     $35,000.00   [strat=deng_patient_rational_extractor]
      R 5  buy $ 31,622.36   sel     $34,000.00   [strat=deng_patient_rational_extractor]
      R 6  buy $ 23,373.83   sel     $33,000.00   [strat=deng_patient_rational_extractor]
      R 7  buy $  8,477.02   sel     $31,500.00   [strat=deng_patient_rational_extractor]
      R 8  buy $ 16,494.56   sel     $30,500.00   [strat=deng_patient_rational_extractor]
      R 9  buy $ 30,246.26   sel     $30,400.00   [strat=deng_patient_rational_extractor]
      R10  buy $ 14,378.96   sel     $30,000.00   [strat=deng_patient_rational_extractor]
      R11  buy $ 29,535.27   sel     $29,800.00   [strat=deng_patient_rational_extractor]
      R12  buy $ 12,857.02   sel     $29,500.00   [strat=deng_patient_rational_extractor]
      R13  buy $ 25,629.63   sel     $28,500.00   [strat=deng_patient_rational_extractor]
      R14  buy $ 20,077.69   sel     $27,500.00   [strat=deng_patient_rational_extractor]
      R15  buy $    144.65   sel     $27,500.00   [strat=deng_patient_rational_extractor]
      R16  buy $ 27,199.33   sel     $27,350.00   [strat=deng_patient_rational_extractor]
   run 24 done in 6.8 min

   run 25/30 on 2016 Cadillac CTS 3.6 Luxury  seed=20361444
      R 1  buy $ 20,203.34   sel     $32,000.00   [strat=deng_patient_rational_extractor] *
      R 2  buy $ 13,098.28   sel     $31,500.00   [strat=deng_patient_rational_extractor]
      R 3  buy $  8,740.95   sel     $31,000.00   [strat=deng_patient_rational_extractor]
      R 4  buy $ 14,852.96   sel     $30,500.00   [strat=deng_patient_rational_extractor]
      R 5  buy $ 22,024.95   sel     $29,900.00   [strat=deng_patient_rational_extractor]
      R 6  buy $ 19,489.98   sel     $28,500.00   [strat=deng_patient_rational_extractor]
      R 7  buy $ 16,109.67   sel     $27,500.00   [strat=deng_patient_rational_extractor]
      R 8  buy $ 18,562.10   sel     $26,500.00   [strat=deng_patient_rational_extractor]
      R 9  buy $ 20,004.13   sel     $25,000.00   [strat=deng_patient_rational_extractor]
      R10  buy $  9,324.68   sel     $24,000.00   [strat=deng_patient_rational_extractor]
      R11  buy $ 12,328.22   sel     $23,500.00   [strat=deng_patient_rational_extractor]
      R12  buy $  2,388.40   sel     $22,500.00   [strat=deng_patient_rational_extractor]
      R13  buy $ 14,283.18   sel     $21,500.00   [strat=deng_patient_rational_extractor]
      R14  buy $  3,283.69   sel     $20,500.00   [strat=deng_patient_rational_extractor]
      R15  buy $  2,112.42   sel     $19,500.00   [strat=deng_patient_rational_extractor]
      R16  buy $ 13,708.37   sel     $18,500.00   [strat=deng_patient_rational_extractor]
   run 25 done in 6.8 min

   run 26/30 on 2016 Cadillac CTS 3.6 Luxury  seed=20361445
      R 1  buy $ 15,909.41   sel     PARSE-FAIL   [strat=deng_patient_rational_extractor] *
      R 2  buy $ 12,180.91   sel     $16,500.00   [strat=deng_patient_rational_extractor]
      R 3  buy $  2,748.87   sel     $16,200.00   [strat=deng_patient_rational_extractor]
      R 4  buy $  4,749.43   sel     $16,100.00   [strat=deng_patient_rational_extractor]
      R 5  buy $ 11,374.64   sel     $16,000.00   [strat=deng_patient_rational_extractor]
      R 6  buy $  9,208.34   sel     $15,900.00   [strat=deng_patient_rational_extractor]
      R 7  buy $  7,914.44   sel     $15,850.00   [strat=deng_patient_rational_extractor]
      R 8  buy $ 15,184.31   sel     $15,840.00   [strat=deng_patient_rational_extractor]
      R 9  buy $  8,016.50   sel     $15,800.00   [strat=deng_patient_rational_extractor]
      R10  buy $ 14,564.86   sel     $15,800.00   [strat=deng_patient_rational_extractor]
      R11  buy $    592.59   sel     $15,800.00   [strat=deng_patient_rational_extractor]
      R12  buy $  2,476.34   sel     $15,800.00   [strat=deng_patient_rational_extractor]
      R13  buy $  1,660.98   sel     $15,800.00   [strat=deng_patient_rational_extractor]
      R14  buy $ 12,824.98   sel     $15,800.00   [strat=deng_patient_rational_extractor]
      R15  buy $    408.89   sel     $15,800.00   [strat=deng_patient_rational_extractor]
      R16  buy $ 10,221.06   sel     $15,800.00   [strat=deng_patient_rational_extractor]
   run 26 done in 8.9 min

   run 27/30 on 2016 Cadillac CTS 3.6 Luxury  seed=20361446
      R 1  buy $ 34,574.02   sel     $42,500.00   [strat=deng_patient_rational_extractor] *
      R 2  buy $ 11,589.89   sel     $41,900.00   [strat=deng_patient_rational_extractor]
      R 3  buy $ 30,129.00   sel     $39,500.00   [strat=deng_patient_rational_extractor]
      R 4  buy $ 21,798.56   sel     $38,000.00   [strat=deng_patient_rational_extractor]
      R 5  buy $ 20,183.48   sel     $38,000.00   [strat=deng_patient_rational_extractor]
      R 6  buy $ 16,493.78   sel     $38,000.00   [strat=deng_patient_rational_extractor]
      R 7  buy $ 12,394.40   sel     $37,500.00   [strat=deng_patient_rational_extractor]
      R 8  buy $ 22,706.31   sel     $36,500.00   [strat=deng_patient_rational_extractor]
      R 9  buy $ 31,415.56   sel     $35,000.00   [strat=deng_patient_rational_extractor]
      R10  buy $ 10,645.97   sel     $34,500.00   [strat=deng_patient_rational_extractor]
      R11  buy $ 18,057.11   sel     $33,500.00   [strat=deng_patient_rational_extractor]
      R12  buy $  2,727.02   sel     $33,000.00   [strat=deng_patient_rational_extractor]
      R13  buy $ 11,593.20   sel     $32,750.00   [strat=deng_patient_rational_extractor]
      R14  buy $ 17,477.91   sel     $31,500.00   [strat=deng_patient_rational_extractor]
      R15  buy $ 19,395.85   sel     $29,500.00   [strat=deng_patient_rational_extractor]
      R16  buy $  3,070.85   sel     $28,500.00   [strat=deng_patient_rational_extractor]
   run 27 done in 7.9 min

   run 28/30 on 2016 Cadillac CTS 3.6 Luxury  seed=20361447
      R 1  buy $ 36,104.57   sel     $42,000.00   [strat=deng_patient_rational_extractor] *
      R 2  buy $ 26,765.86   sel     $40,500.00   [strat=deng_patient_rational_extractor]
      R 3  buy $ 25,152.98   sel     $40,500.00   [strat=deng_patient_rational_extractor]
      R 4  buy $ 24,252.33   sel     $39,900.00   [strat=deng_patient_rational_extractor]
      R 5  buy $ 32,180.62   sel     $38,500.00   [strat=deng_patient_rational_extractor]
      R 6  buy $ 20,207.52   sel     $38,000.00   [strat=deng_patient_rational_extractor]
      R 7  buy $ 12,706.23   sel     $36,000.00   [strat=deng_patient_rational_extractor]
      R 8  buy $  7,075.87   sel     $36,000.00   [strat=deng_patient_rational_extractor]
      R 9  buy $ 13,499.04   sel     $35,000.00   [strat=deng_patient_rational_extractor]
      R10  buy $  3,897.77   sel     $34,500.00   [strat=deng_patient_rational_extractor]
      R11  buy $  9,603.53   sel     $34,000.00   [strat=deng_patient_rational_extractor]
      R12  buy $ 27,835.91   sel     $33,500.00   [strat=deng_patient_rational_extractor]
      R13  buy $ 26,530.49   sel     $32,500.00   [strat=deng_patient_rational_extractor]
      R14  buy $ 30,059.38   sel     $32,000.00   [strat=deng_patient_rational_extractor]
      R15  buy $ 25,759.61   sel     $31,500.00   [strat=deng_patient_rational_extractor]
      R16  buy $ 25,216.64   sel     $31,000.00   [strat=deng_patient_rational_extractor]
   run 28 done in 6.8 min

   run 29/30 on 2016 Cadillac CTS 3.6 Luxury  seed=20361448
      R 1  buy $ 18,404.04   sel     $21,995.00   [strat=deng_patient_rational_extractor] *
      R 2  buy $  1,612.98   sel     $21,500.00   [strat=deng_patient_rational_extractor]
      R 3  buy $ 10,483.08   sel     $20,500.00   [strat=deng_patient_rational_extractor]
      R 4  buy $  8,640.15   sel     $20,000.00   [strat=deng_patient_rational_extractor]
      R 5  buy $ 17,967.27   sel     $19,500.00   [strat=deng_patient_rational_extractor]
      R 6  buy $ 15,892.61   sel     $18,500.00   [strat=deng_patient_rational_extractor]
      R 7  buy $ 11,556.81   sel     $18,250.00   [strat=deng_patient_rational_extractor]
      R 8  buy $ 13,817.73   sel     $18,000.00   [strat=deng_patient_rational_extractor]
      R 9  buy $ 12,129.68   sel     $18,000.00   [strat=deng_patient_rational_extractor]
      R10  buy $  6,368.46   sel     $17,750.00   [strat=deng_patient_rational_extractor]
      R11  buy $ 10,856.47   sel     $17,500.00   [strat=deng_patient_rational_extractor]
      R12  buy $ 14,467.15   sel     $16,500.00   [strat=deng_patient_rational_extractor]
      R13  buy $ 11,187.75   sel     $16,250.00   [strat=deng_patient_rational_extractor]
      R14  buy $  8,734.07   sel     $16,000.00   [strat=deng_patient_rational_extractor]
      R15  buy $  4,685.27   sel     $15,900.00   [strat=deng_patient_rational_extractor]
      R16  buy $ 15,711.31   sel     PARSE-FAIL   [strat=deng_patient_rational_extractor]
   run 29 done in 7.3 min

   run 30/30 on 2016 Cadillac CTS 3.6 Luxury  seed=20361449
      R 1  buy $  3,773.04   sel     $39,995.00   [strat=deng_patient_rational_extractor] *
      R 2  buy $ 26,462.58   sel     $37,500.00   [strat=deng_patient_rational_extractor]
      R 3  buy $ 23,671.56   sel     $36,500.00   [strat=deng_patient_rational_extractor]
      R 4  buy $ 11,993.87   sel     $35,000.00   [strat=deng_patient_rational_extractor]
      R 5  buy $  6,210.23   sel     $34,500.00   [strat=deng_patient_rational_extractor]
      R 6  buy $ 15,462.65   sel     $32,000.00   [strat=deng_patient_rational_extractor]
      R 7  buy $ 26,452.87   sel     $31,500.00   [strat=deng_patient_rational_extractor]
      R 8  buy $ 20,353.80   sel     $30,500.00   [strat=deng_patient_rational_extractor]
      R 9  buy $ 24,434.15   sel     $29,500.00   [strat=deng_patient_rational_extractor]
      R10  buy $  1,005.50   sel     $28,900.00   [strat=deng_patient_rational_extractor]
      R11  buy $ 12,258.10   sel     $28,500.00   [strat=deng_patient_rational_extractor]
      R12  buy $ 26,004.53   sel     $27,900.00   [strat=deng_patient_rational_extractor]
      R13  buy $  2,508.63   sel     $27,500.00   [strat=deng_patient_rational_extractor]
      R14  buy $  3,108.53   sel     $27,000.00   [strat=deng_patient_rational_extractor]
      R15  buy $  1,260.57   sel     $26,900.00   [strat=deng_patient_rational_extractor]
      R16  buy $ 14,810.90   sel     $26,500.00   [strat=deng_patient_rational_extractor]
   run 30 done in 6.8 min

   ---> checkpoint: car 2/5 done in 226.1 min; total so far 559.0 min; saved 60 runs to exp01_fixed_deng_patient_rational_extractor.json

--- CAR 3/5: 2019 Honda Accord Sport 1.5T  (M=$28,000.00  cost=$14,000.00  cost/M=50.00%) ---

   run 1/30 on 2019 Honda Accord Sport 1.5T  seed=20362420
      R 1  buy $  3,193.89   sel     $26,500.00   [strat=deng_patient_rational_extractor] *
      R 2  buy $ 16,120.86   sel     $25,000.00   [strat=deng_patient_rational_extractor]
      R 3  buy $ 10,676.17   sel     $24,500.00   [strat=deng_patient_rational_extractor]
      R 4  buy $ 10,549.92   sel     $24,400.00   [strat=deng_patient_rational_extractor]
      R 5  buy $  7,765.10   sel     $23,900.00   [strat=deng_patient_rational_extractor]
      R 6  buy $ 12,445.73   sel     $23,800.00   [strat=deng_patient_rational_extractor]
      R 7  buy $ 18,839.79   sel     $23,500.00   [strat=deng_patient_rational_extractor]
      R 8  buy $ 17,056.41   sel     $22,500.00   [strat=deng_patient_rational_extractor]
      R 9  buy $ 18,077.79   sel     $22,000.00   [strat=deng_patient_rational_extractor]
      R10  buy $ 20,679.55   sel     $21,500.00   [strat=deng_patient_rational_extractor]
      R11  buy $  3,489.58   sel     $21,400.00   [strat=deng_patient_rational_extractor]
      R12  buy $  5,320.14   sel     $21,300.00   [strat=deng_patient_rational_extractor]
      R13  buy $  4,260.58   sel     $21,200.00   [strat=deng_patient_rational_extractor]
      R14  buy $  5,851.67   sel     $21,000.00   [strat=deng_patient_rational_extractor]
      R15  buy $ 15,506.33   sel     $20,000.00   [strat=deng_patient_rational_extractor]
      R16  buy $ 13,853.45   sel     $19,500.00   [strat=deng_patient_rational_extractor]
   run 1 done in 7.3 min

   run 2/30 on 2019 Honda Accord Sport 1.5T  seed=20362421
      R 1  buy $ 23,868.21   sel     $27,500.00   [strat=deng_patient_rational_extractor] *
      R 2  buy $ 16,114.11   sel     $27,000.00   [strat=deng_patient_rational_extractor]
      R 3  buy $ 25,910.47   sel     $26,500.00   [strat=deng_patient_rational_extractor]
      R 4  buy $ 14,709.12   sel     $26,000.00   [strat=deng_patient_rational_extractor]
      R 5  buy $  3,767.04   sel     $26,000.00   [strat=deng_patient_rational_extractor]
      R 6  buy $ 17,516.29   sel     $25,000.00   [strat=deng_patient_rational_extractor]
      R 7  buy $  5,836.44   sel     $25,000.00   [strat=deng_patient_rational_extractor]
      R 8  buy $  4,148.87   sel     $25,000.00   [strat=deng_patient_rational_extractor]
      R 9  buy $ 23,007.35   sel     $24,000.00   [strat=deng_patient_rational_extractor]
      R10  buy $ 17,123.36   sel     $23,500.00   [strat=deng_patient_rational_extractor]
      R11  buy $  1,133.00   sel     $23,500.00   [strat=deng_patient_rational_extractor]
      R12  buy $    752.47   sel     $23,500.00   [strat=deng_patient_rational_extractor]
      R13  buy $ 10,735.04   sel     $23,000.00   [strat=deng_patient_rational_extractor]
      R14  buy $     95.76   sel     $23,000.00   [strat=deng_patient_rational_extractor]
      R15  buy $  6,551.08   sel     $22,500.00   [strat=deng_patient_rational_extractor]
      R16  buy $  2,384.23   sel     $22,000.00   [strat=deng_patient_rational_extractor]
   run 2 done in 7.5 min

   run 3/30 on 2019 Honda Accord Sport 1.5T  seed=20362422
      R 1  buy $ 13,071.61   sel     $25,000.00   [strat=deng_patient_rational_extractor] *
      R 2  buy $ 24,686.02   sel     $24,900.00   [strat=deng_patient_rational_extractor]
      R 3  buy $ 23,939.36   sel     $24,900.00   [strat=deng_patient_rational_extractor]
      R 4  buy $  8,044.18   sel     $24,900.00   [strat=deng_patient_rational_extractor]
      R 5  buy $ 14,988.38   sel     $24,500.00   [strat=deng_patient_rational_extractor]
      R 6  buy $ 22,122.66   sel     $24,000.00   [strat=deng_patient_rational_extractor]
      R 7  buy $ 22,904.76   sel     $23,500.00   [strat=deng_patient_rational_extractor]
      R 8  buy $  9,568.58   sel     $23,000.00   [strat=deng_patient_rational_extractor]
      R 9  buy $  6,957.91   sel     $22,900.00   [strat=deng_patient_rational_extractor]
      R10  buy $ 11,073.29   sel     $22,500.00   [strat=deng_patient_rational_extractor]
      R11  buy $  5,543.25   sel     $22,200.00   [strat=deng_patient_rational_extractor]
      R12  buy $ 20,359.71   sel     $21,800.00   [strat=deng_patient_rational_extractor]
      R13  buy $ 13,176.44   sel     $21,500.00   [strat=deng_patient_rational_extractor]
      R14  buy $  1,687.40   sel     $21,000.00   [strat=deng_patient_rational_extractor]
      R15  buy $ 16,040.03   sel     $19,900.00   [strat=deng_patient_rational_extractor]
      R16  buy $ 18,237.60   sel     $19,200.00   [strat=deng_patient_rational_extractor]
   run 3 done in 7.0 min

   run 4/30 on 2019 Honda Accord Sport 1.5T  seed=20362423
      R 1  buy $  9,971.76   sel     $26,500.00   [strat=deng_patient_rational_extractor] *
      R 2  buy $ 14,507.73   sel     $24,500.00   [strat=deng_patient_rational_extractor]
      R 3  buy $ 13,968.31   sel     $23,000.00   [strat=deng_patient_rational_extractor]
      R 4  buy $  9,384.02   sel     $22,500.00   [strat=deng_patient_rational_extractor]
      R 5  buy $ 20,733.33   sel     $22,000.00   [strat=deng_patient_rational_extractor]
      R 6  buy $ 18,268.79   sel     $21,500.00   [strat=deng_patient_rational_extractor]
      R 7  buy $ 15,534.71   sel     $20,500.00   [strat=deng_patient_rational_extractor]
      R 8  buy $ 13,564.04   sel     $20,000.00   [strat=deng_patient_rational_extractor]
      R 9  buy $  6,320.33   sel     $20,000.00   [strat=deng_patient_rational_extractor]
      R10  buy $  1,781.83   sel     $19,500.00   [strat=deng_patient_rational_extractor]
      R11  buy $  8,851.83   sel     $19,000.00   [strat=deng_patient_rational_extractor]
      R12  buy $ 17,191.33   sel     $18,500.00   [strat=deng_patient_rational_extractor]
      R13  buy $  1,760.88   sel     $18,000.00   [strat=deng_patient_rational_extractor]
      R14  buy $ 10,214.79   sel     $17,500.00   [strat=deng_patient_rational_extractor]
      R15  buy $ 14,386.36   sel     $17,000.00   [strat=deng_patient_rational_extractor]
      R16  buy $  6,344.04   sel     $16,500.00   [strat=deng_patient_rational_extractor]
   run 4 done in 6.4 min

   run 5/30 on 2019 Honda Accord Sport 1.5T  seed=20362424
      R 1  buy $ 26,081.05   sel     $27,500.00   [strat=deng_patient_rational_extractor] *
      R 2  buy $  8,686.23   sel     $27,500.00   [strat=deng_patient_rational_extractor]
      R 3  buy $ 12,319.09   sel     $27,000.00   [strat=deng_patient_rational_extractor]
      R 4  buy $ 11,671.72   sel     $27,000.00   [strat=deng_patient_rational_extractor]
      R 5  buy $ 24,653.78   sel     $26,500.00   [strat=deng_patient_rational_extractor]
      R 6  buy $ 12,736.34   sel     $26,500.00   [strat=deng_patient_rational_extractor]
      R 7  buy $  2,965.50   sel     $26,000.00   [strat=deng_patient_rational_extractor]
      R 8  buy $ 17,171.37   sel     $25,500.00   [strat=deng_patient_rational_extractor]
      R 9  buy $  2,462.65   sel     $25,500.00   [strat=deng_patient_rational_extractor]
      R10  buy $ 17,491.64   sel     $25,000.00   [strat=deng_patient_rational_extractor]
      R11  buy $ 24,016.27   sel     $24,500.00   [strat=deng_patient_rational_extractor]
      R12  buy $ 17,072.63   sel     $24,200.00   [strat=deng_patient_rational_extractor]
      R13  buy $ 19,108.79   sel     $23,800.00   [strat=deng_patient_rational_extractor]
      R14  buy $ 18,025.18   sel     $23,500.00   [strat=deng_patient_rational_extractor]
      R15  buy $  7,962.43   sel     $23,300.00   [strat=deng_patient_rational_extractor]
      R16  buy $  5,580.05   sel     $23,000.00   [strat=deng_patient_rational_extractor]
   run 5 done in 8.0 min

   run 6/30 on 2019 Honda Accord Sport 1.5T  seed=20362425
      R 1  buy $ 16,614.19   sel     $24,500.00   [strat=deng_patient_rational_extractor] *
      R 2  buy $  3,283.21   sel     $24,500.00   [strat=deng_patient_rational_extractor]
      R 3  buy $ 15,521.33   sel     $23,500.00   [strat=deng_patient_rational_extractor]
      R 4  buy $  7,154.32   sel     $22,500.00   [strat=deng_patient_rational_extractor]
      R 5  buy $ 20,549.71   sel     $21,999.00   [strat=deng_patient_rational_extractor]
      R 6  buy $    664.69   sel     $21,500.00   [strat=deng_patient_rational_extractor]
      R 7  buy $ 19,231.28   sel     $21,000.00   [strat=deng_patient_rational_extractor]
      R 8  buy $  1,529.21   sel     $21,000.00   [strat=deng_patient_rational_extractor]
      R 9  buy $  4,528.92   sel     $20,500.00   [strat=deng_patient_rational_extractor]
      R10  buy $ 16,581.17   sel     $19,500.00   [strat=deng_patient_rational_extractor]
      R11  buy $  8,428.18   sel     $18,500.00   [strat=deng_patient_rational_extractor]
      R12  buy $ 13,676.31   sel     $17,500.00   [strat=deng_patient_rational_extractor]
      R13  buy $ 12,607.42   sel     $16,500.00   [strat=deng_patient_rational_extractor]
      R14  buy $  5,489.86   sel     $15,500.00   [strat=deng_patient_rational_extractor]
      R15  buy $ 10,380.47   sel     $15,000.00   [strat=deng_patient_rational_extractor]
      R16  buy $ 12,356.63   sel     $14,500.00   [strat=deng_patient_rational_extractor]
   run 6 done in 6.4 min

   run 7/30 on 2019 Honda Accord Sport 1.5T  seed=20362426
      R 1  buy $ 10,462.15   sel     $25,000.00   [strat=deng_patient_rational_extractor] *
      R 2  buy $ 10,100.65   sel     $24,500.00   [strat=deng_patient_rational_extractor]
      R 3  buy $ 24,144.87   sel     $24,400.00   [strat=deng_patient_rational_extractor]
      R 4  buy $  1,220.38   sel     $24,300.00   [strat=deng_patient_rational_extractor]
      R 5  buy $  1,403.11   sel     $24,200.00   [strat=deng_patient_rational_extractor]
      R 6  buy $  1,463.76   sel     $24,100.00   [strat=deng_patient_rational_extractor]
      R 7  buy $ 20,681.47   sel     $23,000.00   [strat=deng_patient_rational_extractor]
      R 8  buy $ 13,466.23   sel     $22,500.00   [strat=deng_patient_rational_extractor]
      R 9  buy $ 21,118.20   sel     $22,000.00   [strat=deng_patient_rational_extractor]
      R10  buy $ 21,518.83   sel     $21,750.00   [strat=deng_patient_rational_extractor]
      R11  buy $ 11,665.72   sel     $21,700.00   [strat=deng_patient_rational_extractor]
      R12  buy $  7,200.17   sel     $21,600.00   [strat=deng_patient_rational_extractor]
      R13  buy $ 14,224.86   sel     $21,000.00   [strat=deng_patient_rational_extractor]
      R14  buy $  6,217.92   sel     $20,500.00   [strat=deng_patient_rational_extractor]
      R15  buy $ 11,198.39   sel     $20,000.00   [strat=deng_patient_rational_extractor]
      R16  buy $    791.91   sel     $20,000.00   [strat=deng_patient_rational_extractor]
   run 7 done in 6.5 min

   run 8/30 on 2019 Honda Accord Sport 1.5T  seed=20362427
      R 1  buy $ 17,692.74   sel     $23,995.00   [strat=deng_patient_rational_extractor] *
      R 2  buy $  4,317.95   sel     $23,500.00   [strat=deng_patient_rational_extractor]
      R 3  buy $ 20,857.19   sel     $22,800.00   [strat=deng_patient_rational_extractor]
      R 4  buy $  4,986.68   sel     $22,500.00   [strat=deng_patient_rational_extractor]
      R 5  buy $  4,028.35   sel     $22,200.00   [strat=deng_patient_rational_extractor]
      R 6  buy $  7,605.90   sel     $21,800.00   [strat=deng_patient_rational_extractor]
      R 7  buy $ 20,811.36   sel     $21,500.00   [strat=deng_patient_rational_extractor]
      R 8  buy $ 16,744.68   sel     $21,200.00   [strat=deng_patient_rational_extractor]
      R 9  buy $  3,446.03   sel     $20,900.00   [strat=deng_patient_rational_extractor]
      R10  buy $ 17,811.51   sel     $20,800.00   [strat=deng_patient_rational_extractor]
      R11  buy $  3,489.77   sel     $20,700.00   [strat=deng_patient_rational_extractor]
      R12  buy $  4,756.06   sel     $20,600.00   [strat=deng_patient_rational_extractor]
      R13  buy $  6,963.66   sel     $20,500.00   [strat=deng_patient_rational_extractor]
      R14  buy $ 13,658.77   sel     $20,000.00   [strat=deng_patient_rational_extractor]
      R15  buy $ 17,055.25   sel     $19,000.00   [strat=deng_patient_rational_extractor]
      R16  buy $  3,405.12   sel     $18,500.00   [strat=deng_patient_rational_extractor]
   run 8 done in 6.9 min

   run 9/30 on 2019 Honda Accord Sport 1.5T  seed=20362428
      R 1  buy $ 21,896.52   sel     $26,500.00   [strat=deng_patient_rational_extractor] *
      R 2  buy $  8,660.46   sel     $25,000.00   [strat=deng_patient_rational_extractor]
      R 3  buy $ 22,765.31   sel     $24,500.00   [strat=deng_patient_rational_extractor]
      R 4  buy $ 14,705.85   sel     $24,000.00   [strat=deng_patient_rational_extractor]
      R 5  buy $ 16,657.06   sel     $23,500.00   [strat=deng_patient_rational_extractor]
      R 6  buy $  1,758.66   sel     $23,000.00   [strat=deng_patient_rational_extractor]
      R 7  buy $    710.79   sel     $22,900.00   [strat=deng_patient_rational_extractor]
      R 8  buy $ 22,512.60   sel     $22,800.00   [strat=deng_patient_rational_extractor]
      R 9  buy $ 12,786.54   sel     $22,700.00   [strat=deng_patient_rational_extractor]
      R10  buy $ 17,456.11   sel     $22,300.00   [strat=deng_patient_rational_extractor]
      R11  buy $  5,127.23   sel     $22,000.00   [strat=deng_patient_rational_extractor]
      R12  buy $  3,932.20   sel     $22,000.00   [strat=deng_patient_rational_extractor]
      R13  buy $ 21,870.15   sel     $21,900.00   [strat=deng_patient_rational_extractor]
      R14  buy $  8,670.62   sel     $21,880.00   [strat=deng_patient_rational_extractor]
      R15  buy $  7,134.74   sel     $21,880.00   [strat=deng_patient_rational_extractor]
      R16  buy $  3,397.04   sel     $21,880.00   [strat=deng_patient_rational_extractor]
   run 9 done in 6.9 min

   run 10/30 on 2019 Honda Accord Sport 1.5T  seed=20362429
      R 1  buy $  5,357.37   sel     $24,500.00   [strat=deng_patient_rational_extractor] *
      R 2  buy $ 12,131.65   sel     $22,000.00   [strat=deng_patient_rational_extractor]
      R 3  buy $  5,205.90   sel     $21,800.00   [strat=deng_patient_rational_extractor]
      R 4  buy $  5,781.24   sel     $21,600.00   [strat=deng_patient_rational_extractor]
      R 5  buy $  6,489.04   sel     $21,500.00   [strat=deng_patient_rational_extractor]
      R 6  buy $ 12,950.64   sel     $21,300.00   [strat=deng_patient_rational_extractor]
      R 7  buy $ 20,255.50   sel     $21,000.00   [strat=deng_patient_rational_extractor]
      R 8  buy $  2,632.47   sel     $20,800.00   [strat=deng_patient_rational_extractor]
      R 9  buy $  6,161.24   sel     $20,700.00   [strat=deng_patient_rational_extractor]
      R10  buy $  3,679.16   sel     $20,600.00   [strat=deng_patient_rational_extractor]
      R11  buy $ 18,509.60   sel     $20,500.00   [strat=deng_patient_rational_extractor]
      R12  buy $  4,127.59   sel     $20,400.00   [strat=deng_patient_rational_extractor]
      R13  buy $ 20,219.58   sel     $20,300.00   [strat=deng_patient_rational_extractor]
      R14  buy $  1,682.66   sel     $20,200.00   [strat=deng_patient_rational_extractor]
      R15  buy $ 15,623.13   sel     $20,100.00   [strat=deng_patient_rational_extractor]
      R16  buy $ 12,265.83   sel     $20,000.00   [strat=deng_patient_rational_extractor]
   run 10 done in 5.5 min

   run 11/30 on 2019 Honda Accord Sport 1.5T  seed=20362430
      R 1  buy $  9,665.42   sel     $22,500.00   [strat=deng_patient_rational_extractor] *
      R 2  buy $ 18,227.28   sel     $21,500.00   [strat=deng_patient_rational_extractor]
      R 3  buy $ 18,759.72   sel     $20,500.00   [strat=deng_patient_rational_extractor]
      R 4  buy $  3,626.33   sel     $20,500.00   [strat=deng_patient_rational_extractor]
      R 5  buy $  3,674.63   sel     $20,500.00   [strat=deng_patient_rational_extractor]
      R 6  buy $ 20,199.84   sel     $20,400.00   [strat=deng_patient_rational_extractor]
      R 7  buy $  9,459.62   sel     $20,300.00   [strat=deng_patient_rational_extractor]
      R 8  buy $ 15,111.92   sel     $19,800.00   [strat=deng_patient_rational_extractor]
      R 9  buy $ 19,632.95   sel     $19,700.00   [strat=deng_patient_rational_extractor]
      R10  buy $ 12,418.71   sel     $19,200.00   [strat=deng_patient_rational_extractor]
      R11  buy $  7,065.64   sel     $19,000.00   [strat=deng_patient_rational_extractor]
      R12  buy $ 15,485.61   sel     $18,500.00   [strat=deng_patient_rational_extractor]
      R13  buy $ 12,453.55   sel     $17,500.00   [strat=deng_patient_rational_extractor]
      R14  buy $ 11,062.51   sel     $17,000.00   [strat=deng_patient_rational_extractor]
      R15  buy $ 11,312.94   sel     $16,500.00   [strat=deng_patient_rational_extractor]
      R16  buy $  2,824.47   sel     $15,000.00   [strat=deng_patient_rational_extractor]
   run 11 done in 7.1 min

   run 12/30 on 2019 Honda Accord Sport 1.5T  seed=20362431
      R 1  buy $ 16,251.52   sel     $24,999.99   [strat=deng_patient_rational_extractor] *
      R 2  buy $  2,878.74   sel     $24,999.99   [strat=deng_patient_rational_extractor]
      R 3  buy $  3,907.39   sel     $24,999.99   [strat=deng_patient_rational_extractor]
      R 4  buy $ 16,799.19   sel     $24,500.00   [strat=deng_patient_rational_extractor]
      R 5  buy $  6,956.09   sel     $24,500.00   [strat=deng_patient_rational_extractor]
      R 6  buy $ 10,377.59   sel     $24,400.00   [strat=deng_patient_rational_extractor]
      R 7  buy $ 12,588.04   sel     $24,300.00   [strat=deng_patient_rational_extractor]
      R 8  buy $  5,439.16   sel     $24,300.00   [strat=deng_patient_rational_extractor]
      R 9  buy $ 23,840.21   sel     $24,000.00   [strat=deng_patient_rational_extractor]
      R10  buy $  2,932.12   sel     $24,300.00   [strat=deng_patient_rational_extractor]
      R11  buy $  2,846.56   sel     $24,300.00   [strat=deng_patient_rational_extractor]
      R12  buy $  9,195.48   sel     $24,200.00   [strat=deng_patient_rational_extractor]
      R13  buy $ 12,584.20   sel     $24,100.00   [strat=deng_patient_rational_extractor]
      R14  buy $ 15,280.36   sel     $24,000.00   [strat=deng_patient_rational_extractor]
      R15  buy $ 19,435.88   sel     $23,500.00   [strat=deng_patient_rational_extractor]
      R16  buy $ 16,491.99   sel     $22,500.00   [strat=deng_patient_rational_extractor]
   run 12 done in 7.6 min

   run 13/30 on 2019 Honda Accord Sport 1.5T  seed=20362432
      R 1  buy $ 11,148.97   sel     $26,500.00   [strat=deng_patient_rational_extractor] *
      R 2  buy $ 20,898.00   sel     $25,500.00   [strat=deng_patient_rational_extractor]
      R 3  buy $ 23,224.04   sel     $24,500.00   [strat=deng_patient_rational_extractor]
      R 4  buy $  5,191.07   sel     $24,500.00   [strat=deng_patient_rational_extractor]
      R 5  buy $ 22,817.42   sel     $24,000.00   [strat=deng_patient_rational_extractor]
      R 6  buy $ 11,216.68   sel     $24,000.00   [strat=deng_patient_rational_extractor]
      R 7  buy $  3,462.71   sel     $24,000.00   [strat=deng_patient_rational_extractor]
      R 8  buy $ 13,504.64   sel     $23,500.00   [strat=deng_patient_rational_extractor]
      R 9  buy $  9,345.90   sel     $23,500.00   [strat=deng_patient_rational_extractor]
      R10  buy $  2,856.83   sel     $23,500.00   [strat=deng_patient_rational_extractor]
      R11  buy $  4,452.21   sel     $23,000.00   [strat=deng_patient_rational_extractor]
      R12  buy $  2,918.92   sel     $22,900.00   [strat=deng_patient_rational_extractor]
      R13  buy $  3,960.29   sel     $22,850.00   [strat=deng_patient_rational_extractor]
      R14  buy $  7,007.04   sel     $22,825.00   [strat=deng_patient_rational_extractor]
      R15  buy $  5,562.67   sel     $22,817.42   [strat=deng_patient_rational_extractor]
      R16  buy $ 14,625.67   sel     $22,500.00   [strat=deng_patient_rational_extractor]
   run 13 done in 7.8 min

   run 14/30 on 2019 Honda Accord Sport 1.5T  seed=20362433
      R 1  buy $ 11,948.13   sel     $26,500.00   [strat=deng_patient_rational_extractor] *
      R 2  buy $    212.57   sel     $26,000.00   [strat=deng_patient_rational_extractor]
      R 3  buy $ 24,697.28   sel     $25,500.00   [strat=deng_patient_rational_extractor]
      R 4  buy $ 21,552.95   sel     $25,000.00   [strat=deng_patient_rational_extractor]
      R 5  buy $  1,939.27   sel     $24,500.00   [strat=deng_patient_rational_extractor]
      R 6  buy $  5,628.27   sel     $24,000.00   [strat=deng_patient_rational_extractor]
      R 7  buy $  9,972.28   sel     $23,500.00   [strat=deng_patient_rational_extractor]
      R 8  buy $ 16,606.84   sel     $23,000.00   [strat=deng_patient_rational_extractor]
      R 9  buy $ 10,324.78   sel     $22,500.00   [strat=deng_patient_rational_extractor]
      R10  buy $ 19,905.65   sel     $22,000.00   [strat=deng_patient_rational_extractor]
      R11  buy $  6,437.99   sel     $21,500.00   [strat=deng_patient_rational_extractor]
      R12  buy $ 18,832.33   sel     $21,000.00   [strat=deng_patient_rational_extractor]
      R13  buy $    166.04   sel     $20,500.00   [strat=deng_patient_rational_extractor]
      R14  buy $ 13,123.50   sel     $20,000.00   [strat=deng_patient_rational_extractor]
      R15  buy $ 12,450.34   sel     $19,500.00   [strat=deng_patient_rational_extractor]
      R16  buy $  3,799.45   sel     $19,000.00   [strat=deng_patient_rational_extractor]
   run 14 done in 7.1 min

   run 15/30 on 2019 Honda Accord Sport 1.5T  seed=20362434
      R 1  buy $  2,096.98   sel     $26,500.00   [strat=deng_patient_rational_extractor] *
      R 2  buy $ 15,273.38   sel     $25,000.00   [strat=deng_patient_rational_extractor]
      R 3  buy $ 10,363.96   sel     $24,500.00   [strat=deng_patient_rational_extractor]
      R 4  buy $ 12,159.85   sel     $23,500.00   [strat=deng_patient_rational_extractor]
      R 5  buy $ 21,178.01   sel     $23,000.00   [strat=deng_patient_rational_extractor]
      R 6  buy $ 16,881.38   sel     $22,500.00   [strat=deng_patient_rational_extractor]
      R 7  buy $    876.77   sel     $22,500.00   [strat=deng_patient_rational_extractor]
      R 8  buy $ 13,084.15   sel     $22,000.00   [strat=deng_patient_rational_extractor]
      R 9  buy $ 19,825.45   sel     $21,000.00   [strat=deng_patient_rational_extractor]
      R10  buy $ 17,175.00   sel     $20,500.00   [strat=deng_patient_rational_extractor]
      R11  buy $ 20,092.66   sel     $20,250.00   [strat=deng_patient_rational_extractor]
      R12  buy $  2,079.64   sel     $20,250.00   [strat=deng_patient_rational_extractor]
      R13  buy $ 18,380.46   sel     $19,900.00   [strat=deng_patient_rational_extractor]
      R14  buy $ 17,895.09   sel     $19,800.00   [strat=deng_patient_rational_extractor]
      R15  buy $ 11,246.61   sel     $19,500.00   [strat=deng_patient_rational_extractor]
      R16  buy $  4,423.45   sel     $19,400.00   [strat=deng_patient_rational_extractor]
   run 15 done in 6.0 min

   run 16/30 on 2019 Honda Accord Sport 1.5T  seed=20362435
      R 1  buy $  7,262.83   sel     $25,500.00   [strat=deng_patient_rational_extractor] *
      R 2  buy $ 17,515.00   sel     $24,500.00   [strat=deng_patient_rational_extractor]
      R 3  buy $  6,878.84   sel     $23,500.00   [strat=deng_patient_rational_extractor]
      R 4  buy $  3,507.36   sel     $22,500.00   [strat=deng_patient_rational_extractor]
      R 5  buy $  5,009.15   sel     $21,500.00   [strat=deng_patient_rational_extractor]
      R 6  buy $  5,279.57   sel     $20,500.00   [strat=deng_patient_rational_extractor]
      R 7  buy $    215.45   sel     $20,000.00   [strat=deng_patient_rational_extractor]
      R 8  buy $  8,199.16   sel     $19,500.00   [strat=deng_patient_rational_extractor]
      R 9  buy $ 18,639.63   sel     $19,200.00   [strat=deng_patient_rational_extractor]
      R10  buy $  7,735.48   sel     $19,000.00   [strat=deng_patient_rational_extractor]
      R11  buy $ 15,907.04   sel     $18,500.00   [strat=deng_patient_rational_extractor]
      R12  buy $ 14,484.52   sel     $17,500.00   [strat=deng_patient_rational_extractor]
      R13  buy $  9,501.83   sel     $16,500.00   [strat=deng_patient_rational_extractor]
      R14  buy $ 11,194.70   sel     $15,500.00   [strat=deng_patient_rational_extractor]
      R15  buy $  5,846.63   sel     $15,000.00   [strat=deng_patient_rational_extractor]
      R16  buy $  4,439.89   sel     $14,500.00   [strat=deng_patient_rational_extractor]
   run 16 done in 7.5 min

   run 17/30 on 2019 Honda Accord Sport 1.5T  seed=20362436
      R 1  buy $ 26,419.77   sel     $27,800.00   [strat=deng_patient_rational_extractor] *
      R 2  buy $ 23,913.34   sel     $27,500.00   [strat=deng_patient_rational_extractor]
      R 3  buy $ 10,682.84   sel     $27,500.00   [strat=deng_patient_rational_extractor]
      R 4  buy $ 24,833.79   sel     $26,500.00   [strat=deng_patient_rational_extractor]
      R 5  buy $  8,270.57   sel     $26,500.00   [strat=deng_patient_rational_extractor]
      R 6  buy $ 18,876.57   sel     $25,500.00   [strat=deng_patient_rational_extractor]
      R 7  buy $ 17,093.67   sel     $25,000.00   [strat=deng_patient_rational_extractor]
      R 8  buy $  9,763.92   sel     $25,000.00   [strat=deng_patient_rational_extractor]
      R 9  buy $ 18,243.69   sel     $24,000.00   [strat=deng_patient_rational_extractor]
      R10  buy $  8,127.29   sel     $24,000.00   [strat=deng_patient_rational_extractor]
      R11  buy $ 14,296.57   sel     $23,000.00   [strat=deng_patient_rational_extractor]
      R12  buy $  7,058.68   sel     $22,500.00   [strat=deng_patient_rational_extractor]
      R13  buy $ 19,660.25   sel     $21,500.00   [strat=deng_patient_rational_extractor]
      R14  buy $  3,671.56   sel     $21,500.00   [strat=deng_patient_rational_extractor]
      R15  buy $  5,874.76   sel     $21,500.00   [strat=deng_patient_rational_extractor]
      R16  buy $ 19,613.93   sel     $20,500.00   [strat=deng_patient_rational_extractor]
   run 17 done in 8.4 min

   run 18/30 on 2019 Honda Accord Sport 1.5T  seed=20362437
      R 1  buy $ 17,179.34   sel     $24,000.00   [strat=deng_patient_rational_extractor] *
      R 2  buy $ 19,823.71   sel     $23,500.00   [strat=deng_patient_rational_extractor]
      R 3  buy $ 14,596.50   sel     $22,000.00   [strat=deng_patient_rational_extractor]
      R 4  buy $    241.06   sel     $22,000.00   [strat=deng_patient_rational_extractor]
      R 5  buy $ 20,844.78   sel     $21,500.00   [strat=deng_patient_rational_extractor]
      R 6  buy $ 20,747.77   sel     $21,250.00   [strat=deng_patient_rational_extractor]
      R 7  buy $ 18,035.81   sel     $20,500.00   [strat=deng_patient_rational_extractor]
      R 8  buy $  2,009.10   sel     $20,250.00   [strat=deng_patient_rational_extractor]
      R 9  buy $  1,623.64   sel     $20,000.00   [strat=deng_patient_rational_extractor]
      R10  buy $ 15,221.59   sel     $19,750.00   [strat=deng_patient_rational_extractor]
      R11  buy $  2,658.69   sel     $19,500.00   [strat=deng_patient_rational_extractor]
      R12  buy $ 18,688.28   sel     $19,250.00   [strat=deng_patient_rational_extractor]
      R13  buy $     64.78   sel     $19,000.00   [strat=deng_patient_rational_extractor]
      R14  buy $    537.59   sel     $18,800.00   [strat=deng_patient_rational_extractor]
      R15  buy $  5,371.66   sel     $18,500.00   [strat=deng_patient_rational_extractor]
      R16  buy $  7,452.76   sel     $18,300.00   [strat=deng_patient_rational_extractor]
   run 18 done in 7.3 min

   run 19/30 on 2019 Honda Accord Sport 1.5T  seed=20362438
      R 1  buy $ 22,092.93   sel     $26,500.00   [strat=deng_patient_rational_extractor] *
      R 2  buy $  7,716.64   sel     $25,500.00   [strat=deng_patient_rational_extractor]
      R 3  buy $  3,198.17   sel     $24,500.00   [strat=deng_patient_rational_extractor]
      R 4  buy $     56.94   sel     $24,000.00   [strat=deng_patient_rational_extractor]
      R 5  buy $  4,314.17   sel     $23,500.00   [strat=deng_patient_rational_extractor]
      R 6  buy $ 18,714.63   sel     $23,000.00   [strat=deng_patient_rational_extractor]
      R 7  buy $ 20,931.14   sel     $22,500.00   [strat=deng_patient_rational_extractor]
      R 8  buy $  8,896.17   sel     $22,250.00   [strat=deng_patient_rational_extractor]
      R 9  buy $ 20,945.51   sel     $22,000.00   [strat=deng_patient_rational_extractor]
      R10  buy $  1,416.21   sel     $21,750.00   [strat=deng_patient_rational_extractor]
      R11  buy $  7,765.45   sel     $21,500.00   [strat=deng_patient_rational_extractor]
      R12  buy $ 18,066.37   sel     $21,000.00   [strat=deng_patient_rational_extractor]
      R13  buy $ 14,299.85   sel     $20,000.00   [strat=deng_patient_rational_extractor]
      R14  buy $  5,481.95   sel     $19,500.00   [strat=deng_patient_rational_extractor]
      R15  buy $  7,836.03   sel     $19,000.00   [strat=deng_patient_rational_extractor]
      R16  buy $ 14,523.53   sel     $18,500.00   [strat=deng_patient_rational_extractor]
   run 19 done in 7.2 min

   run 20/30 on 2019 Honda Accord Sport 1.5T  seed=20362439
      R 1  buy $ 26,776.96   sel     $27,995.00   [strat=deng_patient_rational_extractor] *
      R 2  buy $    896.95   sel     $27,800.00   [strat=deng_patient_rational_extractor]
      R 3  buy $  1,863.72   sel     $27,750.00   [strat=deng_patient_rational_extractor]
      R 4  buy $  5,693.44   sel     $27,700.00   [strat=deng_patient_rational_extractor]
      R 5  buy $ 18,831.49   sel     $27,500.00   [strat=deng_patient_rational_extractor]
      R 6  buy $ 20,642.24   sel     $26,500.00   [strat=deng_patient_rational_extractor]
      R 7  buy $ 22,677.55   sel     $26,000.00   [strat=deng_patient_rational_extractor]
      R 8  buy $  1,139.58   sel     $25,500.00   [strat=deng_patient_rational_extractor]
      R 9  buy $  5,750.43   sel     $25,000.00   [strat=deng_patient_rational_extractor]
      R10  buy $ 17,762.78   sel     $24,500.00   [strat=deng_patient_rational_extractor]
      R11  buy $ 12,780.95   sel     $23,500.00   [strat=deng_patient_rational_extractor]
      R12  buy $ 18,390.99   sel     $23,000.00   [strat=deng_patient_rational_extractor]
      R13  buy $ 10,154.80   sel     $22,500.00   [strat=deng_patient_rational_extractor]
      R14  buy $    237.77   sel     $22,000.00   [strat=deng_patient_rational_extractor]
      R15  buy $ 12,277.53   sel     $21,500.00   [strat=deng_patient_rational_extractor]
      R16  buy $  1,279.21   sel     $21,000.00   [strat=deng_patient_rational_extractor]
   run 20 done in 7.7 min

   run 21/30 on 2019 Honda Accord Sport 1.5T  seed=20362440
      R 1  buy $  3,311.17   sel     $27,500.00   [strat=deng_patient_rational_extractor] *
      R 2  buy $    684.76   sel     $27,000.00   [strat=deng_patient_rational_extractor]
      R 3  buy $ 26,358.86   sel     $26,800.00   [strat=deng_patient_rational_extractor]
      R 4  buy $ 17,078.71   sel     $26,600.00   [strat=deng_patient_rational_extractor]
      R 5  buy $  7,694.10   sel     $26,500.00   [strat=deng_patient_rational_extractor]
      R 6  buy $  6,545.48   sel     $26,400.00   [strat=deng_patient_rational_extractor]
      R 7  buy $  3,115.51   sel     $26,300.00   [strat=deng_patient_rational_extractor]
      R 8  buy $  8,867.76   sel     $26,200.00   [strat=deng_patient_rational_extractor]
      R 9  buy $  5,573.20   sel     $26,100.00   [strat=deng_patient_rational_extractor]
      R10  buy $ 14,334.15   sel     $25,500.00   [strat=deng_patient_rational_extractor]
      R11  buy $ 12,730.13   sel     $25,000.00   [strat=deng_patient_rational_extractor]
      R12  buy $ 10,408.47   sel     $24,500.00   [strat=deng_patient_rational_extractor]
      R13  buy $  6,252.05   sel     $24,400.00   [strat=deng_patient_rational_extractor]
      R14  buy $ 13,891.53   sel     $24,000.00   [strat=deng_patient_rational_extractor]
      R15  buy $ 20,652.56   sel     $23,000.00   [strat=deng_patient_rational_extractor]
      R16  buy $  7,042.48   sel     $22,500.00   [strat=deng_patient_rational_extractor]
   run 21 done in 8.0 min

   run 22/30 on 2019 Honda Accord Sport 1.5T  seed=20362441
      R 1  buy $    412.64   sel     $26,000.00   [strat=deng_patient_rational_extractor] *
      R 2  buy $ 24,635.15   sel     $25,500.00   [strat=deng_patient_rational_extractor]
      R 3  buy $ 12,191.43   sel     $25,250.00   [strat=deng_patient_rational_extractor]
      R 4  buy $ 15,459.31   sel     $25,000.00   [strat=deng_patient_rational_extractor]
      R 5  buy $ 13,072.83   sel     $24,900.00   [strat=deng_patient_rational_extractor]
      R 6  buy $ 11,127.83   sel     $24,850.00   [strat=deng_patient_rational_extractor]
      R 7  buy $ 17,119.26   sel     $24,800.00   [strat=deng_patient_rational_extractor]
      R 8  buy $ 13,755.31   sel     $24,750.00   [strat=deng_patient_rational_extractor]
      R 9  buy $ 22,310.15   sel     $24,500.00   [strat=deng_patient_rational_extractor]
      R10  buy $ 22,781.31   sel     $24,300.00   [strat=deng_patient_rational_extractor]
      R11  buy $ 18,135.35   sel     $24,000.00   [strat=deng_patient_rational_extractor]
      R12  buy $ 22,846.63   sel     $23,800.00   [strat=deng_patient_rational_extractor]
      R13  buy $ 19,365.34   sel     $23,500.00   [strat=deng_patient_rational_extractor]
      R14  buy $ 20,496.73   sel     $23,000.00   [strat=deng_patient_rational_extractor]
      R15  buy $  3,377.65   sel     $22,500.00   [strat=deng_patient_rational_extractor]
      R16  buy $  4,401.17   sel     $22,500.00   [strat=deng_patient_rational_extractor]
   run 22 done in 7.1 min

   run 23/30 on 2019 Honda Accord Sport 1.5T  seed=20362442
      R 1  buy $ 16,874.94   sel     $19,499.00   [strat=deng_patient_rational_extractor] *
      R 2  buy $ 18,435.65   sel     $19,200.00   [strat=deng_patient_rational_extractor]
      R 3  buy $  9,481.55   sel     $19,100.00   [strat=deng_patient_rational_extractor]
      R 4  buy $  8,691.92   sel     $19,000.00   [strat=deng_patient_rational_extractor]
      R 5  buy $ 17,062.44   sel     $18,900.00   [strat=deng_patient_rational_extractor]
      R 6  buy $ 18,680.14   sel     $18,800.00   [strat=deng_patient_rational_extractor]
      R 7  buy $ 11,249.62   sel     $18,700.00   [strat=deng_patient_rational_extractor]
      R 8  buy $ 10,683.11   sel     $18,600.00   [strat=deng_patient_rational_extractor]
      R 9  buy $  1,820.20   sel     $18,600.00   [strat=deng_patient_rational_extractor]
      R10  buy $  2,514.03   sel     $18,600.00   [strat=deng_patient_rational_extractor]
      R11  buy $ 13,314.98   sel     $18,550.00   [strat=deng_patient_rational_extractor]
      R12  buy $  6,529.44   sel     $18,500.00   [strat=deng_patient_rational_extractor]
      R13  buy $ 13,362.57   sel     $18,400.00   [strat=deng_patient_rational_extractor]
      R14  buy $ 16,520.87   sel     $18,300.00   [strat=deng_patient_rational_extractor]
      R15  buy $  2,891.93   sel     $18,250.00   [strat=deng_patient_rational_extractor]
      R16  buy $  2,311.92   sel     $18,200.00   [strat=deng_patient_rational_extractor]
   run 23 done in 8.0 min

   run 24/30 on 2019 Honda Accord Sport 1.5T  seed=20362443
      R 1  buy $  4,565.62   sel     $24,500.00   [strat=deng_patient_rational_extractor] *
      R 2  buy $  3,722.98   sel     $23,500.00   [strat=deng_patient_rational_extractor]
      R 3  buy $  8,371.85   sel     $22,500.00   [strat=deng_patient_rational_extractor]
      R 4  buy $ 14,323.89   sel     $21,500.00   [strat=deng_patient_rational_extractor]
      R 5  buy $ 20,746.94   sel     $21,000.00   [strat=deng_patient_rational_extractor]
      R 6  buy $ 16,718.44   sel     $20,800.00   [strat=deng_patient_rational_extractor]
      R 7  buy $  4,092.56   sel     $20,500.00   [strat=deng_patient_rational_extractor]
      R 8  buy $  2,409.84   sel     $20,500.00   [strat=deng_patient_rational_extractor]
      R 9  buy $ 10,944.87   sel     $20,000.00   [strat=deng_patient_rational_extractor]
      R10  buy $  7,047.67   sel     $19,500.00   [strat=deng_patient_rational_extractor]
      R11  buy $ 13,616.15   sel     $19,000.00   [strat=deng_patient_rational_extractor]
      R12  buy $  9,486.79   sel     $18,500.00   [strat=deng_patient_rational_extractor]
      R13  buy $ 15,384.25   sel     $17,500.00   [strat=deng_patient_rational_extractor]
      R14  buy $  1,246.56   sel     $17,000.00   [strat=deng_patient_rational_extractor]
      R15  buy $ 14,936.78   sel     $16,500.00   [strat=deng_patient_rational_extractor]
      R16  buy $  5,472.25   sel     $16,000.00   [strat=deng_patient_rational_extractor]
   run 24 done in 6.6 min

   run 25/30 on 2019 Honda Accord Sport 1.5T  seed=20362444
      R 1  buy $ 27,465.19   sel     $27,995.00   [strat=deng_patient_rational_extractor] *
      R 2  buy $  4,727.59   sel     $27,950.00   [strat=deng_patient_rational_extractor]
      R 3  buy $ 16,489.84   sel     $27,500.00   [strat=deng_patient_rational_extractor]
      R 4  buy $    321.34   sel     $27,450.00   [strat=deng_patient_rational_extractor]
      R 5  buy $ 18,047.51   sel     $27,400.00   [strat=deng_patient_rational_extractor]
      R 6  buy $ 23,800.42   sel     $27,200.00   [strat=deng_patient_rational_extractor]
      R 7  buy $ 15,974.98   sel     $27,000.00   [strat=deng_patient_rational_extractor]
      R 8  buy $  5,863.03   sel     $26,500.00   [strat=deng_patient_rational_extractor]
      R 9  buy $ 13,496.56   sel     $26,000.00   [strat=deng_patient_rational_extractor]
      R10  buy $  9,228.03   sel     $25,500.00   [strat=deng_patient_rational_extractor]
      R11  buy $ 12,092.20   sel     $25,000.00   [strat=deng_patient_rational_extractor]
      R12  buy $ 24,579.12   sel     $24,800.00   [strat=deng_patient_rational_extractor]
      R13  buy $  5,120.75   sel     $24,500.00   [strat=deng_patient_rational_extractor]
      R14  buy $ 15,258.55   sel     $24,400.00   [strat=deng_patient_rational_extractor]
      R15  buy $ 13,205.54   sel     $24,300.00   [strat=deng_patient_rational_extractor]
      R16  buy $  5,567.15   sel     $24,200.00   [strat=deng_patient_rational_extractor]
   run 25 done in 8.7 min

   run 26/30 on 2019 Honda Accord Sport 1.5T  seed=20362445
      R 1  buy $ 18,205.19   sel     $26,500.00   [strat=deng_patient_rational_extractor] *
      R 2  buy $  6,358.87   sel     $25,500.00   [strat=deng_patient_rational_extractor]
      R 3  buy $  2,238.59   sel     $25,000.00   [strat=deng_patient_rational_extractor]
      R 4  buy $  4,015.27   sel     $24,500.00   [strat=deng_patient_rational_extractor]
      R 5  buy $ 19,862.47   sel     $23,500.00   [strat=deng_patient_rational_extractor]
      R 6  buy $ 22,274.32   sel     $23,000.00   [strat=deng_patient_rational_extractor]
      R 7  buy $ 14,341.57   sel     $22,500.00   [strat=deng_patient_rational_extractor]
      R 8  buy $  5,889.29   sel     $22,300.00   [strat=deng_patient_rational_extractor]
      R 9  buy $ 13,753.36   sel     $22,200.00   [strat=deng_patient_rational_extractor]
      R10  buy $  4,480.28   sel     $22,100.00   [strat=deng_patient_rational_extractor]
      R11  buy $ 21,632.68   sel     $21,800.00   [strat=deng_patient_rational_extractor]
      R12  buy $  3,670.04   sel     $21,700.00   [strat=deng_patient_rational_extractor]
      R13  buy $  9,226.70   sel     $21,600.00   [strat=deng_patient_rational_extractor]
      R14  buy $ 15,887.59   sel     $21,200.00   [strat=deng_patient_rational_extractor]
      R15  buy $ 20,002.95   sel     $21,000.00   [strat=deng_patient_rational_extractor]
      R16  buy $  4,689.00   sel     $20,500.00   [strat=deng_patient_rational_extractor]
   run 26 done in 9.0 min

   run 27/30 on 2019 Honda Accord Sport 1.5T  seed=20362446
      R 1  buy $ 15,375.90   sel     $19,000.00   [strat=deng_patient_rational_extractor] *
      R 2  buy $  7,438.06   sel     $18,500.00   [strat=deng_patient_rational_extractor]
      R 3  buy $  5,361.74   sel     $18,400.00   [strat=deng_patient_rational_extractor]
      R 4  buy $ 10,916.54   sel     $18,300.00   [strat=deng_patient_rational_extractor]
      R 5  buy $ 17,489.97   sel     $18,200.00   [strat=deng_patient_rational_extractor]
      R 6  buy $  8,373.53   sel     $18,200.00   [strat=deng_patient_rational_extractor]
      R 7  buy $  1,250.24   sel     $18,200.00   [strat=deng_patient_rational_extractor]
      R 8  buy $ 16,686.22   sel     $17,800.00   [strat=deng_patient_rational_extractor]
      R 9  buy $    122.00   sel     $17,750.00   [strat=deng_patient_rational_extractor]
      R10  buy $  5,196.40   sel     $17,600.00   [strat=deng_patient_rational_extractor]
      R11  buy $  5,864.80   sel     $17,500.00   [strat=deng_patient_rational_extractor]
      R12  buy $ 11,022.66   sel     $17,400.00   [strat=deng_patient_rational_extractor]
      R13  buy $ 17,229.08   sel     $17,325.00   [strat=deng_patient_rational_extractor]
      R14  buy $  6,489.81   sel     $17,300.00   [strat=deng_patient_rational_extractor]
      R15  buy $    926.00   sel     $17,295.00   [strat=deng_patient_rational_extractor]
      R16  buy $  9,368.66   sel     $17,290.00   [strat=deng_patient_rational_extractor]
   run 27 done in 7.9 min

   run 28/30 on 2019 Honda Accord Sport 1.5T  seed=20362447
      R 1  buy $ 20,268.26   sel     $26,500.00   [strat=deng_patient_rational_extractor] *
      R 2  buy $ 11,622.96   sel     $26,000.00   [strat=deng_patient_rational_extractor]
      R 3  buy $ 16,704.79   sel     $25,500.00   [strat=deng_patient_rational_extractor]
      R 4  buy $ 21,647.94   sel     $25,000.00   [strat=deng_patient_rational_extractor]
      R 5  buy $ 13,328.31   sel     $25,000.00   [strat=deng_patient_rational_extractor]
      R 6  buy $  1,624.50   sel     $24,500.00   [strat=deng_patient_rational_extractor]
      R 7  buy $ 15,873.37   sel     $23,000.00   [strat=deng_patient_rational_extractor]
      R 8  buy $ 18,510.95   sel     $22,500.00   [strat=deng_patient_rational_extractor]
      R 9  buy $ 13,508.39   sel     $22,000.00   [strat=deng_patient_rational_extractor]
      R10  buy $  8,757.28   sel     $21,500.00   [strat=deng_patient_rational_extractor]
      R11  buy $  2,060.58   sel     $21,000.00   [strat=deng_patient_rational_extractor]
      R12  buy $  7,596.74   sel     $20,500.00   [strat=deng_patient_rational_extractor]
      R13  buy $ 13,978.18   sel     $19,500.00   [strat=deng_patient_rational_extractor]
      R14  buy $ 19,195.45   sel     $19,000.00   [strat=deng_patient_rational_extractor]
      R15  buy $ 14,191.13   sel     $18,000.00   [strat=deng_patient_rational_extractor]
      R16  buy $ 17,458.51   sel     $17,800.00   [strat=deng_patient_rational_extractor]
   run 28 done in 8.8 min

   run 29/30 on 2019 Honda Accord Sport 1.5T  seed=20362448
      R 1  buy $ 26,799.61   sel     PARSE-FAIL   [strat=deng_patient_rational_extractor] *
      R 2  buy $ 27,567.78   sel     $27,850.00   [strat=deng_patient_rational_extractor]
      R 3  buy $  9,407.30   sel     $27,800.00   [strat=deng_patient_rational_extractor]
      R 4  buy $ 16,604.24   sel     $27,600.00   [strat=deng_patient_rational_extractor]
      R 5  buy $    222.55   sel     $27,500.00   [strat=deng_patient_rational_extractor]
      R 6  buy $  1,570.82   sel     $27,450.00   [strat=deng_patient_rational_extractor]
      R 7  buy $ 16,425.29   sel     $27,400.00   [strat=deng_patient_rational_extractor]
      R 8  buy $ 17,157.30   sel     $27,300.00   [strat=deng_patient_rational_extractor]
      R 9  buy $  7,439.18   sel     $27,250.00   [strat=deng_patient_rational_extractor]
      R10  buy $ 22,100.28   sel     $27,000.00   [strat=deng_patient_rational_extractor]
      R11  buy $ 13,435.43   sel     $26,500.00   [strat=deng_patient_rational_extractor]
      R12  buy $ 13,743.66   sel     $26,400.00   [strat=deng_patient_rational_extractor]
      R13  buy $ 14,595.04   sel     $26,000.00   [strat=deng_patient_rational_extractor]
      R14  buy $ 11,439.77   sel     $25,500.00   [strat=deng_patient_rational_extractor]
      R15  buy $ 18,463.36   sel     $24,500.00   [strat=deng_patient_rational_extractor]
      R16  buy $  1,436.89   sel     $24,500.00   [strat=deng_patient_rational_extractor]
   run 29 done in 7.5 min

   run 30/30 on 2019 Honda Accord Sport 1.5T  seed=20362449
      R 1  buy $  1,385.36   sel     $26,500.00   [strat=deng_patient_rational_extractor] *
      R 2  buy $ 12,940.30   sel     $25,000.00   [strat=deng_patient_rational_extractor]
      R 3  buy $  8,626.03   sel     $24,500.00   [strat=deng_patient_rational_extractor]
      R 4  buy $    347.50   sel     $24,500.00   [strat=deng_patient_rational_extractor]
      R 5  buy $ 14,355.58   sel     $23,500.00   [strat=deng_patient_rational_extractor]
      R 6  buy $ 10,086.26   sel     $22,500.00   [strat=deng_patient_rational_extractor]
      R 7  buy $ 19,891.88   sel     $21,000.00   [strat=deng_patient_rational_extractor]
      R 8  buy $ 19,255.69   sel     $20,500.00   [strat=deng_patient_rational_extractor]
      R 9  buy $  2,303.58   sel     $20,500.00   [strat=deng_patient_rational_extractor]
      R10  buy $ 12,965.80   sel     $20,000.00   [strat=deng_patient_rational_extractor]
      R11  buy $  4,266.78   sel     $19,500.00   [strat=deng_patient_rational_extractor]
      R12  buy $ 14,018.64   sel     $18,500.00   [strat=deng_patient_rational_extractor]
      R13  buy $  3,819.60   sel     $18,000.00   [strat=deng_patient_rational_extractor]
      R14  buy $  3,582.63   sel     $18,000.00   [strat=deng_patient_rational_extractor]
      R15  buy $ 16,956.00   sel     $17,500.00   [strat=deng_patient_rational_extractor]
      R16  buy $ 13,923.09   sel     $17,000.00   [strat=deng_patient_rational_extractor]
   run 30 done in 8.9 min

   ---> checkpoint: car 3/5 done in 222.7 min; total so far 781.6 min; saved 90 runs to exp01_fixed_deng_patient_rational_extractor.json

--- CAR 4/5: 2022 Toyota RAV4 XLE AWD  (M=$32,000.00  cost=$20,800.00  cost/M=65.00%) ---

   run 1/30 on 2022 Toyota RAV4 XLE AWD  seed=20363420
      R 1  buy $  6,587.47   sel     $31,500.00   [strat=deng_patient_rational_extractor] *
      R 2  buy $  1,428.72   sel     $31,000.00   [strat=deng_patient_rational_extractor]
      R 3  buy $ 24,139.42   sel     $30,000.00   [strat=deng_patient_rational_extractor]
      R 4  buy $ 10,137.77   sel     $29,500.00   [strat=deng_patient_rational_extractor]
      R 5  buy $  2,807.03   sel     $29,000.00   [strat=deng_patient_rational_extractor]
      R 6  buy $  3,733.57   sel     $28,500.00   [strat=deng_patient_rational_extractor]
      R 7  buy $  1,657.00   sel     $28,000.00   [strat=deng_patient_rational_extractor]
      R 8  buy $ 15,544.01   sel     $27,500.00   [strat=deng_patient_rational_extractor]
      R 9  buy $ 20,591.39   sel     $26,000.00   [strat=deng_patient_rational_extractor]
      R10  buy $  5,074.39   sel     $26,500.00   [strat=deng_patient_rational_extractor]
      R11  buy $ 16,476.96   sel     $25,000.00   [strat=deng_patient_rational_extractor]
      R12  buy $  3,317.59   sel     $24,500.00   [strat=deng_patient_rational_extractor]
      R13  buy $ 11,863.08   sel     $24,000.00   [strat=deng_patient_rational_extractor]
      R14  buy $ 13,269.36   sel     $23,500.00   [strat=deng_patient_rational_extractor]
      R15  buy $ 19,705.18   sel     $22,500.00   [strat=deng_patient_rational_extractor]
      R16  buy $ 12,587.21   sel     $22,000.00   [strat=deng_patient_rational_extractor]
   run 1 done in 8.5 min

   run 2/30 on 2022 Toyota RAV4 XLE AWD  seed=20363421
      R 1  buy $ 10,456.92   sel     $31,500.00   [strat=deng_patient_rational_extractor] *
      R 2  buy $ 27,180.18   sel     $29,750.00   [strat=deng_patient_rational_extractor]
      R 3  buy $ 29,646.35   sel     $29,725.00   [strat=deng_patient_rational_extractor]
      R 4  buy $  7,380.14   sel     $29,700.00   [strat=deng_patient_rational_extractor]
      R 5  buy $ 25,748.46   sel     $28,995.00   [strat=deng_patient_rational_extractor]
      R 6  buy $  9,083.20   sel     $29,000.00   [strat=deng_patient_rational_extractor]
      R 7  buy $ 22,092.95   sel     $28,500.00   [strat=deng_patient_rational_extractor]
      R 8  buy $ 10,798.46   sel     $28,500.00   [strat=deng_patient_rational_extractor]
      R 9  buy $ 23,104.69   sel     $27,995.00   [strat=deng_patient_rational_extractor]
      R10  buy $ 18,285.02   sel     $27,500.00   [strat=deng_patient_rational_extractor]
      R11  buy $ 24,342.04   sel     $26,995.00   [strat=deng_patient_rational_extractor]
      R12  buy $ 15,511.36   sel     $26,500.00   [strat=deng_patient_rational_extractor]
      R13  buy $ 20,509.18   sel     $26,000.00   [strat=deng_patient_rational_extractor]
      R14  buy $  6,925.03   sel     $25,500.00   [strat=deng_patient_rational_extractor]
      R15  buy $ 18,307.10   sel     $25,000.00   [strat=deng_patient_rational_extractor]
      R16  buy $  8,145.36   sel     $25,000.00   [strat=deng_patient_rational_extractor]
   run 2 done in 10.3 min

   run 3/30 on 2022 Toyota RAV4 XLE AWD  seed=20363422
      R 1  buy $ 31,780.21   sel     $31,999.99   [strat=deng_patient_rational_extractor] *
      R 2  buy $ 22,504.27   sel     $31,500.00   [strat=deng_patient_rational_extractor]
      R 3  buy $  7,429.50   sel     $31,000.00   [strat=deng_patient_rational_extractor]
      R 4  buy $ 14,442.29   sel     $30,500.00   [strat=deng_patient_rational_extractor]
      R 5  buy $  3,886.38   sel     $30,500.00   [strat=deng_patient_rational_extractor]
      R 6  buy $ 20,588.87   sel     $30,500.00   [strat=deng_patient_rational_extractor]
      R 7  buy $ 19,320.54   sel     $29,999.99   [strat=deng_patient_rational_extractor]
      R 8  buy $ 11,385.92   sel     $29,500.00   [strat=deng_patient_rational_extractor]
      R 9  buy $  4,716.05   sel     $29,500.00   [strat=deng_patient_rational_extractor]
      R10  buy $  9,713.81   sel     $29,250.00   [strat=deng_patient_rational_extractor]
      R11  buy $ 27,351.48   sel     $28,999.99   [strat=deng_patient_rational_extractor]
      R12  buy $ 12,317.34   sel     $28,750.00   [strat=deng_patient_rational_extractor]
      R13  buy $ 18,038.15   sel     $28,500.00   [strat=deng_patient_rational_extractor]
      R14  buy $ 26,446.25   sel     $27,999.99   [strat=deng_patient_rational_extractor]
      R15  buy $  5,380.61   sel     $27,500.00   [strat=deng_patient_rational_extractor]
      R16  buy $ 19,318.91   sel     $27,250.00   [strat=deng_patient_rational_extractor]
   run 3 done in 11.2 min

   run 4/30 on 2022 Toyota RAV4 XLE AWD  seed=20363423
      R 1  buy $  7,217.26   sel     $30,995.00   [strat=deng_patient_rational_extractor] *
      R 2  buy $  5,310.36   sel     $30,995.00   [strat=deng_patient_rational_extractor]
      R 3  buy $ 18,427.03   sel     $28,995.00   [strat=deng_patient_rational_extractor]
      R 4  buy $ 13,174.06   sel     $28,500.00   [strat=deng_patient_rational_extractor]
      R 5  buy $ 26,213.88   sel     $27,995.00   [strat=deng_patient_rational_extractor]
      R 6  buy $ 12,665.17   sel     $27,495.00   [strat=deng_patient_rational_extractor]
      R 7  buy $  4,446.94   sel     $27,395.00   [strat=deng_patient_rational_extractor]
      R 8  buy $ 20,954.67   sel     $26,495.00   [strat=deng_patient_rational_extractor]
      R 9  buy $ 21,777.49   sel     $25,500.00   [strat=deng_patient_rational_extractor]
      R10  buy $ 21,599.16   sel     $25,000.00   [strat=deng_patient_rational_extractor]
      R11  buy $ 17,329.27   sel     $24,500.00   [strat=deng_patient_rational_extractor]
      R12  buy $  6,360.59   sel     $24,500.00   [strat=deng_patient_rational_extractor]
      R13  buy $  9,237.95   sel     $24,400.00   [strat=deng_patient_rational_extractor]
      R14  buy $  2,429.35   sel     $24,300.00   [strat=deng_patient_rational_extractor]
      R15  buy $ 23,699.77   sel     $24,000.00   [strat=deng_patient_rational_extractor]
      R16  buy $  2,778.01   sel     $24,200.00   [strat=deng_patient_rational_extractor]
   run 4 done in 8.5 min

   run 5/30 on 2022 Toyota RAV4 XLE AWD  seed=20363424
      R 1  buy $  4,562.80   sel     $31,500.00   [strat=deng_patient_rational_extractor] *
      R 2  buy $ 11,746.62   sel     $30,000.00   [strat=deng_patient_rational_extractor]
      R 3  buy $  4,034.96   sel     $29,500.00   [strat=deng_patient_rational_extractor]
      R 4  buy $ 22,908.79   sel     $28,750.00   [strat=deng_patient_rational_extractor]
      R 5  buy $  8,954.62   sel     $28,500.00   [strat=deng_patient_rational_extractor]
      R 6  buy $  4,848.96   sel     $28,400.00   [strat=deng_patient_rational_extractor]
      R 7  buy $ 20,363.84   sel     $28,300.00   [strat=deng_patient_rational_extractor]
      R 8  buy $  3,208.34   sel     $28,200.00   [strat=deng_patient_rational_extractor]
      R 9  buy $  7,872.68   sel     $28,100.00   [strat=deng_patient_rational_extractor]
      R10  buy $ 22,847.17   sel     $28,000.00   [strat=deng_patient_rational_extractor]
      R11  buy $ 26,177.22   sel     $27,750.00   [strat=deng_patient_rational_extractor]
      R12  buy $  1,717.68   sel     $27,750.00   [strat=deng_patient_rational_extractor]
      R13  buy $  3,320.67   sel     $27,500.00   [strat=deng_patient_rational_extractor]
      R14  buy $  7,425.26   sel     $27,450.00   [strat=deng_patient_rational_extractor]
      R15  buy $ 16,538.05   sel     $27,300.00   [strat=deng_patient_rational_extractor]
      R16  buy $  7,700.28   sel     $27,250.00   [strat=deng_patient_rational_extractor]
   run 5 done in 6.8 min

   run 6/30 on 2022 Toyota RAV4 XLE AWD  seed=20363425
      R 1  buy $  7,029.59   sel     $31,500.00   [strat=deng_patient_rational_extractor] *
      R 2  buy $ 17,833.02   sel     $30,000.00   [strat=deng_patient_rational_extractor]
      R 3  buy $ 24,559.23   sel     $28,500.00   [strat=deng_patient_rational_extractor]
      R 4  buy $ 12,712.89   sel     $28,500.00   [strat=deng_patient_rational_extractor]
      R 5  buy $  7,967.17   sel     $28,500.00   [strat=deng_patient_rational_extractor]
      R 6  buy $  5,409.76   sel     $28,500.00   [strat=deng_patient_rational_extractor]
      R 7  buy $ 19,968.21   sel     $27,500.00   [strat=deng_patient_rational_extractor]
      R 8  buy $ 12,265.25   sel     $26,500.00   [strat=deng_patient_rational_extractor]
      R 9  buy $ 15,610.57   sel     $25,500.00   [strat=deng_patient_rational_extractor]
      R10  buy $  4,863.34   sel     $25,500.00   [strat=deng_patient_rational_extractor]
      R11  buy $    502.91   sel     $25,500.00   [strat=deng_patient_rational_extractor]
      R12  buy $ 15,768.12   sel     $24,500.00   [strat=deng_patient_rational_extractor]
      R13  buy $  7,420.21   sel     $24,500.00   [strat=deng_patient_rational_extractor]
      R14  buy $ 22,968.04   sel     $24,000.00   [strat=deng_patient_rational_extractor]
      R15  buy $ 19,002.29   sel     $23,500.00   [strat=deng_patient_rational_extractor]
      R16  buy $  7,547.46   sel     $23,000.00   [strat=deng_patient_rational_extractor]
   run 6 done in 8.0 min

   run 7/30 on 2022 Toyota RAV4 XLE AWD  seed=20363426
      R 1  buy $ 24,840.99   sel     $31,500.00   [strat=deng_patient_rational_extractor] *
      R 2  buy $ 16,678.92   sel     $30,500.00   [strat=deng_patient_rational_extractor]
      R 3  buy $ 17,474.93   sel     $30,000.00   [strat=deng_patient_rational_extractor]
      R 4  buy $  4,186.79   sel     $29,500.00   [strat=deng_patient_rational_extractor]
      R 5  buy $  4,873.59   sel     $29,000.00   [strat=deng_patient_rational_extractor]
      R 6  buy $ 25,876.34   sel     $28,000.00   [strat=deng_patient_rational_extractor]
      R 7  buy $ 15,655.94   sel     $27,500.00   [strat=deng_patient_rational_extractor]
      R 8  buy $ 13,559.80   sel     $27,000.00   [strat=deng_patient_rational_extractor]
      R 9  buy $ 18,266.92   sel     $26,500.00   [strat=deng_patient_rational_extractor]
      R10  buy $ 14,492.82   sel     $26,000.00   [strat=deng_patient_rational_extractor]
      R11  buy $ 24,680.39   sel     $25,500.00   [strat=deng_patient_rational_extractor]
      R12  buy $ 13,882.40   sel     $25,000.00   [strat=deng_patient_rational_extractor]
      R13  buy $ 19,449.96   sel     $24,500.00   [strat=deng_patient_rational_extractor]
      R14  buy $  2,317.64   sel     $24,000.00   [strat=deng_patient_rational_extractor]
      R15  buy $  2,502.80   sel     $23,500.00   [strat=deng_patient_rational_extractor]
      R16  buy $ 19,092.18   sel     $23,000.00   [strat=deng_patient_rational_extractor]
   run 7 done in 7.9 min

   run 8/30 on 2022 Toyota RAV4 XLE AWD  seed=20363427
      R 1  buy $  8,228.64   sel     $31,500.00   [strat=deng_patient_rational_extractor] *
      R 2  buy $ 29,918.62   sel     $31,200.00   [strat=deng_patient_rational_extractor]
      R 3  buy $ 18,369.89   sel     $30,800.00   [strat=deng_patient_rational_extractor]
      R 4  buy $  8,636.98   sel     $30,500.00   [strat=deng_patient_rational_extractor]
      R 5  buy $ 23,821.95   sel     $29,800.00   [strat=deng_patient_rational_extractor]
      R 6  buy $  9,799.57   sel     $29,500.00   [strat=deng_patient_rational_extractor]
      R 7  buy $ 17,996.39   sel     $28,500.00   [strat=deng_patient_rational_extractor]
      R 8  buy $ 10,720.05   sel     $28,000.00   [strat=deng_patient_rational_extractor]
      R 9  buy $  4,473.37   sel     $27,500.00   [strat=deng_patient_rational_extractor]
      R10  buy $ 12,518.49   sel     $27,500.00   [strat=deng_patient_rational_extractor]
      R11  buy $    465.27   sel     $27,500.00   [strat=deng_patient_rational_extractor]
      R12  buy $  2,853.32   sel     $27,000.00   [strat=deng_patient_rational_extractor]
      R13  buy $ 10,000.89   sel     $26,500.00   [strat=deng_patient_rational_extractor]
      R14  buy $ 22,154.81   sel     $25,500.00   [strat=deng_patient_rational_extractor]
      R15  buy $ 15,832.26   sel     $25,000.00   [strat=deng_patient_rational_extractor]
      R16  buy $  4,534.97   sel     $24,500.00   [strat=deng_patient_rational_extractor]
   run 8 done in 7.2 min

   run 9/30 on 2022 Toyota RAV4 XLE AWD  seed=20363428
      R 1  buy $ 14,016.54   sel     $29,995.00   [strat=deng_patient_rational_extractor] *
      R 2  buy $ 10,074.43   sel     $29,750.00   [strat=deng_patient_rational_extractor]
      R 3  buy $ 21,325.31   sel     $28,500.00   [strat=deng_patient_rational_extractor]
      R 4  buy $  8,106.98   sel     $28,500.00   [strat=deng_patient_rational_extractor]
      R 5  buy $ 23,826.60   sel     $27,995.00   [strat=deng_patient_rational_extractor]
      R 6  buy $  2,349.38   sel     $27,995.00   [strat=deng_patient_rational_extractor]
      R 7  buy $ 11,286.76   sel     $27,800.00   [strat=deng_patient_rational_extractor]
      R 8  buy $  8,919.10   sel     $27,600.00   [strat=deng_patient_rational_extractor]
      R 9  buy $ 20,759.32   sel     $27,500.00   [strat=deng_patient_rational_extractor]
      R10  buy $  2,960.82   sel     $27,400.00   [strat=deng_patient_rational_extractor]
      R11  buy $ 24,155.71   sel     $26,800.00   [strat=deng_patient_rational_extractor]
      R12  buy $  3,690.72   sel     $26,500.00   [strat=deng_patient_rational_extractor]
      R13  buy $  8,862.99   sel     $26,300.00   [strat=deng_patient_rational_extractor]
      R14  buy $ 12,394.29   sel     $26,200.00   [strat=deng_patient_rational_extractor]
      R15  buy $ 23,553.27   sel     $25,800.00   [strat=deng_patient_rational_extractor]
      R16  buy $  6,120.33   sel     $25,600.00   [strat=deng_patient_rational_extractor]
   run 9 done in 8.4 min

   run 10/30 on 2022 Toyota RAV4 XLE AWD  seed=20363429
      R 1  buy $ 30,966.73   sel     $31,800.00   [strat=deng_patient_rational_extractor] *
      R 2  buy $  5,489.17   sel     $31,500.00   [strat=deng_patient_rational_extractor]
      R 3  buy $  8,471.98   sel     $31,500.00   [strat=deng_patient_rational_extractor]
      R 4  buy $ 12,790.87   sel     $31,000.00   [strat=deng_patient_rational_extractor]
      R 5  buy $ 15,454.77   sel     $30,500.00   [strat=deng_patient_rational_extractor]
      R 6  buy $ 13,226.55   sel     $30,500.00   [strat=deng_patient_rational_extractor]
      R 7  buy $ 16,982.74   sel     $29,000.00   [strat=deng_patient_rational_extractor]
      R 8  buy $    857.64   sel     $29,000.00   [strat=deng_patient_rational_extractor]
      R 9  buy $  4,071.75   sel     $28,500.00   [strat=deng_patient_rational_extractor]
      R10  buy $    546.51   sel     $28,500.00   [strat=deng_patient_rational_extractor]
      R11  buy $  5,068.55   sel     $28,000.00   [strat=deng_patient_rational_extractor]
      R12  buy $  1,953.93   sel     $27,500.00   [strat=deng_patient_rational_extractor]
      R13  buy $ 17,062.63   sel     $27,000.00   [strat=deng_patient_rational_extractor]
      R14  buy $  3,561.70   sel     $26,500.00   [strat=deng_patient_rational_extractor]
      R15  buy $  1,033.18   sel     $26,000.00   [strat=deng_patient_rational_extractor]
      R16  buy $ 11,617.72   sel     $25,500.00   [strat=deng_patient_rational_extractor]
   run 10 done in 10.1 min

   run 11/30 on 2022 Toyota RAV4 XLE AWD  seed=20363430
      R 1  buy $ 28,088.48   sel     $31,500.00   [strat=deng_patient_rational_extractor] *
      R 2  buy $ 23,788.41   sel     $30,500.00   [strat=deng_patient_rational_extractor]
      R 3  buy $ 28,772.48   sel     $29,900.00   [strat=deng_patient_rational_extractor]
      R 4  buy $ 12,575.16   sel     $29,900.00   [strat=deng_patient_rational_extractor]
      R 5  buy $  7,920.14   sel     $29,900.00   [strat=deng_patient_rational_extractor]
      R 6  buy $  8,177.77   sel     $29,900.00   [strat=deng_patient_rational_extractor]
      R 7  buy $  5,202.26   sel     $29,900.00   [strat=deng_patient_rational_extractor]
      R 8  buy $ 24,761.09   sel     $28,900.00   [strat=deng_patient_rational_extractor]
      R 9  buy $  8,256.28   sel     $28,800.00   [strat=deng_patient_rational_extractor]
      R10  buy $  6,513.31   sel     $28,500.00   [strat=deng_patient_rational_extractor]
      R11  buy $ 23,767.33   sel     $27,900.00   [strat=deng_patient_rational_extractor]
      R12  buy $ 11,608.20   sel     $27,800.00   [strat=deng_patient_rational_extractor]
      R13  buy $ 18,356.49   sel     $27,600.00   [strat=deng_patient_rational_extractor]
      R14  buy $    450.05   sel     $27,500.00   [strat=deng_patient_rational_extractor]
      R15  buy $ 27,152.15   sel     $27,400.00   [strat=deng_patient_rational_extractor]
      R16  buy $  3,021.72   sel     $27,350.00   [strat=deng_patient_rational_extractor]
   run 11 done in 7.1 min

   run 12/30 on 2022 Toyota RAV4 XLE AWD  seed=20363431
      R 1  buy $  3,303.38   sel     $31,500.00   [strat=deng_patient_rational_extractor] *
      R 2  buy $ 11,210.93   sel     $31,000.00   [strat=deng_patient_rational_extractor]
      R 3  buy $ 19,552.94   sel     $30,500.00   [strat=deng_patient_rational_extractor]
      R 4  buy $  9,179.62   sel     $30,000.00   [strat=deng_patient_rational_extractor]
      R 5  buy $ 12,691.43   sel     $29,000.00   [strat=deng_patient_rational_extractor]
      R 6  buy $ 23,184.18   sel     $28,000.00   [strat=deng_patient_rational_extractor]
      R 7  buy $ 14,686.56   sel     $27,500.00   [strat=deng_patient_rational_extractor]
      R 8  buy $ 12,310.84   sel     $27,000.00   [strat=deng_patient_rational_extractor]
      R 9  buy $  9,313.52   sel     $26,500.00   [strat=deng_patient_rational_extractor]
      R10  buy $ 25,864.26   sel     $26,000.00   [strat=deng_patient_rational_extractor]
      R11  buy $  7,144.12   sel     $25,900.00   [strat=deng_patient_rational_extractor]
      R12  buy $ 14,012.21   sel     $25,500.00   [strat=deng_patient_rational_extractor]
      R13  buy $ 24,548.34   sel     $25,200.00   [strat=deng_patient_rational_extractor]
      R14  buy $ 18,426.25   sel     $24,800.00   [strat=deng_patient_rational_extractor]
      R15  buy $ 22,584.77   sel     $24,400.00   [strat=deng_patient_rational_extractor]
      R16  buy $ 24,333.11   sel     $24,370.00   [strat=deng_patient_rational_extractor]
   run 12 done in 7.4 min

   run 13/30 on 2022 Toyota RAV4 XLE AWD  seed=20363432
      R 1  buy $ 11,554.12   sel     $29,995.00   [strat=deng_patient_rational_extractor] *
      R 2  buy $  3,567.37   sel     $29,995.00   [strat=deng_patient_rational_extractor]
      R 3  buy $ 18,582.98   sel     $28,995.00   [strat=deng_patient_rational_extractor]
      R 4  buy $ 26,510.78   sel     $28,495.00   [strat=deng_patient_rational_extractor]
      R 5  buy $ 26,525.35   sel     $28,245.00   [strat=deng_patient_rational_extractor]
      R 6  buy $    417.27   sel     $28,245.00   [strat=deng_patient_rational_extractor]
      R 7  buy $  7,955.12   sel     $28,000.00   [strat=deng_patient_rational_extractor]
      R 8  buy $  6,970.47   sel     $27,750.00   [strat=deng_patient_rational_extractor]
      R 9  buy $ 12,083.13   sel     $27,500.00   [strat=deng_patient_rational_extractor]
      R10  buy $  1,353.50   sel     $27,500.00   [strat=deng_patient_rational_extractor]
      R11  buy $ 13,135.04   sel     $27,495.00   [strat=deng_patient_rational_extractor]
      R12  buy $ 22,750.68   sel     $27,000.00   [strat=deng_patient_rational_extractor]
      R13  buy $ 22,545.07   sel     $26,995.00   [strat=deng_patient_rational_extractor]
      R14  buy $ 21,605.19   sel     $26,495.00   [strat=deng_patient_rational_extractor]
      R15  buy $ 21,353.40   sel     $26,000.00   [strat=deng_patient_rational_extractor]
      R16  buy $ 15,460.57   sel     $25,500.00   [strat=deng_patient_rational_extractor]
   run 13 done in 8.8 min

   run 14/30 on 2022 Toyota RAV4 XLE AWD  seed=20363433
      R 1  buy $ 19,993.92   sel     $30,500.00   [strat=deng_patient_rational_extractor] *
      R 2  buy $ 20,037.73   sel     $30,000.00   [strat=deng_patient_rational_extractor]
      R 3  buy $ 29,268.66   sel     $29,800.00   [strat=deng_patient_rational_extractor]
      R 4  buy $  9,184.12   sel     $29,800.00   [strat=deng_patient_rational_extractor]
      R 5  buy $ 27,677.93   sel     $29,500.00   [strat=deng_patient_rational_extractor]
      R 6  buy $ 27,300.52   sel     $28,800.00   [strat=deng_patient_rational_extractor]
      R 7  buy $ 20,709.65   sel     $28,600.00   [strat=deng_patient_rational_extractor]
      R 8  buy $  4,086.55   sel     $28,400.00   [strat=deng_patient_rational_extractor]
      R 9  buy $ 17,982.74   sel     $28,200.00   [strat=deng_patient_rational_extractor]
      R10  buy $  9,954.53   sel     $28,000.00   [strat=deng_patient_rational_extractor]
      R11  buy $ 23,276.48   sel     $27,800.00   [strat=deng_patient_rational_extractor]
      R12  buy $  2,720.96   sel     $27,600.00   [strat=deng_patient_rational_extractor]
      R13  buy $    431.29   sel     $27,400.00   [strat=deng_patient_rational_extractor]
      R14  buy $ 18,979.42   sel     $27,200.00   [strat=deng_patient_rational_extractor]
      R15  buy $ 18,727.48   sel     $27,000.00   [strat=deng_patient_rational_extractor]
      R16  buy $ 20,363.71   sel     $26,500.00   [strat=deng_patient_rational_extractor]
   run 14 done in 9.5 min

   run 15/30 on 2022 Toyota RAV4 XLE AWD  seed=20363434
      R 1  buy $  6,939.44   sel     $31,500.00   [strat=deng_patient_rational_extractor] *
      R 2  buy $ 18,704.32   sel     $29,500.00   [strat=deng_patient_rational_extractor]
      R 3  buy $ 27,009.19   sel     $28,500.00   [strat=deng_patient_rational_extractor]
      R 4  buy $ 16,895.70   sel     $28,000.00   [strat=deng_patient_rational_extractor]
      R 5  buy $  1,719.03   sel     $28,000.00   [strat=deng_patient_rational_extractor]
      R 6  buy $ 23,074.16   sel     $27,500.00   [strat=deng_patient_rational_extractor]
      R 7  buy $ 22,579.30   sel     $26,000.00   [strat=deng_patient_rational_extractor]
      R 8  buy $ 22,547.44   sel     $25,500.00   [strat=deng_patient_rational_extractor]
      R 9  buy $ 13,542.16   sel     $25,000.00   [strat=deng_patient_rational_extractor]
      R10  buy $ 24,998.00   sel     $25,000.00   [strat=deng_patient_rational_extractor]
      R11  buy $  8,045.50   sel     $25,000.00   [strat=deng_patient_rational_extractor]
      R12  buy $ 21,969.64   sel     $24,500.00   [strat=deng_patient_rational_extractor]
      R13  buy $ 21,243.16   sel     $24,000.00   [strat=deng_patient_rational_extractor]
      R14  buy $ 15,990.56   sel     $23,500.00   [strat=deng_patient_rational_extractor]
      R15  buy $ 23,065.36   sel     $23,300.00   [strat=deng_patient_rational_extractor]
      R16  buy $ 12,744.86   sel     $22,800.00   [strat=deng_patient_rational_extractor]
   run 15 done in 9.2 min

   run 16/30 on 2022 Toyota RAV4 XLE AWD  seed=20363435
      R 1  buy $  6,991.93   sel     $31,500.00   [strat=deng_patient_rational_extractor] *
      R 2  buy $ 19,527.01   sel     $30,999.00   [strat=deng_patient_rational_extractor]
      R 3  buy $ 25,347.35   sel     $29,500.00   [strat=deng_patient_rational_extractor]
      R 4  buy $  4,999.70   sel     $29,500.00   [strat=deng_patient_rational_extractor]
      R 5  buy $ 27,468.96   sel     $28,999.00   [strat=deng_patient_rational_extractor]
      R 6  buy $  7,822.41   sel     $28,500.00   [strat=deng_patient_rational_extractor]
      R 7  buy $  3,771.98   sel     $28,200.00   [strat=deng_patient_rational_extractor]
      R 8  buy $  9,487.98   sel     $28,000.00   [strat=deng_patient_rational_extractor]
      R 9  buy $  2,164.43   sel     $27,800.00   [strat=deng_patient_rational_extractor]
      R10  buy $ 14,415.85   sel     $27,500.00   [strat=deng_patient_rational_extractor]
      R11  buy $ 21,450.51   sel     $26,500.00   [strat=deng_patient_rational_extractor]
      R12  buy $ 26,349.32   sel     $26,425.00   [strat=deng_patient_rational_extractor]
      R13  buy $ 16,637.20   sel     $25,999.00   [strat=deng_patient_rational_extractor]
      R14  buy $ 24,356.13   sel     $25,499.00   [strat=deng_patient_rational_extractor]
      R15  buy $ 15,643.37   sel     $25,000.00   [strat=deng_patient_rational_extractor]
      R16  buy $  8,657.17   sel     $24,500.00   [strat=deng_patient_rational_extractor]
   run 16 done in 7.6 min

   run 17/30 on 2022 Toyota RAV4 XLE AWD  seed=20363436
      R 1  buy $ 10,856.35   sel     $29,995.00   [strat=deng_patient_rational_extractor] *
      R 2  buy $     83.57   sel     $29,995.00   [strat=deng_patient_rational_extractor]
      R 3  buy $ 18,077.97   sel     $28,500.00   [strat=deng_patient_rational_extractor]
      R 4  buy $  6,920.02   sel     $27,999.00   [strat=deng_patient_rational_extractor]
      R 5  buy $ 24,123.66   sel     $26,999.00   [strat=deng_patient_rational_extractor]
      R 6  buy $    240.60   sel     $26,500.00   [strat=deng_patient_rational_extractor]
      R 7  buy $ 13,530.93   sel     $26,500.00   [strat=deng_patient_rational_extractor]
      R 8  buy $ 18,726.99   sel     $25,500.00   [strat=deng_patient_rational_extractor]
      R 9  buy $ 16,147.13   sel     $24,999.00   [strat=deng_patient_rational_extractor]
      R10  buy $ 20,326.31   sel     $24,499.00   [strat=deng_patient_rational_extractor]
      R11  buy $    465.92   sel     $24,399.00   [strat=deng_patient_rational_extractor]
      R12  buy $ 10,725.25   sel     $24,299.00   [strat=deng_patient_rational_extractor]
      R13  buy $ 12,778.55   sel     $24,199.00   [strat=deng_patient_rational_extractor]
      R14  buy $ 16,479.99   sel     $23,999.00   [strat=deng_patient_rational_extractor]
      R15  buy $    573.01   sel     $23,999.00   [strat=deng_patient_rational_extractor]
      R16  buy $ 11,522.43   sel     $23,899.00   [strat=deng_patient_rational_extractor]
   run 17 done in 9.5 min

   run 18/30 on 2022 Toyota RAV4 XLE AWD  seed=20363437
      R 1  buy $ 24,051.83   sel     $29,995.00   [strat=deng_patient_rational_extractor] *
      R 2  buy $ 22,401.02   sel     $29,995.00   [strat=deng_patient_rational_extractor]
      R 3  buy $ 29,591.88   sel     $29,795.00   [strat=deng_patient_rational_extractor]
      R 4  buy $  7,605.80   sel     $29,695.00   [strat=deng_patient_rational_extractor]
      R 5  buy $ 26,164.23   sel     $28,995.00   [strat=deng_patient_rational_extractor]
      R 6  buy $ 28,814.85   sel     $28,895.00   [strat=deng_patient_rational_extractor]
      R 7  buy $ 20,587.65   sel     $28,500.00   [strat=deng_patient_rational_extractor]
      R 8  buy $ 26,535.65   sel     $28,295.00   [strat=deng_patient_rational_extractor]
      R 9  buy $ 20,385.97   sel     $28,500.00   [strat=deng_patient_rational_extractor]
      R10  buy $  4,476.28   sel     $28,500.00   [strat=deng_patient_rational_extractor]
      R11  buy $ 19,352.08   sel     $27,995.00   [strat=deng_patient_rational_extractor]
      R12  buy $  1,236.37   sel     $27,895.00   [strat=deng_patient_rational_extractor]
      R13  buy $  8,236.70   sel     $27,795.00   [strat=deng_patient_rational_extractor]
      R14  buy $  3,450.88   sel     $27,750.00   [strat=deng_patient_rational_extractor]
      R15  buy $ 18,157.92   sel     $27,650.00   [strat=deng_patient_rational_extractor]
      R16  buy $  9,863.78   sel     $27,500.00   [strat=deng_patient_rational_extractor]
   run 18 done in 8.6 min

   run 19/30 on 2022 Toyota RAV4 XLE AWD  seed=20363438
      R 1  buy $ 27,240.16   sel     $31,500.00   [strat=deng_patient_rational_extractor] *
      R 2  buy $ 26,492.28   sel     $30,500.00   [strat=deng_patient_rational_extractor]
      R 3  buy $ 21,407.59   sel     $30,500.00   [strat=deng_patient_rational_extractor]
      R 4  buy $ 27,853.00   sel     $29,900.00   [strat=deng_patient_rational_extractor]
      R 5  buy $ 23,414.84   sel     $29,500.00   [strat=deng_patient_rational_extractor]
      R 6  buy $  4,582.82   sel     $29,500.00   [strat=deng_patient_rational_extractor]
      R 7  buy $ 16,941.90   sel     $28,900.00   [strat=deng_patient_rational_extractor]
      R 8  buy $  1,601.88   sel     $28,900.00   [strat=deng_patient_rational_extractor]
      R 9  buy $ 13,083.03   sel     $28,500.00   [strat=deng_patient_rational_extractor]
      R10  buy $  5,695.56   sel     $28,400.00   [strat=deng_patient_rational_extractor]
      R11  buy $ 25,119.32   sel     $28,200.00   [strat=deng_patient_rational_extractor]
      R12  buy $  7,907.89   sel     $28,100.00   [strat=deng_patient_rational_extractor]
      R13  buy $  1,888.40   sel     $28,000.00   [strat=deng_patient_rational_extractor]
      R14  buy $  3,047.42   sel     $27,900.00   [strat=deng_patient_rational_extractor]
      R15  buy $  6,225.32   sel     $27,800.00   [strat=deng_patient_rational_extractor]
      R16  buy $ 23,001.94   sel     $27,600.00   [strat=deng_patient_rational_extractor]
   run 19 done in 7.4 min

   run 20/30 on 2022 Toyota RAV4 XLE AWD  seed=20363439
      R 1  buy $  9,294.54   sel     $31,500.00   [strat=deng_patient_rational_extractor] *
      R 2  buy $ 28,697.92   sel     $30,500.00   [strat=deng_patient_rational_extractor]
      R 3  buy $  4,406.44   sel     $30,500.00   [strat=deng_patient_rational_extractor]
      R 4  buy $ 11,555.60   sel     $30,500.00   [strat=deng_patient_rational_extractor]
      R 5  buy $  4,341.81   sel     $30,500.00   [strat=deng_patient_rational_extractor]
      R 6  buy $ 21,699.60   sel     $29,500.00   [strat=deng_patient_rational_extractor]
      R 7  buy $ 10,943.46   sel     $29,000.00   [strat=deng_patient_rational_extractor]
      R 8  buy $ 24,356.46   sel     $28,000.00   [strat=deng_patient_rational_extractor]
      R 9  buy $ 19,341.28   sel     $27,500.00   [strat=deng_patient_rational_extractor]
      R10  buy $ 24,980.64   sel     $26,500.00   [strat=deng_patient_rational_extractor]
      R11  buy $  6,637.44   sel     $26,000.00   [strat=deng_patient_rational_extractor]
      R12  buy $  5,533.22   sel     $26,000.00   [strat=deng_patient_rational_extractor]
      R13  buy $ 18,256.11   sel     $25,500.00   [strat=deng_patient_rational_extractor]
      R14  buy $ 23,171.27   sel     $25,000.00   [strat=deng_patient_rational_extractor]
      R15  buy $ 15,122.16   sel     $24,500.00   [strat=deng_patient_rational_extractor]
      R16  buy $  3,469.25   sel     $24,000.00   [strat=deng_patient_rational_extractor]
   run 20 done in 7.9 min

   run 21/30 on 2022 Toyota RAV4 XLE AWD  seed=20363440
      R 1  buy $ 26,617.42   sel     $30,995.00   [strat=deng_patient_rational_extractor] *
      R 2  buy $ 28,144.21   sel     $30,500.00   [strat=deng_patient_rational_extractor]
      R 3  buy $  7,639.03   sel     $30,000.00   [strat=deng_patient_rational_extractor]
      R 4  buy $ 19,908.93   sel     $29,500.00   [strat=deng_patient_rational_extractor]
      R 5  buy $ 14,867.56   sel     $29,500.00   [strat=deng_patient_rational_extractor]
      R 6  buy $ 24,198.44   sel     $28,500.00   [strat=deng_patient_rational_extractor]
      R 7  buy $ 17,834.85   sel     $27,500.00   [strat=deng_patient_rational_extractor]
      R 8  buy $  2,782.65   sel     $27,000.00   [strat=deng_patient_rational_extractor]
      R 9  buy $ 13,112.11   sel     $25,500.00   [strat=deng_patient_rational_extractor]
      R10  buy $ 16,196.17   sel     $24,500.00   [strat=deng_patient_rational_extractor]
      R11  buy $    759.80   sel     $24,000.00   [strat=deng_patient_rational_extractor]
      R12  buy $ 12,832.02   sel     $23,500.00   [strat=deng_patient_rational_extractor]
      R13  buy $ 18,736.55   sel     $22,500.00   [strat=deng_patient_rational_extractor]
      R14  buy $ 11,113.42   sel     $22,000.00   [strat=deng_patient_rational_extractor]
      R15  buy $ 12,644.56   sel     $21,500.00   [strat=deng_patient_rational_extractor]
      R16  buy $ 19,947.11   sel     $21,000.00   [strat=deng_patient_rational_extractor]
   run 21 done in 9.3 min

   run 22/30 on 2022 Toyota RAV4 XLE AWD  seed=20363441
      R 1  buy $  6,111.66   sel     $24,000.00   [strat=deng_patient_rational_extractor] *
      R 2  buy $ 16,661.60   sel     $23,000.00   [strat=deng_patient_rational_extractor]
      R 3  buy $ 15,218.17   sel     $22,500.00   [strat=deng_patient_rational_extractor]
      R 4  buy $  4,509.38   sel     $22,000.00   [strat=deng_patient_rational_extractor]
      R 5  buy $ 15,950.64   sel     $21,500.00   [strat=deng_patient_rational_extractor]
      R 6  buy $ 11,873.43   sel     $21,000.00   [strat=deng_patient_rational_extractor]
      R 7  buy $  3,890.93   sel     $21,000.00   [strat=deng_patient_rational_extractor]
      R 8  buy $  3,923.97   sel     $21,000.00   [strat=deng_patient_rational_extractor]
      R 9  buy $ 16,929.85   sel     $20,900.00   [strat=deng_patient_rational_extractor]
      R10  buy $ 20,601.80   sel     $20,850.00   [strat=deng_patient_rational_extractor]
      R11  buy $ 15,821.15   sel     $20,825.00   [strat=deng_patient_rational_extractor]
      R12  buy $ 17,132.34   sel     $20,825.00   [strat=deng_patient_rational_extractor]
      R13  buy $  3,118.66   sel     $20,815.00   [strat=deng_patient_rational_extractor]
      R14  buy $ 10,371.24   sel     $20,810.00   [strat=deng_patient_rational_extractor]
      R15  buy $ 18,274.56   sel     $20,805.00   [strat=deng_patient_rational_extractor]
      R16  buy $ 11,007.18   sel     $20,803.00   [strat=deng_patient_rational_extractor]
   run 22 done in 11.9 min

   run 23/30 on 2022 Toyota RAV4 XLE AWD  seed=20363442
      R 1  buy $ 13,455.58   sel     $29,500.00   [strat=deng_patient_rational_extractor] *
      R 2  buy $ 16,067.72   sel     $28,500.00   [strat=deng_patient_rational_extractor]
      R 3  buy $ 12,556.75   sel     $28,000.00   [strat=deng_patient_rational_extractor]
      R 4  buy $ 12,351.13   sel     $27,500.00   [strat=deng_patient_rational_extractor]
      R 5  buy $ 17,229.10   sel     $26,500.00   [strat=deng_patient_rational_extractor]
      R 6  buy $ 25,148.36   sel     $26,000.00   [strat=deng_patient_rational_extractor]
      R 7  buy $    806.92   sel     $25,750.00   [strat=deng_patient_rational_extractor]
      R 8  buy $ 24,279.20   sel     $25,500.00   [strat=deng_patient_rational_extractor]
      R 9  buy $ 18,820.35   sel     $25,250.00   [strat=deng_patient_rational_extractor]
      R10  buy $  4,080.76   sel     $25,000.00   [strat=deng_patient_rational_extractor]
      R11  buy $ 13,631.06   sel     $24,900.00   [strat=deng_patient_rational_extractor]
      R12  buy $ 17,643.73   sel     $24,700.00   [strat=deng_patient_rational_extractor]
      R13  buy $ 20,429.80   sel     $24,600.00   [strat=deng_patient_rational_extractor]
      R14  buy $ 11,798.39   sel     $24,500.00   [strat=deng_patient_rational_extractor]
      R15  buy $ 12,470.39   sel     $24,400.00   [strat=deng_patient_rational_extractor]
      R16  buy $ 14,111.83   sel     $24,300.00   [strat=deng_patient_rational_extractor]
   run 23 done in 9.9 min

   run 24/30 on 2022 Toyota RAV4 XLE AWD  seed=20363443
      R 1  buy $ 24,445.62   sel     $30,995.00   [strat=deng_patient_rational_extractor] *
      R 2  buy $ 10,148.87   sel     $30,500.00   [strat=deng_patient_rational_extractor]
      R 3  buy $ 21,035.80   sel     $28,500.00   [strat=deng_patient_rational_extractor]
      R 4  buy $ 10,334.38   sel     $28,000.00   [strat=deng_patient_rational_extractor]
      R 5  buy $ 18,894.04   sel     $27,500.00   [strat=deng_patient_rational_extractor]
      R 6  buy $  5,999.33   sel     $27,000.00   [strat=deng_patient_rational_extractor]
      R 7  buy $ 15,471.48   sel     $26,500.00   [strat=deng_patient_rational_extractor]
      R 8  buy $ 18,102.29   sel     $26,000.00   [strat=deng_patient_rational_extractor]
      R 9  buy $  3,923.04   sel     $25,500.00   [strat=deng_patient_rational_extractor]
      R10  buy $  7,106.46   sel     $25,000.00   [strat=deng_patient_rational_extractor]
      R11  buy $  7,837.82   sel     $24,500.00   [strat=deng_patient_rational_extractor]
      R12  buy $ 11,473.81   sel     $24,000.00   [strat=deng_patient_rational_extractor]
      R13  buy $ 13,067.32   sel     $23,500.00   [strat=deng_patient_rational_extractor]
      R14  buy $  5,046.55   sel     $23,000.00   [strat=deng_patient_rational_extractor]
      R15  buy $ 11,744.54   sel     $22,500.00   [strat=deng_patient_rational_extractor]
      R16  buy $  8,282.68   sel     $22,000.00   [strat=deng_patient_rational_extractor]
   run 24 done in 9.3 min

   run 25/30 on 2022 Toyota RAV4 XLE AWD  seed=20363444
      R 1  buy $ 28,508.66   sel     $31,500.00   [strat=deng_patient_rational_extractor] *
      R 2  buy $ 11,477.89   sel     $30,500.00   [strat=deng_patient_rational_extractor]
      R 3  buy $ 25,609.23   sel     $29,500.00   [strat=deng_patient_rational_extractor]
      R 4  buy $  9,960.89   sel     $29,000.00   [strat=deng_patient_rational_extractor]
      R 5  buy $ 20,656.89   sel     $28,500.00   [strat=deng_patient_rational_extractor]
      R 6  buy $ 24,566.56   sel     $27,500.00   [strat=deng_patient_rational_extractor]
      R 7  buy $ 24,856.16   sel     $27,000.00   [strat=deng_patient_rational_extractor]
      R 8  buy $ 12,814.34   sel     $26,500.00   [strat=deng_patient_rational_extractor]
      R 9  buy $  7,226.24   sel     $26,000.00   [strat=deng_patient_rational_extractor]
      R10  buy $  9,500.13   sel     $25,900.00   [strat=deng_patient_rational_extractor]
      R11  buy $ 15,777.10   sel     $25,800.00   [strat=deng_patient_rational_extractor]
      R12  buy $  7,294.94   sel     $25,700.00   [strat=deng_patient_rational_extractor]
      R13  buy $ 12,634.19   sel     $25,600.00   [strat=deng_patient_rational_extractor]
      R14  buy $ 21,159.46   sel     $25,500.00   [strat=deng_patient_rational_extractor]
      R15  buy $  9,754.86   sel     $25,400.00   [strat=deng_patient_rational_extractor]
      R16  buy $  1,712.04   sel     $25,300.00   [strat=deng_patient_rational_extractor]
   run 25 done in 9.7 min

   run 26/30 on 2022 Toyota RAV4 XLE AWD  seed=20363445
      R 1  buy $ 15,556.37   sel     $29,995.00   [strat=deng_patient_rational_extractor] *
      R 2  buy $ 15,191.24   sel     $28,995.00   [strat=deng_patient_rational_extractor]
      R 3  buy $ 11,225.08   sel     $27,995.00   [strat=deng_patient_rational_extractor]
      R 4  buy $ 15,167.50   sel     $27,500.00   [strat=deng_patient_rational_extractor]
      R 5  buy $ 16,844.45   sel     $27,000.00   [strat=deng_patient_rational_extractor]
      R 6  buy $ 14,852.71   sel     $26,500.00   [strat=deng_patient_rational_extractor]
      R 7  buy $  3,238.38   sel     $26,000.00   [strat=deng_patient_rational_extractor]
      R 8  buy $ 13,863.92   sel     $25,500.00   [strat=deng_patient_rational_extractor]
      R 9  buy $  8,211.14   sel     $25,000.00   [strat=deng_patient_rational_extractor]
      R10  buy $  6,761.69   sel     $24,500.00   [strat=deng_patient_rational_extractor]
      R11  buy $ 23,937.11   sel     $24,200.00   [strat=deng_patient_rational_extractor]
      R12  buy $ 14,368.77   sel     $24,100.00   [strat=deng_patient_rational_extractor]
      R13  buy $ 11,302.32   sel     $24,000.00   [strat=deng_patient_rational_extractor]
      R14  buy $ 23,588.39   sel     $23,900.00   [strat=deng_patient_rational_extractor]
      R15  buy $ 20,509.33   sel     $23,800.00   [strat=deng_patient_rational_extractor]
      R16  buy $ 23,367.19   sel     $23,700.00   [strat=deng_patient_rational_extractor]
   run 26 done in 9.4 min

   run 27/30 on 2022 Toyota RAV4 XLE AWD  seed=20363446
      R 1  buy $  8,510.13   sel     $31,500.00   [strat=deng_patient_rational_extractor] *
      R 2  buy $  9,601.31   sel     $31,000.00   [strat=deng_patient_rational_extractor]
      R 3  buy $ 15,555.27   sel     $30,500.00   [strat=deng_patient_rational_extractor]
      R 4  buy $ 27,795.47   sel     $29,500.00   [strat=deng_patient_rational_extractor]
      R 5  buy $ 27,175.70   sel     $29,000.00   [strat=deng_patient_rational_extractor]
      R 6  buy $ 12,459.51   sel     $28,500.00   [strat=deng_patient_rational_extractor]
      R 7  buy $ 12,773.31   sel     $28,000.00   [strat=deng_patient_rational_extractor]
      R 8  buy $  9,320.44   sel     $27,795.47   [strat=deng_patient_rational_extractor]
      R 9  buy $ 24,893.64   sel     $27,000.00   [strat=deng_patient_rational_extractor]
      R10  buy $ 17,475.78   sel     $26,500.00   [strat=deng_patient_rational_extractor]
      R11  buy $ 15,751.57   sel     $26,000.00   [strat=deng_patient_rational_extractor]
      R12  buy $ 21,068.56   sel     $25,000.00   [strat=deng_patient_rational_extractor]
      R13  buy $ 24,352.54   sel     $24,800.00   [strat=deng_patient_rational_extractor]
      R14  buy $  2,134.65   sel     $24,500.00   [strat=deng_patient_rational_extractor]
      R15  buy $  4,850.14   sel     $24,300.00   [strat=deng_patient_rational_extractor]
      R16  buy $ 10,221.74   sel     $23,800.00   [strat=deng_patient_rational_extractor]
   run 27 done in 9.9 min

   run 28/30 on 2022 Toyota RAV4 XLE AWD  seed=20363447
      R 1  buy $ 21,183.89   sel     $29,995.00   [strat=deng_patient_rational_extractor] *
      R 2  buy $ 29,114.91   sel     $29,800.00   [strat=deng_patient_rational_extractor]
      R 3  buy $  6,084.32   sel     $29,750.00   [strat=deng_patient_rational_extractor]
      R 4  buy $ 14,673.81   sel     $29,700.00   [strat=deng_patient_rational_extractor]
      R 5  buy $ 18,515.25   sel     $29,650.00   [strat=deng_patient_rational_extractor]
      R 6  buy $  4,719.60   sel     $29,600.00   [strat=deng_patient_rational_extractor]
      R 7  buy $ 16,959.56   sel     $29,550.00   [strat=deng_patient_rational_extractor]
      R 8  buy $ 15,056.56   sel     $29,500.00   [strat=deng_patient_rational_extractor]
      R 9  buy $ 29,060.60   sel     $29,400.00   [strat=deng_patient_rational_extractor]
      R10  buy $ 16,712.50   sel     $29,350.00   [strat=deng_patient_rational_extractor]
      R11  buy $ 26,830.54   sel     $29,300.00   [strat=deng_patient_rational_extractor]
      R12  buy $ 17,512.95   sel     $29,250.00   [strat=deng_patient_rational_extractor]
      R13  buy $ 12,322.75   sel     $29,200.00   [strat=deng_patient_rational_extractor]
      R14  buy $ 11,518.61   sel     $29,150.00   [strat=deng_patient_rational_extractor]
      R15  buy $ 11,172.68   sel     $29,100.00   [strat=deng_patient_rational_extractor]
      R16  buy $  2,949.39   sel     $29,050.00   [strat=deng_patient_rational_extractor]
   run 28 done in 9.3 min

   run 29/30 on 2022 Toyota RAV4 XLE AWD  seed=20363448
      R 1  buy $ 13,052.59   sel     $31,500.00   [strat=deng_patient_rational_extractor] *
      R 2  buy $ 17,917.39   sel     $30,800.00   [strat=deng_patient_rational_extractor]
      R 3  buy $  7,113.27   sel     $30,500.00   [strat=deng_patient_rational_extractor]
      R 4  buy $ 16,286.13   sel     $30,000.00   [strat=deng_patient_rational_extractor]
      R 5  buy $ 26,365.27   sel     $29,500.00   [strat=deng_patient_rational_extractor]
      R 6  buy $ 11,176.40   sel     $29,500.00   [strat=deng_patient_rational_extractor]
      R 7  buy $ 26,605.08   sel     $28,900.00   [strat=deng_patient_rational_extractor]
      R 8  buy $ 10,509.16   sel     $28,850.00   [strat=deng_patient_rational_extractor]
      R 9  buy $  7,462.55   sel     $28,850.00   [strat=deng_patient_rational_extractor]
      R10  buy $  5,377.75   sel     $28,800.00   [strat=deng_patient_rational_extractor]
      R11  buy $ 17,308.41   sel     $28,750.00   [strat=deng_patient_rational_extractor]
      R12  buy $  9,328.39   sel     $28,700.00   [strat=deng_patient_rational_extractor]
      R13  buy $  5,896.66   sel     $28,650.00   [strat=deng_patient_rational_extractor]
      R14  buy $ 24,691.01   sel     $27,500.00   [strat=deng_patient_rational_extractor]
      R15  buy $  8,188.40   sel     $27,000.00   [strat=deng_patient_rational_extractor]
      R16  buy $ 20,711.74   sel     $26,000.00   [strat=deng_patient_rational_extractor]
   run 29 done in 11.5 min

   run 30/30 on 2022 Toyota RAV4 XLE AWD  seed=20363449
      R 1  buy $ 26,326.58   sel     $30,995.00   [strat=deng_patient_rational_extractor] *
      R 2  buy $ 18,176.38   sel     $30,500.00   [strat=deng_patient_rational_extractor]
      R 3  buy $ 13,316.58   sel     $30,000.00   [strat=deng_patient_rational_extractor]
      R 4  buy $ 16,575.74   sel     $29,500.00   [strat=deng_patient_rational_extractor]
      R 5  buy $ 28,605.72   sel     $29,200.00   [strat=deng_patient_rational_extractor]
      R 6  buy $  7,332.39   sel     $29,200.00   [strat=deng_patient_rational_extractor]
      R 7  buy $ 25,107.08   sel     $28,800.00   [strat=deng_patient_rational_extractor]
      R 8  buy $ 12,797.87   sel     $28,500.00   [strat=deng_patient_rational_extractor]
      R 9  buy $    992.50   sel     $28,500.00   [strat=deng_patient_rational_extractor]
      R10  buy $ 23,279.03   sel     $27,500.00   [strat=deng_patient_rational_extractor]
      R11  buy $ 17,508.01   sel     $26,000.00   [strat=deng_patient_rational_extractor]
      R12  buy $ 12,722.22   sel     $25,500.00   [strat=deng_patient_rational_extractor]
      R13  buy $  8,260.51   sel     $25,000.00   [strat=deng_patient_rational_extractor]
      R14  buy $ 19,646.31   sel     $24,500.00   [strat=deng_patient_rational_extractor]
      R15  buy $  8,599.41   sel     $24,000.00   [strat=deng_patient_rational_extractor]
      R16  buy $  4,306.38   sel     $23,500.00   [strat=deng_patient_rational_extractor]
   run 30 done in 13.5 min

   ---> checkpoint: car 4/5 done in 273.9 min; total so far 1055.6 min; saved 120 runs to exp01_fixed_deng_patient_rational_extractor.json

--- CAR 5/5: 2023 Ford Mustang GT Premium  (M=$45,000.00  cost=$36,000.00  cost/M=80.00%) ---

   run 1/30 on 2023 Ford Mustang GT Premium  seed=20364420
      R 1  buy $  1,734.99   sel     $44,500.00   [strat=deng_patient_rational_extractor] *
      R 2  buy $ 26,584.90   sel     $44,000.00   [strat=deng_patient_rational_extractor]
      R 3  buy $ 42,430.31   sel     $43,500.00   [strat=deng_patient_rational_extractor]
      R 4  buy $ 17,808.64   sel     $43,500.00   [strat=deng_patient_rational_extractor]
      R 5  buy $ 12,483.00   sel     $43,000.00   [strat=deng_patient_rational_extractor]
      R 6  buy $ 38,076.75   sel     $42,000.00   [strat=deng_patient_rational_extractor]
      R 7  buy $ 35,116.29   sel     $41,500.00   [strat=deng_patient_rational_extractor]
      R 8  buy $ 11,789.97   sel     $40,000.00   [strat=deng_patient_rational_extractor]
      R 9  buy $ 29,024.48   sel     $39,000.00   [strat=deng_patient_rational_extractor]
      R10  buy $ 38,486.23   sel     $38,800.00   [strat=deng_patient_rational_extractor]
      R11  buy $ 12,985.26   sel     $38,000.00   [strat=deng_patient_rational_extractor]
      R12  buy $ 11,460.98   sel     $38,000.00   [strat=deng_patient_rational_extractor]
      R13  buy $ 28,559.15   sel     $37,500.00   [strat=deng_patient_rational_extractor]
      R14  buy $ 14,223.04   sel     $37,000.00   [strat=deng_patient_rational_extractor]
      R15  buy $  2,598.49   sel     $36,500.00   [strat=deng_patient_rational_extractor]
      R16  buy $ 24,861.99   sel     $36,500.00   [strat=deng_patient_rational_extractor]
   run 1 done in 11.5 min

   run 2/30 on 2023 Ford Mustang GT Premium  seed=20364421
      R 1  buy $ 16,118.89   sel     $44,500.00   [strat=deng_patient_rational_extractor] *
      R 2  buy $ 23,522.91   sel     $43,000.00   [strat=deng_patient_rational_extractor]
      R 3  buy $  1,039.21   sel     $42,500.00   [strat=deng_patient_rational_extractor]
      R 4  buy $  8,288.69   sel     $42,000.00   [strat=deng_patient_rational_extractor]
      R 5  buy $  7,121.43   sel     $42,000.00   [strat=deng_patient_rational_extractor]
      R 6  buy $  5,554.60   sel     $42,000.00   [strat=deng_patient_rational_extractor]
      R 7  buy $ 13,679.58   sel     $41,500.00   [strat=deng_patient_rational_extractor]
      R 8  buy $ 27,212.06   sel     $41,000.00   [strat=deng_patient_rational_extractor]
      R 9  buy $ 24,201.78   sel     $40,500.00   [strat=deng_patient_rational_extractor]
      R10  buy $ 11,311.17   sel     $40,000.00   [strat=deng_patient_rational_extractor]
      R11  buy $ 23,874.50   sel     $39,500.00   [strat=deng_patient_rational_extractor]
      R12  buy $ 31,964.63   sel     $38,500.00   [strat=deng_patient_rational_extractor]
      R13  buy $  8,713.63   sel     $38,000.00   [strat=deng_patient_rational_extractor]
      R14  buy $ 23,395.57   sel     $37,500.00   [strat=deng_patient_rational_extractor]
      R15  buy $  8,835.23   sel     $37,000.00   [strat=deng_patient_rational_extractor]
      R16  buy $ 14,153.44   sel     $36,500.00   [strat=deng_patient_rational_extractor]
   run 2 done in 9.9 min

   run 3/30 on 2023 Ford Mustang GT Premium  seed=20364422
      R 1  buy $  3,017.66   sel     $44,500.00   [strat=deng_patient_rational_extractor] *
      R 2  buy $  2,826.79   sel     $44,500.00   [strat=deng_patient_rational_extractor]
      R 3  buy $  8,394.78   sel     $44,500.00   [strat=deng_patient_rational_extractor]
      R 4  buy $    580.91   sel     $44,250.00   [strat=deng_patient_rational_extractor]
      R 5  buy $  2,784.94   sel     $44,000.00   [strat=deng_patient_rational_extractor]
      R 6  buy $ 23,040.94   sel     $43,500.00   [strat=deng_patient_rational_extractor]
      R 7  buy $ 27,179.32   sel     $43,000.00   [strat=deng_patient_rational_extractor]
      R 8  buy $ 26,085.88   sel     $42,500.00   [strat=deng_patient_rational_extractor]
      R 9  buy $ 22,261.73   sel     $42,250.00   [strat=deng_patient_rational_extractor]
      R10  buy $ 16,918.14   sel     $42,000.00   [strat=deng_patient_rational_extractor]
      R11  buy $ 10,881.04   sel     $41,750.00   [strat=deng_patient_rational_extractor]
      R12  buy $ 13,289.85   sel     $41,500.00   [strat=deng_patient_rational_extractor]
      R13  buy $ 34,509.64   sel     $40,500.00   [strat=deng_patient_rational_extractor]
      R14  buy $ 10,506.28   sel     $40,250.00   [strat=deng_patient_rational_extractor]
      R15  buy $ 39,839.23   sel     $40,000.00   [strat=deng_patient_rational_extractor]
      R16  buy $ 31,165.85   sel     $39,500.00   [strat=deng_patient_rational_extractor]
   run 3 done in 10.4 min

   run 4/30 on 2023 Ford Mustang GT Premium  seed=20364423
      R 1  buy $  2,573.36   sel     $44,500.00   [strat=deng_patient_rational_extractor] *
      R 2  buy $  5,077.12   sel     $44,500.00   [strat=deng_patient_rational_extractor]
      R 3  buy $ 23,759.21   sel     $43,500.00   [strat=deng_patient_rational_extractor]
      R 4  buy $ 24,397.71   sel     $42,500.00   [strat=deng_patient_rational_extractor]
      R 5  buy $ 40,030.78   sel     $41,500.00   [strat=deng_patient_rational_extractor]
      R 6  buy $  6,307.63   sel     $41,500.00   [strat=deng_patient_rational_extractor]
      R 7  buy $ 18,958.01   sel     $41,000.00   [strat=deng_patient_rational_extractor]
      R 8  buy $ 35,038.18   sel     $40,000.00   [strat=deng_patient_rational_extractor]
      R 9  buy $ 14,914.58   sel     $39,500.00   [strat=deng_patient_rational_extractor]
      R10  buy $ 28,168.24   sel     $38,500.00   [strat=deng_patient_rational_extractor]
      R11  buy $ 35,251.70   sel     $37,500.00   [strat=deng_patient_rational_extractor]
      R12  buy $ 20,030.15   sel     $37,000.00   [strat=deng_patient_rational_extractor]
      R13  buy $ 30,702.56   sel     $36,500.00   [strat=deng_patient_rational_extractor]
      R14  buy $ 21,005.65   sel     $36,250.00   [strat=deng_patient_rational_extractor]
      R15  buy $  3,703.80   sel     $36,200.00   [strat=deng_patient_rational_extractor]
      R16  buy $ 22,253.54   sel     $36,100.00   [strat=deng_patient_rational_extractor]
   run 4 done in 9.5 min

   run 5/30 on 2023 Ford Mustang GT Premium  seed=20364424
      R 1  buy $ 14,281.76   sel     $44,500.00   [strat=deng_patient_rational_extractor] *
      R 2  buy $ 22,669.29   sel     $43,500.00   [strat=deng_patient_rational_extractor]
      R 3  buy $ 18,189.30   sel     $43,000.00   [strat=deng_patient_rational_extractor]
      R 4  buy $ 37,350.93   sel     $42,500.00   [strat=deng_patient_rational_extractor]
      R 5  buy $ 19,205.89   sel     $42,500.00   [strat=deng_patient_rational_extractor]
      R 6  buy $ 16,342.16   sel     $42,500.00   [strat=deng_patient_rational_extractor]
      R 7  buy $ 38,481.12   sel     $41,000.00   [strat=deng_patient_rational_extractor]
      R 8  buy $ 34,195.40   sel     $39,500.00   [strat=deng_patient_rational_extractor]
      R 9  buy $  2,190.03   sel     $39,500.00   [strat=deng_patient_rational_extractor]
      R10  buy $  6,727.60   sel     $39,000.00   [strat=deng_patient_rational_extractor]
      R11  buy $ 20,118.57   sel     $38,500.00   [strat=deng_patient_rational_extractor]
      R12  buy $ 30,420.79   sel     $38,000.00   [strat=deng_patient_rational_extractor]
      R13  buy $ 36,493.08   sel     $37,250.00   [strat=deng_patient_rational_extractor]
      R14  buy $  6,676.64   sel     $37,250.00   [strat=deng_patient_rational_extractor]
      R15  buy $  1,773.65   sel     $37,250.00   [strat=deng_patient_rational_extractor]
      R16  buy $ 10,416.17   sel     $37,000.00   [strat=deng_patient_rational_extractor]
   run 5 done in 11.5 min

   run 6/30 on 2023 Ford Mustang GT Premium  seed=20364425
      R 1  buy $  5,433.01   sel     $44,500.00   [strat=deng_patient_rational_extractor] *
      R 2  buy $ 16,533.69   sel     $43,000.00   [strat=deng_patient_rational_extractor]
      R 3  buy $ 31,614.62   sel     $42,500.00   [strat=deng_patient_rational_extractor]
      R 4  buy $ 30,867.78   sel     $42,250.00   [strat=deng_patient_rational_extractor]
      R 5  buy $ 14,639.23   sel     $42,000.00   [strat=deng_patient_rational_extractor]
      R 6  buy $ 36,936.31   sel     $41,000.00   [strat=deng_patient_rational_extractor]
      R 7  buy $ 12,537.95   sel     $40,500.00   [strat=deng_patient_rational_extractor]
      R 8  buy $  8,402.61   sel     $40,000.00   [strat=deng_patient_rational_extractor]
      R 9  buy $ 27,543.36   sel     $39,500.00   [strat=deng_patient_rational_extractor]
      R10  buy $ 18,797.65   sel     $38,000.00   [strat=deng_patient_rational_extractor]
      R11  buy $ 17,514.05   sel     $37,500.00   [strat=deng_patient_rational_extractor]
      R12  buy $ 31,534.53   sel     $37,000.00   [strat=deng_patient_rational_extractor]
      R13  buy $ 20,451.84   sel     $36,900.00   [strat=deng_patient_rational_extractor]
      R14  buy $ 25,099.87   sel     $36,500.00   [strat=deng_patient_rational_extractor]
      R15  buy $ 14,945.49   sel     $36,250.00   [strat=deng_patient_rational_extractor]
      R16  buy $ 13,983.14   sel     $36,200.00   [strat=deng_patient_rational_extractor]
   run 6 done in 10.1 min

   run 7/30 on 2023 Ford Mustang GT Premium  seed=20364426
      R 1  buy $ 32,324.68   sel     $44,500.00   [strat=deng_patient_rational_extractor] *
      R 2  buy $  2,282.67   sel     $43,000.00   [strat=deng_patient_rational_extractor]
      R 3  buy $ 28,493.70   sel     $42,000.00   [strat=deng_patient_rational_extractor]
      R 4  buy $ 12,145.82   sel     $41,500.00   [strat=deng_patient_rational_extractor]
      R 5  buy $ 20,984.88   sel     $41,250.00   [strat=deng_patient_rational_extractor]
      R 6  buy $  4,318.38   sel     $41,250.00   [strat=deng_patient_rational_extractor]
      R 7  buy $ 16,217.23   sel     $41,000.00   [strat=deng_patient_rational_extractor]
      R 8  buy $  6,336.12   sel     $41,000.00   [strat=deng_patient_rational_extractor]
      R 9  buy $ 18,805.56   sel     $41,000.00   [strat=deng_patient_rational_extractor]
      R10  buy $ 17,372.02   sel     $41,000.00   [strat=deng_patient_rational_extractor]
      R11  buy $ 37,853.53   sel     $40,000.00   [strat=deng_patient_rational_extractor]
      R12  buy $ 10,417.12   sel     $40,000.00   [strat=deng_patient_rational_extractor]
      R13  buy $ 13,105.89   sel     $40,000.00   [strat=deng_patient_rational_extractor]
      R14  buy $ 31,907.85   sel     $39,500.00   [strat=deng_patient_rational_extractor]
      R15  buy $ 22,129.13   sel     $39,500.00   [strat=deng_patient_rational_extractor]
      R16  buy $  7,202.09   sel     $39,500.00   [strat=deng_patient_rational_extractor]
   run 7 done in 4.4 min

   run 8/30 on 2023 Ford Mustang GT Premium  seed=20364427
      R 1  buy $ 14,919.88   sel     $43,920.00   [strat=deng_patient_rational_extractor] *
      R 2  buy $  1,185.58   sel     $43,500.00   [strat=deng_patient_rational_extractor]
      R 3  buy $  3,744.11   sel     $43,500.00   [strat=deng_patient_rational_extractor]
      R 4  buy $ 15,213.35   sel     $43,500.00   [strat=deng_patient_rational_extractor]
      R 5  buy $ 34,843.25   sel     $39,900.00   [strat=deng_patient_rational_extractor]
      R 6  buy $ 27,706.09   sel     $39,900.00   [strat=deng_patient_rational_extractor]
      R 7  buy $  6,090.76   sel     $39,900.00   [strat=deng_patient_rational_extractor]
      R 8  buy $  3,020.77   sel     $39,900.00   [strat=deng_patient_rational_extractor]
      R 9  buy $ 28,628.61   sel     $39,900.00   [strat=deng_patient_rational_extractor]
      R10  buy $ 27,561.50   sel     $39,900.00   [strat=deng_patient_rational_extractor]
      R11  buy $  6,803.59   sel     $39,900.00   [strat=deng_patient_rational_extractor]
      R12  buy $  9,929.34   sel     $39,900.00   [strat=deng_patient_rational_extractor]
      R13  buy $ 11,556.74   sel     $39,900.00   [strat=deng_patient_rational_extractor]
      R14  buy $ 19,900.64   sel     $39,900.00   [strat=deng_patient_rational_extractor]
      R15  buy $ 38,672.77   sel     $39,500.00   [strat=deng_patient_rational_extractor]
      R16  buy $  8,856.28   sel     $39,500.00   [strat=deng_patient_rational_extractor]
   run 8 done in 2.7 min

   run 9/30 on 2023 Ford Mustang GT Premium  seed=20364428
      R 1  buy $ 15,608.41   sel     $43,500.00   [strat=deng_patient_rational_extractor] *
      R 2  buy $ 20,554.81   sel     $42,000.00   [strat=deng_patient_rational_extractor]
      R 3  buy $    768.80   sel     $42,000.00   [strat=deng_patient_rational_extractor]
      R 4  buy $  4,493.67   sel     $42,000.00   [strat=deng_patient_rational_extractor]
      R 5  buy $ 18,597.86   sel     $42,000.00   [strat=deng_patient_rational_extractor]
      R 6  buy $  9,498.39   sel     $42,000.00   [strat=deng_patient_rational_extractor]
      R 7  buy $ 13,873.43   sel     $42,000.00   [strat=deng_patient_rational_extractor]
      R 8  buy $ 29,737.66   sel     $40,000.00   [strat=deng_patient_rational_extractor]
      R 9  buy $  1,308.99   sel     $40,000.00   [strat=deng_patient_rational_extractor]
      R10  buy $ 12,922.85   sel     $40,000.00   [strat=deng_patient_rational_extractor]
      R11  buy $ 21,641.25   sel     $40,000.00   [strat=deng_patient_rational_extractor]
      R12  buy $ 10,410.95   sel     $40,000.00   [strat=deng_patient_rational_extractor]
      R13  buy $  3,051.73   sel     $40,000.00   [strat=deng_patient_rational_extractor]
      R14  buy $ 34,503.36   sel     $38,000.00   [strat=deng_patient_rational_extractor]
      R15  buy $  9,985.59   sel     $38,000.00   [strat=deng_patient_rational_extractor]
      R16  buy $ 11,321.72   sel     $38,000.00   [strat=deng_patient_rational_extractor]
   run 9 done in 2.5 min

   run 10/30 on 2023 Ford Mustang GT Premium  seed=20364429
      R 1  buy $ 24,852.18   sel     $44,500.00   [strat=deng_patient_rational_extractor] *
      R 2  buy $ 37,779.58   sel     $42,500.00   [strat=deng_patient_rational_extractor]
      R 3  buy $ 11,403.72   sel     $42,000.00   [strat=deng_patient_rational_extractor]
      R 4  buy $ 16,703.91   sel     $41,500.00   [strat=deng_patient_rational_extractor]
      R 5  buy $ 35,069.62   sel     $40,000.00   [strat=deng_patient_rational_extractor]
      R 6  buy $ 31,383.43   sel     $40,000.00   [strat=deng_patient_rational_extractor]
      R 7  buy $ 35,193.32   sel     $39,500.00   [strat=deng_patient_rational_extractor]
      R 8  buy $ 30,432.71   sel     $39,500.00   [strat=deng_patient_rational_extractor]
      R 9  buy $ 19,032.23   sel     $39,500.00   [strat=deng_patient_rational_extractor]
      R10  buy $ 25,294.96   sel     $39,500.00   [strat=deng_patient_rational_extractor]
      R11  buy $  5,452.38   sel     $39,500.00   [strat=deng_patient_rational_extractor]
      R12  buy $ 22,195.15   sel     $39,500.00   [strat=deng_patient_rational_extractor]
      R13  buy $ 10,515.52   sel     $39,500.00   [strat=deng_patient_rational_extractor]
      R14  buy $ 27,200.03   sel     $39,500.00   [strat=deng_patient_rational_extractor]
      R15  buy $ 18,305.36   sel     $39,000.00   [strat=deng_patient_rational_extractor]
      R16  buy $ 32,200.90   sel     $38,500.00   [strat=deng_patient_rational_extractor]
   run 10 done in 2.6 min

   run 11/30 on 2023 Ford Mustang GT Premium  seed=20364430
      R 1  buy $    201.13   sel     $42,500.00   [strat=deng_patient_rational_extractor] *
      R 2  buy $ 42,119.58   sel     $42,500.00   [strat=deng_patient_rational_extractor]
      R 3  buy $  8,689.09   sel     $42,500.00   [strat=deng_patient_rational_extractor]
      R 4  buy $ 27,196.04   sel     $41,800.00   [strat=deng_patient_rational_extractor]
      R 5  buy $ 35,916.92   sel     $39,200.00   [strat=deng_patient_rational_extractor]
      R 6  buy $ 19,307.14   sel     $39,200.00   [strat=deng_patient_rational_extractor]
      R 7  buy $ 11,730.90   sel     $39,200.00   [strat=deng_patient_rational_extractor]
      R 8  buy $ 26,448.97   sel     $39,200.00   [strat=deng_patient_rational_extractor]
      R 9  buy $  1,572.14   sel     $39,200.00   [strat=deng_patient_rational_extractor]
      R10  buy $  8,643.11   sel     $39,200.00   [strat=deng_patient_rational_extractor]
      R11  buy $    501.94   sel     $39,200.00   [strat=deng_patient_rational_extractor]
      R12  buy $ 38,832.90   sel     $39,000.00   [strat=deng_patient_rational_extractor]
      R13  buy $  9,434.69   sel     $39,000.00   [strat=deng_patient_rational_extractor]
      R14  buy $ 11,350.55   sel     $39,000.00   [strat=deng_patient_rational_extractor]
      R15  buy $ 36,447.61   sel     $38,500.00   [strat=deng_patient_rational_extractor]
      R16  buy $ 35,689.04   sel     $38,500.00   [strat=deng_patient_rational_extractor]
   run 11 done in 2.8 min

   run 12/30 on 2023 Ford Mustang GT Premium  seed=20364431
      R 1  buy $ 15,118.04   sel     $42,500.00   [strat=deng_patient_rational_extractor] *
      R 2  buy $ 21,883.95   sel     $39,500.00   [strat=deng_patient_rational_extractor]
      R 3  buy $ 31,161.02   sel     $37,500.00   [strat=deng_patient_rational_extractor]
      R 4  buy $  4,934.18   sel     $37,500.00   [strat=deng_patient_rational_extractor]
      R 5  buy $ 37,403.13   sel     $37,403.13   [strat=deng_patient_rational_extractor]
      R 6  buy $ 36,706.43   sel     $37,250.00   [strat=deng_patient_rational_extractor]
      R 7  buy $ 21,020.50   sel     $37,000.00   [strat=deng_patient_rational_extractor]
      R 8  buy $    754.66   sel     $37,000.00   [strat=deng_patient_rational_extractor]
      R 9  buy $ 21,698.11   sel     $36,900.00   [strat=deng_patient_rational_extractor]
      R10  buy $ 19,433.24   sel     $36,900.00   [strat=deng_patient_rational_extractor]
      R11  buy $  5,330.63   sel     $36,900.00   [strat=deng_patient_rational_extractor]
      R12  buy $ 36,722.63   sel     $36,900.00   [strat=deng_patient_rational_extractor]
      R13  buy $  2,287.04   sel     $36,900.00   [strat=deng_patient_rational_extractor]
      R14  buy $ 35,103.67   sel     $36,500.00   [strat=deng_patient_rational_extractor]
      R15  buy $ 28,341.94   sel     $36,500.00   [strat=deng_patient_rational_extractor]
      R16  buy $ 33,809.81   sel     $36,200.00   [strat=deng_patient_rational_extractor]
   run 12 done in 7.3 min

   run 13/30 on 2023 Ford Mustang GT Premium  seed=20364432
      R 1  buy $ 20,425.09   sel     $42,500.00   [strat=deng_patient_rational_extractor] *
      R 2  buy $  8,886.42   sel     $42,500.00   [strat=deng_patient_rational_extractor]
      R 3  buy $ 28,002.08   sel     $40,000.00   [strat=deng_patient_rational_extractor]
      R 4  buy $ 25,700.89   sel     $40,000.00   [strat=deng_patient_rational_extractor]
      R 5  buy $  7,371.95   sel     $40,000.00   [strat=deng_patient_rational_extractor]
      R 6  buy $ 16,170.76   sel     $40,000.00   [strat=deng_patient_rational_extractor]
      R 7  buy $ 15,317.51   sel     $40,000.00   [strat=deng_patient_rational_extractor]
      R 8  buy $    223.84   sel     $40,000.00   [strat=deng_patient_rational_extractor]
      R 9  buy $ 35,331.37   sel     $39,000.00   [strat=deng_patient_rational_extractor]
      R10  buy $  9,133.49   sel     $39,000.00   [strat=deng_patient_rational_extractor]
      R11  buy $ 24,978.80   sel     $39,000.00   [strat=deng_patient_rational_extractor]
      R12  buy $ 24,271.65   sel     $39,000.00   [strat=deng_patient_rational_extractor]
      R13  buy $  7,915.05   sel     $39,000.00   [strat=deng_patient_rational_extractor]
      R14  buy $ 33,461.63   sel     $39,000.00   [strat=deng_patient_rational_extractor]
      R15  buy $ 17,529.06   sel     $39,000.00   [strat=deng_patient_rational_extractor]
      R16  buy $    680.00   sel     $39,000.00   [strat=deng_patient_rational_extractor]
   run 13 done in 5.5 min

   run 14/30 on 2023 Ford Mustang GT Premium  seed=20364433
      R 1  buy $  7,220.70   sel     $42,500.00   [strat=deng_patient_rational_extractor] *
      R 2  buy $  9,215.11   sel     $42,000.00   [strat=deng_patient_rational_extractor]
      R 3  buy $ 13,504.72   sel     $41,500.00   [strat=deng_patient_rational_extractor]
      R 4  buy $ 15,640.66   sel     $41,000.00   [strat=deng_patient_rational_extractor]
      R 5  buy $ 26,109.42   sel     $40,500.00   [strat=deng_patient_rational_extractor]
      R 6  buy $ 10,203.74   sel     $40,500.00   [strat=deng_patient_rational_extractor]
      R 7  buy $  2,934.37   sel     $40,500.00   [strat=deng_patient_rational_extractor]
      R 8  buy $ 11,940.87   sel     $40,500.00   [strat=deng_patient_rational_extractor]
      R 9  buy $ 15,485.93   sel     $40,500.00   [strat=deng_patient_rational_extractor]
      R10  buy $  4,618.82   sel     $40,500.00   [strat=deng_patient_rational_extractor]
      R11  buy $ 28,554.79   sel     $39,500.00   [strat=deng_patient_rational_extractor]
      R12  buy $ 23,977.27   sel     $39,500.00   [strat=deng_patient_rational_extractor]
      R13  buy $ 22,155.15   sel     $39,500.00   [strat=deng_patient_rational_extractor]
      R14  buy $ 15,964.52   sel     $39,500.00   [strat=deng_patient_rational_extractor]
      R15  buy $ 38,998.14   sel     $38,998.14   [strat=deng_patient_rational_extractor]
      R16  buy $ 15,750.62   sel     $39,500.00   [strat=deng_patient_rational_extractor]
   run 14 done in 2.9 min

   run 15/30 on 2023 Ford Mustang GT Premium  seed=20364434
      R 1  buy $  9,671.27   sel     $43,500.00   [strat=deng_patient_rational_extractor] *
      R 2  buy $ 33,407.74   sel     $42,000.00   [strat=deng_patient_rational_extractor]
      R 3  buy $ 26,433.14   sel     $41,500.00   [strat=deng_patient_rational_extractor]
      R 4  buy $ 14,531.25   sel     $41,500.00   [strat=deng_patient_rational_extractor]
      R 5  buy $  7,260.69   sel     $41,500.00   [strat=deng_patient_rational_extractor]
      R 6  buy $ 32,790.38   sel     $40,000.00   [strat=deng_patient_rational_extractor]
      R 7  buy $ 15,978.95   sel     $40,000.00   [strat=deng_patient_rational_extractor]
      R 8  buy $  6,650.46   sel     $40,000.00   [strat=deng_patient_rational_extractor]
      R 9  buy $  1,001.03   sel     $40,000.00   [strat=deng_patient_rational_extractor]
      R10  buy $ 24,905.72   sel     $39,000.00   [strat=deng_patient_rational_extractor]
      R11  buy $ 21,541.06   sel     $39,000.00   [strat=deng_patient_rational_extractor]
      R12  buy $ 23,110.64   sel     $38,500.00   [strat=deng_patient_rational_extractor]
      R13  buy $ 31,137.46   sel     $38,000.00   [strat=deng_patient_rational_extractor]
      R14  buy $ 18,735.72   sel     $38,000.00   [strat=deng_patient_rational_extractor]
      R15  buy $ 12,814.73   sel     $38,000.00   [strat=deng_patient_rational_extractor]
      R16  buy $ 24,649.01   sel     $38,000.00   [strat=deng_patient_rational_extractor]
   run 15 done in 2.7 min

   run 16/30 on 2023 Ford Mustang GT Premium  seed=20364435
      R 1  buy $ 42,463.34   sel     $44,200.00   [strat=deng_patient_rational_extractor] *
      R 2  buy $  6,100.70   sel     $44,200.00   [strat=deng_patient_rational_extractor]
      R 3  buy $  5,907.24   sel     $44,200.00   [strat=deng_patient_rational_extractor]
      R 4  buy $ 38,755.99   sel     $42,500.00   [strat=deng_patient_rational_extractor]
      R 5  buy $  6,999.79   sel     $42,500.00   [strat=deng_patient_rational_extractor]
      R 6  buy $  3,464.33   sel     $42,500.00   [strat=deng_patient_rational_extractor]
      R 7  buy $ 41,345.38   sel     $42,000.00   [strat=deng_patient_rational_extractor]
      R 8  buy $ 24,235.63   sel     $42,000.00   [strat=deng_patient_rational_extractor]
      R 9  buy $ 16,119.26   sel     $42,000.00   [strat=deng_patient_rational_extractor]
      R10  buy $  1,151.80   sel     $42,000.00   [strat=deng_patient_rational_extractor]
      R11  buy $ 23,699.89   sel     $42,000.00   [strat=deng_patient_rational_extractor]
      R12  buy $ 41,957.78   sel     $41,957.78   [strat=deng_patient_rational_extractor]
      R13  buy $ 29,392.95   sel     $41,957.78   [strat=deng_patient_rational_extractor]
      R14  buy $ 29,949.05   sel     $41,957.78   [strat=deng_patient_rational_extractor]
      R15  buy $ 17,964.77   sel     $41,957.78   [strat=deng_patient_rational_extractor]
      R16  buy $  4,543.64   sel     $41,957.78   [strat=deng_patient_rational_extractor]
   run 16 done in 2.8 min

   run 17/30 on 2023 Ford Mustang GT Premium  seed=20364436
      R 1  buy $ 43,821.98   sel     $44,900.00   [strat=deng_patient_rational_extractor] *
      R 2  buy $  8,140.12   sel     $44,800.00   [strat=deng_patient_rational_extractor]
      R 3  buy $ 23,256.49   sel     $44,750.00   [strat=deng_patient_rational_extractor]
      R 4  buy $ 35,416.88   sel     $44,600.00   [strat=deng_patient_rational_extractor]
      R 5  buy $ 16,372.21   sel     $44,500.00   [strat=deng_patient_rational_extractor]
      R 6  buy $ 37,479.22   sel     $44,000.00   [strat=deng_patient_rational_extractor]
      R 7  buy $ 25,476.05   sel     $44,000.00   [strat=deng_patient_rational_extractor]
      R 8  buy $ 27,025.39   sel     $44,000.00   [strat=deng_patient_rational_extractor]
      R 9  buy $ 12,139.86   sel     $44,000.00   [strat=deng_patient_rational_extractor]
      R10  buy $ 16,515.60   sel     $44,000.00   [strat=deng_patient_rational_extractor]
      R11  buy $ 37,900.69   sel     $43,500.00   [strat=deng_patient_rational_extractor]
      R12  buy $ 18,505.33   sel     $43,500.00   [strat=deng_patient_rational_extractor]
      R13  buy $ 12,524.05   sel     $43,500.00   [strat=deng_patient_rational_extractor]
      R14  buy $  6,336.91   sel     $43,500.00   [strat=deng_patient_rational_extractor]
      R15  buy $ 12,362.33   sel     $43,500.00   [strat=deng_patient_rational_extractor]
      R16  buy $ 29,042.57   sel     $43,500.00   [strat=deng_patient_rational_extractor]
   run 17 done in 3.0 min

   run 18/30 on 2023 Ford Mustang GT Premium  seed=20364437
      R 1  buy $ 44,566.48   sel     $46,000.00   [strat=deng_patient_rational_extractor] *
      R 2  buy $  7,464.17   sel     $45,500.00   [strat=deng_patient_rational_extractor]
      R 3  buy $  2,649.72   sel     $45,500.00   [strat=deng_patient_rational_extractor]
      R 4  buy $  1,664.62   sel     $45,500.00   [strat=deng_patient_rational_extractor]
      R 5  buy $ 21,788.10   sel     $45,000.00   [strat=deng_patient_rational_extractor]
      R 6  buy $  6,058.24   sel     $45,000.00   [strat=deng_patient_rational_extractor]
      R 7  buy $ 33,596.98   sel     $43,500.00   [strat=deng_patient_rational_extractor]
      R 8  buy $  1,491.45   sel     $43,500.00   [strat=deng_patient_rational_extractor]
      R 9  buy $  2,292.62   sel     $43,500.00   [strat=deng_patient_rational_extractor]
      R10  buy $ 25,894.22   sel     $42,500.00   [strat=deng_patient_rational_extractor]
      R11  buy $ 31,811.47   sel     $41,500.00   [strat=deng_patient_rational_extractor]
      R12  buy $  4,711.49   sel     $41,500.00   [strat=deng_patient_rational_extractor]
      R13  buy $ 18,051.17   sel     $41,500.00   [strat=deng_patient_rational_extractor]
      R14  buy $ 21,528.40   sel     $41,500.00   [strat=deng_patient_rational_extractor]
      R15  buy $  5,235.05   sel     $41,500.00   [strat=deng_patient_rational_extractor]
      R16  buy $ 36,741.31   sel     $40,000.00   [strat=deng_patient_rational_extractor]
   run 18 done in 2.7 min

   run 19/30 on 2023 Ford Mustang GT Premium  seed=20364438
      R 1  buy $ 18,980.62   sel     $43,850.00   [strat=deng_patient_rational_extractor] *
      R 2  buy $ 13,554.74   sel     $43,300.00   [strat=deng_patient_rational_extractor]
      R 3  buy $ 34,591.50   sel     $41,500.00   [strat=deng_patient_rational_extractor]
      R 4  buy $  6,682.15   sel     $41,500.00   [strat=deng_patient_rational_extractor]
      R 5  buy $ 16,421.49   sel     $40,500.00   [strat=deng_patient_rational_extractor]
      R 6  buy $  9,911.48   sel     $40,500.00   [strat=deng_patient_rational_extractor]
      R 7  buy $ 39,455.62   sel     $40,000.00   [strat=deng_patient_rational_extractor]
      R 8  buy $  8,692.77   sel     $40,000.00   [strat=deng_patient_rational_extractor]
      R 9  buy $ 26,311.21   sel     $40,000.00   [strat=deng_patient_rational_extractor]
      R10  buy $ 35,030.63   sel     $39,500.00   [strat=deng_patient_rational_extractor]
      R11  buy $ 22,449.26   sel     $39,500.00   [strat=deng_patient_rational_extractor]
      R12  buy $  7,772.14   sel     $39,500.00   [strat=deng_patient_rational_extractor]
      R13  buy $ 35,266.61   sel     $39,500.00   [strat=deng_patient_rational_extractor]
      R14  buy $ 35,072.89   sel     $39,500.00   [strat=deng_patient_rational_extractor]
      R15  buy $ 38,834.63   sel     $39,000.00   [strat=deng_patient_rational_extractor]
      R16  buy $ 20,886.45   sel     $39,000.00   [strat=deng_patient_rational_extractor]
   run 19 done in 3.3 min

   run 20/30 on 2023 Ford Mustang GT Premium  seed=20364439
      R 1  buy $ 16,180.56   sel     $42,500.00   [strat=deng_patient_rational_extractor] *
      R 2  buy $ 26,582.82   sel     $39,500.00   [strat=deng_patient_rational_extractor]
      R 3  buy $ 30,660.65   sel     $37,500.00   [strat=deng_patient_rational_extractor]
      R 4  buy $ 26,504.13   sel     $37,500.00   [strat=deng_patient_rational_extractor]
      R 5  buy $ 21,258.22   sel     $37,500.00   [strat=deng_patient_rational_extractor]
      R 6  buy $ 26,803.52   sel     $37,500.00   [strat=deng_patient_rational_extractor]
      R 7  buy $ 24,181.45   sel     $37,500.00   [strat=deng_patient_rational_extractor]
      R 8  buy $ 24,070.86   sel     $37,500.00   [strat=deng_patient_rational_extractor]
      R 9  buy $  4,410.13   sel     $37,500.00   [strat=deng_patient_rational_extractor]
      R10  buy $ 15,808.38   sel     $37,500.00   [strat=deng_patient_rational_extractor]
      R11  buy $    927.07   sel     $37,500.00   [strat=deng_patient_rational_extractor]
      R12  buy $ 23,855.49   sel     $37,500.00   [strat=deng_patient_rational_extractor]
      R13  buy $ 21,525.76   sel     $37,500.00   [strat=deng_patient_rational_extractor]
      R14  buy $ 35,912.91   sel     $36,800.00   [strat=deng_patient_rational_extractor]
      R15  buy $  3,711.90   sel     $36,800.00   [strat=deng_patient_rational_extractor]
      R16  buy $  6,172.65   sel     $36,800.00   [strat=deng_patient_rational_extractor]
   run 20 done in 3.0 min

   run 21/30 on 2023 Ford Mustang GT Premium  seed=20364440
      R 1  buy $ 18,361.34   sel     $42,999.00   [strat=deng_patient_rational_extractor] *
      R 2  buy $ 23,459.92   sel     $41,500.00   [strat=deng_patient_rational_extractor]
      R 3  buy $    980.05   sel     $40,999.00   [strat=deng_patient_rational_extractor]
      R 4  buy $ 32,195.46   sel     $39,999.00   [strat=deng_patient_rational_extractor]
      R 5  buy $  5,143.94   sel     $39,500.00   [strat=deng_patient_rational_extractor]
      R 6  buy $ 24,405.09   sel     $39,500.00   [strat=deng_patient_rational_extractor]
      R 7  buy $ 11,230.35   sel     $39,500.00   [strat=deng_patient_rational_extractor]
      R 8  buy $  3,704.18   sel     $39,500.00   [strat=deng_patient_rational_extractor]
      R 9  buy $ 36,688.56   sel     $38,999.00   [strat=deng_patient_rational_extractor]
      R10  buy $ 33,098.50   sel     $38,999.00   [strat=deng_patient_rational_extractor]
      R11  buy $ 15,351.53   sel     $38,999.00   [strat=deng_patient_rational_extractor]
      R12  buy $ 19,945.21   sel     $38,999.00   [strat=deng_patient_rational_extractor]
      R13  buy $  9,774.75   sel     $38,999.00   [strat=deng_patient_rational_extractor]
      R14  buy $  5,506.44   sel     $38,999.00   [strat=deng_patient_rational_extractor]
      R15  buy $ 23,149.10   sel     $38,999.00   [strat=deng_patient_rational_extractor]
      R16  buy $ 31,565.79   sel     $38,999.00   [strat=deng_patient_rational_extractor]
   run 21 done in 2.9 min

   run 22/30 on 2023 Ford Mustang GT Premium  seed=20364441
      R 1  buy $ 27,536.90   sel     $42,999.00   [strat=deng_patient_rational_extractor] *
      R 2  buy $ 10,933.15   sel     $41,500.00   [strat=deng_patient_rational_extractor]
      R 3  buy $ 17,958.85   sel     $40,500.00   [strat=deng_patient_rational_extractor]
      R 4  buy $ 38,806.03   sel     $39,750.00   [strat=deng_patient_rational_extractor]
      R 5  buy $ 39,704.03   sel     $39,704.03   [strat=deng_patient_rational_extractor]
      R 6  buy $ 28,227.14   sel     $39,704.03   [strat=deng_patient_rational_extractor]
      R 7  buy $  1,661.92   sel     $39,704.03   [strat=deng_patient_rational_extractor]
      R 8  buy $ 18,011.34   sel     $39,704.03   [strat=deng_patient_rational_extractor]
      R 9  buy $ 22,591.10   sel     $39,704.03   [strat=deng_patient_rational_extractor]
      R10  buy $  5,296.18   sel     $39,704.03   [strat=deng_patient_rational_extractor]
      R11  buy $ 17,792.70   sel     $39,704.03   [strat=deng_patient_rational_extractor]
      R12  buy $ 39,367.65   sel     $39,600.00   [strat=deng_patient_rational_extractor]
      R13  buy $  6,194.26   sel     $39,600.00   [strat=deng_patient_rational_extractor]
      R14  buy $ 38,065.81   sel     $38,900.00   [strat=deng_patient_rational_extractor]
      R15  buy $  3,358.98   sel     $38,900.00   [strat=deng_patient_rational_extractor]
      R16  buy $ 23,567.44   sel     $38,900.00   [strat=deng_patient_rational_extractor]
   run 22 done in 5.0 min

   run 23/30 on 2023 Ford Mustang GT Premium  seed=20364442
      R 1  buy $ 13,932.31   sel     $42,500.00   [strat=deng_patient_rational_extractor] *
      R 2  buy $  2,380.11   sel     $42,000.00   [strat=deng_patient_rational_extractor]
      R 3  buy $ 35,984.17   sel     $41,000.00   [strat=deng_patient_rational_extractor]
      R 4  buy $ 24,985.44   sel     $40,000.00   [strat=deng_patient_rational_extractor]
      R 5  buy $    115.36   sel     $40,000.00   [strat=deng_patient_rational_extractor]
      R 6  buy $ 39,808.55   sel     $39,808.55   [strat=deng_patient_rational_extractor]
      R 7  buy $ 37,246.17   sel     $39,808.55   [strat=deng_patient_rational_extractor]
      R 8  buy $ 19,026.83   sel     $39,808.55   [strat=deng_patient_rational_extractor]
      R 9  buy $ 11,012.35   sel     $39,808.55   [strat=deng_patient_rational_extractor]
      R10  buy $ 27,511.71   sel     $39,808.55   [strat=deng_patient_rational_extractor]
      R11  buy $ 38,680.74   sel     $39,500.00   [strat=deng_patient_rational_extractor]
      R12  buy $    217.11   sel     $39,500.00   [strat=deng_patient_rational_extractor]
      R13  buy $ 38,923.31   sel     $39,500.00   [strat=deng_patient_rational_extractor]
      R14  buy $  2,520.22   sel     $39,500.00   [strat=deng_patient_rational_extractor]
      R15  buy $ 32,682.19   sel     $39,500.00   [strat=deng_patient_rational_extractor]
      R16  buy $ 17,717.79   sel     $39,500.00   [strat=deng_patient_rational_extractor]
   run 23 done in 3.4 min

   run 24/30 on 2023 Ford Mustang GT Premium  seed=20364443
      R 1  buy $ 15,231.32   sel     $42,950.00   [strat=deng_patient_rational_extractor] *
      R 2  buy $ 26,145.17   sel     $40,500.00   [strat=deng_patient_rational_extractor]
      R 3  buy $ 29,924.94   sel     $39,000.00   [strat=deng_patient_rational_extractor]
      R 4  buy $ 33,629.93   sel     $37,500.00   [strat=deng_patient_rational_extractor]
      R 5  buy $ 19,741.97   sel     $36,800.00   [strat=deng_patient_rational_extractor]
      R 6  buy $    364.94   sel     $36,800.00   [strat=deng_patient_rational_extractor]
      R 7  buy $ 28,484.01   sel     $36,800.00   [strat=deng_patient_rational_extractor]
      R 8  buy $  6,438.02   sel     $36,800.00   [strat=deng_patient_rational_extractor]
      R 9  buy $ 14,867.86   sel     $36,800.00   [strat=deng_patient_rational_extractor]
      R10  buy $ 33,598.15   sel     $36,800.00   [strat=deng_patient_rational_extractor]
      R11  buy $ 21,983.52   sel     $36,800.00   [strat=deng_patient_rational_extractor]
      R12  buy $  7,984.47   sel     $36,800.00   [strat=deng_patient_rational_extractor]
      R13  buy $ 11,057.91   sel     $36,800.00   [strat=deng_patient_rational_extractor]
      R14  buy $  2,163.81   sel     $36,800.00   [strat=deng_patient_rational_extractor]
      R15  buy $    675.04   sel     $36,800.00   [strat=deng_patient_rational_extractor]
      R16  buy $ 35,888.75   sel     $36,200.00   [strat=deng_patient_rational_extractor]
   run 24 done in 2.5 min

   run 25/30 on 2023 Ford Mustang GT Premium  seed=20364444
      R 1  buy $ 42,525.89   sel     $44,500.00   [strat=deng_patient_rational_extractor] *
      R 2  buy $ 13,621.34   sel     $44,000.00   [strat=deng_patient_rational_extractor]
      R 3  buy $  1,398.83   sel     $44,000.00   [strat=deng_patient_rational_extractor]
      R 4  buy $ 21,981.64   sel     $44,000.00   [strat=deng_patient_rational_extractor]
      R 5  buy $ 16,881.47   sel     $44,000.00   [strat=deng_patient_rational_extractor]
      R 6  buy $ 42,078.53   sel     $43,000.00   [strat=deng_patient_rational_extractor]
      R 7  buy $ 29,516.74   sel     $43,000.00   [strat=deng_patient_rational_extractor]
      R 8  buy $ 35,402.86   sel     $42,500.00   [strat=deng_patient_rational_extractor]
      R 9  buy $ 20,745.74   sel     $42,500.00   [strat=deng_patient_rational_extractor]
      R10  buy $ 39,806.05   sel     $41,500.00   [strat=deng_patient_rational_extractor]
      R11  buy $ 30,791.47   sel     $41,500.00   [strat=deng_patient_rational_extractor]
      R12  buy $ 38,793.26   sel     $40,500.00   [strat=deng_patient_rational_extractor]
      R13  buy $ 16,293.98   sel     $40,500.00   [strat=deng_patient_rational_extractor]
      R14  buy $ 26,940.85   sel     $40,500.00   [strat=deng_patient_rational_extractor]
      R15  buy $ 21,118.86   sel     $40,500.00   [strat=deng_patient_rational_extractor]
      R16  buy $ 14,161.36   sel     $40,500.00   [strat=deng_patient_rational_extractor]
   run 25 done in 2.9 min

   run 26/30 on 2023 Ford Mustang GT Premium  seed=20364445
      R 1  buy $ 39,114.02   sel     $43,500.00   [strat=deng_patient_rational_extractor] *
      R 2  buy $ 32,029.45   sel     $42,000.00   [strat=deng_patient_rational_extractor]
      R 3  buy $ 31,199.98   sel     $41,500.00   [strat=deng_patient_rational_extractor]
      R 4  buy $  2,019.43   sel     $41,500.00   [strat=deng_patient_rational_extractor]
      R 5  buy $  5,704.75   sel     $41,500.00   [strat=deng_patient_rational_extractor]
      R 6  buy $ 19,306.16   sel     $41,500.00   [strat=deng_patient_rational_extractor]
      R 7  buy $ 17,495.79   sel     $41,500.00   [strat=deng_patient_rational_extractor]
      R 8  buy $ 14,756.53   sel     $41,500.00   [strat=deng_patient_rational_extractor]
      R 9  buy $ 33,206.24   sel     $40,800.00   [strat=deng_patient_rational_extractor]
      R10  buy $ 19,563.49   sel     $40,800.00   [strat=deng_patient_rational_extractor]
      R11  buy $ 16,584.21   sel     $40,800.00   [strat=deng_patient_rational_extractor]
      R12  buy $ 38,999.19   sel     $39,900.00   [strat=deng_patient_rational_extractor]
      R13  buy $  9,592.14   sel     $39,900.00   [strat=deng_patient_rational_extractor]
      R14  buy $ 32,332.76   sel     $39,900.00   [strat=deng_patient_rational_extractor]
      R15  buy $ 30,037.71   sel     $39,900.00   [strat=deng_patient_rational_extractor]
      R16  buy $ 30,683.32   sel     $39,900.00   [strat=deng_patient_rational_extractor]
   run 26 done in 2.8 min

   run 27/30 on 2023 Ford Mustang GT Premium  seed=20364446
      R 1  buy $ 35,680.72   sel     $42,500.00   [strat=deng_patient_rational_extractor] *
      R 2  buy $ 19,391.14   sel     $42,500.00   [strat=deng_patient_rational_extractor]
      R 3  buy $ 11,125.17   sel     $42,500.00   [strat=deng_patient_rational_extractor]
      R 4  buy $  9,764.89   sel     $42,500.00   [strat=deng_patient_rational_extractor]
      R 5  buy $ 40,935.59   sel     $41,750.00   [strat=deng_patient_rational_extractor]
      R 6  buy $ 27,147.42   sel     $41,750.00   [strat=deng_patient_rational_extractor]
      R 7  buy $ 23,625.40   sel     $41,750.00   [strat=deng_patient_rational_extractor]
      R 8  buy $ 24,026.44   sel     $41,750.00   [strat=deng_patient_rational_extractor]
      R 9  buy $ 19,369.47   sel     $41,750.00   [strat=deng_patient_rational_extractor]
      R10  buy $  8,949.61   sel     $41,750.00   [strat=deng_patient_rational_extractor]
      R11  buy $ 32,453.93   sel     $41,750.00   [strat=deng_patient_rational_extractor]
      R12  buy $ 14,191.45   sel     $41,750.00   [strat=deng_patient_rational_extractor]
      R13  buy $  2,616.62   sel     $41,750.00   [strat=deng_patient_rational_extractor]
      R14  buy $ 17,157.32   sel     $41,750.00   [strat=deng_patient_rational_extractor]
      R15  buy $ 13,190.49   sel     $41,750.00   [strat=deng_patient_rational_extractor]
      R16  buy $ 27,314.95   sel     $41,750.00   [strat=deng_patient_rational_extractor]
   run 27 done in 2.8 min

   run 28/30 on 2023 Ford Mustang GT Premium  seed=20364447
      R 1  buy $ 20,933.20   sel     $43,500.00   [strat=deng_patient_rational_extractor] *
      R 2  buy $  4,195.25   sel     $42,500.00   [strat=deng_patient_rational_extractor]
      R 3  buy $  7,489.60   sel     $41,750.00   [strat=deng_patient_rational_extractor]
      R 4  buy $ 31,594.41   sel     $38,950.00   [strat=deng_patient_rational_extractor]
      R 5  buy $  9,094.98   sel     $38,950.00   [strat=deng_patient_rational_extractor]
      R 6  buy $ 14,863.62   sel     $38,950.00   [strat=deng_patient_rational_extractor]
      R 7  buy $ 37,304.19   sel     $38,000.00   [strat=deng_patient_rational_extractor]
      R 8  buy $ 22,379.40   sel     $38,000.00   [strat=deng_patient_rational_extractor]
      R 9  buy $ 21,265.85   sel     $38,000.00   [strat=deng_patient_rational_extractor]
      R10  buy $ 16,359.21   sel     $38,000.00   [strat=deng_patient_rational_extractor]
      R11  buy $ 23,484.59   sel     $38,000.00   [strat=deng_patient_rational_extractor]
      R12  buy $ 20,300.23   sel     $38,000.00   [strat=deng_patient_rational_extractor]
      R13  buy $ 11,228.20   sel     $38,000.00   [strat=deng_patient_rational_extractor]
      R14  buy $ 16,336.12   sel     $38,000.00   [strat=deng_patient_rational_extractor]
      R15  buy $ 11,738.20   sel     $38,000.00   [strat=deng_patient_rational_extractor]
      R16  buy $  5,923.00   sel     $38,000.00   [strat=deng_patient_rational_extractor]
   run 28 done in 2.7 min

   run 29/30 on 2023 Ford Mustang GT Premium  seed=20364448
      R 1  buy $ 13,609.30   sel     $42,500.00   [strat=deng_patient_rational_extractor] *
      R 2  buy $ 31,962.41   sel     $40,500.00   [strat=deng_patient_rational_extractor]
      R 3  buy $ 12,906.70   sel     $40,500.00   [strat=deng_patient_rational_extractor]
      R 4  buy $  3,859.90   sel     $40,500.00   [strat=deng_patient_rational_extractor]
      R 5  buy $ 25,904.28   sel     $40,000.00   [strat=deng_patient_rational_extractor]
      R 6  buy $     18.83   sel     $39,500.00   [strat=deng_patient_rational_extractor]
      R 7  buy $ 39,410.91   sel     $39,500.00   [strat=deng_patient_rational_extractor]
      R 8  buy $ 25,113.98   sel     $39,500.00   [strat=deng_patient_rational_extractor]
      R 9  buy $ 31,547.63   sel     $39,000.00   [strat=deng_patient_rational_extractor]
      R10  buy $ 25,422.19   sel     $39,000.00   [strat=deng_patient_rational_extractor]
      R11  buy $ 19,731.93   sel     $39,000.00   [strat=deng_patient_rational_extractor]
      R12  buy $ 12,747.05   sel     $39,000.00   [strat=deng_patient_rational_extractor]
      R13  buy $ 16,397.94   sel     $39,000.00   [strat=deng_patient_rational_extractor]
      R14  buy $ 22,743.06   sel     $39,000.00   [strat=deng_patient_rational_extractor]
      R15  buy $ 19,957.26   sel     $39,000.00   [strat=deng_patient_rational_extractor]
      R16  buy $ 23,531.87   sel     $39,000.00   [strat=deng_patient_rational_extractor]
   run 29 done in 2.6 min

   run 30/30 on 2023 Ford Mustang GT Premium  seed=20364449
      R 1  buy $  2,353.53   sel     $44,500.00   [strat=deng_patient_rational_extractor] *
      R 2  buy $ 25,484.29   sel     $42,500.00   [strat=deng_patient_rational_extractor]
      R 3  buy $ 23,070.98   sel     $42,000.00   [strat=deng_patient_rational_extractor]
      R 4  buy $ 41,114.07   sel     $41,500.00   [strat=deng_patient_rational_extractor]
      R 5  buy $ 32,204.51   sel     $41,500.00   [strat=deng_patient_rational_extractor]
      R 6  buy $ 34,697.73   sel     $41,500.00   [strat=deng_patient_rational_extractor]
      R 7  buy $ 27,317.41   sel     $41,500.00   [strat=deng_patient_rational_extractor]
      R 8  buy $ 16,572.80   sel     $41,500.00   [strat=deng_patient_rational_extractor]
      R 9  buy $ 28,379.95   sel     $41,500.00   [strat=deng_patient_rational_extractor]
      R10  buy $ 28,252.84   sel     $41,500.00   [strat=deng_patient_rational_extractor]
      R11  buy $ 27,950.30   sel     $41,500.00   [strat=deng_patient_rational_extractor]
      R12  buy $ 31,403.12   sel     $41,500.00   [strat=deng_patient_rational_extractor]
      R13  buy $ 36,095.48   sel     $40,500.00   [strat=deng_patient_rational_extractor]
      R14  buy $  4,917.29   sel     $40,500.00   [strat=deng_patient_rational_extractor]
      R15  buy $  7,563.35   sel     $40,500.00   [strat=deng_patient_rational_extractor]
      R16  buy $  4,918.88   sel     $40,500.00   [strat=deng_patient_rational_extractor]
   run 30 done in 2.3 min

   ---> checkpoint: car 5/5 done in 141.0 min; total so far 1196.6 min; saved 150 runs to exp01_fixed_deng_patient_rational_extractor.json

=== FINISH exp01_fixed_deng_patient_rational_extractor in 19.94 h (150 runs, 2400 calls planned) -> results\exp01_fixed_deng_patient_rational_extractor.json ===
