=== START exp02_fixed_vaccaro_warm_high_dominance ===
    schedule    : fixed__vaccaro_warm_high_dominance
    adaptive    : False  (switches=[])
    unique strat: ['vaccaro_warm_high_dominance']
    n_rounds    : 16
    n_cars      : 5
    runs/car    : 30
    total runs  : 150
    total calls : 2400  (~12.0 h @ 200 calls/h)
    model       : deepseek-reasoner
    base_url    : https://api.deepseek.com
    base_seed   : 20260420
    output      : results\exp02_fixed_vaccaro_warm_high_dominance.json

--- CAR 1/5: 2014 Mercedes-Benz S550  (M=$96,000.00  cost=$19,000.00  cost/M=19.79%) ---

   run 1/30 on 2014 Mercedes-Benz S550  seed=20460420
      R 1  buy $ 89,203.06   sel     $94,500.00   [strat=vaccaro_warm_high_dominance] *
      R 2  buy $ 71,863.24   sel     $93,000.00   [strat=vaccaro_warm_high_dominance]
      R 3  buy $ 27,016.10   sel     $92,500.00   [strat=vaccaro_warm_high_dominance]
      R 4  buy $ 82,910.47   sel     $91,500.00   [strat=vaccaro_warm_high_dominance]
      R 5  buy $ 39,922.81   sel     $91,000.00   [strat=vaccaro_warm_high_dominance]
      R 6  buy $ 38,250.77   sel     $90,500.00   [strat=vaccaro_warm_high_dominance]
      R 7  buy $ 44,841.91   sel     $90,000.00   [strat=vaccaro_warm_high_dominance]
      R 8  buy $ 51,204.43   sel     $89,500.00   [strat=vaccaro_warm_high_dominance]
      R 9  buy $ 53,007.92   sel     $89,000.00   [strat=vaccaro_warm_high_dominance]
      R10  buy $ 17,275.39   sel     $88,500.00   [strat=vaccaro_warm_high_dominance]
      R11  buy $ 11,277.73   sel     $88,000.00   [strat=vaccaro_warm_high_dominance]
      R12  buy $ 27,320.93   sel     $87,500.00   [strat=vaccaro_warm_high_dominance]
      R13  buy $ 80,510.62   sel     $87,000.00   [strat=vaccaro_warm_high_dominance]
      R14  buy $ 30,519.99   sel     $86,500.00   [strat=vaccaro_warm_high_dominance]
      R15  buy $  1,501.63   sel     $86,000.00   [strat=vaccaro_warm_high_dominance]
      R16  buy $ 59,561.72   sel     $85,500.00   [strat=vaccaro_warm_high_dominance]
   run 1 done in 12.8 min

   run 2/30 on 2014 Mercedes-Benz S550  seed=20460421
      R 1  buy $ 87,613.35   sel     $94,500.00   [strat=vaccaro_warm_high_dominance] *
      R 2  buy $    495.07   sel     $94,500.00   [strat=vaccaro_warm_high_dominance]
      R 3  buy $ 28,249.26   sel     $92,000.00   [strat=vaccaro_warm_high_dominance]
      R 4  buy $ 15,172.33   sel     $90,000.00   [strat=vaccaro_warm_high_dominance]
    !! API error (attempt 1/4): InternalServerError: <!DOCTYPE HTML PUBLIC "-//W3C//DTD HTML 4.01 Transitional//EN" "http://www.w3.org/TR/html4/loose.dtd">
<HTML><HEAD><META HTTP-EQUIV="Content-Type" CONTENT="text/html; charset=UTF-8">
<TITLE>ERROR: The request could not be satisfied</TITLE>
</HEAD><BODY>
<H1>504 Gateway Timeout ERROR</H1>
<H2>The request could not be satisfied.</H2>
<HR noshade size="1px">
We can't connect to the server for this app or website at this time. There might be too much traffic or a configuration error. Try again later, or contact the app or website owner.
<BR clear="all">
If you provide content to customers through CloudFront, you can find steps to troubleshoot and help prevent this error by reviewing the CloudFront documentation.
<BR clear="all">
<HR noshade size="1px">
<PRE>
Generated by cloudfront (CloudFront) HTTP3 Server
Request ID: XFgoNY8wwdnZbtLoKnPKjQ6fw3B6D4_qusW3130W8Rieb32qAO7MGg&#x3D;&#x3D;
</PRE>
<ADDRESS>
</ADDRESS>
</BODY></HTML>  -- sleeping 8s
    !! API error (attempt 2/4): InternalServerError: <!DOCTYPE HTML PUBLIC "-//W3C//DTD HTML 4.01 Transitional//EN" "http://www.w3.org/TR/html4/loose.dtd">
<HTML><HEAD><META HTTP-EQUIV="Content-Type" CONTENT="text/html; charset=UTF-8">
<TITLE>ERROR: The request could not be satisfied</TITLE>
</HEAD><BODY>
<H1>504 Gateway Timeout ERROR</H1>
<H2>The request could not be satisfied.</H2>
<HR noshade size="1px">
We can't connect to the server for this app or website at this time. There might be too much traffic or a configuration error. Try again later, or contact the app or website owner.
<BR clear="all">
If you provide content to customers through CloudFront, you can find steps to troubleshoot and help prevent this error by reviewing the CloudFront documentation.
<BR clear="all">
<HR noshade size="1px">
<PRE>
Generated by cloudfront (CloudFront) HTTP3 Server
Request ID: QMDxE8me5L_-gFDaiTNCgsvaPckbuLdS3LNPT-z9pTjAepMm1RarVQ&#x3D;&#x3D;
</PRE>
<ADDRESS>
</ADDRESS>
</BODY></HTML>  -- sleeping 16s
      R 5  buy $ 69,345.40   sel     $88,500.00   [strat=vaccaro_warm_high_dominance]
      R 6  buy $ 46,079.11   sel     $86,000.00   [strat=vaccaro_warm_high_dominance]
      R 7  buy $ 33,644.31   sel     $84,000.00   [strat=vaccaro_warm_high_dominance]
      R 8  buy $  1,961.68   sel     $83,500.00   [strat=vaccaro_warm_high_dominance]
      R 9  buy $ 50,661.10   sel     $82,000.00   [strat=vaccaro_warm_high_dominance]
      R10  buy $ 35,751.22   sel     $81,000.00   [strat=vaccaro_warm_high_dominance]
      R11  buy $ 78,365.44   sel     $80,000.00   [strat=vaccaro_warm_high_dominance]
      R12  buy $ 33,237.96   sel     $79,500.00   [strat=vaccaro_warm_high_dominance]
      R13  buy $  7,369.68   sel     $79,000.00   [strat=vaccaro_warm_high_dominance]
      R14  buy $  4,125.56   sel     $78,500.00   [strat=vaccaro_warm_high_dominance]
      R15  buy $ 39,466.44   sel     $78,000.00   [strat=vaccaro_warm_high_dominance]
      R16  buy $ 12,692.60   sel     $77,500.00   [strat=vaccaro_warm_high_dominance]
   run 2 done in 24.1 min

   run 3/30 on 2014 Mercedes-Benz S550  seed=20460422
      R 1  buy $ 93,415.65   sel     $95,500.00   [strat=vaccaro_warm_high_dominance] *
      R 2  buy $ 74,839.23   sel     $94,000.00   [strat=vaccaro_warm_high_dominance]
      R 3  buy $  5,055.21   sel     $93,500.00   [strat=vaccaro_warm_high_dominance]
      R 4  buy $ 28,368.23   sel     $93,000.00   [strat=vaccaro_warm_high_dominance]
      R 5  buy $ 47,444.99   sel     $92,500.00   [strat=vaccaro_warm_high_dominance]
      R 6  buy $ 69,043.05   sel     $92,000.00   [strat=vaccaro_warm_high_dominance]
      R 7  buy $ 10,609.51   sel     $91,500.00   [strat=vaccaro_warm_high_dominance]
      R 8  buy $ 19,351.69   sel     $30,000.00   [strat=vaccaro_warm_high_dominance]
      R 9  buy $ 29,642.55   sel     $29,900.00   [strat=vaccaro_warm_high_dominance]
      R10  buy $ 29,390.17   sel     $29,600.00   [strat=vaccaro_warm_high_dominance]
      R11  buy $ 24,001.28   sel     $28,500.00   [strat=vaccaro_warm_high_dominance]
      R12  buy $ 14,637.88   sel     $25,000.00   [strat=vaccaro_warm_high_dominance]
      R13  buy $  7,178.44   sel     $24,000.00   [strat=vaccaro_warm_high_dominance]
      R14  buy $ 22,292.75   sel     $23,500.00   [strat=vaccaro_warm_high_dominance]
      R15  buy $ 11,733.05   sel     $22,500.00   [strat=vaccaro_warm_high_dominance]
      R16  buy $ 15,527.87   sel     $22,000.00   [strat=vaccaro_warm_high_dominance]
   run 3 done in 8.3 min

   run 4/30 on 2014 Mercedes-Benz S550  seed=20460423
      R 1  buy $ 15,636.81   sel     $28,000.00   [strat=vaccaro_warm_high_dominance] *
      R 2  buy $ 11,968.81   sel     $27,500.00   [strat=vaccaro_warm_high_dominance]
      R 3  buy $ 25,839.25   sel     $27,000.00   [strat=vaccaro_warm_high_dominance]
      R 4  buy $  9,205.73   sel     $26,500.00   [strat=vaccaro_warm_high_dominance]
      R 5  buy $ 22,173.99   sel     $26,000.00   [strat=vaccaro_warm_high_dominance]
      R 6  buy $ 16,671.79   sel     $25,500.00   [strat=vaccaro_warm_high_dominance]
      R 7  buy $  2,240.40   sel     $25,000.00   [strat=vaccaro_warm_high_dominance]
      R 8  buy $ 24,451.55   sel     $24,700.00   [strat=vaccaro_warm_high_dominance]
      R 9  buy $ 14,368.20   sel     $24,500.00   [strat=vaccaro_warm_high_dominance]
      R10  buy $  7,883.96   sel     $24,400.00   [strat=vaccaro_warm_high_dominance]
      R11  buy $ 13,356.27   sel     $24,200.00   [strat=vaccaro_warm_high_dominance]
      R12  buy $ 20,117.61   sel     $24,000.00   [strat=vaccaro_warm_high_dominance]
      R13  buy $  8,922.41   sel     $23,800.00   [strat=vaccaro_warm_high_dominance]
      R14  buy $ 10,975.64   sel     $23,600.00   [strat=vaccaro_warm_high_dominance]
      R15  buy $ 23,274.14   sel     $23,500.00   [strat=vaccaro_warm_high_dominance]
      R16  buy $  7,288.92   sel     $23,300.00   [strat=vaccaro_warm_high_dominance]
   run 4 done in 7.9 min

   run 5/30 on 2014 Mercedes-Benz S550  seed=20460424
      R 1  buy $ 32,851.32   sel     $45,000.00   [strat=vaccaro_warm_high_dominance] *
      R 2  buy $ 16,839.48   sel     $44,000.00   [strat=vaccaro_warm_high_dominance]
      R 3  buy $ 42,538.24   sel     $43,500.00   [strat=vaccaro_warm_high_dominance]
      R 4  buy $ 41,644.60   sel     $43,000.00   [strat=vaccaro_warm_high_dominance]
      R 5  buy $ 16,032.50   sel     $42,500.00   [strat=vaccaro_warm_high_dominance]
      R 6  buy $ 30,977.88   sel     $42,000.00   [strat=vaccaro_warm_high_dominance]
      R 7  buy $ 15,404.95   sel     $41,500.00   [strat=vaccaro_warm_high_dominance]
      R 8  buy $ 36,212.30   sel     $40,000.00   [strat=vaccaro_warm_high_dominance]
      R 9  buy $ 26,276.68   sel     $39,000.00   [strat=vaccaro_warm_high_dominance]
      R10  buy $ 19,780.31   sel     $38,500.00   [strat=vaccaro_warm_high_dominance]
      R11  buy $ 15,891.01   sel     $38,000.00   [strat=vaccaro_warm_high_dominance]
      R12  buy $  1,514.50   sel     $37,500.00   [strat=vaccaro_warm_high_dominance]
      R13  buy $ 26,481.73   sel     $37,000.00   [strat=vaccaro_warm_high_dominance]
      R14  buy $  8,497.51   sel     $36,500.00   [strat=vaccaro_warm_high_dominance]
      R15  buy $ 31,937.41   sel     $36,000.00   [strat=vaccaro_warm_high_dominance]
      R16  buy $  9,355.53   sel     $35,500.00   [strat=vaccaro_warm_high_dominance]
   run 5 done in 10.1 min

   run 6/30 on 2014 Mercedes-Benz S550  seed=20460425
      R 1  buy $ 19,817.57   sel     $23,995.00   [strat=vaccaro_warm_high_dominance] *
      R 2  buy $ 15,756.00   sel     $22,500.00   [strat=vaccaro_warm_high_dominance]
      R 3  buy $  3,939.42   sel     $21,500.00   [strat=vaccaro_warm_high_dominance]
      R 4  buy $ 11,794.66   sel     $20,500.00   [strat=vaccaro_warm_high_dominance]
      R 5  buy $ 19,274.84   sel     $20,000.00   [strat=vaccaro_warm_high_dominance]
      R 6  buy $ 16,482.41   sel     $19,500.00   [strat=vaccaro_warm_high_dominance]
      R 7  buy $  3,818.06   sel     $19,250.00   [strat=vaccaro_warm_high_dominance]
      R 8  buy $ 10,963.69   sel     $19,100.00   [strat=vaccaro_warm_high_dominance]
      R 9  buy $  9,236.69   sel     $19,050.00   [strat=vaccaro_warm_high_dominance]
      R10  buy $  6,116.23   sel     $19,050.00   [strat=vaccaro_warm_high_dominance]
      R11  buy $ 12,139.66   sel     $19,050.00   [strat=vaccaro_warm_high_dominance]
      R12  buy $  8,658.56   sel     $19,050.00   [strat=vaccaro_warm_high_dominance]
      R13  buy $ 16,185.36   sel     $19,050.00   [strat=vaccaro_warm_high_dominance]
      R14  buy $  4,235.49   sel     $19,050.00   [strat=vaccaro_warm_high_dominance]
      R15  buy $ 13,256.09   sel     $19,025.00   [strat=vaccaro_warm_high_dominance]
      R16  buy $  5,380.42   sel     $19,025.00   [strat=vaccaro_warm_high_dominance]
   run 6 done in 8.4 min

   run 7/30 on 2014 Mercedes-Benz S550  seed=20460426
      R 1  buy $ 72,403.29   sel     $89,995.00   [strat=vaccaro_warm_high_dominance] *
      R 2  buy $ 10,254.14   sel     $85,995.00   [strat=vaccaro_warm_high_dominance]
      R 3  buy $ 35,692.01   sel     $81,995.00   [strat=vaccaro_warm_high_dominance]
      R 4  buy $ 38,343.74   sel     $78,995.00   [strat=vaccaro_warm_high_dominance]
      R 5  buy $ 55,515.17   sel     $74,995.00   [strat=vaccaro_warm_high_dominance]
      R 6  buy $ 59,346.68   sel     $71,995.00   [strat=vaccaro_warm_high_dominance]
      R 7  buy $ 19,691.43   sel     $69,995.00   [strat=vaccaro_warm_high_dominance]
      R 8  buy $ 40,456.92   sel     $67,995.00   [strat=vaccaro_warm_high_dominance]
      R 9  buy $  4,293.56   sel     $65,995.00   [strat=vaccaro_warm_high_dominance]
      R10  buy $ 22,906.36   sel     $63,995.00   [strat=vaccaro_warm_high_dominance]
      R11  buy $     58.00   sel     $61,995.00   [strat=vaccaro_warm_high_dominance]
      R12  buy $ 36,667.46   sel     $59,995.00   [strat=vaccaro_warm_high_dominance]
      R13  buy $  7,673.62   sel     $57,995.00   [strat=vaccaro_warm_high_dominance]
      R14  buy $ 38,495.33   sel     $54,995.00   [strat=vaccaro_warm_high_dominance]
      R15  buy $ 20,552.06   sel     $52,995.00   [strat=vaccaro_warm_high_dominance]
      R16  buy $ 46,879.31   sel     $49,995.00   [strat=vaccaro_warm_high_dominance]
   run 7 done in 7.5 min

   run 8/30 on 2014 Mercedes-Benz S550  seed=20460427
      R 1  buy $ 49,218.56   sel     $69,950.00   [strat=vaccaro_warm_high_dominance] *
      R 2  buy $ 38,911.53   sel     $65,000.00   [strat=vaccaro_warm_high_dominance]
      R 3  buy $ 54,117.50   sel     $62,000.00   [strat=vaccaro_warm_high_dominance]
      R 4  buy $ 17,839.28   sel     $61,500.00   [strat=vaccaro_warm_high_dominance]
      R 5  buy $ 54,689.29   sel     $60,000.00   [strat=vaccaro_warm_high_dominance]
      R 6  buy $ 21,566.52   sel     $58,000.00   [strat=vaccaro_warm_high_dominance]
      R 7  buy $ 10,876.65   sel     $57,500.00   [strat=vaccaro_warm_high_dominance]
      R 8  buy $ 52,219.65   sel     $56,000.00   [strat=vaccaro_warm_high_dominance]
      R 9  buy $ 10,471.97   sel     $55,000.00   [strat=vaccaro_warm_high_dominance]
      R10  buy $ 42,607.55   sel     $54,000.00   [strat=vaccaro_warm_high_dominance]
      R11  buy $ 43,480.92   sel     $53,000.00   [strat=vaccaro_warm_high_dominance]
      R12  buy $ 51,074.27   sel     $52,500.00   [strat=vaccaro_warm_high_dominance]
      R13  buy $ 42,059.22   sel     $52,000.00   [strat=vaccaro_warm_high_dominance]
      R14  buy $ 45,743.89   sel     $50,500.00   [strat=vaccaro_warm_high_dominance]
      R15  buy $ 13,088.22   sel     $49,500.00   [strat=vaccaro_warm_high_dominance]
      R16  buy $ 19,492.45   sel     $48,500.00   [strat=vaccaro_warm_high_dominance]
   run 8 done in 8.2 min

   run 9/30 on 2014 Mercedes-Benz S550  seed=20460428
      R 1  buy $ 56,042.07   sel     $74,995.00   [strat=vaccaro_warm_high_dominance] *
      R 2  buy $ 27,201.97   sel     $69,995.00   [strat=vaccaro_warm_high_dominance]
      R 3  buy $ 61,570.90   sel     $67,995.00   [strat=vaccaro_warm_high_dominance]
      R 4  buy $ 55,438.79   sel     $65,995.00   [strat=vaccaro_warm_high_dominance]
      R 5  buy $ 59,496.30   sel     $63,995.00   [strat=vaccaro_warm_high_dominance]
      R 6  buy $ 33,225.40   sel     $62,995.00   [strat=vaccaro_warm_high_dominance]
      R 7  buy $ 40,318.07   sel     $61,995.00   [strat=vaccaro_warm_high_dominance]
      R 8  buy $ 46,759.04   sel     $59,995.00   [strat=vaccaro_warm_high_dominance]
      R 9  buy $  9,232.86   sel     $58,995.00   [strat=vaccaro_warm_high_dominance]
      R10  buy $  8,797.53   sel     $57,995.00   [strat=vaccaro_warm_high_dominance]
      R11  buy $ 56,017.60   sel     $57,500.00   [strat=vaccaro_warm_high_dominance]
      R12  buy $ 33,987.69   sel     $56,995.00   [strat=vaccaro_warm_high_dominance]
      R13  buy $ 40,766.35   sel     $55,995.00   [strat=vaccaro_warm_high_dominance]
      R14  buy $ 19,770.96   sel     $54,995.00   [strat=vaccaro_warm_high_dominance]
      R15  buy $ 46,571.93   sel     $53,995.00   [strat=vaccaro_warm_high_dominance]
      R16  buy $ 45,310.66   sel     $52,995.00   [strat=vaccaro_warm_high_dominance]
   run 9 done in 10.2 min

   run 10/30 on 2014 Mercedes-Benz S550  seed=20460429
      R 1  buy $ 73,391.66   sel     $89,500.00   [strat=vaccaro_warm_high_dominance] *
      R 2  buy $ 43,559.07   sel     $85,000.00   [strat=vaccaro_warm_high_dominance]
      R 3  buy $ 72,739.68   sel     $82,000.00   [strat=vaccaro_warm_high_dominance]
      R 4  buy $ 31,568.04   sel     $82,000.00   [strat=vaccaro_warm_high_dominance]
      R 5  buy $ 31,745.34   sel     $82,000.00   [strat=vaccaro_warm_high_dominance]
      R 6  buy $ 29,825.33   sel     $81,500.00   [strat=vaccaro_warm_high_dominance]
      R 7  buy $ 15,063.72   sel     $80,000.00   [strat=vaccaro_warm_high_dominance]
      R 8  buy $ 58,260.61   sel     $79,000.00   [strat=vaccaro_warm_high_dominance]
      R 9  buy $    724.56   sel     $78,500.00   [strat=vaccaro_warm_high_dominance]
      R10  buy $ 70,523.16   sel     $77,500.00   [strat=vaccaro_warm_high_dominance]
      R11  buy $ 61,076.80   sel     $76,000.00   [strat=vaccaro_warm_high_dominance]
      R12  buy $ 36,876.38   sel     $75,000.00   [strat=vaccaro_warm_high_dominance]
      R13  buy $  5,737.43   sel     $74,000.00   [strat=vaccaro_warm_high_dominance]
      R14  buy $ 41,030.88   sel     $73,500.00   [strat=vaccaro_warm_high_dominance]
      R15  buy $  6,228.28   sel     $73,000.00   [strat=vaccaro_warm_high_dominance]
      R16  buy $ 30,692.91   sel     $72,500.00   [strat=vaccaro_warm_high_dominance]
   run 10 done in 8.6 min

   run 11/30 on 2014 Mercedes-Benz S550  seed=20460430
      R 1  buy $ 52,975.34   sel     $64,995.00   [strat=vaccaro_warm_high_dominance] *
      R 2  buy $ 38,565.08   sel     $62,500.00   [strat=vaccaro_warm_high_dominance]
      R 3  buy $ 39,040.43   sel     $61,995.00   [strat=vaccaro_warm_high_dominance]
      R 4  buy $ 46,613.16   sel     $60,995.00   [strat=vaccaro_warm_high_dominance]
      R 5  buy $ 53,105.49   sel     $59,995.00   [strat=vaccaro_warm_high_dominance]
      R 6  buy $ 45,264.26   sel     $58,995.00   [strat=vaccaro_warm_high_dominance]
      R 7  buy $  7,394.96   sel     $57,995.00   [strat=vaccaro_warm_high_dominance]
      R 8  buy $ 39,594.42   sel     $57,500.00   [strat=vaccaro_warm_high_dominance]
      R 9  buy $ 54,711.55   sel     $56,995.00   [strat=vaccaro_warm_high_dominance]
      R10  buy $ 36,909.29   sel     $56,500.00   [strat=vaccaro_warm_high_dominance]
      R11  buy $ 42,314.84   sel     $55,995.00   [strat=vaccaro_warm_high_dominance]
      R12  buy $ 35,362.92   sel     $55,500.00   [strat=vaccaro_warm_high_dominance]
      R13  buy $ 17,156.35   sel     $54,995.00   [strat=vaccaro_warm_high_dominance]
      R14  buy $  7,368.49   sel     $54,500.00   [strat=vaccaro_warm_high_dominance]
      R15  buy $ 40,436.38   sel     $53,995.00   [strat=vaccaro_warm_high_dominance]
      R16  buy $ 38,276.45   sel     $53,500.00   [strat=vaccaro_warm_high_dominance]
   run 11 done in 8.9 min

   run 12/30 on 2014 Mercedes-Benz S550  seed=20460431
      R 1  buy $ 38,455.45   sel     $64,995.00   [strat=vaccaro_warm_high_dominance] *
      R 2  buy $  6,793.05   sel     $62,995.00   [strat=vaccaro_warm_high_dominance]
      R 3  buy $  9,995.67   sel     $61,995.00   [strat=vaccaro_warm_high_dominance]
      R 4  buy $ 17,081.58   sel     $60,995.00   [strat=vaccaro_warm_high_dominance]
      R 5  buy $ 25,438.91   sel     $59,995.00   [strat=vaccaro_warm_high_dominance]
      R 6  buy $  8,148.44   sel     $58,995.00   [strat=vaccaro_warm_high_dominance]
      R 7  buy $ 41,434.44   sel     $55,995.00   [strat=vaccaro_warm_high_dominance]
      R 8  buy $ 50,921.77   sel     $54,995.00   [strat=vaccaro_warm_high_dominance]
      R 9  buy $ 32,215.97   sel     $52,995.00   [strat=vaccaro_warm_high_dominance]
      R10  buy $ 25,086.26   sel     $49,995.00   [strat=vaccaro_warm_high_dominance]
      R11  buy $ 19,810.65   sel     $47,995.00   [strat=vaccaro_warm_high_dominance]
      R12  buy $ 45,274.50   sel     $46,995.00   [strat=vaccaro_warm_high_dominance]
      R13  buy $  6,693.46   sel     $46,995.00   [strat=vaccaro_warm_high_dominance]
      R14  buy $ 21,977.96   sel     $45,995.00   [strat=vaccaro_warm_high_dominance]
      R15  buy $ 33,432.16   sel     $44,995.00   [strat=vaccaro_warm_high_dominance]
      R16  buy $ 29,199.89   sel     $43,995.00   [strat=vaccaro_warm_high_dominance]
   run 12 done in 8.7 min

   run 13/30 on 2014 Mercedes-Benz S550  seed=20460432
      R 1  buy $ 22,800.89   sel     $34,500.00   [strat=vaccaro_warm_high_dominance] *
      R 2  buy $  9,376.24   sel     $34,000.00   [strat=vaccaro_warm_high_dominance]
      R 3  buy $ 29,594.90   sel     $33,500.00   [strat=vaccaro_warm_high_dominance]
      R 4  buy $ 26,672.59   sel     $33,000.00   [strat=vaccaro_warm_high_dominance]
      R 5  buy $ 20,205.95   sel     $32,500.00   [strat=vaccaro_warm_high_dominance]
      R 6  buy $ 17,596.53   sel     $32,000.00   [strat=vaccaro_warm_high_dominance]
      R 7  buy $ 30,586.15   sel     $31,500.00   [strat=vaccaro_warm_high_dominance]
      R 8  buy $ 24,462.99   sel     $31,000.00   [strat=vaccaro_warm_high_dominance]
      R 9  buy $ 27,531.57   sel     $30,500.00   [strat=vaccaro_warm_high_dominance]
      R10  buy $  6,955.89   sel     $30,000.00   [strat=vaccaro_warm_high_dominance]
      R11  buy $ 28,678.60   sel     $29,500.00   [strat=vaccaro_warm_high_dominance]
      R12  buy $  3,912.89   sel     $29,500.00   [strat=vaccaro_warm_high_dominance]
      R13  buy $ 15,817.73   sel     $29,000.00   [strat=vaccaro_warm_high_dominance]
      R14  buy $ 10,212.11   sel     $28,500.00   [strat=vaccaro_warm_high_dominance]
      R15  buy $ 15,200.46   sel     $28,000.00   [strat=vaccaro_warm_high_dominance]
      R16  buy $ 24,043.93   sel     $27,500.00   [strat=vaccaro_warm_high_dominance]
   run 13 done in 6.7 min

   run 14/30 on 2014 Mercedes-Benz S550  seed=20460433
      R 1  buy $ 42,071.55   sel     $49,900.00   [strat=vaccaro_warm_high_dominance] *
      R 2  buy $ 12,493.52   sel     $48,500.00   [strat=vaccaro_warm_high_dominance]
      R 3  buy $ 27,722.96   sel     $47,250.00   [strat=vaccaro_warm_high_dominance]
      R 4  buy $ 17,548.56   sel     $46,000.00   [strat=vaccaro_warm_high_dominance]
      R 5  buy $  5,200.16   sel     $45,000.00   [strat=vaccaro_warm_high_dominance]
      R 6  buy $ 37,557.04   sel     $44,000.00   [strat=vaccaro_warm_high_dominance]
      R 7  buy $ 12,439.28   sel     $44,000.00   [strat=vaccaro_warm_high_dominance]
      R 8  buy $ 38,071.89   sel     $43,000.00   [strat=vaccaro_warm_high_dominance]
      R 9  buy $  6,020.83   sel     $43,000.00   [strat=vaccaro_warm_high_dominance]
      R10  buy $ 14,721.23   sel     $42,500.00   [strat=vaccaro_warm_high_dominance]
      R11  buy $ 16,397.42   sel     $42,000.00   [strat=vaccaro_warm_high_dominance]
      R12  buy $ 19,972.81   sel     $41,500.00   [strat=vaccaro_warm_high_dominance]
      R13  buy $ 40,875.20   sel     $41,000.00   [strat=vaccaro_warm_high_dominance]
      R14  buy $ 23,619.29   sel     $40,500.00   [strat=vaccaro_warm_high_dominance]
      R15  buy $ 35,466.12   sel     $39,500.00   [strat=vaccaro_warm_high_dominance]
      R16  buy $  7,814.27   sel     $39,000.00   [strat=vaccaro_warm_high_dominance]
   run 14 done in 8.8 min

   run 15/30 on 2014 Mercedes-Benz S550  seed=20460434
      R 1  buy $ 43,846.35   sel     $59,995.00   [strat=vaccaro_warm_high_dominance] *
      R 2  buy $ 14,985.74   sel     $54,995.00   [strat=vaccaro_warm_high_dominance]
      R 3  buy $  5,843.41   sel     $49,995.00   [strat=vaccaro_warm_high_dominance]
      R 4  buy $  8,844.33   sel     $47,995.00   [strat=vaccaro_warm_high_dominance]
      R 5  buy $ 25,695.11   sel     $44,995.00   [strat=vaccaro_warm_high_dominance]
      R 6  buy $ 25,583.28   sel     $42,995.00   [strat=vaccaro_warm_high_dominance]
      R 7  buy $     12.73   sel     $42,995.00   [strat=vaccaro_warm_high_dominance]
      R 8  buy $ 38,794.51   sel     $41,995.00   [strat=vaccaro_warm_high_dominance]
      R 9  buy $  6,322.95   sel     $40,995.00   [strat=vaccaro_warm_high_dominance]
      R10  buy $ 30,976.88   sel     $39,995.00   [strat=vaccaro_warm_high_dominance]
      R11  buy $ 39,498.38   sel     $39,498.38   [strat=vaccaro_warm_high_dominance]
      R12  buy $  1,150.75   sel     $39,995.00   [strat=vaccaro_warm_high_dominance]
      R13  buy $ 18,224.74   sel     $38,995.00   [strat=vaccaro_warm_high_dominance]
      R14  buy $ 12,805.17   sel     $38,500.00   [strat=vaccaro_warm_high_dominance]
      R15  buy $ 36,312.79   sel     $38,000.00   [strat=vaccaro_warm_high_dominance]
      R16  buy $ 31,230.26   sel     $37,500.00   [strat=vaccaro_warm_high_dominance]
   run 15 done in 7.7 min

   run 16/30 on 2014 Mercedes-Benz S550  seed=20460435
      R 1  buy $ 14,568.02   sel     $29,999.99   [strat=vaccaro_warm_high_dominance] *
      R 2  buy $  4,909.66   sel     $28,500.00   [strat=vaccaro_warm_high_dominance]
      R 3  buy $ 27,796.94   sel     $28,200.00   [strat=vaccaro_warm_high_dominance]
      R 4  buy $ 11,733.85   sel     $27,800.00   [strat=vaccaro_warm_high_dominance]
      R 5  buy $  1,386.90   sel     $27,500.00   [strat=vaccaro_warm_high_dominance]
      R 6  buy $  1,973.21   sel     $27,000.00   [strat=vaccaro_warm_high_dominance]
      R 7  buy $ 24,634.90   sel     $26,500.00   [strat=vaccaro_warm_high_dominance]
      R 8  buy $  3,014.55   sel     $25,500.00   [strat=vaccaro_warm_high_dominance]
      R 9  buy $  1,939.62   sel     $25,000.00   [strat=vaccaro_warm_high_dominance]
      R10  buy $  2,623.05   sel     $24,500.00   [strat=vaccaro_warm_high_dominance]
      R11  buy $ 16,797.09   sel     $24,000.00   [strat=vaccaro_warm_high_dominance]
      R12  buy $  9,652.74   sel     $23,500.00   [strat=vaccaro_warm_high_dominance]
      R13  buy $  3,772.15   sel     $23,000.00   [strat=vaccaro_warm_high_dominance]
      R14  buy $ 21,941.58   sel     $22,500.00   [strat=vaccaro_warm_high_dominance]
      R15  buy $ 22,181.71   sel     $22,400.00   [strat=vaccaro_warm_high_dominance]
      R16  buy $ 21,713.97   sel     $22,200.00   [strat=vaccaro_warm_high_dominance]
   run 16 done in 8.3 min

   run 17/30 on 2014 Mercedes-Benz S550  seed=20460436
      R 1  buy $ 16,346.12   sel     $29,500.00   [strat=vaccaro_warm_high_dominance] *
      R 2  buy $ 19,580.46   sel     $28,500.00   [strat=vaccaro_warm_high_dominance]
      R 3  buy $  2,886.56   sel     $28,000.00   [strat=vaccaro_warm_high_dominance]
      R 4  buy $ 10,474.43   sel     $27,500.00   [strat=vaccaro_warm_high_dominance]
      R 5  buy $ 25,340.53   sel     $26,500.00   [strat=vaccaro_warm_high_dominance]
      R 6  buy $ 26,329.45   sel     $26,329.45   [strat=vaccaro_warm_high_dominance]
      R 7  buy $ 24,197.94   sel     $26,000.00   [strat=vaccaro_warm_high_dominance]
      R 8  buy $ 21,545.38   sel     $25,500.00   [strat=vaccaro_warm_high_dominance]
      R 9  buy $  3,716.69   sel     $25,000.00   [strat=vaccaro_warm_high_dominance]
      R10  buy $  3,933.65   sel     $25,000.00   [strat=vaccaro_warm_high_dominance]
      R11  buy $ 11,919.44   sel     $24,500.00   [strat=vaccaro_warm_high_dominance]
      R12  buy $ 21,208.69   sel     $23,500.00   [strat=vaccaro_warm_high_dominance]
      R13  buy $  6,943.61   sel     $24,000.00   [strat=vaccaro_warm_high_dominance]
      R14  buy $  5,907.52   sel     $23,500.00   [strat=vaccaro_warm_high_dominance]
      R15  buy $  6,706.69   sel     $23,000.00   [strat=vaccaro_warm_high_dominance]
      R16  buy $  6,376.37   sel     $22,500.00   [strat=vaccaro_warm_high_dominance]
   run 17 done in 8.3 min

   run 18/30 on 2014 Mercedes-Benz S550  seed=20460437
      R 1  buy $  8,494.63   sel     $29,995.00   [strat=vaccaro_warm_high_dominance] *
      R 2  buy $ 16,465.45   sel     $27,500.00   [strat=vaccaro_warm_high_dominance]
      R 3  buy $  8,756.19   sel     $26,500.00   [strat=vaccaro_warm_high_dominance]
      R 4  buy $ 12,170.86   sel     $25,500.00   [strat=vaccaro_warm_high_dominance]
      R 5  buy $  8,270.30   sel     $25,000.00   [strat=vaccaro_warm_high_dominance]
      R 6  buy $ 22,170.06   sel     $24,500.00   [strat=vaccaro_warm_high_dominance]
      R 7  buy $  3,670.94   sel     $24,000.00   [strat=vaccaro_warm_high_dominance]
      R 8  buy $    819.16   sel     $23,500.00   [strat=vaccaro_warm_high_dominance]
      R 9  buy $ 18,428.38   sel     $22,500.00   [strat=vaccaro_warm_high_dominance]
      R10  buy $  9,850.76   sel     $21,500.00   [strat=vaccaro_warm_high_dominance]
      R11  buy $ 15,949.38   sel     $20,000.00   [strat=vaccaro_warm_high_dominance]
      R12  buy $ 13,315.71   sel     $19,500.00   [strat=vaccaro_warm_high_dominance]
      R13  buy $ 13,913.42   sel     $19,250.00   [strat=vaccaro_warm_high_dominance]
      R14  buy $ 11,656.03   sel     $19,100.00   [strat=vaccaro_warm_high_dominance]
      R15  buy $ 13,814.63   sel     $19,050.00   [strat=vaccaro_warm_high_dominance]
      R16  buy $    890.85   sel     $19,025.00   [strat=vaccaro_warm_high_dominance]
   run 18 done in 10.0 min

   run 19/30 on 2014 Mercedes-Benz S550  seed=20460438
      R 1  buy $ 90,658.58   sel     $94,500.00   [strat=vaccaro_warm_high_dominance] *
      R 2  buy $ 62,166.47   sel     $85,000.00   [strat=vaccaro_warm_high_dominance]
      R 3  buy $ 55,177.90   sel     $75,000.00   [strat=vaccaro_warm_high_dominance]
      R 4  buy $ 66,545.63   sel     $72,000.00   [strat=vaccaro_warm_high_dominance]
      R 5  buy $  7,221.83   sel     $70,000.00   [strat=vaccaro_warm_high_dominance]
      R 6  buy $ 23,552.44   sel     $69,000.00   [strat=vaccaro_warm_high_dominance]
      R 7  buy $ 40,566.15   sel     $68,500.00   [strat=vaccaro_warm_high_dominance]
      R 8  buy $ 44,893.02   sel     $67,500.00   [strat=vaccaro_warm_high_dominance]
      R 9  buy $ 28,781.38   sel     $66,000.00   [strat=vaccaro_warm_high_dominance]
      R10  buy $  5,088.11   sel     $65,000.00   [strat=vaccaro_warm_high_dominance]
      R11  buy $ 17,829.53   sel     $64,000.00   [strat=vaccaro_warm_high_dominance]
      R12  buy $ 38,879.69   sel     $63,000.00   [strat=vaccaro_warm_high_dominance]
      R13  buy $ 61,814.11   sel     $62,500.00   [strat=vaccaro_warm_high_dominance]
      R14  buy $ 26,859.04   sel     $62,000.00   [strat=vaccaro_warm_high_dominance]
      R15  buy $ 34,913.28   sel     $61,500.00   [strat=vaccaro_warm_high_dominance]
      R16  buy $  6,775.47   sel     $61,000.00   [strat=vaccaro_warm_high_dominance]
   run 19 done in 8.6 min

   run 20/30 on 2014 Mercedes-Benz S550  seed=20460439
      R 1  buy $ 64,044.00   sel     $85,000.00   [strat=vaccaro_warm_high_dominance] *
      R 2  buy $ 10,867.19   sel     $80,000.00   [strat=vaccaro_warm_high_dominance]
      R 3  buy $  3,329.58   sel     $75,000.00   [strat=vaccaro_warm_high_dominance]
      R 4  buy $ 17,259.15   sel     $72,000.00   [strat=vaccaro_warm_high_dominance]
      R 5  buy $ 66,849.17   sel     $70,000.00   [strat=vaccaro_warm_high_dominance]
      R 6  buy $ 53,328.37   sel     $69,000.00   [strat=vaccaro_warm_high_dominance]
      R 7  buy $ 34,305.69   sel     $68,000.00   [strat=vaccaro_warm_high_dominance]
      R 8  buy $ 37,285.88   sel     $67,500.00   [strat=vaccaro_warm_high_dominance]
      R 9  buy $ 21,119.21   sel     $65,000.00   [strat=vaccaro_warm_high_dominance]
      R10  buy $ 36,016.30   sel     $64,500.00   [strat=vaccaro_warm_high_dominance]
      R11  buy $ 27,615.14   sel     $64,000.00   [strat=vaccaro_warm_high_dominance]
      R12  buy $ 36,346.57   sel     $63,500.00   [strat=vaccaro_warm_high_dominance]
      R13  buy $ 11,771.69   sel     $63,000.00   [strat=vaccaro_warm_high_dominance]
      R14  buy $ 60,330.73   sel     $62,000.00   [strat=vaccaro_warm_high_dominance]
      R15  buy $ 59,569.12   sel     $61,500.00   [strat=vaccaro_warm_high_dominance]
      R16  buy $ 38,208.80   sel     $60,000.00   [strat=vaccaro_warm_high_dominance]
   run 20 done in 7.8 min

   run 21/30 on 2014 Mercedes-Benz S550  seed=20460440
      R 1  buy $ 33,261.25   sel     $44,995.00   [strat=vaccaro_warm_high_dominance] *
      R 2  buy $ 19,112.29   sel     $44,000.00   [strat=vaccaro_warm_high_dominance]
      R 3  buy $ 20,027.12   sel     $43,500.00   [strat=vaccaro_warm_high_dominance]
      R 4  buy $  6,096.48   sel     $43,000.00   [strat=vaccaro_warm_high_dominance]
      R 5  buy $ 25,812.90   sel     $42,500.00   [strat=vaccaro_warm_high_dominance]
      R 6  buy $ 26,414.49   sel     $42,000.00   [strat=vaccaro_warm_high_dominance]
      R 7  buy $  5,323.15   sel     $41,500.00   [strat=vaccaro_warm_high_dominance]
      R 8  buy $ 11,279.64   sel     $41,000.00   [strat=vaccaro_warm_high_dominance]
      R 9  buy $ 34,810.37   sel     $40,500.00   [strat=vaccaro_warm_high_dominance]
      R10  buy $ 29,717.03   sel     $40,000.00   [strat=vaccaro_warm_high_dominance]
      R11  buy $ 31,411.61   sel     $39,500.00   [strat=vaccaro_warm_high_dominance]
      R12  buy $  8,758.85   sel     $39,000.00   [strat=vaccaro_warm_high_dominance]
      R13  buy $ 37,382.34   sel     $38,500.00   [strat=vaccaro_warm_high_dominance]
      R14  buy $ 33,415.06   sel     $38,000.00   [strat=vaccaro_warm_high_dominance]
      R15  buy $ 28,423.03   sel     $37,500.00   [strat=vaccaro_warm_high_dominance]
      R16  buy $ 13,176.33   sel     $37,000.00   [strat=vaccaro_warm_high_dominance]
   run 21 done in 7.4 min

   run 22/30 on 2014 Mercedes-Benz S550  seed=20460441
      R 1  buy $ 80,750.07   sel     $94,500.00   [strat=vaccaro_warm_high_dominance] *
      R 2  buy $ 30,203.16   sel     $94,000.00   [strat=vaccaro_warm_high_dominance]
      R 3  buy $ 70,067.47   sel     $92,500.00   [strat=vaccaro_warm_high_dominance]
      R 4  buy $ 42,292.37   sel     $91,000.00   [strat=vaccaro_warm_high_dominance]
      R 5  buy $ 64,891.99   sel     $89,500.00   [strat=vaccaro_warm_high_dominance]
      R 6  buy $  2,778.64   sel     $88,000.00   [strat=vaccaro_warm_high_dominance]
      R 7  buy $ 44,992.81   sel     $86,500.00   [strat=vaccaro_warm_high_dominance]
      R 8  buy $  3,900.26   sel     $85,000.00   [strat=vaccaro_warm_high_dominance]
      R 9  buy $ 18,369.90   sel     $84,000.00   [strat=vaccaro_warm_high_dominance]
      R10  buy $ 64,337.54   sel     $83,000.00   [strat=vaccaro_warm_high_dominance]
      R11  buy $ 12,173.40   sel     $82,500.00   [strat=vaccaro_warm_high_dominance]
      R12  buy $ 69,959.23   sel     $81,000.00   [strat=vaccaro_warm_high_dominance]
      R13  buy $ 43,583.65   sel     $80,000.00   [strat=vaccaro_warm_high_dominance]
      R14  buy $ 23,004.13   sel     $79,000.00   [strat=vaccaro_warm_high_dominance]
      R15  buy $ 19,401.16   sel     $78,000.00   [strat=vaccaro_warm_high_dominance]
      R16  buy $ 31,781.43   sel     $77,000.00   [strat=vaccaro_warm_high_dominance]
   run 22 done in 7.2 min

   run 23/30 on 2014 Mercedes-Benz S550  seed=20460442
      R 1  buy $ 17,118.09   sel     $27,500.00   [strat=vaccaro_warm_high_dominance] *
      R 2  buy $ 14,944.05   sel     $26,500.00   [strat=vaccaro_warm_high_dominance]
      R 3  buy $ 10,274.28   sel     $25,500.00   [strat=vaccaro_warm_high_dominance]
      R 4  buy $ 16,805.08   sel     $24,500.00   [strat=vaccaro_warm_high_dominance]
      R 5  buy $ 22,154.35   sel     $23,500.00   [strat=vaccaro_warm_high_dominance]
      R 6  buy $  3,877.57   sel     $23,000.00   [strat=vaccaro_warm_high_dominance]
      R 7  buy $  5,989.45   sel     $22,500.00   [strat=vaccaro_warm_high_dominance]
      R 8  buy $  5,405.33   sel     $22,000.00   [strat=vaccaro_warm_high_dominance]
      R 9  buy $  6,334.08   sel     $21,500.00   [strat=vaccaro_warm_high_dominance]
      R10  buy $ 20,416.19   sel     $21,000.00   [strat=vaccaro_warm_high_dominance]
      R11  buy $    289.14   sel     $20,500.00   [strat=vaccaro_warm_high_dominance]
      R12  buy $ 14,335.67   sel     $20,000.00   [strat=vaccaro_warm_high_dominance]
      R13  buy $ 12,925.53   sel     $19,500.00   [strat=vaccaro_warm_high_dominance]
      R14  buy $ 16,753.22   sel     $19,250.00   [strat=vaccaro_warm_high_dominance]
      R15  buy $ 10,636.43   sel     $19,000.00   [strat=vaccaro_warm_high_dominance]
      R16  buy $  4,939.75   sel     $18,500.00   [strat=vaccaro_warm_high_dominance]
   run 23 done in 7.4 min

   run 24/30 on 2014 Mercedes-Benz S550  seed=20460443
      R 1  buy $ 37,167.36   sel     $44,995.00   [strat=vaccaro_warm_high_dominance] *
      R 2  buy $ 21,190.60   sel     $42,500.00   [strat=vaccaro_warm_high_dominance]
      R 3  buy $ 35,535.09   sel     $41,999.00   [strat=vaccaro_warm_high_dominance]
      R 4  buy $ 16,180.29   sel     $41,500.00   [strat=vaccaro_warm_high_dominance]
      R 5  buy $  8,666.58   sel     $40,999.00   [strat=vaccaro_warm_high_dominance]
      R 6  buy $ 13,119.91   sel     $39,999.00   [strat=vaccaro_warm_high_dominance]
      R 7  buy $  8,126.95   sel     $39,500.00   [strat=vaccaro_warm_high_dominance]
      R 8  buy $ 38,968.62   sel     $39,000.00   [strat=vaccaro_warm_high_dominance]
      R 9  buy $ 29,051.33   sel     $38,500.00   [strat=vaccaro_warm_high_dominance]
      R10  buy $  2,877.08   sel     $38,500.00   [strat=vaccaro_warm_high_dominance]
      R11  buy $ 10,618.01   sel     $38,000.00   [strat=vaccaro_warm_high_dominance]
      R12  buy $  8,147.92   sel     $37,500.00   [strat=vaccaro_warm_high_dominance]
      R13  buy $ 37,112.04   sel     $37,500.00   [strat=vaccaro_warm_high_dominance]
      R14  buy $ 25,161.59   sel     $37,000.00   [strat=vaccaro_warm_high_dominance]
      R15  buy $ 16,498.78   sel     $36,500.00   [strat=vaccaro_warm_high_dominance]
      R16  buy $  7,944.49   sel     $36,000.00   [strat=vaccaro_warm_high_dominance]
   run 24 done in 7.6 min

   run 25/30 on 2014 Mercedes-Benz S550  seed=20460444
      R 1  buy $ 42,586.07   sel     $54,995.00   [strat=vaccaro_warm_high_dominance] *
      R 2  buy $    370.52   sel     $52,995.00   [strat=vaccaro_warm_high_dominance]
      R 3  buy $  9,780.25   sel     $51,995.00   [strat=vaccaro_warm_high_dominance]
      R 4  buy $ 11,703.35   sel     $49,995.00   [strat=vaccaro_warm_high_dominance]
      R 5  buy $ 31,847.62   sel     $48,995.00   [strat=vaccaro_warm_high_dominance]
      R 6  buy $  4,640.01   sel     $47,995.00   [strat=vaccaro_warm_high_dominance]
      R 7  buy $ 24,830.95   sel     $46,995.00   [strat=vaccaro_warm_high_dominance]
      R 8  buy $ 18,866.47   sel     $45,995.00   [strat=vaccaro_warm_high_dominance]
      R 9  buy $ 36,952.92   sel     $44,995.00   [strat=vaccaro_warm_high_dominance]
      R10  buy $ 40,279.12   sel     $43,995.00   [strat=vaccaro_warm_high_dominance]
      R11  buy $ 28,252.93   sel     $44,995.00   [strat=vaccaro_warm_high_dominance]
      R12  buy $  8,768.55   sel     $44,500.00   [strat=vaccaro_warm_high_dominance]
      R13  buy $ 24,627.31   sel     $43,500.00   [strat=vaccaro_warm_high_dominance]
      R14  buy $ 12,755.94   sel     $42,500.00   [strat=vaccaro_warm_high_dominance]
      R15  buy $ 37,985.67   sel     $41,500.00   [strat=vaccaro_warm_high_dominance]
      R16  buy $ 20,814.79   sel     $40,500.00   [strat=vaccaro_warm_high_dominance]
   run 25 done in 7.6 min

   run 26/30 on 2014 Mercedes-Benz S550  seed=20460445
      R 1  buy $ 75,134.50   sel     $89,500.00   [strat=vaccaro_warm_high_dominance] *
      R 2  buy $ 26,531.44   sel     $87,500.00   [strat=vaccaro_warm_high_dominance]
      R 3  buy $ 22,914.93   sel     $86,000.00   [strat=vaccaro_warm_high_dominance]
      R 4  buy $ 27,770.38   sel     $85,000.00   [strat=vaccaro_warm_high_dominance]
      R 5  buy $ 74,002.53   sel     $84,000.00   [strat=vaccaro_warm_high_dominance]
      R 6  buy $ 50,624.47   sel     $83,500.00   [strat=vaccaro_warm_high_dominance]
      R 7  buy $ 81,437.90   sel     $83,000.00   [strat=vaccaro_warm_high_dominance]
      R 8  buy $ 40,014.17   sel     $82,500.00   [strat=vaccaro_warm_high_dominance]
      R 9  buy $ 50,592.03   sel     $82,000.00   [strat=vaccaro_warm_high_dominance]
      R10  buy $ 41,664.81   sel     $81,500.00   [strat=vaccaro_warm_high_dominance]
      R11  buy $ 22,565.80   sel     $81,000.00   [strat=vaccaro_warm_high_dominance]
      R12  buy $ 26,659.89   sel     $80,500.00   [strat=vaccaro_warm_high_dominance]
      R13  buy $ 18,702.94   sel     $80,000.00   [strat=vaccaro_warm_high_dominance]
      R14  buy $ 37,679.38   sel     $79,500.00   [strat=vaccaro_warm_high_dominance]
      R15  buy $ 37,191.60   sel     $79,000.00   [strat=vaccaro_warm_high_dominance]
      R16  buy $ 49,783.44   sel     $78,500.00   [strat=vaccaro_warm_high_dominance]
   run 26 done in 6.8 min

   run 27/30 on 2014 Mercedes-Benz S550  seed=20460446
      R 1  buy $ 54,079.98   sel     $74,995.00   [strat=vaccaro_warm_high_dominance] *
      R 2  buy $  4,475.57   sel     $69,995.00   [strat=vaccaro_warm_high_dominance]
      R 3  buy $ 44,696.94   sel     $67,500.00   [strat=vaccaro_warm_high_dominance]
      R 4  buy $ 36,889.70   sel     $65,000.00   [strat=vaccaro_warm_high_dominance]
      R 5  buy $ 37,354.23   sel     $64,000.00   [strat=vaccaro_warm_high_dominance]
      R 6  buy $ 49,245.81   sel     $62,500.00   [strat=vaccaro_warm_high_dominance]
      R 7  buy $ 47,755.72   sel     $61,000.00   [strat=vaccaro_warm_high_dominance]
      R 8  buy $ 51,271.34   sel     $59,000.00   [strat=vaccaro_warm_high_dominance]
      R 9  buy $ 38,432.49   sel     $58,500.00   [strat=vaccaro_warm_high_dominance]
      R10  buy $ 31,787.07   sel     $57,000.00   [strat=vaccaro_warm_high_dominance]
      R11  buy $  1,756.26   sel     $56,500.00   [strat=vaccaro_warm_high_dominance]
      R12  buy $ 37,310.36   sel     $55,000.00   [strat=vaccaro_warm_high_dominance]
      R13  buy $ 32,093.19   sel     $54,000.00   [strat=vaccaro_warm_high_dominance]
      R14  buy $ 52,446.14   sel     $53,500.00   [strat=vaccaro_warm_high_dominance]
      R15  buy $ 43,459.94   sel     $52,500.00   [strat=vaccaro_warm_high_dominance]
      R16  buy $ 35,021.27   sel     $51,000.00   [strat=vaccaro_warm_high_dominance]
   run 27 done in 7.4 min

   run 28/30 on 2014 Mercedes-Benz S550  seed=20460447
      R 1  buy $ 45,724.94   sel     $69,995.00   [strat=vaccaro_warm_high_dominance] *
      R 2  buy $  9,418.84   sel     $68,500.00   [strat=vaccaro_warm_high_dominance]
      R 3  buy $ 41,748.89   sel     $67,000.00   [strat=vaccaro_warm_high_dominance]
      R 4  buy $ 23,489.88   sel     $66,500.00   [strat=vaccaro_warm_high_dominance]
      R 5  buy $ 19,794.42   sel     $65,500.00   [strat=vaccaro_warm_high_dominance]
      R 6  buy $ 34,910.71   sel     $64,500.00   [strat=vaccaro_warm_high_dominance]
      R 7  buy $ 30,646.64   sel     $63,500.00   [strat=vaccaro_warm_high_dominance]
      R 8  buy $ 13,641.28   sel     $62,500.00   [strat=vaccaro_warm_high_dominance]
      R 9  buy $ 49,787.67   sel     $61,000.00   [strat=vaccaro_warm_high_dominance]
      R10  buy $ 39,728.79   sel     $60,000.00   [strat=vaccaro_warm_high_dominance]
      R11  buy $ 23,129.34   sel     $59,500.00   [strat=vaccaro_warm_high_dominance]
      R12  buy $ 51,863.66   sel     $58,500.00   [strat=vaccaro_warm_high_dominance]
      R13  buy $ 27,207.48   sel     $57,500.00   [strat=vaccaro_warm_high_dominance]
      R14  buy $ 33,250.12   sel     $56,000.00   [strat=vaccaro_warm_high_dominance]
      R15  buy $ 47,955.11   sel     $52,500.00   [strat=vaccaro_warm_high_dominance]
      R16  buy $    367.26   sel     $51,500.00   [strat=vaccaro_warm_high_dominance]
   run 28 done in 8.0 min

   run 29/30 on 2014 Mercedes-Benz S550  seed=20460448
      R 1  buy $ 92,691.96   sel     $98,500.00   [strat=vaccaro_warm_high_dominance] *
      R 2  buy $ 15,317.66   sel     $98,500.00   [strat=vaccaro_warm_high_dominance]
      R 3  buy $ 74,626.17   sel     $95,000.00   [strat=vaccaro_warm_high_dominance]
      R 4  buy $ 76,627.58   sel     $94,500.00   [strat=vaccaro_warm_high_dominance]
      R 5  buy $ 39,203.98   sel     $93,500.00   [strat=vaccaro_warm_high_dominance]
      R 6  buy $ 64,580.87   sel     $92,500.00   [strat=vaccaro_warm_high_dominance]
      R 7  buy $ 44,938.10   sel     $91,500.00   [strat=vaccaro_warm_high_dominance]
      R 8  buy $ 26,907.69   sel     $90,500.00   [strat=vaccaro_warm_high_dominance]
      R 9  buy $ 51,479.82   sel     $89,500.00   [strat=vaccaro_warm_high_dominance]
      R10  buy $ 64,275.83   sel     $88,000.00   [strat=vaccaro_warm_high_dominance]
      R11  buy $ 30,381.34   sel     $87,000.00   [strat=vaccaro_warm_high_dominance]
      R12  buy $ 58,795.25   sel     $85,500.00   [strat=vaccaro_warm_high_dominance]
      R13  buy $ 45,074.98   sel     $84,500.00   [strat=vaccaro_warm_high_dominance]
      R14  buy $ 56,131.58   sel     $83,500.00   [strat=vaccaro_warm_high_dominance]
      R15  buy $ 49,973.30   sel     $82,500.00   [strat=vaccaro_warm_high_dominance]
      R16  buy $ 32,126.54   sel     $81,500.00   [strat=vaccaro_warm_high_dominance]
   run 29 done in 7.1 min

   run 30/30 on 2014 Mercedes-Benz S550  seed=20460449
      R 1  buy $ 15,183.18   sel     $34,500.00   [strat=vaccaro_warm_high_dominance] *
      R 2  buy $  6,540.99   sel     $34,000.00   [strat=vaccaro_warm_high_dominance]
      R 3  buy $  7,878.95   sel     $33,500.00   [strat=vaccaro_warm_high_dominance]
      R 4  buy $ 13,803.13   sel     $33,000.00   [strat=vaccaro_warm_high_dominance]
      R 5  buy $ 31,837.89   sel     $32,500.00   [strat=vaccaro_warm_high_dominance]
      R 6  buy $ 12,135.48   sel     $32,000.00   [strat=vaccaro_warm_high_dominance]
      R 7  buy $ 18,641.19   sel     $31,500.00   [strat=vaccaro_warm_high_dominance]
      R 8  buy $ 15,287.29   sel     $31,000.00   [strat=vaccaro_warm_high_dominance]
      R 9  buy $ 16,735.63   sel     $30,500.00   [strat=vaccaro_warm_high_dominance]
      R10  buy $  2,281.74   sel     $30,000.00   [strat=vaccaro_warm_high_dominance]
      R11  buy $  7,224.42   sel     $29,500.00   [strat=vaccaro_warm_high_dominance]
      R12  buy $  9,715.66   sel     $29,000.00   [strat=vaccaro_warm_high_dominance]
      R13  buy $ 26,989.41   sel     $28,500.00   [strat=vaccaro_warm_high_dominance]
      R14  buy $ 12,944.44   sel     $28,000.00   [strat=vaccaro_warm_high_dominance]
      R15  buy $  9,127.33   sel     $27,500.00   [strat=vaccaro_warm_high_dominance]
      R16  buy $  3,202.17   sel     $27,000.00   [strat=vaccaro_warm_high_dominance]
   run 30 done in 8.3 min

   ---> checkpoint: car 1/5 done in 264.7 min; total so far 264.7 min; saved 30 runs to exp02_fixed_vaccaro_warm_high_dominance.json

--- CAR 2/5: 2016 Cadillac CTS 3.6 Luxury  (M=$45,000.00  cost=$15,750.00  cost/M=35.00%) ---

   run 1/30 on 2016 Cadillac CTS 3.6 Luxury  seed=20461420
      R 1  buy $ 12,672.26   sel     $19,500.00   [strat=vaccaro_warm_high_dominance] *
      R 2  buy $  5,911.11   sel     $18,250.00   [strat=vaccaro_warm_high_dominance]
      R 3  buy $  5,778.84   sel     $17,500.00   [strat=vaccaro_warm_high_dominance]
      R 4  buy $  6,981.51   sel     $16,900.00   [strat=vaccaro_warm_high_dominance]
      R 5  buy $  1,264.95   sel     $16,500.00   [strat=vaccaro_warm_high_dominance]
      R 6  buy $  1,893.42   sel     $16,250.00   [strat=vaccaro_warm_high_dominance]
      R 7  buy $  9,485.46   sel     $15,900.00   [strat=vaccaro_warm_high_dominance]
      R 8  buy $  1,912.59   sel     $15,800.00   [strat=vaccaro_warm_high_dominance]
      R 9  buy $ 12,303.21   sel     $15,780.00   [strat=vaccaro_warm_high_dominance]
      R10  buy $ 11,848.27   sel     $15,770.00   [strat=vaccaro_warm_high_dominance]
      R11  buy $  5,584.71   sel     $15,765.00   [strat=vaccaro_warm_high_dominance]
      R12  buy $ 15,653.64   sel     $15,765.00   [strat=vaccaro_warm_high_dominance]
      R13  buy $  4,597.38   sel     $15,765.00   [strat=vaccaro_warm_high_dominance]
      R14  buy $  9,133.48   sel     $15,750.00   [strat=vaccaro_warm_high_dominance]
      R15  buy $  1,103.47   sel     $15,800.00   [strat=vaccaro_warm_high_dominance]
      R16  buy $  7,171.13   sel     $15,750.00   [strat=vaccaro_warm_high_dominance]
   run 1 done in 10.5 min

   run 2/30 on 2016 Cadillac CTS 3.6 Luxury  seed=20461421
      R 1  buy $  4,487.21   sel     $39,995.00   [strat=vaccaro_warm_high_dominance] *
      R 2  buy $ 10,629.72   sel     $35,000.00   [strat=vaccaro_warm_high_dominance]
      R 3  buy $ 32,557.03   sel     $34,000.00   [strat=vaccaro_warm_high_dominance]
      R 4  buy $ 21,234.09   sel     $33,500.00   [strat=vaccaro_warm_high_dominance]
      R 5  buy $ 10,961.31   sel     $33,000.00   [strat=vaccaro_warm_high_dominance]
      R 6  buy $ 32,404.97   sel     $32,800.00   [strat=vaccaro_warm_high_dominance]
      R 7  buy $ 15,789.54   sel     $32,500.00   [strat=vaccaro_warm_high_dominance]
      R 8  buy $ 31,361.21   sel     $32,000.00   [strat=vaccaro_warm_high_dominance]
      R 9  buy $ 10,901.41   sel     $31,800.00   [strat=vaccaro_warm_high_dominance]
      R10  buy $ 29,162.22   sel     $31,500.00   [strat=vaccaro_warm_high_dominance]
      R11  buy $ 27,335.88   sel     $31,000.00   [strat=vaccaro_warm_high_dominance]
      R12  buy $  4,478.12   sel     $30,500.00   [strat=vaccaro_warm_high_dominance]
      R13  buy $ 10,983.02   sel     $30,000.00   [strat=vaccaro_warm_high_dominance]
      R14  buy $ 29,833.09   sel     $29,900.00   [strat=vaccaro_warm_high_dominance]
      R15  buy $  4,905.35   sel     $29,500.00   [strat=vaccaro_warm_high_dominance]
      R16  buy $  3,798.25   sel     $29,000.00   [strat=vaccaro_warm_high_dominance]
   run 2 done in 5.6 min

   run 3/30 on 2016 Cadillac CTS 3.6 Luxury  seed=20461422
      R 1  buy $ 35,365.71   sel     $41,995.00   [strat=vaccaro_warm_high_dominance] *
      R 2  buy $ 11,763.08   sel     $41,995.00   [strat=vaccaro_warm_high_dominance]
      R 3  buy $ 21,950.92   sel     $40,995.00   [strat=vaccaro_warm_high_dominance]
      R 4  buy $  9,608.15   sel     $39,995.00   [strat=vaccaro_warm_high_dominance]
      R 5  buy $ 32,826.72   sel     $38,995.00   [strat=vaccaro_warm_high_dominance]
      R 6  buy $ 20,069.79   sel     $38,500.00   [strat=vaccaro_warm_high_dominance]
      R 7  buy $ 19,922.33   sel     $38,000.00   [strat=vaccaro_warm_high_dominance]
      R 8  buy $ 16,993.11   sel     $37,500.00   [strat=vaccaro_warm_high_dominance]
      R 9  buy $ 26,149.83   sel     $36,500.00   [strat=vaccaro_warm_high_dominance]
      R10  buy $ 11,628.19   sel     $35,995.00   [strat=vaccaro_warm_high_dominance]
      R11  buy $ 16,636.15   sel     $35,500.00   [strat=vaccaro_warm_high_dominance]
      R12  buy $ 26,121.68   sel     $34,995.00   [strat=vaccaro_warm_high_dominance]
      R13  buy $  3,354.42   sel     $34,500.00   [strat=vaccaro_warm_high_dominance]
      R14  buy $ 22,837.76   sel     $34,000.00   [strat=vaccaro_warm_high_dominance]
      R15  buy $  6,125.15   sel     $33,500.00   [strat=vaccaro_warm_high_dominance]
      R16  buy $  9,534.16   sel     $33,000.00   [strat=vaccaro_warm_high_dominance]
   run 3 done in 9.7 min

   run 4/30 on 2016 Cadillac CTS 3.6 Luxury  seed=20461423
      R 1  buy $ 35,679.86   sel     $42,500.00   [strat=vaccaro_warm_high_dominance] *
      R 2  buy $ 27,673.26   sel     $41,500.00   [strat=vaccaro_warm_high_dominance]
      R 3  buy $ 30,814.75   sel     $40,500.00   [strat=vaccaro_warm_high_dominance]
      R 4  buy $ 29,732.98   sel     $39,500.00   [strat=vaccaro_warm_high_dominance]
      R 5  buy $  6,718.32   sel     $38,500.00   [strat=vaccaro_warm_high_dominance]
      R 6  buy $  9,586.14   sel     $37,500.00   [strat=vaccaro_warm_high_dominance]
      R 7  buy $  5,162.44   sel     $36,500.00   [strat=vaccaro_warm_high_dominance]
      R 8  buy $ 11,541.13   sel     $35,500.00   [strat=vaccaro_warm_high_dominance]
      R 9  buy $ 22,390.13   sel     $34,500.00   [strat=vaccaro_warm_high_dominance]
      R10  buy $ 28,909.00   sel     $33,500.00   [strat=vaccaro_warm_high_dominance]
      R11  buy $ 16,465.47   sel     $32,500.00   [strat=vaccaro_warm_high_dominance]
      R12  buy $  5,080.70   sel     $31,500.00   [strat=vaccaro_warm_high_dominance]
      R13  buy $ 16,513.23   sel     $30,500.00   [strat=vaccaro_warm_high_dominance]
      R14  buy $ 20,052.47   sel     $29,500.00   [strat=vaccaro_warm_high_dominance]
      R15  buy $ 21,360.66   sel     $28,000.00   [strat=vaccaro_warm_high_dominance]
      R16  buy $  3,081.68   sel     $27,500.00   [strat=vaccaro_warm_high_dominance]
   run 4 done in 7.3 min

   run 5/30 on 2016 Cadillac CTS 3.6 Luxury  seed=20461424
      R 1  buy $  9,266.26   sel     $19,995.00   [strat=vaccaro_warm_high_dominance] *
      R 2  buy $ 15,478.41   sel     $16,995.00   [strat=vaccaro_warm_high_dominance]
      R 3  buy $  6,505.23   sel     $16,500.00   [strat=vaccaro_warm_high_dominance]
      R 4  buy $  2,692.00   sel     $16,500.00   [strat=vaccaro_warm_high_dominance]
      R 5  buy $  8,161.80   sel     $16,250.00   [strat=vaccaro_warm_high_dominance]
      R 6  buy $ 14,311.93   sel     $16,000.00   [strat=vaccaro_warm_high_dominance]
      R 7  buy $  1,448.80   sel     $16,000.00   [strat=vaccaro_warm_high_dominance]
      R 8  buy $  3,172.11   sel     $16,000.00   [strat=vaccaro_warm_high_dominance]
      R 9  buy $  1,732.53   sel     $16,000.00   [strat=vaccaro_warm_high_dominance]
      R10  buy $ 15,650.29   sel     $15,900.00   [strat=vaccaro_warm_high_dominance]
      R11  buy $  8,938.48   sel     $15,850.00   [strat=vaccaro_warm_high_dominance]
      R12  buy $  4,327.08   sel     $15,850.00   [strat=vaccaro_warm_high_dominance]
      R13  buy $  2,547.30   sel     $15,800.00   [strat=vaccaro_warm_high_dominance]
      R14  buy $ 14,158.53   sel     $15,800.00   [strat=vaccaro_warm_high_dominance]
      R15  buy $  7,970.25   sel     $15,800.00   [strat=vaccaro_warm_high_dominance]
      R16  buy $  7,157.25   sel     $15,800.00   [strat=vaccaro_warm_high_dominance]
   run 5 done in 8.0 min

   run 6/30 on 2016 Cadillac CTS 3.6 Luxury  seed=20461425
      R 1  buy $ 21,574.34   sel     $29,000.00   [strat=vaccaro_warm_high_dominance] *
      R 2  buy $ 26,192.52   sel     $28,500.00   [strat=vaccaro_warm_high_dominance]
      R 3  buy $  1,484.39   sel     $27,500.00   [strat=vaccaro_warm_high_dominance]
      R 4  buy $ 24,247.32   sel     $26,500.00   [strat=vaccaro_warm_high_dominance]
      R 5  buy $ 22,567.10   sel     $25,000.00   [strat=vaccaro_warm_high_dominance]
      R 6  buy $  5,509.05   sel     $24,500.00   [strat=vaccaro_warm_high_dominance]
      R 7  buy $    940.18   sel     $23,500.00   [strat=vaccaro_warm_high_dominance]
      R 8  buy $ 21,930.78   sel     $22,500.00   [strat=vaccaro_warm_high_dominance]
      R 9  buy $ 10,504.67   sel     $22,000.00   [strat=vaccaro_warm_high_dominance]
      R10  buy $  4,909.83   sel     $21,500.00   [strat=vaccaro_warm_high_dominance]
      R11  buy $ 13,740.42   sel     $20,500.00   [strat=vaccaro_warm_high_dominance]
      R12  buy $ 18,770.28   sel     $19,500.00   [strat=vaccaro_warm_high_dominance]
      R13  buy $ 17,043.35   sel     $18,500.00   [strat=vaccaro_warm_high_dominance]
      R14  buy $  6,280.85   sel     $17,500.00   [strat=vaccaro_warm_high_dominance]
      R15  buy $  9,740.85   sel     $16,500.00   [strat=vaccaro_warm_high_dominance]
      R16  buy $ 16,113.18   sel     $16,400.00   [strat=vaccaro_warm_high_dominance]
   run 6 done in 7.1 min

   run 7/30 on 2016 Cadillac CTS 3.6 Luxury  seed=20461426
      R 1  buy $ 28,253.99   sel     $33,999.00   [strat=vaccaro_warm_high_dominance] *
      R 2  buy $ 25,602.22   sel     $32,500.00   [strat=vaccaro_warm_high_dominance]
      R 3  buy $ 15,493.59   sel     $31,000.00   [strat=vaccaro_warm_high_dominance]
      R 4  buy $ 10,844.39   sel     $30,000.00   [strat=vaccaro_warm_high_dominance]
      R 5  buy $    642.42   sel     $29,500.00   [strat=vaccaro_warm_high_dominance]
      R 6  buy $ 17,918.47   sel     $28,500.00   [strat=vaccaro_warm_high_dominance]
      R 7  buy $ 23,768.68   sel     $27,500.00   [strat=vaccaro_warm_high_dominance]
      R 8  buy $ 13,010.83   sel     $26,500.00   [strat=vaccaro_warm_high_dominance]
      R 9  buy $ 24,959.48   sel     $25,900.00   [strat=vaccaro_warm_high_dominance]
      R10  buy $  4,668.89   sel     $25,500.00   [strat=vaccaro_warm_high_dominance]
      R11  buy $  9,953.59   sel     $25,000.00   [strat=vaccaro_warm_high_dominance]
      R12  buy $  2,726.52   sel     $24,500.00   [strat=vaccaro_warm_high_dominance]
      R13  buy $ 12,896.40   sel     $24,000.00   [strat=vaccaro_warm_high_dominance]
      R14  buy $ 15,781.93   sel     $23,000.00   [strat=vaccaro_warm_high_dominance]
      R15  buy $  6,779.24   sel     $22,500.00   [strat=vaccaro_warm_high_dominance]
      R16  buy $  4,067.45   sel     $21,500.00   [strat=vaccaro_warm_high_dominance]
   run 7 done in 6.5 min

   run 8/30 on 2016 Cadillac CTS 3.6 Luxury  seed=20461427
      R 1  buy $ 35,862.09   sel     $44,500.00   [strat=vaccaro_warm_high_dominance] *
      R 2  buy $  3,157.80   sel     $43,000.00   [strat=vaccaro_warm_high_dominance]
      R 3  buy $ 37,925.60   sel     $42,000.00   [strat=vaccaro_warm_high_dominance]
      R 4  buy $ 14,006.26   sel     $41,000.00   [strat=vaccaro_warm_high_dominance]
      R 5  buy $ 19,368.03   sel     $40,000.00   [strat=vaccaro_warm_high_dominance]
      R 6  buy $  8,335.28   sel     $39,500.00   [strat=vaccaro_warm_high_dominance]
      R 7  buy $ 23,593.01   sel     $39,000.00   [strat=vaccaro_warm_high_dominance]
      R 8  buy $ 11,744.20   sel     $38,500.00   [strat=vaccaro_warm_high_dominance]
      R 9  buy $    569.20   sel     $38,000.00   [strat=vaccaro_warm_high_dominance]
      R10  buy $ 28,428.17   sel     $37,500.00   [strat=vaccaro_warm_high_dominance]
      R11  buy $ 15,791.77   sel     $18,000.00   [strat=vaccaro_warm_high_dominance]
      R12  buy $ 11,846.42   sel     $17,500.00   [strat=vaccaro_warm_high_dominance]
      R13  buy $  7,495.94   sel     $16,500.00   [strat=vaccaro_warm_high_dominance]
      R14  buy $  4,631.00   sel     $16,000.00   [strat=vaccaro_warm_high_dominance]
      R15  buy $  4,980.33   sel     $15,500.00   [strat=vaccaro_warm_high_dominance]
      R16  buy $  6,354.80   sel     $15,250.00   [strat=vaccaro_warm_high_dominance]
   run 8 done in 6.7 min

   run 9/30 on 2016 Cadillac CTS 3.6 Luxury  seed=20461428
      R 1  buy $ 26,010.47   sel     $38,500.00   [strat=vaccaro_warm_high_dominance] *
      R 2  buy $ 29,250.02   sel     $36,000.00   [strat=vaccaro_warm_high_dominance]
      R 3  buy $ 19,776.58   sel     $34,500.00   [strat=vaccaro_warm_high_dominance]
      R 4  buy $ 25,415.83   sel     $33,000.00   [strat=vaccaro_warm_high_dominance]
      R 5  buy $ 29,507.85   sel     $32,000.00   [strat=vaccaro_warm_high_dominance]
      R 6  buy $ 15,693.25   sel     $31,500.00   [strat=vaccaro_warm_high_dominance]
      R 7  buy $  7,989.81   sel     $31,000.00   [strat=vaccaro_warm_high_dominance]
      R 8  buy $  8,184.03   sel     $30,500.00   [strat=vaccaro_warm_high_dominance]
      R 9  buy $  6,422.53   sel     $30,000.00   [strat=vaccaro_warm_high_dominance]
      R10  buy $ 17,116.42   sel     $29,000.00   [strat=vaccaro_warm_high_dominance]
      R11  buy $ 20,055.87   sel     $28,000.00   [strat=vaccaro_warm_high_dominance]
      R12  buy $ 18,354.89   sel     $27,500.00   [strat=vaccaro_warm_high_dominance]
      R13  buy $    648.45   sel     $27,000.00   [strat=vaccaro_warm_high_dominance]
      R14  buy $ 23,255.44   sel     $26,000.00   [strat=vaccaro_warm_high_dominance]
      R15  buy $  3,752.98   sel     $25,500.00   [strat=vaccaro_warm_high_dominance]
      R16  buy $  2,572.35   sel     $25,000.00   [strat=vaccaro_warm_high_dominance]
   run 9 done in 6.3 min

   run 10/30 on 2016 Cadillac CTS 3.6 Luxury  seed=20461429
      R 1  buy $  8,457.05   sel     $24,500.00   [strat=vaccaro_warm_high_dominance] *
      R 2  buy $ 13,963.23   sel     $22,000.00   [strat=vaccaro_warm_high_dominance]
      R 3  buy $  5,233.46   sel     $21,500.00   [strat=vaccaro_warm_high_dominance]
      R 4  buy $ 11,591.57   sel     $21,000.00   [strat=vaccaro_warm_high_dominance]
      R 5  buy $  7,493.84   sel     $20,500.00   [strat=vaccaro_warm_high_dominance]
      R 6  buy $ 13,881.66   sel     $20,000.00   [strat=vaccaro_warm_high_dominance]
      R 7  buy $  3,538.99   sel     $19,500.00   [strat=vaccaro_warm_high_dominance]
      R 8  buy $ 11,722.95   sel     $19,000.00   [strat=vaccaro_warm_high_dominance]
      R 9  buy $  3,555.10   sel     $18,500.00   [strat=vaccaro_warm_high_dominance]
      R10  buy $ 17,561.87   sel     $18,000.00   [strat=vaccaro_warm_high_dominance]
      R11  buy $  5,541.27   sel     $17,500.00   [strat=vaccaro_warm_high_dominance]
      R12  buy $ 13,058.56   sel     $17,000.00   [strat=vaccaro_warm_high_dominance]
      R13  buy $  9,357.48   sel     $16,500.00   [strat=vaccaro_warm_high_dominance]
      R14  buy $    405.80   sel     $16,000.00   [strat=vaccaro_warm_high_dominance]
      R15  buy $  4,702.27   sel     $15,500.00   [strat=vaccaro_warm_high_dominance]
      R16  buy $    554.28   sel     $15,250.00   [strat=vaccaro_warm_high_dominance]
   run 10 done in 4.6 min

   run 11/30 on 2016 Cadillac CTS 3.6 Luxury  seed=20461430
      R 1  buy $ 14,249.34   sel     $19,500.00   [strat=vaccaro_warm_high_dominance] *
      R 2  buy $  6,944.84   sel     $18,500.00   [strat=vaccaro_warm_high_dominance]
      R 3  buy $  9,131.44   sel     $17,500.00   [strat=vaccaro_warm_high_dominance]
      R 4  buy $  6,149.32   sel     $16,500.00   [strat=vaccaro_warm_high_dominance]
      R 5  buy $  3,911.37   sel     $15,999.00   [strat=vaccaro_warm_high_dominance]
      R 6  buy $ 12,487.11   sel     $15,500.00   [strat=vaccaro_warm_high_dominance]
      R 7  buy $    427.40   sel     $15,750.00   [strat=vaccaro_warm_high_dominance]
      R 8  buy $ 13,209.21   sel     $15,750.00   [strat=vaccaro_warm_high_dominance]
      R 9  buy $  5,473.01   sel     $15,750.00   [strat=vaccaro_warm_high_dominance]
      R10  buy $ 14,204.43   sel     $15,750.00   [strat=vaccaro_warm_high_dominance]
      R11  buy $  8,430.49   sel     $15,750.00   [strat=vaccaro_warm_high_dominance]
      R12  buy $ 12,674.03   sel     $15,750.00   [strat=vaccaro_warm_high_dominance]
      R13  buy $  6,179.81   sel     $15,750.00   [strat=vaccaro_warm_high_dominance]
      R14  buy $    549.33   sel     $15,750.00   [strat=vaccaro_warm_high_dominance]
      R15  buy $  3,591.78   sel     $15,750.00   [strat=vaccaro_warm_high_dominance]
      R16  buy $  1,114.72   sel     $15,750.00   [strat=vaccaro_warm_high_dominance]
   run 11 done in 5.8 min

   run 12/30 on 2016 Cadillac CTS 3.6 Luxury  seed=20461431
      R 1  buy $ 41,468.89   sel     $46,500.00   [strat=vaccaro_warm_high_dominance] *
      R 2  buy $ 16,826.30   sel     $45,500.00   [strat=vaccaro_warm_high_dominance]
      R 3  buy $     10.42   sel     $45,000.00   [strat=vaccaro_warm_high_dominance]
      R 4  buy $ 19,203.31   sel     $44,000.00   [strat=vaccaro_warm_high_dominance]
      R 5  buy $ 24,392.31   sel     $43,500.00   [strat=vaccaro_warm_high_dominance]
      R 6  buy $  7,998.97   sel     $42,500.00   [strat=vaccaro_warm_high_dominance]
      R 7  buy $ 14,767.39   sel     $42,000.00   [strat=vaccaro_warm_high_dominance]
      R 8  buy $ 29,071.68   sel     $41,000.00   [strat=vaccaro_warm_high_dominance]
      R 9  buy $ 10,253.98   sel     $40,500.00   [strat=vaccaro_warm_high_dominance]
      R10  buy $  1,594.07   sel     $39,500.00   [strat=vaccaro_warm_high_dominance]
      R11  buy $ 13,249.87   sel     $38,500.00   [strat=vaccaro_warm_high_dominance]
      R12  buy $  7,906.15   sel     $37,500.00   [strat=vaccaro_warm_high_dominance]
      R13  buy $ 35,996.95   sel     $36,500.00   [strat=vaccaro_warm_high_dominance]
      R14  buy $ 28,454.57   sel     $36,000.00   [strat=vaccaro_warm_high_dominance]
      R15  buy $ 14,955.56   sel     $36,000.00   [strat=vaccaro_warm_high_dominance]
      R16  buy $ 23,097.51   sel     $35,500.00   [strat=vaccaro_warm_high_dominance]
   run 12 done in 6.2 min

   run 13/30 on 2016 Cadillac CTS 3.6 Luxury  seed=20461432
      R 1  buy $ 42,893.00   sel     $44,500.00   [strat=vaccaro_warm_high_dominance] *
      R 2  buy $  1,609.96   sel     $43,500.00   [strat=vaccaro_warm_high_dominance]
      R 3  buy $ 32,954.97   sel     $42,000.00   [strat=vaccaro_warm_high_dominance]
      R 4  buy $ 15,828.74   sel     $39,500.00   [strat=vaccaro_warm_high_dominance]
      R 5  buy $ 15,037.07   sel     $38,000.00   [strat=vaccaro_warm_high_dominance]
      R 6  buy $ 24,614.92   sel     $36,500.00   [strat=vaccaro_warm_high_dominance]
      R 7  buy $ 33,456.99   sel     $35,000.00   [strat=vaccaro_warm_high_dominance]
      R 8  buy $ 18,242.65   sel     $34,000.00   [strat=vaccaro_warm_high_dominance]
      R 9  buy $ 27,688.93   sel     $33,000.00   [strat=vaccaro_warm_high_dominance]
      R10  buy $  9,613.30   sel     $32,000.00   [strat=vaccaro_warm_high_dominance]
      R11  buy $ 28,872.46   sel     $31,000.00   [strat=vaccaro_warm_high_dominance]
      R12  buy $ 11,603.42   sel     $30,000.00   [strat=vaccaro_warm_high_dominance]
      R13  buy $ 25,192.75   sel     $28,500.00   [strat=vaccaro_warm_high_dominance]
      R14  buy $ 22,636.94   sel     $27,000.00   [strat=vaccaro_warm_high_dominance]
      R15  buy $  9,833.40   sel     $26,500.00   [strat=vaccaro_warm_high_dominance]
      R16  buy $  5,686.18   sel     $26,500.00   [strat=vaccaro_warm_high_dominance]
   run 13 done in 6.6 min

   run 14/30 on 2016 Cadillac CTS 3.6 Luxury  seed=20461433
      R 1  buy $ 41,785.52   sel     $44,500.00   [strat=vaccaro_warm_high_dominance] *
      R 2  buy $ 35,576.49   sel     $42,900.00   [strat=vaccaro_warm_high_dominance]
      R 3  buy $  6,226.34   sel     $42,000.00   [strat=vaccaro_warm_high_dominance]
      R 4  buy $ 32,061.81   sel     $41,500.00   [strat=vaccaro_warm_high_dominance]
      R 5  buy $ 17,123.43   sel     $41,000.00   [strat=vaccaro_warm_high_dominance]
      R 6  buy $ 12,757.16   sel     $40,500.00   [strat=vaccaro_warm_high_dominance]
      R 7  buy $ 20,678.01   sel     $39,500.00   [strat=vaccaro_warm_high_dominance]
      R 8  buy $ 35,745.49   sel     $38,500.00   [strat=vaccaro_warm_high_dominance]
      R 9  buy $ 35,457.30   sel     $37,500.00   [strat=vaccaro_warm_high_dominance]
      R10  buy $ 35,570.54   sel     $37,000.00   [strat=vaccaro_warm_high_dominance]
      R11  buy $ 14,597.08   sel     $36,500.00   [strat=vaccaro_warm_high_dominance]
      R12  buy $  3,567.60   sel     $36,000.00   [strat=vaccaro_warm_high_dominance]
      R13  buy $ 12,132.85   sel     $35,500.00   [strat=vaccaro_warm_high_dominance]
      R14  buy $ 11,691.33   sel     $35,000.00   [strat=vaccaro_warm_high_dominance]
      R15  buy $ 26,143.82   sel     $34,000.00   [strat=vaccaro_warm_high_dominance]
      R16  buy $ 20,457.97   sel     $33,000.00   [strat=vaccaro_warm_high_dominance]
   run 14 done in 5.2 min

   run 15/30 on 2016 Cadillac CTS 3.6 Luxury  seed=20461434
      R 1  buy $ 42,838.21   sel     $44,500.00   [strat=vaccaro_warm_high_dominance] *
      R 2  buy $ 41,630.76   sel     $43,900.00   [strat=vaccaro_warm_high_dominance]
      R 3  buy $ 39,024.42   sel     $43,500.00   [strat=vaccaro_warm_high_dominance]
      R 4  buy $ 40,592.98   sel     $43,000.00   [strat=vaccaro_warm_high_dominance]
      R 5  buy $ 22,584.86   sel     $42,500.00   [strat=vaccaro_warm_high_dominance]
      R 6  buy $ 38,800.97   sel     $42,000.00   [strat=vaccaro_warm_high_dominance]
      R 7  buy $ 36,539.75   sel     $41,500.00   [strat=vaccaro_warm_high_dominance]
      R 8  buy $  5,736.29   sel     $41,000.00   [strat=vaccaro_warm_high_dominance]
      R 9  buy $ 13,874.43   sel     $40,500.00   [strat=vaccaro_warm_high_dominance]
      R10  buy $ 29,841.24   sel     $40,000.00   [strat=vaccaro_warm_high_dominance]
      R11  buy $ 22,220.09   sel     $39,500.00   [strat=vaccaro_warm_high_dominance]
      R12  buy $ 25,948.84   sel     $39,000.00   [strat=vaccaro_warm_high_dominance]
      R13  buy $ 30,332.41   sel     $38,500.00   [strat=vaccaro_warm_high_dominance]
      R14  buy $ 24,951.23   sel     $38,000.00   [strat=vaccaro_warm_high_dominance]
      R15  buy $ 26,492.92   sel     $37,500.00   [strat=vaccaro_warm_high_dominance]
      R16  buy $  5,297.78   sel     $37,000.00   [strat=vaccaro_warm_high_dominance]
   run 15 done in 5.6 min

   run 16/30 on 2016 Cadillac CTS 3.6 Luxury  seed=20461435
      R 1  buy $ 13,645.60   sel     $19,500.00   [strat=vaccaro_warm_high_dominance] *
      R 2  buy $  2,626.93   sel     $18,900.00   [strat=vaccaro_warm_high_dominance]
      R 3  buy $  3,623.85   sel     $18,400.00   [strat=vaccaro_warm_high_dominance]
      R 4  buy $  8,209.83   sel     $17,900.00   [strat=vaccaro_warm_high_dominance]
      R 5  buy $ 10,949.43   sel     $17,500.00   [strat=vaccaro_warm_high_dominance]
      R 6  buy $ 12,917.84   sel     $17,300.00   [strat=vaccaro_warm_high_dominance]
      R 7  buy $  4,327.27   sel     $17,200.00   [strat=vaccaro_warm_high_dominance]
      R 8  buy $ 12,515.27   sel     $17,100.00   [strat=vaccaro_warm_high_dominance]
      R 9  buy $ 16,234.11   sel     $16,900.00   [strat=vaccaro_warm_high_dominance]
      R10  buy $  9,704.18   sel     $16,800.00   [strat=vaccaro_warm_high_dominance]
      R11  buy $  1,541.87   sel     $16,800.00   [strat=vaccaro_warm_high_dominance]
      R12  buy $  2,114.49   sel     $16,700.00   [strat=vaccaro_warm_high_dominance]
      R13  buy $  9,744.45   sel     $16,600.00   [strat=vaccaro_warm_high_dominance]
      R14  buy $  2,243.47   sel     $16,500.00   [strat=vaccaro_warm_high_dominance]
      R15  buy $ 15,156.45   sel     $16,200.00   [strat=vaccaro_warm_high_dominance]
      R16  buy $ 15,335.61   sel     $16,000.00   [strat=vaccaro_warm_high_dominance]
   run 16 done in 5.9 min

   run 17/30 on 2016 Cadillac CTS 3.6 Luxury  seed=20461436
      R 1  buy $ 33,448.05   sel     $41,500.00   [strat=vaccaro_warm_high_dominance] *
      R 2  buy $  4,964.01   sel     $40,000.00   [strat=vaccaro_warm_high_dominance]
      R 3  buy $  8,051.20   sel     $38,500.00   [strat=vaccaro_warm_high_dominance]
      R 4  buy $ 16,895.36   sel     $36,000.00   [strat=vaccaro_warm_high_dominance]
      R 5  buy $ 25,764.55   sel     $34,000.00   [strat=vaccaro_warm_high_dominance]
      R 6  buy $  8,725.57   sel     $33,500.00   [strat=vaccaro_warm_high_dominance]
      R 7  buy $  5,200.84   sel     $32,500.00   [strat=vaccaro_warm_high_dominance]
      R 8  buy $ 31,453.37   sel     $32,000.00   [strat=vaccaro_warm_high_dominance]
      R 9  buy $ 25,401.67   sel     $31,500.00   [strat=vaccaro_warm_high_dominance]
      R10  buy $ 19,050.92   sel     $30,000.00   [strat=vaccaro_warm_high_dominance]
      R11  buy $ 27,698.40   sel     $29,500.00   [strat=vaccaro_warm_high_dominance]
      R12  buy $ 25,311.64   sel     $27,500.00   [strat=vaccaro_warm_high_dominance]
      R13  buy $  1,714.05   sel     $26,500.00   [strat=vaccaro_warm_high_dominance]
      R14  buy $  2,070.58   sel     $25,000.00   [strat=vaccaro_warm_high_dominance]
      R15  buy $ 13,065.05   sel     $24,500.00   [strat=vaccaro_warm_high_dominance]
      R16  buy $ 18,753.35   sel     $22,500.00   [strat=vaccaro_warm_high_dominance]
   run 17 done in 6.5 min

   run 18/30 on 2016 Cadillac CTS 3.6 Luxury  seed=20461437
      R 1  buy $  9,888.45   sel     $21,999.00   [strat=vaccaro_warm_high_dominance] *
      R 2  buy $  9,160.89   sel     $20,999.00   [strat=vaccaro_warm_high_dominance]
      R 3  buy $  7,194.69   sel     $20,499.00   [strat=vaccaro_warm_high_dominance]
      R 4  buy $ 18,964.02   sel     $19,999.00   [strat=vaccaro_warm_high_dominance]
      R 5  buy $  8,442.17   sel     $19,499.00   [strat=vaccaro_warm_high_dominance]
      R 6  buy $  6,198.22   sel     $18,999.00   [strat=vaccaro_warm_high_dominance]
      R 7  buy $  7,814.02   sel     $18,999.00   [strat=vaccaro_warm_high_dominance]
      R 8  buy $ 10,531.86   sel     $18,899.00   [strat=vaccaro_warm_high_dominance]
      R 9  buy $ 15,353.01   sel     $18,500.00   [strat=vaccaro_warm_high_dominance]
      R10  buy $  4,545.41   sel     $18,250.00   [strat=vaccaro_warm_high_dominance]
      R11  buy $  9,648.10   sel     $17,999.00   [strat=vaccaro_warm_high_dominance]
      R12  buy $  2,635.67   sel     $17,750.00   [strat=vaccaro_warm_high_dominance]
      R13  buy $  4,126.18   sel     $17,500.00   [strat=vaccaro_warm_high_dominance]
      R14  buy $  2,382.44   sel     $17,500.00   [strat=vaccaro_warm_high_dominance]
      R15  buy $ 14,138.23   sel     $17,250.00   [strat=vaccaro_warm_high_dominance]
      R16  buy $  7,349.60   sel     $17,000.00   [strat=vaccaro_warm_high_dominance]
   run 18 done in 5.6 min

   run 19/30 on 2016 Cadillac CTS 3.6 Luxury  seed=20461438
      R 1  buy $ 13,771.37   sel     $17,499.99   [strat=vaccaro_warm_high_dominance] *
      R 2  buy $  6,723.50   sel     $16,999.99   [strat=vaccaro_warm_high_dominance]
      R 3  buy $ 14,525.97   sel     $16,499.99   [strat=vaccaro_warm_high_dominance]
      R 4  buy $ 12,748.76   sel     $16,199.99   [strat=vaccaro_warm_high_dominance]
      R 5  buy $  9,892.82   sel     $16,099.99   [strat=vaccaro_warm_high_dominance]
      R 6  buy $  2,856.87   sel     $16,099.99   [strat=vaccaro_warm_high_dominance]
      R 7  buy $  8,732.66   sel     $15,999.99   [strat=vaccaro_warm_high_dominance]
      R 8  buy $  6,997.00   sel     $15,899.99   [strat=vaccaro_warm_high_dominance]
      R 9  buy $  4,392.28   sel     $15,849.99   [strat=vaccaro_warm_high_dominance]
      R10  buy $  3,454.08   sel     $15,799.99   [strat=vaccaro_warm_high_dominance]
      R11  buy $    445.18   sel     $15,775.00   [strat=vaccaro_warm_high_dominance]
      R12  buy $  6,702.95   sel     $15,750.00   [strat=vaccaro_warm_high_dominance]
      R13  buy $  8,918.35   sel     $15,750.00   [strat=vaccaro_warm_high_dominance]
      R14  buy $  9,342.82   sel     $15,750.00   [strat=vaccaro_warm_high_dominance]
      R15  buy $ 15,481.45   sel     $15,750.00   [strat=vaccaro_warm_high_dominance]
      R16  buy $ 13,408.63   sel     $15,750.00   [strat=vaccaro_warm_high_dominance]
   run 19 done in 8.0 min

   run 20/30 on 2016 Cadillac CTS 3.6 Luxury  seed=20461439
      R 1  buy $ 19,969.35   sel     $28,500.00   [strat=vaccaro_warm_high_dominance] *
      R 2  buy $ 21,213.45   sel     $27,250.00   [strat=vaccaro_warm_high_dominance]
      R 3  buy $ 13,868.78   sel     $26,500.00   [strat=vaccaro_warm_high_dominance]
      R 4  buy $ 17,244.88   sel     $25,750.00   [strat=vaccaro_warm_high_dominance]
      R 5  buy $ 21,856.53   sel     $25,000.00   [strat=vaccaro_warm_high_dominance]
      R 6  buy $ 23,737.96   sel     $24,500.00   [strat=vaccaro_warm_high_dominance]
      R 7  buy $ 21,161.46   sel     $24,250.00   [strat=vaccaro_warm_high_dominance]
      R 8  buy $ 12,513.12   sel     $24,000.00   [strat=vaccaro_warm_high_dominance]
      R 9  buy $  6,452.78   sel     $23,750.00   [strat=vaccaro_warm_high_dominance]
      R10  buy $  7,826.13   sel     $23,500.00   [strat=vaccaro_warm_high_dominance]
      R11  buy $ 19,997.67   sel     $23,000.00   [strat=vaccaro_warm_high_dominance]
      R12  buy $  6,347.64   sel     $22,500.00   [strat=vaccaro_warm_high_dominance]
      R13  buy $ 16,428.85   sel     $21,500.00   [strat=vaccaro_warm_high_dominance]
      R14  buy $  8,940.84   sel     $20,500.00   [strat=vaccaro_warm_high_dominance]
      R15  buy $ 10,857.35   sel     $19,500.00   [strat=vaccaro_warm_high_dominance]
      R16  buy $ 11,252.37   sel     $19,000.00   [strat=vaccaro_warm_high_dominance]
   run 20 done in 5.8 min

   run 21/30 on 2016 Cadillac CTS 3.6 Luxury  seed=20461440
      R 1  buy $ 21,506.39   sel     $24,999.99   [strat=vaccaro_warm_high_dominance] *
      R 2  buy $ 12,275.32   sel     $22,499.99   [strat=vaccaro_warm_high_dominance]
      R 3  buy $ 20,008.02   sel     $21,999.99   [strat=vaccaro_warm_high_dominance]
      R 4  buy $  2,409.38   sel     $21,499.99   [strat=vaccaro_warm_high_dominance]
      R 5  buy $  7,788.29   sel     $21,000.00   [strat=vaccaro_warm_high_dominance]
      R 6  buy $ 20,503.52   sel     $20,750.00   [strat=vaccaro_warm_high_dominance]
      R 7  buy $ 20,696.81   sel     $20,725.00   [strat=vaccaro_warm_high_dominance]
      R 8  buy $ 19,881.83   sel     $20,500.00   [strat=vaccaro_warm_high_dominance]
      R 9  buy $ 19,489.69   sel     $20,250.00   [strat=vaccaro_warm_high_dominance]
      R10  buy $  4,214.18   sel     $20,250.00   [strat=vaccaro_warm_high_dominance]
      R11  buy $ 10,478.78   sel     $19,999.00   [strat=vaccaro_warm_high_dominance]
      R12  buy $ 13,173.27   sel     $19,750.00   [strat=vaccaro_warm_high_dominance]
      R13  buy $  1,547.11   sel     $19,500.00   [strat=vaccaro_warm_high_dominance]
      R14  buy $  5,363.74   sel     $19,250.00   [strat=vaccaro_warm_high_dominance]
      R15  buy $ 11,309.28   sel     $18,999.00   [strat=vaccaro_warm_high_dominance]
      R16  buy $ 16,094.74   sel     $17,999.00   [strat=vaccaro_warm_high_dominance]
   run 21 done in 5.3 min

   run 22/30 on 2016 Cadillac CTS 3.6 Luxury  seed=20461441
      R 1  buy $ 20,122.58   sel     $34,500.00   [strat=vaccaro_warm_high_dominance] *
      R 2  buy $ 16,291.64   sel     $34,000.00   [strat=vaccaro_warm_high_dominance]
      R 3  buy $  3,554.00   sel     $33,500.00   [strat=vaccaro_warm_high_dominance]
      R 4  buy $ 12,642.94   sel     $33,000.00   [strat=vaccaro_warm_high_dominance]
      R 5  buy $  4,292.27   sel     $32,500.00   [strat=vaccaro_warm_high_dominance]
      R 6  buy $ 25,538.52   sel     $32,000.00   [strat=vaccaro_warm_high_dominance]
      R 7  buy $  3,357.37   sel     $31,500.00   [strat=vaccaro_warm_high_dominance]
      R 8  buy $    828.61   sel     $31,000.00   [strat=vaccaro_warm_high_dominance]
      R 9  buy $  6,955.48   sel     $30,500.00   [strat=vaccaro_warm_high_dominance]
      R10  buy $  1,744.19   sel     $30,000.00   [strat=vaccaro_warm_high_dominance]
      R11  buy $ 23,406.98   sel     $28,000.00   [strat=vaccaro_warm_high_dominance]
      R12  buy $  6,699.56   sel     $27,500.00   [strat=vaccaro_warm_high_dominance]
      R13  buy $ 15,162.35   sel     $27,000.00   [strat=vaccaro_warm_high_dominance]
      R14  buy $ 18,477.44   sel     $26,500.00   [strat=vaccaro_warm_high_dominance]
      R15  buy $  2,519.17   sel     $26,000.00   [strat=vaccaro_warm_high_dominance]
      R16  buy $  9,093.39   sel     $25,500.00   [strat=vaccaro_warm_high_dominance]
   run 22 done in 5.1 min

   run 23/30 on 2016 Cadillac CTS 3.6 Luxury  seed=20461442
      R 1  buy $ 42,426.01   sel     $44,500.00   [strat=vaccaro_warm_high_dominance] *
      R 2  buy $ 24,144.91   sel     $43,900.00   [strat=vaccaro_warm_high_dominance]
      R 3  buy $ 27,093.12   sel     $42,500.00   [strat=vaccaro_warm_high_dominance]
      R 4  buy $ 29,127.65   sel     $41,500.00   [strat=vaccaro_warm_high_dominance]
      R 5  buy $ 23,655.17   sel     $40,000.00   [strat=vaccaro_warm_high_dominance]
      R 6  buy $ 31,242.23   sel     $38,500.00   [strat=vaccaro_warm_high_dominance]
      R 7  buy $ 11,765.10   sel     $37,500.00   [strat=vaccaro_warm_high_dominance]
      R 8  buy $  7,618.13   sel     $36,500.00   [strat=vaccaro_warm_high_dominance]
      R 9  buy $ 18,384.97   sel     $35,000.00   [strat=vaccaro_warm_high_dominance]
      R10  buy $  9,283.97   sel     $34,000.00   [strat=vaccaro_warm_high_dominance]
      R11  buy $  9,362.14   sel     $33,000.00   [strat=vaccaro_warm_high_dominance]
      R12  buy $  5,556.40   sel     $32,000.00   [strat=vaccaro_warm_high_dominance]
      R13  buy $ 29,280.23   sel     $31,000.00   [strat=vaccaro_warm_high_dominance]
      R14  buy $  7,134.59   sel     $30,000.00   [strat=vaccaro_warm_high_dominance]
      R15  buy $ 26,979.07   sel     $29,500.00   [strat=vaccaro_warm_high_dominance]
      R16  buy $ 14,614.20   sel     $28,500.00   [strat=vaccaro_warm_high_dominance]
   run 23 done in 5.8 min

   run 24/30 on 2016 Cadillac CTS 3.6 Luxury  seed=20461443
      R 1  buy $ 38,410.03   sel     $44,000.00   [strat=vaccaro_warm_high_dominance] *
      R 2  buy $ 42,585.97   sel     $43,500.00   [strat=vaccaro_warm_high_dominance]
      R 3  buy $ 14,547.99   sel     $42,000.00   [strat=vaccaro_warm_high_dominance]
      R 4  buy $ 34,977.90   sel     $41,000.00   [strat=vaccaro_warm_high_dominance]
      R 5  buy $ 20,285.65   sel     $40,000.00   [strat=vaccaro_warm_high_dominance]
      R 6  buy $ 20,144.74   sel     $39,000.00   [strat=vaccaro_warm_high_dominance]
      R 7  buy $  7,201.72   sel     $38,500.00   [strat=vaccaro_warm_high_dominance]
      R 8  buy $ 33,974.13   sel     $38,000.00   [strat=vaccaro_warm_high_dominance]
      R 9  buy $ 24,615.88   sel     $36,500.00   [strat=vaccaro_warm_high_dominance]
      R10  buy $  2,100.90   sel     $35,000.00   [strat=vaccaro_warm_high_dominance]
      R11  buy $  8,074.73   sel     $34,000.00   [strat=vaccaro_warm_high_dominance]
      R12  buy $ 23,955.65   sel     $33,000.00   [strat=vaccaro_warm_high_dominance]
      R13  buy $ 28,296.78   sel     $32,000.00   [strat=vaccaro_warm_high_dominance]
      R14  buy $ 14,288.73   sel     $31,000.00   [strat=vaccaro_warm_high_dominance]
      R15  buy $  9,196.57   sel     $30,000.00   [strat=vaccaro_warm_high_dominance]
      R16  buy $ 14,871.35   sel     $29,500.00   [strat=vaccaro_warm_high_dominance]
   run 24 done in 5.5 min

   run 25/30 on 2016 Cadillac CTS 3.6 Luxury  seed=20461444
      R 1  buy $ 31,663.64   sel     $38,500.00   [strat=vaccaro_warm_high_dominance] *
      R 2  buy $ 17,847.93   sel     $36,500.00   [strat=vaccaro_warm_high_dominance]
      R 3  buy $ 10,635.31   sel     $34,900.00   [strat=vaccaro_warm_high_dominance]
      R 4  buy $ 32,018.29   sel     $33,500.00   [strat=vaccaro_warm_high_dominance]
      R 5  buy $  2,650.03   sel     $33,000.00   [strat=vaccaro_warm_high_dominance]
      R 6  buy $ 16,997.27   sel     $32,500.00   [strat=vaccaro_warm_high_dominance]
      R 7  buy $ 10,553.38   sel     $32,000.00   [strat=vaccaro_warm_high_dominance]
      R 8  buy $ 21,515.92   sel     $31,500.00   [strat=vaccaro_warm_high_dominance]
      R 9  buy $ 18,870.67   sel     $30,500.00   [strat=vaccaro_warm_high_dominance]
      R10  buy $ 19,082.15   sel     $30,000.00   [strat=vaccaro_warm_high_dominance]
      R11  buy $  9,239.19   sel     $29,500.00   [strat=vaccaro_warm_high_dominance]
      R12  buy $  4,099.65   sel     $29,000.00   [strat=vaccaro_warm_high_dominance]
      R13  buy $ 22,356.64   sel     $28,500.00   [strat=vaccaro_warm_high_dominance]
      R14  buy $ 25,134.08   sel     $27,000.00   [strat=vaccaro_warm_high_dominance]
      R15  buy $ 13,436.37   sel     $26,500.00   [strat=vaccaro_warm_high_dominance]
      R16  buy $ 19,311.61   sel     $25,000.00   [strat=vaccaro_warm_high_dominance]
   run 25 done in 5.7 min

   run 26/30 on 2016 Cadillac CTS 3.6 Luxury  seed=20461445
      R 1  buy $  2,530.58   sel     $38,500.00   [strat=vaccaro_warm_high_dominance] *
      R 2  buy $ 13,689.41   sel     $36,000.00   [strat=vaccaro_warm_high_dominance]
      R 3  buy $  1,374.41   sel     $34,000.00   [strat=vaccaro_warm_high_dominance]
      R 4  buy $  4,258.46   sel     $32,500.00   [strat=vaccaro_warm_high_dominance]
      R 5  buy $  7,591.83   sel     $31,000.00   [strat=vaccaro_warm_high_dominance]
      R 6  buy $ 20,547.30   sel     $29,000.00   [strat=vaccaro_warm_high_dominance]
      R 7  buy $  6,436.16   sel     $28,000.00   [strat=vaccaro_warm_high_dominance]
      R 8  buy $ 22,969.04   sel     $26,500.00   [strat=vaccaro_warm_high_dominance]
      R 9  buy $ 14,283.73   sel     $25,500.00   [strat=vaccaro_warm_high_dominance]
      R10  buy $ 10,410.10   sel     $24,500.00   [strat=vaccaro_warm_high_dominance]
      R11  buy $  2,756.61   sel     $23,500.00   [strat=vaccaro_warm_high_dominance]
      R12  buy $  5,055.10   sel     $22,500.00   [strat=vaccaro_warm_high_dominance]
      R13  buy $  5,604.84   sel     $21,500.00   [strat=vaccaro_warm_high_dominance]
      R14  buy $ 10,920.02   sel     $20,000.00   [strat=vaccaro_warm_high_dominance]
      R15  buy $  2,722.92   sel     $20,000.00   [strat=vaccaro_warm_high_dominance]
      R16  buy $  2,693.78   sel     $19,500.00   [strat=vaccaro_warm_high_dominance]
   run 26 done in 5.8 min

   run 27/30 on 2016 Cadillac CTS 3.6 Luxury  seed=20461446
      R 1  buy $ 17,396.48   sel     $23,500.00   [strat=vaccaro_warm_high_dominance] *
      R 2  buy $  4,109.47   sel     $23,500.00   [strat=vaccaro_warm_high_dominance]
      R 3  buy $  9,572.90   sel     $22,500.00   [strat=vaccaro_warm_high_dominance]
      R 4  buy $ 20,727.00   sel     $21,600.00   [strat=vaccaro_warm_high_dominance]
      R 5  buy $  3,204.76   sel     $21,200.00   [strat=vaccaro_warm_high_dominance]
      R 6  buy $    353.56   sel     $21,000.00   [strat=vaccaro_warm_high_dominance]
      R 7  buy $ 17,286.34   sel     $20,500.00   [strat=vaccaro_warm_high_dominance]
      R 8  buy $ 16,620.13   sel     $20,000.00   [strat=vaccaro_warm_high_dominance]
      R 9  buy $  8,517.71   sel     $19,500.00   [strat=vaccaro_warm_high_dominance]
      R10  buy $  4,887.99   sel     $19,000.00   [strat=vaccaro_warm_high_dominance]
      R11  buy $  2,307.50   sel     $18,500.00   [strat=vaccaro_warm_high_dominance]
      R12  buy $ 17,021.61   sel     $18,000.00   [strat=vaccaro_warm_high_dominance]
      R13  buy $ 15,257.50   sel     $17,500.00   [strat=vaccaro_warm_high_dominance]
      R14  buy $  2,669.22   sel     $17,250.00   [strat=vaccaro_warm_high_dominance]
      R15  buy $  9,447.77   sel     $17,000.00   [strat=vaccaro_warm_high_dominance]
      R16  buy $  9,283.04   sel     $16,500.00   [strat=vaccaro_warm_high_dominance]
   run 27 done in 6.0 min

   run 28/30 on 2016 Cadillac CTS 3.6 Luxury  seed=20461447
      R 1  buy $ 23,581.44   sel     $34,500.00   [strat=vaccaro_warm_high_dominance] *
      R 2  buy $ 13,973.35   sel     $32,000.00   [strat=vaccaro_warm_high_dominance]
      R 3  buy $    118.07   sel     $30,000.00   [strat=vaccaro_warm_high_dominance]
      R 4  buy $  5,836.99   sel     $28,500.00   [strat=vaccaro_warm_high_dominance]
      R 5  buy $  4,927.21   sel     $27,500.00   [strat=vaccaro_warm_high_dominance]
      R 6  buy $  3,168.59   sel     $26,500.00   [strat=vaccaro_warm_high_dominance]
      R 7  buy $ 22,726.15   sel     $25,500.00   [strat=vaccaro_warm_high_dominance]
      R 8  buy $  8,300.64   sel     $24,500.00   [strat=vaccaro_warm_high_dominance]
      R 9  buy $  4,785.31   sel     $24,000.00   [strat=vaccaro_warm_high_dominance]
      R10  buy $  2,851.19   sel     $23,500.00   [strat=vaccaro_warm_high_dominance]
      R11  buy $ 16,631.89   sel     $22,000.00   [strat=vaccaro_warm_high_dominance]
      R12  buy $    781.73   sel     $21,500.00   [strat=vaccaro_warm_high_dominance]
      R13  buy $ 19,559.01   sel     $21,000.00   [strat=vaccaro_warm_high_dominance]
      R14  buy $  3,277.64   sel     $20,000.00   [strat=vaccaro_warm_high_dominance]
      R15  buy $  3,660.84   sel     $19,000.00   [strat=vaccaro_warm_high_dominance]
      R16  buy $  1,767.55   sel     $18,500.00   [strat=vaccaro_warm_high_dominance]
   run 28 done in 5.4 min

   run 29/30 on 2016 Cadillac CTS 3.6 Luxury  seed=20461448
      R 1  buy $ 15,914.54   sel     $19,500.00   [strat=vaccaro_warm_high_dominance] *
      R 2  buy $  8,616.67   sel     $19,250.00   [strat=vaccaro_warm_high_dominance]
      R 3  buy $ 16,157.28   sel     $18,750.00   [strat=vaccaro_warm_high_dominance]
      R 4  buy $ 13,670.80   sel     $18,500.00   [strat=vaccaro_warm_high_dominance]
      R 5  buy $  3,397.88   sel     $18,250.00   [strat=vaccaro_warm_high_dominance]
      R 6  buy $ 16,743.24   sel     $18,000.00   [strat=vaccaro_warm_high_dominance]
      R 7  buy $  4,885.05   sel     $17,750.00   [strat=vaccaro_warm_high_dominance]
      R 8  buy $  2,488.78   sel     $17,500.00   [strat=vaccaro_warm_high_dominance]
      R 9  buy $  5,387.99   sel     $17,250.00   [strat=vaccaro_warm_high_dominance]
      R10  buy $  1,475.02   sel     $17,000.00   [strat=vaccaro_warm_high_dominance]
      R11  buy $ 12,157.86   sel     $16,750.00   [strat=vaccaro_warm_high_dominance]
      R12  buy $ 11,521.54   sel     $16,500.00   [strat=vaccaro_warm_high_dominance]
      R13  buy $  3,388.70   sel     $16,250.00   [strat=vaccaro_warm_high_dominance]
      R14  buy $  5,137.58   sel     $16,000.00   [strat=vaccaro_warm_high_dominance]
      R15  buy $  7,829.93   sel     $15,950.00   [strat=vaccaro_warm_high_dominance]
      R16  buy $  9,548.90   sel     $15,900.00   [strat=vaccaro_warm_high_dominance]
   run 29 done in 5.2 min

   run 30/30 on 2016 Cadillac CTS 3.6 Luxury  seed=20461449
      R 1  buy $ 14,191.53   sel     $19,500.00   [strat=vaccaro_warm_high_dominance] *
      R 2  buy $  8,652.66   sel     $18,500.00   [strat=vaccaro_warm_high_dominance]
      R 3  buy $  4,739.54   sel     $17,500.00   [strat=vaccaro_warm_high_dominance]
      R 4  buy $ 13,910.55   sel     $16,500.00   [strat=vaccaro_warm_high_dominance]
      R 5  buy $  2,760.98   sel     $15,900.00   [strat=vaccaro_warm_high_dominance]
      R 6  buy $    100.11   sel     $15,850.00   [strat=vaccaro_warm_high_dominance]
      R 7  buy $  2,926.11   sel     $15,850.00   [strat=vaccaro_warm_high_dominance]
      R 8  buy $ 15,526.72   sel     $15,850.00   [strat=vaccaro_warm_high_dominance]
      R 9  buy $  3,065.54   sel     $15,850.00   [strat=vaccaro_warm_high_dominance]
      R10  buy $     95.82   sel     $15,850.00   [strat=vaccaro_warm_high_dominance]
      R11  buy $  2,986.28   sel     $15,850.00   [strat=vaccaro_warm_high_dominance]
      R12  buy $ 13,163.63   sel     $15,800.00   [strat=vaccaro_warm_high_dominance]
      R13  buy $ 13,545.26   sel     $15,750.00   [strat=vaccaro_warm_high_dominance]
      R14  buy $  2,627.44   sel     $15,750.00   [strat=vaccaro_warm_high_dominance]
      R15  buy $  7,183.69   sel     $15,750.00   [strat=vaccaro_warm_high_dominance]
      R16  buy $ 10,765.61   sel     $15,750.00   [strat=vaccaro_warm_high_dominance]
   run 30 done in 6.8 min

   ---> checkpoint: car 2/5 done in 190.4 min; total so far 455.1 min; saved 60 runs to exp02_fixed_vaccaro_warm_high_dominance.json

--- CAR 3/5: 2019 Honda Accord Sport 1.5T  (M=$28,000.00  cost=$14,000.00  cost/M=50.00%) ---

   run 1/30 on 2019 Honda Accord Sport 1.5T  seed=20462420
      R 1  buy $ 19,407.91   sel     $25,995.00   [strat=vaccaro_warm_high_dominance] *
      R 2  buy $ 13,932.00   sel     $24,995.00   [strat=vaccaro_warm_high_dominance]
      R 3  buy $  5,477.37   sel     $24,995.00   [strat=vaccaro_warm_high_dominance]
      R 4  buy $ 24,623.11   sel     $24,895.00   [strat=vaccaro_warm_high_dominance]
      R 5  buy $  2,162.22   sel     $24,500.00   [strat=vaccaro_warm_high_dominance]
      R 6  buy $ 16,106.87   sel     $23,500.00   [strat=vaccaro_warm_high_dominance]
      R 7  buy $  5,184.57   sel     $23,000.00   [strat=vaccaro_warm_high_dominance]
      R 8  buy $    878.17   sel     $22,500.00   [strat=vaccaro_warm_high_dominance]
      R 9  buy $ 10,154.65   sel     $21,500.00   [strat=vaccaro_warm_high_dominance]
      R10  buy $ 14,909.40   sel     $20,000.00   [strat=vaccaro_warm_high_dominance]
      R11  buy $ 10,882.73   sel     $19,000.00   [strat=vaccaro_warm_high_dominance]
      R12  buy $ 12,528.93   sel     $18,500.00   [strat=vaccaro_warm_high_dominance]
      R13  buy $  3,417.89   sel     $18,000.00   [strat=vaccaro_warm_high_dominance]
      R14  buy $ 11,467.40   sel     $17,500.00   [strat=vaccaro_warm_high_dominance]
      R15  buy $  2,804.84   sel     $17,000.00   [strat=vaccaro_warm_high_dominance]
      R16  buy $ 15,674.76   sel     $16,500.00   [strat=vaccaro_warm_high_dominance]
   run 1 done in 5.1 min

   run 2/30 on 2019 Honda Accord Sport 1.5T  seed=20462421
      R 1  buy $ 20,682.17   sel     $26,499.99   [strat=vaccaro_warm_high_dominance] *
      R 2  buy $  8,167.01   sel     $25,999.99   [strat=vaccaro_warm_high_dominance]
      R 3  buy $ 25,355.42   sel     $25,677.99   [strat=vaccaro_warm_high_dominance]
      R 4  buy $    611.60   sel     $25,499.99   [strat=vaccaro_warm_high_dominance]
      R 5  buy $  5,482.37   sel     $25,299.99   [strat=vaccaro_warm_high_dominance]
      R 6  buy $ 16,515.15   sel     $24,999.99   [strat=vaccaro_warm_high_dominance]
      R 7  buy $ 17,007.86   sel     $24,499.99   [strat=vaccaro_warm_high_dominance]
      R 8  buy $    329.67   sel     $24,299.99   [strat=vaccaro_warm_high_dominance]
      R 9  buy $ 15,058.24   sel     $23,999.99   [strat=vaccaro_warm_high_dominance]
      R10  buy $    572.95   sel     $23,499.99   [strat=vaccaro_warm_high_dominance]
      R11  buy $  7,559.77   sel     $22,999.99   [strat=vaccaro_warm_high_dominance]
      R12  buy $ 18,428.66   sel     $22,499.99   [strat=vaccaro_warm_high_dominance]
      R13  buy $ 14,949.91   sel     $21,999.99   [strat=vaccaro_warm_high_dominance]
      R14  buy $     64.99   sel     $21,999.99   [strat=vaccaro_warm_high_dominance]
      R15  buy $  9,828.58   sel     $21,499.99   [strat=vaccaro_warm_high_dominance]
      R16  buy $  2,421.81   sel     $21,299.99   [strat=vaccaro_warm_high_dominance]
   run 2 done in 4.8 min

   run 3/30 on 2019 Honda Accord Sport 1.5T  seed=20462422
      R 1  buy $  9,420.09   sel     $24,999.99   [strat=vaccaro_warm_high_dominance] *
      R 2  buy $ 23,397.39   sel     $24,499.99   [strat=vaccaro_warm_high_dominance]
      R 3  buy $ 13,231.82   sel     $24,299.99   [strat=vaccaro_warm_high_dominance]
      R 4  buy $ 16,001.74   sel     $24,199.99   [strat=vaccaro_warm_high_dominance]
      R 5  buy $ 17,510.35   sel     $24,099.99   [strat=vaccaro_warm_high_dominance]
      R 6  buy $ 14,976.00   sel     $23,999.99   [strat=vaccaro_warm_high_dominance]
      R 7  buy $  7,549.37   sel     $23,899.99   [strat=vaccaro_warm_high_dominance]
      R 8  buy $  8,444.17   sel     $23,799.99   [strat=vaccaro_warm_high_dominance]
      R 9  buy $ 18,349.21   sel     $23,699.99   [strat=vaccaro_warm_high_dominance]
      R10  buy $ 16,523.21   sel     $23,599.99   [strat=vaccaro_warm_high_dominance]
      R11  buy $    838.77   sel     $23,499.99   [strat=vaccaro_warm_high_dominance]
      R12  buy $ 16,154.73   sel     $22,999.99   [strat=vaccaro_warm_high_dominance]
      R13  buy $ 13,886.58   sel     $22,899.99   [strat=vaccaro_warm_high_dominance]
      R14  buy $ 15,748.39   sel     $22,499.99   [strat=vaccaro_warm_high_dominance]
      R15  buy $ 14,364.01   sel     $19,999.99   [strat=vaccaro_warm_high_dominance]
      R16  buy $ 11,656.16   sel     $19,499.99   [strat=vaccaro_warm_high_dominance]
   run 3 done in 5.5 min

   run 4/30 on 2019 Honda Accord Sport 1.5T  seed=20462423
      R 1  buy $ 26,298.98   sel     $27,498.98   [strat=vaccaro_warm_high_dominance] *
      R 2  buy $ 24,592.69   sel     $26,998.98   [strat=vaccaro_warm_high_dominance]
      R 3  buy $ 19,945.48   sel     $25,998.98   [strat=vaccaro_warm_high_dominance]
      R 4  buy $ 11,680.97   sel     $25,498.98   [strat=vaccaro_warm_high_dominance]
      R 5  buy $  9,372.27   sel     $24,998.98   [strat=vaccaro_warm_high_dominance]
      R 6  buy $ 14,971.70   sel     $23,998.98   [strat=vaccaro_warm_high_dominance]
      R 7  buy $ 17,740.89   sel     $23,498.98   [strat=vaccaro_warm_high_dominance]
      R 8  buy $ 19,771.89   sel     $22,998.98   [strat=vaccaro_warm_high_dominance]
      R 9  buy $ 14,450.85   sel     $22,498.98   [strat=vaccaro_warm_high_dominance]
      R10  buy $ 13,215.41   sel     $21,998.98   [strat=vaccaro_warm_high_dominance]
      R11  buy $  2,973.39   sel     $21,498.98   [strat=vaccaro_warm_high_dominance]
      R12  buy $  8,787.06   sel     $20,998.98   [strat=vaccaro_warm_high_dominance]
      R13  buy $ 12,641.00   sel     $20,498.98   [strat=vaccaro_warm_high_dominance]
      R14  buy $  2,671.06   sel     $20,498.98   [strat=vaccaro_warm_high_dominance]
      R15  buy $ 12,274.00   sel     $19,998.98   [strat=vaccaro_warm_high_dominance]
      R16  buy $  3,981.20   sel     $19,498.98   [strat=vaccaro_warm_high_dominance]
   run 4 done in 5.0 min

   run 5/30 on 2019 Honda Accord Sport 1.5T  seed=20462424
      R 1  buy $ 23,702.09   sel     $27,599.00   [strat=vaccaro_warm_high_dominance] *
      R 2  buy $  8,843.84   sel     $27,200.00   [strat=vaccaro_warm_high_dominance]
      R 3  buy $  3,771.09   sel     $26,900.00   [strat=vaccaro_warm_high_dominance]
      R 4  buy $ 25,778.01   sel     $26,600.00   [strat=vaccaro_warm_high_dominance]
      R 5  buy $ 12,478.40   sel     $26,400.00   [strat=vaccaro_warm_high_dominance]
      R 6  buy $ 20,150.15   sel     $26,200.00   [strat=vaccaro_warm_high_dominance]
      R 7  buy $  3,440.53   sel     $26,100.00   [strat=vaccaro_warm_high_dominance]
      R 8  buy $ 11,997.88   sel     $26,000.00   [strat=vaccaro_warm_high_dominance]
      R 9  buy $  4,786.89   sel     $25,900.00   [strat=vaccaro_warm_high_dominance]
      R10  buy $ 22,678.20   sel     $25,600.00   [strat=vaccaro_warm_high_dominance]
      R11  buy $ 11,003.15   sel     $25,400.00   [strat=vaccaro_warm_high_dominance]
      R12  buy $  2,344.48   sel     $25,200.00   [strat=vaccaro_warm_high_dominance]
      R13  buy $  1,087.95   sel     $25,000.00   [strat=vaccaro_warm_high_dominance]
      R14  buy $  5,195.30   sel     $24,800.00   [strat=vaccaro_warm_high_dominance]
      R15  buy $  8,397.99   sel     $24,600.00   [strat=vaccaro_warm_high_dominance]
      R16  buy $ 19,820.63   sel     $24,200.00   [strat=vaccaro_warm_high_dominance]
   run 5 done in 5.1 min

   run 6/30 on 2019 Honda Accord Sport 1.5T  seed=20462425
      R 1  buy $ 15,288.47   sel     $24,500.00   [strat=vaccaro_warm_high_dominance] *
      R 2  buy $  4,086.17   sel     $23,500.00   [strat=vaccaro_warm_high_dominance]
      R 3  buy $ 17,119.16   sel     $22,500.00   [strat=vaccaro_warm_high_dominance]
      R 4  buy $ 15,446.44   sel     $21,500.00   [strat=vaccaro_warm_high_dominance]
      R 5  buy $ 11,636.26   sel     $20,500.00   [strat=vaccaro_warm_high_dominance]
      R 6  buy $ 10,190.01   sel     $19,500.00   [strat=vaccaro_warm_high_dominance]
      R 7  buy $  3,282.38   sel     $18,500.00   [strat=vaccaro_warm_high_dominance]
      R 8  buy $ 13,471.70   sel     $17,500.00   [strat=vaccaro_warm_high_dominance]
      R 9  buy $  3,748.22   sel     $16,500.00   [strat=vaccaro_warm_high_dominance]
      R10  buy $    976.90   sel     $16,000.00   [strat=vaccaro_warm_high_dominance]
      R11  buy $ 13,242.56   sel     $15,500.00   [strat=vaccaro_warm_high_dominance]
      R12  buy $    298.51   sel     $15,500.00   [strat=vaccaro_warm_high_dominance]
      R13  buy $  5,361.15   sel     $15,000.00   [strat=vaccaro_warm_high_dominance]
      R14  buy $  6,837.52   sel     $14,900.00   [strat=vaccaro_warm_high_dominance]
      R15  buy $ 12,299.13   sel     $14,500.00   [strat=vaccaro_warm_high_dominance]
      R16  buy $    111.33   sel     $14,400.00   [strat=vaccaro_warm_high_dominance]
   run 6 done in 4.7 min

   run 7/30 on 2019 Honda Accord Sport 1.5T  seed=20462426
      R 1  buy $ 20,696.58   sel     $24,995.00   [strat=vaccaro_warm_high_dominance] *
      R 2  buy $ 15,032.01   sel     $23,500.00   [strat=vaccaro_warm_high_dominance]
      R 3  buy $  9,396.68   sel     $22,000.00   [strat=vaccaro_warm_high_dominance]
      R 4  buy $ 11,357.17   sel     $21,500.00   [strat=vaccaro_warm_high_dominance]
      R 5  buy $ 21,279.85   sel     $21,400.00   [strat=vaccaro_warm_high_dominance]
      R 6  buy $  2,871.44   sel     $21,400.00   [strat=vaccaro_warm_high_dominance]
      R 7  buy $  6,948.50   sel     $21,400.00   [strat=vaccaro_warm_high_dominance]
      R 8  buy $ 13,543.74   sel     $21,000.00   [strat=vaccaro_warm_high_dominance]
      R 9  buy $ 18,808.33   sel     $19,900.00   [strat=vaccaro_warm_high_dominance]
      R10  buy $  4,860.75   sel     $19,500.00   [strat=vaccaro_warm_high_dominance]
      R11  buy $  4,915.63   sel     $19,250.00   [strat=vaccaro_warm_high_dominance]
      R12  buy $ 13,385.46   sel     $18,900.00   [strat=vaccaro_warm_high_dominance]
      R13  buy $ 15,301.65   sel     $18,500.00   [strat=vaccaro_warm_high_dominance]
      R14  buy $  6,566.53   sel     $17,500.00   [strat=vaccaro_warm_high_dominance]
      R15  buy $  7,042.02   sel     $16,500.00   [strat=vaccaro_warm_high_dominance]
      R16  buy $  7,090.76   sel     $16,000.00   [strat=vaccaro_warm_high_dominance]
   run 7 done in 6.1 min

   run 8/30 on 2019 Honda Accord Sport 1.5T  seed=20462427
      R 1  buy $  9,731.09   sel     $26,500.00   [strat=vaccaro_warm_high_dominance] *
      R 2  buy $  8,268.33   sel     $25,000.00   [strat=vaccaro_warm_high_dominance]
      R 3  buy $ 21,842.20   sel     $24,500.00   [strat=vaccaro_warm_high_dominance]
      R 4  buy $ 17,756.61   sel     $23,500.00   [strat=vaccaro_warm_high_dominance]
      R 5  buy $ 15,605.37   sel     $22,500.00   [strat=vaccaro_warm_high_dominance]
      R 6  buy $ 13,133.11   sel     $21,500.00   [strat=vaccaro_warm_high_dominance]
      R 7  buy $ 14,358.06   sel     $21,000.00   [strat=vaccaro_warm_high_dominance]
      R 8  buy $  4,390.23   sel     $20,500.00   [strat=vaccaro_warm_high_dominance]
      R 9  buy $ 16,444.38   sel     $19,000.00   [strat=vaccaro_warm_high_dominance]
      R10  buy $ 15,462.06   sel     $18,500.00   [strat=vaccaro_warm_high_dominance]
      R11  buy $ 16,865.34   sel     $17,800.00   [strat=vaccaro_warm_high_dominance]
      R12  buy $ 10,053.46   sel     $17,500.00   [strat=vaccaro_warm_high_dominance]
      R13  buy $ 10,226.06   sel     $17,000.00   [strat=vaccaro_warm_high_dominance]
      R14  buy $    999.53   sel     $16,500.00   [strat=vaccaro_warm_high_dominance]
      R15  buy $ 13,845.96   sel     $16,000.00   [strat=vaccaro_warm_high_dominance]
      R16  buy $ 12,587.13   sel     $15,500.00   [strat=vaccaro_warm_high_dominance]
   run 8 done in 5.6 min

   run 9/30 on 2019 Honda Accord Sport 1.5T  seed=20462428
      R 1  buy $ 18,280.00   sel     $25,500.00   [strat=vaccaro_warm_high_dominance] *
      R 2  buy $  9,688.60   sel     $24,500.00   [strat=vaccaro_warm_high_dominance]
      R 3  buy $  4,188.22   sel     $24,500.00   [strat=vaccaro_warm_high_dominance]
      R 4  buy $ 13,636.17   sel     $23,500.00   [strat=vaccaro_warm_high_dominance]
      R 5  buy $ 19,332.41   sel     $22,500.00   [strat=vaccaro_warm_high_dominance]
      R 6  buy $  7,395.73   sel     $21,500.00   [strat=vaccaro_warm_high_dominance]
      R 7  buy $  7,976.67   sel     $20,500.00   [strat=vaccaro_warm_high_dominance]
      R 8  buy $ 18,362.07   sel     $19,500.00   [strat=vaccaro_warm_high_dominance]
      R 9  buy $  4,475.76   sel     $19,500.00   [strat=vaccaro_warm_high_dominance]
      R10  buy $ 19,162.13   sel     $19,300.00   [strat=vaccaro_warm_high_dominance]
      R11  buy $  6,221.18   sel     $19,000.00   [strat=vaccaro_warm_high_dominance]
      R12  buy $  4,034.29   sel     $18,500.00   [strat=vaccaro_warm_high_dominance]
      R13  buy $  4,045.47   sel     $18,500.00   [strat=vaccaro_warm_high_dominance]
      R14  buy $ 16,157.66   sel     $17,500.00   [strat=vaccaro_warm_high_dominance]
      R15  buy $ 10,122.85   sel     $17,000.00   [strat=vaccaro_warm_high_dominance]
      R16  buy $ 10,774.83   sel     $16,500.00   [strat=vaccaro_warm_high_dominance]
   run 9 done in 6.1 min

   run 10/30 on 2019 Honda Accord Sport 1.5T  seed=20462429
      R 1  buy $    177.55   sel     $26,500.00   [strat=vaccaro_warm_high_dominance] *
      R 2  buy $ 20,519.12   sel     $25,500.00   [strat=vaccaro_warm_high_dominance]
      R 3  buy $ 12,689.06   sel     $24,900.00   [strat=vaccaro_warm_high_dominance]
      R 4  buy $ 14,612.89   sel     $24,500.00   [strat=vaccaro_warm_high_dominance]
      R 5  buy $  7,855.72   sel     $24,400.00   [strat=vaccaro_warm_high_dominance]
      R 6  buy $  4,519.74   sel     $24,300.00   [strat=vaccaro_warm_high_dominance]
      R 7  buy $  3,020.86   sel     $24,200.00   [strat=vaccaro_warm_high_dominance]
      R 8  buy $ 23,815.63   sel     $24,000.00   [strat=vaccaro_warm_high_dominance]
      R 9  buy $ 21,265.60   sel     $23,500.00   [strat=vaccaro_warm_high_dominance]
      R10  buy $  8,762.78   sel     $23,400.00   [strat=vaccaro_warm_high_dominance]
      R11  buy $ 23,226.77   sel     $23,300.00   [strat=vaccaro_warm_high_dominance]
      R12  buy $ 11,515.94   sel     $23,200.00   [strat=vaccaro_warm_high_dominance]
      R13  buy $ 14,576.25   sel     $23,000.00   [strat=vaccaro_warm_high_dominance]
      R14  buy $ 16,437.54   sel     $22,500.00   [strat=vaccaro_warm_high_dominance]
      R15  buy $  2,458.68   sel     $22,000.00   [strat=vaccaro_warm_high_dominance]
      R16  buy $ 17,342.08   sel     $21,500.00   [strat=vaccaro_warm_high_dominance]
   run 10 done in 5.1 min

   run 11/30 on 2019 Honda Accord Sport 1.5T  seed=20462430
      R 1  buy $ 26,480.60   sel     $27,995.00   [strat=vaccaro_warm_high_dominance] *
      R 2  buy $ 18,808.26   sel     $27,900.00   [strat=vaccaro_warm_high_dominance]
      R 3  buy $ 18,976.98   sel     $27,800.00   [strat=vaccaro_warm_high_dominance]
      R 4  buy $  5,015.41   sel     $27,700.00   [strat=vaccaro_warm_high_dominance]
      R 5  buy $ 20,180.51   sel     $27,600.00   [strat=vaccaro_warm_high_dominance]
      R 6  buy $ 13,381.96   sel     $27,500.00   [strat=vaccaro_warm_high_dominance]
      R 7  buy $ 18,243.74   sel     $27,400.00   [strat=vaccaro_warm_high_dominance]
      R 8  buy $  5,325.66   sel     $27,300.00   [strat=vaccaro_warm_high_dominance]
      R 9  buy $ 17,933.24   sel     $27,200.00   [strat=vaccaro_warm_high_dominance]
      R10  buy $  5,501.91   sel     $27,100.00   [strat=vaccaro_warm_high_dominance]
      R11  buy $ 23,142.16   sel     $27,000.00   [strat=vaccaro_warm_high_dominance]
      R12  buy $ 19,396.76   sel     $26,900.00   [strat=vaccaro_warm_high_dominance]
      R13  buy $  3,789.05   sel     $26,800.00   [strat=vaccaro_warm_high_dominance]
      R14  buy $ 15,279.93   sel     $26,700.00   [strat=vaccaro_warm_high_dominance]
      R15  buy $    597.06   sel     $26,600.00   [strat=vaccaro_warm_high_dominance]
      R16  buy $  5,164.22   sel     $26,500.00   [strat=vaccaro_warm_high_dominance]
   run 11 done in 4.6 min

   run 12/30 on 2019 Honda Accord Sport 1.5T  seed=20462431
      R 1  buy $ 12,962.60   sel     $24,500.00   [strat=vaccaro_warm_high_dominance] *
      R 2  buy $  2,725.00   sel     $23,500.00   [strat=vaccaro_warm_high_dominance]
      R 3  buy $ 10,616.56   sel     $22,500.00   [strat=vaccaro_warm_high_dominance]
      R 4  buy $ 22,261.55   sel     $22,400.00   [strat=vaccaro_warm_high_dominance]
      R 5  buy $ 19,758.63   sel     $22,000.00   [strat=vaccaro_warm_high_dominance]
      R 6  buy $ 20,567.93   sel     $21,500.00   [strat=vaccaro_warm_high_dominance]
      R 7  buy $     95.23   sel     $21,034.00   [strat=vaccaro_warm_high_dominance]
      R 8  buy $  5,550.85   sel     $20,500.00   [strat=vaccaro_warm_high_dominance]
      R 9  buy $ 11,147.30   sel     $19,900.00   [strat=vaccaro_warm_high_dominance]
      R10  buy $ 18,484.07   sel     $19,500.00   [strat=vaccaro_warm_high_dominance]
      R11  buy $  2,580.99   sel     $19,250.00   [strat=vaccaro_warm_high_dominance]
      R12  buy $ 12,191.13   sel     $19,000.00   [strat=vaccaro_warm_high_dominance]
      R13  buy $  2,541.81   sel     $18,750.00   [strat=vaccaro_warm_high_dominance]
      R14  buy $ 15,346.59   sel     $18,500.00   [strat=vaccaro_warm_high_dominance]
      R15  buy $ 13,852.51   sel     $18,000.00   [strat=vaccaro_warm_high_dominance]
      R16  buy $  5,255.39   sel     $17,500.00   [strat=vaccaro_warm_high_dominance]
   run 12 done in 4.7 min

   run 13/30 on 2019 Honda Accord Sport 1.5T  seed=20462432
      R 1  buy $ 11,770.34   sel     $19,995.00   [strat=vaccaro_warm_high_dominance] *
      R 2  buy $ 10,671.93   sel     $19,500.00   [strat=vaccaro_warm_high_dominance]
      R 3  buy $  6,603.39   sel     $19,200.00   [strat=vaccaro_warm_high_dominance]
      R 4  buy $    184.77   sel     $19,100.00   [strat=vaccaro_warm_high_dominance]
      R 5  buy $    960.13   sel     $18,900.00   [strat=vaccaro_warm_high_dominance]
      R 6  buy $  1,155.59   sel     $18,900.00   [strat=vaccaro_warm_high_dominance]
      R 7  buy $  3,741.65   sel     $18,850.00   [strat=vaccaro_warm_high_dominance]
      R 8  buy $ 11,536.61   sel     $18,800.00   [strat=vaccaro_warm_high_dominance]
      R 9  buy $  9,333.78   sel     $18,750.00   [strat=vaccaro_warm_high_dominance]
      R10  buy $ 11,425.19   sel     $18,500.00   [strat=vaccaro_warm_high_dominance]
      R11  buy $ 13,161.42   sel     $17,500.00   [strat=vaccaro_warm_high_dominance]
      R12  buy $  3,487.29   sel     $17,250.00   [strat=vaccaro_warm_high_dominance]
      R13  buy $ 12,905.33   sel     $16,500.00   [strat=vaccaro_warm_high_dominance]
      R14  buy $  9,399.31   sel     $16,250.00   [strat=vaccaro_warm_high_dominance]
      R15  buy $ 15,324.25   sel     $16,000.00   [strat=vaccaro_warm_high_dominance]
      R16  buy $ 10,236.11   sel     $15,750.00   [strat=vaccaro_warm_high_dominance]
   run 13 done in 5.9 min

   run 14/30 on 2019 Honda Accord Sport 1.5T  seed=20462433
      R 1  buy $ 11,987.56   sel     $24,995.00   [strat=vaccaro_warm_high_dominance] *
      R 2  buy $ 13,262.68   sel     $23,995.00   [strat=vaccaro_warm_high_dominance]
      R 3  buy $  5,356.39   sel     $23,500.00   [strat=vaccaro_warm_high_dominance]
      R 4  buy $  3,034.96   sel     $22,995.00   [strat=vaccaro_warm_high_dominance]
      R 5  buy $    553.42   sel     $22,495.00   [strat=vaccaro_warm_high_dominance]
      R 6  buy $ 20,073.16   sel     $21,995.00   [strat=vaccaro_warm_high_dominance]
      R 7  buy $ 19,637.54   sel     $21,500.00   [strat=vaccaro_warm_high_dominance]
      R 8  buy $ 15,932.16   sel     $20,995.00   [strat=vaccaro_warm_high_dominance]
      R 9  buy $    252.93   sel     $20,995.00   [strat=vaccaro_warm_high_dominance]
      R10  buy $  2,659.89   sel     $20,995.00   [strat=vaccaro_warm_high_dominance]
      R11  buy $  7,603.99   sel     $20,500.00   [strat=vaccaro_warm_high_dominance]
      R12  buy $  5,861.81   sel     $20,495.00   [strat=vaccaro_warm_high_dominance]
      R13  buy $ 15,543.04   sel     $20,000.00   [strat=vaccaro_warm_high_dominance]
      R14  buy $ 12,430.15   sel     $19,995.00   [strat=vaccaro_warm_high_dominance]
      R15  buy $  2,724.41   sel     $19,900.00   [strat=vaccaro_warm_high_dominance]
      R16  buy $  7,589.79   sel     $19,500.00   [strat=vaccaro_warm_high_dominance]
   run 14 done in 5.6 min

   run 15/30 on 2019 Honda Accord Sport 1.5T  seed=20462434
      R 1  buy $ 18,318.68   sel     $24,995.00   [strat=vaccaro_warm_high_dominance] *
      R 2  buy $ 24,686.56   sel     $24,895.00   [strat=vaccaro_warm_high_dominance]
      R 3  buy $ 14,281.05   sel     $24,795.00   [strat=vaccaro_warm_high_dominance]
      R 4  buy $  1,368.41   sel     $24,695.00   [strat=vaccaro_warm_high_dominance]
      R 5  buy $  4,055.14   sel     $24,595.00   [strat=vaccaro_warm_high_dominance]
      R 6  buy $  1,108.04   sel     $24,495.00   [strat=vaccaro_warm_high_dominance]
      R 7  buy $  6,229.79   sel     $24,395.00   [strat=vaccaro_warm_high_dominance]
      R 8  buy $  7,329.50   sel     $24,295.00   [strat=vaccaro_warm_high_dominance]
      R 9  buy $  7,174.74   sel     $24,195.00   [strat=vaccaro_warm_high_dominance]
      R10  buy $  8,318.28   sel     $24,095.00   [strat=vaccaro_warm_high_dominance]
      R11  buy $ 15,168.56   sel     $23,995.00   [strat=vaccaro_warm_high_dominance]
      R12  buy $  9,496.30   sel     $23,895.00   [strat=vaccaro_warm_high_dominance]
      R13  buy $  1,402.83   sel     $23,795.00   [strat=vaccaro_warm_high_dominance]
      R14  buy $ 21,195.25   sel     $23,595.00   [strat=vaccaro_warm_high_dominance]
      R15  buy $  9,057.30   sel     $23,395.00   [strat=vaccaro_warm_high_dominance]
      R16  buy $  4,028.89   sel     $23,195.00   [strat=vaccaro_warm_high_dominance]
   run 15 done in 4.9 min

   run 16/30 on 2019 Honda Accord Sport 1.5T  seed=20462435
      R 1  buy $ 27,182.49   sel     $27,995.00   [strat=vaccaro_warm_high_dominance] *
      R 2  buy $ 10,175.69   sel     $27,500.00   [strat=vaccaro_warm_high_dominance]
      R 3  buy $  3,133.14   sel     $27,000.00   [strat=vaccaro_warm_high_dominance]
      R 4  buy $ 10,004.36   sel     $26,500.00   [strat=vaccaro_warm_high_dominance]
      R 5  buy $ 25,190.38   sel     $26,000.00   [strat=vaccaro_warm_high_dominance]
      R 6  buy $  5,979.05   sel     $25,500.00   [strat=vaccaro_warm_high_dominance]
      R 7  buy $ 17,713.22   sel     $25,000.00   [strat=vaccaro_warm_high_dominance]
      R 8  buy $ 20,565.05   sel     $24,500.00   [strat=vaccaro_warm_high_dominance]
      R 9  buy $ 21,699.98   sel     $24,000.00   [strat=vaccaro_warm_high_dominance]
      R10  buy $ 15,853.00   sel     $23,500.00   [strat=vaccaro_warm_high_dominance]
      R11  buy $  4,719.76   sel     $23,000.00   [strat=vaccaro_warm_high_dominance]
      R12  buy $ 13,026.93   sel     $22,500.00   [strat=vaccaro_warm_high_dominance]
      R13  buy $ 15,953.30   sel     $22,000.00   [strat=vaccaro_warm_high_dominance]
      R14  buy $  3,959.10   sel     $21,500.00   [strat=vaccaro_warm_high_dominance]
      R15  buy $ 13,242.49   sel     $21,000.00   [strat=vaccaro_warm_high_dominance]
      R16  buy $  6,033.63   sel     $20,500.00   [strat=vaccaro_warm_high_dominance]
   run 16 done in 4.8 min

   run 17/30 on 2019 Honda Accord Sport 1.5T  seed=20462436
      R 1  buy $ 27,480.88   sel     $29,500.00   [strat=vaccaro_warm_high_dominance] *
      R 2  buy $    245.18   sel     $28,500.00   [strat=vaccaro_warm_high_dominance]
      R 3  buy $ 16,253.08   sel     $27,000.00   [strat=vaccaro_warm_high_dominance]
      R 4  buy $ 20,055.29   sel     $25,500.00   [strat=vaccaro_warm_high_dominance]
      R 5  buy $  5,145.51   sel     $24,000.00   [strat=vaccaro_warm_high_dominance]
      R 6  buy $  2,031.36   sel     $23,500.00   [strat=vaccaro_warm_high_dominance]
      R 7  buy $ 20,416.19   sel     $22,000.00   [strat=vaccaro_warm_high_dominance]
      R 8  buy $ 16,482.85   sel     $21,000.00   [strat=vaccaro_warm_high_dominance]
      R 9  buy $  4,414.83   sel     $20,500.00   [strat=vaccaro_warm_high_dominance]
      R10  buy $ 12,987.93   sel     $19,500.00   [strat=vaccaro_warm_high_dominance]
      R11  buy $ 13,065.57   sel     $18,500.00   [strat=vaccaro_warm_high_dominance]
      R12  buy $  3,009.54   sel     $18,000.00   [strat=vaccaro_warm_high_dominance]
      R13  buy $ 14,436.86   sel     $17,500.00   [strat=vaccaro_warm_high_dominance]
      R14  buy $  4,308.33   sel     $17,000.00   [strat=vaccaro_warm_high_dominance]
      R15  buy $ 14,429.13   sel     $16,500.00   [strat=vaccaro_warm_high_dominance]
      R16  buy $ 13,644.28   sel     $15,500.00   [strat=vaccaro_warm_high_dominance]
   run 17 done in 5.0 min

   run 18/30 on 2019 Honda Accord Sport 1.5T  seed=20462437
      R 1  buy $ 10,259.06   sel     $24,500.00   [strat=vaccaro_warm_high_dominance] *
      R 2  buy $ 21,837.57   sel     $23,800.00   [strat=vaccaro_warm_high_dominance]
      R 3  buy $ 13,456.49   sel     $23,000.00   [strat=vaccaro_warm_high_dominance]
      R 4  buy $  5,859.24   sel     $22,500.00   [strat=vaccaro_warm_high_dominance]
      R 5  buy $ 12,644.65   sel     $21,500.00   [strat=vaccaro_warm_high_dominance]
      R 6  buy $ 16,770.45   sel     $20,000.00   [strat=vaccaro_warm_high_dominance]
      R 7  buy $  8,227.74   sel     $19,500.00   [strat=vaccaro_warm_high_dominance]
      R 8  buy $ 14,534.28   sel     $18,500.00   [strat=vaccaro_warm_high_dominance]
      R 9  buy $  1,075.35   sel     $17,500.00   [strat=vaccaro_warm_high_dominance]
      R10  buy $ 16,323.07   sel     $17,000.00   [strat=vaccaro_warm_high_dominance]
      R11  buy $ 11,836.11   sel     $16,500.00   [strat=vaccaro_warm_high_dominance]
      R12  buy $ 12,435.10   sel     $16,000.00   [strat=vaccaro_warm_high_dominance]
      R13  buy $ 12,317.99   sel     $15,500.00   [strat=vaccaro_warm_high_dominance]
      R14  buy $    577.14   sel     $15,000.00   [strat=vaccaro_warm_high_dominance]
      R15  buy $ 12,212.81   sel     $14,500.00   [strat=vaccaro_warm_high_dominance]
      R16  buy $  4,456.69   sel     $14,250.00   [strat=vaccaro_warm_high_dominance]
   run 18 done in 4.8 min

   run 19/30 on 2019 Honda Accord Sport 1.5T  seed=20462438
      R 1  buy $ 16,250.85   sel     $24,000.00   [strat=vaccaro_warm_high_dominance] *
      R 2  buy $ 13,317.25   sel     $23,500.00   [strat=vaccaro_warm_high_dominance]
      R 3  buy $ 12,968.76   sel     $23,000.00   [strat=vaccaro_warm_high_dominance]
      R 4  buy $ 18,970.19   sel     $22,000.00   [strat=vaccaro_warm_high_dominance]
      R 5  buy $ 21,338.56   sel     $21,700.00   [strat=vaccaro_warm_high_dominance]
      R 6  buy $ 12,542.42   sel     $21,500.00   [strat=vaccaro_warm_high_dominance]
      R 7  buy $  2,293.76   sel     $23,000.00   [strat=vaccaro_warm_high_dominance]
      R 8  buy $ 15,751.70   sel     $22,500.00   [strat=vaccaro_warm_high_dominance]
      R 9  buy $ 21,244.27   sel     $21,500.00   [strat=vaccaro_warm_high_dominance]
      R10  buy $  3,968.23   sel     $22,000.00   [strat=vaccaro_warm_high_dominance]
      R11  buy $  5,351.34   sel     $21,800.00   [strat=vaccaro_warm_high_dominance]
      R12  buy $ 21,356.03   sel     $21,600.00   [strat=vaccaro_warm_high_dominance]
      R13  buy $  7,931.02   sel     $21,400.00   [strat=vaccaro_warm_high_dominance]
      R14  buy $  8,550.54   sel     $21,200.00   [strat=vaccaro_warm_high_dominance]
      R15  buy $  1,392.90   sel     $21,000.00   [strat=vaccaro_warm_high_dominance]
      R16  buy $  1,006.95   sel     $20,800.00   [strat=vaccaro_warm_high_dominance]
   run 19 done in 5.6 min

   run 20/30 on 2019 Honda Accord Sport 1.5T  seed=20462439
      R 1  buy $  1,744.06   sel     $26,500.00   [strat=vaccaro_warm_high_dominance] *
      R 2  buy $  7,467.78   sel     $25,500.00   [strat=vaccaro_warm_high_dominance]
      R 3  buy $  1,209.52   sel     $24,500.00   [strat=vaccaro_warm_high_dominance]
      R 4  buy $ 12,820.91   sel     $24,000.00   [strat=vaccaro_warm_high_dominance]
      R 5  buy $ 21,152.58   sel     $23,500.00   [strat=vaccaro_warm_high_dominance]
      R 6  buy $ 16,792.88   sel     $23,000.00   [strat=vaccaro_warm_high_dominance]
      R 7  buy $ 10,749.33   sel     $22,500.00   [strat=vaccaro_warm_high_dominance]
      R 8  buy $  7,849.45   sel     $22,000.00   [strat=vaccaro_warm_high_dominance]
      R 9  buy $ 11,635.68   sel     $21,500.00   [strat=vaccaro_warm_high_dominance]
      R10  buy $ 12,074.40   sel     $20,500.00   [strat=vaccaro_warm_high_dominance]
      R11  buy $  4,210.84   sel     $20,000.00   [strat=vaccaro_warm_high_dominance]
      R12  buy $  7,169.12   sel     $19,500.00   [strat=vaccaro_warm_high_dominance]
      R13  buy $ 12,252.71   sel     $19,000.00   [strat=vaccaro_warm_high_dominance]
      R14  buy $ 17,119.41   sel     $18,500.00   [strat=vaccaro_warm_high_dominance]
      R15  buy $ 13,061.01   sel     $17,500.00   [strat=vaccaro_warm_high_dominance]
      R16  buy $  1,467.59   sel     $17,000.00   [strat=vaccaro_warm_high_dominance]
   run 20 done in 5.9 min

   run 21/30 on 2019 Honda Accord Sport 1.5T  seed=20462440
      R 1  buy $  5,521.80   sel     $24,500.00   [strat=vaccaro_warm_high_dominance] *
      R 2  buy $ 17,475.44   sel     $23,000.00   [strat=vaccaro_warm_high_dominance]
      R 3  buy $  3,346.92   sel     $22,500.00   [strat=vaccaro_warm_high_dominance]
      R 4  buy $  3,719.77   sel     $22,000.00   [strat=vaccaro_warm_high_dominance]
      R 5  buy $ 16,525.31   sel     $21,500.00   [strat=vaccaro_warm_high_dominance]
      R 6  buy $ 19,925.59   sel     $20,999.00   [strat=vaccaro_warm_high_dominance]
      R 7  buy $ 20,270.78   sel     $20,850.00   [strat=vaccaro_warm_high_dominance]
      R 8  buy $ 12,924.35   sel     $20,500.00   [strat=vaccaro_warm_high_dominance]
      R 9  buy $    274.51   sel     $20,250.00   [strat=vaccaro_warm_high_dominance]
      R10  buy $ 10,077.52   sel     $20,000.00   [strat=vaccaro_warm_high_dominance]
      R11  buy $  5,116.37   sel     $19,999.00   [strat=vaccaro_warm_high_dominance]
      R12  buy $ 11,841.93   sel     $19,500.00   [strat=vaccaro_warm_high_dominance]
      R13  buy $  4,406.96   sel     $18,999.00   [strat=vaccaro_warm_high_dominance]
      R14  buy $  3,624.36   sel     $18,500.00   [strat=vaccaro_warm_high_dominance]
      R15  buy $ 17,010.08   sel     $18,000.00   [strat=vaccaro_warm_high_dominance]
      R16  buy $ 13,303.69   sel     $17,500.00   [strat=vaccaro_warm_high_dominance]
   run 21 done in 5.1 min

   run 22/30 on 2019 Honda Accord Sport 1.5T  seed=20462441
      R 1  buy $  4,926.76   sel     $25,995.00   [strat=vaccaro_warm_high_dominance] *
      R 2  buy $ 23,971.72   sel     $25,500.00   [strat=vaccaro_warm_high_dominance]
      R 3  buy $ 19,740.10   sel     $24,900.00   [strat=vaccaro_warm_high_dominance]
      R 4  buy $  4,884.95   sel     $24,900.00   [strat=vaccaro_warm_high_dominance]
      R 5  buy $     78.05   sel     $24,900.00   [strat=vaccaro_warm_high_dominance]
      R 6  buy $  6,893.38   sel     $24,900.00   [strat=vaccaro_warm_high_dominance]
      R 7  buy $ 14,151.91   sel     $23,500.00   [strat=vaccaro_warm_high_dominance]
      R 8  buy $ 21,731.17   sel     $22,900.00   [strat=vaccaro_warm_high_dominance]
      R 9  buy $ 18,411.67   sel     $22,500.00   [strat=vaccaro_warm_high_dominance]
      R10  buy $ 22,425.80   sel     $22,450.00   [strat=vaccaro_warm_high_dominance]
      R11  buy $  5,203.98   sel     $22,440.00   [strat=vaccaro_warm_high_dominance]
      R12  buy $  9,113.23   sel     $22,440.00   [strat=vaccaro_warm_high_dominance]
      R13  buy $  1,092.62   sel     $22,440.00   [strat=vaccaro_warm_high_dominance]
      R14  buy $ 13,085.11   sel     $22,000.00   [strat=vaccaro_warm_high_dominance]
      R15  buy $  5,692.38   sel     $21,500.00   [strat=vaccaro_warm_high_dominance]
      R16  buy $  6,437.00   sel     $21,500.00   [strat=vaccaro_warm_high_dominance]
   run 22 done in 5.4 min

   run 23/30 on 2019 Honda Accord Sport 1.5T  seed=20462442
      R 1  buy $ 21,496.85   sel     $26,500.00   [strat=vaccaro_warm_high_dominance] *
      R 2  buy $ 13,044.23   sel     $25,500.00   [strat=vaccaro_warm_high_dominance]
      R 3  buy $ 12,940.80   sel     $25,000.00   [strat=vaccaro_warm_high_dominance]
      R 4  buy $ 14,566.75   sel     $24,500.00   [strat=vaccaro_warm_high_dominance]
      R 5  buy $ 15,961.28   sel     $24,000.00   [strat=vaccaro_warm_high_dominance]
      R 6  buy $  4,187.02   sel     $23,500.00   [strat=vaccaro_warm_high_dominance]
      R 7  buy $ 17,842.88   sel     $22,000.00   [strat=vaccaro_warm_high_dominance]
      R 8  buy $ 16,245.94   sel     $21,500.00   [strat=vaccaro_warm_high_dominance]
      R 9  buy $ 11,673.78   sel     $21,000.00   [strat=vaccaro_warm_high_dominance]
      R10  buy $  9,224.60   sel     $20,500.00   [strat=vaccaro_warm_high_dominance]
      R11  buy $  3,073.69   sel     $20,000.00   [strat=vaccaro_warm_high_dominance]
      R12  buy $  3,406.25   sel     $19,500.00   [strat=vaccaro_warm_high_dominance]
      R13  buy $ 12,200.98   sel     $19,000.00   [strat=vaccaro_warm_high_dominance]
      R14  buy $  1,915.65   sel     $18,500.00   [strat=vaccaro_warm_high_dominance]
      R15  buy $ 14,403.31   sel     $18,000.00   [strat=vaccaro_warm_high_dominance]
      R16  buy $  2,564.26   sel     $17,500.00   [strat=vaccaro_warm_high_dominance]
   run 23 done in 4.8 min

   run 24/30 on 2019 Honda Accord Sport 1.5T  seed=20462443
      R 1  buy $ 25,777.97   sel     $27,599.00   [strat=vaccaro_warm_high_dominance] *
      R 2  buy $ 15,958.23   sel     $27,200.00   [strat=vaccaro_warm_high_dominance]
      R 3  buy $ 11,258.22   sel     $26,800.00   [strat=vaccaro_warm_high_dominance]
      R 4  buy $ 15,161.15   sel     $26,500.00   [strat=vaccaro_warm_high_dominance]
      R 5  buy $ 25,978.04   sel     $26,300.00   [strat=vaccaro_warm_high_dominance]
      R 6  buy $  8,678.27   sel     $26,200.00   [strat=vaccaro_warm_high_dominance]
      R 7  buy $ 25,665.71   sel     $26,200.00   [strat=vaccaro_warm_high_dominance]
      R 8  buy $ 11,149.06   sel     $26,200.00   [strat=vaccaro_warm_high_dominance]
      R 9  buy $ 22,376.13   sel     $25,800.00   [strat=vaccaro_warm_high_dominance]
      R10  buy $ 20,163.35   sel     $25,500.00   [strat=vaccaro_warm_high_dominance]
      R11  buy $  5,393.94   sel     $25,300.00   [strat=vaccaro_warm_high_dominance]
      R12  buy $ 14,533.04   sel     $25,000.00   [strat=vaccaro_warm_high_dominance]
      R13  buy $ 23,394.18   sel     $24,300.00   [strat=vaccaro_warm_high_dominance]
      R14  buy $ 17,615.81   sel     $24,000.00   [strat=vaccaro_warm_high_dominance]
      R15  buy $    188.56   sel     $23,900.00   [strat=vaccaro_warm_high_dominance]
      R16  buy $ 18,532.42   sel     $23,500.00   [strat=vaccaro_warm_high_dominance]
   run 24 done in 5.1 min

   run 25/30 on 2019 Honda Accord Sport 1.5T  seed=20462444
      R 1  buy $  7,850.94   sel     $25,999.99   [strat=vaccaro_warm_high_dominance] *
      R 2  buy $ 18,867.77   sel     $24,499.99   [strat=vaccaro_warm_high_dominance]
      R 3  buy $ 12,114.58   sel     $23,999.99   [strat=vaccaro_warm_high_dominance]
      R 4  buy $ 23,700.32   sel     $23,899.99   [strat=vaccaro_warm_high_dominance]
      R 5  buy $ 18,879.63   sel     $23,799.99   [strat=vaccaro_warm_high_dominance]
      R 6  buy $  4,100.07   sel     $23,799.99   [strat=vaccaro_warm_high_dominance]
      R 7  buy $ 11,526.61   sel     $23,699.99   [strat=vaccaro_warm_high_dominance]
      R 8  buy $  3,665.88   sel     $23,599.99   [strat=vaccaro_warm_high_dominance]
      R 9  buy $  7,210.24   sel     $23,599.99   [strat=vaccaro_warm_high_dominance]
      R10  buy $ 16,579.82   sel     $23,499.99   [strat=vaccaro_warm_high_dominance]
      R11  buy $ 16,846.02   sel     $22,999.99   [strat=vaccaro_warm_high_dominance]
      R12  buy $ 15,250.21   sel     $22,499.99   [strat=vaccaro_warm_high_dominance]
      R13  buy $  3,617.89   sel     $22,499.99   [strat=vaccaro_warm_high_dominance]
      R14  buy $  4,910.65   sel     $22,399.99   [strat=vaccaro_warm_high_dominance]
      R15  buy $ 12,555.92   sel     $21,999.99   [strat=vaccaro_warm_high_dominance]
      R16  buy $  5,447.35   sel     $21,499.99   [strat=vaccaro_warm_high_dominance]
   run 25 done in 5.2 min

   run 26/30 on 2019 Honda Accord Sport 1.5T  seed=20462445
      R 1  buy $ 17,458.12   sel     $24,500.00   [strat=vaccaro_warm_high_dominance] *
      R 2  buy $  8,730.66   sel     $23,500.00   [strat=vaccaro_warm_high_dominance]
      R 3  buy $ 20,004.87   sel     $22,500.00   [strat=vaccaro_warm_high_dominance]
      R 4  buy $  5,270.12   sel     $22,000.00   [strat=vaccaro_warm_high_dominance]
      R 5  buy $    284.30   sel     $21,500.00   [strat=vaccaro_warm_high_dominance]
      R 6  buy $ 14,814.17   sel     $19,500.00   [strat=vaccaro_warm_high_dominance]
      R 7  buy $ 15,279.60   sel     $18,500.00   [strat=vaccaro_warm_high_dominance]
      R 8  buy $  5,572.75   sel     $17,500.00   [strat=vaccaro_warm_high_dominance]
      R 9  buy $  2,242.74   sel     $16,500.00   [strat=vaccaro_warm_high_dominance]
      R10  buy $  8,623.30   sel     $16,000.00   [strat=vaccaro_warm_high_dominance]
      R11  buy $ 14,487.90   sel     $15,500.00   [strat=vaccaro_warm_high_dominance]
      R12  buy $ 10,191.01   sel     $15,000.00   [strat=vaccaro_warm_high_dominance]
      R13  buy $  4,380.95   sel     $14,500.00   [strat=vaccaro_warm_high_dominance]
      R14  buy $ 11,090.58   sel     $14,250.00   [strat=vaccaro_warm_high_dominance]
      R15  buy $ 12,347.65   sel     $14,100.00   [strat=vaccaro_warm_high_dominance]
      R16  buy $ 11,192.19   sel     $14,000.00   [strat=vaccaro_warm_high_dominance]
   run 26 done in 5.3 min

   run 27/30 on 2019 Honda Accord Sport 1.5T  seed=20462446
      R 1  buy $  5,638.87   sel     $23,995.00   [strat=vaccaro_warm_high_dominance] *
      R 2  buy $    294.47   sel     $22,995.00   [strat=vaccaro_warm_high_dominance]
      R 3  buy $    154.54   sel     $22,495.00   [strat=vaccaro_warm_high_dominance]
      R 4  buy $  3,678.23   sel     $21,995.00   [strat=vaccaro_warm_high_dominance]
      R 5  buy $ 14,426.10   sel     $21,495.00   [strat=vaccaro_warm_high_dominance]
      R 6  buy $    496.26   sel     $21,395.00   [strat=vaccaro_warm_high_dominance]
      R 7  buy $    548.65   sel     $20,995.00   [strat=vaccaro_warm_high_dominance]
      R 8  buy $  5,458.60   sel     $20,495.00   [strat=vaccaro_warm_high_dominance]
      R 9  buy $  8,004.05   sel     $19,995.00   [strat=vaccaro_warm_high_dominance]
      R10  buy $  7,352.43   sel     $19,495.00   [strat=vaccaro_warm_high_dominance]
      R11  buy $  2,451.13   sel     $18,995.00   [strat=vaccaro_warm_high_dominance]
      R12  buy $  2,460.81   sel     $18,895.00   [strat=vaccaro_warm_high_dominance]
      R13  buy $  9,369.49   sel     $18,895.00   [strat=vaccaro_warm_high_dominance]
      R14  buy $ 15,813.38   sel     $18,695.00   [strat=vaccaro_warm_high_dominance]
      R15  buy $ 10,828.28   sel     $18,295.00   [strat=vaccaro_warm_high_dominance]
      R16  buy $ 16,979.55   sel     $17,995.00   [strat=vaccaro_warm_high_dominance]
   run 27 done in 6.6 min

   run 28/30 on 2019 Honda Accord Sport 1.5T  seed=20462447
      R 1  buy $  6,389.52   sel     $24,995.00   [strat=vaccaro_warm_high_dominance] *
      R 2  buy $  6,779.85   sel     $23,495.00   [strat=vaccaro_warm_high_dominance]
      R 3  buy $  9,276.30   sel     $22,995.00   [strat=vaccaro_warm_high_dominance]
      R 4  buy $  1,742.05   sel     $22,500.00   [strat=vaccaro_warm_high_dominance]
      R 5  buy $ 10,895.56   sel     $21,995.00   [strat=vaccaro_warm_high_dominance]
      R 6  buy $ 12,445.29   sel     $21,500.00   [strat=vaccaro_warm_high_dominance]
      R 7  buy $  3,317.44   sel     $21,000.00   [strat=vaccaro_warm_high_dominance]
      R 8  buy $ 15,206.52   sel     $20,500.00   [strat=vaccaro_warm_high_dominance]
      R 9  buy $ 14,725.83   sel     $19,995.00   [strat=vaccaro_warm_high_dominance]
      R10  buy $  3,612.41   sel     $19,500.00   [strat=vaccaro_warm_high_dominance]
      R11  buy $  1,097.18   sel     $19,000.00   [strat=vaccaro_warm_high_dominance]
      R12  buy $ 18,592.60   sel     $18,800.00   [strat=vaccaro_warm_high_dominance]
      R13  buy $  2,054.43   sel     $18,500.00   [strat=vaccaro_warm_high_dominance]
      R14  buy $ 11,882.07   sel     $18,200.00   [strat=vaccaro_warm_high_dominance]
      R15  buy $  4,544.46   sel     $18,000.00   [strat=vaccaro_warm_high_dominance]
      R16  buy $  5,660.21   sel     $17,800.00   [strat=vaccaro_warm_high_dominance]
   run 28 done in 4.5 min

   run 29/30 on 2019 Honda Accord Sport 1.5T  seed=20462448
      R 1  buy $ 26,506.13   sel     $27,995.00   [strat=vaccaro_warm_high_dominance] *
      R 2  buy $ 21,831.68   sel     $27,500.00   [strat=vaccaro_warm_high_dominance]
      R 3  buy $ 22,879.12   sel     $27,000.00   [strat=vaccaro_warm_high_dominance]
      R 4  buy $  6,618.57   sel     $26,500.00   [strat=vaccaro_warm_high_dominance]
      R 5  buy $ 12,604.40   sel     $26,000.00   [strat=vaccaro_warm_high_dominance]
      R 6  buy $ 22,777.67   sel     $25,500.00   [strat=vaccaro_warm_high_dominance]
      R 7  buy $  8,315.03   sel     $25,000.00   [strat=vaccaro_warm_high_dominance]
      R 8  buy $ 21,227.04   sel     $24,000.00   [strat=vaccaro_warm_high_dominance]
      R 9  buy $  3,608.11   sel     $23,500.00   [strat=vaccaro_warm_high_dominance]
      R10  buy $ 21,314.03   sel     $23,000.00   [strat=vaccaro_warm_high_dominance]
      R11  buy $ 13,359.70   sel     $22,500.00   [strat=vaccaro_warm_high_dominance]
      R12  buy $ 21,912.02   sel     $22,250.00   [strat=vaccaro_warm_high_dominance]
      R13  buy $  6,571.88   sel     $22,000.00   [strat=vaccaro_warm_high_dominance]
      R14  buy $ 12,049.01   sel     $21,500.00   [strat=vaccaro_warm_high_dominance]
      R15  buy $ 17,125.86   sel     $21,000.00   [strat=vaccaro_warm_high_dominance]
      R16  buy $ 20,905.64   sel     $20,905.64   [strat=vaccaro_warm_high_dominance]
   run 29 done in 5.8 min

   run 30/30 on 2019 Honda Accord Sport 1.5T  seed=20462449
      R 1  buy $    215.72   sel     $24,500.00   [strat=vaccaro_warm_high_dominance] *
      R 2  buy $ 11,619.86   sel     $23,500.00   [strat=vaccaro_warm_high_dominance]
      R 3  buy $ 21,859.78   sel     $22,500.00   [strat=vaccaro_warm_high_dominance]
      R 4  buy $ 10,134.30   sel     $22,000.00   [strat=vaccaro_warm_high_dominance]
      R 5  buy $ 16,601.94   sel     $21,000.00   [strat=vaccaro_warm_high_dominance]
      R 6  buy $  6,777.55   sel     $20,500.00   [strat=vaccaro_warm_high_dominance]
      R 7  buy $ 19,764.74   sel     $20,000.00   [strat=vaccaro_warm_high_dominance]
      R 8  buy $  2,337.86   sel     $19,900.00   [strat=vaccaro_warm_high_dominance]
      R 9  buy $  5,427.55   sel     $19,500.00   [strat=vaccaro_warm_high_dominance]
      R10  buy $ 10,944.95   sel     $19,000.00   [strat=vaccaro_warm_high_dominance]
      R11  buy $ 14,223.47   sel     $18,500.00   [strat=vaccaro_warm_high_dominance]
      R12  buy $  8,140.12   sel     $18,000.00   [strat=vaccaro_warm_high_dominance]
      R13  buy $ 14,366.74   sel     $17,500.00   [strat=vaccaro_warm_high_dominance]
      R14  buy $  1,257.36   sel     $17,000.00   [strat=vaccaro_warm_high_dominance]
      R15  buy $  8,490.41   sel     $16,500.00   [strat=vaccaro_warm_high_dominance]
      R16  buy $ 13,041.36   sel     $16,000.00   [strat=vaccaro_warm_high_dominance]
   run 30 done in 5.2 min

   ---> checkpoint: car 3/5 done in 157.9 min; total so far 613.0 min; saved 90 runs to exp02_fixed_vaccaro_warm_high_dominance.json

--- CAR 4/5: 2022 Toyota RAV4 XLE AWD  (M=$32,000.00  cost=$20,800.00  cost/M=65.00%) ---

   run 1/30 on 2022 Toyota RAV4 XLE AWD  seed=20463420
      R 1  buy $ 17,164.80   sel     $30,995.00   [strat=vaccaro_warm_high_dominance] *
      R 2  buy $ 26,722.25   sel     $29,495.00   [strat=vaccaro_warm_high_dominance]
      R 3  buy $ 21,812.36   sel     $28,995.00   [strat=vaccaro_warm_high_dominance]
      R 4  buy $  4,798.28   sel     $28,495.00   [strat=vaccaro_warm_high_dominance]
      R 5  buy $  6,437.00   sel     $27,995.00   [strat=vaccaro_warm_high_dominance]
      R 6  buy $ 14,667.40   sel     $27,495.00   [strat=vaccaro_warm_high_dominance]
      R 7  buy $ 17,872.44   sel     $26,995.00   [strat=vaccaro_warm_high_dominance]
      R 8  buy $ 21,907.69   sel     $25,995.00   [strat=vaccaro_warm_high_dominance]
      R 9  buy $ 16,764.70   sel     $24,995.00   [strat=vaccaro_warm_high_dominance]
      R10  buy $ 10,020.88   sel     $23,995.00   [strat=vaccaro_warm_high_dominance]
      R11  buy $  1,786.79   sel     $23,495.00   [strat=vaccaro_warm_high_dominance]
      R12  buy $ 16,140.59   sel     $22,995.00   [strat=vaccaro_warm_high_dominance]
      R13  buy $ 20,229.20   sel     $21,995.00   [strat=vaccaro_warm_high_dominance]
      R14  buy $  9,906.80   sel     $21,495.00   [strat=vaccaro_warm_high_dominance]
      R15  buy $ 15,840.62   sel     $20,995.00   [strat=vaccaro_warm_high_dominance]
      R16  buy $  1,263.13   sel     $20,495.00   [strat=vaccaro_warm_high_dominance]
   run 1 done in 5.1 min

   run 2/30 on 2022 Toyota RAV4 XLE AWD  seed=20463421
      R 1  buy $ 24,168.13   sel     $30,499.00   [strat=vaccaro_warm_high_dominance] *
      R 2  buy $ 14,533.93   sel     $29,999.00   [strat=vaccaro_warm_high_dominance]
      R 3  buy $ 28,986.62   sel     $29,500.00   [strat=vaccaro_warm_high_dominance]
      R 4  buy $ 24,868.81   sel     $28,500.00   [strat=vaccaro_warm_high_dominance]
      R 5  buy $ 10,415.53   sel     $28,000.00   [strat=vaccaro_warm_high_dominance]
      R 6  buy $ 24,086.72   sel     $27,500.00   [strat=vaccaro_warm_high_dominance]
      R 7  buy $ 17,277.14   sel     $27,000.00   [strat=vaccaro_warm_high_dominance]
      R 8  buy $ 11,742.38   sel     $26,500.00   [strat=vaccaro_warm_high_dominance]
      R 9  buy $ 17,435.72   sel     $26,000.00   [strat=vaccaro_warm_high_dominance]
      R10  buy $  5,181.14   sel     $25,500.00   [strat=vaccaro_warm_high_dominance]
      R11  buy $ 17,572.72   sel     $25,000.00   [strat=vaccaro_warm_high_dominance]
      R12  buy $  9,969.27   sel     $24,500.00   [strat=vaccaro_warm_high_dominance]
      R13  buy $ 22,281.44   sel     $24,000.00   [strat=vaccaro_warm_high_dominance]
      R14  buy $  1,318.57   sel     $23,500.00   [strat=vaccaro_warm_high_dominance]
      R15  buy $ 13,837.75   sel     $23,000.00   [strat=vaccaro_warm_high_dominance]
      R16  buy $  3,651.42   sel     $22,500.00   [strat=vaccaro_warm_high_dominance]
   run 2 done in 4.9 min

   run 3/30 on 2022 Toyota RAV4 XLE AWD  seed=20463422
      R 1  buy $  8,548.79   sel     $34,999.00   [strat=vaccaro_warm_high_dominance] *
      R 2  buy $ 22,317.15   sel     $32,999.00   [strat=vaccaro_warm_high_dominance]
      R 3  buy $  2,235.22   sel     $32,999.00   [strat=vaccaro_warm_high_dominance]
      R 4  buy $  9,268.00   sel     $31,999.00   [strat=vaccaro_warm_high_dominance]
      R 5  buy $  6,481.19   sel     $30,999.00   [strat=vaccaro_warm_high_dominance]
      R 6  buy $ 11,849.06   sel     $30,499.00   [strat=vaccaro_warm_high_dominance]
      R 7  buy $ 24,528.02   sel     $29,999.00   [strat=vaccaro_warm_high_dominance]
      R 8  buy $ 26,158.60   sel     $28,999.00   [strat=vaccaro_warm_high_dominance]
      R 9  buy $ 28,606.83   sel     $28,800.00   [strat=vaccaro_warm_high_dominance]
      R10  buy $ 20,672.51   sel     $28,800.00   [strat=vaccaro_warm_high_dominance]
      R11  buy $ 19,757.55   sel     $28,000.00   [strat=vaccaro_warm_high_dominance]
      R12  buy $    664.71   sel     $27,500.00   [strat=vaccaro_warm_high_dominance]
      R13  buy $ 22,767.49   sel     $27,400.00   [strat=vaccaro_warm_high_dominance]
      R14  buy $ 26,470.30   sel     $27,200.00   [strat=vaccaro_warm_high_dominance]
      R15  buy $ 20,439.44   sel     $26,900.00   [strat=vaccaro_warm_high_dominance]
      R16  buy $ 16,852.69   sel     $26,800.00   [strat=vaccaro_warm_high_dominance]
   run 3 done in 5.7 min

   run 4/30 on 2022 Toyota RAV4 XLE AWD  seed=20463423
      R 1  buy $    390.67   sel     $31,500.00   [strat=vaccaro_warm_high_dominance] *
      R 2  buy $ 11,493.66   sel     $30,500.00   [strat=vaccaro_warm_high_dominance]
      R 3  buy $ 28,832.31   sel     $30,000.00   [strat=vaccaro_warm_high_dominance]
      R 4  buy $  9,357.24   sel     $30,000.00   [strat=vaccaro_warm_high_dominance]
      R 5  buy $ 21,296.48   sel     $29,500.00   [strat=vaccaro_warm_high_dominance]
      R 6  buy $ 21,057.13   sel     $29,000.00   [strat=vaccaro_warm_high_dominance]
      R 7  buy $  1,714.01   sel     $28,500.00   [strat=vaccaro_warm_high_dominance]
      R 8  buy $ 16,061.86   sel     $28,000.00   [strat=vaccaro_warm_high_dominance]
      R 9  buy $  9,120.62   sel     $27,500.00   [strat=vaccaro_warm_high_dominance]
      R10  buy $  8,474.79   sel     $27,000.00   [strat=vaccaro_warm_high_dominance]
      R11  buy $  5,802.89   sel     $26,500.00   [strat=vaccaro_warm_high_dominance]
      R12  buy $ 22,121.76   sel     $25,500.00   [strat=vaccaro_warm_high_dominance]
      R13  buy $  3,235.74   sel     $25,000.00   [strat=vaccaro_warm_high_dominance]
      R14  buy $ 18,265.46   sel     $24,500.00   [strat=vaccaro_warm_high_dominance]
      R15  buy $ 23,022.87   sel     $24,000.00   [strat=vaccaro_warm_high_dominance]
      R16  buy $  5,230.54   sel     $23,500.00   [strat=vaccaro_warm_high_dominance]
   run 4 done in 5.2 min

   run 5/30 on 2022 Toyota RAV4 XLE AWD  seed=20463424
      R 1  buy $  8,111.79   sel     $28,995.00   [strat=vaccaro_warm_high_dominance] *
      R 2  buy $  9,149.71   sel     $28,500.00   [strat=vaccaro_warm_high_dominance]
      R 3  buy $ 14,839.37   sel     $28,000.00   [strat=vaccaro_warm_high_dominance]
      R 4  buy $ 10,465.28   sel     $27,500.00   [strat=vaccaro_warm_high_dominance]
      R 5  buy $ 10,921.67   sel     $27,000.00   [strat=vaccaro_warm_high_dominance]
      R 6  buy $ 23,926.25   sel     $26,500.00   [strat=vaccaro_warm_high_dominance]
      R 7  buy $ 24,487.21   sel     $25,500.00   [strat=vaccaro_warm_high_dominance]
      R 8  buy $  2,226.21   sel     $25,000.00   [strat=vaccaro_warm_high_dominance]
      R 9  buy $ 21,373.73   sel     $24,500.00   [strat=vaccaro_warm_high_dominance]
      R10  buy $  8,551.70   sel     $24,000.00   [strat=vaccaro_warm_high_dominance]
      R11  buy $ 10,446.24   sel     $23,500.00   [strat=vaccaro_warm_high_dominance]
      R12  buy $  8,631.30   sel     $23,000.00   [strat=vaccaro_warm_high_dominance]
      R13  buy $    826.78   sel     $22,500.00   [strat=vaccaro_warm_high_dominance]
      R14  buy $ 21,051.45   sel     $22,000.00   [strat=vaccaro_warm_high_dominance]
      R15  buy $  8,188.75   sel     $21,500.00   [strat=vaccaro_warm_high_dominance]
      R16  buy $ 17,386.79   sel     $21,000.00   [strat=vaccaro_warm_high_dominance]
   run 5 done in 4.7 min

   run 6/30 on 2022 Toyota RAV4 XLE AWD  seed=20463425
      R 1  buy $  6,982.09   sel     $31,500.00   [strat=vaccaro_warm_high_dominance] *
      R 2  buy $    984.24   sel     $30,000.00   [strat=vaccaro_warm_high_dominance]
      R 3  buy $ 23,912.69   sel     $27,500.00   [strat=vaccaro_warm_high_dominance]
      R 4  buy $ 15,222.12   sel     $26,000.00   [strat=vaccaro_warm_high_dominance]
      R 5  buy $ 22,302.15   sel     $25,000.00   [strat=vaccaro_warm_high_dominance]
      R 6  buy $    302.22   sel     $24,500.00   [strat=vaccaro_warm_high_dominance]
      R 7  buy $ 11,145.36   sel     $24,000.00   [strat=vaccaro_warm_high_dominance]
      R 8  buy $  7,646.55   sel     $23,500.00   [strat=vaccaro_warm_high_dominance]
      R 9  buy $  1,462.64   sel     $23,000.00   [strat=vaccaro_warm_high_dominance]
      R10  buy $ 18,899.43   sel     $22,500.00   [strat=vaccaro_warm_high_dominance]
      R11  buy $ 15,988.83   sel     $22,000.00   [strat=vaccaro_warm_high_dominance]
      R12  buy $  9,582.90   sel     $21,500.00   [strat=vaccaro_warm_high_dominance]
      R13  buy $ 14,505.90   sel     $21,000.00   [strat=vaccaro_warm_high_dominance]
      R14  buy $ 20,944.11   sel     $20,975.00   [strat=vaccaro_warm_high_dominance]
      R15  buy $  8,733.87   sel     $20,900.00   [strat=vaccaro_warm_high_dominance]
      R16  buy $  2,416.84   sel     $20,850.00   [strat=vaccaro_warm_high_dominance]
   run 6 done in 5.3 min

   run 7/30 on 2022 Toyota RAV4 XLE AWD  seed=20463426
      R 1  buy $ 19,225.49   sel     $29,995.00   [strat=vaccaro_warm_high_dominance] *
      R 2  buy $  2,535.03   sel     $28,500.00   [strat=vaccaro_warm_high_dominance]
      R 3  buy $  4,819.06   sel     $27,995.00   [strat=vaccaro_warm_high_dominance]
      R 4  buy $  5,875.53   sel     $27,500.00   [strat=vaccaro_warm_high_dominance]
      R 5  buy $ 20,163.11   sel     $26,500.00   [strat=vaccaro_warm_high_dominance]
      R 6  buy $  1,818.86   sel     $25,995.00   [strat=vaccaro_warm_high_dominance]
      R 7  buy $  4,204.73   sel     $25,500.00   [strat=vaccaro_warm_high_dominance]
      R 8  buy $ 16,406.63   sel     $25,000.00   [strat=vaccaro_warm_high_dominance]
      R 9  buy $ 13,462.84   sel     $24,500.00   [strat=vaccaro_warm_high_dominance]
      R10  buy $  4,575.46   sel     $24,000.00   [strat=vaccaro_warm_high_dominance]
      R11  buy $  5,663.06   sel     $23,500.00   [strat=vaccaro_warm_high_dominance]
      R12  buy $ 15,353.63   sel     $22,500.00   [strat=vaccaro_warm_high_dominance]
      R13  buy $  1,151.66   sel     $22,000.00   [strat=vaccaro_warm_high_dominance]
      R14  buy $ 19,599.26   sel     $21,500.00   [strat=vaccaro_warm_high_dominance]
      R15  buy $    931.19   sel     $21,000.00   [strat=vaccaro_warm_high_dominance]
      R16  buy $  6,637.60   sel     $20,900.00   [strat=vaccaro_warm_high_dominance]
   run 7 done in 5.4 min

   run 8/30 on 2022 Toyota RAV4 XLE AWD  seed=20463427
      R 1  buy $ 30,970.40   sel     $31,500.00   [strat=vaccaro_warm_high_dominance] *
      R 2  buy $ 23,786.10   sel     $31,000.00   [strat=vaccaro_warm_high_dominance]
      R 3  buy $ 21,310.59   sel     $30,500.00   [strat=vaccaro_warm_high_dominance]
      R 4  buy $  1,839.44   sel     $30,500.00   [strat=vaccaro_warm_high_dominance]
      R 5  buy $ 18,424.17   sel     $30,000.00   [strat=vaccaro_warm_high_dominance]
      R 6  buy $ 25,053.70   sel     $29,500.00   [strat=vaccaro_warm_high_dominance]
      R 7  buy $ 26,827.10   sel     $28,500.00   [strat=vaccaro_warm_high_dominance]
      R 8  buy $  8,037.63   sel     $27,500.00   [strat=vaccaro_warm_high_dominance]
      R 9  buy $  3,113.79   sel     $27,000.00   [strat=vaccaro_warm_high_dominance]
      R10  buy $ 26,058.34   sel     $26,750.00   [strat=vaccaro_warm_high_dominance]
      R11  buy $  1,614.55   sel     $26,500.00   [strat=vaccaro_warm_high_dominance]
      R12  buy $  4,311.15   sel     $26,250.00   [strat=vaccaro_warm_high_dominance]
      R13  buy $  5,623.26   sel     $26,000.00   [strat=vaccaro_warm_high_dominance]
      R14  buy $ 16,609.90   sel     $25,000.00   [strat=vaccaro_warm_high_dominance]
      R15  buy $ 20,084.47   sel     $24,500.00   [strat=vaccaro_warm_high_dominance]
      R16  buy $ 20,247.83   sel     $23,500.00   [strat=vaccaro_warm_high_dominance]
   run 8 done in 4.9 min

   run 9/30 on 2022 Toyota RAV4 XLE AWD  seed=20463428
      R 1  buy $ 28,554.56   sel     $34,500.00   [strat=vaccaro_warm_high_dominance] *
      R 2  buy $ 15,426.99   sel     $33,000.00   [strat=vaccaro_warm_high_dominance]
      R 3  buy $ 22,763.45   sel     $31,500.00   [strat=vaccaro_warm_high_dominance]
      R 4  buy $ 10,744.98   sel     $30,000.00   [strat=vaccaro_warm_high_dominance]
      R 5  buy $ 16,328.36   sel     $29,000.00   [strat=vaccaro_warm_high_dominance]
      R 6  buy $  7,436.53   sel     $28,500.00   [strat=vaccaro_warm_high_dominance]
      R 7  buy $ 21,128.88   sel     $27,500.00   [strat=vaccaro_warm_high_dominance]
      R 8  buy $ 18,481.33   sel     $26,000.00   [strat=vaccaro_warm_high_dominance]
      R 9  buy $ 25,625.43   sel     $25,900.00   [strat=vaccaro_warm_high_dominance]
      R10  buy $ 20,002.10   sel     $25,500.00   [strat=vaccaro_warm_high_dominance]
      R11  buy $  6,123.05   sel     $25,000.00   [strat=vaccaro_warm_high_dominance]
      R12  buy $ 19,523.74   sel     $24,500.00   [strat=vaccaro_warm_high_dominance]
      R13  buy $ 21,098.33   sel     $23,500.00   [strat=vaccaro_warm_high_dominance]
      R14  buy $  4,757.00   sel     $22,500.00   [strat=vaccaro_warm_high_dominance]
      R15  buy $ 17,814.33   sel     $21,500.00   [strat=vaccaro_warm_high_dominance]
      R16  buy $  6,969.36   sel     $20,500.00   [strat=vaccaro_warm_high_dominance]
   run 9 done in 5.3 min

   run 10/30 on 2022 Toyota RAV4 XLE AWD  seed=20463429
      R 1  buy $ 20,255.70   sel     $31,500.00   [strat=vaccaro_warm_high_dominance] *
      R 2  buy $  8,243.38   sel     $30,500.00   [strat=vaccaro_warm_high_dominance]
      R 3  buy $ 14,508.41   sel     $29,500.00   [strat=vaccaro_warm_high_dominance]
      R 4  buy $ 26,742.83   sel     $28,500.00   [strat=vaccaro_warm_high_dominance]
      R 5  buy $ 20,416.46   sel     $27,900.00   [strat=vaccaro_warm_high_dominance]
      R 6  buy $ 20,794.33   sel     $27,500.00   [strat=vaccaro_warm_high_dominance]
      R 7  buy $ 12,684.15   sel     $27,000.00   [strat=vaccaro_warm_high_dominance]
      R 8  buy $ 18,786.84   sel     $26,500.00   [strat=vaccaro_warm_high_dominance]
      R 9  buy $ 13,712.26   sel     $26,000.00   [strat=vaccaro_warm_high_dominance]
      R10  buy $ 12,987.51   sel     $25,500.00   [strat=vaccaro_warm_high_dominance]
      R11  buy $ 10,131.36   sel     $25,000.00   [strat=vaccaro_warm_high_dominance]
      R12  buy $    556.79   sel     $24,500.00   [strat=vaccaro_warm_high_dominance]
      R13  buy $    850.76   sel     $24,000.00   [strat=vaccaro_warm_high_dominance]
      R14  buy $  2,985.56   sel     $23,500.00   [strat=vaccaro_warm_high_dominance]
      R15  buy $  6,377.38   sel     $23,000.00   [strat=vaccaro_warm_high_dominance]
      R16  buy $ 13,938.60   sel     $22,500.00   [strat=vaccaro_warm_high_dominance]
   run 10 done in 5.7 min

   run 11/30 on 2022 Toyota RAV4 XLE AWD  seed=20463430
      R 1  buy $ 12,111.33   sel     $29,995.00   [strat=vaccaro_warm_high_dominance] *
      R 2  buy $ 13,792.48   sel     $29,495.00   [strat=vaccaro_warm_high_dominance]
      R 3  buy $  5,057.09   sel     $29,295.00   [strat=vaccaro_warm_high_dominance]
      R 4  buy $ 13,084.30   sel     $29,095.00   [strat=vaccaro_warm_high_dominance]
      R 5  buy $ 16,461.98   sel     $28,895.00   [strat=vaccaro_warm_high_dominance]
      R 6  buy $ 11,158.84   sel     $28,695.00   [strat=vaccaro_warm_high_dominance]
      R 7  buy $ 25,223.96   sel     $28,495.00   [strat=vaccaro_warm_high_dominance]
      R 8  buy $  2,664.27   sel     $28,295.00   [strat=vaccaro_warm_high_dominance]
      R 9  buy $ 25,248.18   sel     $28,095.00   [strat=vaccaro_warm_high_dominance]
      R10  buy $  4,686.30   sel     $27,895.00   [strat=vaccaro_warm_high_dominance]
      R11  buy $ 15,616.25   sel     $27,695.00   [strat=vaccaro_warm_high_dominance]
      R12  buy $ 17,381.65   sel     $27,495.00   [strat=vaccaro_warm_high_dominance]
      R13  buy $ 17,269.39   sel     $27,295.00   [strat=vaccaro_warm_high_dominance]
      R14  buy $ 13,561.68   sel     $27,095.00   [strat=vaccaro_warm_high_dominance]
      R15  buy $ 11,386.57   sel     $26,895.00   [strat=vaccaro_warm_high_dominance]
      R16  buy $ 25,637.64   sel     $26,695.00   [strat=vaccaro_warm_high_dominance]
   run 11 done in 4.8 min

   run 12/30 on 2022 Toyota RAV4 XLE AWD  seed=20463431
      R 1  buy $ 20,242.66   sel     $29,500.00   [strat=vaccaro_warm_high_dominance] *
      R 2  buy $  6,480.77   sel     $28,900.00   [strat=vaccaro_warm_high_dominance]
      R 3  buy $  9,047.67   sel     $28,500.00   [strat=vaccaro_warm_high_dominance]
      R 4  buy $  4,830.14   sel     $28,300.00   [strat=vaccaro_warm_high_dominance]
      R 5  buy $ 26,883.50   sel     $27,900.00   [strat=vaccaro_warm_high_dominance]
      R 6  buy $ 20,190.60   sel     $27,500.00   [strat=vaccaro_warm_high_dominance]
      R 7  buy $ 16,224.67   sel     $27,300.00   [strat=vaccaro_warm_high_dominance]
      R 8  buy $  7,918.08   sel     $27,100.00   [strat=vaccaro_warm_high_dominance]
      R 9  buy $ 21,014.12   sel     $27,000.00   [strat=vaccaro_warm_high_dominance]
      R10  buy $ 20,919.52   sel     $26,500.00   [strat=vaccaro_warm_high_dominance]
      R11  buy $ 12,370.28   sel     $26,300.00   [strat=vaccaro_warm_high_dominance]
      R12  buy $ 25,070.51   sel     $25,900.00   [strat=vaccaro_warm_high_dominance]
      R13  buy $    392.78   sel     $25,500.00   [strat=vaccaro_warm_high_dominance]
      R14  buy $  1,587.71   sel     $25,300.00   [strat=vaccaro_warm_high_dominance]
      R15  buy $    718.08   sel     $25,200.00   [strat=vaccaro_warm_high_dominance]
      R16  buy $  2,680.40   sel     $25,100.00   [strat=vaccaro_warm_high_dominance]
   run 12 done in 6.1 min

   run 13/30 on 2022 Toyota RAV4 XLE AWD  seed=20463432
      R 1  buy $ 24,878.08   sel     $30,995.00   [strat=vaccaro_warm_high_dominance] *
      R 2  buy $ 14,638.59   sel     $30,500.00   [strat=vaccaro_warm_high_dominance]
      R 3  buy $ 12,608.79   sel     $30,000.00   [strat=vaccaro_warm_high_dominance]
      R 4  buy $  7,281.01   sel     $29,500.00   [strat=vaccaro_warm_high_dominance]
      R 5  buy $ 27,593.49   sel     $28,800.00   [strat=vaccaro_warm_high_dominance]
      R 6  buy $    802.60   sel     $28,500.00   [strat=vaccaro_warm_high_dominance]
      R 7  buy $ 18,304.01   sel     $28,000.00   [strat=vaccaro_warm_high_dominance]
      R 8  buy $ 18,995.00   sel     $27,500.00   [strat=vaccaro_warm_high_dominance]
      R 9  buy $ 25,136.74   sel     $26,500.00   [strat=vaccaro_warm_high_dominance]
      R10  buy $  3,108.40   sel     $26,000.00   [strat=vaccaro_warm_high_dominance]
      R11  buy $  6,125.24   sel     $25,500.00   [strat=vaccaro_warm_high_dominance]
      R12  buy $ 19,971.81   sel     $25,000.00   [strat=vaccaro_warm_high_dominance]
      R13  buy $ 11,073.63   sel     $24,800.00   [strat=vaccaro_warm_high_dominance]
      R14  buy $ 19,974.77   sel     $24,500.00   [strat=vaccaro_warm_high_dominance]
      R15  buy $ 23,942.17   sel     $24,300.00   [strat=vaccaro_warm_high_dominance]
      R16  buy $  9,990.52   sel     $24,000.00   [strat=vaccaro_warm_high_dominance]
   run 13 done in 5.9 min

   run 14/30 on 2022 Toyota RAV4 XLE AWD  seed=20463433
      R 1  buy $ 21,729.22   sel     $30,995.00   [strat=vaccaro_warm_high_dominance] *
      R 2  buy $ 15,706.61   sel     $29,500.00   [strat=vaccaro_warm_high_dominance]
      R 3  buy $    402.79   sel     $28,995.00   [strat=vaccaro_warm_high_dominance]
      R 4  buy $  7,761.60   sel     $28,500.00   [strat=vaccaro_warm_high_dominance]
      R 5  buy $  3,965.27   sel     $28,450.00   [strat=vaccaro_warm_high_dominance]
      R 6  buy $  9,536.66   sel     $28,400.00   [strat=vaccaro_warm_high_dominance]
      R 7  buy $  2,831.83   sel     $28,300.00   [strat=vaccaro_warm_high_dominance]
      R 8  buy $ 10,466.15   sel     $28,200.00   [strat=vaccaro_warm_high_dominance]
      R 9  buy $  8,934.19   sel     $28,000.00   [strat=vaccaro_warm_high_dominance]
      R10  buy $ 19,427.92   sel     $27,500.00   [strat=vaccaro_warm_high_dominance]
      R11  buy $ 23,417.99   sel     $26,500.00   [strat=vaccaro_warm_high_dominance]
      R12  buy $ 18,335.37   sel     $25,500.00   [strat=vaccaro_warm_high_dominance]
      R13  buy $ 23,581.50   sel     $25,000.00   [strat=vaccaro_warm_high_dominance]
      R14  buy $ 10,531.86   sel     $24,500.00   [strat=vaccaro_warm_high_dominance]
      R15  buy $ 15,520.74   sel     $24,000.00   [strat=vaccaro_warm_high_dominance]
      R16  buy $ 15,540.54   sel     $23,500.00   [strat=vaccaro_warm_high_dominance]
   run 14 done in 6.0 min

   run 15/30 on 2022 Toyota RAV4 XLE AWD  seed=20463434
      R 1  buy $ 14,931.25   sel     $29,995.00   [strat=vaccaro_warm_high_dominance] *
      R 2  buy $ 27,791.91   sel     $29,495.00   [strat=vaccaro_warm_high_dominance]
      R 3  buy $ 20,080.89   sel     $28,995.00   [strat=vaccaro_warm_high_dominance]
      R 4  buy $  8,666.23   sel     $28,500.00   [strat=vaccaro_warm_high_dominance]
      R 5  buy $  9,288.78   sel     $27,995.00   [strat=vaccaro_warm_high_dominance]
      R 6  buy $ 13,829.94   sel     $27,500.00   [strat=vaccaro_warm_high_dominance]
      R 7  buy $ 25,506.41   sel     $26,995.00   [strat=vaccaro_warm_high_dominance]
      R 8  buy $ 16,754.98   sel     $26,500.00   [strat=vaccaro_warm_high_dominance]
      R 9  buy $ 11,674.79   sel     $25,995.00   [strat=vaccaro_warm_high_dominance]
      R10  buy $ 21,750.93   sel     $25,495.00   [strat=vaccaro_warm_high_dominance]
      R11  buy $ 12,669.17   sel     $24,995.00   [strat=vaccaro_warm_high_dominance]
      R12  buy $ 15,341.68   sel     $24,500.00   [strat=vaccaro_warm_high_dominance]
      R13  buy $ 13,382.77   sel     $24,000.00   [strat=vaccaro_warm_high_dominance]
      R14  buy $ 22,874.33   sel     $23,995.00   [strat=vaccaro_warm_high_dominance]
      R15  buy $ 16,813.41   sel     $23,500.00   [strat=vaccaro_warm_high_dominance]
      R16  buy $  7,849.01   sel     $23,000.00   [strat=vaccaro_warm_high_dominance]
   run 15 done in 5.9 min

   run 16/30 on 2022 Toyota RAV4 XLE AWD  seed=20463435
      R 1  buy $ 25,794.12   sel     $31,599.00   [strat=vaccaro_warm_high_dominance] *
      R 2  buy $ 23,198.96   sel     $30,999.00   [strat=vaccaro_warm_high_dominance]
      R 3  buy $  2,150.42   sel     $30,499.00   [strat=vaccaro_warm_high_dominance]
      R 4  buy $ 22,577.57   sel     $29,999.00   [strat=vaccaro_warm_high_dominance]
      R 5  buy $  7,897.39   sel     $29,499.00   [strat=vaccaro_warm_high_dominance]
      R 6  buy $  7,101.56   sel     $28,999.00   [strat=vaccaro_warm_high_dominance]
      R 7  buy $ 10,504.28   sel     $28,499.00   [strat=vaccaro_warm_high_dominance]
      R 8  buy $ 28,006.61   sel     $28,199.00   [strat=vaccaro_warm_high_dominance]
      R 9  buy $ 26,146.26   sel     $27,799.00   [strat=vaccaro_warm_high_dominance]
      R10  buy $ 25,910.80   sel     $27,499.00   [strat=vaccaro_warm_high_dominance]
      R11  buy $  5,066.95   sel     $27,199.00   [strat=vaccaro_warm_high_dominance]
      R12  buy $ 17,712.61   sel     $26,499.00   [strat=vaccaro_warm_high_dominance]
      R13  buy $ 19,844.64   sel     $25,999.00   [strat=vaccaro_warm_high_dominance]
      R14  buy $ 19,166.92   sel     $25,499.00   [strat=vaccaro_warm_high_dominance]
      R15  buy $ 22,619.10   sel     $24,999.00   [strat=vaccaro_warm_high_dominance]
      R16  buy $  9,489.88   sel     $24,499.00   [strat=vaccaro_warm_high_dominance]
   run 16 done in 5.2 min

   run 17/30 on 2022 Toyota RAV4 XLE AWD  seed=20463436
      R 1  buy $  1,203.55   sel     $31,500.00   [strat=vaccaro_warm_high_dominance] *
      R 2  buy $ 24,351.22   sel     $30,500.00   [strat=vaccaro_warm_high_dominance]
      R 3  buy $ 27,519.07   sel     $29,500.00   [strat=vaccaro_warm_high_dominance]
      R 4  buy $ 29,395.79   sel     $29,500.00   [strat=vaccaro_warm_high_dominance]
      R 5  buy $ 22,840.68   sel     $29,000.00   [strat=vaccaro_warm_high_dominance]
      R 6  buy $ 26,328.28   sel     $28,500.00   [strat=vaccaro_warm_high_dominance]
      R 7  buy $ 23,693.56   sel     $28,000.00   [strat=vaccaro_warm_high_dominance]
      R 8  buy $ 24,195.29   sel     $27,500.00   [strat=vaccaro_warm_high_dominance]
      R 9  buy $ 10,369.09   sel     $27,500.00   [strat=vaccaro_warm_high_dominance]
      R10  buy $ 24,969.83   sel     $27,000.00   [strat=vaccaro_warm_high_dominance]
      R11  buy $ 17,431.14   sel     $26,500.00   [strat=vaccaro_warm_high_dominance]
      R12  buy $ 12,055.33   sel     $26,000.00   [strat=vaccaro_warm_high_dominance]
      R13  buy $ 17,604.26   sel     $25,500.00   [strat=vaccaro_warm_high_dominance]
      R14  buy $ 21,492.46   sel     $25,000.00   [strat=vaccaro_warm_high_dominance]
      R15  buy $ 19,012.78   sel     $24,500.00   [strat=vaccaro_warm_high_dominance]
      R16  buy $  8,465.32   sel     $24,000.00   [strat=vaccaro_warm_high_dominance]
   run 17 done in 5.3 min

   run 18/30 on 2022 Toyota RAV4 XLE AWD  seed=20463437
      R 1  buy $  5,711.15   sel     $31,500.00   [strat=vaccaro_warm_high_dominance] *
      R 2  buy $ 21,006.33   sel     $29,500.00   [strat=vaccaro_warm_high_dominance]
      R 3  buy $ 28,948.67   sel     $29,000.00   [strat=vaccaro_warm_high_dominance]
      R 4  buy $ 24,924.90   sel     $28,500.00   [strat=vaccaro_warm_high_dominance]
      R 5  buy $ 11,114.63   sel     $28,000.00   [strat=vaccaro_warm_high_dominance]
      R 6  buy $ 11,219.78   sel     $27,500.00   [strat=vaccaro_warm_high_dominance]
      R 7  buy $ 23,104.69   sel     $27,000.00   [strat=vaccaro_warm_high_dominance]
      R 8  buy $  1,221.64   sel     $26,500.00   [strat=vaccaro_warm_high_dominance]
      R 9  buy $ 18,648.55   sel     $26,000.00   [strat=vaccaro_warm_high_dominance]
      R10  buy $ 24,452.13   sel     $25,500.00   [strat=vaccaro_warm_high_dominance]
      R11  buy $ 25,074.65   sel     $25,300.00   [strat=vaccaro_warm_high_dominance]
      R12  buy $ 17,186.95   sel     $25,000.00   [strat=vaccaro_warm_high_dominance]
      R13  buy $ 12,356.64   sel     $24,000.00   [strat=vaccaro_warm_high_dominance]
      R14  buy $  6,234.59   sel     $23,500.00   [strat=vaccaro_warm_high_dominance]
      R15  buy $ 14,736.40   sel     $23,000.00   [strat=vaccaro_warm_high_dominance]
      R16  buy $  6,172.36   sel     $22,500.00   [strat=vaccaro_warm_high_dominance]
   run 18 done in 6.4 min

   run 19/30 on 2022 Toyota RAV4 XLE AWD  seed=20463438
      R 1  buy $ 27,363.27   sel     $31,500.00   [strat=vaccaro_warm_high_dominance] *
      R 2  buy $  6,036.17   sel     $31,000.00   [strat=vaccaro_warm_high_dominance]
      R 3  buy $  3,041.49   sel     $30,500.00   [strat=vaccaro_warm_high_dominance]
      R 4  buy $  6,718.44   sel     $30,000.00   [strat=vaccaro_warm_high_dominance]
      R 5  buy $  8,851.09   sel     $29,500.00   [strat=vaccaro_warm_high_dominance]
      R 6  buy $ 21,818.63   sel     $28,500.00   [strat=vaccaro_warm_high_dominance]
      R 7  buy $  2,088.83   sel     $28,000.00   [strat=vaccaro_warm_high_dominance]
      R 8  buy $ 17,669.96   sel     $27,500.00   [strat=vaccaro_warm_high_dominance]
      R 9  buy $ 15,910.85   sel     $27,000.00   [strat=vaccaro_warm_high_dominance]
      R10  buy $  7,566.67   sel     $26,500.00   [strat=vaccaro_warm_high_dominance]
      R11  buy $ 20,189.14   sel     $25,500.00   [strat=vaccaro_warm_high_dominance]
      R12  buy $  4,829.68   sel     $25,000.00   [strat=vaccaro_warm_high_dominance]
      R13  buy $ 18,759.39   sel     $24,500.00   [strat=vaccaro_warm_high_dominance]
      R14  buy $  6,060.29   sel     $24,000.00   [strat=vaccaro_warm_high_dominance]
      R15  buy $ 22,956.38   sel     $23,500.00   [strat=vaccaro_warm_high_dominance]
      R16  buy $ 18,615.63   sel     $23,000.00   [strat=vaccaro_warm_high_dominance]
   run 19 done in 6.1 min

   run 20/30 on 2022 Toyota RAV4 XLE AWD  seed=20463439
      R 1  buy $  1,137.11   sel     $31,500.00   [strat=vaccaro_warm_high_dominance] *
      R 2  buy $ 30,719.75   sel     $31,250.00   [strat=vaccaro_warm_high_dominance]
      R 3  buy $ 26,844.76   sel     $30,500.00   [strat=vaccaro_warm_high_dominance]
      R 4  buy $ 24,702.02   sel     $29,750.00   [strat=vaccaro_warm_high_dominance]
      R 5  buy $ 11,590.14   sel     $29,000.00   [strat=vaccaro_warm_high_dominance]
      R 6  buy $  7,001.90   sel     $28,500.00   [strat=vaccaro_warm_high_dominance]
      R 7  buy $ 14,234.23   sel     $27,900.00   [strat=vaccaro_warm_high_dominance]
      R 8  buy $ 14,922.32   sel     $27,500.00   [strat=vaccaro_warm_high_dominance]
      R 9  buy $  8,957.68   sel     $27,000.00   [strat=vaccaro_warm_high_dominance]
      R10  buy $  6,537.64   sel     $26,500.00   [strat=vaccaro_warm_high_dominance]
      R11  buy $ 22,023.41   sel     $25,500.00   [strat=vaccaro_warm_high_dominance]
      R12  buy $  6,154.71   sel     $24,900.00   [strat=vaccaro_warm_high_dominance]
      R13  buy $ 22,629.29   sel     $24,400.00   [strat=vaccaro_warm_high_dominance]
      R14  buy $ 20,251.81   sel     $23,900.00   [strat=vaccaro_warm_high_dominance]
      R15  buy $ 21,583.78   sel     $23,400.00   [strat=vaccaro_warm_high_dominance]
      R16  buy $  3,322.65   sel     $22,900.00   [strat=vaccaro_warm_high_dominance]
   run 20 done in 5.4 min

   run 21/30 on 2022 Toyota RAV4 XLE AWD  seed=20463440
      R 1  buy $  3,664.51   sel     $31,500.00   [strat=vaccaro_warm_high_dominance] *
      R 2  buy $  1,472.62   sel     $30,000.00   [strat=vaccaro_warm_high_dominance]
      R 3  buy $ 20,291.40   sel     $29,500.00   [strat=vaccaro_warm_high_dominance]
      R 4  buy $ 18,605.79   sel     $29,000.00   [strat=vaccaro_warm_high_dominance]
      R 5  buy $ 15,238.76   sel     $28,500.00   [strat=vaccaro_warm_high_dominance]
      R 6  buy $  3,523.66   sel     $28,000.00   [strat=vaccaro_warm_high_dominance]
      R 7  buy $ 13,543.36   sel     $27,500.00   [strat=vaccaro_warm_high_dominance]
      R 8  buy $    258.21   sel     $27,500.00   [strat=vaccaro_warm_high_dominance]
      R 9  buy $ 19,577.24   sel     $27,000.00   [strat=vaccaro_warm_high_dominance]
      R10  buy $ 23,030.08   sel     $26,500.00   [strat=vaccaro_warm_high_dominance]
      R11  buy $ 26,079.96   sel     $26,300.00   [strat=vaccaro_warm_high_dominance]
      R12  buy $    975.39   sel     $26,300.00   [strat=vaccaro_warm_high_dominance]
      R13  buy $ 21,504.91   sel     $25,500.00   [strat=vaccaro_warm_high_dominance]
      R14  buy $ 11,805.46   sel     $25,000.00   [strat=vaccaro_warm_high_dominance]
      R15  buy $ 15,683.07   sel     $24,500.00   [strat=vaccaro_warm_high_dominance]
      R16  buy $ 22,986.25   sel     $24,000.00   [strat=vaccaro_warm_high_dominance]
   run 21 done in 5.8 min

   run 22/30 on 2022 Toyota RAV4 XLE AWD  seed=20463441
      R 1  buy $ 28,308.79   sel     $31,500.00   [strat=vaccaro_warm_high_dominance] *
      R 2  buy $    663.36   sel     $30,500.00   [strat=vaccaro_warm_high_dominance]
      R 3  buy $ 18,556.35   sel     $29,999.99   [strat=vaccaro_warm_high_dominance]
      R 4  buy $     71.03   sel     $29,500.00   [strat=vaccaro_warm_high_dominance]
      R 5  buy $  8,941.53   sel     $29,000.00   [strat=vaccaro_warm_high_dominance]
      R 6  buy $ 12,646.54   sel     $28,500.00   [strat=vaccaro_warm_high_dominance]
      R 7  buy $ 23,616.12   sel     $28,000.00   [strat=vaccaro_warm_high_dominance]
      R 8  buy $  6,132.96   sel     $27,500.00   [strat=vaccaro_warm_high_dominance]
      R 9  buy $ 25,114.85   sel     $26,500.00   [strat=vaccaro_warm_high_dominance]
      R10  buy $ 16,517.26   sel     $26,000.00   [strat=vaccaro_warm_high_dominance]
      R11  buy $  8,570.07   sel     $25,500.00   [strat=vaccaro_warm_high_dominance]
      R12  buy $ 19,668.95   sel     $25,000.00   [strat=vaccaro_warm_high_dominance]
      R13  buy $  1,623.41   sel     $24,500.00   [strat=vaccaro_warm_high_dominance]
      R14  buy $  4,672.17   sel     $24,000.00   [strat=vaccaro_warm_high_dominance]
      R15  buy $  7,798.67   sel     $23,500.00   [strat=vaccaro_warm_high_dominance]
      R16  buy $  8,232.64   sel     $23,000.00   [strat=vaccaro_warm_high_dominance]
   run 22 done in 5.8 min

   run 23/30 on 2022 Toyota RAV4 XLE AWD  seed=20463442
      R 1  buy $  3,913.09   sel     $31,500.00   [strat=vaccaro_warm_high_dominance] *
      R 2  buy $ 25,892.45   sel     $29,500.00   [strat=vaccaro_warm_high_dominance]
      R 3  buy $  4,804.49   sel     $28,500.00   [strat=vaccaro_warm_high_dominance]
      R 4  buy $  3,539.41   sel     $28,000.00   [strat=vaccaro_warm_high_dominance]
      R 5  buy $  6,854.67   sel     $27,500.00   [strat=vaccaro_warm_high_dominance]
      R 6  buy $ 21,262.93   sel     $27,000.00   [strat=vaccaro_warm_high_dominance]
      R 7  buy $  9,020.62   sel     $26,500.00   [strat=vaccaro_warm_high_dominance]
      R 8  buy $ 16,223.07   sel     $26,000.00   [strat=vaccaro_warm_high_dominance]
      R 9  buy $ 22,952.09   sel     $25,000.00   [strat=vaccaro_warm_high_dominance]
      R10  buy $ 23,459.72   sel     $24,500.00   [strat=vaccaro_warm_high_dominance]
      R11  buy $  6,941.62   sel     $24,000.00   [strat=vaccaro_warm_high_dominance]
      R12  buy $  3,459.44   sel     $23,800.00   [strat=vaccaro_warm_high_dominance]
      R13  buy $  5,112.46   sel     $23,500.00   [strat=vaccaro_warm_high_dominance]
      R14  buy $ 11,306.62   sel     $23,000.00   [strat=vaccaro_warm_high_dominance]
      R15  buy $ 19,821.89   sel     $22,500.00   [strat=vaccaro_warm_high_dominance]
      R16  buy $  5,860.05   sel     $22,000.00   [strat=vaccaro_warm_high_dominance]
   run 23 done in 6.5 min

   run 24/30 on 2022 Toyota RAV4 XLE AWD  seed=20463443
      R 1  buy $ 17,479.71   sel     $29,995.00   [strat=vaccaro_warm_high_dominance] *
      R 2  buy $ 17,900.00   sel     $28,500.00   [strat=vaccaro_warm_high_dominance]
      R 3  buy $  5,294.08   sel     $27,995.00   [strat=vaccaro_warm_high_dominance]
      R 4  buy $ 10,133.12   sel     $27,500.00   [strat=vaccaro_warm_high_dominance]
      R 5  buy $ 20,449.25   sel     $26,995.00   [strat=vaccaro_warm_high_dominance]
      R 6  buy $  5,111.24   sel     $26,500.00   [strat=vaccaro_warm_high_dominance]
      R 7  buy $  4,372.80   sel     $26,000.00   [strat=vaccaro_warm_high_dominance]
      R 8  buy $    400.68   sel     $26,000.00   [strat=vaccaro_warm_high_dominance]
      R 9  buy $ 13,896.37   sel     $25,500.00   [strat=vaccaro_warm_high_dominance]
      R10  buy $ 18,486.86   sel     $25,000.00   [strat=vaccaro_warm_high_dominance]
      R11  buy $  7,548.31   sel     $24,500.00   [strat=vaccaro_warm_high_dominance]
      R12  buy $ 10,496.84   sel     $24,000.00   [strat=vaccaro_warm_high_dominance]
      R13  buy $  9,443.73   sel     $23,500.00   [strat=vaccaro_warm_high_dominance]
      R14  buy $  1,339.73   sel     $23,000.00   [strat=vaccaro_warm_high_dominance]
      R15  buy $  4,572.17   sel     $23,000.00   [strat=vaccaro_warm_high_dominance]
      R16  buy $  6,641.01   sel     $23,000.00   [strat=vaccaro_warm_high_dominance]
   run 24 done in 5.5 min

   run 25/30 on 2022 Toyota RAV4 XLE AWD  seed=20463444
      R 1  buy $ 29,875.32   sel     $31,500.00   [strat=vaccaro_warm_high_dominance] *
      R 2  buy $ 30,356.75   sel     $31,000.00   [strat=vaccaro_warm_high_dominance]
      R 3  buy $  5,262.89   sel     $30,800.00   [strat=vaccaro_warm_high_dominance]
      R 4  buy $ 19,834.74   sel     $30,700.00   [strat=vaccaro_warm_high_dominance]
      R 5  buy $ 27,825.06   sel     $30,500.00   [strat=vaccaro_warm_high_dominance]
      R 6  buy $ 14,180.89   sel     $30,300.00   [strat=vaccaro_warm_high_dominance]
      R 7  buy $ 29,930.46   sel     $30,100.00   [strat=vaccaro_warm_high_dominance]
      R 8  buy $ 27,653.53   sel     $30,000.00   [strat=vaccaro_warm_high_dominance]
      R 9  buy $  4,327.21   sel     $29,900.00   [strat=vaccaro_warm_high_dominance]
      R10  buy $     97.70   sel     $29,850.00   [strat=vaccaro_warm_high_dominance]
      R11  buy $ 12,615.89   sel     $29,800.00   [strat=vaccaro_warm_high_dominance]
      R12  buy $     19.37   sel     $29,795.00   [strat=vaccaro_warm_high_dominance]
      R13  buy $ 13,573.91   sel     $29,750.00   [strat=vaccaro_warm_high_dominance]
      R14  buy $     90.03   sel     $29,725.00   [strat=vaccaro_warm_high_dominance]
      R15  buy $  3,031.39   sel     $29,700.00   [strat=vaccaro_warm_high_dominance]
      R16  buy $     49.93   sel     $29,695.00   [strat=vaccaro_warm_high_dominance]
   run 25 done in 6.3 min

   run 26/30 on 2022 Toyota RAV4 XLE AWD  seed=20463445
      R 1  buy $ 15,283.90   sel     $31,500.00   [strat=vaccaro_warm_high_dominance] *
      R 2  buy $ 22,708.04   sel     $29,500.00   [strat=vaccaro_warm_high_dominance]
      R 3  buy $  2,643.76   sel     $28,500.00   [strat=vaccaro_warm_high_dominance]
      R 4  buy $ 18,287.83   sel     $27,500.00   [strat=vaccaro_warm_high_dominance]
      R 5  buy $ 10,551.46   sel     $27,000.00   [strat=vaccaro_warm_high_dominance]
      R 6  buy $  4,214.91   sel     $26,500.00   [strat=vaccaro_warm_high_dominance]
      R 7  buy $ 13,619.60   sel     $26,000.00   [strat=vaccaro_warm_high_dominance]
      R 8  buy $ 12,302.68   sel     $25,500.00   [strat=vaccaro_warm_high_dominance]
      R 9  buy $ 19,615.68   sel     $25,000.00   [strat=vaccaro_warm_high_dominance]
      R10  buy $  5,225.01   sel     $24,500.00   [strat=vaccaro_warm_high_dominance]
      R11  buy $ 23,635.15   sel     $24,000.00   [strat=vaccaro_warm_high_dominance]
      R12  buy $ 14,398.85   sel     $23,500.00   [strat=vaccaro_warm_high_dominance]
      R13  buy $ 12,279.78   sel     $23,000.00   [strat=vaccaro_warm_high_dominance]
      R14  buy $  4,982.26   sel     $22,500.00   [strat=vaccaro_warm_high_dominance]
      R15  buy $ 19,891.09   sel     $22,000.00   [strat=vaccaro_warm_high_dominance]
      R16  buy $  7,783.43   sel     $21,500.00   [strat=vaccaro_warm_high_dominance]
   run 26 done in 6.1 min

   run 27/30 on 2022 Toyota RAV4 XLE AWD  seed=20463446
      R 1  buy $  6,554.86   sel     $31,500.00   [strat=vaccaro_warm_high_dominance] *
      R 2  buy $ 28,467.70   sel     $30,500.00   [strat=vaccaro_warm_high_dominance]
      R 3  buy $  2,315.91   sel     $30,000.00   [strat=vaccaro_warm_high_dominance]
      R 4  buy $  7,189.74   sel     $29,500.00   [strat=vaccaro_warm_high_dominance]
      R 5  buy $  2,513.64   sel     $29,000.00   [strat=vaccaro_warm_high_dominance]
      R 6  buy $    700.40   sel     $28,900.00   [strat=vaccaro_warm_high_dominance]
      R 7  buy $ 19,569.20   sel     $28,800.00   [strat=vaccaro_warm_high_dominance]
      R 8  buy $  3,279.51   sel     $28,500.00   [strat=vaccaro_warm_high_dominance]
      R 9  buy $ 18,882.66   sel     $28,400.00   [strat=vaccaro_warm_high_dominance]
      R10  buy $ 11,651.11   sel     $28,300.00   [strat=vaccaro_warm_high_dominance]
      R11  buy $  6,964.99   sel     $28,200.00   [strat=vaccaro_warm_high_dominance]
      R12  buy $    836.37   sel     $28,100.00   [strat=vaccaro_warm_high_dominance]
      R13  buy $ 12,208.95   sel     $28,000.00   [strat=vaccaro_warm_high_dominance]
      R14  buy $ 25,860.91   sel     $27,800.00   [strat=vaccaro_warm_high_dominance]
      R15  buy $  4,490.69   sel     $27,500.00   [strat=vaccaro_warm_high_dominance]
      R16  buy $  3,003.32   sel     $27,300.00   [strat=vaccaro_warm_high_dominance]
   run 27 done in 4.7 min

   run 28/30 on 2022 Toyota RAV4 XLE AWD  seed=20463447
      R 1  buy $  9,095.66   sel     $34,500.00   [strat=vaccaro_warm_high_dominance] *
      R 2  buy $ 16,200.44   sel     $32,500.00   [strat=vaccaro_warm_high_dominance]
      R 3  buy $ 28,835.23   sel     $31,000.00   [strat=vaccaro_warm_high_dominance]
      R 4  buy $ 25,421.84   sel     $31,000.00   [strat=vaccaro_warm_high_dominance]
      R 5  buy $ 26,435.22   sel     $30,500.00   [strat=vaccaro_warm_high_dominance]
      R 6  buy $ 20,681.79   sel     $30,000.00   [strat=vaccaro_warm_high_dominance]
      R 7  buy $  9,416.26   sel     $29,500.00   [strat=vaccaro_warm_high_dominance]
      R 8  buy $  1,656.02   sel     $29,000.00   [strat=vaccaro_warm_high_dominance]
      R 9  buy $ 13,319.96   sel     $28,500.00   [strat=vaccaro_warm_high_dominance]
      R10  buy $ 11,457.26   sel     $28,000.00   [strat=vaccaro_warm_high_dominance]
      R11  buy $ 17,023.45   sel     $27,500.00   [strat=vaccaro_warm_high_dominance]
      R12  buy $ 23,406.37   sel     $26,500.00   [strat=vaccaro_warm_high_dominance]
      R13  buy $ 16,814.78   sel     $25,500.00   [strat=vaccaro_warm_high_dominance]
      R14  buy $ 16,689.98   sel     $25,000.00   [strat=vaccaro_warm_high_dominance]
      R15  buy $ 20,393.22   sel     $24,500.00   [strat=vaccaro_warm_high_dominance]
      R16  buy $  6,842.94   sel     $24,000.00   [strat=vaccaro_warm_high_dominance]
   run 28 done in 6.7 min

   run 29/30 on 2022 Toyota RAV4 XLE AWD  seed=20463448
      R 1  buy $ 30,063.37   sel     $31,599.00   [strat=vaccaro_warm_high_dominance] *
      R 2  buy $    712.87   sel     $31,299.00   [strat=vaccaro_warm_high_dominance]
      R 3  buy $ 24,961.17   sel     $30,999.00   [strat=vaccaro_warm_high_dominance]
      R 4  buy $ 13,291.27   sel     $30,699.00   [strat=vaccaro_warm_high_dominance]
      R 5  buy $ 17,589.36   sel     $30,399.00   [strat=vaccaro_warm_high_dominance]
      R 6  buy $  9,630.68   sel     $30,099.00   [strat=vaccaro_warm_high_dominance]
      R 7  buy $  8,871.52   sel     $29,999.00   [strat=vaccaro_warm_high_dominance]
      R 8  buy $ 26,316.56   sel     $29,999.00   [strat=vaccaro_warm_high_dominance]
      R 9  buy $ 22,914.90   sel     $29,899.00   [strat=vaccaro_warm_high_dominance]
      R10  buy $  8,908.14   sel     $29,799.00   [strat=vaccaro_warm_high_dominance]
      R11  buy $  6,238.48   sel     $29,699.00   [strat=vaccaro_warm_high_dominance]
      R12  buy $  8,057.42   sel     $29,499.00   [strat=vaccaro_warm_high_dominance]
      R13  buy $ 13,782.53   sel     $29,299.00   [strat=vaccaro_warm_high_dominance]
      R14  buy $ 26,836.03   sel     $29,099.00   [strat=vaccaro_warm_high_dominance]
      R15  buy $ 14,988.90   sel     $28,999.00   [strat=vaccaro_warm_high_dominance]
      R16  buy $ 11,653.96   sel     $28,799.00   [strat=vaccaro_warm_high_dominance]
   run 29 done in 5.3 min

   run 30/30 on 2022 Toyota RAV4 XLE AWD  seed=20463449
      R 1  buy $ 27,515.94   sel     $31,500.00   [strat=vaccaro_warm_high_dominance] *
      R 2  buy $ 17,497.20   sel     $30,500.00   [strat=vaccaro_warm_high_dominance]
      R 3  buy $ 10,982.38   sel     $30,000.00   [strat=vaccaro_warm_high_dominance]
      R 4  buy $ 15,543.62   sel     $29,500.00   [strat=vaccaro_warm_high_dominance]
      R 5  buy $  7,574.31   sel     $29,000.00   [strat=vaccaro_warm_high_dominance]
      R 6  buy $    543.45   sel     $28,900.00   [strat=vaccaro_warm_high_dominance]
      R 7  buy $ 23,206.04   sel     $28,500.00   [strat=vaccaro_warm_high_dominance]
      R 8  buy $ 27,754.35   sel     $28,200.00   [strat=vaccaro_warm_high_dominance]
      R 9  buy $ 18,871.35   sel     $28,000.00   [strat=vaccaro_warm_high_dominance]
      R10  buy $  1,806.09   sel     $27,800.00   [strat=vaccaro_warm_high_dominance]
      R11  buy $ 21,427.17   sel     $27,600.00   [strat=vaccaro_warm_high_dominance]
      R12  buy $ 15,360.37   sel     $27,500.00   [strat=vaccaro_warm_high_dominance]
      R13  buy $ 15,558.86   sel     $27,400.00   [strat=vaccaro_warm_high_dominance]
      R14  buy $ 21,056.46   sel     $27,200.00   [strat=vaccaro_warm_high_dominance]
      R15  buy $  5,649.90   sel     $27,000.00   [strat=vaccaro_warm_high_dominance]
      R16  buy $ 16,488.17   sel     $26,800.00   [strat=vaccaro_warm_high_dominance]
   run 30 done in 6.7 min

   ---> checkpoint: car 4/5 done in 168.6 min; total so far 781.6 min; saved 120 runs to exp02_fixed_vaccaro_warm_high_dominance.json

--- CAR 5/5: 2023 Ford Mustang GT Premium  (M=$45,000.00  cost=$36,000.00  cost/M=80.00%) ---

   run 1/30 on 2023 Ford Mustang GT Premium  seed=20464420
      R 1  buy $  4,231.03   sel     $44,500.00   [strat=vaccaro_warm_high_dominance] *
      R 2  buy $ 20,813.68   sel     $42,000.00   [strat=vaccaro_warm_high_dominance]
      R 3  buy $ 21,254.21   sel     $41,000.00   [strat=vaccaro_warm_high_dominance]
      R 4  buy $ 18,278.52   sel     $39,900.00   [strat=vaccaro_warm_high_dominance]
      R 5  buy $  5,898.96   sel     $39,500.00   [strat=vaccaro_warm_high_dominance]
      R 6  buy $ 32,321.70   sel     $39,000.00   [strat=vaccaro_warm_high_dominance]
      R 7  buy $  1,833.64   sel     $38,500.00   [strat=vaccaro_warm_high_dominance]
      R 8  buy $ 22,687.60   sel     $38,000.00   [strat=vaccaro_warm_high_dominance]
      R 9  buy $ 27,650.98   sel     $37,500.00   [strat=vaccaro_warm_high_dominance]
      R10  buy $ 19,187.45   sel     $37,000.00   [strat=vaccaro_warm_high_dominance]
      R11  buy $ 19,772.38   sel     $36,500.00   [strat=vaccaro_warm_high_dominance]
      R12  buy $  2,102.86   sel     $36,000.00   [strat=vaccaro_warm_high_dominance]
      R13  buy $ 17,828.62   sel     $36,000.00   [strat=vaccaro_warm_high_dominance]
      R14  buy $ 22,650.70   sel     $36,000.00   [strat=vaccaro_warm_high_dominance]
      R15  buy $ 15,033.08   sel     $36,000.00   [strat=vaccaro_warm_high_dominance]
      R16  buy $  3,819.86   sel     $36,000.00   [strat=vaccaro_warm_high_dominance]
   run 1 done in 5.2 min

   run 2/30 on 2023 Ford Mustang GT Premium  seed=20464421
      R 1  buy $ 16,833.44   sel     $44,500.00   [strat=vaccaro_warm_high_dominance] *
      R 2  buy $ 34,006.58   sel     $42,500.00   [strat=vaccaro_warm_high_dominance]
      R 3  buy $ 13,557.20   sel     $41,500.00   [strat=vaccaro_warm_high_dominance]
      R 4  buy $  5,779.12   sel     $40,500.00   [strat=vaccaro_warm_high_dominance]
      R 5  buy $ 39,223.96   sel     $40,000.00   [strat=vaccaro_warm_high_dominance]
      R 6  buy $ 26,613.36   sel     $39,500.00   [strat=vaccaro_warm_high_dominance]
      R 7  buy $  1,175.53   sel     $39,500.00   [strat=vaccaro_warm_high_dominance]
      R 8  buy $  1,360.61   sel     $39,000.00   [strat=vaccaro_warm_high_dominance]
      R 9  buy $  5,054.63   sel     $39,000.00   [strat=vaccaro_warm_high_dominance]
      R10  buy $  3,232.23   sel     $39,000.00   [strat=vaccaro_warm_high_dominance]
      R11  buy $ 24,972.51   sel     $38,500.00   [strat=vaccaro_warm_high_dominance]
      R12  buy $  9,892.83   sel     $38,000.00   [strat=vaccaro_warm_high_dominance]
      R13  buy $ 18,204.50   sel     $37,500.00   [strat=vaccaro_warm_high_dominance]
      R14  buy $ 30,148.85   sel     $37,000.00   [strat=vaccaro_warm_high_dominance]
      R15  buy $ 12,501.69   sel     $37,000.00   [strat=vaccaro_warm_high_dominance]
      R16  buy $ 13,590.98   sel     $36,500.00   [strat=vaccaro_warm_high_dominance]
   run 2 done in 5.0 min

   run 3/30 on 2023 Ford Mustang GT Premium  seed=20464422
      R 1  buy $ 43,823.30   sel     $46,500.00   [strat=vaccaro_warm_high_dominance] *
      R 2  buy $ 32,019.52   sel     $46,500.00   [strat=vaccaro_warm_high_dominance]
      R 3  buy $ 12,676.01   sel     $46,000.00   [strat=vaccaro_warm_high_dominance]
      R 4  buy $ 15,213.68   sel     $45,500.00   [strat=vaccaro_warm_high_dominance]
      R 5  buy $ 36,741.63   sel     $44,500.00   [strat=vaccaro_warm_high_dominance]
      R 6  buy $ 33,086.71   sel     $43,500.00   [strat=vaccaro_warm_high_dominance]
      R 7  buy $ 14,842.76   sel     $43,000.00   [strat=vaccaro_warm_high_dominance]
      R 8  buy $ 28,468.48   sel     $42,500.00   [strat=vaccaro_warm_high_dominance]
      R 9  buy $ 33,708.63   sel     $42,000.00   [strat=vaccaro_warm_high_dominance]
      R10  buy $ 19,542.37   sel     $41,500.00   [strat=vaccaro_warm_high_dominance]
      R11  buy $ 19,828.64   sel     $41,000.00   [strat=vaccaro_warm_high_dominance]
      R12  buy $ 27,531.93   sel     $40,500.00   [strat=vaccaro_warm_high_dominance]
      R13  buy $ 30,410.94   sel     $40,000.00   [strat=vaccaro_warm_high_dominance]
      R14  buy $ 10,842.23   sel     $39,500.00   [strat=vaccaro_warm_high_dominance]
      R15  buy $ 23,789.45   sel     $39,000.00   [strat=vaccaro_warm_high_dominance]
      R16  buy $ 38,408.04   sel     $38,900.00   [strat=vaccaro_warm_high_dominance]
   run 3 done in 6.7 min

   run 4/30 on 2023 Ford Mustang GT Premium  seed=20464423
      R 1  buy $  9,589.77   sel     $44,500.00   [strat=vaccaro_warm_high_dominance] *
      R 2  buy $ 44,066.01   sel     $44,300.00   [strat=vaccaro_warm_high_dominance]
      R 3  buy $ 12,418.03   sel     $44,000.00   [strat=vaccaro_warm_high_dominance]
      R 4  buy $ 27,183.27   sel     $43,500.00   [strat=vaccaro_warm_high_dominance]
      R 5  buy $ 20,328.88   sel     $43,000.00   [strat=vaccaro_warm_high_dominance]
      R 6  buy $  9,617.12   sel     $42,500.00   [strat=vaccaro_warm_high_dominance]
      R 7  buy $  5,228.40   sel     $42,000.00   [strat=vaccaro_warm_high_dominance]
      R 8  buy $ 37,880.16   sel     $41,000.00   [strat=vaccaro_warm_high_dominance]
      R 9  buy $  1,075.78   sel     $40,500.00   [strat=vaccaro_warm_high_dominance]
      R10  buy $ 16,067.79   sel     $40,000.00   [strat=vaccaro_warm_high_dominance]
      R11  buy $ 29,960.53   sel     $39,500.00   [strat=vaccaro_warm_high_dominance]
      R12  buy $ 37,144.28   sel     $39,000.00   [strat=vaccaro_warm_high_dominance]
      R13  buy $ 24,460.12   sel     $38,500.00   [strat=vaccaro_warm_high_dominance]
      R14  buy $ 14,538.87   sel     $38,000.00   [strat=vaccaro_warm_high_dominance]
      R15  buy $ 23,164.33   sel     $37,500.00   [strat=vaccaro_warm_high_dominance]
      R16  buy $ 29,602.99   sel     $37,000.00   [strat=vaccaro_warm_high_dominance]
   run 4 done in 6.2 min

   run 5/30 on 2023 Ford Mustang GT Premium  seed=20464424
      R 1  buy $ 34,081.63   sel     $44,500.00   [strat=vaccaro_warm_high_dominance] *
      R 2  buy $ 43,589.69   sel     $44,000.00   [strat=vaccaro_warm_high_dominance]
      R 3  buy $  5,138.57   sel     $43,800.00   [strat=vaccaro_warm_high_dominance]
      R 4  buy $ 21,620.49   sel     $43,750.00   [strat=vaccaro_warm_high_dominance]
      R 5  buy $ 18,016.17   sel     $43,700.00   [strat=vaccaro_warm_high_dominance]
      R 6  buy $ 16,694.68   sel     $43,600.00   [strat=vaccaro_warm_high_dominance]
      R 7  buy $  9,388.61   sel     $43,500.00   [strat=vaccaro_warm_high_dominance]
      R 8  buy $ 32,793.37   sel     $43,000.00   [strat=vaccaro_warm_high_dominance]
      R 9  buy $ 29,287.23   sel     $42,500.00   [strat=vaccaro_warm_high_dominance]
      R10  buy $  5,187.18   sel     $42,000.00   [strat=vaccaro_warm_high_dominance]
      R11  buy $ 17,050.77   sel     $41,500.00   [strat=vaccaro_warm_high_dominance]
      R12  buy $ 15,632.87   sel     $41,000.00   [strat=vaccaro_warm_high_dominance]
      R13  buy $  3,820.20   sel     $40,500.00   [strat=vaccaro_warm_high_dominance]
      R14  buy $  7,001.74   sel     $40,000.00   [strat=vaccaro_warm_high_dominance]
      R15  buy $  4,766.24   sel     $39,500.00   [strat=vaccaro_warm_high_dominance]
      R16  buy $  6,975.17   sel     $39,000.00   [strat=vaccaro_warm_high_dominance]
   run 5 done in 6.3 min

   run 6/30 on 2023 Ford Mustang GT Premium  seed=20464425
      R 1  buy $ 22,141.43   sel     $44,500.00   [strat=vaccaro_warm_high_dominance] *
      R 2  buy $ 41,110.34   sel     $43,500.00   [strat=vaccaro_warm_high_dominance]
      R 3  buy $ 20,309.50   sel     $43,000.00   [strat=vaccaro_warm_high_dominance]
      R 4  buy $  5,072.05   sel     $42,500.00   [strat=vaccaro_warm_high_dominance]
      R 5  buy $  7,007.78   sel     $42,000.00   [strat=vaccaro_warm_high_dominance]
      R 6  buy $  4,598.81   sel     $41,500.00   [strat=vaccaro_warm_high_dominance]
      R 7  buy $  8,220.78   sel     $41,000.00   [strat=vaccaro_warm_high_dominance]
      R 8  buy $ 40,353.63   sel     $40,600.00   [strat=vaccaro_warm_high_dominance]
      R 9  buy $ 33,021.16   sel     $39,500.00   [strat=vaccaro_warm_high_dominance]
      R10  buy $  8,544.81   sel     $39,000.00   [strat=vaccaro_warm_high_dominance]
      R11  buy $  9,136.69   sel     $38,500.00   [strat=vaccaro_warm_high_dominance]
      R12  buy $  8,673.31   sel     $38,000.00   [strat=vaccaro_warm_high_dominance]
      R13  buy $  3,815.35   sel     $37,500.00   [strat=vaccaro_warm_high_dominance]
      R14  buy $ 20,677.17   sel     $37,000.00   [strat=vaccaro_warm_high_dominance]
      R15  buy $ 26,279.24   sel     $36,500.00   [strat=vaccaro_warm_high_dominance]
      R16  buy $ 13,564.47   sel     $36,250.00   [strat=vaccaro_warm_high_dominance]
   run 6 done in 6.8 min

   run 7/30 on 2023 Ford Mustang GT Premium  seed=20464426
      R 1  buy $ 29,686.60   sel     $44,500.00   [strat=vaccaro_warm_high_dominance] *
      R 2  buy $ 42,545.48   sel     $43,900.00   [strat=vaccaro_warm_high_dominance]
      R 3  buy $ 22,266.59   sel     $43,500.00   [strat=vaccaro_warm_high_dominance]
      R 4  buy $ 28,346.29   sel     $43,300.00   [strat=vaccaro_warm_high_dominance]
      R 5  buy $ 38,400.52   sel     $42,500.00   [strat=vaccaro_warm_high_dominance]
      R 6  buy $ 27,572.96   sel     $42,000.00   [strat=vaccaro_warm_high_dominance]
      R 7  buy $ 28,677.08   sel     $41,500.00   [strat=vaccaro_warm_high_dominance]
      R 8  buy $ 25,902.08   sel     $41,000.00   [strat=vaccaro_warm_high_dominance]
      R 9  buy $  5,468.44   sel     $41,000.00   [strat=vaccaro_warm_high_dominance]
      R10  buy $ 17,777.88   sel     $40,500.00   [strat=vaccaro_warm_high_dominance]
      R11  buy $ 34,828.23   sel     $39,500.00   [strat=vaccaro_warm_high_dominance]
      R12  buy $ 34,232.31   sel     $38,500.00   [strat=vaccaro_warm_high_dominance]
      R13  buy $ 24,919.34   sel     $37,500.00   [strat=vaccaro_warm_high_dominance]
      R14  buy $ 25,955.16   sel     $37,000.00   [strat=vaccaro_warm_high_dominance]
      R15  buy $ 25,226.91   sel     $36,500.00   [strat=vaccaro_warm_high_dominance]
      R16  buy $ 13,599.00   sel     $36,250.00   [strat=vaccaro_warm_high_dominance]
   run 7 done in 5.5 min

   run 8/30 on 2023 Ford Mustang GT Premium  seed=20464427
      R 1  buy $    434.50   sel     $48,500.00   [strat=vaccaro_warm_high_dominance] *
      R 2  buy $ 22,969.23   sel     $47,500.00   [strat=vaccaro_warm_high_dominance]
      R 3  buy $  6,862.48   sel     $47,000.00   [strat=vaccaro_warm_high_dominance]
      R 4  buy $ 14,725.22   sel     $47,000.00   [strat=vaccaro_warm_high_dominance]
      R 5  buy $ 11,602.72   sel     $46,500.00   [strat=vaccaro_warm_high_dominance]
      R 6  buy $ 27,220.25   sel     $46,000.00   [strat=vaccaro_warm_high_dominance]
      R 7  buy $  6,281.12   sel     $45,500.00   [strat=vaccaro_warm_high_dominance]
      R 8  buy $ 16,890.97   sel     $44,500.00   [strat=vaccaro_warm_high_dominance]
      R 9  buy $  3,600.66   sel     $43,500.00   [strat=vaccaro_warm_high_dominance]
      R10  buy $  7,600.67   sel     $43,000.00   [strat=vaccaro_warm_high_dominance]
      R11  buy $ 17,262.62   sel     $42,500.00   [strat=vaccaro_warm_high_dominance]
      R12  buy $ 37,391.17   sel     $42,000.00   [strat=vaccaro_warm_high_dominance]
      R13  buy $ 24,891.05   sel     $41,500.00   [strat=vaccaro_warm_high_dominance]
      R14  buy $ 41,143.51   sel     $41,143.51   [strat=vaccaro_warm_high_dominance]
      R15  buy $ 23,391.99   sel     $41,000.00   [strat=vaccaro_warm_high_dominance]
      R16  buy $ 27,526.36   sel     $40,500.00   [strat=vaccaro_warm_high_dominance]
   run 8 done in 6.1 min

   run 9/30 on 2023 Ford Mustang GT Premium  seed=20464428
      R 1  buy $ 15,251.86   sel     $44,500.00   [strat=vaccaro_warm_high_dominance] *
      R 2  buy $ 18,081.10   sel     $43,000.00   [strat=vaccaro_warm_high_dominance]
      R 3  buy $  8,735.70   sel     $42,500.00   [strat=vaccaro_warm_high_dominance]
      R 4  buy $ 34,042.45   sel     $41,000.00   [strat=vaccaro_warm_high_dominance]
      R 5  buy $ 11,271.08   sel     $40,000.00   [strat=vaccaro_warm_high_dominance]
      R 6  buy $ 25,504.03   sel     $39,500.00   [strat=vaccaro_warm_high_dominance]
      R 7  buy $  4,381.98   sel     $39,500.00   [strat=vaccaro_warm_high_dominance]
      R 8  buy $ 37,102.80   sel     $38,000.00   [strat=vaccaro_warm_high_dominance]
      R 9  buy $ 25,702.41   sel     $37,500.00   [strat=vaccaro_warm_high_dominance]
      R10  buy $  5,636.47   sel     $37,000.00   [strat=vaccaro_warm_high_dominance]
      R11  buy $  6,389.70   sel     $36,500.00   [strat=vaccaro_warm_high_dominance]
      R12  buy $ 16,099.36   sel     $36,250.00   [strat=vaccaro_warm_high_dominance]
      R13  buy $ 13,063.97   sel     $36,000.00   [strat=vaccaro_warm_high_dominance]
      R14  buy $  1,216.21   sel     $36,000.00   [strat=vaccaro_warm_high_dominance]
      R15  buy $ 18,202.40   sel     $36,000.00   [strat=vaccaro_warm_high_dominance]
      R16  buy $  5,631.82   sel     $36,000.00   [strat=vaccaro_warm_high_dominance]
   run 9 done in 6.8 min

   run 10/30 on 2023 Ford Mustang GT Premium  seed=20464429
      R 1  buy $ 10,482.93   sel     $44,500.00   [strat=vaccaro_warm_high_dominance] *
      R 2  buy $ 21,156.52   sel     $42,500.00   [strat=vaccaro_warm_high_dominance]
      R 3  buy $  7,049.15   sel     $41,500.00   [strat=vaccaro_warm_high_dominance]
      R 4  buy $  9,807.88   sel     $41,000.00   [strat=vaccaro_warm_high_dominance]
      R 5  buy $ 23,164.13   sel     $40,500.00   [strat=vaccaro_warm_high_dominance]
      R 6  buy $ 17,068.94   sel     $40,000.00   [strat=vaccaro_warm_high_dominance]
      R 7  buy $ 13,897.67   sel     $39,500.00   [strat=vaccaro_warm_high_dominance]
      R 8  buy $ 32,296.21   sel     $38,500.00   [strat=vaccaro_warm_high_dominance]
      R 9  buy $ 12,608.23   sel     $38,000.00   [strat=vaccaro_warm_high_dominance]
      R10  buy $    457.01   sel     $37,500.00   [strat=vaccaro_warm_high_dominance]
      R11  buy $ 18,774.32   sel     $37,000.00   [strat=vaccaro_warm_high_dominance]
      R12  buy $ 28,732.24   sel     $36,500.00   [strat=vaccaro_warm_high_dominance]
      R13  buy $    166.18   sel     $36,200.00   [strat=vaccaro_warm_high_dominance]
      R14  buy $  2,873.23   sel     $36,000.00   [strat=vaccaro_warm_high_dominance]
      R15  buy $ 34,338.98   sel     $35,800.00   [strat=vaccaro_warm_high_dominance]
      R16  buy $ 22,107.71   sel     $35,600.00   [strat=vaccaro_warm_high_dominance]
   run 10 done in 5.1 min

   run 11/30 on 2023 Ford Mustang GT Premium  seed=20464430
      R 1  buy $  3,897.48   sel     $44,500.00   [strat=vaccaro_warm_high_dominance] *
      R 2  buy $ 34,450.80   sel     $43,500.00   [strat=vaccaro_warm_high_dominance]
      R 3  buy $ 39,860.44   sel     $42,500.00   [strat=vaccaro_warm_high_dominance]
      R 4  buy $ 19,117.51   sel     $42,000.00   [strat=vaccaro_warm_high_dominance]
      R 5  buy $ 19,847.05   sel     $42,000.00   [strat=vaccaro_warm_high_dominance]
      R 6  buy $ 29,862.82   sel     $41,500.00   [strat=vaccaro_warm_high_dominance]
      R 7  buy $    305.74   sel     $41,500.00   [strat=vaccaro_warm_high_dominance]
      R 8  buy $  5,786.31   sel     $41,000.00   [strat=vaccaro_warm_high_dominance]
      R 9  buy $ 26,072.15   sel     $40,500.00   [strat=vaccaro_warm_high_dominance]
      R10  buy $ 37,945.87   sel     $40,000.00   [strat=vaccaro_warm_high_dominance]
      R11  buy $ 14,382.91   sel     $39,500.00   [strat=vaccaro_warm_high_dominance]
      R12  buy $ 28,102.68   sel     $39,000.00   [strat=vaccaro_warm_high_dominance]
      R13  buy $ 31,077.43   sel     $38,500.00   [strat=vaccaro_warm_high_dominance]
      R14  buy $ 15,643.87   sel     $38,000.00   [strat=vaccaro_warm_high_dominance]
      R15  buy $ 13,902.56   sel     $37,500.00   [strat=vaccaro_warm_high_dominance]
      R16  buy $ 27,664.44   sel     $37,000.00   [strat=vaccaro_warm_high_dominance]
   run 11 done in 5.6 min

   run 12/30 on 2023 Ford Mustang GT Premium  seed=20464431
      R 1  buy $ 28,842.04   sel     $44,000.00   [strat=vaccaro_warm_high_dominance] *
      R 2  buy $ 22,811.94   sel     $43,500.00   [strat=vaccaro_warm_high_dominance]
      R 3  buy $ 27,135.34   sel     $42,000.00   [strat=vaccaro_warm_high_dominance]
      R 4  buy $ 40,382.86   sel     $41,791.43   [strat=vaccaro_warm_high_dominance]
      R 5  buy $ 14,490.25   sel     $41,791.43   [strat=vaccaro_warm_high_dominance]
      R 6  buy $ 25,106.70   sel     $41,500.00   [strat=vaccaro_warm_high_dominance]
      R 7  buy $ 30,045.47   sel     $41,000.00   [strat=vaccaro_warm_high_dominance]
      R 8  buy $  9,881.77   sel     $40,500.00   [strat=vaccaro_warm_high_dominance]
      R 9  buy $ 19,964.83   sel     $40,000.00   [strat=vaccaro_warm_high_dominance]
      R10  buy $ 18,583.26   sel     $39,500.00   [strat=vaccaro_warm_high_dominance]
      R11  buy $ 17,380.92   sel     $39,000.00   [strat=vaccaro_warm_high_dominance]
      R12  buy $ 32,332.51   sel     $38,000.00   [strat=vaccaro_warm_high_dominance]
      R13  buy $  4,708.90   sel     $37,500.00   [strat=vaccaro_warm_high_dominance]
      R14  buy $  2,906.10   sel     $37,000.00   [strat=vaccaro_warm_high_dominance]
      R15  buy $ 17,894.08   sel     $36,900.00   [strat=vaccaro_warm_high_dominance]
      R16  buy $ 34,954.04   sel     $36,500.00   [strat=vaccaro_warm_high_dominance]
   run 12 done in 6.1 min

   run 13/30 on 2023 Ford Mustang GT Premium  seed=20464432
      R 1  buy $ 19,365.61   sel     $44,500.00   [strat=vaccaro_warm_high_dominance] *
      R 2  buy $ 35,137.42   sel     $42,000.00   [strat=vaccaro_warm_high_dominance]
      R 3  buy $ 22,175.28   sel     $41,500.00   [strat=vaccaro_warm_high_dominance]
      R 4  buy $ 30,944.57   sel     $40,000.00   [strat=vaccaro_warm_high_dominance]
      R 5  buy $ 31,090.68   sel     $39,500.00   [strat=vaccaro_warm_high_dominance]
      R 6  buy $ 31,585.43   sel     $38,500.00   [strat=vaccaro_warm_high_dominance]
      R 7  buy $ 29,318.21   sel     $38,000.00   [strat=vaccaro_warm_high_dominance]
      R 8  buy $ 23,182.14   sel     $37,500.00   [strat=vaccaro_warm_high_dominance]
      R 9  buy $ 10,694.87   sel     $37,000.00   [strat=vaccaro_warm_high_dominance]
      R10  buy $  6,944.03   sel     $36,500.00   [strat=vaccaro_warm_high_dominance]
      R11  buy $ 27,939.33   sel     $36,250.00   [strat=vaccaro_warm_high_dominance]
      R12  buy $  6,558.22   sel     $36,000.00   [strat=vaccaro_warm_high_dominance]
      R13  buy $  5,861.72   sel     $35,750.00   [strat=vaccaro_warm_high_dominance]
      R14  buy $ 32,133.78   sel     $35,750.00   [strat=vaccaro_warm_high_dominance]
      R15  buy $ 30,857.95   sel     $36,000.00   [strat=vaccaro_warm_high_dominance]
      R16  buy $  8,538.45   sel     $36,000.00   [strat=vaccaro_warm_high_dominance]
   run 13 done in 6.6 min

   run 14/30 on 2023 Ford Mustang GT Premium  seed=20464433
      R 1  buy $ 39,863.38   sel     $43,500.00   [strat=vaccaro_warm_high_dominance] *
      R 2  buy $ 28,544.06   sel     $42,500.00   [strat=vaccaro_warm_high_dominance]
      R 3  buy $ 32,348.93   sel     $41,500.00   [strat=vaccaro_warm_high_dominance]
      R 4  buy $  3,671.44   sel     $41,000.00   [strat=vaccaro_warm_high_dominance]
      R 5  buy $ 13,250.00   sel     $40,500.00   [strat=vaccaro_warm_high_dominance]
      R 6  buy $ 37,756.63   sel     $40,000.00   [strat=vaccaro_warm_high_dominance]
      R 7  buy $ 10,290.70   sel     $39,500.00   [strat=vaccaro_warm_high_dominance]
      R 8  buy $ 21,748.17   sel     $39,000.00   [strat=vaccaro_warm_high_dominance]
      R 9  buy $ 14,857.66   sel     $38,500.00   [strat=vaccaro_warm_high_dominance]
      R10  buy $ 21,474.59   sel     $38,000.00   [strat=vaccaro_warm_high_dominance]
      R11  buy $    835.01   sel     $37,500.00   [strat=vaccaro_warm_high_dominance]
      R12  buy $ 15,119.04   sel     $37,000.00   [strat=vaccaro_warm_high_dominance]
      R13  buy $  5,435.11   sel     $36,500.00   [strat=vaccaro_warm_high_dominance]
      R14  buy $    351.45   sel     $36,250.00   [strat=vaccaro_warm_high_dominance]
      R15  buy $ 24,811.00   sel     $36,100.00   [strat=vaccaro_warm_high_dominance]
      R16  buy $ 13,021.07   sel     $35,600.00   [strat=vaccaro_warm_high_dominance]
   run 14 done in 5.9 min

   run 15/30 on 2023 Ford Mustang GT Premium  seed=20464434
      R 1  buy $ 36,482.47   sel     $44,500.00   [strat=vaccaro_warm_high_dominance] *
      R 2  buy $  8,184.46   sel     $43,000.00   [strat=vaccaro_warm_high_dominance]
      R 3  buy $  7,279.02   sel     $42,500.00   [strat=vaccaro_warm_high_dominance]
      R 4  buy $ 23,581.87   sel     $42,000.00   [strat=vaccaro_warm_high_dominance]
      R 5  buy $ 31,647.90   sel     $41,500.00   [strat=vaccaro_warm_high_dominance]
      R 6  buy $ 25,281.64   sel     $41,000.00   [strat=vaccaro_warm_high_dominance]
      R 7  buy $ 22,916.13   sel     $40,500.00   [strat=vaccaro_warm_high_dominance]
      R 8  buy $    549.23   sel     $40,000.00   [strat=vaccaro_warm_high_dominance]
      R 9  buy $ 39,425.11   sel     $39,800.00   [strat=vaccaro_warm_high_dominance]
      R10  buy $  3,224.77   sel     $39,500.00   [strat=vaccaro_warm_high_dominance]
      R11  buy $ 23,393.75   sel     $39,300.00   [strat=vaccaro_warm_high_dominance]
      R12  buy $ 26,706.74   sel     $39,000.00   [strat=vaccaro_warm_high_dominance]
      R13  buy $ 18,290.43   sel     $38,800.00   [strat=vaccaro_warm_high_dominance]
      R14  buy $ 16,952.98   sel     $38,500.00   [strat=vaccaro_warm_high_dominance]
      R15  buy $  9,926.99   sel     $38,000.00   [strat=vaccaro_warm_high_dominance]
      R16  buy $  7,739.92   sel     $37,500.00   [strat=vaccaro_warm_high_dominance]
   run 15 done in 6.1 min

   run 16/30 on 2023 Ford Mustang GT Premium  seed=20464435
      R 1  buy $ 36,173.26   sel     $44,500.00   [strat=vaccaro_warm_high_dominance] *
      R 2  buy $ 22,112.86   sel     $43,900.00   [strat=vaccaro_warm_high_dominance]
      R 3  buy $    108.68   sel     $43,800.00   [strat=vaccaro_warm_high_dominance]
      R 4  buy $     76.93   sel     $43,700.00   [strat=vaccaro_warm_high_dominance]
      R 5  buy $ 34,616.15   sel     $43,600.00   [strat=vaccaro_warm_high_dominance]
      R 6  buy $ 12,323.08   sel     $43,500.00   [strat=vaccaro_warm_high_dominance]
      R 7  buy $ 38,343.76   sel     $43,400.00   [strat=vaccaro_warm_high_dominance]
      R 8  buy $  5,777.03   sel     $43,300.00   [strat=vaccaro_warm_high_dominance]
      R 9  buy $ 23,325.45   sel     $43,200.00   [strat=vaccaro_warm_high_dominance]
      R10  buy $ 40,253.08   sel     $43,100.00   [strat=vaccaro_warm_high_dominance]
      R11  buy $ 42,971.02   sel     $43,000.00   [strat=vaccaro_warm_high_dominance]
      R12  buy $  7,027.47   sel     $42,900.00   [strat=vaccaro_warm_high_dominance]
      R13  buy $  3,930.93   sel     $42,800.00   [strat=vaccaro_warm_high_dominance]
      R14  buy $ 10,295.35   sel     $42,700.00   [strat=vaccaro_warm_high_dominance]
      R15  buy $ 19,601.77   sel     $42,600.00   [strat=vaccaro_warm_high_dominance]
      R16  buy $ 30,837.47   sel     $42,500.00   [strat=vaccaro_warm_high_dominance]
   run 16 done in 4.5 min

   run 17/30 on 2023 Ford Mustang GT Premium  seed=20464436
      R 1  buy $ 43,224.50   sel     $44,500.00   [strat=vaccaro_warm_high_dominance] *
      R 2  buy $ 36,547.02   sel     $44,000.00   [strat=vaccaro_warm_high_dominance]
      R 3  buy $  1,459.54   sel     $43,500.00   [strat=vaccaro_warm_high_dominance]
      R 4  buy $  2,897.67   sel     $43,000.00   [strat=vaccaro_warm_high_dominance]
      R 5  buy $ 42,304.86   sel     $42,800.00   [strat=vaccaro_warm_high_dominance]
      R 6  buy $ 19,148.25   sel     $42,500.00   [strat=vaccaro_warm_high_dominance]
      R 7  buy $ 38,609.70   sel     $41,500.00   [strat=vaccaro_warm_high_dominance]
      R 8  buy $ 15,360.40   sel     $41,000.00   [strat=vaccaro_warm_high_dominance]
      R 9  buy $ 28,184.80   sel     $40,500.00   [strat=vaccaro_warm_high_dominance]
      R10  buy $ 28,158.18   sel     $40,000.00   [strat=vaccaro_warm_high_dominance]
      R11  buy $ 21,062.32   sel     $39,500.00   [strat=vaccaro_warm_high_dominance]
      R12  buy $  7,434.14   sel     $39,000.00   [strat=vaccaro_warm_high_dominance]
      R13  buy $  8,525.98   sel     $38,500.00   [strat=vaccaro_warm_high_dominance]
      R14  buy $ 29,823.74   sel     $38,000.00   [strat=vaccaro_warm_high_dominance]
      R15  buy $ 16,806.56   sel     $37,500.00   [strat=vaccaro_warm_high_dominance]
      R16  buy $ 19,181.80   sel     $37,000.00   [strat=vaccaro_warm_high_dominance]
   run 17 done in 5.9 min

   run 18/30 on 2023 Ford Mustang GT Premium  seed=20464437
      R 1  buy $  6,655.80   sel     $44,500.00   [strat=vaccaro_warm_high_dominance] *
      R 2  buy $ 18,325.17   sel     $44,500.00   [strat=vaccaro_warm_high_dominance]
      R 3  buy $ 38,227.05   sel     $42,000.00   [strat=vaccaro_warm_high_dominance]
      R 4  buy $ 37,572.68   sel     $41,500.00   [strat=vaccaro_warm_high_dominance]
      R 5  buy $ 36,690.02   sel     $41,000.00   [strat=vaccaro_warm_high_dominance]
      R 6  buy $ 38,315.83   sel     $40,500.00   [strat=vaccaro_warm_high_dominance]
      R 7  buy $ 22,713.65   sel     $40,500.00   [strat=vaccaro_warm_high_dominance]
      R 8  buy $ 26,906.52   sel     $40,500.00   [strat=vaccaro_warm_high_dominance]
      R 9  buy $    660.63   sel     $40,000.00   [strat=vaccaro_warm_high_dominance]
      R10  buy $    361.88   sel     $39,500.00   [strat=vaccaro_warm_high_dominance]
      R11  buy $  7,838.31   sel     $39,500.00   [strat=vaccaro_warm_high_dominance]
      R12  buy $ 34,551.88   sel     $39,000.00   [strat=vaccaro_warm_high_dominance]
      R13  buy $ 37,230.26   sel     $38,500.00   [strat=vaccaro_warm_high_dominance]
      R14  buy $ 13,094.71   sel     $38,000.00   [strat=vaccaro_warm_high_dominance]
      R15  buy $ 19,227.85   sel     $37,500.00   [strat=vaccaro_warm_high_dominance]
      R16  buy $ 22,932.51   sel     $37,000.00   [strat=vaccaro_warm_high_dominance]
   run 18 done in 5.7 min

   run 19/30 on 2023 Ford Mustang GT Premium  seed=20464438
      R 1  buy $ 38,697.37   sel     $44,500.00   [strat=vaccaro_warm_high_dominance] *
      R 2  buy $  9,509.04   sel     $43,000.00   [strat=vaccaro_warm_high_dominance]
      R 3  buy $ 32,630.59   sel     $42,000.00   [strat=vaccaro_warm_high_dominance]
      R 4  buy $  4,838.85   sel     $41,500.00   [strat=vaccaro_warm_high_dominance]
      R 5  buy $ 30,862.56   sel     $40,500.00   [strat=vaccaro_warm_high_dominance]
      R 6  buy $  5,427.01   sel     $40,000.00   [strat=vaccaro_warm_high_dominance]
      R 7  buy $ 36,076.09   sel     $38,000.00   [strat=vaccaro_warm_high_dominance]
      R 8  buy $ 13,251.25   sel     $37,000.00   [strat=vaccaro_warm_high_dominance]
      R 9  buy $ 23,619.98   sel     $36,500.00   [strat=vaccaro_warm_high_dominance]
      R10  buy $ 15,207.58   sel     $36,300.00   [strat=vaccaro_warm_high_dominance]
      R11  buy $  3,307.69   sel     $36,200.00   [strat=vaccaro_warm_high_dominance]
      R12  buy $    201.83   sel     $36,150.00   [strat=vaccaro_warm_high_dominance]
      R13  buy $ 35,999.66   sel     $36,100.00   [strat=vaccaro_warm_high_dominance]
      R14  buy $  6,604.95   sel     $36,050.00   [strat=vaccaro_warm_high_dominance]
      R15  buy $ 29,571.60   sel     $36,000.00   [strat=vaccaro_warm_high_dominance]
      R16  buy $    592.28   sel     $36,000.00   [strat=vaccaro_warm_high_dominance]
   run 19 done in 7.6 min

   run 20/30 on 2023 Ford Mustang GT Premium  seed=20464439
      R 1  buy $ 33,257.73   sel     $44,500.00   [strat=vaccaro_warm_high_dominance] *
      R 2  buy $  4,645.08   sel     $44,000.00   [strat=vaccaro_warm_high_dominance]
      R 3  buy $ 33,320.86   sel     $43,500.00   [strat=vaccaro_warm_high_dominance]
      R 4  buy $ 11,981.38   sel     $43,000.00   [strat=vaccaro_warm_high_dominance]
      R 5  buy $ 38,001.39   sel     $42,500.00   [strat=vaccaro_warm_high_dominance]
      R 6  buy $ 40,780.16   sel     $41,500.00   [strat=vaccaro_warm_high_dominance]
      R 7  buy $ 39,866.68   sel     $40,500.00   [strat=vaccaro_warm_high_dominance]
      R 8  buy $ 16,721.43   sel     $40,000.00   [strat=vaccaro_warm_high_dominance]
      R 9  buy $ 33,423.07   sel     $39,000.00   [strat=vaccaro_warm_high_dominance]
      R10  buy $ 28,851.32   sel     $38,500.00   [strat=vaccaro_warm_high_dominance]
      R11  buy $ 22,510.77   sel     $38,000.00   [strat=vaccaro_warm_high_dominance]
      R12  buy $ 18,484.44   sel     $38,000.00   [strat=vaccaro_warm_high_dominance]
      R13  buy $ 12,843.42   sel     $38,000.00   [strat=vaccaro_warm_high_dominance]
      R14  buy $ 13,688.09   sel     $38,000.00   [strat=vaccaro_warm_high_dominance]
      R15  buy $ 17,891.72   sel     $37,500.00   [strat=vaccaro_warm_high_dominance]
      R16  buy $  5,943.67   sel     $37,000.00   [strat=vaccaro_warm_high_dominance]
   run 20 done in 5.8 min

   run 21/30 on 2023 Ford Mustang GT Premium  seed=20464440
      R 1  buy $ 21,564.08   sel     $43,995.00   [strat=vaccaro_warm_high_dominance] *
      R 2  buy $ 18,866.01   sel     $43,500.00   [strat=vaccaro_warm_high_dominance]
      R 3  buy $ 12,669.72   sel     $43,000.00   [strat=vaccaro_warm_high_dominance]
      R 4  buy $ 28,465.77   sel     $42,500.00   [strat=vaccaro_warm_high_dominance]
      R 5  buy $ 41,931.90   sel     $42,250.00   [strat=vaccaro_warm_high_dominance]
      R 6  buy $ 32,671.46   sel     $42,000.00   [strat=vaccaro_warm_high_dominance]
      R 7  buy $  1,527.50   sel     $41,500.00   [strat=vaccaro_warm_high_dominance]
      R 8  buy $ 18,173.03   sel     $41,000.00   [strat=vaccaro_warm_high_dominance]
      R 9  buy $ 15,127.28   sel     $40,500.00   [strat=vaccaro_warm_high_dominance]
      R10  buy $ 16,248.38   sel     $40,000.00   [strat=vaccaro_warm_high_dominance]
      R11  buy $ 34,502.99   sel     $39,500.00   [strat=vaccaro_warm_high_dominance]
      R12  buy $ 26,304.02   sel     $38,500.00   [strat=vaccaro_warm_high_dominance]
      R13  buy $ 13,276.48   sel     $38,000.00   [strat=vaccaro_warm_high_dominance]
      R14  buy $ 25,963.04   sel     $37,500.00   [strat=vaccaro_warm_high_dominance]
      R15  buy $  7,406.68   sel     $37,000.00   [strat=vaccaro_warm_high_dominance]
      R16  buy $ 29,982.28   sel     $36,500.00   [strat=vaccaro_warm_high_dominance]
   run 21 done in 6.3 min

   run 22/30 on 2023 Ford Mustang GT Premium  seed=20464441
      R 1  buy $ 12,306.29   sel     $44,500.00   [strat=vaccaro_warm_high_dominance] *
      R 2  buy $ 17,167.65   sel     $43,500.00   [strat=vaccaro_warm_high_dominance]
      R 3  buy $ 17,676.05   sel     $43,000.00   [strat=vaccaro_warm_high_dominance]
      R 4  buy $ 18,820.71   sel     $42,500.00   [strat=vaccaro_warm_high_dominance]
      R 5  buy $ 28,180.49   sel     $42,000.00   [strat=vaccaro_warm_high_dominance]
      R 6  buy $ 40,184.87   sel     $41,500.00   [strat=vaccaro_warm_high_dominance]
      R 7  buy $ 18,134.79   sel     $41,500.00   [strat=vaccaro_warm_high_dominance]
      R 8  buy $ 36,120.18   sel     $41,000.00   [strat=vaccaro_warm_high_dominance]
      R 9  buy $ 18,658.11   sel     $41,000.00   [strat=vaccaro_warm_high_dominance]
      R10  buy $ 24,607.97   sel     $40,500.00   [strat=vaccaro_warm_high_dominance]
      R11  buy $ 26,350.36   sel     $40,000.00   [strat=vaccaro_warm_high_dominance]
      R12  buy $ 31,963.47   sel     $39,500.00   [strat=vaccaro_warm_high_dominance]
      R13  buy $ 25,674.47   sel     $39,000.00   [strat=vaccaro_warm_high_dominance]
      R14  buy $ 31,389.75   sel     $38,500.00   [strat=vaccaro_warm_high_dominance]
      R15  buy $  9,458.79   sel     $38,000.00   [strat=vaccaro_warm_high_dominance]
      R16  buy $  5,904.35   sel     $37,500.00   [strat=vaccaro_warm_high_dominance]
   run 22 done in 5.8 min

   run 23/30 on 2023 Ford Mustang GT Premium  seed=20464442
      R 1  buy $ 40,290.58   sel     $44,500.00   [strat=vaccaro_warm_high_dominance] *
      R 2  buy $ 11,673.43   sel     $44,000.00   [strat=vaccaro_warm_high_dominance]
      R 3  buy $    658.09   sel     $43,500.00   [strat=vaccaro_warm_high_dominance]
      R 4  buy $ 23,048.89   sel     $43,000.00   [strat=vaccaro_warm_high_dominance]
      R 5  buy $ 37,284.42   sel     $42,500.00   [strat=vaccaro_warm_high_dominance]
      R 6  buy $ 13,071.00   sel     $42,000.00   [strat=vaccaro_warm_high_dominance]
      R 7  buy $ 18,833.85   sel     $41,500.00   [strat=vaccaro_warm_high_dominance]
      R 8  buy $ 35,890.99   sel     $41,000.00   [strat=vaccaro_warm_high_dominance]
      R 9  buy $ 22,178.49   sel     $40,500.00   [strat=vaccaro_warm_high_dominance]
      R10  buy $ 17,681.56   sel     $40,000.00   [strat=vaccaro_warm_high_dominance]
      R11  buy $ 10,584.81   sel     $39,500.00   [strat=vaccaro_warm_high_dominance]
      R12  buy $  7,312.62   sel     $39,000.00   [strat=vaccaro_warm_high_dominance]
      R13  buy $  5,006.68   sel     $38,500.00   [strat=vaccaro_warm_high_dominance]
      R14  buy $    315.28   sel     $38,000.00   [strat=vaccaro_warm_high_dominance]
      R15  buy $ 28,739.96   sel     $37,500.00   [strat=vaccaro_warm_high_dominance]
      R16  buy $ 26,956.60   sel     $37,000.00   [strat=vaccaro_warm_high_dominance]
   run 23 done in 5.4 min

   run 24/30 on 2023 Ford Mustang GT Premium  seed=20464443
      R 1  buy $ 33,316.22   sel     $44,500.00   [strat=vaccaro_warm_high_dominance] *
      R 2  buy $ 43,836.20   sel     $44,200.00   [strat=vaccaro_warm_high_dominance]
      R 3  buy $  7,000.39   sel     $44,000.00   [strat=vaccaro_warm_high_dominance]
      R 4  buy $ 18,282.55   sel     $44,000.00   [strat=vaccaro_warm_high_dominance]
      R 5  buy $ 27,049.10   sel     $43,900.00   [strat=vaccaro_warm_high_dominance]
      R 6  buy $  5,950.73   sel     $43,900.00   [strat=vaccaro_warm_high_dominance]
      R 7  buy $ 16,523.21   sel     $43,900.00   [strat=vaccaro_warm_high_dominance]
      R 8  buy $ 23,966.63   sel     $43,900.00   [strat=vaccaro_warm_high_dominance]
      R 9  buy $ 38,961.50   sel     $43,800.00   [strat=vaccaro_warm_high_dominance]
      R10  buy $ 26,556.20   sel     $43,500.00   [strat=vaccaro_warm_high_dominance]
      R11  buy $ 40,800.14   sel     $43,000.00   [strat=vaccaro_warm_high_dominance]
      R12  buy $  7,234.63   sel     $42,500.00   [strat=vaccaro_warm_high_dominance]
      R13  buy $ 25,971.24   sel     $42,000.00   [strat=vaccaro_warm_high_dominance]
      R14  buy $  6,799.31   sel     $41,500.00   [strat=vaccaro_warm_high_dominance]
      R15  buy $ 37,819.71   sel     $41,000.00   [strat=vaccaro_warm_high_dominance]
      R16  buy $ 11,651.14   sel     $40,500.00   [strat=vaccaro_warm_high_dominance]
   run 24 done in 5.7 min

   run 25/30 on 2023 Ford Mustang GT Premium  seed=20464444
      R 1  buy $ 18,676.54   sel     $44,500.00   [strat=vaccaro_warm_high_dominance] *
      R 2  buy $ 15,126.27   sel     $44,000.00   [strat=vaccaro_warm_high_dominance]
      R 3  buy $ 23,707.83   sel     $43,500.00   [strat=vaccaro_warm_high_dominance]
      R 4  buy $  1,055.51   sel     $43,000.00   [strat=vaccaro_warm_high_dominance]
      R 5  buy $ 18,010.29   sel     $42,500.00   [strat=vaccaro_warm_high_dominance]
      R 6  buy $    375.61   sel     $42,000.00   [strat=vaccaro_warm_high_dominance]
      R 7  buy $ 36,990.62   sel     $41,500.00   [strat=vaccaro_warm_high_dominance]
      R 8  buy $ 32,092.35   sel     $40,500.00   [strat=vaccaro_warm_high_dominance]
      R 9  buy $ 34,315.33   sel     $40,000.00   [strat=vaccaro_warm_high_dominance]
      R10  buy $ 37,762.35   sel     $39,500.00   [strat=vaccaro_warm_high_dominance]
      R11  buy $ 12,623.25   sel     $39,000.00   [strat=vaccaro_warm_high_dominance]
      R12  buy $ 25,833.32   sel     $38,500.00   [strat=vaccaro_warm_high_dominance]
      R13  buy $ 24,702.10   sel     $38,000.00   [strat=vaccaro_warm_high_dominance]
      R14  buy $ 18,069.81   sel     $37,500.00   [strat=vaccaro_warm_high_dominance]
      R15  buy $ 13,779.66   sel     $37,000.00   [strat=vaccaro_warm_high_dominance]
      R16  buy $ 15,708.16   sel     $36,500.00   [strat=vaccaro_warm_high_dominance]
   run 25 done in 5.5 min

   run 26/30 on 2023 Ford Mustang GT Premium  seed=20464445
      R 1  buy $ 24,909.66   sel     $44,500.00   [strat=vaccaro_warm_high_dominance] *
      R 2  buy $ 39,180.83   sel     $42,500.00   [strat=vaccaro_warm_high_dominance]
      R 3  buy $ 11,732.29   sel     $41,500.00   [strat=vaccaro_warm_high_dominance]
      R 4  buy $ 22,538.32   sel     $40,000.00   [strat=vaccaro_warm_high_dominance]
      R 5  buy $  5,554.93   sel     $39,500.00   [strat=vaccaro_warm_high_dominance]
      R 6  buy $ 25,016.27   sel     $39,000.00   [strat=vaccaro_warm_high_dominance]
      R 7  buy $ 28,313.54   sel     $38,500.00   [strat=vaccaro_warm_high_dominance]
      R 8  buy $  1,115.37   sel     $38,000.00   [strat=vaccaro_warm_high_dominance]
      R 9  buy $ 18,317.92   sel     $37,500.00   [strat=vaccaro_warm_high_dominance]
      R10  buy $ 30,850.11   sel     $37,000.00   [strat=vaccaro_warm_high_dominance]
      R11  buy $ 10,090.16   sel     $36,500.00   [strat=vaccaro_warm_high_dominance]
      R12  buy $ 36,447.65   sel     $36,500.00   [strat=vaccaro_warm_high_dominance]
      R13  buy $ 34,481.22   sel     $36,500.00   [strat=vaccaro_warm_high_dominance]
      R14  buy $ 13,541.75   sel     $36,500.00   [strat=vaccaro_warm_high_dominance]
      R15  buy $ 24,331.55   sel     $36,500.00   [strat=vaccaro_warm_high_dominance]
      R16  buy $ 26,754.24   sel     $36,447.65   [strat=vaccaro_warm_high_dominance]
   run 26 done in 6.5 min

   run 27/30 on 2023 Ford Mustang GT Premium  seed=20464446
      R 1  buy $ 10,311.61   sel     $44,500.00   [strat=vaccaro_warm_high_dominance] *
      R 2  buy $ 31,028.28   sel     $42,500.00   [strat=vaccaro_warm_high_dominance]
      R 3  buy $  2,047.92   sel     $41,500.00   [strat=vaccaro_warm_high_dominance]
      R 4  buy $ 29,521.24   sel     $40,500.00   [strat=vaccaro_warm_high_dominance]
      R 5  buy $ 25,468.01   sel     $39,500.00   [strat=vaccaro_warm_high_dominance]
      R 6  buy $  7,768.85   sel     $38,500.00   [strat=vaccaro_warm_high_dominance]
      R 7  buy $  4,726.87   sel     $38,000.00   [strat=vaccaro_warm_high_dominance]
      R 8  buy $ 36,979.23   sel     $37,500.00   [strat=vaccaro_warm_high_dominance]
      R 9  buy $ 22,316.73   sel     $37,000.00   [strat=vaccaro_warm_high_dominance]
      R10  buy $  9,228.68   sel     $36,500.00   [strat=vaccaro_warm_high_dominance]
      R11  buy $ 16,365.19   sel     $36,400.00   [strat=vaccaro_warm_high_dominance]
      R12  buy $ 18,060.89   sel     $36,200.00   [strat=vaccaro_warm_high_dominance]
      R13  buy $ 35,812.25   sel     $36,100.00   [strat=vaccaro_warm_high_dominance]
      R14  buy $ 27,013.22   sel     $36,100.00   [strat=vaccaro_warm_high_dominance]
      R15  buy $ 24,759.90   sel     $36,100.00   [strat=vaccaro_warm_high_dominance]
      R16  buy $ 16,104.62   sel     $36,100.00   [strat=vaccaro_warm_high_dominance]
   run 27 done in 6.4 min

   run 28/30 on 2023 Ford Mustang GT Premium  seed=20464447
      R 1  buy $ 34,363.21   sel     $44,500.00   [strat=vaccaro_warm_high_dominance] *
      R 2  buy $ 22,645.99   sel     $43,000.00   [strat=vaccaro_warm_high_dominance]
      R 3  buy $  7,347.11   sel     $42,000.00   [strat=vaccaro_warm_high_dominance]
      R 4  buy $ 29,238.96   sel     $41,000.00   [strat=vaccaro_warm_high_dominance]
      R 5  buy $ 39,750.65   sel     $40,500.00   [strat=vaccaro_warm_high_dominance]
      R 6  buy $ 32,403.08   sel     $40,000.00   [strat=vaccaro_warm_high_dominance]
      R 7  buy $ 12,529.72   sel     $39,500.00   [strat=vaccaro_warm_high_dominance]
      R 8  buy $ 18,014.14   sel     $39,000.00   [strat=vaccaro_warm_high_dominance]
      R 9  buy $  2,880.47   sel     $38,500.00   [strat=vaccaro_warm_high_dominance]
      R10  buy $  6,017.70   sel     $38,000.00   [strat=vaccaro_warm_high_dominance]
      R11  buy $ 23,061.55   sel     $37,500.00   [strat=vaccaro_warm_high_dominance]
      R12  buy $ 17,304.91   sel     $37,000.00   [strat=vaccaro_warm_high_dominance]
      R13  buy $ 17,327.08   sel     $36,500.00   [strat=vaccaro_warm_high_dominance]
      R14  buy $ 35,713.21   sel     $36,250.00   [strat=vaccaro_warm_high_dominance]
      R15  buy $    261.89   sel     $36,000.00   [strat=vaccaro_warm_high_dominance]
      R16  buy $ 34,745.91   sel     $36,000.00   [strat=vaccaro_warm_high_dominance]
   run 28 done in 6.0 min

   run 29/30 on 2023 Ford Mustang GT Premium  seed=20464448
      R 1  buy $ 26,764.23   sel     $44,500.00   [strat=vaccaro_warm_high_dominance] *
      R 2  buy $ 15,549.64   sel     $43,900.00   [strat=vaccaro_warm_high_dominance]
      R 3  buy $ 42,348.24   sel     $43,500.00   [strat=vaccaro_warm_high_dominance]
      R 4  buy $ 34,937.59   sel     $42,000.00   [strat=vaccaro_warm_high_dominance]
      R 5  buy $ 27,534.05   sel     $41,500.00   [strat=vaccaro_warm_high_dominance]
      R 6  buy $ 22,464.62   sel     $41,000.00   [strat=vaccaro_warm_high_dominance]
      R 7  buy $  8,935.28   sel     $40,500.00   [strat=vaccaro_warm_high_dominance]
      R 8  buy $ 27,432.48   sel     $40,000.00   [strat=vaccaro_warm_high_dominance]
      R 9  buy $  6,955.77   sel     $39,500.00   [strat=vaccaro_warm_high_dominance]
      R10  buy $ 35,556.46   sel     $39,000.00   [strat=vaccaro_warm_high_dominance]
      R11  buy $  9,728.44   sel     $38,500.00   [strat=vaccaro_warm_high_dominance]
      R12  buy $ 26,897.52   sel     $38,000.00   [strat=vaccaro_warm_high_dominance]
      R13  buy $ 14,843.33   sel     $37,500.00   [strat=vaccaro_warm_high_dominance]
      R14  buy $ 18,556.25   sel     $37,000.00   [strat=vaccaro_warm_high_dominance]
      R15  buy $ 33,622.33   sel     $36,500.00   [strat=vaccaro_warm_high_dominance]
      R16  buy $ 27,496.64   sel     $36,000.00   [strat=vaccaro_warm_high_dominance]
   run 29 done in 5.1 min

   run 30/30 on 2023 Ford Mustang GT Premium  seed=20464449
      R 1  buy $ 19,385.84   sel     $43,995.00   [strat=vaccaro_warm_high_dominance] *
      R 2  buy $ 12,748.04   sel     $42,995.00   [strat=vaccaro_warm_high_dominance]
      R 3  buy $ 23,387.44   sel     $42,500.00   [strat=vaccaro_warm_high_dominance]
      R 4  buy $ 37,314.10   sel     $42,000.00   [strat=vaccaro_warm_high_dominance]
      R 5  buy $ 21,109.14   sel     $41,500.00   [strat=vaccaro_warm_high_dominance]
      R 6  buy $ 40,730.81   sel     $41,000.00   [strat=vaccaro_warm_high_dominance]
      R 7  buy $ 16,384.30   sel     $40,500.00   [strat=vaccaro_warm_high_dominance]
      R 8  buy $    653.95   sel     $40,000.00   [strat=vaccaro_warm_high_dominance]
      R 9  buy $ 22,870.40   sel     $39,500.00   [strat=vaccaro_warm_high_dominance]
      R10  buy $ 18,878.09   sel     $39,000.00   [strat=vaccaro_warm_high_dominance]
      R11  buy $ 17,548.34   sel     $38,500.00   [strat=vaccaro_warm_high_dominance]
      R12  buy $ 16,725.43   sel     $38,000.00   [strat=vaccaro_warm_high_dominance]
      R13  buy $  4,527.95   sel     $37,500.00   [strat=vaccaro_warm_high_dominance]
      R14  buy $ 25,698.35   sel     $37,000.00   [strat=vaccaro_warm_high_dominance]
      R15  buy $ 32,282.84   sel     $36,500.00   [strat=vaccaro_warm_high_dominance]
      R16  buy $ 32,868.01   sel     $36,000.00   [strat=vaccaro_warm_high_dominance]
   run 30 done in 6.0 min

   ---> checkpoint: car 5/5 done in 178.4 min; total so far 960.0 min; saved 150 runs to exp02_fixed_vaccaro_warm_high_dominance.json

=== FINISH exp02_fixed_vaccaro_warm_high_dominance in 16.00 h (150 runs, 2400 calls planned) -> results\exp02_fixed_vaccaro_warm_high_dominance.json ===
