=== START exp06_transitionA_rep1 ===
    pid         : 20252
    hostname    : LAPTOP-B4TE0NRA
    state_file  : state\exp06_transitionA_rep1.state.json
    schedule    : twophase__friendly_rapport_builder__to__patient_value_defender@r9
    adaptive    : True  (switches=[9])
    n_rounds    : 16
    n_cars      : 5
    runs/car    : 30
    total runs  : 150  (total calls: 2400)
    model       : deepseek-reasoner  at https://api.deepseek.com
    base_seed   : 20260420
    output      : results\exp06_transitionA_rep1.json

--- CAR 1/5: 2014 Mercedes-Benz S550  (M=$96,000.00  cost=$19,000.00  cost/M=19.79%) ---

   run 1/30 on 2014 Mercedes-Benz S550  seed=20860420
      R 1  buy $  5,049.77   sel     $45,000.00   [strat=friendly_rapport_builder] *
      R 2  buy $ 26,146.50   sel     $40,000.00   [strat=friendly_rapport_builder]
      R 3  buy $ 35,759.51   sel     $38,000.00   [strat=friendly_rapport_builder]
      R 4  buy $ 31,080.03   sel     $36,500.00   [strat=friendly_rapport_builder]
      R 5  buy $ 11,462.12   sel     $36,000.00   [strat=friendly_rapport_builder]
      R 6  buy $ 11,612.86   sel     $35,500.00   [strat=friendly_rapport_builder]
      R 7  buy $ 16,438.15   sel     $35,000.00   [strat=friendly_rapport_builder]
      R 8  buy $  4,852.99   sel     $34,000.00   [strat=friendly_rapport_builder]
      R 9  buy $ 17,991.16   sel     $33,500.00   [strat=patient_value_defender] *
      R10  buy $ 30,920.11   sel     $32,500.00   [strat=patient_value_defender]
      R11  buy $  4,053.93   sel     $32,500.00   [strat=patient_value_defender]
      R12  buy $  8,430.39   sel     $32,000.00   [strat=patient_value_defender]
      R13  buy $  1,234.48   sel     $31,500.00   [strat=patient_value_defender]
      R14  buy $ 19,844.28   sel     $31,000.00   [strat=patient_value_defender]
      R15  buy $  4,021.05   sel     $30,500.00   [strat=patient_value_defender]
      R16  buy $ 18,452.26   sel     $30,000.00   [strat=patient_value_defender]
   run 1 done in 7.2 min

   run 2/30 on 2014 Mercedes-Benz S550  seed=20860421
      R 1  buy $ 58,852.23   sel     $64,995.00   [strat=friendly_rapport_builder] *
      R 2  buy $ 57,197.86   sel     $63,500.00   [strat=friendly_rapport_builder]
      R 3  buy $  9,492.97   sel     $62,000.00   [strat=friendly_rapport_builder]
      R 4  buy $ 38,751.20   sel     $59,500.00   [strat=friendly_rapport_builder]
      R 5  buy $ 35,115.75   sel     $57,000.00   [strat=friendly_rapport_builder]
      R 6  buy $ 45,952.11   sel     $55,000.00   [strat=friendly_rapport_builder]
      R 7  buy $ 39,718.60   sel     $52,000.00   [strat=friendly_rapport_builder]
      R 8  buy $ 49,969.54   sel     $50,900.00   [strat=friendly_rapport_builder]
      R 9  buy $ 40,678.00   sel     $48,500.00   [strat=patient_value_defender] *
      R10  buy $ 38,684.50   sel     $47,000.00   [strat=patient_value_defender]
      R11  buy $ 12,265.16   sel     $46,500.00   [strat=patient_value_defender]
      R12  buy $ 11,202.24   sel     $45,000.00   [strat=patient_value_defender]
      R13  buy $ 41,154.71   sel     $44,000.00   [strat=patient_value_defender]
      R14  buy $  1,096.53   sel     $43,000.00   [strat=patient_value_defender]
      R15  buy $  2,874.49   sel     $42,500.00   [strat=patient_value_defender]
      R16  buy $ 35,841.15   sel     $41,500.00   [strat=patient_value_defender]
   run 2 done in 6.1 min

   run 3/30 on 2014 Mercedes-Benz S550  seed=20860422
      R 1  buy $ 67,457.78   sel     $74,999.99   [strat=friendly_rapport_builder] *
      R 2  buy $ 74,424.34   sel     $74,888.88   [strat=friendly_rapport_builder]
      R 3  buy $ 64,877.40   sel     $72,999.99   [strat=friendly_rapport_builder]
      R 4  buy $  6,168.45   sel     $68,888.88   [strat=friendly_rapport_builder]
      R 5  buy $ 35,946.60   sel     $64,999.99   [strat=friendly_rapport_builder]
      R 6  buy $ 55,009.35   sel     $59,999.99   [strat=friendly_rapport_builder]
      R 7  buy $  8,850.86   sel     $54,999.99   [strat=friendly_rapport_builder]
      R 8  buy $ 50,008.98   sel     $52,999.99   [strat=friendly_rapport_builder]
      R 9  buy $    343.69   sel     $51,999.99   [strat=patient_value_defender] *
      R10  buy $ 50,077.23   sel     $50,999.99   [strat=patient_value_defender]
      R11  buy $ 48,323.73   sel     $49,999.99   [strat=patient_value_defender]
      R12  buy $ 24,579.40   sel     $49,999.99   [strat=patient_value_defender]
      R13  buy $ 41,104.63   sel     $47,999.99   [strat=patient_value_defender]
      R14  buy $ 14,789.45   sel     $44,999.99   [strat=patient_value_defender]
      R15  buy $ 24,824.33   sel     $39,999.99   [strat=patient_value_defender]
      R16  buy $ 25,840.80   sel     $38,888.88   [strat=patient_value_defender]
   run 3 done in 6.5 min

   run 4/30 on 2014 Mercedes-Benz S550  seed=20860423
      R 1  buy $ 84,309.41   sel     $90,000.00   [strat=friendly_rapport_builder] *
      R 2  buy $  6,139.56   sel     $87,000.00   [strat=friendly_rapport_builder]
      R 3  buy $ 56,381.99   sel     $79,500.00   [strat=friendly_rapport_builder]
      R 4  buy $ 50,574.46   sel     $75,000.00   [strat=friendly_rapport_builder]
      R 5  buy $ 59,260.51   sel     $72,500.00   [strat=friendly_rapport_builder]
      R 6  buy $ 34,712.08   sel     $70,000.00   [strat=friendly_rapport_builder]
      R 7  buy $ 52,557.95   sel     $65,000.00   [strat=friendly_rapport_builder]
      R 8  buy $  2,352.14   sel     $62,500.00   [strat=friendly_rapport_builder]
      R 9  buy $ 36,214.15   sel     $60,000.00   [strat=patient_value_defender] *
      R10  buy $ 59,456.83   sel     $59,456.83   [strat=patient_value_defender]
      R11  buy $ 30,574.75   sel     $57,000.00   [strat=patient_value_defender]
      R12  buy $ 16,628.47   sel     $56,000.00   [strat=patient_value_defender]
      R13  buy $ 55,540.24   sel     $55,750.00   [strat=patient_value_defender]
      R14  buy $ 37,912.43   sel     $55,000.00   [strat=patient_value_defender]
      R15  buy $ 40,115.49   sel     $54,500.00   [strat=patient_value_defender]
      R16  buy $ 40,451.72   sel     $52,000.00   [strat=patient_value_defender]
   run 4 done in 6.0 min

   run 5/30 on 2014 Mercedes-Benz S550  seed=20860424
      R 1  buy $ 23,340.73   sel     $28,500.00   [strat=friendly_rapport_builder] *
      R 2  buy $  3,033.22   sel     $27,900.00   [strat=friendly_rapport_builder]
      R 3  buy $  3,416.92   sel     $27,500.00   [strat=friendly_rapport_builder]
      R 4  buy $ 14,789.99   sel     $25,900.00   [strat=friendly_rapport_builder]
      R 5  buy $ 17,013.73   sel     $24,500.00   [strat=friendly_rapport_builder]
      R 6  buy $  4,443.93   sel     $24,000.00   [strat=friendly_rapport_builder]
      R 7  buy $ 13,010.03   sel     $23,500.00   [strat=friendly_rapport_builder]
      R 8  buy $ 14,893.50   sel     $23,000.00   [strat=friendly_rapport_builder]
      R 9  buy $ 22,876.56   sel     $22,876.56   [strat=patient_value_defender] *
      R10  buy $  2,633.55   sel     $22,500.00   [strat=patient_value_defender]
      R11  buy $  9,102.13   sel     $22,000.00   [strat=patient_value_defender]
      R12  buy $ 13,679.59   sel     $21,500.00   [strat=patient_value_defender]
      R13  buy $  8,922.49   sel     $21,000.00   [strat=patient_value_defender]
      R14  buy $ 17,812.15   sel     $20,500.00   [strat=patient_value_defender]
      R15  buy $ 11,437.53   sel     $20,000.00   [strat=patient_value_defender]
      R16  buy $ 19,957.16   sel     $19,957.16   [strat=patient_value_defender]
   run 5 done in 7.2 min

   run 6/30 on 2014 Mercedes-Benz S550  seed=20860425
      R 1  buy $ 43,329.08   sel     $46,000.00   [strat=friendly_rapport_builder] *
      R 2  buy $ 18,620.73   sel     $44,000.00   [strat=friendly_rapport_builder]
      R 3  buy $  6,777.52   sel     $42,000.00   [strat=friendly_rapport_builder]
      R 4  buy $ 15,179.31   sel     $40,000.00   [strat=friendly_rapport_builder]
      R 5  buy $ 34,674.51   sel     $38,000.00   [strat=friendly_rapport_builder]
      R 6  buy $ 22,885.89   sel     $36,000.00   [strat=friendly_rapport_builder]
      R 7  buy $ 20,001.24   sel     $34,000.00   [strat=friendly_rapport_builder]
      R 8  buy $ 25,163.72   sel     $32,000.00   [strat=friendly_rapport_builder]
      R 9  buy $ 19,284.99   sel     $30,000.00   [strat=patient_value_defender] *
      R10  buy $ 14,037.50   sel     $28,500.00   [strat=patient_value_defender]
      R11  buy $ 27,225.12   sel     $28,000.00   [strat=patient_value_defender]
      R12  buy $  2,026.63   sel     $27,000.00   [strat=patient_value_defender]
      R13  buy $  8,708.16   sel     $27,000.00   [strat=patient_value_defender]
      R14  buy $  2,623.91   sel     $27,000.00   [strat=patient_value_defender]
      R15  buy $ 19,167.32   sel     $24,000.00   [strat=patient_value_defender]
      R16  buy $ 18,577.83   sel     $22,500.00   [strat=patient_value_defender]
   run 6 done in 8.0 min

   run 7/30 on 2014 Mercedes-Benz S550  seed=20860426
      R 1  buy $ 82,135.79   sel     $89,995.00   [strat=friendly_rapport_builder] *
      R 2  buy $  6,340.46   sel     $79,995.00   [strat=friendly_rapport_builder]
      R 3  buy $  6,337.33   sel     $78,500.00   [strat=friendly_rapport_builder]
      R 4  buy $ 75,034.85   sel     $77,000.00   [strat=friendly_rapport_builder]
      R 5  buy $ 13,555.51   sel     $76,500.00   [strat=friendly_rapport_builder]
      R 6  buy $ 70,343.22   sel     $74,995.00   [strat=friendly_rapport_builder]
      R 7  buy $ 27,937.28   sel     $73,500.00   [strat=friendly_rapport_builder]
      R 8  buy $ 67,042.24   sel     $72,000.00   [strat=friendly_rapport_builder]
      R 9  buy $  3,721.39   sel     $71,500.00   [strat=patient_value_defender] *
      R10  buy $  1,309.08   sel     $71,000.00   [strat=patient_value_defender]
      R11  buy $ 38,558.37   sel     $70,000.00   [strat=patient_value_defender]
      R12  buy $ 14,173.29   sel     $69,500.00   [strat=patient_value_defender]
      R13  buy $ 15,882.14   sel     $69,000.00   [strat=patient_value_defender]
      R14  buy $  9,392.16   sel     $68,500.00   [strat=patient_value_defender]
      R15  buy $ 13,051.07   sel     $68,000.00   [strat=patient_value_defender]
      R16  buy $ 31,105.43   sel     $67,500.00   [strat=patient_value_defender]
   run 7 done in 5.9 min

   run 8/30 on 2014 Mercedes-Benz S550  seed=20860427
      R 1  buy $ 88,256.59   sel     $94,995.00   [strat=friendly_rapport_builder] *
      R 2  buy $ 79,438.32   sel     $92,500.00   [strat=friendly_rapport_builder]
      R 3  buy $ 34,312.05   sel     $89,995.00   [strat=friendly_rapport_builder]
      R 4  buy $ 20,587.80   sel     $87,500.00   [strat=friendly_rapport_builder]
      R 5  buy $ 71,533.81   sel     $84,995.00   [strat=friendly_rapport_builder]
      R 6  buy $ 53,285.31   sel     $82,995.00   [strat=friendly_rapport_builder]
      R 7  buy $ 16,676.78   sel     $81,995.00   [strat=friendly_rapport_builder]
      R 8  buy $ 28,428.98   sel     $79,995.00   [strat=friendly_rapport_builder]
      R 9  buy $ 20,966.15   sel     $77,500.00   [strat=patient_value_defender] *
      R10  buy $ 66,823.71   sel     $74,995.00   [strat=patient_value_defender]
      R11  buy $ 72,242.44   sel     $73,995.00   [strat=patient_value_defender]
      R12  buy $ 21,256.70   sel     $71,995.00   [strat=patient_value_defender]
      R13  buy $ 58,043.73   sel     $69,995.00   [strat=patient_value_defender]
      R14  buy $  5,886.91   sel     $68,995.00   [strat=patient_value_defender]
      R15  buy $ 26,485.21   sel     $67,995.00   [strat=patient_value_defender]
      R16  buy $ 19,582.24   sel     $66,995.00   [strat=patient_value_defender]
   run 8 done in 7.3 min

   run 9/30 on 2014 Mercedes-Benz S550  seed=20860428
      R 1  buy $ 30,619.51   sel     $39,500.00   [strat=friendly_rapport_builder] *
      R 2  buy $ 22,373.63   sel     $37,500.00   [strat=friendly_rapport_builder]
      R 3  buy $ 16,569.43   sel     $36,500.00   [strat=friendly_rapport_builder]
      R 4  buy $ 32,979.56   sel     $35,500.00   [strat=friendly_rapport_builder]
      R 5  buy $ 27,675.04   sel     $33,500.00   [strat=friendly_rapport_builder]
      R 6  buy $  7,625.26   sel     $32,000.00   [strat=friendly_rapport_builder]
      R 7  buy $ 31,543.45   sel     $31,750.00   [strat=friendly_rapport_builder]
      R 8  buy $ 16,289.51   sel     $31,500.00   [strat=friendly_rapport_builder]
      R 9  buy $ 22,288.25   sel     $30,000.00   [strat=patient_value_defender] *
      R10  buy $ 12,041.11   sel     $30,000.00   [strat=patient_value_defender]
      R11  buy $ 25,855.60   sel     $29,000.00   [strat=patient_value_defender]
      R12  buy $ 23,252.01   sel     $28,500.00   [strat=patient_value_defender]
      R13  buy $ 11,115.85   sel     $28,000.00   [strat=patient_value_defender]
      R14  buy $ 12,463.76   sel     $27,500.00   [strat=patient_value_defender]
      R15  buy $ 26,489.29   sel     $26,995.00   [strat=patient_value_defender]
      R16  buy $ 12,033.98   sel     $26,500.00   [strat=patient_value_defender]
   run 9 done in 8.1 min

   run 10/30 on 2014 Mercedes-Benz S550  seed=20860429
      R 1  buy $ 23,254.21   sel     $26,500.00   [strat=friendly_rapport_builder] *
      R 2  buy $  4,167.41   sel     $25,000.00   [strat=friendly_rapport_builder]
      R 3  buy $ 19,558.62   sel     $22,500.00   [strat=friendly_rapport_builder]
      R 4  buy $ 10,361.91   sel     $21,000.00   [strat=friendly_rapport_builder]
      R 5  buy $ 18,825.19   sel     $20,500.00   [strat=friendly_rapport_builder]
      R 6  buy $ 11,811.65   sel     $19,500.00   [strat=friendly_rapport_builder]
      R 7  buy $  3,106.71   sel     $19,250.00   [strat=friendly_rapport_builder]
      R 8  buy $  3,620.82   sel     $18,500.00   [strat=friendly_rapport_builder]
      R 9  buy $ 10,897.82   sel     $18,000.00   [strat=patient_value_defender] *
      R10  buy $  6,305.56   sel     $17,500.00   [strat=patient_value_defender]
      R11  buy $ 10,535.35   sel     $17,000.00   [strat=patient_value_defender]
      R12  buy $  4,965.06   sel     $16,500.00   [strat=patient_value_defender]
      R13  buy $  6,038.36   sel     $16,000.00   [strat=patient_value_defender]
      R14  buy $  3,468.79   sel     $19,000.00   [strat=patient_value_defender]
      R15  buy $  5,324.57   sel     $19,000.00   [strat=patient_value_defender]
      R16  buy $ 17,163.97   sel     $18,750.00   [strat=patient_value_defender]
   run 10 done in 7.7 min

   run 11/30 on 2014 Mercedes-Benz S550  seed=20860430
      R 1  buy $ 90,568.59   sel     $94,500.00   [strat=friendly_rapport_builder] *
      R 2  buy $ 28,989.65   sel     $92,500.00   [strat=friendly_rapport_builder]
      R 3  buy $ 86,041.86   sel     $90,000.00   [strat=friendly_rapport_builder]
      R 4  buy $ 39,914.87   sel     $87,500.00   [strat=friendly_rapport_builder]
      R 5  buy $ 78,340.32   sel     $85,000.00   [strat=friendly_rapport_builder]
      R 6  buy $ 48,379.42   sel     $82,000.00   [strat=friendly_rapport_builder]
      R 7  buy $ 40,520.91   sel     $80,000.00   [strat=friendly_rapport_builder]
      R 8  buy $ 37,090.51   sel     $79,000.00   [strat=friendly_rapport_builder]
      R 9  buy $ 11,201.13   sel     $79,000.00   [strat=patient_value_defender] *
      R10  buy $ 55,788.11   sel     $77,000.00   [strat=patient_value_defender]
      R11  buy $ 18,649.65   sel     $76,000.00   [strat=patient_value_defender]
      R12  buy $ 39,505.00   sel     $75,000.00   [strat=patient_value_defender]
      R13  buy $  5,169.24   sel     $74,000.00   [strat=patient_value_defender]
      R14  buy $ 14,552.18   sel     $73,000.00   [strat=patient_value_defender]
      R15  buy $ 49,038.63   sel     $72,000.00   [strat=patient_value_defender]
      R16  buy $ 68,676.02   sel     $71,000.00   [strat=patient_value_defender]
   run 11 done in 7.1 min

   run 12/30 on 2014 Mercedes-Benz S550  seed=20860431
      R 1  buy $ 80,691.80   sel     $91,995.00   [strat=friendly_rapport_builder] *
      R 2  buy $ 83,722.66   sel     $90,000.00   [strat=friendly_rapport_builder]
      R 3  buy $ 40,697.75   sel     $88,000.00   [strat=friendly_rapport_builder]
      R 4  buy $ 57,788.07   sel     $86,000.00   [strat=friendly_rapport_builder]
      R 5  buy $ 46,543.49   sel     $84,000.00   [strat=friendly_rapport_builder]
      R 6  buy $ 45,151.64   sel     $82,000.00   [strat=friendly_rapport_builder]
      R 7  buy $ 17,860.20   sel     $80,000.00   [strat=friendly_rapport_builder]
      R 8  buy $ 25,808.84   sel     $78,000.00   [strat=friendly_rapport_builder]
      R 9  buy $  3,910.13   sel     $76,000.00   [strat=patient_value_defender] *
      R10  buy $ 57,402.68   sel     $74,000.00   [strat=patient_value_defender]
      R11  buy $ 71,801.70   sel     $73,000.00   [strat=patient_value_defender]
      R12  buy $ 25,337.93   sel     $72,000.00   [strat=patient_value_defender]
      R13  buy $ 56,845.21   sel     $70,000.00   [strat=patient_value_defender]
      R14  buy $ 51,224.42   sel     $68,000.00   [strat=patient_value_defender]
      R15  buy $ 48,829.93   sel     $66,000.00   [strat=patient_value_defender]
      R16  buy $  7,181.62   sel     $50,000.00   [strat=patient_value_defender]
   run 12 done in 7.2 min

   run 13/30 on 2014 Mercedes-Benz S550  seed=20860432
      R 1  buy $ 13,445.76   sel     $25,500.00   [strat=friendly_rapport_builder] *
      R 2  buy $ 20,764.16   sel     $22,500.00   [strat=friendly_rapport_builder]
      R 3  buy $ 10,324.36   sel     $21,500.00   [strat=friendly_rapport_builder]
      R 4  buy $ 21,145.53   sel     $21,145.53   [strat=friendly_rapport_builder]
      R 5  buy $ 14,220.92   sel     $20,500.00   [strat=friendly_rapport_builder]
      R 6  buy $ 14,468.77   sel     $19,500.00   [strat=friendly_rapport_builder]
      R 7  buy $  7,582.42   sel     $18,500.00   [strat=friendly_rapport_builder]
      R 8  buy $  9,852.45   sel     $19,999.00   [strat=friendly_rapport_builder]
      R 9  buy $  9,476.57   sel     $19,500.00   [strat=patient_value_defender] *
      R10  buy $  2,101.99   sel     $19,250.00   [strat=patient_value_defender]
      R11  buy $  9,242.30   sel     $19,000.00   [strat=patient_value_defender]
      R12  buy $ 12,173.10   sel     $19,000.00   [strat=patient_value_defender]
      R13  buy $  4,374.81   sel     $19,000.00   [strat=patient_value_defender]
      R14  buy $ 16,702.59   sel     $19,000.00   [strat=patient_value_defender]
      R15  buy $  4,016.84   sel     $19,000.00   [strat=patient_value_defender]
      R16  buy $  4,637.84   sel     $19,000.00   [strat=patient_value_defender]
   run 13 done in 8.5 min

   run 14/30 on 2014 Mercedes-Benz S550  seed=20860433
      R 1  buy $ 31,714.21   sel     $31,714.21   [strat=friendly_rapport_builder] *
      R 2  buy $  2,963.31   sel     $31,000.00   [strat=friendly_rapport_builder]
      R 3  buy $  4,239.49   sel     $31,000.00   [strat=friendly_rapport_builder]
      R 4  buy $ 21,236.15   sel     $28,500.00   [strat=friendly_rapport_builder]
      R 5  buy $ 22,060.33   sel     $25,500.00   [strat=friendly_rapport_builder]
      R 6  buy $ 11,718.33   sel     $24,000.00   [strat=friendly_rapport_builder]
      R 7  buy $ 23,018.12   sel     $23,500.00   [strat=friendly_rapport_builder]
      R 8  buy $ 19,980.85   sel     $22,000.00   [strat=friendly_rapport_builder]
      R 9  buy $ 13,908.21   sel     $21,000.00   [strat=patient_value_defender] *
      R10  buy $ 18,436.77   sel     $20,500.00   [strat=patient_value_defender]
      R11  buy $  5,455.30   sel     $20,000.00   [strat=patient_value_defender]
      R12  buy $ 15,978.07   sel     $20,000.00   [strat=patient_value_defender]
      R13  buy $  3,873.05   sel     $20,000.00   [strat=patient_value_defender]
      R14  buy $  1,218.78   sel     $20,000.00   [strat=patient_value_defender]
      R15  buy $  7,044.85   sel     $20,000.00   [strat=patient_value_defender]
      R16  buy $  2,790.06   sel     $20,000.00   [strat=patient_value_defender]
   run 14 done in 7.6 min

   run 15/30 on 2014 Mercedes-Benz S550  seed=20860434
      R 1  buy $ 86,266.24   sel     $90,000.00   [strat=friendly_rapport_builder] *
      R 2  buy $ 26,227.16   sel     $89,000.00   [strat=friendly_rapport_builder]
      R 3  buy $ 74,559.68   sel     $86,000.00   [strat=friendly_rapport_builder]
      R 4  buy $ 28,780.61   sel     $85,000.00   [strat=friendly_rapport_builder]
      R 5  buy $ 82,338.99   sel     $84,000.00   [strat=friendly_rapport_builder]
      R 6  buy $  6,164.20   sel     $83,500.00   [strat=friendly_rapport_builder]
      R 7  buy $  2,062.38   sel     $83,000.00   [strat=friendly_rapport_builder]
      R 8  buy $ 25,594.12   sel     $82,500.00   [strat=friendly_rapport_builder]
      R 9  buy $ 22,057.16   sel     $82,000.00   [strat=patient_value_defender] *
      R10  buy $ 33,243.83   sel     $81,500.00   [strat=patient_value_defender]
      R11  buy $ 70,187.71   sel     $81,000.00   [strat=patient_value_defender]
      R12  buy $ 30,230.05   sel     $80,500.00   [strat=patient_value_defender]
      R13  buy $  8,829.37   sel     $80,000.00   [strat=patient_value_defender]
      R14  buy $ 37,761.93   sel     $79,500.00   [strat=patient_value_defender]
      R15  buy $ 57,242.89   sel     $79,000.00   [strat=patient_value_defender]
      R16  buy $ 31,137.69   sel     $78,500.00   [strat=patient_value_defender]
   run 15 done in 5.0 min

   run 16/30 on 2014 Mercedes-Benz S550  seed=20860435
      R 1  buy $ 46,443.42   sel     $55,000.00   [strat=friendly_rapport_builder] *
      R 2  buy $ 31,734.70   sel     $49,500.00   [strat=friendly_rapport_builder]
      R 3  buy $ 41,550.47   sel     $47,000.00   [strat=friendly_rapport_builder]
      R 4  buy $ 34,201.68   sel     $45,500.00   [strat=friendly_rapport_builder]
      R 5  buy $ 29,816.80   sel     $44,000.00   [strat=friendly_rapport_builder]
      R 6  buy $ 30,948.59   sel     $43,500.00   [strat=friendly_rapport_builder]
      R 7  buy $  4,140.98   sel     $42,500.00   [strat=friendly_rapport_builder]
      R 8  buy $ 22,606.19   sel     $41,000.00   [strat=friendly_rapport_builder]
      R 9  buy $  6,046.84   sel     $40,000.00   [strat=patient_value_defender] *
      R10  buy $ 22,980.48   sel     $38,000.00   [strat=patient_value_defender]
      R11  buy $ 10,421.40   sel     $37,000.00   [strat=patient_value_defender]
      R12  buy $ 14,729.08   sel     $36,000.00   [strat=patient_value_defender]
      R13  buy $ 21,760.72   sel     $34,000.00   [strat=patient_value_defender]
      R14  buy $ 15,000.02   sel     $32,000.00   [strat=patient_value_defender]
      R15  buy $ 14,220.81   sel     $31,000.00   [strat=patient_value_defender]
      R16  buy $ 22,278.46   sel     $30,000.00   [strat=patient_value_defender]
   run 16 done in 6.8 min

   run 17/30 on 2014 Mercedes-Benz S550  seed=20860436
      R 1  buy $ 62,315.93   sel     $70,000.00   [strat=friendly_rapport_builder] *
      R 2  buy $ 60,215.78   sel     $68,000.00   [strat=friendly_rapport_builder]
      R 3  buy $ 66,712.04   sel     $67,500.00   [strat=friendly_rapport_builder]
      R 4  buy $ 26,906.97   sel     $67,500.00   [strat=friendly_rapport_builder]
      R 5  buy $ 28,237.19   sel     $67,500.00   [strat=friendly_rapport_builder]
      R 6  buy $  7,929.29   sel     $67,000.00   [strat=friendly_rapport_builder]
      R 7  buy $ 48,547.45   sel     $65,000.00   [strat=friendly_rapport_builder]
      R 8  buy $ 25,970.95   sel     $62,000.00   [strat=friendly_rapport_builder]
      R 9  buy $ 55,413.08   sel     $60,000.00   [strat=patient_value_defender] *
      R10  buy $ 31,076.76   sel     $59,500.00   [strat=patient_value_defender]
      R11  buy $ 41,437.32   sel     $58,000.00   [strat=patient_value_defender]
      R12  buy $ 44,851.98   sel     $56,000.00   [strat=patient_value_defender]
      R13  buy $ 31,118.71   sel     $54,000.00   [strat=patient_value_defender]
      R14  buy $  4,168.82   sel     $54,000.00   [strat=patient_value_defender]
      R15  buy $ 15,765.20   sel     $53,000.00   [strat=patient_value_defender]
      R16  buy $ 42,274.82   sel     $52,000.00   [strat=patient_value_defender]
   run 17 done in 7.4 min

   run 18/30 on 2014 Mercedes-Benz S550  seed=20860437
      R 1  buy $ 13,849.63   sel     $15,499.99   [strat=friendly_rapport_builder] *
      R 2  buy $    988.64   sel     $15,500.00   [strat=friendly_rapport_builder]
      R 3  buy $ 12,568.07   sel     $15,500.00   [strat=friendly_rapport_builder]
      R 4  buy $ 14,776.62   sel     $15,250.00   [strat=friendly_rapport_builder]
      R 5  buy $ 11,918.67   sel     PARSE-FAIL   [strat=friendly_rapport_builder]
      R 6  buy $  7,371.09   sel     $15,250.00   [strat=friendly_rapport_builder]
      R 7  buy $ 14,288.28   sel     $15,000.00   [strat=friendly_rapport_builder]
      R 8  buy $ 12,591.14   sel     $19,500.00   [strat=friendly_rapport_builder]
      R 9  buy $ 14,698.24   sel     $19,250.00   [strat=patient_value_defender] *
      R10  buy $  3,637.84   sel     $19,000.00   [strat=patient_value_defender]
      R11  buy $  4,891.93   sel     $18,500.00   [strat=patient_value_defender]
      R12  buy $ 11,775.10   sel     $18,250.00   [strat=patient_value_defender]
      R13  buy $ 13,334.46   sel     $18,000.00   [strat=patient_value_defender]
      R14  buy $  4,265.78   sel     $17,750.00   [strat=patient_value_defender]
      R15  buy $  1,285.17   sel     $17,500.00   [strat=patient_value_defender]
      R16  buy $ 10,573.49   sel     $19,250.00   [strat=patient_value_defender]
   run 18 done in 9.6 min

   run 19/30 on 2014 Mercedes-Benz S550  seed=20860438
      R 1  buy $  4,815.72   sel     $38,000.00   [strat=friendly_rapport_builder] *
      R 2  buy $ 32,499.47   sel     $35,999.99   [strat=friendly_rapport_builder]
      R 3  buy $ 19,747.44   sel     $34,500.00   [strat=friendly_rapport_builder]
      R 4  buy $ 27,099.96   sel     $32,000.00   [strat=friendly_rapport_builder]
      R 5  buy $  3,600.30   sel     $29,550.00   [strat=friendly_rapport_builder]
      R 6  buy $  2,207.13   sel     $29,000.00   [strat=friendly_rapport_builder]
      R 7  buy $ 23,816.82   sel     $27,000.00   [strat=friendly_rapport_builder]
      R 8  buy $ 12,624.51   sel     $25,400.00   [strat=friendly_rapport_builder]
      R 9  buy $  7,032.38   sel     $24,500.00   [strat=patient_value_defender] *
      R10  buy $ 10,956.68   sel     $23,999.00   [strat=patient_value_defender]
      R11  buy $  9,036.09   sel     $23,500.00   [strat=patient_value_defender]
      R12  buy $ 11,876.88   sel     $22,500.00   [strat=patient_value_defender]
      R13  buy $ 15,350.28   sel     $21,500.00   [strat=patient_value_defender]
      R14  buy $ 12,406.23   sel     $20,000.00   [strat=patient_value_defender]
      R15  buy $ 16,218.97   sel     $20,000.00   [strat=patient_value_defender]
      R16  buy $  1,655.52   sel     $20,000.00   [strat=patient_value_defender]
   run 19 done in 5.0 min

   run 20/30 on 2014 Mercedes-Benz S550  seed=20860439
      R 1  buy $ 56,192.12   sel     $58,500.00   [strat=friendly_rapport_builder] *
      R 2  buy $ 51,970.92   sel     $56,000.00   [strat=friendly_rapport_builder]
      R 3  buy $ 15,832.07   sel     $56,000.00   [strat=friendly_rapport_builder]
      R 4  buy $ 10,291.34   sel     $53,000.00   [strat=friendly_rapport_builder]
      R 5  buy $    725.35   sel     $52,500.00   [strat=friendly_rapport_builder]
      R 6  buy $ 52,017.28   sel     $52,017.28   [strat=friendly_rapport_builder]
      R 7  buy $ 37,452.82   sel     $52,017.28   [strat=friendly_rapport_builder]
      R 8  buy $ 17,172.39   sel     $50,000.00   [strat=friendly_rapport_builder]
      R 9  buy $ 39,338.01   sel     $48,500.00   [strat=patient_value_defender] *
      R10  buy $ 12,085.13   sel     $47,000.00   [strat=patient_value_defender]
      R11  buy $ 30,521.40   sel     $44,000.00   [strat=patient_value_defender]
      R12  buy $ 16,395.96   sel     $42,000.00   [strat=patient_value_defender]
      R13  buy $ 16,397.34   sel     $40,000.00   [strat=patient_value_defender]
      R14  buy $  2,482.80   sel     $38,000.00   [strat=patient_value_defender]
      R15  buy $ 26,188.18   sel     $36,000.00   [strat=patient_value_defender]
      R16  buy $  1,597.57   sel     $35,000.00   [strat=patient_value_defender]
   run 20 done in 6.2 min

   run 21/30 on 2014 Mercedes-Benz S550  seed=20860440
      R 1  buy $ 87,346.16   sel     $94,346.16   [strat=friendly_rapport_builder] *
      R 2  buy $ 54,845.90   sel     $90,000.00   [strat=friendly_rapport_builder]
      R 3  buy $ 58,270.71   sel     $85,000.00   [strat=friendly_rapport_builder]
      R 4  buy $ 14,923.26   sel     $85,000.00   [strat=friendly_rapport_builder]
      R 5  buy $ 54,850.42   sel     $82,000.00   [strat=friendly_rapport_builder]
      R 6  buy $ 30,710.66   sel     $80,000.00   [strat=friendly_rapport_builder]
      R 7  buy $ 45,436.55   sel     $78,000.00   [strat=friendly_rapport_builder]
      R 8  buy $ 27,893.09   sel     $75,000.00   [strat=friendly_rapport_builder]
      R 9  buy $  2,325.71   sel     $74,000.00   [strat=patient_value_defender] *
      R10  buy $ 59,018.38   sel     $71,500.00   [strat=patient_value_defender]
      R11  buy $ 57,990.38   sel     $69,000.00   [strat=patient_value_defender]
      R12  buy $  3,670.37   sel     $72,000.00   [strat=patient_value_defender]
      R13  buy $  2,786.86   sel     $71,000.00   [strat=patient_value_defender]
      R14  buy $  1,030.85   sel     $70,000.00   [strat=patient_value_defender]
      R15  buy $ 42,880.93   sel     $68,000.00   [strat=patient_value_defender]
      R16  buy $ 37,442.87   sel     $65,000.00   [strat=patient_value_defender]
   run 21 done in 6.6 min

   run 22/30 on 2014 Mercedes-Benz S550  seed=20860441
      R 1  buy $ 63,638.56   sel     $70,000.00   [strat=friendly_rapport_builder] *
      R 2  buy $ 10,264.24   sel     $70,000.00   [strat=friendly_rapport_builder]
      R 3  buy $ 50,627.04   sel     $65,000.00   [strat=friendly_rapport_builder]
      R 4  buy $ 12,254.85   sel     $60,000.00   [strat=friendly_rapport_builder]
      R 5  buy $ 28,766.41   sel     $55,000.00   [strat=friendly_rapport_builder]
      R 6  buy $  5,603.73   sel     $45,000.00   [strat=friendly_rapport_builder]
      R 7  buy $ 39,162.83   sel     $42,000.00   [strat=friendly_rapport_builder]
      R 8  buy $  6,096.92   sel     $40,000.00   [strat=friendly_rapport_builder]
      R 9  buy $ 22,355.43   sel     $38,000.00   [strat=patient_value_defender] *
      R10  buy $ 33,922.13   sel     $36,000.00   [strat=patient_value_defender]
      R11  buy $ 33,506.85   sel     $35,000.00   [strat=patient_value_defender]
      R12  buy $ 16,474.57   sel     $35,000.00   [strat=patient_value_defender]
      R13  buy $ 13,989.77   sel     $35,000.00   [strat=patient_value_defender]
      R14  buy $  1,203.73   sel     $35,000.00   [strat=patient_value_defender]
      R15  buy $ 20,338.23   sel     $35,000.00   [strat=patient_value_defender]
      R16  buy $    975.18   sel     $35,000.00   [strat=patient_value_defender]
   run 22 done in 6.6 min

   run 23/30 on 2014 Mercedes-Benz S550  seed=20860442
      R 1  buy $ 68,622.12   sel     $83,900.00   [strat=friendly_rapport_builder] *
      R 2  buy $ 48,285.71   sel     $79,900.00   [strat=friendly_rapport_builder]
      R 3  buy $ 22,677.22   sel     $75,000.00   [strat=friendly_rapport_builder]
      R 4  buy $ 57,292.57   sel     $72,000.00   [strat=friendly_rapport_builder]
      R 5  buy $ 60,409.66   sel     $70,000.00   [strat=friendly_rapport_builder]
      R 6  buy $ 44,356.21   sel     $67,500.00   [strat=friendly_rapport_builder]
      R 7  buy $ 21,497.50   sel     $66,000.00   [strat=friendly_rapport_builder]
      R 8  buy $ 26,976.66   sel     $65,000.00   [strat=friendly_rapport_builder]
      R 9  buy $ 44,864.61   sel     $63,000.00   [strat=patient_value_defender] *
      R10  buy $ 22,672.06   sel     $62,500.00   [strat=patient_value_defender]
      R11  buy $ 18,255.99   sel     $62,000.00   [strat=patient_value_defender]
      R12  buy $  2,918.28   sel     $62,000.00   [strat=patient_value_defender]
      R13  buy $ 57,726.84   sel     $60,500.00   [strat=patient_value_defender]
      R14  buy $ 18,189.01   sel     $60,000.00   [strat=patient_value_defender]
      R15  buy $    639.03   sel     $60,000.00   [strat=patient_value_defender]
      R16  buy $ 31,930.40   sel     $50,000.00   [strat=patient_value_defender]
   run 23 done in 6.6 min

   run 24/30 on 2014 Mercedes-Benz S550  seed=20860443
      R 1  buy $  6,543.50   sel     $23,995.00   [strat=friendly_rapport_builder] *
      R 2  buy $ 16,325.67   sel     $22,000.00   [strat=friendly_rapport_builder]
      R 3  buy $  7,196.07   sel     $20,500.00   [strat=friendly_rapport_builder]
      R 4  buy $ 10,416.46   sel     $19,500.00   [strat=friendly_rapport_builder]
      R 5  buy $  7,670.02   sel     $18,900.00   [strat=friendly_rapport_builder]
      R 6  buy $  6,683.76   sel     $19,500.00   [strat=friendly_rapport_builder]
      R 7  buy $ 16,281.13   sel     $18,500.00   [strat=friendly_rapport_builder]
      R 8  buy $ 13,073.20   sel     $18,250.00   [strat=friendly_rapport_builder]
      R 9  buy $  2,449.30   sel     $18,250.00   [strat=patient_value_defender] *
      R10  buy $    349.11   sel     $19,500.00   [strat=patient_value_defender]
      R11  buy $ 17,626.07   sel     $19,250.00   [strat=patient_value_defender]
      R12  buy $ 15,530.24   sel     $19,000.00   [strat=patient_value_defender]
      R13  buy $ 11,890.24   sel     $19,000.00   [strat=patient_value_defender]
      R14  buy $  6,733.99   sel     $19,000.00   [strat=patient_value_defender]
      R15  buy $ 18,409.95   sel     $19,000.00   [strat=patient_value_defender]
      R16  buy $  1,332.63   sel     $19,000.00   [strat=patient_value_defender]
   run 24 done in 6.0 min

   run 25/30 on 2014 Mercedes-Benz S550  seed=20860444
      R 1  buy $ 45,569.72   sel     $49,999.99   [strat=friendly_rapport_builder] *
      R 2  buy $ 47,958.35   sel     $48,979.17   [strat=friendly_rapport_builder]
      R 3  buy $ 16,907.17   sel     $48,500.00   [strat=friendly_rapport_builder]
      R 4  buy $ 36,824.92   sel     $48,000.00   [strat=friendly_rapport_builder]
      R 5  buy $ 42,810.87   sel     $46,500.00   [strat=friendly_rapport_builder]
      R 6  buy $  3,406.69   sel     $45,500.00   [strat=friendly_rapport_builder]
      R 7  buy $ 14,067.06   sel     $44,500.00   [strat=friendly_rapport_builder]
      R 8  buy $ 34,199.09   sel     $39,999.99   [strat=friendly_rapport_builder]
      R 9  buy $ 14,414.55   sel     $36,500.00   [strat=patient_value_defender] *
      R10  buy $ 24,694.84   sel     $34,500.00   [strat=patient_value_defender]
      R11  buy $ 17,876.25   sel     $32,500.00   [strat=patient_value_defender]
      R12  buy $  9,960.59   sel     $30,000.00   [strat=patient_value_defender]
      R13  buy $ 25,934.54   sel     $28,500.00   [strat=patient_value_defender]
      R14  buy $ 14,132.10   sel     $27,000.00   [strat=patient_value_defender]
      R15  buy $ 18,001.15   sel     $26,500.00   [strat=patient_value_defender]
      R16  buy $ 17,550.36   sel     $25,000.00   [strat=patient_value_defender]
   run 25 done in 5.2 min

   run 26/30 on 2014 Mercedes-Benz S550  seed=20860445
      R 1  buy $ 85,861.09   sel     $94,500.00   [strat=friendly_rapport_builder] *
      R 2  buy $ 77,566.80   sel     $92,000.00   [strat=friendly_rapport_builder]
      R 3  buy $ 67,478.32   sel     $91,000.00   [strat=friendly_rapport_builder]
      R 4  buy $ 24,474.64   sel     $90,500.00   [strat=friendly_rapport_builder]
      R 5  buy $ 15,611.60   sel     $90,000.00   [strat=friendly_rapport_builder]
      R 6  buy $ 73,775.51   sel     $89,500.00   [strat=friendly_rapport_builder]
      R 7  buy $ 27,239.28   sel     $89,000.00   [strat=friendly_rapport_builder]
      R 8  buy $ 11,001.33   sel     $88,500.00   [strat=friendly_rapport_builder]
      R 9  buy $ 23,249.22   sel     $88,000.00   [strat=patient_value_defender] *
      R10  buy $ 20,794.81   sel     $88,000.00   [strat=patient_value_defender]
      R11  buy $ 34,334.98   sel     $87,500.00   [strat=patient_value_defender]
      R12  buy $ 83,464.01   sel     $86,000.00   [strat=patient_value_defender]
      R13  buy $ 54,573.15   sel     $85,000.00   [strat=patient_value_defender]
      R14  buy $ 22,590.98   sel     $84,500.00   [strat=patient_value_defender]
      R15  buy $  7,341.19   sel     $84,000.00   [strat=patient_value_defender]
      R16  buy $ 61,071.48   sel     $83,500.00   [strat=patient_value_defender]
   run 26 done in 5.4 min

   run 27/30 on 2014 Mercedes-Benz S550  seed=20860446
      R 1  buy $ 71,117.46   sel     $85,000.00   [strat=friendly_rapport_builder] *
      R 2  buy $ 56,150.00   sel     $75,000.00   [strat=friendly_rapport_builder]
      R 3  buy $ 71,652.07   sel     $73,500.00   [strat=friendly_rapport_builder]
      R 4  buy $ 37,768.80   sel     $72,000.00   [strat=friendly_rapport_builder]
      R 5  buy $ 13,223.93   sel     $71,500.00   [strat=friendly_rapport_builder]
      R 6  buy $ 55,920.68   sel     $65,000.00   [strat=friendly_rapport_builder]
      R 7  buy $ 21,371.38   sel     $60,000.00   [strat=friendly_rapport_builder]
      R 8  buy $ 47,933.55   sel     $57,500.00   [strat=friendly_rapport_builder]
      R 9  buy $ 36,148.09   sel     $55,000.00   [strat=patient_value_defender] *
      R10  buy $ 52,198.54   sel     $53,500.00   [strat=patient_value_defender]
      R11  buy $ 23,840.40   sel     $50,000.00   [strat=patient_value_defender]
      R12  buy $ 48,454.51   sel     $49,500.00   [strat=patient_value_defender]
      R13  buy $ 43,099.27   sel     $47,000.00   [strat=patient_value_defender]
      R14  buy $ 29,905.81   sel     $45,000.00   [strat=patient_value_defender]
      R15  buy $    388.37   sel     $45,000.00   [strat=patient_value_defender]
      R16  buy $ 25,053.32   sel     $40,000.00   [strat=patient_value_defender]
   run 27 done in 5.5 min

   run 28/30 on 2014 Mercedes-Benz S550  seed=20860447
      R 1  buy $ 29,730.90   sel     $34,500.00   [strat=friendly_rapport_builder] *
      R 2  buy $ 22,095.98   sel     $32,500.00   [strat=friendly_rapport_builder]
      R 3  buy $ 21,338.45   sel     $31,900.00   [strat=friendly_rapport_builder]
      R 4  buy $ 28,655.22   sel     $31,200.00   [strat=friendly_rapport_builder]
      R 5  buy $  9,790.40   sel     $30,500.00   [strat=friendly_rapport_builder]
      R 6  buy $  1,595.08   sel     $29,900.00   [strat=friendly_rapport_builder]
      R 7  buy $  6,471.05   sel     $29,500.00   [strat=friendly_rapport_builder]
      R 8  buy $ 13,549.61   sel     $29,000.00   [strat=friendly_rapport_builder]
      R 9  buy $ 11,389.03   sel     $29,500.00   [strat=patient_value_defender] *
      R10  buy $ 27,267.04   sel     $28,800.00   [strat=patient_value_defender]
      R11  buy $  8,374.24   sel     $28,500.00   [strat=patient_value_defender]
      R12  buy $  3,872.15   sel     $28,000.00   [strat=patient_value_defender]
      R13  buy $  4,947.77   sel     $27,500.00   [strat=patient_value_defender]
      R14  buy $ 13,575.49   sel     $27,000.00   [strat=patient_value_defender]
      R15  buy $ 12,148.64   sel     $26,500.00   [strat=patient_value_defender]
      R16  buy $ 15,465.36   sel     $26,000.00   [strat=patient_value_defender]
   run 28 done in 5.2 min

   run 29/30 on 2014 Mercedes-Benz S550  seed=20860448
      R 1  buy $ 13,105.86   sel     $23,995.00   [strat=friendly_rapport_builder] *
      R 2  buy $ 20,025.94   sel     $22,500.00   [strat=friendly_rapport_builder]
      R 3  buy $  8,983.40   sel     $21,500.00   [strat=friendly_rapport_builder]
      R 4  buy $  6,129.77   sel     $21,500.00   [strat=friendly_rapport_builder]
      R 5  buy $ 12,747.56   sel     $20,500.00   [strat=friendly_rapport_builder]
      R 6  buy $ 15,993.21   sel     $19,500.00   [strat=friendly_rapport_builder]
      R 7  buy $  6,455.31   sel     $19,500.00   [strat=friendly_rapport_builder]
      R 8  buy $ 12,701.96   sel     $19,500.00   [strat=friendly_rapport_builder]
      R 9  buy $  2,433.17   sel     $19,500.00   [strat=patient_value_defender] *
      R10  buy $  8,107.87   sel     $19,500.00   [strat=patient_value_defender]
      R11  buy $ 12,697.42   sel     $19,500.00   [strat=patient_value_defender]
      R12  buy $ 15,831.47   sel     $19,500.00   [strat=patient_value_defender]
      R13  buy $  1,180.21   sel     $19,500.00   [strat=patient_value_defender]
      R14  buy $  1,827.17   sel     $19,500.00   [strat=patient_value_defender]
      R15  buy $ 13,321.78   sel     $19,500.00   [strat=patient_value_defender]
      R16  buy $ 17,048.23   sel     $19,250.00   [strat=patient_value_defender]
   run 29 done in 7.3 min

   run 30/30 on 2014 Mercedes-Benz S550  seed=20860449
      R 1  buy $ 73,143.98   sel     $79,500.00   [strat=friendly_rapport_builder] *
      R 2  buy $ 73,226.25   sel     $78,250.00   [strat=friendly_rapport_builder]
      R 3  buy $ 10,975.14   sel     $77,500.00   [strat=friendly_rapport_builder]
      R 4  buy $ 77,001.64   sel     $77,001.64   [strat=friendly_rapport_builder]
      R 5  buy $ 51,292.38   sel     $76,500.00   [strat=friendly_rapport_builder]
      R 6  buy $ 51,406.13   sel     $75,000.00   [strat=friendly_rapport_builder]
      R 7  buy $ 47,742.42   sel     $74,500.00   [strat=friendly_rapport_builder]
      R 8  buy $ 42,387.42   sel     $74,000.00   [strat=friendly_rapport_builder]
      R 9  buy $ 28,683.41   sel     $73,500.00   [strat=patient_value_defender] *
      R10  buy $ 49,730.82   sel     $72,000.00   [strat=patient_value_defender]
      R11  buy $ 42,236.08   sel     $71,000.00   [strat=patient_value_defender]
      R12  buy $ 67,859.37   sel     $69,000.00   [strat=patient_value_defender]
      R13  buy $ 67,331.15   sel     $68,500.00   [strat=patient_value_defender]
      R14  buy $ 31,477.43   sel     $67,500.00   [strat=patient_value_defender]
      R15  buy $ 36,301.11   sel     $65,000.00   [strat=patient_value_defender]
      R16  buy $ 25,970.67   sel     $64,000.00   [strat=patient_value_defender]
   run 30 done in 5.1 min

   ---> checkpoint: car 1/5 done in 199.8 min; total so far 199.8 min; saved 30 runs to exp06_transitionA_rep1.json

--- CAR 2/5: 2016 Cadillac CTS 3.6 Luxury  (M=$45,000.00  cost=$15,750.00  cost/M=35.00%) ---

   run 1/30 on 2016 Cadillac CTS 3.6 Luxury  seed=20861420
      R 1  buy $ 11,894.52   sel     $16,995.00   [strat=friendly_rapport_builder] *
      R 2  buy $  9,797.60   sel     $16,495.00   [strat=friendly_rapport_builder]
      R 3  buy $ 10,059.05   sel     $16,250.00   [strat=friendly_rapport_builder]
      R 4  buy $  8,667.89   sel     $16,000.00   [strat=friendly_rapport_builder]
      R 5  buy $ 12,005.25   sel     $15,800.00   [strat=friendly_rapport_builder]
      R 6  buy $ 15,752.20   sel     $15,752.20   [strat=friendly_rapport_builder]
      R 7  buy $  3,781.49   sel     $15,750.00   [strat=friendly_rapport_builder]
      R 8  buy $ 15,183.49   sel     $15,750.00   [strat=friendly_rapport_builder]
      R 9  buy $ 10,840.32   sel     $15,650.00   [strat=patient_value_defender] *
      R10  buy $    569.76   sel     $15,600.00   [strat=patient_value_defender]
      R11  buy $  7,501.94   sel     $15,500.00   [strat=patient_value_defender]
      R12  buy $  2,625.45   sel     $15,500.00   [strat=patient_value_defender]
      R13  buy $ 11,536.80   sel     $15,450.00   [strat=patient_value_defender]
      R14  buy $    809.00   sel     $15,400.00   [strat=patient_value_defender]
      R15  buy $  3,759.84   sel     $15,350.00   [strat=patient_value_defender]
      R16  buy $  3,697.67   sel     $15,300.00   [strat=patient_value_defender]
   run 1 done in 6.4 min

   run 2/30 on 2016 Cadillac CTS 3.6 Luxury  seed=20861421
      R 1  buy $ 19,680.87   sel     $21,500.00   [strat=friendly_rapport_builder] *
      R 2  buy $ 16,068.23   sel     $20,500.00   [strat=friendly_rapport_builder]
      R 3  buy $  2,108.70   sel     $20,000.00   [strat=friendly_rapport_builder]
      R 4  buy $  4,739.68   sel     $19,500.00   [strat=friendly_rapport_builder]
      R 5  buy $    708.22   sel     $19,500.00   [strat=friendly_rapport_builder]
      R 6  buy $ 15,532.13   sel     $18,000.00   [strat=friendly_rapport_builder]
      R 7  buy $ 17,776.70   sel     $17,900.00   [strat=friendly_rapport_builder]
      R 8  buy $ 17,627.10   sel     $17,750.00   [strat=friendly_rapport_builder]
      R 9  buy $  2,456.40   sel     $17,750.00   [strat=patient_value_defender] *
      R10  buy $ 12,173.28   sel     $17,500.00   [strat=patient_value_defender]
      R11  buy $  3,206.48   sel     $17,500.00   [strat=patient_value_defender]
      R12  buy $ 14,604.82   sel     $17,000.00   [strat=patient_value_defender]
      R13  buy $ 16,521.00   sel     $16,750.00   [strat=patient_value_defender]
      R14  buy $  1,833.15   sel     $16,500.00   [strat=patient_value_defender]
      R15  buy $ 16,151.16   sel     $16,350.00   [strat=patient_value_defender]
      R16  buy $ 13,866.87   sel     $16,000.00   [strat=patient_value_defender]
   run 2 done in 5.6 min

   run 3/30 on 2016 Cadillac CTS 3.6 Luxury  seed=20861422
      R 1  buy $ 43,792.32   sel     $44,500.00   [strat=friendly_rapport_builder] *
      R 2  buy $ 10,326.50   sel     $44,146.41   [strat=friendly_rapport_builder]
      R 3  buy $  5,382.21   sel     $43,500.00   [strat=friendly_rapport_builder]
      R 4  buy $ 40,391.05   sel     $42,000.00   [strat=friendly_rapport_builder]
      R 5  buy $  5,126.85   sel     $41,500.00   [strat=friendly_rapport_builder]
      R 6  buy $ 16,467.00   sel     $41,500.00   [strat=friendly_rapport_builder]
      R 7  buy $ 22,234.34   sel     $40,000.00   [strat=friendly_rapport_builder]
      R 8  buy $ 12,395.49   sel     $39,500.00   [strat=friendly_rapport_builder]
      R 9  buy $ 31,180.11   sel     $38,000.00   [strat=patient_value_defender] *
      R10  buy $ 22,146.82   sel     $35,000.00   [strat=patient_value_defender]
      R11  buy $ 29,815.81   sel     $33,500.00   [strat=patient_value_defender]
      R12  buy $ 28,729.16   sel     $32,000.00   [strat=patient_value_defender]
      R13  buy $  1,242.58   sel     $31,500.00   [strat=patient_value_defender]
      R14  buy $ 28,429.31   sel     $30,000.00   [strat=patient_value_defender]
      R15  buy $ 27,426.43   sel     $30,000.00   [strat=patient_value_defender]
      R16  buy $ 17,456.87   sel     $29,500.00   [strat=patient_value_defender]
   run 3 done in 6.6 min

   run 4/30 on 2016 Cadillac CTS 3.6 Luxury  seed=20861423
      R 1  buy $  4,858.50   sel     $38,000.00   [strat=friendly_rapport_builder] *
      R 2  buy $ 16,934.55   sel     $35,000.00   [strat=friendly_rapport_builder]
      R 3  buy $  7,136.68   sel     $34,500.00   [strat=friendly_rapport_builder]
      R 4  buy $  9,452.37   sel     $34,500.00   [strat=friendly_rapport_builder]
      R 5  buy $  2,462.93   sel     $34,500.00   [strat=friendly_rapport_builder]
      R 6  buy $ 24,291.05   sel     $32,500.00   [strat=friendly_rapport_builder]
      R 7  buy $ 23,905.46   sel     $31,000.00   [strat=friendly_rapport_builder]
      R 8  buy $  7,795.71   sel     $30,500.00   [strat=friendly_rapport_builder]
      R 9  buy $ 11,769.48   sel     $28,500.00   [strat=patient_value_defender] *
      R10  buy $ 15,383.52   sel     $26,500.00   [strat=patient_value_defender]
      R11  buy $  1,468.82   sel     $25,000.00   [strat=patient_value_defender]
      R12  buy $ 15,921.58   sel     $24,500.00   [strat=patient_value_defender]
      R13  buy $  9,974.46   sel     $23,500.00   [strat=patient_value_defender]
      R14  buy $ 11,283.51   sel     $22,500.00   [strat=patient_value_defender]
      R15  buy $  4,390.08   sel     $21,500.00   [strat=patient_value_defender]
      R16  buy $ 20,387.91   sel     $20,950.00   [strat=patient_value_defender]
   run 4 done in 5.8 min

   run 5/30 on 2016 Cadillac CTS 3.6 Luxury  seed=20861424
      R 1  buy $ 33,853.46   sel     $34,500.00   [strat=friendly_rapport_builder] *
      R 2  buy $ 33,941.61   sel     $34,220.81   [strat=friendly_rapport_builder]
      R 3  buy $  3,356.70   sel     $34,000.00   [strat=friendly_rapport_builder]
      R 4  buy $ 22,382.32   sel     $33,500.00   [strat=friendly_rapport_builder]
      R 5  buy $  2,264.71   sel     $32,000.00   [strat=friendly_rapport_builder]
      R 6  buy $ 11,844.73   sel     $31,000.00   [strat=friendly_rapport_builder]
      R 7  buy $  6,551.95   sel     $30,000.00   [strat=friendly_rapport_builder]
      R 8  buy $ 26,719.41   sel     $28,359.71   [strat=friendly_rapport_builder]
      R 9  buy $  3,015.61   sel     $27,500.00   [strat=patient_value_defender] *
      R10  buy $    109.94   sel     $27,000.00   [strat=patient_value_defender]
      R11  buy $  9,641.77   sel     $26,500.00   [strat=patient_value_defender]
      R12  buy $    275.17   sel     $26,000.00   [strat=patient_value_defender]
      R13  buy $ 21,084.09   sel     $25,500.00   [strat=patient_value_defender]
      R14  buy $  2,319.32   sel     $25,000.00   [strat=patient_value_defender]
      R15  buy $ 15,938.87   sel     $24,000.00   [strat=patient_value_defender]
      R16  buy $ 10,985.56   sel     $23,000.00   [strat=patient_value_defender]
   run 5 done in 5.3 min

   run 6/30 on 2016 Cadillac CTS 3.6 Luxury  seed=20861425
      R 1  buy $  3,503.81   sel     $28,500.00   [strat=friendly_rapport_builder] *
      R 2  buy $ 23,775.68   sel     $26,000.00   [strat=friendly_rapport_builder]
      R 3  buy $  3,608.09   sel     $26,000.00   [strat=friendly_rapport_builder]
      R 4  buy $  9,488.64   sel     $24,500.00   [strat=friendly_rapport_builder]
      R 5  buy $ 20,088.73   sel     $22,500.00   [strat=friendly_rapport_builder]
      R 6  buy $    883.99   sel     $21,500.00   [strat=friendly_rapport_builder]
      R 7  buy $ 19,477.78   sel     $20,500.00   [strat=friendly_rapport_builder]
      R 8  buy $ 11,293.98   sel     $19,500.00   [strat=friendly_rapport_builder]
      R 9  buy $  8,106.35   sel     $18,000.00   [strat=patient_value_defender] *
      R10  buy $ 11,565.34   sel     $17,500.00   [strat=patient_value_defender]
      R11  buy $  1,979.10   sel     $17,500.00   [strat=patient_value_defender]
      R12  buy $ 10,392.00   sel     $16,999.00   [strat=patient_value_defender]
      R13  buy $  9,309.21   sel     $16,500.00   [strat=patient_value_defender]
      R14  buy $ 10,825.21   sel     $15,999.00   [strat=patient_value_defender]
      R15  buy $ 15,079.46   sel     $15,750.00   [strat=patient_value_defender]
      R16  buy $ 12,540.86   sel     $15,750.00   [strat=patient_value_defender]
   run 6 done in 7.7 min

   run 7/30 on 2016 Cadillac CTS 3.6 Luxury  seed=20861426
      R 1  buy $ 35,074.06   sel     $41,999.00   [strat=friendly_rapport_builder] *
      R 2  buy $ 18,114.66   sel     $39,999.00   [strat=friendly_rapport_builder]
      R 3  buy $ 33,204.10   sel     $38,500.00   [strat=friendly_rapport_builder]
      R 4  buy $ 34,319.97   sel     $37,500.00   [strat=friendly_rapport_builder]
      R 5  buy $ 33,361.02   sel     $36,500.00   [strat=friendly_rapport_builder]
      R 6  buy $ 20,725.44   sel     $35,500.00   [strat=friendly_rapport_builder]
      R 7  buy $ 19,508.25   sel     $34,000.00   [strat=friendly_rapport_builder]
      R 8  buy $ 23,916.59   sel     $33,000.00   [strat=friendly_rapport_builder]
      R 9  buy $ 25,907.64   sel     $32,500.00   [strat=patient_value_defender] *
      R10  buy $ 30,879.71   sel     $32,000.00   [strat=patient_value_defender]
      R11  buy $    939.85   sel     $31,500.00   [strat=patient_value_defender]
      R12  buy $  7,934.54   sel     $31,000.00   [strat=patient_value_defender]
      R13  buy $  8,289.90   sel     $31,000.00   [strat=patient_value_defender]
      R14  buy $  6,119.74   sel     $30,500.00   [strat=patient_value_defender]
      R15  buy $  6,495.72   sel     $30,000.00   [strat=patient_value_defender]
      R16  buy $ 28,751.62   sel     $29,500.00   [strat=patient_value_defender]
   run 7 done in 5.4 min

   run 8/30 on 2016 Cadillac CTS 3.6 Luxury  seed=20861427
      R 1  buy $  3,113.18   sel     $25,500.00   [strat=friendly_rapport_builder] *
      R 2  buy $  6,531.18   sel     $24,000.00   [strat=friendly_rapport_builder]
      R 3  buy $  7,846.92   sel     $23,500.00   [strat=friendly_rapport_builder]
      R 4  buy $  7,324.85   sel     $23,000.00   [strat=friendly_rapport_builder]
      R 5  buy $ 14,623.82   sel     $22,500.00   [strat=friendly_rapport_builder]
      R 6  buy $  7,154.32   sel     $21,500.00   [strat=friendly_rapport_builder]
      R 7  buy $  4,953.53   sel     $20,500.00   [strat=friendly_rapport_builder]
      R 8  buy $ 10,074.44   sel     $19,500.00   [strat=friendly_rapport_builder]
      R 9  buy $ 15,432.02   sel     $18,000.00   [strat=patient_value_defender] *
      R10  buy $ 16,638.81   sel     $17,500.00   [strat=patient_value_defender]
      R11  buy $  2,674.20   sel     $16,500.00   [strat=patient_value_defender]
      R12  buy $  3,336.66   sel     $16,000.00   [strat=patient_value_defender]
      R13  buy $ 13,083.95   sel     $15,500.00   [strat=patient_value_defender]
      R14  buy $  7,190.25   sel     $15,250.00   [strat=patient_value_defender]
      R15  buy $  9,145.97   sel     $15,000.00   [strat=patient_value_defender]
      R16  buy $  1,205.93   sel     $15,800.00   [strat=patient_value_defender]
   run 8 done in 5.5 min

   run 9/30 on 2016 Cadillac CTS 3.6 Luxury  seed=20861428
      R 1  buy $ 10,117.72   sel     $17,999.00   [strat=friendly_rapport_builder] *
      R 2  buy $  6,892.92   sel     $16,500.00   [strat=friendly_rapport_builder]
      R 3  buy $ 14,659.74   sel     $15,999.00   [strat=friendly_rapport_builder]
      R 4  buy $ 11,685.29   sel     $15,500.00   [strat=friendly_rapport_builder]
      R 5  buy $  1,022.00   sel     $15,500.00   [strat=friendly_rapport_builder]
      R 6  buy $    985.88   sel     $15,500.00   [strat=friendly_rapport_builder]
      R 7  buy $  2,066.61   sel     $15,500.00   [strat=friendly_rapport_builder]
      R 8  buy $  3,808.70   sel     $15,500.00   [strat=friendly_rapport_builder]
      R 9  buy $    856.48   sel     $15,500.00   [strat=patient_value_defender] *
      R10  buy $  5,249.12   sel     $15,500.00   [strat=patient_value_defender]
      R11  buy $  7,672.52   sel     $15,500.00   [strat=patient_value_defender]
      R12  buy $  9,660.98   sel     $15,500.00   [strat=patient_value_defender]
      R13  buy $  4,974.33   sel     $15,500.00   [strat=patient_value_defender]
      R14  buy $  6,034.46   sel     $15,500.00   [strat=patient_value_defender]
      R15  buy $  2,307.38   sel     $15,500.00   [strat=patient_value_defender]
      R16  buy $ 12,678.41   sel     $15,500.00   [strat=patient_value_defender]
   run 9 done in 4.4 min

   run 10/30 on 2016 Cadillac CTS 3.6 Luxury  seed=20861429
      R 1  buy $ 19,120.53   sel     $22,500.00   [strat=friendly_rapport_builder] *
      R 2  buy $ 14,025.73   sel     $21,800.00   [strat=friendly_rapport_builder]
      R 3  buy $ 20,739.18   sel     $21,200.00   [strat=friendly_rapport_builder]
      R 4  buy $  3,951.58   sel     $21,000.00   [strat=friendly_rapport_builder]
      R 5  buy $  3,561.19   sel     $20,500.00   [strat=friendly_rapport_builder]
      R 6  buy $    319.83   sel     $19,900.00   [strat=friendly_rapport_builder]
      R 7  buy $  7,014.07   sel     $19,800.00   [strat=friendly_rapport_builder]
      R 8  buy $  4,523.05   sel     $19,500.00   [strat=friendly_rapport_builder]
      R 9  buy $ 12,449.91   sel     $18,900.00   [strat=patient_value_defender] *
      R10  buy $ 14,093.31   sel     $18,500.00   [strat=patient_value_defender]
      R11  buy $ 10,789.62   sel     $18,200.00   [strat=patient_value_defender]
      R12  buy $  2,991.64   sel     $18,000.00   [strat=patient_value_defender]
      R13  buy $  9,692.16   sel     $17,800.00   [strat=patient_value_defender]
      R14  buy $  1,994.42   sel     $17,500.00   [strat=patient_value_defender]
      R15  buy $ 16,496.71   sel     $17,000.00   [strat=patient_value_defender]
      R16  buy $ 16,293.72   sel     $16,800.00   [strat=patient_value_defender]
   run 10 done in 5.3 min

   run 11/30 on 2016 Cadillac CTS 3.6 Luxury  seed=20861430
      R 1  buy $  1,321.68   sel     $16,800.00   [strat=friendly_rapport_builder] *
      R 2  buy $ 13,859.21   sel     $16,250.00   [strat=friendly_rapport_builder]
      R 3  buy $  1,760.04   sel     $15,999.00   [strat=friendly_rapport_builder]
      R 4  buy $  8,651.55   sel     $15,999.00   [strat=friendly_rapport_builder]
      R 5  buy $  9,738.20   sel     $15,999.00   [strat=friendly_rapport_builder]
      R 6  buy $  1,955.51   sel     $15,750.00   [strat=friendly_rapport_builder]
      R 7  buy $  6,654.05   sel     $15,600.00   [strat=friendly_rapport_builder]
      R 8  buy $  4,746.34   sel     $15,600.00   [strat=friendly_rapport_builder]
      R 9  buy $    288.33   sel     $15,600.00   [strat=patient_value_defender] *
      R10  buy $  7,612.99   sel     $15,600.00   [strat=patient_value_defender]
      R11  buy $  7,468.98   sel     $15,750.00   [strat=patient_value_defender]
      R12  buy $  5,875.28   sel     $15,750.00   [strat=patient_value_defender]
      R13  buy $ 10,447.29   sel     $15,500.00   [strat=patient_value_defender]
      R14  buy $  8,247.34   sel     $15,750.00   [strat=patient_value_defender]
      R15  buy $ 15,015.88   sel     $15,750.00   [strat=patient_value_defender]
      R16  buy $  8,664.24   sel     $15,750.00   [strat=patient_value_defender]
   run 11 done in 6.6 min

   run 12/30 on 2016 Cadillac CTS 3.6 Luxury  seed=20861431
      R 1  buy $ 16,454.96   sel     $17,995.00   [strat=friendly_rapport_builder] *
      R 2  buy $    568.81   sel     $17,500.00   [strat=friendly_rapport_builder]
      R 3  buy $  5,836.92   sel     $17,250.00   [strat=friendly_rapport_builder]
      R 4  buy $ 14,023.39   sel     $16,900.00   [strat=friendly_rapport_builder]
      R 5  buy $  8,178.45   sel     $16,500.00   [strat=friendly_rapport_builder]
      R 6  buy $ 16,390.16   sel     $16,445.00   [strat=friendly_rapport_builder]
      R 7  buy $  7,676.67   sel     $16,500.00   [strat=friendly_rapport_builder]
      R 8  buy $  3,918.61   sel     $16,400.00   [strat=friendly_rapport_builder]
      R 9  buy $  2,674.29   sel     $16,350.00   [strat=patient_value_defender] *
      R10  buy $  3,078.26   sel     $16,300.00   [strat=patient_value_defender]
      R11  buy $ 14,472.49   sel     $16,200.00   [strat=patient_value_defender]
      R12  buy $  2,651.18   sel     $16,200.00   [strat=patient_value_defender]
      R13  buy $ 13,699.90   sel     $16,000.00   [strat=patient_value_defender]
      R14  buy $ 10,588.44   sel     $15,900.00   [strat=patient_value_defender]
      R15  buy $  2,548.24   sel     $15,900.00   [strat=patient_value_defender]
      R16  buy $ 10,315.23   sel     $15,800.00   [strat=patient_value_defender]
   run 12 done in 5.8 min

   run 13/30 on 2016 Cadillac CTS 3.6 Luxury  seed=20861432
      R 1  buy $ 32,611.94   sel     $39,999.00   [strat=friendly_rapport_builder] *
      R 2  buy $ 22,330.65   sel     $38,500.00   [strat=friendly_rapport_builder]
      R 3  buy $  2,191.85   sel     $37,500.00   [strat=friendly_rapport_builder]
      R 4  buy $  2,803.95   sel     $37,500.00   [strat=friendly_rapport_builder]
      R 5  buy $ 29,769.16   sel     $34,500.00   [strat=friendly_rapport_builder]
      R 6  buy $ 13,306.41   sel     $33,500.00   [strat=friendly_rapport_builder]
      R 7  buy $ 10,892.45   sel     $32,500.00   [strat=friendly_rapport_builder]
      R 8  buy $ 29,555.90   sel     $31,000.00   [strat=friendly_rapport_builder]
      R 9  buy $ 11,231.32   sel     $30,500.00   [strat=patient_value_defender] *
      R10  buy $ 10,823.82   sel     $30,000.00   [strat=patient_value_defender]
      R11  buy $  7,277.75   sel     $29,500.00   [strat=patient_value_defender]
      R12  buy $ 20,655.77   sel     $28,500.00   [strat=patient_value_defender]
      R13  buy $  6,163.47   sel     $27,500.00   [strat=patient_value_defender]
      R14  buy $ 14,762.01   sel     $26,500.00   [strat=patient_value_defender]
      R15  buy $ 21,467.80   sel     $25,000.00   [strat=patient_value_defender]
      R16  buy $ 17,458.12   sel     $24,000.00   [strat=patient_value_defender]
   run 13 done in 4.8 min

   run 14/30 on 2016 Cadillac CTS 3.6 Luxury  seed=20861433
      R 1  buy $ 20,054.05   sel     $22,500.00   [strat=friendly_rapport_builder] *
      R 2  buy $  5,886.55   sel     $21,000.00   [strat=friendly_rapport_builder]
      R 3  buy $ 10,577.35   sel     $19,500.00   [strat=friendly_rapport_builder]
      R 4  buy $ 15,264.08   sel     $18,500.00   [strat=friendly_rapport_builder]
      R 5  buy $  2,759.65   sel     $18,500.00   [strat=friendly_rapport_builder]
      R 6  buy $  2,210.74   sel     $18,500.00   [strat=friendly_rapport_builder]
      R 7  buy $  7,899.74   sel     $17,500.00   [strat=friendly_rapport_builder]
      R 8  buy $  5,625.17   sel     $17,000.00   [strat=friendly_rapport_builder]
      R 9  buy $ 15,620.79   sel     $16,500.00   [strat=patient_value_defender] *
      R10  buy $ 16,041.54   sel     $16,300.00   [strat=patient_value_defender]
      R11  buy $    933.63   sel     $16,200.00   [strat=patient_value_defender]
      R12  buy $  2,481.05   sel     $16,200.00   [strat=patient_value_defender]
      R13  buy $  1,151.61   sel     $16,000.00   [strat=patient_value_defender]
      R14  buy $ 15,385.46   sel     $15,900.00   [strat=patient_value_defender]
      R15  buy $  4,254.84   sel     $15,800.00   [strat=patient_value_defender]
      R16  buy $ 11,970.92   sel     $15,775.00   [strat=patient_value_defender]
   run 14 done in 5.7 min

   run 15/30 on 2016 Cadillac CTS 3.6 Luxury  seed=20861434
      R 1  buy $  3,473.87   sel     $28,500.00   [strat=friendly_rapport_builder] *
      R 2  buy $ 20,988.21   sel     $24,500.00   [strat=friendly_rapport_builder]
      R 3  buy $ 22,869.32   sel     $23,600.00   [strat=friendly_rapport_builder]
      R 4  buy $  6,076.39   sel     $23,600.00   [strat=friendly_rapport_builder]
      R 5  buy $ 21,965.77   sel     $23,200.00   [strat=friendly_rapport_builder]
      R 6  buy $ 16,601.21   sel     $22,800.00   [strat=friendly_rapport_builder]
      R 7  buy $ 10,072.43   sel     $22,500.00   [strat=friendly_rapport_builder]
      R 8  buy $ 15,795.57   sel     $15,795.57   [strat=friendly_rapport_builder]
      R 9  buy $  4,717.46   sel     $15,795.57   [strat=patient_value_defender] *
      R10  buy $  6,562.12   sel     $15,795.57   [strat=patient_value_defender]
      R11  buy $ 14,693.74   sel     $15,795.57   [strat=patient_value_defender]
      R12  buy $  4,014.40   sel     $15,795.57   [strat=patient_value_defender]
      R13  buy $    693.43   sel     $15,795.57   [strat=patient_value_defender]
      R14  buy $  5,589.86   sel     $15,795.57   [strat=patient_value_defender]
      R15  buy $  2,677.20   sel     $15,795.57   [strat=patient_value_defender]
      R16  buy $ 13,686.13   sel     $15,795.57   [strat=patient_value_defender]
   run 15 done in 4.7 min

   run 16/30 on 2016 Cadillac CTS 3.6 Luxury  seed=20861435
      R 1  buy $ 21,704.94   sel     $23,499.94   [strat=friendly_rapport_builder] *
      R 2  buy $  3,880.95   sel     $22,500.00   [strat=friendly_rapport_builder]
      R 3  buy $  1,873.84   sel     $21,999.94   [strat=friendly_rapport_builder]
      R 4  buy $  7,828.26   sel     $21,499.94   [strat=friendly_rapport_builder]
      R 5  buy $ 20,042.03   sel     $20,499.94   [strat=friendly_rapport_builder]
      R 6  buy $  2,507.95   sel     $19,999.94   [strat=friendly_rapport_builder]
      R 7  buy $ 13,451.99   sel     $18,999.94   [strat=friendly_rapport_builder]
      R 8  buy $  3,935.13   sel     $17,999.94   [strat=friendly_rapport_builder]
      R 9  buy $ 16,785.65   sel     $16,785.65   [strat=patient_value_defender] *
      R10  buy $  7,300.33   sel     $17,499.94   [strat=patient_value_defender]
      R11  buy $  3,471.31   sel     $16,785.65   [strat=patient_value_defender]
      R12  buy $  8,704.06   sel     $16,499.94   [strat=patient_value_defender]
      R13  buy $    916.96   sel     $15,999.94   [strat=patient_value_defender]
      R14  buy $    395.32   sel     $15,799.94   [strat=patient_value_defender]
      R15  buy $ 14,105.80   sel     $15,789.94   [strat=patient_value_defender]
      R16  buy $  3,577.61   sel     $15,769.94   [strat=patient_value_defender]
   run 16 done in 7.5 min

   run 17/30 on 2016 Cadillac CTS 3.6 Luxury  seed=20861436
      R 1  buy $ 22,375.04   sel     $24,000.00   [strat=friendly_rapport_builder] *
      R 2  buy $ 23,888.27   sel     $23,950.00   [strat=friendly_rapport_builder]
      R 3  buy $ 21,452.88   sel     $23,500.00   [strat=friendly_rapport_builder]
      R 4  buy $ 19,202.71   sel     $22,500.00   [strat=friendly_rapport_builder]
      R 5  buy $ 16,526.33   sel     $19,500.00   [strat=friendly_rapport_builder]
      R 6  buy $  8,109.58   sel     $18,000.00   [strat=friendly_rapport_builder]
      R 7  buy $ 17,428.41   sel     $17,800.00   [strat=friendly_rapport_builder]
      R 8  buy $  5,288.04   sel     $16,500.00   [strat=friendly_rapport_builder]
      R 9  buy $  1,034.55   sel     $15,900.00   [strat=patient_value_defender] *
      R10  buy $  1,770.18   sel     $15,800.00   [strat=patient_value_defender]
      R11  buy $  1,524.03   sel     $15,750.00   [strat=patient_value_defender]
      R12  buy $ 13,266.33   sel     $15,500.00   [strat=patient_value_defender]
      R13  buy $  6,272.82   sel     $15,750.00   [strat=patient_value_defender]
      R14  buy $ 10,175.79   sel     $15,500.00   [strat=patient_value_defender]
      R15  buy $    589.27   sel     $15,750.00   [strat=patient_value_defender]
      R16  buy $ 14,871.90   sel     $15,750.00   [strat=patient_value_defender]
   run 17 done in 6.2 min

   run 18/30 on 2016 Cadillac CTS 3.6 Luxury  seed=20861437
      R 1  buy $ 28,472.07   sel     $32,500.00   [strat=friendly_rapport_builder] *
      R 2  buy $  4,793.78   sel     $30,000.00   [strat=friendly_rapport_builder]
      R 3  buy $  1,561.67   sel     $27,500.00   [strat=friendly_rapport_builder]
      R 4  buy $  1,089.04   sel     $26,500.00   [strat=friendly_rapport_builder]
      R 5  buy $ 19,579.31   sel     $24,500.00   [strat=friendly_rapport_builder]
      R 6  buy $  3,013.17   sel     $23,900.00   [strat=friendly_rapport_builder]
      R 7  buy $  2,355.23   sel     $21,800.00   [strat=friendly_rapport_builder]
      R 8  buy $ 19,194.16   sel     $19,900.00   [strat=friendly_rapport_builder]
      R 9  buy $  7,426.11   sel     $19,500.00   [strat=patient_value_defender] *
      R10  buy $ 18,580.91   sel     $19,250.00   [strat=patient_value_defender]
      R11  buy $ 10,835.10   sel     $18,999.00   [strat=patient_value_defender]
      R12  buy $  3,364.31   sel     $18,500.00   [strat=patient_value_defender]
      R13  buy $  2,705.46   sel     $18,400.00   [strat=patient_value_defender]
      R14  buy $ 15,359.47   sel     $16,900.00   [strat=patient_value_defender]
      R15  buy $  6,431.16   sel     $16,500.00   [strat=patient_value_defender]
      R16  buy $  5,803.52   sel     $16,250.00   [strat=patient_value_defender]
   run 18 done in 5.5 min

   run 19/30 on 2016 Cadillac CTS 3.6 Luxury  seed=20861438
      R 1  buy $  3,149.69   sel     $28,000.00   [strat=friendly_rapport_builder] *
      R 2  buy $  9,445.37   sel     $26,500.00   [strat=friendly_rapport_builder]
      R 3  buy $ 12,236.80   sel     $25,000.00   [strat=friendly_rapport_builder]
      R 4  buy $ 24,047.45   sel     $24,047.45   [strat=friendly_rapport_builder]
      R 5  buy $ 11,764.99   sel     $25,000.00   [strat=friendly_rapport_builder]
      R 6  buy $ 11,203.26   sel     $24,500.00   [strat=friendly_rapport_builder]
      R 7  buy $ 23,864.67   sel     $23,864.67   [strat=friendly_rapport_builder]
      R 8  buy $ 21,235.93   sel     $23,500.00   [strat=friendly_rapport_builder]
      R 9  buy $ 15,702.44   sel     $22,000.00   [strat=patient_value_defender] *
      R10  buy $ 20,138.80   sel     $21,500.00   [strat=patient_value_defender]
      R11  buy $     20.27   sel     $21,500.00   [strat=patient_value_defender]
      R12  buy $  2,864.00   sel     $21,000.00   [strat=patient_value_defender]
      R13  buy $  7,570.45   sel     $20,500.00   [strat=patient_value_defender]
      R14  buy $ 14,419.28   sel     $19,500.00   [strat=patient_value_defender]
      R15  buy $  3,809.12   sel     $19,000.00   [strat=patient_value_defender]
      R16  buy $  3,705.66   sel     $18,500.00   [strat=patient_value_defender]
   run 19 done in 5.2 min

   run 20/30 on 2016 Cadillac CTS 3.6 Luxury  seed=20861439
      R 1  buy $ 43,836.46   sel     $44,500.00   [strat=friendly_rapport_builder] *
      R 2  buy $ 14,049.27   sel     $44,000.00   [strat=friendly_rapport_builder]
      R 3  buy $ 13,440.98   sel     $42,000.00   [strat=friendly_rapport_builder]
      R 4  buy $ 11,841.56   sel     $40,000.00   [strat=friendly_rapport_builder]
      R 5  buy $ 26,808.39   sel     $38,000.00   [strat=friendly_rapport_builder]
      R 6  buy $ 35,557.16   sel     $36,500.00   [strat=friendly_rapport_builder]
      R 7  buy $ 13,088.88   sel     $35,000.00   [strat=friendly_rapport_builder]
      R 8  buy $ 10,431.50   sel     $34,500.00   [strat=friendly_rapport_builder]
      R 9  buy $  3,679.41   sel     $33,000.00   [strat=patient_value_defender] *
      R10  buy $ 28,141.58   sel     $32,000.00   [strat=patient_value_defender]
      R11  buy $ 13,615.47   sel     $31,000.00   [strat=patient_value_defender]
      R12  buy $  8,340.64   sel     $30,000.00   [strat=patient_value_defender]
      R13  buy $  2,811.92   sel     $29,000.00   [strat=patient_value_defender]
      R14  buy $  8,461.05   sel     $29,000.00   [strat=patient_value_defender]
      R15  buy $ 11,455.38   sel     $28,500.00   [strat=patient_value_defender]
      R16  buy $ 10,482.79   sel     $27,000.00   [strat=patient_value_defender]
   run 20 done in 5.7 min

   run 21/30 on 2016 Cadillac CTS 3.6 Luxury  seed=20861440
      R 1  buy $ 42,335.23   sel     $44,000.00   [strat=friendly_rapport_builder] *
      R 2  buy $ 10,214.38   sel     $43,000.00   [strat=friendly_rapport_builder]
      R 3  buy $ 12,341.96   sel     $42,500.00   [strat=friendly_rapport_builder]
      R 4  buy $  8,343.49   sel     $42,000.00   [strat=friendly_rapport_builder]
      R 5  buy $  1,200.22   sel     $41,500.00   [strat=friendly_rapport_builder]
      R 6  buy $ 14,468.25   sel     $41,000.00   [strat=friendly_rapport_builder]
      R 7  buy $ 25,155.00   sel     $40,500.00   [strat=friendly_rapport_builder]
      R 8  buy $  2,263.39   sel     $40,000.00   [strat=friendly_rapport_builder]
      R 9  buy $ 33,563.64   sel     $39,000.00   [strat=patient_value_defender] *
      R10  buy $  9,160.73   sel     $38,500.00   [strat=patient_value_defender]
      R11  buy $  8,467.62   sel     $38,000.00   [strat=patient_value_defender]
      R12  buy $ 12,168.13   sel     $37,500.00   [strat=patient_value_defender]
      R13  buy $  3,628.60   sel     $37,000.00   [strat=patient_value_defender]
      R14  buy $ 21,863.39   sel     $35,000.00   [strat=patient_value_defender]
      R15  buy $    768.63   sel     $36,500.00   [strat=patient_value_defender]
      R16  buy $ 29,627.05   sel     $34,500.00   [strat=patient_value_defender]
   run 21 done in 5.1 min

   run 22/30 on 2016 Cadillac CTS 3.6 Luxury  seed=20861441
      R 1  buy $ 18,481.98   sel     $20,000.00   [strat=friendly_rapport_builder] *
      R 2  buy $  6,690.47   sel     $19,500.00   [strat=friendly_rapport_builder]
      R 3  buy $  6,180.08   sel     $19,000.00   [strat=friendly_rapport_builder]
      R 4  buy $  3,668.95   sel     $18,500.00   [strat=friendly_rapport_builder]
      R 5  buy $  7,331.49   sel     $18,000.00   [strat=friendly_rapport_builder]
      R 6  buy $  8,182.34   sel     $17,500.00   [strat=friendly_rapport_builder]
      R 7  buy $ 12,120.87   sel     $17,000.00   [strat=friendly_rapport_builder]
      R 8  buy $ 11,444.46   sel     $16,500.00   [strat=friendly_rapport_builder]
      R 9  buy $  2,602.81   sel     $16,000.00   [strat=patient_value_defender] *
      R10  buy $ 11,582.04   sel     $15,900.00   [strat=patient_value_defender]
      R11  buy $  5,270.90   sel     $15,800.00   [strat=patient_value_defender]
      R12  buy $  5,578.31   sel     $15,780.00   [strat=patient_value_defender]
      R13  buy $ 13,148.82   sel     $15,760.00   [strat=patient_value_defender]
      R14  buy $  4,549.59   sel     $15,755.00   [strat=patient_value_defender]
      R15  buy $  5,343.22   sel     $15,755.00   [strat=patient_value_defender]
      R16  buy $  8,040.87   sel     $15,755.00   [strat=patient_value_defender]
   run 22 done in 6.0 min

   run 23/30 on 2016 Cadillac CTS 3.6 Luxury  seed=20861442
      R 1  buy $ 28,105.09   sel     $32,000.00   [strat=friendly_rapport_builder] *
      R 2  buy $ 24,863.57   sel     $29,500.00   [strat=friendly_rapport_builder]
      R 3  buy $ 12,470.64   sel     $28,900.00   [strat=friendly_rapport_builder]
      R 4  buy $ 27,246.63   sel     $28,000.00   [strat=friendly_rapport_builder]
      R 5  buy $  3,520.05   sel     $27,500.00   [strat=friendly_rapport_builder]
      R 6  buy $ 20,652.50   sel     $26,000.00   [strat=friendly_rapport_builder]
      R 7  buy $ 24,363.84   sel     $25,500.00   [strat=friendly_rapport_builder]
      R 8  buy $  6,760.00   sel     $24,500.00   [strat=friendly_rapport_builder]
      R 9  buy $ 19,332.74   sel     $23,500.00   [strat=patient_value_defender] *
      R10  buy $ 19,033.59   sel     $22,500.00   [strat=patient_value_defender]
      R11  buy $  4,713.97   sel     $22,000.00   [strat=patient_value_defender]
      R12  buy $ 15,370.19   sel     $21,000.00   [strat=patient_value_defender]
      R13  buy $  6,444.15   sel     $20,000.00   [strat=patient_value_defender]
      R14  buy $ 13,778.03   sel     $19,500.00   [strat=patient_value_defender]
      R15  buy $  5,976.70   sel     $18,500.00   [strat=patient_value_defender]
      R16  buy $  7,650.76   sel     $18,500.00   [strat=patient_value_defender]
   run 23 done in 7.2 min

   run 24/30 on 2016 Cadillac CTS 3.6 Luxury  seed=20861443
      R 1  buy $ 42,713.57   sel     $44,500.00   [strat=friendly_rapport_builder] *
      R 2  buy $  1,822.67   sel     $43,900.00   [strat=friendly_rapport_builder]
      R 3  buy $    544.92   sel     $42,800.00   [strat=friendly_rapport_builder]
      R 4  buy $ 22,339.95   sel     $42,500.00   [strat=friendly_rapport_builder]
      R 5  buy $ 39,799.63   sel     $41,500.00   [strat=friendly_rapport_builder]
      R 6  buy $  4,048.82   sel     $40,500.00   [strat=friendly_rapport_builder]
      R 7  buy $  4,743.55   sel     $39,000.00   [strat=friendly_rapport_builder]
      R 8  buy $ 12,271.11   sel     $38,000.00   [strat=friendly_rapport_builder]
      R 9  buy $  9,118.36   sel     $37,500.00   [strat=patient_value_defender] *
      R10  buy $ 32,478.78   sel     $34,500.00   [strat=patient_value_defender]
      R11  buy $ 20,287.31   sel     $29,500.00   [strat=patient_value_defender]
      R12  buy $  9,645.88   sel     $27,500.00   [strat=patient_value_defender]
      R13  buy $    778.38   sel     $26,500.00   [strat=patient_value_defender]
      R14  buy $ 13,894.29   sel     $26,500.00   [strat=patient_value_defender]
      R15  buy $  7,748.45   sel     $25,000.00   [strat=patient_value_defender]
      R16  buy $ 24,570.53   sel     $25,000.00   [strat=patient_value_defender]
   run 24 done in 5.2 min

   run 25/30 on 2016 Cadillac CTS 3.6 Luxury  seed=20861444
      R 1  buy $ 34,271.44   sel     $38,250.00   [strat=friendly_rapport_builder] *
      R 2  buy $ 15,513.24   sel     $36,000.00   [strat=friendly_rapport_builder]
      R 3  buy $  3,091.05   sel     $35,500.00   [strat=friendly_rapport_builder]
      R 4  buy $ 19,871.60   sel     $32,000.00   [strat=friendly_rapport_builder]
      R 5  buy $ 19,887.69   sel     $28,500.00   [strat=friendly_rapport_builder]
      R 6  buy $ 11,531.29   sel     $26,500.00   [strat=friendly_rapport_builder]
      R 7  buy $ 18,682.02   sel     $25,000.00   [strat=friendly_rapport_builder]
      R 8  buy $ 19,743.48   sel     $24,000.00   [strat=friendly_rapport_builder]
      R 9  buy $  9,977.56   sel     $22,500.00   [strat=patient_value_defender] *
      R10  buy $ 20,732.70   sel     $22,000.00   [strat=patient_value_defender]
      R11  buy $ 13,877.83   sel     $21,500.00   [strat=patient_value_defender]
      R12  buy $  2,840.00   sel     $20,500.00   [strat=patient_value_defender]
      R13  buy $  6,964.11   sel     $20,000.00   [strat=patient_value_defender]
      R14  buy $  9,025.20   sel     $20,000.00   [strat=patient_value_defender]
      R15  buy $ 15,492.78   sel     $19,500.00   [strat=patient_value_defender]
      R16  buy $  1,459.78   sel     $19,000.00   [strat=patient_value_defender]
   run 25 done in 6.4 min

   run 26/30 on 2016 Cadillac CTS 3.6 Luxury  seed=20861445
      R 1  buy $ 16,967.51   sel     $17,999.00   [strat=friendly_rapport_builder] *
      R 2  buy $  3,164.97   sel     $17,500.00   [strat=friendly_rapport_builder]
      R 3  buy $ 13,201.25   sel     $16,500.00   [strat=friendly_rapport_builder]
      R 4  buy $  2,940.31   sel     $16,000.00   [strat=friendly_rapport_builder]
      R 5  buy $ 11,508.59   sel     $15,800.00   [strat=friendly_rapport_builder]
      R 6  buy $ 14,742.99   sel     $15,500.00   [strat=friendly_rapport_builder]
      R 7  buy $ 10,596.65   sel     $15,400.00   [strat=friendly_rapport_builder]
      R 8  buy $ 10,327.14   sel     $15,300.00   [strat=friendly_rapport_builder]
      R 9  buy $ 12,697.60   sel     $15,200.00   [strat=patient_value_defender] *
      R10  buy $ 11,240.98   sel     $15,100.00   [strat=patient_value_defender]
      R11  buy $ 10,526.10   sel     $15,000.00   [strat=patient_value_defender]
      R12  buy $    270.80   sel     $15,000.00   [strat=patient_value_defender]
      R13  buy $  4,675.26   sel     $15,000.00   [strat=patient_value_defender]
      R14  buy $  3,928.10   sel     $15,000.00   [strat=patient_value_defender]
      R15  buy $  3,118.20   sel     $15,750.00   [strat=patient_value_defender]
      R16  buy $  9,608.89   sel     $15,750.00   [strat=patient_value_defender]
   run 26 done in 6.3 min

   run 27/30 on 2016 Cadillac CTS 3.6 Luxury  seed=20861446
      R 1  buy $ 24,854.65   sel     $26,500.00   [strat=friendly_rapport_builder] *
      R 2  buy $ 13,553.88   sel     $25,500.00   [strat=friendly_rapport_builder]
      R 3  buy $  4,808.29   sel     $24,000.00   [strat=friendly_rapport_builder]
      R 4  buy $ 22,494.56   sel     $23,200.00   [strat=friendly_rapport_builder]
      R 5  buy $ 19,528.03   sel     $21,300.00   [strat=friendly_rapport_builder]
      R 6  buy $ 13,493.64   sel     $19,500.00   [strat=friendly_rapport_builder]
      R 7  buy $ 19,461.19   sel     $19,461.19   [strat=friendly_rapport_builder]
      R 8  buy $    653.96   sel     $19,461.19   [strat=friendly_rapport_builder]
      R 9  buy $ 12,649.48   sel     $18,000.00   [strat=patient_value_defender] *
      R10  buy $  9,099.15   sel     $17,500.00   [strat=patient_value_defender]
      R11  buy $ 10,479.54   sel     $17,000.00   [strat=patient_value_defender]
      R12  buy $  1,840.85   sel     $16,500.00   [strat=patient_value_defender]
      R13  buy $  1,787.60   sel     $16,250.00   [strat=patient_value_defender]
      R14  buy $ 15,489.83   sel     $16,000.00   [strat=patient_value_defender]
      R15  buy $ 15,682.95   sel     $15,900.00   [strat=patient_value_defender]
      R16  buy $  5,382.40   sel     $15,900.00   [strat=patient_value_defender]
   run 27 done in 6.4 min

   run 28/30 on 2016 Cadillac CTS 3.6 Luxury  seed=20861447
      R 1  buy $ 40,596.65   sel     $44,000.00   [strat=friendly_rapport_builder] *
      R 2  buy $ 41,407.05   sel     $43,000.00   [strat=friendly_rapport_builder]
      R 3  buy $  9,799.16   sel     $43,000.00   [strat=friendly_rapport_builder]
      R 4  buy $ 12,343.93   sel     $42,500.00   [strat=friendly_rapport_builder]
      R 5  buy $ 15,109.63   sel     $42,000.00   [strat=friendly_rapport_builder]
      R 6  buy $ 36,759.38   sel     $41,000.00   [strat=friendly_rapport_builder]
      R 7  buy $ 12,314.59   sel     $41,500.00   [strat=friendly_rapport_builder]
      R 8  buy $  6,387.45   sel     $41,000.00   [strat=friendly_rapport_builder]
      R 9  buy $  5,080.11   sel     $40,500.00   [strat=patient_value_defender] *
      R10  buy $ 34,826.05   sel     $40,000.00   [strat=patient_value_defender]
      R11  buy $  8,983.03   sel     $40,000.00   [strat=patient_value_defender]
      R12  buy $ 21,763.60   sel     $39,500.00   [strat=patient_value_defender]
      R13  buy $    858.12   sel     $39,000.00   [strat=patient_value_defender]
      R14  buy $  8,027.07   sel     $38,500.00   [strat=patient_value_defender]
      R15  buy $ 30,536.37   sel     $38,000.00   [strat=patient_value_defender]
      R16  buy $  3,515.49   sel     $37,500.00   [strat=patient_value_defender]
   run 28 done in 6.1 min

   run 29/30 on 2016 Cadillac CTS 3.6 Luxury  seed=20861448
      R 1  buy $ 43,338.46   sel     $44,500.00   [strat=friendly_rapport_builder] *
      R 2  buy $ 34,492.60   sel     $43,800.00   [strat=friendly_rapport_builder]
      R 3  buy $ 17,974.62   sel     $42,000.00   [strat=friendly_rapport_builder]
      R 4  buy $ 33,446.63   sel     $40,500.00   [strat=friendly_rapport_builder]
      R 5  buy $  9,977.03   sel     $38,000.00   [strat=friendly_rapport_builder]
      R 6  buy $ 24,034.25   sel     $35,000.00   [strat=friendly_rapport_builder]
      R 7  buy $ 15,545.87   sel     $32,000.00   [strat=friendly_rapport_builder]
      R 8  buy $ 11,240.16   sel     $29,500.00   [strat=friendly_rapport_builder]
      R 9  buy $ 24,087.46   sel     $27,500.00   [strat=patient_value_defender] *
      R10  buy $ 24,578.74   sel     $26,500.00   [strat=patient_value_defender]
      R11  buy $ 24,268.64   sel     $25,000.00   [strat=patient_value_defender]
      R12  buy $  7,443.65   sel     $24,500.00   [strat=patient_value_defender]
      R13  buy $ 19,590.19   sel     $24,000.00   [strat=patient_value_defender]
      R14  buy $ 20,804.68   sel     $22,500.00   [strat=patient_value_defender]
      R15  buy $ 10,397.71   sel     $21,500.00   [strat=patient_value_defender]
      R16  buy $  5,669.07   sel     $20,000.00   [strat=patient_value_defender]
   run 29 done in 5.0 min

   run 30/30 on 2016 Cadillac CTS 3.6 Luxury  seed=20861449
      R 1  buy $ 22,728.18   sel     $24,500.00   [strat=friendly_rapport_builder] *
      R 2  buy $  3,969.75   sel     $23,999.00   [strat=friendly_rapport_builder]
      R 3  buy $ 15,868.19   sel     $22,500.00   [strat=friendly_rapport_builder]
      R 4  buy $ 16,750.27   sel     $21,000.00   [strat=friendly_rapport_builder]
      R 5  buy $ 11,122.50   sel     $19,500.00   [strat=friendly_rapport_builder]
      R 6  buy $ 14,599.36   sel     $18,500.00   [strat=friendly_rapport_builder]
      R 7  buy $ 17,523.43   sel     $18,000.00   [strat=friendly_rapport_builder]
      R 8  buy $  4,217.57   sel     $17,500.00   [strat=friendly_rapport_builder]
      R 9  buy $  4,639.40   sel     $17,000.00   [strat=patient_value_defender] *
      R10  buy $  1,432.96   sel     $16,800.00   [strat=patient_value_defender]
      R11  buy $  7,085.19   sel     $16,500.00   [strat=patient_value_defender]
      R12  buy $  8,643.88   sel     $16,000.00   [strat=patient_value_defender]
      R13  buy $  5,531.85   sel     $15,800.00   [strat=patient_value_defender]
      R14  buy $ 13,523.55   sel     $15,500.00   [strat=patient_value_defender]
      R15  buy $  7,191.02   sel     $15,250.00   [strat=patient_value_defender]
      R16  buy $ 14,606.36   sel     $15,750.00   [strat=patient_value_defender]
   run 30 done in 5.5 min

   ---> checkpoint: car 2/5 done in 174.8 min; total so far 374.6 min; saved 60 runs to exp06_transitionA_rep1.json

--- CAR 3/5: 2019 Honda Accord Sport 1.5T  (M=$28,000.00  cost=$14,000.00  cost/M=50.00%) ---

   run 1/30 on 2019 Honda Accord Sport 1.5T  seed=20862420
      R 1  buy $ 12,237.62   sel     $18,000.00   [strat=friendly_rapport_builder] *
      R 2  buy $ 16,347.47   sel     $17,500.00   [strat=friendly_rapport_builder]
      R 3  buy $    270.78   sel     $17,000.00   [strat=friendly_rapport_builder]
      R 4  buy $ 10,138.53   sel     $16,500.00   [strat=friendly_rapport_builder]
      R 5  buy $  1,383.36   sel     $16,000.00   [strat=friendly_rapport_builder]
      R 6  buy $ 11,016.44   sel     $15,500.00   [strat=friendly_rapport_builder]
      R 7  buy $  7,962.48   sel     $15,000.00   [strat=friendly_rapport_builder]
      R 8  buy $    144.05   sel     $15,000.00   [strat=friendly_rapport_builder]
      R 9  buy $    895.74   sel     $14,500.00   [strat=patient_value_defender] *
      R10  buy $  6,337.79   sel     $14,500.00   [strat=patient_value_defender]
      R11  buy $ 13,459.44   sel     $14,250.00   [strat=patient_value_defender]
      R12  buy $  6,199.44   sel     $14,250.00   [strat=patient_value_defender]
      R13  buy $ 10,235.30   sel     $14,000.00   [strat=patient_value_defender]
      R14  buy $ 13,823.30   sel     $14,000.00   [strat=patient_value_defender]
      R15  buy $ 13,027.60   sel     $14,000.00   [strat=patient_value_defender]
      R16  buy $ 10,192.23   sel     $14,000.00   [strat=patient_value_defender]
   run 1 done in 6.0 min

   run 2/30 on 2019 Honda Accord Sport 1.5T  seed=20862421
      R 1  buy $  3,106.19   sel     $26,500.00   [strat=friendly_rapport_builder] *
      R 2  buy $  4,737.48   sel     $25,000.00   [strat=friendly_rapport_builder]
      R 3  buy $ 18,120.94   sel     $24,500.00   [strat=friendly_rapport_builder]
      R 4  buy $ 17,004.48   sel     $24,000.00   [strat=friendly_rapport_builder]
      R 5  buy $ 17,721.11   sel     $23,500.00   [strat=friendly_rapport_builder]
      R 6  buy $ 20,899.59   sel     $22,500.00   [strat=friendly_rapport_builder]
      R 7  buy $  7,753.46   sel     $21,500.00   [strat=friendly_rapport_builder]
      R 8  buy $  2,470.41   sel     $21,000.00   [strat=friendly_rapport_builder]
      R 9  buy $  6,552.07   sel     $20,500.00   [strat=patient_value_defender] *
      R10  buy $  5,395.51   sel     $20,500.00   [strat=patient_value_defender]
      R11  buy $  7,097.58   sel     $20,000.00   [strat=patient_value_defender]
      R12  buy $  2,447.20   sel     $20,000.00   [strat=patient_value_defender]
      R13  buy $  2,193.94   sel     $20,000.00   [strat=patient_value_defender]
      R14  buy $ 16,644.16   sel     $18,000.00   [strat=patient_value_defender]
      R15  buy $ 14,331.70   sel     $17,000.00   [strat=patient_value_defender]
      R16  buy $ 11,308.97   sel     $16,500.00   [strat=patient_value_defender]
   run 2 done in 5.3 min

   run 3/30 on 2019 Honda Accord Sport 1.5T  seed=20862422
      R 1  buy $  1,014.79   sel     $26,500.00   [strat=friendly_rapport_builder] *
      R 2  buy $ 24,504.66   sel     $25,999.00   [strat=friendly_rapport_builder]
      R 3  buy $  2,266.16   sel     $25,500.00   [strat=friendly_rapport_builder]
      R 4  buy $  9,975.77   sel     $24,999.00   [strat=friendly_rapport_builder]
      R 5  buy $ 24,449.47   sel     $24,750.00   [strat=friendly_rapport_builder]
      R 6  buy $ 16,250.03   sel     $24,250.00   [strat=friendly_rapport_builder]
      R 7  buy $ 18,235.08   sel     $24,350.00   [strat=friendly_rapport_builder]
      R 8  buy $ 19,680.48   sel     $23,500.00   [strat=friendly_rapport_builder]
      R 9  buy $ 15,605.55   sel     $22,500.00   [strat=patient_value_defender] *
      R10  buy $  1,890.93   sel     $21,500.00   [strat=patient_value_defender]
      R11  buy $ 20,434.03   sel     $20,999.00   [strat=patient_value_defender]
      R12  buy $ 12,106.31   sel     $20,500.00   [strat=patient_value_defender]
      R13  buy $  4,806.15   sel     $20,000.00   [strat=patient_value_defender]
      R14  buy $ 10,547.06   sel     $19,500.00   [strat=patient_value_defender]
      R15  buy $  3,047.32   sel     $18,500.00   [strat=patient_value_defender]
      R16  buy $     95.16   sel     $18,500.00   [strat=patient_value_defender]
   run 3 done in 5.1 min

   run 4/30 on 2019 Honda Accord Sport 1.5T  seed=20862423
      R 1  buy $  4,236.96   sel     $21,995.00   [strat=friendly_rapport_builder] *
      R 2  buy $ 10,761.88   sel     $18,995.00   [strat=friendly_rapport_builder]
      R 3  buy $ 17,411.28   sel     $18,300.00   [strat=friendly_rapport_builder]
      R 4  buy $ 15,783.73   sel     $18,000.00   [strat=friendly_rapport_builder]
      R 5  buy $  2,473.02   sel     $17,500.00   [strat=friendly_rapport_builder]
      R 6  buy $ 12,479.87   sel     $17,000.00   [strat=friendly_rapport_builder]
      R 7  buy $  5,767.60   sel     $16,500.00   [strat=friendly_rapport_builder]
      R 8  buy $ 11,049.62   sel     $16,000.00   [strat=friendly_rapport_builder]
      R 9  buy $  9,860.29   sel     $15,900.00   [strat=patient_value_defender] *
      R10  buy $ 10,798.66   sel     $15,800.00   [strat=patient_value_defender]
      R11  buy $ 11,556.88   sel     $15,750.00   [strat=patient_value_defender]
      R12  buy $ 12,009.24   sel     $15,600.00   [strat=patient_value_defender]
      R13  buy $ 12,568.90   sel     $15,500.00   [strat=patient_value_defender]
      R14  buy $ 13,478.67   sel     $15,400.00   [strat=patient_value_defender]
      R15  buy $  6,227.69   sel     $15,300.00   [strat=patient_value_defender]
      R16  buy $  4,580.90   sel     $15,200.00   [strat=patient_value_defender]
   run 4 done in 4.5 min

   run 5/30 on 2019 Honda Accord Sport 1.5T  seed=20862424
      R 1  buy $  8,564.37   sel     $22,500.00   [strat=friendly_rapport_builder] *
      R 2  buy $  2,790.43   sel     $21,750.00   [strat=friendly_rapport_builder]
      R 3  buy $ 14,355.99   sel     $17,500.00   [strat=friendly_rapport_builder]
      R 4  buy $  1,000.70   sel     $15,950.00   [strat=friendly_rapport_builder]
      R 5  buy $ 10,358.33   sel     $15,250.00   [strat=friendly_rapport_builder]
      R 6  buy $  6,030.25   sel     $14,900.00   [strat=friendly_rapport_builder]
      R 7  buy $ 13,534.41   sel     $14,500.00   [strat=friendly_rapport_builder]
      R 8  buy $  5,295.10   sel     $14,250.00   [strat=friendly_rapport_builder]
      R 9  buy $  8,591.87   sel     $14,000.00   [strat=patient_value_defender] *
      R10  buy $  8,636.22   sel     $14,000.00   [strat=patient_value_defender]
      R11  buy $ 12,849.11   sel     $14,000.00   [strat=patient_value_defender]
      R12  buy $  9,091.82   sel     $14,000.00   [strat=patient_value_defender]
      R13  buy $    479.11   sel     $14,000.00   [strat=patient_value_defender]
      R14  buy $    192.89   sel     $14,000.00   [strat=patient_value_defender]
      R15  buy $ 13,248.16   sel     $13,900.00   [strat=patient_value_defender]
      R16  buy $ 12,064.84   sel     $13,000.00   [strat=patient_value_defender]
   run 5 done in 6.0 min

   run 6/30 on 2019 Honda Accord Sport 1.5T  seed=20862425
      R 1  buy $ 12,734.81   sel     $16,000.00   [strat=friendly_rapport_builder] *
      R 2  buy $  9,748.40   sel     $15,500.00   [strat=friendly_rapport_builder]
      R 3  buy $ 14,514.67   sel     $15,000.00   [strat=friendly_rapport_builder]
      R 4  buy $  5,234.87   sel     $15,000.00   [strat=friendly_rapport_builder]
      R 5  buy $ 12,483.03   sel     $14,800.00   [strat=friendly_rapport_builder]
      R 6  buy $  2,813.09   sel     $14,800.00   [strat=friendly_rapport_builder]
      R 7  buy $  6,497.37   sel     $14,500.00   [strat=friendly_rapport_builder]
      R 8  buy $ 11,138.44   sel     $14,300.00   [strat=friendly_rapport_builder]
      R 9  buy $  4,131.41   sel     $14,300.00   [strat=patient_value_defender] *
      R10  buy $  5,195.48   sel     $14,200.00   [strat=patient_value_defender]
      R11  buy $  6,777.41   sel     $14,100.00   [strat=patient_value_defender]
      R12  buy $ 11,905.06   sel     $14,000.00   [strat=patient_value_defender]
      R13  buy $  4,854.14   sel     $14,000.00   [strat=patient_value_defender]
      R14  buy $  8,883.63   sel     $14,000.00   [strat=patient_value_defender]
      R15  buy $ 10,195.66   sel     $14,000.00   [strat=patient_value_defender]
      R16  buy $  6,541.33   sel     $14,000.00   [strat=patient_value_defender]
   run 6 done in 5.3 min

   run 7/30 on 2019 Honda Accord Sport 1.5T  seed=20862426
      R 1  buy $ 10,843.86   sel     $25,000.00   [strat=friendly_rapport_builder] *
      R 2  buy $ 18,561.56   sel     $24,000.00   [strat=friendly_rapport_builder]
      R 3  buy $  2,823.67   sel     $23,500.00   [strat=friendly_rapport_builder]
      R 4  buy $  5,825.55   sel     $23,000.00   [strat=friendly_rapport_builder]
      R 5  buy $  3,373.68   sel     $22,500.00   [strat=friendly_rapport_builder]
      R 6  buy $ 19,445.39   sel     $21,500.00   [strat=friendly_rapport_builder]
      R 7  buy $  3,253.52   sel     $20,500.00   [strat=friendly_rapport_builder]
      R 8  buy $ 17,081.08   sel     $19,500.00   [strat=friendly_rapport_builder]
      R 9  buy $ 12,859.45   sel     $18,500.00   [strat=patient_value_defender] *
      R10  buy $ 12,788.65   sel     $18,000.00   [strat=patient_value_defender]
      R11  buy $  6,106.96   sel     $17,500.00   [strat=patient_value_defender]
      R12  buy $ 17,455.28   sel     $17,455.28   [strat=patient_value_defender]
      R13  buy $ 15,759.11   sel     $15,759.11   [strat=patient_value_defender]
      R14  buy $  3,640.13   sel     $16,500.00   [strat=patient_value_defender]
      R15  buy $  3,261.12   sel     $16,500.00   [strat=patient_value_defender]
      R16  buy $ 11,902.34   sel     $16,000.00   [strat=patient_value_defender]
   run 7 done in 5.3 min

   run 8/30 on 2019 Honda Accord Sport 1.5T  seed=20862427
      R 1  buy $ 19,930.86   sel     $24,995.00   [strat=friendly_rapport_builder] *
      R 2  buy $ 16,512.03   sel     $23,500.00   [strat=friendly_rapport_builder]
      R 3  buy $ 16,106.55   sel     $22,000.00   [strat=friendly_rapport_builder]
      R 4  buy $ 12,064.00   sel     $21,000.00   [strat=friendly_rapport_builder]
      R 5  buy $ 13,324.01   sel     $20,000.00   [strat=friendly_rapport_builder]
      R 6  buy $  3,955.65   sel     $19,500.00   [strat=friendly_rapport_builder]
      R 7  buy $  2,751.33   sel     $19,000.00   [strat=friendly_rapport_builder]
      R 8  buy $  2,312.07   sel     $18,500.00   [strat=friendly_rapport_builder]
      R 9  buy $ 14,401.42   sel     $17,500.00   [strat=patient_value_defender] *
      R10  buy $  8,936.50   sel     $16,500.00   [strat=patient_value_defender]
      R11  buy $  7,351.16   sel     $16,000.00   [strat=patient_value_defender]
      R12  buy $ 15,982.57   sel     $15,982.57   [strat=patient_value_defender]
      R13  buy $  8,653.26   sel     $15,900.00   [strat=patient_value_defender]
      R14  buy $ 14,444.94   sel     $15,500.00   [strat=patient_value_defender]
      R15  buy $  2,387.10   sel     $15,000.00   [strat=patient_value_defender]
      R16  buy $  3,691.04   sel     $14,900.00   [strat=patient_value_defender]
   run 8 done in 5.2 min

   run 9/30 on 2019 Honda Accord Sport 1.5T  seed=20862428
      R 1  buy $  5,360.38   sel     $22,000.00   [strat=friendly_rapport_builder] *
      R 2  buy $  3,095.42   sel     $21,500.00   [strat=friendly_rapport_builder]
      R 3  buy $ 17,767.36   sel     $20,500.00   [strat=friendly_rapport_builder]
      R 4  buy $ 17,181.26   sel     $19,900.00   [strat=friendly_rapport_builder]
      R 5  buy $ 11,443.40   sel     $19,500.00   [strat=friendly_rapport_builder]
      R 6  buy $ 16,937.53   sel     $18,500.00   [strat=friendly_rapport_builder]
      R 7  buy $  8,307.85   sel     $18,000.00   [strat=friendly_rapport_builder]
      R 8  buy $  5,986.44   sel     $17,500.00   [strat=friendly_rapport_builder]
      R 9  buy $ 10,406.51   sel     $16,800.00   [strat=patient_value_defender] *
      R10  buy $  7,331.42   sel     $16,500.00   [strat=patient_value_defender]
      R11  buy $  2,965.53   sel     $16,500.00   [strat=patient_value_defender]
      R12  buy $ 15,833.36   sel     $16,200.00   [strat=patient_value_defender]
      R13  buy $  1,113.45   sel     $16,200.00   [strat=patient_value_defender]
      R14  buy $ 12,995.08   sel     $16,000.00   [strat=patient_value_defender]
      R15  buy $ 13,078.54   sel     $16,000.00   [strat=patient_value_defender]
      R16  buy $ 15,765.20   sel     $15,900.00   [strat=patient_value_defender]
   run 9 done in 4.7 min

   run 10/30 on 2019 Honda Accord Sport 1.5T  seed=20862429
      R 1  buy $ 11,381.95   sel     $15,995.00   [strat=friendly_rapport_builder] *
      R 2  buy $  3,324.96   sel     $15,500.00   [strat=friendly_rapport_builder]
      R 3  buy $ 12,570.97   sel     $15,000.00   [strat=friendly_rapport_builder]
      R 4  buy $  7,411.84   sel     $14,750.00   [strat=friendly_rapport_builder]
      R 5  buy $  9,268.15   sel     $14,500.00   [strat=friendly_rapport_builder]
      R 6  buy $ 10,975.93   sel     $14,250.00   [strat=friendly_rapport_builder]
      R 7  buy $  3,871.34   sel     $14,000.00   [strat=friendly_rapport_builder]
      R 8  buy $  8,536.81   sel     $13,900.00   [strat=friendly_rapport_builder]
      R 9  buy $ 10,250.53   sel     $13,800.00   [strat=patient_value_defender] *
      R10  buy $  7,336.65   sel     $13,750.00   [strat=patient_value_defender]
      R11  buy $ 12,401.71   sel     $13,700.00   [strat=patient_value_defender]
      R12  buy $  7,134.92   sel     $14,000.00   [strat=patient_value_defender]
      R13  buy $  7,655.42   sel     $13,999.00   [strat=patient_value_defender]
      R14  buy $  1,839.05   sel     $14,250.00   [strat=patient_value_defender]
      R15  buy $ 11,012.27   sel     $14,250.00   [strat=patient_value_defender]
      R16  buy $ 14,082.31   sel     $14,200.00   [strat=patient_value_defender]
   run 10 done in 8.1 min

   run 11/30 on 2019 Honda Accord Sport 1.5T  seed=20862430
      R 1  buy $ 14,396.78   sel     $16,500.00   [strat=friendly_rapport_builder] *
      R 2  buy $  2,802.02   sel     $15,500.00   [strat=friendly_rapport_builder]
      R 3  buy $  9,130.68   sel     $15,000.00   [strat=friendly_rapport_builder]
      R 4  buy $  5,897.27   sel     $14,800.00   [strat=friendly_rapport_builder]
      R 5  buy $    363.46   sel     $14,800.00   [strat=friendly_rapport_builder]
      R 6  buy $  1,863.55   sel     $14,800.00   [strat=friendly_rapport_builder]
      R 7  buy $  1,952.54   sel     $14,800.00   [strat=friendly_rapport_builder]
      R 8  buy $  8,349.04   sel     $14,800.00   [strat=friendly_rapport_builder]
      R 9  buy $ 14,701.86   sel     $14,750.00   [strat=patient_value_defender] *
      R10  buy $  4,639.29   sel     $14,750.00   [strat=patient_value_defender]
      R11  buy $  9,190.39   sel     $14,750.00   [strat=patient_value_defender]
      R12  buy $ 13,714.25   sel     $14,500.00   [strat=patient_value_defender]
      R13  buy $  1,166.27   sel     $14,500.00   [strat=patient_value_defender]
      R14  buy $ 13,003.21   sel     $14,250.00   [strat=patient_value_defender]
      R15  buy $  5,096.04   sel     $14,250.00   [strat=patient_value_defender]
      R16  buy $  1,223.40   sel     $14,250.00   [strat=patient_value_defender]
   run 11 done in 5.7 min

   run 12/30 on 2019 Honda Accord Sport 1.5T  seed=20862431
      R 1  buy $  3,587.44   sel     $24,500.00   [strat=friendly_rapport_builder] *
      R 2  buy $  7,030.11   sel     $23,500.00   [strat=friendly_rapport_builder]
      R 3  buy $  4,672.38   sel     $23,000.00   [strat=friendly_rapport_builder]
      R 4  buy $ 18,479.14   sel     $21,500.00   [strat=friendly_rapport_builder]
      R 5  buy $  5,242.11   sel     $20,500.00   [strat=friendly_rapport_builder]
      R 6  buy $ 16,730.12   sel     $19,500.00   [strat=friendly_rapport_builder]
      R 7  buy $ 17,669.65   sel     $18,800.00   [strat=friendly_rapport_builder]
      R 8  buy $ 17,131.06   sel     $18,000.00   [strat=friendly_rapport_builder]
      R 9  buy $  1,765.28   sel     $18,500.00   [strat=patient_value_defender] *
      R10  buy $  7,036.78   sel     $18,300.00   [strat=patient_value_defender]
      R11  buy $ 12,378.90   sel     $17,500.00   [strat=patient_value_defender]
      R12  buy $  7,453.46   sel     $17,200.00   [strat=patient_value_defender]
      R13  buy $  1,804.70   sel     $17,000.00   [strat=patient_value_defender]
      R14  buy $  9,601.47   sel     $16,800.00   [strat=patient_value_defender]
      R15  buy $  2,992.65   sel     $16,500.00   [strat=patient_value_defender]
      R16  buy $    791.67   sel     $16,200.00   [strat=patient_value_defender]
   run 12 done in 5.3 min

   run 13/30 on 2019 Honda Accord Sport 1.5T  seed=20862432
      R 1  buy $ 21,836.49   sel     $25,750.00   [strat=friendly_rapport_builder] *
      R 2  buy $ 10,862.42   sel     $24,999.00   [strat=friendly_rapport_builder]
      R 3  buy $ 12,744.31   sel     $24,500.00   [strat=friendly_rapport_builder]
      R 4  buy $ 17,567.37   sel     $23,999.00   [strat=friendly_rapport_builder]
      R 5  buy $ 12,214.80   sel     $23,500.00   [strat=friendly_rapport_builder]
      R 6  buy $  5,176.56   sel     $23,000.00   [strat=friendly_rapport_builder]
      R 7  buy $ 22,013.91   sel     $22,500.00   [strat=friendly_rapport_builder]
      R 8  buy $  3,028.42   sel     $22,000.00   [strat=friendly_rapport_builder]
      R 9  buy $    532.52   sel     $22,000.00   [strat=patient_value_defender] *
      R10  buy $ 14,862.56   sel     $21,000.00   [strat=patient_value_defender]
      R11  buy $ 15,699.42   sel     $20,500.00   [strat=patient_value_defender]
      R12  buy $ 14,809.93   sel     $19,000.00   [strat=patient_value_defender]
      R13  buy $  9,747.86   sel     $18,500.00   [strat=patient_value_defender]
      R14  buy $ 15,273.88   sel     $17,000.00   [strat=patient_value_defender]
      R15  buy $  4,686.64   sel     $16,500.00   [strat=patient_value_defender]
      R16  buy $ 13,730.43   sel     $16,000.00   [strat=patient_value_defender]
   run 13 done in 5.2 min

   run 14/30 on 2019 Honda Accord Sport 1.5T  seed=20862433
      R 1  buy $ 17,045.08   sel     $26,500.00   [strat=friendly_rapport_builder] *
      R 2  buy $  5,591.08   sel     $25,999.00   [strat=friendly_rapport_builder]
      R 3  buy $  2,813.26   sel     $25,500.00   [strat=friendly_rapport_builder]
      R 4  buy $ 17,002.58   sel     $25,000.00   [strat=friendly_rapport_builder]
      R 5  buy $  9,365.43   sel     $24,500.00   [strat=friendly_rapport_builder]
      R 6  buy $ 19,318.50   sel     $23,500.00   [strat=friendly_rapport_builder]
      R 7  buy $ 18,840.13   sel     $23,000.00   [strat=friendly_rapport_builder]
      R 8  buy $  4,038.06   sel     $22,500.00   [strat=friendly_rapport_builder]
      R 9  buy $  8,265.17   sel     $22,000.00   [strat=patient_value_defender] *
      R10  buy $ 12,730.89   sel     $21,500.00   [strat=patient_value_defender]
      R11  buy $ 11,179.87   sel     $21,000.00   [strat=patient_value_defender]
      R12  buy $    126.48   sel     $21,000.00   [strat=patient_value_defender]
      R13  buy $  2,447.83   sel     $20,500.00   [strat=patient_value_defender]
      R14  buy $ 19,321.17   sel     $20,000.00   [strat=patient_value_defender]
      R15  buy $ 13,254.54   sel     $19,000.00   [strat=patient_value_defender]
      R16  buy $ 10,358.99   sel     $18,500.00   [strat=patient_value_defender]
   run 14 done in 5.9 min

   run 15/30 on 2019 Honda Accord Sport 1.5T  seed=20862434
      R 1  buy $ 21,648.22   sel     $22,998.00   [strat=friendly_rapport_builder] *
      R 2  buy $ 21,336.71   sel     $22,500.00   [strat=friendly_rapport_builder]
      R 3  buy $  1,304.74   sel     $22,000.00   [strat=friendly_rapport_builder]
      R 4  buy $ 20,674.80   sel     $21,250.00   [strat=friendly_rapport_builder]
      R 5  buy $  9,482.06   sel     $21,000.00   [strat=friendly_rapport_builder]
      R 6  buy $ 15,438.63   sel     $20,250.00   [strat=friendly_rapport_builder]
      R 7  buy $  8,251.89   sel     $20,000.00   [strat=friendly_rapport_builder]
      R 8  buy $ 17,137.38   sel     $19,500.00   [strat=friendly_rapport_builder]
      R 9  buy $  6,344.82   sel     $18,500.00   [strat=patient_value_defender] *
      R10  buy $  4,274.95   sel     $17,500.00   [strat=patient_value_defender]
      R11  buy $  8,426.29   sel     $17,000.00   [strat=patient_value_defender]
      R12  buy $  8,774.53   sel     $16,500.00   [strat=patient_value_defender]
      R13  buy $ 12,728.27   sel     $15,500.00   [strat=patient_value_defender]
      R14  buy $  8,657.34   sel     $13,500.00   [strat=patient_value_defender]
      R15  buy $  1,918.79   sel     $14,500.00   [strat=patient_value_defender]
      R16  buy $  7,930.97   sel     $14,250.00   [strat=patient_value_defender]
   run 15 done in 5.5 min

   run 16/30 on 2019 Honda Accord Sport 1.5T  seed=20862435
      R 1  buy $ 26,290.33   sel     $27,500.00   [strat=friendly_rapport_builder] *
      R 2  buy $ 14,857.15   sel     $26,500.00   [strat=friendly_rapport_builder]
      R 3  buy $ 15,262.55   sel     $25,000.00   [strat=friendly_rapport_builder]
      R 4  buy $ 16,430.91   sel     $24,000.00   [strat=friendly_rapport_builder]
      R 5  buy $  3,305.42   sel     $23,000.00   [strat=friendly_rapport_builder]
      R 6  buy $  4,167.41   sel     $22,000.00   [strat=friendly_rapport_builder]
      R 7  buy $ 20,634.96   sel     $21,500.00   [strat=friendly_rapport_builder]
      R 8  buy $ 13,796.72   sel     $21,000.00   [strat=friendly_rapport_builder]
      R 9  buy $  5,012.51   sel     $20,500.00   [strat=patient_value_defender] *
      R10  buy $  7,353.59   sel     $20,000.00   [strat=patient_value_defender]
      R11  buy $ 11,073.18   sel     $19,000.00   [strat=patient_value_defender]
      R12  buy $  9,826.03   sel     $18,500.00   [strat=patient_value_defender]
      R13  buy $  8,793.03   sel     $18,000.00   [strat=patient_value_defender]
      R14  buy $  1,595.40   sel     $18,000.00   [strat=patient_value_defender]
      R15  buy $ 14,184.96   sel     $16,000.00   [strat=patient_value_defender]
      R16  buy $  1,075.50   sel     $16,000.00   [strat=patient_value_defender]
   run 16 done in 5.8 min

   run 17/30 on 2019 Honda Accord Sport 1.5T  seed=20862436
      R 1  buy $ 15,768.45   sel     $16,500.00   [strat=friendly_rapport_builder] *
      R 2  buy $  6,130.02   sel     $16,500.00   [strat=friendly_rapport_builder]
      R 3  buy $ 14,461.12   sel     $15,800.00   [strat=friendly_rapport_builder]
      R 4  buy $  5,225.69   sel     $15,600.00   [strat=friendly_rapport_builder]
      R 5  buy $  1,991.44   sel     $15,500.00   [strat=friendly_rapport_builder]
      R 6  buy $  5,266.39   sel     $15,200.00   [strat=friendly_rapport_builder]
      R 7  buy $  9,650.04   sel     $14,800.00   [strat=friendly_rapport_builder]
      R 8  buy $  5,980.84   sel     $14,500.00   [strat=friendly_rapport_builder]
      R 9  buy $ 13,223.69   sel     $14,200.00   [strat=patient_value_defender] *
      R10  buy $ 12,698.04   sel     $14,100.00   [strat=patient_value_defender]
      R11  buy $ 13,806.02   sel     $14,050.00   [strat=patient_value_defender]
      R12  buy $    334.36   sel     $14,050.00   [strat=patient_value_defender]
      R13  buy $  5,908.37   sel     $14,050.00   [strat=patient_value_defender]
      R14  buy $    609.47   sel     $14,050.00   [strat=patient_value_defender]
      R15  buy $ 13,606.39   sel     $14,040.00   [strat=patient_value_defender]
      R16  buy $  2,524.45   sel     $14,040.00   [strat=patient_value_defender]
   run 17 done in 6.7 min

   run 18/30 on 2019 Honda Accord Sport 1.5T  seed=20862437
      R 1  buy $ 17,593.62   sel     $23,999.00   [strat=friendly_rapport_builder] *
      R 2  buy $  7,820.31   sel     $23,500.00   [strat=friendly_rapport_builder]
      R 3  buy $ 16,187.45   sel     $23,000.00   [strat=friendly_rapport_builder]
      R 4  buy $ 14,330.53   sel     $22,500.00   [strat=friendly_rapport_builder]
      R 5  buy $  3,641.81   sel     $22,000.00   [strat=friendly_rapport_builder]
      R 6  buy $ 16,842.86   sel     $21,500.00   [strat=friendly_rapport_builder]
      R 7  buy $  6,497.03   sel     $21,000.00   [strat=friendly_rapport_builder]
      R 8  buy $ 19,441.79   sel     $20,500.00   [strat=friendly_rapport_builder]
      R 9  buy $ 17,043.86   sel     $20,000.00   [strat=patient_value_defender] *
      R10  buy $  6,137.60   sel     $19,500.00   [strat=patient_value_defender]
      R11  buy $ 12,164.08   sel     $18,500.00   [strat=patient_value_defender]
      R12  buy $  1,397.05   sel     $17,500.00   [strat=patient_value_defender]
      R13  buy $ 10,812.53   sel     $16,500.00   [strat=patient_value_defender]
      R14  buy $ 12,862.97   sel     $15,900.00   [strat=patient_value_defender]
      R15  buy $  4,673.77   sel     $15,500.00   [strat=patient_value_defender]
      R16  buy $     71.02   sel     $15,000.00   [strat=patient_value_defender]
   run 18 done in 5.5 min

   run 19/30 on 2019 Honda Accord Sport 1.5T  seed=20862438
      R 1  buy $ 14,975.78   sel     $16,500.00   [strat=friendly_rapport_builder] *
      R 2  buy $  1,756.05   sel     $15,500.00   [strat=friendly_rapport_builder]
      R 3  buy $  3,932.01   sel     $15,500.00   [strat=friendly_rapport_builder]
      R 4  buy $  5,167.81   sel     $14,500.00   [strat=friendly_rapport_builder]
      R 5  buy $ 13,018.12   sel     $13,800.00   [strat=friendly_rapport_builder]
      R 6  buy $ 10,794.28   sel     $13,200.00   [strat=friendly_rapport_builder]
      R 7  buy $  3,674.35   sel     $13,200.00   [strat=friendly_rapport_builder]
      R 8  buy $ 10,559.72   sel     $13,000.00   [strat=friendly_rapport_builder]
      R 9  buy $ 10,305.32   sel     $14,500.00   [strat=patient_value_defender] *
      R10  buy $  1,461.73   sel     $14,400.00   [strat=patient_value_defender]
      R11  buy $  6,641.66   sel     $14,200.00   [strat=patient_value_defender]
      R12  buy $    336.82   sel     $14,000.00   [strat=patient_value_defender]
      R13  buy $  7,864.91   sel     $14,000.00   [strat=patient_value_defender]
      R14  buy $    607.27   sel     $14,000.00   [strat=patient_value_defender]
      R15  buy $  7,041.85   sel     $14,000.00   [strat=patient_value_defender]
      R16  buy $ 12,634.78   sel     $14,200.00   [strat=patient_value_defender]
   run 19 done in 9.5 min

   run 20/30 on 2019 Honda Accord Sport 1.5T  seed=20862439
      R 1  buy $ 22,943.89   sel     $25,995.00   [strat=friendly_rapport_builder] *
      R 2  buy $  9,989.78   sel     $25,500.00   [strat=friendly_rapport_builder]
      R 3  buy $  9,557.57   sel     $24,995.00   [strat=friendly_rapport_builder]
      R 4  buy $  2,209.36   sel     $24,500.00   [strat=friendly_rapport_builder]
      R 5  buy $  2,964.94   sel     $24,400.00   [strat=friendly_rapport_builder]
      R 6  buy $  7,202.69   sel     $24,300.00   [strat=friendly_rapport_builder]
      R 7  buy $ 17,373.55   sel     $21,500.00   [strat=friendly_rapport_builder]
      R 8  buy $  8,938.41   sel     $21,000.00   [strat=friendly_rapport_builder]
      R 9  buy $ 16,975.58   sel     $19,900.00   [strat=patient_value_defender] *
      R10  buy $  8,377.32   sel     $19,500.00   [strat=patient_value_defender]
      R11  buy $ 17,258.79   sel     $18,500.00   [strat=patient_value_defender]
      R12  buy $  6,692.90   sel     $18,000.00   [strat=patient_value_defender]
      R13  buy $  6,738.04   sel     $17,900.00   [strat=patient_value_defender]
      R14  buy $  1,113.18   sel     $17,800.00   [strat=patient_value_defender]
      R15  buy $ 17,517.44   sel     $17,650.00   [strat=patient_value_defender]
      R16  buy $  1,335.89   sel     $17,650.00   [strat=patient_value_defender]
   run 20 done in 7.3 min

   run 21/30 on 2019 Honda Accord Sport 1.5T  seed=20862440
      R 1  buy $ 14,797.65   sel     $15,997.65   [strat=friendly_rapport_builder] *
      R 2  buy $ 11,445.85   sel     $15,497.65   [strat=friendly_rapport_builder]
      R 3  buy $  2,187.25   sel     $14,997.65   [strat=friendly_rapport_builder]
      R 4  buy $ 14,714.86   sel     $14,897.65   [strat=friendly_rapport_builder]
      R 5  buy $  9,427.38   sel     $14,497.65   [strat=friendly_rapport_builder]
      R 6  buy $ 11,384.51   sel     $14,297.65   [strat=friendly_rapport_builder]
      R 7  buy $  6,042.01   sel     $14,100.00   [strat=friendly_rapport_builder]
      R 8  buy $  7,629.15   sel     $13,800.00   [strat=friendly_rapport_builder]
      R 9  buy $  4,630.72   sel     $13,600.00   [strat=patient_value_defender] *
      R10  buy $  4,510.08   sel     $13,400.00   [strat=patient_value_defender]
      R11  buy $    381.49   sel     $14,100.00   [strat=patient_value_defender]
      R12  buy $  8,997.16   sel     $14,100.00   [strat=patient_value_defender]
      R13  buy $    164.05   sel     $14,100.00   [strat=patient_value_defender]
      R14  buy $  5,099.03   sel     $14,100.00   [strat=patient_value_defender]
      R15  buy $  5,257.59   sel     $13,900.00   [strat=patient_value_defender]
      R16  buy $  9,281.16   sel     $14,100.00   [strat=patient_value_defender]
   run 21 done in 6.8 min

   run 22/30 on 2019 Honda Accord Sport 1.5T  seed=20862441
      R 1  buy $ 18,045.11   sel     $23,000.00   [strat=friendly_rapport_builder] *
      R 2  buy $  3,946.54   sel     $22,500.00   [strat=friendly_rapport_builder]
      R 3  buy $ 10,448.99   sel     $21,500.00   [strat=friendly_rapport_builder]
      R 4  buy $  9,029.29   sel     $20,500.00   [strat=friendly_rapport_builder]
      R 5  buy $  8,167.95   sel     $20,000.00   [strat=friendly_rapport_builder]
      R 6  buy $  9,540.38   sel     $19,500.00   [strat=friendly_rapport_builder]
      R 7  buy $ 12,996.87   sel     $18,900.00   [strat=friendly_rapport_builder]
      R 8  buy $ 12,011.66   sel     $18,000.00   [strat=friendly_rapport_builder]
      R 9  buy $  1,984.69   sel     $17,500.00   [strat=patient_value_defender] *
      R10  buy $ 10,302.23   sel     $17,500.00   [strat=patient_value_defender]
      R11  buy $ 10,131.00   sel     $17,000.00   [strat=patient_value_defender]
      R12  buy $  2,264.57   sel     $16,500.00   [strat=patient_value_defender]
      R13  buy $ 10,989.05   sel     $16,000.00   [strat=patient_value_defender]
      R14  buy $ 15,507.87   sel     $15,750.00   [strat=patient_value_defender]
      R15  buy $  2,112.34   sel     $15,750.00   [strat=patient_value_defender]
      R16  buy $  9,987.11   sel     $15,600.00   [strat=patient_value_defender]
   run 22 done in 6.1 min

   run 23/30 on 2019 Honda Accord Sport 1.5T  seed=20862442
      R 1  buy $  8,148.13   sel     $25,000.00   [strat=friendly_rapport_builder] *
      R 2  buy $  2,344.32   sel     $24,500.00   [strat=friendly_rapport_builder]
      R 3  buy $ 17,138.06   sel     $23,500.00   [strat=friendly_rapport_builder]
      R 4  buy $  9,467.81   sel     $23,000.00   [strat=friendly_rapport_builder]
      R 5  buy $ 20,372.53   sel     $21,700.00   [strat=friendly_rapport_builder]
      R 6  buy $    179.36   sel     $21,000.00   [strat=friendly_rapport_builder]
      R 7  buy $  8,882.89   sel     $20,500.00   [strat=friendly_rapport_builder]
      R 8  buy $ 13,682.74   sel     $19,500.00   [strat=friendly_rapport_builder]
      R 9  buy $ 13,894.05   sel     $18,500.00   [strat=patient_value_defender] *
      R10  buy $  1,026.50   sel     $17,500.00   [strat=patient_value_defender]
      R11  buy $  2,973.27   sel     $17,500.00   [strat=patient_value_defender]
      R12  buy $ 13,184.04   sel     $17,500.00   [strat=patient_value_defender]
      R13  buy $     37.54   sel     $17,500.00   [strat=patient_value_defender]
      R14  buy $ 15,291.66   sel     $16,500.00   [strat=patient_value_defender]
      R15  buy $    168.61   sel     $16,000.00   [strat=patient_value_defender]
      R16  buy $ 13,004.22   sel     $15,500.00   [strat=patient_value_defender]
   run 23 done in 5.2 min

   run 24/30 on 2019 Honda Accord Sport 1.5T  seed=20862443
      R 1  buy $ 26,801.96   sel     $27,500.00   [strat=friendly_rapport_builder] *
      R 2  buy $ 22,581.64   sel     $26,500.00   [strat=friendly_rapport_builder]
      R 3  buy $  1,114.32   sel     $26,000.00   [strat=friendly_rapport_builder]
      R 4  buy $ 19,042.63   sel     $25,500.00   [strat=friendly_rapport_builder]
      R 5  buy $ 17,027.74   sel     $25,000.00   [strat=friendly_rapport_builder]
      R 6  buy $ 23,318.42   sel     $24,500.00   [strat=friendly_rapport_builder]
      R 7  buy $    986.51   sel     $24,000.00   [strat=friendly_rapport_builder]
      R 8  buy $ 15,664.26   sel     $23,800.00   [strat=friendly_rapport_builder]
      R 9  buy $ 13,267.08   sel     $23,500.00   [strat=patient_value_defender] *
      R10  buy $  1,792.63   sel     $23,300.00   [strat=patient_value_defender]
      R11  buy $  7,398.98   sel     $23,000.00   [strat=patient_value_defender]
      R12  buy $  2,850.22   sel     $22,800.00   [strat=patient_value_defender]
      R13  buy $ 17,368.37   sel     $22,500.00   [strat=patient_value_defender]
      R14  buy $ 17,388.39   sel     $22,000.00   [strat=patient_value_defender]
      R15  buy $ 14,102.54   sel     $21,500.00   [strat=patient_value_defender]
      R16  buy $ 17,047.87   sel     $21,000.00   [strat=patient_value_defender]
   run 24 done in 6.2 min

   run 25/30 on 2019 Honda Accord Sport 1.5T  seed=20862444
      R 1  buy $ 22,613.18   sel     $26,000.00   [strat=friendly_rapport_builder] *
      R 2  buy $ 12,361.20   sel     $25,500.00   [strat=friendly_rapport_builder]
      R 3  buy $ 21,345.48   sel     $24,000.00   [strat=friendly_rapport_builder]
      R 4  buy $ 21,282.11   sel     $23,500.00   [strat=friendly_rapport_builder]
      R 5  buy $ 12,231.01   sel     $23,000.00   [strat=friendly_rapport_builder]
      R 6  buy $  5,226.26   sel     $22,500.00   [strat=friendly_rapport_builder]
      R 7  buy $ 20,016.02   sel     $21,500.00   [strat=friendly_rapport_builder]
      R 8  buy $ 11,134.65   sel     $21,000.00   [strat=friendly_rapport_builder]
      R 9  buy $ 17,786.91   sel     $20,000.00   [strat=patient_value_defender] *
      R10  buy $ 11,346.38   sel     $19,500.00   [strat=patient_value_defender]
      R11  buy $  6,950.11   sel     $19,000.00   [strat=patient_value_defender]
      R12  buy $ 16,361.59   sel     $18,500.00   [strat=patient_value_defender]
      R13  buy $ 11,337.99   sel     $18,000.00   [strat=patient_value_defender]
      R14  buy $  1,503.81   sel     $17,500.00   [strat=patient_value_defender]
      R15  buy $ 16,946.81   sel     $17,000.00   [strat=patient_value_defender]
      R16  buy $ 12,500.02   sel     $16,500.00   [strat=patient_value_defender]
   run 25 done in 6.6 min

   run 26/30 on 2019 Honda Accord Sport 1.5T  seed=20862445
      R 1  buy $  9,328.20   sel     $23,995.00   [strat=friendly_rapport_builder] *
      R 2  buy $  8,472.73   sel     $22,995.00   [strat=friendly_rapport_builder]
      R 3  buy $  2,912.82   sel     $21,500.00   [strat=friendly_rapport_builder]
      R 4  buy $  2,696.51   sel     $20,500.00   [strat=friendly_rapport_builder]
      R 5  buy $ 15,596.13   sel     $19,000.00   [strat=friendly_rapport_builder]
      R 6  buy $  5,690.20   sel     $18,500.00   [strat=friendly_rapport_builder]
      R 7  buy $ 11,362.69   sel     $17,500.00   [strat=friendly_rapport_builder]
      R 8  buy $  3,340.31   sel     $17,000.00   [strat=friendly_rapport_builder]
      R 9  buy $  1,463.16   sel     $16,500.00   [strat=patient_value_defender] *
      R10  buy $  8,887.31   sel     $16,000.00   [strat=patient_value_defender]
      R11  buy $  4,125.38   sel     $16,000.00   [strat=patient_value_defender]
      R12  buy $ 15,048.65   sel     $15,800.00   [strat=patient_value_defender]
      R13  buy $ 14,426.78   sel     $15,500.00   [strat=patient_value_defender]
      R14  buy $ 12,171.48   sel     $15,500.00   [strat=patient_value_defender]
      R15  buy $ 13,007.83   sel     $15,000.00   [strat=patient_value_defender]
      R16  buy $ 13,895.02   sel     $15,000.00   [strat=patient_value_defender]
   run 26 done in 5.8 min

   run 27/30 on 2019 Honda Accord Sport 1.5T  seed=20862446
      R 1  buy $ 15,248.31   sel     $17,000.00   [strat=friendly_rapport_builder] *
      R 2  buy $ 15,063.03   sel     $16,500.00   [strat=friendly_rapport_builder]
      R 3  buy $  7,406.47   sel     $16,000.00   [strat=friendly_rapport_builder]
      R 4  buy $  6,112.64   sel     $15,500.00   [strat=friendly_rapport_builder]
      R 5  buy $  8,780.95   sel     $15,250.00   [strat=friendly_rapport_builder]
      R 6  buy $  6,181.02   sel     $15,000.00   [strat=friendly_rapport_builder]
      R 7  buy $ 11,472.63   sel     $14,900.00   [strat=friendly_rapport_builder]
      R 8  buy $ 12,893.96   sel     $14,750.00   [strat=friendly_rapport_builder]
      R 9  buy $ 10,995.18   sel     $14,500.00   [strat=patient_value_defender] *
      R10  buy $  2,399.80   sel     $14,250.00   [strat=patient_value_defender]
      R11  buy $  9,837.34   sel     $14,200.00   [strat=patient_value_defender]
      R12  buy $  7,964.01   sel     $14,100.00   [strat=patient_value_defender]
      R13  buy $  3,344.80   sel     $14,000.00   [strat=patient_value_defender]
      R14  buy $ 13,867.60   sel     $14,000.00   [strat=patient_value_defender]
      R15  buy $  6,798.15   sel     $14,000.00   [strat=patient_value_defender]
      R16  buy $  3,044.83   sel     $14,000.00   [strat=patient_value_defender]
   run 27 done in 5.1 min

   run 28/30 on 2019 Honda Accord Sport 1.5T  seed=20862447
      R 1  buy $ 25,825.64   sel     $27,500.00   [strat=friendly_rapport_builder] *
      R 2  buy $  2,427.61   sel     $25,500.00   [strat=friendly_rapport_builder]
      R 3  buy $  1,835.91   sel     $24,900.00   [strat=friendly_rapport_builder]
      R 4  buy $ 10,940.27   sel     $24,500.00   [strat=friendly_rapport_builder]
      R 5  buy $  6,813.59   sel     $23,500.00   [strat=friendly_rapport_builder]
      R 6  buy $ 19,697.40   sel     $22,000.00   [strat=friendly_rapport_builder]
      R 7  buy $  7,911.55   sel     $20,500.00   [strat=friendly_rapport_builder]
      R 8  buy $ 10,172.59   sel     $19,500.00   [strat=friendly_rapport_builder]
      R 9  buy $ 18,280.98   sel     $19,000.00   [strat=patient_value_defender] *
      R10  buy $  1,214.85   sel     $18,500.00   [strat=patient_value_defender]
      R11  buy $ 12,341.50   sel     $18,000.00   [strat=patient_value_defender]
      R12  buy $  1,988.75   sel     $18,000.00   [strat=patient_value_defender]
      R13  buy $ 11,894.46   sel     $17,500.00   [strat=patient_value_defender]
      R14  buy $  1,334.10   sel     $16,500.00   [strat=patient_value_defender]
      R15  buy $  7,645.92   sel     $15,500.00   [strat=patient_value_defender]
      R16  buy $  9,105.77   sel     $15,000.00   [strat=patient_value_defender]
   run 28 done in 6.7 min

   run 29/30 on 2019 Honda Accord Sport 1.5T  seed=20862448
      R 1  buy $ 11,659.97   sel     $19,995.00   [strat=friendly_rapport_builder] *
      R 2  buy $ 14,285.19   sel     $17,995.00   [strat=friendly_rapport_builder]
      R 3  buy $  1,282.41   sel     $16,995.00   [strat=friendly_rapport_builder]
      R 4  buy $  5,266.50   sel     $16,995.00   [strat=friendly_rapport_builder]
      R 5  buy $  1,037.83   sel     $16,500.00   [strat=friendly_rapport_builder]
      R 6  buy $  7,437.21   sel     $15,995.00   [strat=friendly_rapport_builder]
      R 7  buy $ 13,727.49   sel     $15,500.00   [strat=friendly_rapport_builder]
      R 8  buy $ 14,681.02   sel     $15,250.00   [strat=friendly_rapport_builder]
      R 9  buy $  7,302.89   sel     $15,000.00   [strat=patient_value_defender] *
      R10  buy $  6,459.18   sel     $15,000.00   [strat=patient_value_defender]
      R11  buy $ 14,583.25   sel     $14,800.00   [strat=patient_value_defender]
      R12  buy $  5,386.56   sel     $15,000.00   [strat=patient_value_defender]
      R13  buy $  8,169.79   sel     $15,000.00   [strat=patient_value_defender]
      R14  buy $ 12,253.43   sel     $14,500.00   [strat=patient_value_defender]
      R15  buy $  9,498.42   sel     $14,400.00   [strat=patient_value_defender]
      R16  buy $  3,586.21   sel     $14,400.00   [strat=patient_value_defender]
   run 29 done in 7.9 min

   run 30/30 on 2019 Honda Accord Sport 1.5T  seed=20862449
      R 1  buy $ 12,516.42   sel     $19,995.00   [strat=friendly_rapport_builder] *
      R 2  buy $     48.77   sel     $19,995.00   [strat=friendly_rapport_builder]
      R 3  buy $ 17,274.07   sel     $19,495.00   [strat=friendly_rapport_builder]
      R 4  buy $ 18,103.23   sel     $19,000.00   [strat=friendly_rapport_builder]
      R 5  buy $ 16,417.57   sel     $18,000.00   [strat=friendly_rapport_builder]
      R 6  buy $  5,297.21   sel     $17,500.00   [strat=friendly_rapport_builder]
      R 7  buy $ 10,127.31   sel     $17,000.00   [strat=friendly_rapport_builder]
      R 8  buy $ 10,180.06   sel     $16,500.00   [strat=friendly_rapport_builder]
      R 9  buy $ 14,550.16   sel     $15,500.00   [strat=patient_value_defender] *
      R10  buy $  7,733.57   sel     $15,500.00   [strat=patient_value_defender]
      R11  buy $ 13,825.58   sel     $15,000.00   [strat=patient_value_defender]
      R12  buy $  2,851.27   sel     $15,000.00   [strat=patient_value_defender]
      R13  buy $  5,736.08   sel     $14,500.00   [strat=patient_value_defender]
      R14  buy $  3,031.70   sel     $14,250.00   [strat=patient_value_defender]
      R15  buy $  8,287.85   sel     $14,250.00   [strat=patient_value_defender]
      R16  buy $  3,967.19   sel     $14,250.00   [strat=patient_value_defender]
   run 30 done in 8.8 min

   ---> checkpoint: car 3/5 done in 182.9 min; total so far 557.6 min; saved 90 runs to exp06_transitionA_rep1.json

--- CAR 4/5: 2022 Toyota RAV4 XLE AWD  (M=$32,000.00  cost=$20,800.00  cost/M=65.00%) ---

   run 1/30 on 2022 Toyota RAV4 XLE AWD  seed=20863420
      R 1  buy $  4,848.30   sel     $27,995.00   [strat=friendly_rapport_builder] *
      R 2  buy $  9,302.33   sel     $25,500.00   [strat=friendly_rapport_builder]
      R 3  buy $  8,149.65   sel     $24,500.00   [strat=friendly_rapport_builder]
      R 4  buy $ 15,247.60   sel     $23,500.00   [strat=friendly_rapport_builder]
      R 5  buy $  3,024.39   sel     $22,500.00   [strat=friendly_rapport_builder]
      R 6  buy $  5,139.89   sel     $21,500.00   [strat=friendly_rapport_builder]
      R 7  buy $ 16,974.33   sel     $21,000.00   [strat=friendly_rapport_builder]
      R 8  buy $ 17,047.69   sel     $20,850.00   [strat=friendly_rapport_builder]
      R 9  buy $    447.30   sel     $20,850.00   [strat=patient_value_defender] *
      R10  buy $  7,405.75   sel     $20,800.00   [strat=patient_value_defender]
      R11  buy $  4,066.03   sel     $20,800.00   [strat=patient_value_defender]
      R12  buy $ 11,034.83   sel     $20,750.00   [strat=patient_value_defender]
      R13  buy $  4,172.04   sel     $20,750.00   [strat=patient_value_defender]
      R14  buy $ 18,805.78   sel     $20,700.00   [strat=patient_value_defender]
      R15  buy $ 18,785.16   sel     $20,800.00   [strat=patient_value_defender]
      R16  buy $    680.32   sel     $20,800.00   [strat=patient_value_defender]
   run 1 done in 9.2 min

   run 2/30 on 2022 Toyota RAV4 XLE AWD  seed=20863421
      R 1  buy $ 21,341.19   sel     $27,000.00   [strat=friendly_rapport_builder] *
      R 2  buy $ 15,891.53   sel     $26,500.00   [strat=friendly_rapport_builder]
      R 3  buy $  2,430.78   sel     $26,000.00   [strat=friendly_rapport_builder]
      R 4  buy $ 25,495.35   sel     $25,800.00   [strat=friendly_rapport_builder]
      R 5  buy $  6,306.11   sel     $25,600.00   [strat=friendly_rapport_builder]
      R 6  buy $ 25,481.36   sel     $25,481.36   [strat=friendly_rapport_builder]
      R 7  buy $ 17,380.45   sel     $25,000.00   [strat=friendly_rapport_builder]
      R 8  buy $ 16,133.38   sel     $24,800.00   [strat=friendly_rapport_builder]
      R 9  buy $ 19,493.65   sel     $24,500.00   [strat=patient_value_defender] *
      R10  buy $  8,798.97   sel     $24,300.00   [strat=patient_value_defender]
      R11  buy $  6,158.30   sel     $24,100.00   [strat=patient_value_defender]
      R12  buy $ 11,097.16   sel     $24,000.00   [strat=patient_value_defender]
      R13  buy $ 19,829.65   sel     $23,800.00   [strat=patient_value_defender]
      R14  buy $ 17,368.32   sel     $23,800.00   [strat=patient_value_defender]
      R15  buy $ 15,039.39   sel     $23,800.00   [strat=patient_value_defender]
      R16  buy $ 19,209.53   sel     $23,500.00   [strat=patient_value_defender]
   run 2 done in 9.6 min

   run 3/30 on 2022 Toyota RAV4 XLE AWD  seed=20863422
      R 1  buy $  2,492.51   sel     $31,200.00   [strat=friendly_rapport_builder] *
      R 2  buy $  5,261.70   sel     $30,900.00   [strat=friendly_rapport_builder]
      R 3  buy $ 28,888.89   sel     $30,000.00   [strat=friendly_rapport_builder]
      R 4  buy $    744.42   sel     $29,500.00   [strat=friendly_rapport_builder]
      R 5  buy $ 12,116.52   sel     $28,500.00   [strat=friendly_rapport_builder]
      R 6  buy $  5,190.89   sel     $28,250.00   [strat=friendly_rapport_builder]
      R 7  buy $ 16,588.93   sel     $27,900.00   [strat=friendly_rapport_builder]
      R 8  buy $ 23,872.91   sel     $27,250.00   [strat=friendly_rapport_builder]
      R 9  buy $ 16,216.42   sel     $26,500.00   [strat=patient_value_defender] *
      R10  buy $ 22,915.62   sel     $25,500.00   [strat=patient_value_defender]
      R11  buy $ 14,987.61   sel     $24,500.00   [strat=patient_value_defender]
      R12  buy $ 21,774.78   sel     $23,500.00   [strat=patient_value_defender]
      R13  buy $ 12,929.06   sel     $23,000.00   [strat=patient_value_defender]
      R14  buy $ 19,851.61   sel     $22,000.00   [strat=patient_value_defender]
      R15  buy $  7,259.93   sel     $21,500.00   [strat=patient_value_defender]
      R16  buy $ 12,798.55   sel     $21,500.00   [strat=patient_value_defender]
   run 3 done in 7.6 min

   run 4/30 on 2022 Toyota RAV4 XLE AWD  seed=20863423
      R 1  buy $ 19,795.13   sel     $24,500.00   [strat=friendly_rapport_builder] *
      R 2  buy $  3,966.28   sel     $23,000.00   [strat=friendly_rapport_builder]
      R 3  buy $  5,946.82   sel     $22,500.00   [strat=friendly_rapport_builder]
      R 4  buy $  1,137.13   sel     $22,000.00   [strat=friendly_rapport_builder]
      R 5  buy $ 14,271.90   sel     $21,500.00   [strat=friendly_rapport_builder]
      R 6  buy $  8,526.92   sel     $21,000.00   [strat=friendly_rapport_builder]
      R 7  buy $ 18,472.00   sel     $20,500.00   [strat=friendly_rapport_builder]
      R 8  buy $ 12,927.97   sel     $20,250.00   [strat=friendly_rapport_builder]
      R 9  buy $ 15,511.85   sel     $20,999.99   [strat=patient_value_defender] *
      R10  buy $ 19,034.08   sel     $20,750.00   [strat=patient_value_defender]
      R11  buy $ 17,487.28   sel     $20,899.99   [strat=patient_value_defender]
      R12  buy $ 13,085.99   sel     $20,850.00   [strat=patient_value_defender]
      R13  buy $ 17,249.33   sel     $20,800.00   [strat=patient_value_defender]
      R14  buy $ 14,589.59   sel     $20,750.00   [strat=patient_value_defender]
      R15  buy $  5,113.19   sel     $20,750.00   [strat=patient_value_defender]
      R16  buy $ 11,010.81   sel     $20,750.00   [strat=patient_value_defender]
   run 4 done in 7.4 min

   run 5/30 on 2022 Toyota RAV4 XLE AWD  seed=20863424
      R 1  buy $ 26,740.06   sel     $29,995.00   [strat=friendly_rapport_builder] *
      R 2  buy $ 27,031.83   sel     $28,950.00   [strat=friendly_rapport_builder]
      R 3  buy $ 23,718.16   sel     $28,750.00   [strat=friendly_rapport_builder]
      R 4  buy $  8,612.08   sel     $28,250.00   [strat=friendly_rapport_builder]
      R 5  buy $ 16,146.75   sel     $27,750.00   [strat=friendly_rapport_builder]
      R 6  buy $ 11,842.06   sel     $27,500.00   [strat=friendly_rapport_builder]
      R 7  buy $  2,835.47   sel     $27,500.00   [strat=friendly_rapport_builder]
      R 8  buy $    970.80   sel     $27,500.00   [strat=friendly_rapport_builder]
      R 9  buy $ 19,313.10   sel     $27,000.00   [strat=patient_value_defender] *
      R10  buy $  6,184.18   sel     $26,750.00   [strat=patient_value_defender]
      R11  buy $ 13,674.65   sel     $26,500.00   [strat=patient_value_defender]
      R12  buy $  6,074.42   sel     $26,250.00   [strat=patient_value_defender]
      R13  buy $  5,693.85   sel     $26,000.00   [strat=patient_value_defender]
      R14  buy $ 25,586.43   sel     $25,800.00   [strat=patient_value_defender]
      R15  buy $ 13,588.48   sel     $25,800.00   [strat=patient_value_defender]
      R16  buy $ 25,572.49   sel     $25,572.49   [strat=patient_value_defender]
   run 5 done in 5.1 min

   run 6/30 on 2022 Toyota RAV4 XLE AWD  seed=20863425
      R 1  buy $  7,619.95   sel     $31,500.00   [strat=friendly_rapport_builder] *
      R 2  buy $  4,458.50   sel     $31,000.00   [strat=friendly_rapport_builder]
      R 3  buy $ 23,525.15   sel     $30,500.00   [strat=friendly_rapport_builder]
      R 4  buy $  8,872.23   sel     $30,000.00   [strat=friendly_rapport_builder]
      R 5  buy $  4,797.05   sel     $29,500.00   [strat=friendly_rapport_builder]
      R 6  buy $  9,392.35   sel     $29,000.00   [strat=friendly_rapport_builder]
      R 7  buy $  9,594.42   sel     $28,500.00   [strat=friendly_rapport_builder]
      R 8  buy $ 10,148.56   sel     $28,000.00   [strat=friendly_rapport_builder]
      R 9  buy $  5,508.74   sel     $27,500.00   [strat=patient_value_defender] *
      R10  buy $  5,559.37   sel     $27,500.00   [strat=patient_value_defender]
      R11  buy $ 11,301.17   sel     $27,000.00   [strat=patient_value_defender]
      R12  buy $ 16,357.83   sel     $26,500.00   [strat=patient_value_defender]
      R13  buy $     21.49   sel     $26,500.00   [strat=patient_value_defender]
      R14  buy $  4,333.54   sel     $26,500.00   [strat=patient_value_defender]
      R15  buy $  2,815.17   sel     $26,000.00   [strat=patient_value_defender]
      R16  buy $ 10,738.84   sel     $25,500.00   [strat=patient_value_defender]
   run 6 done in 6.1 min

   run 7/30 on 2022 Toyota RAV4 XLE AWD  seed=20863426
      R 1  buy $ 29,639.40   sel     $31,499.00   [strat=friendly_rapport_builder] *
      R 2  buy $ 11,346.29   sel     $29,999.00   [strat=friendly_rapport_builder]
      R 3  buy $ 16,737.51   sel     $28,500.00   [strat=friendly_rapport_builder]
      R 4  buy $ 13,790.96   sel     $27,900.00   [strat=friendly_rapport_builder]
      R 5  buy $ 14,699.38   sel     $27,500.00   [strat=friendly_rapport_builder]
      R 6  buy $  9,560.38   sel     $27,000.00   [strat=friendly_rapport_builder]
      R 7  buy $ 19,145.19   sel     $26,500.00   [strat=friendly_rapport_builder]
      R 8  buy $ 12,458.85   sel     $26,000.00   [strat=friendly_rapport_builder]
      R 9  buy $  2,247.87   sel     $25,500.00   [strat=patient_value_defender] *
      R10  buy $ 16,415.84   sel     $25,000.00   [strat=patient_value_defender]
      R11  buy $ 10,548.86   sel     $24,500.00   [strat=patient_value_defender]
      R12  buy $  1,265.78   sel     $24,000.00   [strat=patient_value_defender]
      R13  buy $  9,522.83   sel     $23,500.00   [strat=patient_value_defender]
      R14  buy $ 19,727.83   sel     $23,000.00   [strat=patient_value_defender]
      R15  buy $  5,148.26   sel     $22,500.00   [strat=patient_value_defender]
      R16  buy $    459.09   sel     $22,500.00   [strat=patient_value_defender]
   run 7 done in 7.5 min

   run 8/30 on 2022 Toyota RAV4 XLE AWD  seed=20863427
      R 1  buy $ 22,467.27   sel     $27,995.00   [strat=friendly_rapport_builder] *
      R 2  buy $  8,599.29   sel     $27,200.00   [strat=friendly_rapport_builder]
      R 3  buy $    310.35   sel     $27,200.00   [strat=friendly_rapport_builder]
      R 4  buy $ 14,776.06   sel     $26,500.00   [strat=friendly_rapport_builder]
      R 5  buy $  5,707.50   sel     $25,999.00   [strat=friendly_rapport_builder]
      R 6  buy $ 18,751.93   sel     $25,500.00   [strat=friendly_rapport_builder]
      R 7  buy $ 13,383.82   sel     $24,999.00   [strat=friendly_rapport_builder]
      R 8  buy $  4,126.18   sel     $24,500.00   [strat=friendly_rapport_builder]
      R 9  buy $  8,510.96   sel     $24,200.00   [strat=patient_value_defender] *
      R10  buy $  2,181.98   sel     $24,000.00   [strat=patient_value_defender]
      R11  buy $ 23,594.28   sel     $23,900.00   [strat=patient_value_defender]
      R12  buy $  5,652.09   sel     $23,900.00   [strat=patient_value_defender]
      R13  buy $  3,929.85   sel     $23,900.00   [strat=patient_value_defender]
      R14  buy $  1,720.68   sel     $23,900.00   [strat=patient_value_defender]
      R15  buy $ 20,783.87   sel     $23,500.00   [strat=patient_value_defender]
      R16  buy $ 16,445.21   sel     $22,900.00   [strat=patient_value_defender]
   run 8 done in 7.0 min

   run 9/30 on 2022 Toyota RAV4 XLE AWD  seed=20863428
      R 1  buy $  1,628.95   sel     $30,495.00   [strat=friendly_rapport_builder] *
      R 2  buy $ 23,469.06   sel     $28,495.00   [strat=friendly_rapport_builder]
      R 3  buy $ 19,421.07   sel     $27,995.00   [strat=friendly_rapport_builder]
      R 4  buy $  5,870.36   sel     $27,500.00   [strat=friendly_rapport_builder]
      R 5  buy $  3,355.15   sel     $27,500.00   [strat=friendly_rapport_builder]
      R 6  buy $  5,997.70   sel     $26,500.00   [strat=friendly_rapport_builder]
      R 7  buy $  1,091.71   sel     $26,000.00   [strat=friendly_rapport_builder]
      R 8  buy $ 22,179.67   sel     $24,500.00   [strat=friendly_rapport_builder]
      R 9  buy $ 20,014.10   sel     $23,500.00   [strat=patient_value_defender] *
      R10  buy $  3,360.21   sel     $23,000.00   [strat=patient_value_defender]
      R11  buy $  1,843.67   sel     $22,500.00   [strat=patient_value_defender]
      R12  buy $  4,161.71   sel     $21,500.00   [strat=patient_value_defender]
      R13  buy $    772.90   sel     $21,000.00   [strat=patient_value_defender]
      R14  buy $ 12,264.64   sel     $20,500.00   [strat=patient_value_defender]
      R15  buy $ 20,442.33   sel     $20,500.00   [strat=patient_value_defender]
      R16  buy $    895.47   sel     $20,500.00   [strat=patient_value_defender]
   run 9 done in 7.0 min

   run 10/30 on 2022 Toyota RAV4 XLE AWD  seed=20863429
      R 1  buy $ 26,037.36   sel     $29,100.00   [strat=friendly_rapport_builder] *
      R 2  buy $ 18,654.91   sel     $28,500.00   [strat=friendly_rapport_builder]
      R 3  buy $  4,485.38   sel     $27,800.00   [strat=friendly_rapport_builder]
      R 4  buy $ 14,125.75   sel     $27,600.00   [strat=friendly_rapport_builder]
      R 5  buy $ 25,315.19   sel     $26,700.00   [strat=friendly_rapport_builder]
      R 6  buy $ 14,813.96   sel     $26,500.00   [strat=friendly_rapport_builder]
      R 7  buy $  8,697.46   sel     $26,400.00   [strat=friendly_rapport_builder]
      R 8  buy $  9,810.02   sel     $26,300.00   [strat=friendly_rapport_builder]
      R 9  buy $  1,832.28   sel     $26,200.00   [strat=patient_value_defender] *
      R10  buy $ 17,572.61   sel     $26,100.00   [strat=patient_value_defender]
      R11  buy $ 20,081.43   sel     $26,000.00   [strat=patient_value_defender]
      R12  buy $ 25,663.59   sel     $25,800.00   [strat=patient_value_defender]
      R13  buy $  7,545.32   sel     $25,800.00   [strat=patient_value_defender]
      R14  buy $  8,568.82   sel     $25,700.00   [strat=patient_value_defender]
      R15  buy $ 24,431.02   sel     $25,500.00   [strat=patient_value_defender]
      R16  buy $  5,176.40   sel     $25,000.00   [strat=patient_value_defender]
   run 10 done in 6.7 min

   run 11/30 on 2022 Toyota RAV4 XLE AWD  seed=20863430
      R 1  buy $ 25,298.69   sel     $29,995.00   [strat=friendly_rapport_builder] *
      R 2  buy $ 14,937.07   sel     $28,500.00   [strat=friendly_rapport_builder]
      R 3  buy $ 26,244.51   sel     $27,500.00   [strat=friendly_rapport_builder]
      R 4  buy $ 20,201.93   sel     $26,500.00   [strat=friendly_rapport_builder]
      R 5  buy $ 25,109.17   sel     $26,000.00   [strat=friendly_rapport_builder]
      R 6  buy $ 11,844.56   sel     $26,000.00   [strat=friendly_rapport_builder]
      R 7  buy $  4,785.74   sel     $25,500.00   [strat=friendly_rapport_builder]
      R 8  buy $ 10,896.38   sel     $25,000.00   [strat=friendly_rapport_builder]
      R 9  buy $ 17,781.10   sel     $24,500.00   [strat=patient_value_defender] *
      R10  buy $ 15,819.48   sel     $24,000.00   [strat=patient_value_defender]
      R11  buy $  9,714.81   sel     $23,500.00   [strat=patient_value_defender]
      R12  buy $ 17,719.98   sel     $23,000.00   [strat=patient_value_defender]
      R13  buy $ 17,712.93   sel     $22,500.00   [strat=patient_value_defender]
      R14  buy $  9,306.79   sel     $22,500.00   [strat=patient_value_defender]
      R15  buy $ 14,226.97   sel     $22,000.00   [strat=patient_value_defender]
      R16  buy $ 16,291.22   sel     $21,500.00   [strat=patient_value_defender]
   run 11 done in 7.1 min

   run 12/30 on 2022 Toyota RAV4 XLE AWD  seed=20863431
      R 1  buy $ 25,667.50   sel     $30,500.00   [strat=friendly_rapport_builder] *
      R 2  buy $ 13,337.31   sel     $30,500.00   [strat=friendly_rapport_builder]
      R 3  buy $  5,838.21   sel     $30,000.00   [strat=friendly_rapport_builder]
      R 4  buy $  9,614.65   sel     $29,500.00   [strat=friendly_rapport_builder]
      R 5  buy $  2,037.67   sel     $29,000.00   [strat=friendly_rapport_builder]
      R 6  buy $  6,433.78   sel     $28,500.00   [strat=friendly_rapport_builder]
      R 7  buy $ 21,732.18   sel     $27,500.00   [strat=friendly_rapport_builder]
      R 8  buy $ 18,072.57   sel     $26,500.00   [strat=friendly_rapport_builder]
      R 9  buy $ 12,542.93   sel     $26,000.00   [strat=patient_value_defender] *
      R10  buy $ 23,945.45   sel     $25,500.00   [strat=patient_value_defender]
      R11  buy $ 10,882.48   sel     $25,000.00   [strat=patient_value_defender]
      R12  buy $ 18,415.92   sel     $24,500.00   [strat=patient_value_defender]
      R13  buy $ 16,975.46   sel     $24,000.00   [strat=patient_value_defender]
      R14  buy $ 23,792.22   sel     $23,792.22   [strat=patient_value_defender]
      R15  buy $ 23,110.22   sel     $23,500.00   [strat=patient_value_defender]
      R16  buy $     36.51   sel     $23,500.00   [strat=patient_value_defender]
   run 12 done in 6.9 min

   run 13/30 on 2022 Toyota RAV4 XLE AWD  seed=20863432
      R 1  buy $  9,356.49   sel     $29,000.00   [strat=friendly_rapport_builder] *
      R 2  buy $ 27,227.03   sel     $27,800.00   [strat=friendly_rapport_builder]
      R 3  buy $    954.64   sel     $27,500.00   [strat=friendly_rapport_builder]
      R 4  buy $ 16,005.36   sel     $27,000.00   [strat=friendly_rapport_builder]
      R 5  buy $ 11,468.21   sel     $26,500.00   [strat=friendly_rapport_builder]
      R 6  buy $ 17,995.39   sel     $25,500.00   [strat=friendly_rapport_builder]
      R 7  buy $  4,823.61   sel     $24,500.00   [strat=friendly_rapport_builder]
      R 8  buy $ 21,673.53   sel     $24,500.00   [strat=friendly_rapport_builder]
      R 9  buy $ 20,555.32   sel     $24,000.00   [strat=patient_value_defender] *
      R10  buy $ 10,854.59   sel     $23,500.00   [strat=patient_value_defender]
      R11  buy $  1,604.63   sel     $23,000.00   [strat=patient_value_defender]
      R12  buy $  9,573.54   sel     $22,500.00   [strat=patient_value_defender]
      R13  buy $ 12,721.92   sel     $21,500.00   [strat=patient_value_defender]
      R14  buy $ 13,053.82   sel     $21,000.00   [strat=patient_value_defender]
      R15  buy $ 18,579.15   sel     $20,800.00   [strat=patient_value_defender]
      R16  buy $ 14,929.83   sel     $20,800.00   [strat=patient_value_defender]
   run 13 done in 6.8 min

   run 14/30 on 2022 Toyota RAV4 XLE AWD  seed=20863433
      R 1  buy $  8,291.23   sel     $31,500.00   [strat=friendly_rapport_builder] *
      R 2  buy $  5,616.97   sel     $30,000.00   [strat=friendly_rapport_builder]
      R 3  buy $ 17,122.32   sel     $28,500.00   [strat=friendly_rapport_builder]
      R 4  buy $  6,292.54   sel     $27,500.00   [strat=friendly_rapport_builder]
      R 5  buy $  3,647.43   sel     $27,000.00   [strat=friendly_rapport_builder]
      R 6  buy $ 20,509.78   sel     $26,500.00   [strat=friendly_rapport_builder]
      R 7  buy $  3,168.38   sel     $26,000.00   [strat=friendly_rapport_builder]
      R 8  buy $ 15,723.95   sel     $25,500.00   [strat=friendly_rapport_builder]
      R 9  buy $  9,618.28   sel     $25,000.00   [strat=patient_value_defender] *
      R10  buy $ 11,794.64   sel     $24,500.00   [strat=patient_value_defender]
      R11  buy $ 14,611.71   sel     $24,000.00   [strat=patient_value_defender]
      R12  buy $  1,755.91   sel     $23,500.00   [strat=patient_value_defender]
      R13  buy $ 11,764.08   sel     $23,000.00   [strat=patient_value_defender]
      R14  buy $  4,064.22   sel     $22,000.00   [strat=patient_value_defender]
      R15  buy $ 15,023.43   sel     $21,500.00   [strat=patient_value_defender]
      R16  buy $  1,873.30   sel     $21,000.00   [strat=patient_value_defender]
   run 14 done in 6.7 min

   run 15/30 on 2022 Toyota RAV4 XLE AWD  seed=20863434
      R 1  buy $  3,111.50   sel     $29,000.00   [strat=friendly_rapport_builder] *
      R 2  buy $ 14,003.05   sel     $27,500.00   [strat=friendly_rapport_builder]
      R 3  buy $ 13,132.34   sel     $26,500.00   [strat=friendly_rapport_builder]
      R 4  buy $    792.24   sel     $25,500.00   [strat=friendly_rapport_builder]
      R 5  buy $ 15,218.76   sel     $24,500.00   [strat=friendly_rapport_builder]
      R 6  buy $  2,805.37   sel     $24,500.00   [strat=friendly_rapport_builder]
      R 7  buy $ 19,511.12   sel     $24,000.00   [strat=friendly_rapport_builder]
      R 8  buy $  7,751.31   sel     $24,000.00   [strat=friendly_rapport_builder]
      R 9  buy $  2,311.96   sel     $24,000.00   [strat=patient_value_defender] *
      R10  buy $  7,550.55   sel     $24,000.00   [strat=patient_value_defender]
      R11  buy $ 18,662.16   sel     $23,500.00   [strat=patient_value_defender]
      R12  buy $ 11,851.35   sel     $23,500.00   [strat=patient_value_defender]
      R13  buy $  6,252.03   sel     $23,250.00   [strat=patient_value_defender]
      R14  buy $ 21,095.26   sel     $22,000.00   [strat=patient_value_defender]
      R15  buy $ 19,392.23   sel     $21,500.00   [strat=patient_value_defender]
      R16  buy $ 14,947.84   sel     $21,250.00   [strat=patient_value_defender]
   run 15 done in 5.9 min

   run 16/30 on 2022 Toyota RAV4 XLE AWD  seed=20863435
      R 1  buy $ 16,550.54   sel     $28,500.00   [strat=friendly_rapport_builder] *
      R 2  buy $ 22,950.12   sel     $27,500.00   [strat=friendly_rapport_builder]
      R 3  buy $ 14,844.45   sel     $26,000.00   [strat=friendly_rapport_builder]
      R 4  buy $  2,145.95   sel     $25,500.00   [strat=friendly_rapport_builder]
      R 5  buy $  2,180.19   sel     $25,000.00   [strat=friendly_rapport_builder]
      R 6  buy $    252.28   sel     $24,500.00   [strat=friendly_rapport_builder]
      R 7  buy $ 14,807.35   sel     $23,500.00   [strat=friendly_rapport_builder]
      R 8  buy $  2,182.97   sel     $23,000.00   [strat=friendly_rapport_builder]
      R 9  buy $ 17,469.06   sel     $22,500.00   [strat=patient_value_defender] *
      R10  buy $ 10,735.39   sel     $21,500.00   [strat=patient_value_defender]
      R11  buy $    778.48   sel     $21,000.00   [strat=patient_value_defender]
      R12  buy $ 17,328.64   sel     $20,500.00   [strat=patient_value_defender]
      R13  buy $  3,945.74   sel     $20,000.00   [strat=patient_value_defender]
      R14  buy $ 13,908.49   sel     $19,500.00   [strat=patient_value_defender]
      R15  buy $ 19,073.70   sel     $19,800.00   [strat=patient_value_defender]
      R16  buy $ 13,249.01   sel     $19,300.00   [strat=patient_value_defender]
   run 16 done in 4.8 min

   run 17/30 on 2022 Toyota RAV4 XLE AWD  seed=20863436
      R 1  buy $  1,375.68   sel     $29,995.00   [strat=friendly_rapport_builder] *
      R 2  buy $ 29,813.60   sel     $29,875.00   [strat=friendly_rapport_builder]
      R 3  buy $ 23,118.12   sel     $29,500.00   [strat=friendly_rapport_builder]
      R 4  buy $ 12,786.96   sel     $28,750.00   [strat=friendly_rapport_builder]
      R 5  buy $  9,980.25   sel     $27,500.00   [strat=friendly_rapport_builder]
      R 6  buy $ 11,371.63   sel     $26,500.00   [strat=friendly_rapport_builder]
      R 7  buy $ 26,305.00   sel     $26,400.00   [strat=friendly_rapport_builder]
      R 8  buy $    656.70   sel     $26,000.00   [strat=friendly_rapport_builder]
      R 9  buy $  9,798.25   sel     $25,800.00   [strat=patient_value_defender] *
      R10  buy $ 17,894.56   sel     $25,500.00   [strat=patient_value_defender]
      R11  buy $ 17,342.80   sel     $25,000.00   [strat=patient_value_defender]
      R12  buy $ 19,254.38   sel     $24,500.00   [strat=patient_value_defender]
      R13  buy $  7,016.90   sel     $24,000.00   [strat=patient_value_defender]
      R14  buy $  5,620.26   sel     $23,500.00   [strat=patient_value_defender]
      R15  buy $ 18,591.05   sel     $23,000.00   [strat=patient_value_defender]
      R16  buy $  9,832.29   sel     $22,500.00   [strat=patient_value_defender]
   run 17 done in 5.8 min

   run 18/30 on 2022 Toyota RAV4 XLE AWD  seed=20863437
      R 1  buy $ 25,403.11   sel     $29,000.00   [strat=friendly_rapport_builder] *
      R 2  buy $  7,411.88   sel     $28,500.00   [strat=friendly_rapport_builder]
      R 3  buy $ 22,031.25   sel     $27,800.00   [strat=friendly_rapport_builder]
      R 4  buy $    857.35   sel     $27,500.00   [strat=friendly_rapport_builder]
      R 5  buy $ 11,458.23   sel     $27,300.00   [strat=friendly_rapport_builder]
      R 6  buy $ 16,782.23   sel     $26,500.00   [strat=friendly_rapport_builder]
      R 7  buy $ 20,425.08   sel     $25,500.00   [strat=friendly_rapport_builder]
      R 8  buy $ 19,857.30   sel     $24,500.00   [strat=friendly_rapport_builder]
      R 9  buy $  2,194.46   sel     $24,000.00   [strat=patient_value_defender] *
      R10  buy $  1,319.31   sel     $23,500.00   [strat=patient_value_defender]
      R11  buy $  7,502.78   sel     $23,500.00   [strat=patient_value_defender]
      R12  buy $ 14,048.93   sel     $23,000.00   [strat=patient_value_defender]
      R13  buy $  9,469.03   sel     $23,000.00   [strat=patient_value_defender]
      R14  buy $    420.02   sel     $22,500.00   [strat=patient_value_defender]
      R15  buy $  5,019.61   sel     $21,500.00   [strat=patient_value_defender]
      R16  buy $  6,170.45   sel     $21,000.00   [strat=patient_value_defender]
   run 18 done in 7.4 min

   run 19/30 on 2022 Toyota RAV4 XLE AWD  seed=20863438
      R 1  buy $  4,856.64   sel     $29,595.00   [strat=friendly_rapport_builder] *
      R 2  buy $ 18,377.91   sel     $28,995.00   [strat=friendly_rapport_builder]
      R 3  buy $  6,216.87   sel     $28,495.00   [strat=friendly_rapport_builder]
      R 4  buy $ 27,439.08   sel     $27,995.00   [strat=friendly_rapport_builder]
      R 5  buy $  5,096.86   sel     $27,995.00   [strat=friendly_rapport_builder]
      R 6  buy $  7,069.00   sel     $27,995.00   [strat=friendly_rapport_builder]
      R 7  buy $ 26,335.66   sel     $27,795.00   [strat=friendly_rapport_builder]
      R 8  buy $ 17,252.80   sel     $27,595.00   [strat=friendly_rapport_builder]
      R 9  buy $  3,829.98   sel     $27,395.00   [strat=patient_value_defender] *
      R10  buy $  1,907.07   sel     $27,195.00   [strat=patient_value_defender]
      R11  buy $ 16,370.76   sel     $26,995.00   [strat=patient_value_defender]
      R12  buy $ 14,573.28   sel     $26,795.00   [strat=patient_value_defender]
      R13  buy $ 22,803.31   sel     $26,395.00   [strat=patient_value_defender]
      R14  buy $ 20,075.46   sel     $25,995.00   [strat=patient_value_defender]
      R15  buy $    989.89   sel     $25,795.00   [strat=patient_value_defender]
      R16  buy $ 23,097.10   sel     $25,595.00   [strat=patient_value_defender]
   run 19 done in 7.2 min

   run 20/30 on 2022 Toyota RAV4 XLE AWD  seed=20863439
      R 1  buy $  6,235.17   sel     $29,995.00   [strat=friendly_rapport_builder] *
      R 2  buy $ 18,095.82   sel     $28,500.00   [strat=friendly_rapport_builder]
      R 3  buy $ 21,231.58   sel     $27,800.00   [strat=friendly_rapport_builder]
      R 4  buy $ 22,095.66   sel     $27,300.00   [strat=friendly_rapport_builder]
      R 5  buy $ 12,152.43   sel     $27,000.00   [strat=friendly_rapport_builder]
      R 6  buy $ 13,921.64   sel     $26,800.00   [strat=friendly_rapport_builder]
      R 7  buy $ 23,028.95   sel     $26,500.00   [strat=friendly_rapport_builder]
      R 8  buy $  4,210.52   sel     $26,300.00   [strat=friendly_rapport_builder]
      R 9  buy $ 17,850.52   sel     $25,900.00   [strat=patient_value_defender] *
      R10  buy $  2,003.71   sel     $25,700.00   [strat=patient_value_defender]
      R11  buy $ 17,818.37   sel     $25,500.00   [strat=patient_value_defender]
      R12  buy $  2,315.98   sel     $25,300.00   [strat=patient_value_defender]
      R13  buy $  4,196.72   sel     $25,000.00   [strat=patient_value_defender]
      R14  buy $ 19,533.60   sel     $24,800.00   [strat=patient_value_defender]
      R15  buy $ 23,570.17   sel     $24,200.00   [strat=patient_value_defender]
      R16  buy $ 17,304.52   sel     $23,800.00   [strat=patient_value_defender]
   run 20 done in 5.5 min

   run 21/30 on 2022 Toyota RAV4 XLE AWD  seed=20863440
      R 1  buy $ 14,215.14   sel     $29,500.00   [strat=friendly_rapport_builder] *
      R 2  buy $  4,116.97   sel     $28,500.00   [strat=friendly_rapport_builder]
      R 3  buy $ 24,591.46   sel     $26,500.00   [strat=friendly_rapport_builder]
      R 4  buy $  4,912.16   sel     $25,500.00   [strat=friendly_rapport_builder]
      R 5  buy $ 20,234.01   sel     $24,999.00   [strat=friendly_rapport_builder]
      R 6  buy $  8,682.85   sel     $24,500.00   [strat=friendly_rapport_builder]
      R 7  buy $ 17,023.54   sel     $23,999.00   [strat=friendly_rapport_builder]
      R 8  buy $ 19,655.54   sel     $23,500.00   [strat=friendly_rapport_builder]
      R 9  buy $  5,537.77   sel     $22,999.00   [strat=patient_value_defender] *
      R10  buy $ 12,310.12   sel     $22,500.00   [strat=patient_value_defender]
      R11  buy $ 19,635.11   sel     $21,999.00   [strat=patient_value_defender]
      R12  buy $  6,713.29   sel     $21,500.00   [strat=patient_value_defender]
      R13  buy $ 16,563.53   sel     $21,000.00   [strat=patient_value_defender]
      R14  buy $ 18,406.18   sel     $20,999.00   [strat=patient_value_defender]
      R15  buy $ 11,715.43   sel     $20,900.00   [strat=patient_value_defender]
      R16  buy $ 13,675.26   sel     $20,800.00   [strat=patient_value_defender]
   run 21 done in 7.6 min

   run 22/30 on 2022 Toyota RAV4 XLE AWD  seed=20863441
      R 1  buy $  4,275.26   sel     $29,995.00   [strat=friendly_rapport_builder] *
      R 2  buy $ 14,964.82   sel     $27,995.00   [strat=friendly_rapport_builder]
      R 3  buy $  5,688.01   sel     $26,500.00   [strat=friendly_rapport_builder]
      R 4  buy $  1,066.67   sel     $25,500.00   [strat=friendly_rapport_builder]
      R 5  buy $ 13,505.50   sel     $24,800.00   [strat=friendly_rapport_builder]
      R 6  buy $ 19,428.83   sel     $23,800.00   [strat=friendly_rapport_builder]
      R 7  buy $    673.52   sel     $23,500.00   [strat=friendly_rapport_builder]
      R 8  buy $  3,671.09   sel     $23,000.00   [strat=friendly_rapport_builder]
      R 9  buy $ 11,047.40   sel     $22,500.00   [strat=patient_value_defender] *
      R10  buy $ 10,295.19   sel     $22,000.00   [strat=patient_value_defender]
      R11  buy $ 14,355.48   sel     $21,500.00   [strat=patient_value_defender]
      R12  buy $ 10,541.43   sel     $21,000.00   [strat=patient_value_defender]
      R13  buy $  9,808.89   sel     $20,500.00   [strat=patient_value_defender]
      R14  buy $ 13,379.94   sel     $20,000.00   [strat=patient_value_defender]
      R15  buy $  8,284.41   sel     $20,800.00   [strat=patient_value_defender]
      R16  buy $ 15,978.94   sel     $20,800.00   [strat=patient_value_defender]
   run 22 done in 7.0 min

   run 23/30 on 2022 Toyota RAV4 XLE AWD  seed=20863442
      R 1  buy $  4,781.90   sel     $29,999.00   [strat=friendly_rapport_builder] *
      R 2  buy $ 13,000.61   sel     $29,500.00   [strat=friendly_rapport_builder]
      R 3  buy $ 14,758.07   sel     $28,999.00   [strat=friendly_rapport_builder]
      R 4  buy $ 10,859.83   sel     $28,500.00   [strat=friendly_rapport_builder]
      R 5  buy $ 19,492.19   sel     $27,999.00   [strat=friendly_rapport_builder]
      R 6  buy $ 25,009.98   sel     $26,999.00   [strat=friendly_rapport_builder]
      R 7  buy $ 14,723.79   sel     $26,499.00   [strat=friendly_rapport_builder]
      R 8  buy $ 22,159.40   sel     $25,499.00   [strat=friendly_rapport_builder]
      R 9  buy $ 12,549.90   sel     $25,200.00   [strat=patient_value_defender] *
      R10  buy $ 20,063.75   sel     $25,000.00   [strat=patient_value_defender]
      R11  buy $ 10,031.76   sel     $24,500.00   [strat=patient_value_defender]
      R12  buy $ 19,698.43   sel     $23,000.00   [strat=patient_value_defender]
      R13  buy $ 12,574.01   sel     $22,500.00   [strat=patient_value_defender]
      R14  buy $  2,816.38   sel     $22,500.00   [strat=patient_value_defender]
      R15  buy $ 18,912.56   sel     $21,500.00   [strat=patient_value_defender]
      R16  buy $ 14,820.32   sel     $21,000.00   [strat=patient_value_defender]
   run 23 done in 5.9 min

   run 24/30 on 2022 Toyota RAV4 XLE AWD  seed=20863443
      R 1  buy $ 11,583.99   sel     $29,999.00   [strat=friendly_rapport_builder] *
      R 2  buy $  1,223.45   sel     $29,500.00   [strat=friendly_rapport_builder]
      R 3  buy $  6,494.19   sel     $29,250.00   [strat=friendly_rapport_builder]
      R 4  buy $ 18,453.73   sel     $28,500.00   [strat=friendly_rapport_builder]
      R 5  buy $ 16,498.27   sel     $27,500.00   [strat=friendly_rapport_builder]
      R 6  buy $ 15,052.64   sel     $27,000.00   [strat=friendly_rapport_builder]
      R 7  buy $  4,146.85   sel     $26,500.00   [strat=friendly_rapport_builder]
      R 8  buy $ 23,843.12   sel     $25,500.00   [strat=friendly_rapport_builder]
      R 9  buy $ 15,055.91   sel     $24,999.00   [strat=patient_value_defender] *
      R10  buy $ 10,436.84   sel     $24,500.00   [strat=patient_value_defender]
      R11  buy $  2,914.52   sel     $24,250.00   [strat=patient_value_defender]
      R12  buy $  7,664.42   sel     $24,000.00   [strat=patient_value_defender]
      R13  buy $    201.35   sel     $24,000.00   [strat=patient_value_defender]
      R14  buy $  3,284.30   sel     $23,900.00   [strat=patient_value_defender]
      R15  buy $ 16,008.88   sel     $23,500.00   [strat=patient_value_defender]
      R16  buy $ 17,384.67   sel     $23,000.00   [strat=patient_value_defender]
   run 24 done in 6.4 min

   run 25/30 on 2022 Toyota RAV4 XLE AWD  seed=20863444
      R 1  buy $  8,710.91   sel     $30,500.00   [strat=friendly_rapport_builder] *
      R 2  buy $ 19,634.78   sel     $28,500.00   [strat=friendly_rapport_builder]
      R 3  buy $  9,053.71   sel     $27,500.00   [strat=friendly_rapport_builder]
      R 4  buy $ 25,622.44   sel     $26,500.00   [strat=friendly_rapport_builder]
      R 5  buy $    717.79   sel     $26,000.00   [strat=friendly_rapport_builder]
      R 6  buy $  4,848.75   sel     $25,500.00   [strat=friendly_rapport_builder]
      R 7  buy $  2,911.63   sel     $25,000.00   [strat=friendly_rapport_builder]
      R 8  buy $ 13,887.58   sel     $24,500.00   [strat=friendly_rapport_builder]
      R 9  buy $ 13,685.56   sel     $24,000.00   [strat=patient_value_defender] *
      R10  buy $ 18,726.46   sel     $23,500.00   [strat=patient_value_defender]
      R11  buy $  5,016.65   sel     $23,500.00   [strat=patient_value_defender]
      R12  buy $  5,990.48   sel     $23,500.00   [strat=patient_value_defender]
      R13  buy $ 19,236.42   sel     $22,500.00   [strat=patient_value_defender]
      R14  buy $    540.50   sel     $22,500.00   [strat=patient_value_defender]
      R15  buy $ 14,967.22   sel     $21,500.00   [strat=patient_value_defender]
      R16  buy $  1,831.51   sel     $21,500.00   [strat=patient_value_defender]
   run 25 done in 6.3 min

   run 26/30 on 2022 Toyota RAV4 XLE AWD  seed=20863445
      R 1  buy $  9,613.31   sel     $29,995.00   [strat=friendly_rapport_builder] *
      R 2  buy $ 11,972.89   sel     $28,995.00   [strat=friendly_rapport_builder]
      R 3  buy $  7,825.43   sel     $28,500.00   [strat=friendly_rapport_builder]
      R 4  buy $ 16,389.78   sel     $27,995.00   [strat=friendly_rapport_builder]
      R 5  buy $ 17,216.06   sel     $26,500.00   [strat=friendly_rapport_builder]
      R 6  buy $ 10,821.64   sel     $25,500.00   [strat=friendly_rapport_builder]
      R 7  buy $ 17,771.51   sel     $24,500.00   [strat=friendly_rapport_builder]
      R 8  buy $  3,939.50   sel     $23,500.00   [strat=friendly_rapport_builder]
      R 9  buy $  7,440.14   sel     $22,500.00   [strat=patient_value_defender] *
      R10  buy $ 15,917.55   sel     $22,500.00   [strat=patient_value_defender]
      R11  buy $ 22,268.52   sel     $22,400.00   [strat=patient_value_defender]
      R12  buy $  1,030.48   sel     $22,400.00   [strat=patient_value_defender]
      R13  buy $ 12,788.09   sel     $22,400.00   [strat=patient_value_defender]
      R14  buy $    982.91   sel     $22,400.00   [strat=patient_value_defender]
      R15  buy $ 10,095.93   sel     $22,400.00   [strat=patient_value_defender]
      R16  buy $  4,151.78   sel     $22,400.00   [strat=patient_value_defender]
   run 26 done in 5.8 min

   run 27/30 on 2022 Toyota RAV4 XLE AWD  seed=20863446
      R 1  buy $  3,531.49   sel     $29,500.00   [strat=friendly_rapport_builder] *
      R 2  buy $ 15,277.02   sel     $27,500.00   [strat=friendly_rapport_builder]
      R 3  buy $ 13,803.41   sel     $26,000.00   [strat=friendly_rapport_builder]
      R 4  buy $  7,050.89   sel     $25,000.00   [strat=friendly_rapport_builder]
      R 5  buy $ 16,380.28   sel     $23,500.00   [strat=friendly_rapport_builder]
      R 6  buy $ 18,631.79   sel     $22,000.00   [strat=friendly_rapport_builder]
      R 7  buy $    278.54   sel     $21,500.00   [strat=friendly_rapport_builder]
      R 8  buy $ 14,696.05   sel     $21,000.00   [strat=friendly_rapport_builder]
      R 9  buy $  8,379.70   sel     $20,500.00   [strat=patient_value_defender] *
      R10  buy $    989.09   sel     $20,000.00   [strat=patient_value_defender]
      R11  buy $ 15,358.95   sel     $19,500.00   [strat=patient_value_defender]
      R12  buy $ 13,008.98   sel     $19,000.00   [strat=patient_value_defender]
      R13  buy $  5,843.90   sel     $18,500.00   [strat=patient_value_defender]
      R14  buy $  8,745.84   sel     $18,000.00   [strat=patient_value_defender]
      R15  buy $  3,424.13   sel     $21,000.00   [strat=patient_value_defender]
      R16  buy $  1,251.99   sel     $21,000.00   [strat=patient_value_defender]
   run 27 done in 6.2 min

   run 28/30 on 2022 Toyota RAV4 XLE AWD  seed=20863447
      R 1  buy $  7,587.88   sel     $31,500.00   [strat=friendly_rapport_builder] *
      R 2  buy $  3,588.07   sel     $30,000.00   [strat=friendly_rapport_builder]
      R 3  buy $ 24,090.62   sel     $27,500.00   [strat=friendly_rapport_builder]
      R 4  buy $  7,077.26   sel     $26,500.00   [strat=friendly_rapport_builder]
      R 5  buy $  6,955.32   sel     $26,000.00   [strat=friendly_rapport_builder]
      R 6  buy $ 13,928.32   sel     $25,500.00   [strat=friendly_rapport_builder]
      R 7  buy $    296.07   sel     $25,000.00   [strat=friendly_rapport_builder]
      R 8  buy $    526.05   sel     $24,500.00   [strat=friendly_rapport_builder]
      R 9  buy $  8,108.81   sel     $24,000.00   [strat=patient_value_defender] *
      R10  buy $ 19,618.82   sel     $23,000.00   [strat=patient_value_defender]
      R11  buy $ 20,592.17   sel     $22,500.00   [strat=patient_value_defender]
      R12  buy $ 12,087.25   sel     $21,500.00   [strat=patient_value_defender]
      R13  buy $ 18,137.63   sel     $21,000.00   [strat=patient_value_defender]
      R14  buy $ 13,240.41   sel     $20,500.00   [strat=patient_value_defender]
      R15  buy $ 19,881.32   sel     $20,900.00   [strat=patient_value_defender]
      R16  buy $  1,200.82   sel     $20,850.00   [strat=patient_value_defender]
   run 28 done in 7.8 min

   run 29/30 on 2022 Toyota RAV4 XLE AWD  seed=20863448
      R 1  buy $ 21,578.93   sel     $27,995.00   [strat=friendly_rapport_builder] *
      R 2  buy $  8,723.22   sel     $26,995.00   [strat=friendly_rapport_builder]
      R 3  buy $    951.92   sel     $25,995.00   [strat=friendly_rapport_builder]
      R 4  buy $ 16,684.89   sel     $25,500.00   [strat=friendly_rapport_builder]
      R 5  buy $ 15,518.08   sel     $24,900.00   [strat=friendly_rapport_builder]
      R 6  buy $    519.98   sel     $24,800.00   [strat=friendly_rapport_builder]
      R 7  buy $ 21,257.96   sel     $24,600.00   [strat=friendly_rapport_builder]
      R 8  buy $ 22,534.36   sel     $24,300.00   [strat=friendly_rapport_builder]
      R 9  buy $  7,413.29   sel     $23,900.00   [strat=patient_value_defender] *
      R10  buy $  4,543.82   sel     $23,800.00   [strat=patient_value_defender]
      R11  buy $ 13,906.26   sel     $23,500.00   [strat=patient_value_defender]
      R12  buy $  4,961.13   sel     $23,400.00   [strat=patient_value_defender]
      R13  buy $ 19,268.27   sel     $23,200.00   [strat=patient_value_defender]
      R14  buy $  9,797.35   sel     $23,000.00   [strat=patient_value_defender]
      R15  buy $ 13,703.55   sel     $22,800.00   [strat=patient_value_defender]
      R16  buy $  6,486.84   sel     $22,500.00   [strat=patient_value_defender]
   run 29 done in 6.8 min

   run 30/30 on 2022 Toyota RAV4 XLE AWD  seed=20863449
      R 1  buy $ 24,509.16   sel     $28,995.00   [strat=friendly_rapport_builder] *
      R 2  buy $ 18,242.41   sel     $27,995.00   [strat=friendly_rapport_builder]
      R 3  buy $ 12,170.00   sel     $26,995.00   [strat=friendly_rapport_builder]
      R 4  buy $  6,332.70   sel     $26,495.00   [strat=friendly_rapport_builder]
      R 5  buy $ 16,792.61   sel     $25,995.00   [strat=friendly_rapport_builder]
      R 6  buy $ 14,612.95   sel     $25,495.00   [strat=friendly_rapport_builder]
      R 7  buy $  8,206.02   sel     $24,995.00   [strat=friendly_rapport_builder]
      R 8  buy $  8,241.56   sel     $24,495.00   [strat=friendly_rapport_builder]
      R 9  buy $ 12,496.75   sel     $23,995.00   [strat=patient_value_defender] *
      R10  buy $ 17,603.98   sel     $23,495.00   [strat=patient_value_defender]
      R11  buy $  1,837.30   sel     $22,995.00   [strat=patient_value_defender]
      R12  buy $  8,195.53   sel     $22,495.00   [strat=patient_value_defender]
      R13  buy $ 20,096.78   sel     $21,995.00   [strat=patient_value_defender]
      R14  buy $ 17,553.62   sel     $21,795.00   [strat=patient_value_defender]
      R15  buy $ 12,136.65   sel     $21,495.00   [strat=patient_value_defender]
      R16  buy $ 14,429.70   sel     $21,395.00   [strat=patient_value_defender]
   run 30 done in 5.8 min

   ---> checkpoint: car 4/5 done in 202.8 min; total so far 760.4 min; saved 120 runs to exp06_transitionA_rep1.json

--- CAR 5/5: 2023 Ford Mustang GT Premium  (M=$45,000.00  cost=$36,000.00  cost/M=80.00%) ---

   run 1/30 on 2023 Ford Mustang GT Premium  seed=20864420
      R 1  buy $ 34,406.68   sel     $42,000.00   [strat=friendly_rapport_builder] *
      R 2  buy $ 12,495.65   sel     $41,500.00   [strat=friendly_rapport_builder]
      R 3  buy $ 25,785.84   sel     $39,999.00   [strat=friendly_rapport_builder]
      R 4  buy $ 13,402.72   sel     $39,500.00   [strat=friendly_rapport_builder]
      R 5  buy $ 16,961.68   sel     $38,999.00   [strat=friendly_rapport_builder]
      R 6  buy $ 37,757.70   sel     $38,500.00   [strat=friendly_rapport_builder]
      R 7  buy $ 33,722.21   sel     $38,000.00   [strat=friendly_rapport_builder]
      R 8  buy $ 13,335.63   sel     $37,500.00   [strat=friendly_rapport_builder]
      R 9  buy $ 36,715.67   sel     $37,500.00   [strat=patient_value_defender] *
      R10  buy $ 23,383.21   sel     $37,500.00   [strat=patient_value_defender]
      R11  buy $  3,576.42   sel     $37,500.00   [strat=patient_value_defender]
      R12  buy $ 20,149.75   sel     $37,000.00   [strat=patient_value_defender]
      R13  buy $ 35,121.45   sel     $36,800.00   [strat=patient_value_defender]
      R14  buy $  6,307.13   sel     $36,800.00   [strat=patient_value_defender]
      R15  buy $ 25,922.09   sel     $36,500.00   [strat=patient_value_defender]
      R16  buy $ 30,474.65   sel     $36,300.00   [strat=patient_value_defender]
   run 1 done in 7.1 min

   run 2/30 on 2023 Ford Mustang GT Premium  seed=20864421
      R 1  buy $  7,010.58   sel     $44,500.00   [strat=friendly_rapport_builder] *
      R 2  buy $ 38,142.25   sel     $42,000.00   [strat=friendly_rapport_builder]
      R 3  buy $ 12,728.14   sel     $41,500.00   [strat=friendly_rapport_builder]
      R 4  buy $  7,932.93   sel     $41,000.00   [strat=friendly_rapport_builder]
      R 5  buy $ 37,128.62   sel     $40,500.00   [strat=friendly_rapport_builder]
      R 6  buy $ 25,079.61   sel     $40,000.00   [strat=friendly_rapport_builder]
      R 7  buy $ 34,396.83   sel     $39,750.00   [strat=friendly_rapport_builder]
      R 8  buy $ 30,892.54   sel     $39,500.00   [strat=friendly_rapport_builder]
      R 9  buy $ 37,407.89   sel     $38,500.00   [strat=patient_value_defender] *
      R10  buy $ 34,599.31   sel     $38,000.00   [strat=patient_value_defender]
      R11  buy $ 29,500.45   sel     $37,500.00   [strat=patient_value_defender]
      R12  buy $ 15,489.77   sel     $37,000.00   [strat=patient_value_defender]
      R13  buy $ 23,613.55   sel     $36,500.00   [strat=patient_value_defender]
      R14  buy $  1,309.39   sel     $36,000.00   [strat=patient_value_defender]
      R15  buy $  2,578.73   sel     $36,000.00   [strat=patient_value_defender]
      R16  buy $ 10,608.42   sel     $36,000.00   [strat=patient_value_defender]
   run 2 done in 5.8 min

   run 3/30 on 2023 Ford Mustang GT Premium  seed=20864422
      R 1  buy $ 35,726.74   sel     $42,000.00   [strat=friendly_rapport_builder] *
      R 2  buy $ 21,036.74   sel     $41,500.00   [strat=friendly_rapport_builder]
      R 3  buy $  7,262.42   sel     $41,000.00   [strat=friendly_rapport_builder]
      R 4  buy $ 26,785.32   sel     $40,000.00   [strat=friendly_rapport_builder]
      R 5  buy $ 16,385.88   sel     $39,500.00   [strat=friendly_rapport_builder]
      R 6  buy $ 35,037.82   sel     $39,000.00   [strat=friendly_rapport_builder]
      R 7  buy $ 25,129.17   sel     $38,500.00   [strat=friendly_rapport_builder]
      R 8  buy $ 14,672.79   sel     $38,000.00   [strat=friendly_rapport_builder]
      R 9  buy $  4,412.44   sel     $37,500.00   [strat=patient_value_defender] *
      R10  buy $  5,330.03   sel     $37,000.00   [strat=patient_value_defender]
      R11  buy $ 32,412.24   sel     $36,500.00   [strat=patient_value_defender]
      R12  buy $ 35,790.92   sel     $36,250.00   [strat=patient_value_defender]
      R13  buy $ 10,249.14   sel     $36,250.00   [strat=patient_value_defender]
      R14  buy $ 10,175.88   sel     $36,200.00   [strat=patient_value_defender]
      R15  buy $ 19,395.74   sel     $36,100.00   [strat=patient_value_defender]
      R16  buy $  5,079.94   sel     $36,100.00   [strat=patient_value_defender]
   run 3 done in 7.4 min

   run 4/30 on 2023 Ford Mustang GT Premium  seed=20864423
      R 1  buy $ 12,314.11   sel     $42,500.00   [strat=friendly_rapport_builder] *
      R 2  buy $ 30,425.38   sel     $40,000.00   [strat=friendly_rapport_builder]
      R 3  buy $ 34,504.36   sel     $38,500.00   [strat=friendly_rapport_builder]
      R 4  buy $ 37,604.65   sel     $37,999.00   [strat=friendly_rapport_builder]
      R 5  buy $ 21,354.09   sel     $37,500.00   [strat=friendly_rapport_builder]
      R 6  buy $  5,658.85   sel     $37,500.00   [strat=friendly_rapport_builder]
      R 7  buy $ 29,359.33   sel     $36,999.00   [strat=friendly_rapport_builder]
      R 8  buy $  3,042.05   sel     $36,500.00   [strat=friendly_rapport_builder]
      R 9  buy $  1,368.87   sel     $36,500.00   [strat=patient_value_defender] *
      R10  buy $  7,073.25   sel     $36,400.00   [strat=patient_value_defender]
      R11  buy $ 27,274.63   sel     $36,300.00   [strat=patient_value_defender]
      R12  buy $  8,071.69   sel     $36,200.00   [strat=patient_value_defender]
      R13  buy $ 19,875.03   sel     $36,100.00   [strat=patient_value_defender]
      R14  buy $ 18,205.60   sel     $36,000.00   [strat=patient_value_defender]
      R15  buy $ 26,550.84   sel     $36,000.00   [strat=patient_value_defender]
      R16  buy $ 16,970.47   sel     $36,000.00   [strat=patient_value_defender]
   run 4 done in 6.2 min

   run 5/30 on 2023 Ford Mustang GT Premium  seed=20864424
      R 1  buy $ 41,531.42   sel     $44,500.00   [strat=friendly_rapport_builder] *
      R 2  buy $  1,914.92   sel     $43,000.00   [strat=friendly_rapport_builder]
      R 3  buy $  1,699.52   sel     $42,500.00   [strat=friendly_rapport_builder]
      R 4  buy $ 16,566.95   sel     $42,500.00   [strat=friendly_rapport_builder]
      R 5  buy $ 26,707.44   sel     $42,000.00   [strat=friendly_rapport_builder]
      R 6  buy $  8,405.68   sel     $41,500.00   [strat=friendly_rapport_builder]
      R 7  buy $ 10,577.75   sel     $41,500.00   [strat=friendly_rapport_builder]
      R 8  buy $ 31,533.81   sel     $41,000.00   [strat=friendly_rapport_builder]
      R 9  buy $ 18,905.51   sel     $40,500.00   [strat=patient_value_defender] *
      R10  buy $ 37,783.96   sel     $39,500.00   [strat=patient_value_defender]
      R11  buy $ 25,387.89   sel     $38,500.00   [strat=patient_value_defender]
      R12  buy $  2,344.18   sel     $38,000.00   [strat=patient_value_defender]
      R13  buy $  4,680.01   sel     $38,000.00   [strat=patient_value_defender]
      R14  buy $ 19,953.90   sel     $37,500.00   [strat=patient_value_defender]
      R15  buy $  8,618.62   sel     $37,250.00   [strat=patient_value_defender]
      R16  buy $ 23,655.55   sel     $37,000.00   [strat=patient_value_defender]
   run 5 done in 6.1 min

   run 6/30 on 2023 Ford Mustang GT Premium  seed=20864425
      R 1  buy $ 30,785.07   sel     $38,500.00   [strat=friendly_rapport_builder] *
      R 2  buy $ 25,220.70   sel     $37,500.00   [strat=friendly_rapport_builder]
      R 3  buy $  8,649.09   sel     $37,000.00   [strat=friendly_rapport_builder]
      R 4  buy $  4,415.75   sel     $36,500.00   [strat=friendly_rapport_builder]
      R 5  buy $ 11,750.00   sel     $36,000.00   [strat=friendly_rapport_builder]
      R 6  buy $ 16,393.71   sel     $35,900.00   [strat=friendly_rapport_builder]
      R 7  buy $  4,652.43   sel     $35,800.00   [strat=friendly_rapport_builder]
      R 8  buy $ 18,578.77   sel     $35,700.00   [strat=friendly_rapport_builder]
      R 9  buy $ 17,788.55   sel     $35,600.00   [strat=patient_value_defender] *
      R10  buy $ 12,099.05   sel     $36,000.00   [strat=patient_value_defender]
      R11  buy $ 29,091.02   sel     $36,000.00   [strat=patient_value_defender]
      R12  buy $ 17,844.89   sel     $36,000.00   [strat=patient_value_defender]
      R13  buy $  9,642.85   sel     $36,000.00   [strat=patient_value_defender]
      R14  buy $ 35,870.56   sel     $36,000.00   [strat=patient_value_defender]
      R15  buy $ 13,563.75   sel     $36,000.00   [strat=patient_value_defender]
      R16  buy $ 10,717.51   sel     $36,000.00   [strat=patient_value_defender]
   run 6 done in 6.5 min

   run 7/30 on 2023 Ford Mustang GT Premium  seed=20864426
      R 1  buy $ 36,729.89   sel     $40,995.00   [strat=friendly_rapport_builder] *
      R 2  buy $  5,246.73   sel     $39,500.00   [strat=friendly_rapport_builder]
      R 3  buy $ 10,921.51   sel     $38,500.00   [strat=friendly_rapport_builder]
      R 4  buy $ 10,431.18   sel     $38,500.00   [strat=friendly_rapport_builder]
      R 5  buy $  3,988.49   sel     $38,500.00   [strat=friendly_rapport_builder]
      R 6  buy $  2,601.29   sel     $37,500.00   [strat=friendly_rapport_builder]
      R 7  buy $ 25,500.49   sel     $37,000.00   [strat=friendly_rapport_builder]
      R 8  buy $ 16,563.15   sel     $36,500.00   [strat=friendly_rapport_builder]
      R 9  buy $  7,133.82   sel     $36,250.00   [strat=patient_value_defender] *
      R10  buy $  6,062.02   sel     $36,100.00   [strat=patient_value_defender]
      R11  buy $ 12,964.35   sel     $36,100.00   [strat=patient_value_defender]
      R12  buy $ 16,590.88   sel     $36,100.00   [strat=patient_value_defender]
      R13  buy $ 30,729.85   sel     $36,100.00   [strat=patient_value_defender]
      R14  buy $ 10,823.03   sel     $36,100.00   [strat=patient_value_defender]
      R15  buy $ 19,152.63   sel     $36,100.00   [strat=patient_value_defender]
      R16  buy $ 11,259.92   sel     $36,100.00   [strat=patient_value_defender]
   run 7 done in 6.5 min

   run 8/30 on 2023 Ford Mustang GT Premium  seed=20864427
      R 1  buy $    247.78   sel     $42,500.00   [strat=friendly_rapport_builder] *
      R 2  buy $ 35,131.44   sel     $41,000.00   [strat=friendly_rapport_builder]
      R 3  buy $ 27,927.40   sel     $39,500.00   [strat=friendly_rapport_builder]
      R 4  buy $  5,208.66   sel     $38,900.00   [strat=friendly_rapport_builder]
      R 5  buy $ 15,764.08   sel     $38,500.00   [strat=friendly_rapport_builder]
      R 6  buy $ 17,497.31   sel     $38,000.00   [strat=friendly_rapport_builder]
      R 7  buy $ 23,603.80   sel     $37,500.00   [strat=friendly_rapport_builder]
      R 8  buy $ 24,978.24   sel     $37,000.00   [strat=friendly_rapport_builder]
      R 9  buy $ 27,525.97   sel     $36,500.00   [strat=patient_value_defender] *
      R10  buy $ 33,258.13   sel     $36,250.00   [strat=patient_value_defender]
      R11  buy $  2,975.76   sel     $36,200.00   [strat=patient_value_defender]
      R12  buy $  2,177.45   sel     $36,200.00   [strat=patient_value_defender]
      R13  buy $ 21,290.62   sel     $36,200.00   [strat=patient_value_defender]
      R14  buy $ 16,260.38   sel     $36,200.00   [strat=patient_value_defender]
      R15  buy $ 21,526.17   sel     $36,200.00   [strat=patient_value_defender]
      R16  buy $ 31,887.87   sel     $36,200.00   [strat=patient_value_defender]
   run 8 done in 7.6 min

   run 9/30 on 2023 Ford Mustang GT Premium  seed=20864428
      R 1  buy $  8,595.65   sel     $46,500.00   [strat=friendly_rapport_builder] *
      R 2  buy $ 20,510.25   sel     $44,500.00   [strat=friendly_rapport_builder]
      R 3  buy $  4,937.26   sel     $44,000.00   [strat=friendly_rapport_builder]
      R 4  buy $ 29,447.75   sel     $43,500.00   [strat=friendly_rapport_builder]
      R 5  buy $ 21,397.65   sel     $43,000.00   [strat=friendly_rapport_builder]
      R 6  buy $  8,100.04   sel     $42,500.00   [strat=friendly_rapport_builder]
      R 7  buy $ 36,006.11   sel     $36,500.00   [strat=friendly_rapport_builder]
      R 8  buy $ 23,061.75   sel     $42,000.00   [strat=friendly_rapport_builder]
      R 9  buy $ 20,534.00   sel     $41,000.00   [strat=patient_value_defender] *
      R10  buy $ 33,387.14   sel     $40,000.00   [strat=patient_value_defender]
      R11  buy $ 35,512.75   sel     $38,500.00   [strat=patient_value_defender]
      R12  buy $ 34,916.36   sel     $37,000.00   [strat=patient_value_defender]
      R13  buy $ 34,356.23   sel     $36,500.00   [strat=patient_value_defender]
      R14  buy $ 17,603.32   sel     $36,000.00   [strat=patient_value_defender]
      R15  buy $    422.47   sel     $36,000.00   [strat=patient_value_defender]
      R16  buy $ 28,640.70   sel     $36,500.00   [strat=patient_value_defender]
   run 9 done in 8.5 min

   run 10/30 on 2023 Ford Mustang GT Premium  seed=20864429
      R 1  buy $ 11,202.83   sel     $44,500.00   [strat=friendly_rapport_builder] *
      R 2  buy $ 38,900.43   sel     $41,900.00   [strat=friendly_rapport_builder]
      R 3  buy $ 37,503.73   sel     $41,500.00   [strat=friendly_rapport_builder]
      R 4  buy $ 31,648.31   sel     $40,000.00   [strat=friendly_rapport_builder]
      R 5  buy $ 34,617.85   sel     $39,500.00   [strat=friendly_rapport_builder]
      R 6  buy $ 17,656.94   sel     $39,500.00   [strat=friendly_rapport_builder]
      R 7  buy $ 38,285.10   sel     $38,892.55   [strat=friendly_rapport_builder]
      R 8  buy $ 35,915.43   sel     $38,500.00   [strat=friendly_rapport_builder]
      R 9  buy $ 38,447.42   sel     $38,447.42   [strat=patient_value_defender] *
      R10  buy $ 22,019.65   sel     $38,000.00   [strat=patient_value_defender]
      R11  buy $ 25,795.87   sel     $37,500.00   [strat=patient_value_defender]
      R12  buy $ 20,468.75   sel     $37,500.00   [strat=patient_value_defender]
      R13  buy $ 25,760.77   sel     $37,500.00   [strat=patient_value_defender]
      R14  buy $ 11,722.14   sel     $37,500.00   [strat=patient_value_defender]
      R15  buy $ 22,806.77   sel     $37,000.00   [strat=patient_value_defender]
      R16  buy $ 35,582.34   sel     $36,500.00   [strat=patient_value_defender]
   run 10 done in 6.8 min

   run 11/30 on 2023 Ford Mustang GT Premium  seed=20864430
      R 1  buy $ 23,621.93   sel     $44,500.00   [strat=friendly_rapport_builder] *
      R 2  buy $ 14,630.66   sel     $43,900.00   [strat=friendly_rapport_builder]
      R 3  buy $  4,704.21   sel     $43,500.00   [strat=friendly_rapport_builder]
      R 4  buy $ 25,790.45   sel     $43,000.00   [strat=friendly_rapport_builder]
      R 5  buy $  9,273.27   sel     $42,500.00   [strat=friendly_rapport_builder]
      R 6  buy $  9,737.28   sel     $42,000.00   [strat=friendly_rapport_builder]
      R 7  buy $ 10,595.08   sel     $41,500.00   [strat=friendly_rapport_builder]
      R 8  buy $ 25,317.15   sel     $41,000.00   [strat=friendly_rapport_builder]
      R 9  buy $  3,877.81   sel     $40,500.00   [strat=patient_value_defender] *
      R10  buy $ 19,481.97   sel     $40,000.00   [strat=patient_value_defender]
      R11  buy $ 28,614.58   sel     $39,500.00   [strat=patient_value_defender]
      R12  buy $  4,531.15   sel     $39,000.00   [strat=patient_value_defender]
      R13  buy $    668.83   sel     $38,500.00   [strat=patient_value_defender]
      R14  buy $  3,298.47   sel     $38,000.00   [strat=patient_value_defender]
      R15  buy $  4,762.38   sel     $37,500.00   [strat=patient_value_defender]
      R16  buy $ 36,386.56   sel     $36,386.56   [strat=patient_value_defender]
   run 11 done in 6.6 min

   run 12/30 on 2023 Ford Mustang GT Premium  seed=20864431
      R 1  buy $ 30,316.01   sel     $42,000.00   [strat=friendly_rapport_builder] *
      R 2  buy $ 16,607.28   sel     $41,500.00   [strat=friendly_rapport_builder]
      R 3  buy $ 36,611.30   sel     $40,500.00   [strat=friendly_rapport_builder]
      R 4  buy $ 13,729.88   sel     $40,000.00   [strat=friendly_rapport_builder]
      R 5  buy $  2,771.31   sel     $39,500.00   [strat=friendly_rapport_builder]
      R 6  buy $ 38,929.06   sel     $39,200.00   [strat=friendly_rapport_builder]
      R 7  buy $ 18,406.11   sel     $38,800.00   [strat=friendly_rapport_builder]
      R 8  buy $ 30,187.08   sel     $37,800.00   [strat=friendly_rapport_builder]
      R 9  buy $ 14,210.58   sel     $37,500.00   [strat=patient_value_defender] *
      R10  buy $    840.19   sel     $37,000.00   [strat=patient_value_defender]
      R11  buy $ 17,455.83   sel     $36,800.00   [strat=patient_value_defender]
      R12  buy $ 26,141.25   sel     $36,500.00   [strat=patient_value_defender]
      R13  buy $  6,748.01   sel     $36,200.00   [strat=patient_value_defender]
      R14  buy $ 27,294.14   sel     $36,000.00   [strat=patient_value_defender]
      R15  buy $ 30,952.07   sel     $36,000.00   [strat=patient_value_defender]
      R16  buy $ 24,727.26   sel     $36,000.00   [strat=patient_value_defender]
   run 12 done in 6.4 min

   run 13/30 on 2023 Ford Mustang GT Premium  seed=20864432
      R 1  buy $ 30,903.90   sel     $43,500.00   [strat=friendly_rapport_builder] *
      R 2  buy $ 27,686.34   sel     $42,500.00   [strat=friendly_rapport_builder]
      R 3  buy $ 22,019.64   sel     $41,500.00   [strat=friendly_rapport_builder]
      R 4  buy $  1,514.60   sel     $40,000.00   [strat=friendly_rapport_builder]
      R 5  buy $  1,151.87   sel     $39,500.00   [strat=friendly_rapport_builder]
      R 6  buy $ 16,165.74   sel     $39,000.00   [strat=friendly_rapport_builder]
      R 7  buy $ 17,910.09   sel     $38,500.00   [strat=friendly_rapport_builder]
      R 8  buy $ 29,811.55   sel     $38,000.00   [strat=friendly_rapport_builder]
      R 9  buy $ 26,852.88   sel     $37,500.00   [strat=patient_value_defender] *
      R10  buy $ 16,317.88   sel     $37,000.00   [strat=patient_value_defender]
      R11  buy $  4,191.38   sel     $36,500.00   [strat=patient_value_defender]
      R12  buy $ 17,427.00   sel     $36,000.00   [strat=patient_value_defender]
      R13  buy $ 26,043.70   sel     $36,000.00   [strat=patient_value_defender]
      R14  buy $ 12,956.29   sel     $36,000.00   [strat=patient_value_defender]
      R15  buy $ 25,528.08   sel     $36,000.00   [strat=patient_value_defender]
      R16  buy $ 31,158.39   sel     $36,000.00   [strat=patient_value_defender]
   run 13 done in 8.3 min

   run 14/30 on 2023 Ford Mustang GT Premium  seed=20864433
      R 1  buy $ 37,270.09   sel     $44,500.00   [strat=friendly_rapport_builder] *
      R 2  buy $ 34,233.79   sel     $42,000.00   [strat=friendly_rapport_builder]
      R 3  buy $ 16,209.27   sel     $41,000.00   [strat=friendly_rapport_builder]
      R 4  buy $ 11,807.91   sel     $40,000.00   [strat=friendly_rapport_builder]
      R 5  buy $  9,462.62   sel     $39,500.00   [strat=friendly_rapport_builder]
      R 6  buy $ 29,256.55   sel     $38,000.00   [strat=friendly_rapport_builder]
      R 7  buy $  3,893.03   sel     $37,500.00   [strat=friendly_rapport_builder]
      R 8  buy $ 27,086.30   sel     $36,500.00   [strat=friendly_rapport_builder]
      R 9  buy $ 24,173.23   sel     $36,200.00   [strat=patient_value_defender] *
      R10  buy $ 13,400.33   sel     $36,100.00   [strat=patient_value_defender]
      R11  buy $  6,783.64   sel     $36,000.00   [strat=patient_value_defender]
      R12  buy $ 19,895.67   sel     $35,900.00   [strat=patient_value_defender]
      R13  buy $  1,554.35   sel     $35,900.00   [strat=patient_value_defender]
      R14  buy $ 24,122.52   sel     $35,900.00   [strat=patient_value_defender]
      R15  buy $ 33,313.62   sel     $35,900.00   [strat=patient_value_defender]
      R16  buy $  8,257.55   sel     $35,900.00   [strat=patient_value_defender]
   run 14 done in 7.1 min

   run 15/30 on 2023 Ford Mustang GT Premium  seed=20864434
      R 1  buy $ 15,672.30   sel     $43,000.00   [strat=friendly_rapport_builder] *
      R 2  buy $ 32,737.59   sel     $39,900.00   [strat=friendly_rapport_builder]
      R 3  buy $  8,664.00   sel     $39,900.00   [strat=friendly_rapport_builder]
      R 4  buy $ 14,321.73   sel     $39,900.00   [strat=friendly_rapport_builder]
      R 5  buy $ 21,572.52   sel     $38,500.00   [strat=friendly_rapport_builder]
      R 6  buy $ 12,265.45   sel     $38,500.00   [strat=friendly_rapport_builder]
      R 7  buy $ 29,970.21   sel     $37,500.00   [strat=friendly_rapport_builder]
      R 8  buy $ 27,748.30   sel     $36,500.00   [strat=friendly_rapport_builder]
      R 9  buy $ 19,970.43   sel     $36,500.00   [strat=patient_value_defender] *
      R10  buy $ 11,488.13   sel     $36,500.00   [strat=patient_value_defender]
      R11  buy $  3,571.27   sel     $36,500.00   [strat=patient_value_defender]
      R12  buy $  5,748.22   sel     $36,500.00   [strat=patient_value_defender]
      R13  buy $  6,111.84   sel     $36,500.00   [strat=patient_value_defender]
      R14  buy $ 29,380.63   sel     $36,250.00   [strat=patient_value_defender]
      R15  buy $ 19,209.84   sel     $36,250.00   [strat=patient_value_defender]
      R16  buy $ 22,529.69   sel     $36,250.00   [strat=patient_value_defender]
   run 15 done in 8.5 min

   run 16/30 on 2023 Ford Mustang GT Premium  seed=20864435
      R 1  buy $ 35,669.90   sel     $42,000.00   [strat=friendly_rapport_builder] *
      R 2  buy $ 33,275.88   sel     $41,500.00   [strat=friendly_rapport_builder]
      R 3  buy $    761.76   sel     $40,000.00   [strat=friendly_rapport_builder]
      R 4  buy $  3,242.79   sel     $39,500.00   [strat=friendly_rapport_builder]
      R 5  buy $  2,729.75   sel     $39,000.00   [strat=friendly_rapport_builder]
      R 6  buy $ 20,191.35   sel     $38,500.00   [strat=friendly_rapport_builder]
      R 7  buy $ 20,203.97   sel     $38,000.00   [strat=friendly_rapport_builder]
      R 8  buy $ 15,431.59   sel     $37,500.00   [strat=friendly_rapport_builder]
      R 9  buy $ 18,744.55   sel     $37,000.00   [strat=patient_value_defender] *
      R10  buy $ 19,886.48   sel     $36,500.00   [strat=patient_value_defender]
      R11  buy $ 31,134.53   sel     $36,000.00   [strat=patient_value_defender]
      R12  buy $ 23,384.35   sel     $36,000.00   [strat=patient_value_defender]
      R13  buy $ 31,056.43   sel     $36,000.00   [strat=patient_value_defender]
      R14  buy $  8,416.78   sel     $36,000.00   [strat=patient_value_defender]
      R15  buy $    848.34   sel     $36,000.00   [strat=patient_value_defender]
      R16  buy $ 24,309.39   sel     $36,000.00   [strat=patient_value_defender]
   run 16 done in 6.7 min

   run 17/30 on 2023 Ford Mustang GT Premium  seed=20864436
      R 1  buy $ 29,436.29   sel     $41,500.00   [strat=friendly_rapport_builder] *
      R 2  buy $ 41,257.39   sel     $41,350.00   [strat=friendly_rapport_builder]
      R 3  buy $ 35,905.43   sel     $41,200.00   [strat=friendly_rapport_builder]
      R 4  buy $ 27,611.58   sel     $40,000.00   [strat=friendly_rapport_builder]
      R 5  buy $ 18,544.94   sel     $39,500.00   [strat=friendly_rapport_builder]
      R 6  buy $ 20,213.70   sel     $39,000.00   [strat=friendly_rapport_builder]
      R 7  buy $ 30,001.23   sel     $38,500.00   [strat=friendly_rapport_builder]
      R 8  buy $  1,096.95   sel     $37,500.00   [strat=friendly_rapport_builder]
      R 9  buy $  4,556.40   sel     $37,000.00   [strat=patient_value_defender] *
      R10  buy $ 19,989.07   sel     $36,500.00   [strat=patient_value_defender]
      R11  buy $ 29,875.07   sel     $36,250.00   [strat=patient_value_defender]
      R12  buy $ 11,927.87   sel     $36,200.00   [strat=patient_value_defender]
      R13  buy $  6,015.84   sel     $36,200.00   [strat=patient_value_defender]
      R14  buy $ 32,129.41   sel     $36,100.00   [strat=patient_value_defender]
      R15  buy $ 13,290.87   sel     $36,000.00   [strat=patient_value_defender]
      R16  buy $ 33,195.23   sel     $35,900.00   [strat=patient_value_defender]
   run 17 done in 6.1 min

   run 18/30 on 2023 Ford Mustang GT Premium  seed=20864437
      R 1  buy $ 32,512.18   sel     $41,500.00   [strat=friendly_rapport_builder] *
      R 2  buy $ 37,188.38   sel     $40,250.00   [strat=friendly_rapport_builder]
      R 3  buy $ 14,162.73   sel     $39,500.00   [strat=friendly_rapport_builder]
      R 4  buy $ 17,465.96   sel     $38,900.00   [strat=friendly_rapport_builder]
      R 5  buy $ 26,532.75   sel     $38,500.00   [strat=friendly_rapport_builder]
      R 6  buy $  6,916.47   sel     $38,000.00   [strat=friendly_rapport_builder]
      R 7  buy $ 28,743.85   sel     $37,500.00   [strat=friendly_rapport_builder]
      R 8  buy $ 15,222.10   sel     $37,250.00   [strat=friendly_rapport_builder]
      R 9  buy $  3,954.37   sel     $37,000.00   [strat=patient_value_defender] *
      R10  buy $ 28,911.74   sel     $36,750.00   [strat=patient_value_defender]
      R11  buy $ 14,373.58   sel     $36,500.00   [strat=patient_value_defender]
      R12  buy $ 20,519.46   sel     $36,250.00   [strat=patient_value_defender]
      R13  buy $  5,389.63   sel     $36,200.00   [strat=patient_value_defender]
      R14  buy $ 10,812.54   sel     $36,100.00   [strat=patient_value_defender]
      R15  buy $ 20,427.07   sel     $36,050.00   [strat=patient_value_defender]
      R16  buy $ 29,776.66   sel     $36,000.00   [strat=patient_value_defender]
   run 18 done in 6.8 min

   run 19/30 on 2023 Ford Mustang GT Premium  seed=20864438
      R 1  buy $ 23,506.32   sel     $41,995.00   [strat=friendly_rapport_builder] *
      R 2  buy $ 23,783.16   sel     $41,995.00   [strat=friendly_rapport_builder]
      R 3  buy $ 34,149.56   sel     $39,995.00   [strat=friendly_rapport_builder]
      R 4  buy $  1,102.79   sel     $39,995.00   [strat=friendly_rapport_builder]
      R 5  buy $  3,751.25   sel     $38,500.00   [strat=friendly_rapport_builder]
      R 6  buy $ 18,846.84   sel     $38,000.00   [strat=friendly_rapport_builder]
      R 7  buy $ 11,950.06   sel     $37,500.00   [strat=friendly_rapport_builder]
      R 8  buy $ 16,093.42   sel     $37,000.00   [strat=friendly_rapport_builder]
      R 9  buy $ 18,717.30   sel     $36,500.00   [strat=patient_value_defender] *
      R10  buy $ 36,198.46   sel     $36,500.00   [strat=patient_value_defender]
      R11  buy $ 27,813.69   sel     $36,500.00   [strat=patient_value_defender]
      R12  buy $ 10,349.82   sel     $36,500.00   [strat=patient_value_defender]
      R13  buy $ 32,131.78   sel     $36,250.00   [strat=patient_value_defender]
      R14  buy $ 33,467.87   sel     $36,250.00   [strat=patient_value_defender]
      R15  buy $ 19,391.19   sel     $36,250.00   [strat=patient_value_defender]
      R16  buy $ 25,848.63   sel     $36,250.00   [strat=patient_value_defender]
   run 19 done in 6.4 min

   run 20/30 on 2023 Ford Mustang GT Premium  seed=20864439
      R 1  buy $ 19,688.45   sel     $44,000.00   [strat=friendly_rapport_builder] *
      R 2  buy $ 38,727.13   sel     $42,500.00   [strat=friendly_rapport_builder]
      R 3  buy $ 23,844.31   sel     $41,000.00   [strat=friendly_rapport_builder]
      R 4  buy $ 19,403.10   sel     $40,500.00   [strat=friendly_rapport_builder]
      R 5  buy $ 33,126.58   sel     $40,000.00   [strat=friendly_rapport_builder]
      R 6  buy $ 29,154.80   sel     $39,500.00   [strat=friendly_rapport_builder]
      R 7  buy $ 11,596.64   sel     $39,000.00   [strat=friendly_rapport_builder]
      R 8  buy $ 32,296.25   sel     $38,000.00   [strat=friendly_rapport_builder]
      R 9  buy $  8,064.10   sel     $38,000.00   [strat=patient_value_defender] *
      R10  buy $    129.17   sel     $38,000.00   [strat=patient_value_defender]
      R11  buy $ 27,728.94   sel     $37,000.00   [strat=patient_value_defender]
      R12  buy $  9,077.19   sel     $37,500.00   [strat=patient_value_defender]
      R13  buy $  1,511.04   sel     $37,500.00   [strat=patient_value_defender]
      R14  buy $  7,493.28   sel     $37,000.00   [strat=patient_value_defender]
      R15  buy $ 27,800.82   sel     $36,500.00   [strat=patient_value_defender]
      R16  buy $ 14,507.93   sel     $36,000.00   [strat=patient_value_defender]
   run 20 done in 5.8 min

   run 21/30 on 2023 Ford Mustang GT Premium  seed=20864440
      R 1  buy $ 34,513.62   sel     $42,500.00   [strat=friendly_rapport_builder] *
      R 2  buy $  9,503.58   sel     $41,000.00   [strat=friendly_rapport_builder]
      R 3  buy $ 26,792.25   sel     $40,000.00   [strat=friendly_rapport_builder]
      R 4  buy $ 36,511.78   sel     $38,250.00   [strat=friendly_rapport_builder]
      R 5  buy $ 15,242.04   sel     $37,500.00   [strat=friendly_rapport_builder]
      R 6  buy $    564.93   sel     $37,500.00   [strat=friendly_rapport_builder]
      R 7  buy $ 16,859.22   sel     $37,000.00   [strat=friendly_rapport_builder]
      R 8  buy $  4,620.66   sel     $36,500.00   [strat=friendly_rapport_builder]
      R 9  buy $ 25,552.34   sel     $36,400.00   [strat=patient_value_defender] *
      R10  buy $ 11,600.99   sel     $36,300.00   [strat=patient_value_defender]
      R11  buy $ 13,569.02   sel     $36,200.00   [strat=patient_value_defender]
      R12  buy $ 35,580.23   sel     $36,200.00   [strat=patient_value_defender]
      R13  buy $ 22,276.01   sel     $36,100.00   [strat=patient_value_defender]
      R14  buy $ 19,658.55   sel     $36,050.00   [strat=patient_value_defender]
      R15  buy $  5,563.32   sel     $36,000.00   [strat=patient_value_defender]
      R16  buy $ 28,931.46   sel     $35,900.00   [strat=patient_value_defender]
   run 21 done in 7.6 min

   run 22/30 on 2023 Ford Mustang GT Premium  seed=20864441
      R 1  buy $ 26,902.05   sel     $42,500.00   [strat=friendly_rapport_builder] *
      R 2  buy $  8,984.05   sel     $41,500.00   [strat=friendly_rapport_builder]
      R 3  buy $ 33,293.28   sel     $40,000.00   [strat=friendly_rapport_builder]
      R 4  buy $ 18,952.97   sel     $40,500.00   [strat=friendly_rapport_builder]
      R 5  buy $  5,124.30   sel     $39,500.00   [strat=friendly_rapport_builder]
      R 6  buy $  8,581.38   sel     $39,000.00   [strat=friendly_rapport_builder]
      R 7  buy $ 38,629.16   sel     $38,800.00   [strat=friendly_rapport_builder]
      R 8  buy $ 13,850.73   sel     $38,500.00   [strat=friendly_rapport_builder]
      R 9  buy $ 30,151.35   sel     $37,500.00   [strat=patient_value_defender] *
      R10  buy $ 21,651.04   sel     $37,000.00   [strat=patient_value_defender]
      R11  buy $  2,236.62   sel     $37,000.00   [strat=patient_value_defender]
      R12  buy $  7,124.87   sel     $36,800.00   [strat=patient_value_defender]
      R13  buy $ 35,899.40   sel     $36,500.00   [strat=patient_value_defender]
      R14  buy $ 16,993.00   sel     $36,500.00   [strat=patient_value_defender]
      R15  buy $  6,651.28   sel     $36,500.00   [strat=patient_value_defender]
      R16  buy $ 16,739.79   sel     $36,500.00   [strat=patient_value_defender]
   run 22 done in 8.8 min

   run 23/30 on 2023 Ford Mustang GT Premium  seed=20864442
      R 1  buy $ 44,472.78   sel     $44,900.00   [strat=friendly_rapport_builder] *
      R 2  buy $ 10,087.10   sel     $44,900.00   [strat=friendly_rapport_builder]
      R 3  buy $ 20,738.75   sel     $44,500.00   [strat=friendly_rapport_builder]
      R 4  buy $ 23,547.86   sel     $44,000.00   [strat=friendly_rapport_builder]
      R 5  buy $ 27,196.96   sel     $43,500.00   [strat=friendly_rapport_builder]
      R 6  buy $ 27,473.44   sel     $43,000.00   [strat=friendly_rapport_builder]
      R 7  buy $ 31,201.01   sel     $42,500.00   [strat=friendly_rapport_builder]
      R 8  buy $  1,767.41   sel     $42,000.00   [strat=friendly_rapport_builder]
      R 9  buy $ 24,113.35   sel     $41,000.00   [strat=patient_value_defender] *
      R10  buy $ 26,472.25   sel     $40,000.00   [strat=patient_value_defender]
      R11  buy $  5,649.04   sel     $40,000.00   [strat=patient_value_defender]
      R12  buy $ 28,181.07   sel     $39,500.00   [strat=patient_value_defender]
      R13  buy $  7,631.18   sel     $39,000.00   [strat=patient_value_defender]
      R14  buy $ 28,210.83   sel     $38,500.00   [strat=patient_value_defender]
      R15  buy $ 29,599.01   sel     $38,000.00   [strat=patient_value_defender]
      R16  buy $  4,303.43   sel     $38,000.00   [strat=patient_value_defender]
   run 23 done in 7.7 min

   run 24/30 on 2023 Ford Mustang GT Premium  seed=20864443
      R 1  buy $ 14,291.32   sel     $42,500.00   [strat=friendly_rapport_builder] *
      R 2  buy $ 29,548.76   sel     $39,900.00   [strat=friendly_rapport_builder]
      R 3  buy $ 32,313.33   sel     $38,500.00   [strat=friendly_rapport_builder]
      R 4  buy $ 29,834.17   sel     $37,500.00   [strat=friendly_rapport_builder]
      R 5  buy $  2,789.22   sel     $36,500.00   [strat=friendly_rapport_builder]
      R 6  buy $ 35,428.21   sel     $36,200.00   [strat=friendly_rapport_builder]
      R 7  buy $ 13,432.61   sel     $36,200.00   [strat=friendly_rapport_builder]
      R 8  buy $ 22,133.20   sel     $36,100.00   [strat=friendly_rapport_builder]
      R 9  buy $ 22,777.25   sel     $36,000.00   [strat=patient_value_defender] *
      R10  buy $ 12,542.98   sel     $36,000.00   [strat=patient_value_defender]
      R11  buy $  4,618.21   sel     $36,000.00   [strat=patient_value_defender]
      R12  buy $ 25,079.92   sel     $36,000.00   [strat=patient_value_defender]
      R13  buy $  4,817.84   sel     $36,000.00   [strat=patient_value_defender]
      R14  buy $  5,588.91   sel     $36,000.00   [strat=patient_value_defender]
      R15  buy $ 29,654.59   sel     $36,000.00   [strat=patient_value_defender]
      R16  buy $ 11,361.05   sel     $36,000.00   [strat=patient_value_defender]
   run 24 done in 8.3 min

   run 25/30 on 2023 Ford Mustang GT Premium  seed=20864444
      R 1  buy $  8,695.70   sel     $43,995.00   [strat=friendly_rapport_builder] *
      R 2  buy $ 13,450.41   sel     $42,995.00   [strat=friendly_rapport_builder]
      R 3  buy $ 34,082.59   sel     $39,995.00   [strat=friendly_rapport_builder]
      R 4  buy $ 23,069.30   sel     $38,995.00   [strat=friendly_rapport_builder]
      R 5  buy $ 11,252.29   sel     $38,500.00   [strat=friendly_rapport_builder]
      R 6  buy $  6,476.85   sel     $38,500.00   [strat=friendly_rapport_builder]
      R 7  buy $  1,006.27   sel     $38,500.00   [strat=friendly_rapport_builder]
      R 8  buy $ 33,753.78   sel     $37,500.00   [strat=friendly_rapport_builder]
      R 9  buy $  9,217.75   sel     $37,000.00   [strat=patient_value_defender] *
      R10  buy $ 22,027.44   sel     $36,500.00   [strat=patient_value_defender]
      R11  buy $  6,102.39   sel     $36,400.00   [strat=patient_value_defender]
      R12  buy $    160.18   sel     $36,400.00   [strat=patient_value_defender]
      R13  buy $ 14,154.85   sel     $36,400.00   [strat=patient_value_defender]
      R14  buy $ 26,781.84   sel     $36,400.00   [strat=patient_value_defender]
      R15  buy $ 14,726.38   sel     $36,400.00   [strat=patient_value_defender]
      R16  buy $  6,010.93   sel     $36,400.00   [strat=patient_value_defender]
   run 25 done in 8.7 min

   run 26/30 on 2023 Ford Mustang GT Premium  seed=20864445
      R 1  buy $ 21,647.29   sel     $43,995.00   [strat=friendly_rapport_builder] *
      R 2  buy $ 38,896.60   sel     $42,495.00   [strat=friendly_rapport_builder]
      R 3  buy $ 15,622.93   sel     $41,995.00   [strat=friendly_rapport_builder]
      R 4  buy $ 33,231.31   sel     $40,495.00   [strat=friendly_rapport_builder]
      R 5  buy $ 21,073.77   sel     $39,995.00   [strat=friendly_rapport_builder]
      R 6  buy $ 12,468.96   sel     $39,500.00   [strat=friendly_rapport_builder]
      R 7  buy $ 20,128.48   sel     $38,995.00   [strat=friendly_rapport_builder]
      R 8  buy $ 21,349.76   sel     $38,500.00   [strat=friendly_rapport_builder]
      R 9  buy $  1,145.77   sel     $38,000.00   [strat=patient_value_defender] *
      R10  buy $ 21,157.65   sel     $37,500.00   [strat=patient_value_defender]
      R11  buy $ 26,806.30   sel     $37,000.00   [strat=patient_value_defender]
      R12  buy $  7,224.63   sel     $36,500.00   [strat=patient_value_defender]
      R13  buy $ 10,568.68   sel     $36,250.00   [strat=patient_value_defender]
      R14  buy $ 18,164.25   sel     $36,000.00   [strat=patient_value_defender]
      R15  buy $ 33,085.85   sel     $36,000.00   [strat=patient_value_defender]
      R16  buy $ 34,953.51   sel     $36,000.00   [strat=patient_value_defender]
   run 26 done in 7.3 min

   run 27/30 on 2023 Ford Mustang GT Premium  seed=20864446
      R 1  buy $ 41,588.97   sel     $44,500.00   [strat=friendly_rapport_builder] *
      R 2  buy $ 22,204.82   sel     $43,000.00   [strat=friendly_rapport_builder]
      R 3  buy $  7,458.29   sel     $42,000.00   [strat=friendly_rapport_builder]
      R 4  buy $ 36,485.06   sel     $41,500.00   [strat=friendly_rapport_builder]
      R 5  buy $ 22,844.18   sel     $41,200.00   [strat=friendly_rapport_builder]
      R 6  buy $ 11,086.17   sel     $41,000.00   [strat=friendly_rapport_builder]
      R 7  buy $ 15,136.36   sel     $40,500.00   [strat=friendly_rapport_builder]
      R 8  buy $ 15,293.19   sel     $40,000.00   [strat=friendly_rapport_builder]
      R 9  buy $ 24,731.67   sel     $39,500.00   [strat=patient_value_defender] *
      R10  buy $  6,926.19   sel     $38,500.00   [strat=patient_value_defender]
      R11  buy $ 33,803.73   sel     $37,500.00   [strat=patient_value_defender]
      R12  buy $ 17,355.25   sel     $37,000.00   [strat=patient_value_defender]
      R13  buy $ 21,405.32   sel     $36,500.00   [strat=patient_value_defender]
      R14  buy $  4,786.32   sel     $36,200.00   [strat=patient_value_defender]
      R15  buy $ 13,308.34   sel     $36,200.00   [strat=patient_value_defender]
      R16  buy $  2,005.51   sel     $36,200.00   [strat=patient_value_defender]
   run 27 done in 7.1 min

   run 28/30 on 2023 Ford Mustang GT Premium  seed=20864447
      R 1  buy $ 19,273.45   sel     $44,000.00   [strat=friendly_rapport_builder] *
      R 2  buy $ 21,905.12   sel     $42,500.00   [strat=friendly_rapport_builder]
      R 3  buy $ 40,499.83   sel     $41,999.99   [strat=friendly_rapport_builder]
      R 4  buy $ 23,693.83   sel     $41,000.00   [strat=friendly_rapport_builder]
      R 5  buy $  1,499.95   sel     $40,000.00   [strat=friendly_rapport_builder]
      R 6  buy $ 32,584.77   sel     $39,500.00   [strat=friendly_rapport_builder]
      R 7  buy $ 10,456.58   sel     $38,000.00   [strat=friendly_rapport_builder]
      R 8  buy $ 25,438.58   sel     $37,500.00   [strat=friendly_rapport_builder]
      R 9  buy $  9,807.48   sel     $36,500.00   [strat=patient_value_defender] *
      R10  buy $  7,879.78   sel     $36,500.00   [strat=patient_value_defender]
      R11  buy $ 35,219.94   sel     $36,250.00   [strat=patient_value_defender]
      R12  buy $ 20,126.10   sel     $36,200.00   [strat=patient_value_defender]
      R13  buy $  5,307.88   sel     $36,000.00   [strat=patient_value_defender]
      R14  buy $ 29,694.41   sel     $36,000.00   [strat=patient_value_defender]
      R15  buy $ 20,321.06   sel     $36,000.00   [strat=patient_value_defender]
      R16  buy $ 16,236.97   sel     $36,000.00   [strat=patient_value_defender]
   run 28 done in 8.1 min

   run 29/30 on 2023 Ford Mustang GT Premium  seed=20864448
      R 1  buy $  2,551.28   sel     $42,500.00   [strat=friendly_rapport_builder] *
      R 2  buy $  8,697.64   sel     $41,000.00   [strat=friendly_rapport_builder]
      R 3  buy $  1,313.38   sel     $41,000.00   [strat=friendly_rapport_builder]
      R 4  buy $ 23,791.75   sel     $39,500.00   [strat=friendly_rapport_builder]
      R 5  buy $ 33,000.50   sel     $38,500.00   [strat=friendly_rapport_builder]
      R 6  buy $  9,743.28   sel     $38,500.00   [strat=friendly_rapport_builder]
      R 7  buy $  3,790.84   sel     $38,500.00   [strat=friendly_rapport_builder]
      R 8  buy $  2,372.28   sel     $38,000.00   [strat=friendly_rapport_builder]
      R 9  buy $  7,063.18   sel     $37,500.00   [strat=patient_value_defender] *
      R10  buy $ 23,301.00   sel     $37,000.00   [strat=patient_value_defender]
      R11  buy $ 34,408.98   sel     $36,500.00   [strat=patient_value_defender]
      R12  buy $ 23,623.74   sel     $36,200.00   [strat=patient_value_defender]
      R13  buy $  2,300.26   sel     $36,200.00   [strat=patient_value_defender]
      R14  buy $ 14,139.61   sel     $36,200.00   [strat=patient_value_defender]
      R15  buy $ 15,758.55   sel     $36,100.00   [strat=patient_value_defender]
      R16  buy $ 22,377.24   sel     $36,100.00   [strat=patient_value_defender]
   run 29 done in 6.8 min

   run 30/30 on 2023 Ford Mustang GT Premium  seed=20864449
      R 1  buy $ 27,610.27   sel     $41,250.27   [strat=friendly_rapport_builder] *
      R 2  buy $ 33,846.64   sel     $39,500.27   [strat=friendly_rapport_builder]
      R 3  buy $ 10,035.36   sel     $38,500.27   [strat=friendly_rapport_builder]
      R 4  buy $  8,778.07   sel     $38,000.27   [strat=friendly_rapport_builder]
      R 5  buy $    180.81   sel     $37,500.27   [strat=friendly_rapport_builder]
      R 6  buy $  3,323.83   sel     $37,000.27   [strat=friendly_rapport_builder]
      R 7  buy $ 35,249.80   sel     $36,850.27   [strat=friendly_rapport_builder]
      R 8  buy $ 32,857.09   sel     $36,500.27   [strat=friendly_rapport_builder]
      R 9  buy $ 12,394.95   sel     $36,000.27   [strat=patient_value_defender] *
      R10  buy $  6,067.47   sel     $35,500.27   [strat=patient_value_defender]
      R11  buy $ 20,447.83   sel     $35,000.27   [strat=patient_value_defender]
      R12  buy $ 17,252.33   sel     $34,500.27   [strat=patient_value_defender]
      R13  buy $ 16,020.74   sel     $34,000.27   [strat=patient_value_defender]
      R14  buy $ 10,010.10   sel     $34,500.27   [strat=patient_value_defender]
      R15  buy $  3,923.21   sel     $34,000.27   [strat=patient_value_defender]
      R16  buy $  8,704.77   sel     $34,500.27   [strat=patient_value_defender]
   run 30 done in 8.2 min

   ---> checkpoint: car 5/5 done in 215.6 min; total so far 975.9 min; saved 150 runs to exp06_transitionA_rep1.json

=== FINISH exp06_transitionA_rep1 in 16.27 h (150 runs) -> results\exp06_transitionA_rep1.json ===
