=== START exp02_fixed_friendly_rapport_builder ===
    pid         : 21956
    hostname    : LAPTOP-B4TE0NRA
    state_file  : state\exp02_fixed_friendly_rapport_builder.state.json
    schedule    : fixed__friendly_rapport_builder
    adaptive    : False  (switches=[])
    n_rounds    : 16
    n_cars      : 5
    runs/car    : 30
    total runs  : 150  (total calls: 2400)
    model       : deepseek-reasoner  at https://api.deepseek.com
    base_seed   : 20260420
    output      : results\exp02_fixed_friendly_rapport_builder.json

--- CAR 1/5: 2014 Mercedes-Benz S550  (M=$96,000.00  cost=$19,000.00  cost/M=19.79%) ---

   run 1/30 on 2014 Mercedes-Benz S550  seed=20460420
      R 1  buy $ 89,203.06   sel     $94,500.00   [strat=friendly_rapport_builder] *
      R 2  buy $ 71,863.24   sel     $88,750.00   [strat=friendly_rapport_builder]
      R 3  buy $ 25,781.49   sel     $85,000.00   [strat=friendly_rapport_builder]
      R 4  buy $ 76,188.00   sel     $82,500.00   [strat=friendly_rapport_builder]
      R 5  buy $ 35,995.98   sel     $81,500.00   [strat=friendly_rapport_builder]
      R 6  buy $ 34,257.56   sel     $80,000.00   [strat=friendly_rapport_builder]
      R 7  buy $ 39,639.25   sel     $79,500.00   [strat=friendly_rapport_builder]
      R 8  buy $ 45,230.58   sel     $78,000.00   [strat=friendly_rapport_builder]
      R 9  buy $ 46,196.84   sel     $76,000.00   [strat=friendly_rapport_builder]
      R10  buy $ 14,752.02   sel     $75,000.00   [strat=friendly_rapport_builder]
      R11  buy $  9,557.40   sel     $74,500.00   [strat=friendly_rapport_builder]
      R12  buy $ 23,129.65   sel     $74,000.00   [strat=friendly_rapport_builder]
      R13  buy $ 68,088.98   sel     $73,500.00   [strat=friendly_rapport_builder]
      R14  buy $ 25,784.13   sel     $73,000.00   [strat=friendly_rapport_builder]
      R15  buy $  1,267.27   sel     $72,500.00   [strat=friendly_rapport_builder]
      R16  buy $ 50,211.91   sel     $72,000.00   [strat=friendly_rapport_builder]
   run 1 done in 6.9 min

   run 2/30 on 2014 Mercedes-Benz S550  seed=20460421
      R 1  buy $ 87,613.35   sel     $94,500.00   [strat=friendly_rapport_builder] *
      R 2  buy $    495.07   sel     $94,000.00   [strat=friendly_rapport_builder]
      R 3  buy $ 28,099.79   sel     $93,500.00   [strat=friendly_rapport_builder]
      R 4  buy $ 15,419.70   sel     $93,000.00   [strat=friendly_rapport_builder]
      R 5  buy $ 71,656.91   sel     $92,500.00   [strat=friendly_rapport_builder]
      R 6  buy $ 48,161.78   sel     $92,000.00   [strat=friendly_rapport_builder]
      R 7  buy $ 35,991.59   sel     $91,500.00   [strat=friendly_rapport_builder]
      R 8  buy $  2,136.83   sel     $91,000.00   [strat=friendly_rapport_builder]
      R 9  buy $ 55,211.50   sel     $90,500.00   [strat=friendly_rapport_builder]
      R10  buy $ 39,457.14   sel     $90,000.00   [strat=friendly_rapport_builder]
      R11  buy $ 87,072.72   sel     $88,500.00   [strat=friendly_rapport_builder]
      R12  buy $ 36,769.50   sel     $89,000.00   [strat=friendly_rapport_builder]
      R13  buy $  8,250.33   sel     $89,000.00   [strat=friendly_rapport_builder]
      R14  buy $  4,647.78   sel     $88,000.00   [strat=friendly_rapport_builder]
      R15  buy $ 44,242.63   sel     $87,500.00   [strat=friendly_rapport_builder]
      R16  buy $ 14,238.49   sel     $87,000.00   [strat=friendly_rapport_builder]
   run 2 done in 5.4 min

   run 3/30 on 2014 Mercedes-Benz S550  seed=20460422
      R 1  buy $ 93,415.65   sel     $95,000.00   [strat=friendly_rapport_builder] *
      R 2  buy $ 74,447.41   sel     $95,000.00   [strat=friendly_rapport_builder]
      R 3  buy $  5,108.99   sel     $95,000.00   [strat=friendly_rapport_builder]
      R 4  buy $ 28,823.33   sel     $94,500.00   [strat=friendly_rapport_builder]
      R 5  buy $ 48,210.24   sel     $94,000.00   [strat=friendly_rapport_builder]
      R 6  buy $ 70,162.67   sel     $93,000.00   [strat=friendly_rapport_builder]
      R 7  buy $ 10,724.83   sel     $92,500.00   [strat=friendly_rapport_builder]
      R 8  buy $ 19,563.19   sel     $92,500.00   [strat=friendly_rapport_builder]
      R 9  buy $ 91,397.88   sel     $91,900.00   [strat=friendly_rapport_builder]
      R10  buy $ 90,333.02   sel     $91,100.00   [strat=friendly_rapport_builder]
      R11  buy $ 73,868.83   sel     $90,500.00   [strat=friendly_rapport_builder]
      R12  buy $ 46,481.70   sel     $90,000.00   [strat=friendly_rapport_builder]
      R13  buy $ 25,842.40   sel     $89,500.00   [strat=friendly_rapport_builder]
      R14  buy $ 83,133.41   sel     $87,500.00   [strat=friendly_rapport_builder]
      R15  buy $ 43,686.89   sel     $86,500.00   [strat=friendly_rapport_builder]
      R16  buy $ 59,696.05   sel     $84,500.00   [strat=friendly_rapport_builder]
   run 3 done in 6.4 min

   run 4/30 on 2014 Mercedes-Benz S550  seed=20460423
      R 1  buy $ 15,636.81   sel     $24,995.00   [strat=friendly_rapport_builder] *
      R 2  buy $ 10,684.30   sel     $23,500.00   [strat=friendly_rapport_builder]
      R 3  buy $ 22,080.81   sel     $22,790.00   [strat=friendly_rapport_builder]
      R 4  buy $  7,770.32   sel     $22,435.00   [strat=friendly_rapport_builder]
      R 5  buy $ 18,772.58   sel     $22,000.00   [strat=friendly_rapport_builder]
      R 6  buy $ 14,106.90   sel     $21,500.00   [strat=friendly_rapport_builder]
      R 7  buy $  1,888.97   sel     $20,500.00   [strat=friendly_rapport_builder]
      R 8  buy $ 20,050.27   sel     $20,300.00   [strat=friendly_rapport_builder]
      R 9  buy $ 11,808.68   sel     $19,500.00   [strat=friendly_rapport_builder]
      R10  buy $  6,274.99   sel     $19,500.00   [strat=friendly_rapport_builder]
      R11  buy $ 10,674.07   sel     $19,250.00   [strat=friendly_rapport_builder]
      R12  buy $ 16,002.64   sel     $19,000.00   [strat=friendly_rapport_builder]
      R13  buy $  7,063.57   sel     $18,500.00   [strat=friendly_rapport_builder]
      R14  buy $  8,531.48   sel     $18,000.00   [strat=friendly_rapport_builder]
      R15  buy $ 17,751.46   sel     $17,900.00   [strat=friendly_rapport_builder]
      R16  buy $  5,551.98   sel     $17,750.00   [strat=friendly_rapport_builder]
   run 4 done in 5.0 min

   run 5/30 on 2014 Mercedes-Benz S550  seed=20460424
      R 1  buy $ 32,851.32   sel     $44,900.00   [strat=friendly_rapport_builder] *
      R 2  buy $ 16,802.06   sel     $43,500.00   [strat=friendly_rapport_builder]
      R 3  buy $ 42,054.85   sel     $43,000.00   [strat=friendly_rapport_builder]
      R 4  buy $ 41,165.92   sel     $42,750.00   [strat=friendly_rapport_builder]
      R 5  buy $ 15,939.29   sel     $42,750.00   [strat=friendly_rapport_builder]
      R 6  buy $ 31,160.10   sel     $42,000.00   [strat=friendly_rapport_builder]
      R 7  buy $ 15,404.95   sel     $42,000.00   [strat=friendly_rapport_builder]
      R 8  buy $ 36,648.59   sel     $41,500.00   [strat=friendly_rapport_builder]
      R 9  buy $ 27,262.06   sel     $41,000.00   [strat=friendly_rapport_builder]
      R10  buy $ 20,794.68   sel     $38,000.00   [strat=friendly_rapport_builder]
      R11  buy $ 15,684.63   sel     $37,500.00   [strat=friendly_rapport_builder]
      R12  buy $  1,494.57   sel     $35,000.00   [strat=friendly_rapport_builder]
      R13  buy $ 24,716.28   sel     $33,500.00   [strat=friendly_rapport_builder]
      R14  buy $  7,693.69   sel     $32,000.00   [strat=friendly_rapport_builder]
      R15  buy $ 27,999.92   sel     $31,500.00   [strat=friendly_rapport_builder]
      R16  buy $  8,186.09   sel     $30,000.00   [strat=friendly_rapport_builder]
   run 5 done in 6.8 min

   run 6/30 on 2014 Mercedes-Benz S550  seed=20460425
      R 1  buy $ 19,817.57   sel     $22,500.00   [strat=friendly_rapport_builder] *
      R 2  buy $ 14,774.33   sel     $21,000.00   [strat=friendly_rapport_builder]
      R 3  buy $  3,676.79   sel     $20,000.00   [strat=friendly_rapport_builder]
      R 4  buy $ 10,971.78   sel     $19,500.00   [strat=friendly_rapport_builder]
      R 5  buy $ 18,334.60   sel     $19,250.00   [strat=friendly_rapport_builder]
      R 6  buy $ 15,864.32   sel     $19,100.00   [strat=friendly_rapport_builder]
      R 7  buy $  3,739.74   sel     $19,000.00   [strat=friendly_rapport_builder]
      R 8  buy $ 10,821.30   sel     $18,900.00   [strat=friendly_rapport_builder]
      R 9  buy $  9,139.97   sel     $18,800.00   [strat=friendly_rapport_builder]
      R10  buy $  6,035.97   sel     $19,000.00   [strat=friendly_rapport_builder]
      R11  buy $ 12,107.79   sel     $19,000.00   [strat=friendly_rapport_builder]
      R12  buy $  8,635.84   sel     $19,000.00   [strat=friendly_rapport_builder]
      R13  buy $ 16,142.88   sel     $19,000.00   [strat=friendly_rapport_builder]
      R14  buy $  4,224.37   sel     $19,000.00   [strat=friendly_rapport_builder]
      R15  buy $ 13,221.30   sel     $19,000.00   [strat=friendly_rapport_builder]
      R16  buy $  5,373.35   sel     $19,000.00   [strat=friendly_rapport_builder]
   run 6 done in 8.2 min

   run 7/30 on 2014 Mercedes-Benz S550  seed=20460426
      R 1  buy $ 72,403.29   sel     $74,000.00   [strat=friendly_rapport_builder] *
      R 2  buy $  8,431.65   sel     $74,000.00   [strat=friendly_rapport_builder]
      R 3  buy $ 30,713.51   sel     $73,500.00   [strat=friendly_rapport_builder]
      R 4  buy $ 34,371.18   sel     $73,000.00   [strat=friendly_rapport_builder]
      R 5  buy $ 51,302.08   sel     $72,000.00   [strat=friendly_rapport_builder]
      R 6  buy $ 56,976.61   sel     $68,500.00   [strat=friendly_rapport_builder]
      R 7  buy $ 18,735.51   sel     $67,500.00   [strat=friendly_rapport_builder]
      R 8  buy $ 39,014.82   sel     $67,000.00   [strat=friendly_rapport_builder]
      R 9  buy $  4,230.73   sel     $66,500.00   [strat=friendly_rapport_builder]
      R10  buy $ 23,081.64   sel     $62,500.00   [strat=friendly_rapport_builder]
      R11  buy $     56.65   sel     $62,500.00   [strat=friendly_rapport_builder]
      R12  buy $ 36,966.14   sel     $61,000.00   [strat=friendly_rapport_builder]
      R13  buy $  7,802.17   sel     $60,000.00   [strat=friendly_rapport_builder]
      R14  buy $ 39,826.19   sel     $58,500.00   [strat=friendly_rapport_builder]
      R15  buy $ 21,861.90   sel     $52,000.00   [strat=friendly_rapport_builder]
      R16  buy $ 45,999.14   sel     $48,500.00   [strat=friendly_rapport_builder]
   run 7 done in 6.3 min

   run 8/30 on 2014 Mercedes-Benz S550  seed=20460427
      R 1  buy $ 49,218.56   sel     $55,000.00   [strat=friendly_rapport_builder] *
      R 2  buy $ 30,595.20   sel     $52,500.00   [strat=friendly_rapport_builder]
      R 3  buy $ 43,710.29   sel     $48,000.00   [strat=friendly_rapport_builder]
      R 4  buy $ 13,811.05   sel     $46,000.00   [strat=friendly_rapport_builder]
      R 5  buy $ 40,905.81   sel     $43,500.00   [strat=friendly_rapport_builder]
      R 6  buy $ 15,635.73   sel     $42,000.00   [strat=friendly_rapport_builder]
      R 7  buy $  7,876.19   sel     $40,500.00   [strat=friendly_rapport_builder]
      R 8  buy $ 36,780.79   sel     $38,000.00   [strat=friendly_rapport_builder]
      R 9  buy $  7,105.98   sel     $37,500.00   [strat=friendly_rapport_builder]
      R10  buy $ 29,050.60   sel     $36,000.00   [strat=friendly_rapport_builder]
      R11  buy $ 28,987.28   sel     $35,500.00   [strat=friendly_rapport_builder]
      R12  buy $ 34,210.12   sel     $34,500.00   [strat=friendly_rapport_builder]
      R13  buy $ 27,638.92   sel     $33,500.00   [strat=friendly_rapport_builder]
      R14  buy $ 29,469.62   sel     $32,000.00   [strat=friendly_rapport_builder]
      R15  buy $  8,293.52   sel     $31,500.00   [strat=friendly_rapport_builder]
      R16  buy $ 12,404.28   sel     $30,000.00   [strat=friendly_rapport_builder]
   run 8 done in 6.2 min

   run 9/30 on 2014 Mercedes-Benz S550  seed=20460428
      R 1  buy $ 56,042.07   sel     $71,500.00   [strat=friendly_rapport_builder] *
      R 2  buy $ 25,934.27   sel     $67,900.00   [strat=friendly_rapport_builder]
      R 3  buy $ 59,728.04   sel     $59,728.04   [strat=friendly_rapport_builder]
      R 4  buy $ 48,698.43   sel     $55,000.00   [strat=friendly_rapport_builder]
      R 5  buy $ 49,584.00   sel     $52,500.00   [strat=friendly_rapport_builder]
      R 6  buy $ 27,257.34   sel     $51,500.00   [strat=friendly_rapport_builder]
      R 7  buy $ 32,961.03   sel     $50,000.00   [strat=friendly_rapport_builder]
      R 8  buy $ 37,711.95   sel     $48,000.00   [strat=friendly_rapport_builder]
      R 9  buy $  7,386.90   sel     $45,000.00   [strat=friendly_rapport_builder]
      R10  buy $  6,710.55   sel     $42,000.00   [strat=friendly_rapport_builder]
      R11  buy $ 40,567.96   sel     $41,500.00   [strat=friendly_rapport_builder]
      R12  buy $ 24,530.25   sel     $38,000.00   [strat=friendly_rapport_builder]
      R13  buy $ 27,179.95   sel     $35,000.00   [strat=friendly_rapport_builder]
      R14  buy $ 12,357.95   sel     $32,000.00   [strat=friendly_rapport_builder]
      R15  buy $ 27,098.85   sel     $30,000.00   [strat=friendly_rapport_builder]
      R16  buy $ 25,174.91   sel     $28,000.00   [strat=friendly_rapport_builder]
   run 9 done in 6.4 min

   run 10/30 on 2014 Mercedes-Benz S550  seed=20460429
      R 1  buy $ 73,391.66   sel     $85,500.00   [strat=friendly_rapport_builder] *
      R 2  buy $ 41,612.29   sel     $80,000.00   [strat=friendly_rapport_builder]
      R 3  buy $ 68,460.88   sel     $74,995.00   [strat=friendly_rapport_builder]
      R 4  buy $ 28,871.28   sel     $72,000.00   [strat=friendly_rapport_builder]
      R 5  buy $ 27,873.95   sel     $71,000.00   [strat=friendly_rapport_builder]
      R 6  buy $ 25,824.37   sel     $68,500.00   [strat=friendly_rapport_builder]
      R 7  buy $ 12,660.91   sel     $67,000.00   [strat=friendly_rapport_builder]
      R 8  buy $ 48,793.26   sel     $64,900.00   [strat=friendly_rapport_builder]
      R 9  buy $    595.24   sel     $63,500.00   [strat=friendly_rapport_builder]
      R10  buy $ 57,047.39   sel     $62,000.00   [strat=friendly_rapport_builder]
      R11  buy $ 48,861.44   sel     $61,000.00   [strat=friendly_rapport_builder]
      R12  buy $ 29,598.14   sel     $60,000.00   [strat=friendly_rapport_builder]
      R13  buy $  4,589.95   sel     $59,000.00   [strat=friendly_rapport_builder]
      R14  buy $ 32,713.81   sel     $58,500.00   [strat=friendly_rapport_builder]
      R15  buy $  4,957.20   sel     $57,500.00   [strat=friendly_rapport_builder]
      R16  buy $ 24,175.92   sel     $56,500.00   [strat=friendly_rapport_builder]
   run 10 done in 7.4 min

   run 11/30 on 2014 Mercedes-Benz S550  seed=20460430
      R 1  buy $ 52,975.34   sel     $59,995.00   [strat=friendly_rapport_builder] *
      R 2  buy $ 35,598.31   sel     $49,950.00   [strat=friendly_rapport_builder]
      R 3  buy $ 31,201.11   sel     $45,750.00   [strat=friendly_rapport_builder]
      R 4  buy $ 34,398.77   sel     $41,500.00   [strat=friendly_rapport_builder]
      R 5  buy $ 36,132.10   sel     $39,900.00   [strat=friendly_rapport_builder]
      R 6  buy $ 30,103.24   sel     $38,500.00   [strat=friendly_rapport_builder]
      R 7  buy $  4,825.93   sel     $37,500.00   [strat=friendly_rapport_builder]
      R 8  buy $ 25,602.04   sel     $37,500.00   [strat=friendly_rapport_builder]
      R 9  buy $ 35,681.44   sel     $37,000.00   [strat=friendly_rapport_builder]
      R10  buy $ 23,960.76   sel     $36,500.00   [strat=friendly_rapport_builder]
      R11  buy $ 27,336.13   sel     $36,000.00   [strat=friendly_rapport_builder]
      R12  buy $ 22,735.33   sel     $35,500.00   [strat=friendly_rapport_builder]
      R13  buy $ 10,973.88   sel     $35,000.00   [strat=friendly_rapport_builder]
      R14  buy $  4,689.47   sel     $34,500.00   [strat=friendly_rapport_builder]
      R15  buy $ 25,597.34   sel     $33,000.00   [strat=friendly_rapport_builder]
      R16  buy $ 23,393.33   sel     $32,500.00   [strat=friendly_rapport_builder]
   run 11 done in 6.8 min

   run 12/30 on 2014 Mercedes-Benz S550  seed=20460431
      R 1  buy $ 38,455.45   sel     $42,000.00   [strat=friendly_rapport_builder] *
      R 2  buy $  4,389.69   sel     $41,500.00   [strat=friendly_rapport_builder]
      R 3  buy $  6,584.97   sel     $40,000.00   [strat=friendly_rapport_builder]
      R 4  buy $ 11,021.26   sel     $39,500.00   [strat=friendly_rapport_builder]
      R 5  buy $ 16,474.09   sel     $38,500.00   [strat=friendly_rapport_builder]
      R 6  buy $  5,229.02   sel     $37,500.00   [strat=friendly_rapport_builder]
      R 7  buy $ 26,337.68   sel     $35,500.00   [strat=friendly_rapport_builder]
      R 8  buy $ 32,283.64   sel     $34,000.00   [strat=friendly_rapport_builder]
      R 9  buy $ 19,917.14   sel     $33,500.00   [strat=friendly_rapport_builder]
      R10  buy $ 15,857.90   sel     $33,000.00   [strat=friendly_rapport_builder]
      R11  buy $ 13,076.34   sel     $32,500.00   [strat=friendly_rapport_builder]
      R12  buy $ 30,657.80   sel     $32,000.00   [strat=friendly_rapport_builder]
      R13  buy $  4,557.73   sel     $31,500.00   [strat=friendly_rapport_builder]
      R14  buy $ 14,731.47   sel     $31,000.00   [strat=friendly_rapport_builder]
      R15  buy $ 22,532.81   sel     $30,000.00   [strat=friendly_rapport_builder]
      R16  buy $ 19,468.76   sel     $29,500.00   [strat=friendly_rapport_builder]
   run 12 done in 6.0 min

   run 13/30 on 2014 Mercedes-Benz S550  seed=20460432
      R 1  buy $ 22,800.89   sel     $24,500.00   [strat=friendly_rapport_builder] *
      R 2  buy $  6,658.49   sel     $24,000.00   [strat=friendly_rapport_builder]
      R 3  buy $ 20,890.51   sel     $23,500.00   [strat=friendly_rapport_builder]
      R 4  buy $ 18,710.62   sel     $23,000.00   [strat=friendly_rapport_builder]
      R 5  buy $ 14,082.93   sel     $22,500.00   [strat=friendly_rapport_builder]
      R 6  buy $ 12,182.21   sel     $22,000.00   [strat=friendly_rapport_builder]
      R 7  buy $ 21,027.98   sel     $21,500.00   [strat=friendly_rapport_builder]
      R 8  buy $ 16,696.96   sel     $21,000.00   [strat=friendly_rapport_builder]
      R 9  buy $ 18,650.42   sel     $20,500.00   [strat=friendly_rapport_builder]
      R10  buy $  4,675.27   sel     $20,000.00   [strat=friendly_rapport_builder]
      R11  buy $ 19,119.06   sel     $19,800.00   [strat=friendly_rapport_builder]
      R12  buy $  2,626.28   sel     $19,500.00   [strat=friendly_rapport_builder]
      R13  buy $ 10,455.78   sel     $19,300.00   [strat=friendly_rapport_builder]
      R14  buy $  6,796.34   sel     $19,200.00   [strat=friendly_rapport_builder]
      R15  buy $ 10,240.31   sel     $19,100.00   [strat=friendly_rapport_builder]
      R16  buy $ 16,401.39   sel     $19,050.00   [strat=friendly_rapport_builder]
   run 13 done in 7.9 min

   run 14/30 on 2014 Mercedes-Benz S550  seed=20460433
      R 1  buy $ 42,071.55   sel     $49,995.00   [strat=friendly_rapport_builder] *
      R 2  buy $ 12,517.31   sel     $39,995.00   [strat=friendly_rapport_builder]
      R 3  buy $ 22,861.44   sel     $37,500.00   [strat=friendly_rapport_builder]
      R 4  buy $ 13,927.43   sel     $34,900.00   [strat=friendly_rapport_builder]
      R 5  buy $  3,945.34   sel     $31,995.00   [strat=friendly_rapport_builder]
      R 6  buy $ 26,703.05   sel     $30,500.00   [strat=friendly_rapport_builder]
      R 7  buy $  8,622.68   sel     $29,500.00   [strat=friendly_rapport_builder]
      R 8  buy $ 25,525.47   sel     $28,500.00   [strat=friendly_rapport_builder]
      R 9  buy $  3,990.55   sel     $27,500.00   [strat=friendly_rapport_builder]
      R10  buy $  9,414.74   sel     $26,900.00   [strat=friendly_rapport_builder]
      R11  buy $ 10,378.60   sel     $26,400.00   [strat=friendly_rapport_builder]
      R12  buy $ 12,554.34   sel     $25,900.00   [strat=friendly_rapport_builder]
      R13  buy $ 25,510.06   sel     $25,700.00   [strat=friendly_rapport_builder]
      R14  buy $ 14,805.26   sel     $25,000.00   [strat=friendly_rapport_builder]
      R15  buy $ 21,892.66   sel     $24,500.00   [strat=friendly_rapport_builder]
      R16  buy $  4,846.82   sel     $24,000.00   [strat=friendly_rapport_builder]
   run 14 done in 6.8 min

   run 15/30 on 2014 Mercedes-Benz S550  seed=20460434
      R 1  buy $ 43,846.35   sel     $45,000.00   [strat=friendly_rapport_builder] *
      R 2  buy $ 11,240.24   sel     $44,000.00   [strat=friendly_rapport_builder]
      R 3  buy $  4,675.15   sel     $43,500.00   [strat=friendly_rapport_builder]
      R 4  buy $  7,695.34   sel     $42,000.00   [strat=friendly_rapport_builder]
      R 5  buy $ 22,485.56   sel     $38,000.00   [strat=friendly_rapport_builder]
      R 6  buy $ 21,606.06   sel     $36,500.00   [strat=friendly_rapport_builder]
      R 7  buy $     10.81   sel     $35,000.00   [strat=friendly_rapport_builder]
      R 8  buy $ 31,580.60   sel     $33,500.00   [strat=friendly_rapport_builder]
      R 9  buy $  5,043.90   sel     $32,000.00   [strat=friendly_rapport_builder]
      R10  buy $ 24,180.02   sel     $29,000.00   [strat=friendly_rapport_builder]
      R11  buy $ 28,639.90   sel     $29,500.00   [strat=friendly_rapport_builder]
      R12  buy $    859.46   sel     $27,500.00   [strat=friendly_rapport_builder]
      R13  buy $ 12,531.08   sel     $25,000.00   [strat=friendly_rapport_builder]
      R14  buy $  8,209.49   sel     $24,000.00   [strat=friendly_rapport_builder]
      R15  buy $ 22,636.54   sel     $23,500.00   [strat=friendly_rapport_builder]
      R16  buy $ 19,313.44   sel     $23,000.00   [strat=friendly_rapport_builder]
   run 15 done in 7.2 min

   run 16/30 on 2014 Mercedes-Benz S550  seed=20460435
      R 1  buy $ 14,568.02   sel     $22,500.00   [strat=friendly_rapport_builder] *
      R 2  buy $  3,682.24   sel     $21,500.00   [strat=friendly_rapport_builder]
      R 3  buy $ 20,969.62   sel     $21,000.00   [strat=friendly_rapport_builder]
      R 4  buy $  8,737.97   sel     $21,000.00   [strat=friendly_rapport_builder]
      R 5  buy $  1,047.66   sel     $21,000.00   [strat=friendly_rapport_builder]
      R 6  buy $  1,506.82   sel     $21,000.00   [strat=friendly_rapport_builder]
      R 7  buy $ 19,160.48   sel     $20,500.00   [strat=friendly_rapport_builder]
      R 8  buy $  2,332.01   sel     $20,000.00   [strat=friendly_rapport_builder]
      R 9  buy $  1,521.27   sel     $20,000.00   [strat=friendly_rapport_builder]
      R10  buy $  2,098.44   sel     $19,500.00   [strat=friendly_rapport_builder]
      R11  buy $ 13,369.11   sel     $19,000.00   [strat=friendly_rapport_builder]
      R12  buy $  7,641.75   sel     $18,500.00   [strat=friendly_rapport_builder]
      R13  buy $  2,969.56   sel     $18,000.00   [strat=friendly_rapport_builder]
      R14  buy $ 17,171.67   sel     $17,500.00   [strat=friendly_rapport_builder]
      R15  buy $ 17,252.44   sel     $19,250.00   [strat=friendly_rapport_builder]
      R16  buy $ 18,660.44   sel     $19,000.00   [strat=friendly_rapport_builder]
   run 16 done in 7.3 min

   run 17/30 on 2014 Mercedes-Benz S550  seed=20460436
      R 1  buy $ 16,346.12   sel     $22,500.00   [strat=friendly_rapport_builder] *
      R 2  buy $ 14,934.25   sel     $21,500.00   [strat=friendly_rapport_builder]
      R 3  buy $  2,177.58   sel     $20,000.00   [strat=friendly_rapport_builder]
      R 4  buy $  7,481.74   sel     $19,500.00   [strat=friendly_rapport_builder]
      R 5  buy $ 17,968.74   sel     $19,200.00   [strat=friendly_rapport_builder]
      R 6  buy $ 19,076.43   sel     $19,076.43   [strat=friendly_rapport_builder]
      R 7  buy $ 17,532.09   sel     $18,800.00   [strat=friendly_rapport_builder]
      R 8  buy $ 15,578.96   sel     $18,600.00   [strat=friendly_rapport_builder]
      R 9  buy $  2,711.00   sel     $18,400.00   [strat=friendly_rapport_builder]
      R10  buy $  2,895.17   sel     $18,400.00   [strat=friendly_rapport_builder]
      R11  buy $  8,772.71   sel     $18,200.00   [strat=friendly_rapport_builder]
      R12  buy $ 15,755.02   sel     $18,000.00   [strat=friendly_rapport_builder]
      R13  buy $  5,318.51   sel     $17,800.00   [strat=friendly_rapport_builder]
      R14  buy $  4,381.41   sel     $17,600.00   [strat=friendly_rapport_builder]
      R15  buy $  5,022.88   sel     $19,000.00   [strat=friendly_rapport_builder]
      R16  buy $  5,267.44   sel     $19,000.00   [strat=friendly_rapport_builder]
   run 17 done in 5.3 min

   run 18/30 on 2014 Mercedes-Benz S550  seed=20460437
      R 1  buy $  8,494.63   sel     $24,995.00   [strat=friendly_rapport_builder] *
      R 2  buy $ 13,720.75   sel     $23,500.00   [strat=friendly_rapport_builder]
      R 3  buy $  7,482.56   sel     $23,000.00   [strat=friendly_rapport_builder]
      R 4  buy $ 10,563.38   sel     $22,500.00   [strat=friendly_rapport_builder]
      R 5  buy $  7,297.32   sel     $22,000.00   [strat=friendly_rapport_builder]
      R 6  buy $ 19,509.65   sel     $21,500.00   [strat=friendly_rapport_builder]
      R 7  buy $  3,221.43   sel     $21,000.00   [strat=friendly_rapport_builder]
      R 8  buy $    716.77   sel     $20,500.00   [strat=friendly_rapport_builder]
      R 9  buy $ 16,075.82   sel     $20,000.00   [strat=friendly_rapport_builder]
      R10  buy $  8,756.23   sel     $19,500.00   [strat=friendly_rapport_builder]
      R11  buy $ 14,465.71   sel     $19,300.00   [strat=friendly_rapport_builder]
      R12  buy $ 12,849.66   sel     $19,200.00   [strat=friendly_rapport_builder]
      R13  buy $ 13,699.37   sel     $19,100.00   [strat=friendly_rapport_builder]
      R14  buy $ 11,565.21   sel     $19,000.00   [strat=friendly_rapport_builder]
      R15  buy $ 13,742.30   sel     $19,000.00   [strat=friendly_rapport_builder]
      R16  buy $    888.51   sel     $19,000.00   [strat=friendly_rapport_builder]
   run 18 done in 6.9 min

   run 19/30 on 2014 Mercedes-Benz S550  seed=20460438
      R 1  buy $ 90,658.58   sel     $95,500.00   [strat=friendly_rapport_builder] *
      R 2  buy $ 62,824.31   sel     $94,000.00   [strat=friendly_rapport_builder]
      R 3  buy $ 61,020.27   sel     $92,500.00   [strat=friendly_rapport_builder]
      R 4  buy $ 82,072.95   sel     $89,000.00   [strat=friendly_rapport_builder]
      R 5  buy $  8,926.99   sel     $88,000.00   [strat=friendly_rapport_builder]
      R 6  buy $ 29,608.78   sel     $87,000.00   [strat=friendly_rapport_builder]
      R 7  buy $ 51,148.63   sel     $85,000.00   [strat=friendly_rapport_builder]
      R 8  buy $ 55,706.67   sel     $83,000.00   [strat=friendly_rapport_builder]
      R 9  buy $ 35,390.44   sel     $82,000.00   [strat=friendly_rapport_builder]
      R10  buy $  6,321.59   sel     $81,000.00   [strat=friendly_rapport_builder]
      R11  buy $ 22,218.34   sel     $80,000.00   [strat=friendly_rapport_builder]
      R12  buy $ 48,599.61   sel     $79,000.00   [strat=friendly_rapport_builder]
      R13  buy $ 77,512.94   sel     $78,250.00   [strat=friendly_rapport_builder]
      R14  buy $ 33,627.52   sel     $78,000.00   [strat=friendly_rapport_builder]
      R15  buy $ 43,923.16   sel     $77,500.00   [strat=friendly_rapport_builder]
      R16  buy $  8,538.19   sel     $77,000.00   [strat=friendly_rapport_builder]
   run 19 done in 7.0 min

   run 20/30 on 2014 Mercedes-Benz S550  seed=20460439
      R 1  buy $ 64,044.00   sel     $75,000.00   [strat=friendly_rapport_builder] *
      R 2  buy $  9,588.69   sel     $72,000.00   [strat=friendly_rapport_builder]
      R 3  buy $  2,996.62   sel     $69,000.00   [strat=friendly_rapport_builder]
      R 4  buy $ 15,878.42   sel     $65,000.00   [strat=friendly_rapport_builder]
      R 5  buy $ 60,349.95   sel     $62,500.00   [strat=friendly_rapport_builder]
      R 6  buy $ 47,614.61   sel     $59,000.00   [strat=friendly_rapport_builder]
      R 7  buy $ 29,333.85   sel     $55,000.00   [strat=friendly_rapport_builder]
      R 8  buy $ 30,157.69   sel     $50,000.00   [strat=friendly_rapport_builder]
      R 9  buy $ 15,643.86   sel     $45,000.00   [strat=friendly_rapport_builder]
      R10  buy $ 24,934.36   sel     $40,000.00   [strat=friendly_rapport_builder]
      R11  buy $ 17,125.66   sel     $35,000.00   [strat=friendly_rapport_builder]
      R12  buy $ 19,877.03   sel     $30,000.00   [strat=friendly_rapport_builder]
      R13  buy $  5,561.43   sel     $28,000.00   [strat=friendly_rapport_builder]
      R14  buy $ 26,813.65   sel     $26,813.65   [strat=friendly_rapport_builder]
      R15  buy $ 25,762.34   sel     $26,000.00   [strat=friendly_rapport_builder]
      R16  buy $ 16,153.31   sel     $24,000.00   [strat=friendly_rapport_builder]
   run 20 done in 5.2 min

   run 21/30 on 2014 Mercedes-Benz S550  seed=20460440
      R 1  buy $ 33,261.25   sel     $38,500.00   [strat=friendly_rapport_builder] *
      R 2  buy $ 16,353.45   sel     $36,000.00   [strat=friendly_rapport_builder]
      R 3  buy $ 16,385.83   sel     $35,000.00   [strat=friendly_rapport_builder]
      R 4  buy $  4,905.21   sel     $34,500.00   [strat=friendly_rapport_builder]
      R 5  buy $ 20,710.35   sel     $33,000.00   [strat=friendly_rapport_builder]
      R 6  buy $ 20,510.08   sel     $32,000.00   [strat=friendly_rapport_builder]
      R 7  buy $  4,055.74   sel     $31,500.00   [strat=friendly_rapport_builder]
      R 8  buy $  8,561.66   sel     $31,000.00   [strat=friendly_rapport_builder]
      R 9  buy $ 26,320.03   sel     $30,500.00   [strat=friendly_rapport_builder]
      R10  buy $ 22,379.49   sel     $30,000.00   [strat=friendly_rapport_builder]
      R11  buy $ 23,558.70   sel     $28,500.00   [strat=friendly_rapport_builder]
      R12  buy $  6,319.67   sel     $28,000.00   [strat=friendly_rapport_builder]
      R13  buy $ 26,838.60   sel     $27,500.00   [strat=friendly_rapport_builder]
      R14  buy $ 23,867.90   sel     $27,000.00   [strat=friendly_rapport_builder]
      R15  buy $ 20,195.31   sel     $26,500.00   [strat=friendly_rapport_builder]
      R16  buy $  9,311.27   sel     $26,000.00   [strat=friendly_rapport_builder]
   run 21 done in 5.3 min

   run 22/30 on 2014 Mercedes-Benz S550  seed=20460441
      R 1  buy $ 80,750.07   sel     $92,500.00   [strat=friendly_rapport_builder] *
      R 2  buy $ 29,563.94   sel     $85,000.00   [strat=friendly_rapport_builder]
      R 3  buy $ 63,358.88   sel     $75,000.00   [strat=friendly_rapport_builder]
      R 4  buy $ 34,291.11   sel     $68,000.00   [strat=friendly_rapport_builder]
      R 5  buy $ 48,490.72   sel     $62,000.00   [strat=friendly_rapport_builder]
      R 6  buy $  1,924.87   sel     $55,000.00   [strat=friendly_rapport_builder]
      R 7  buy $ 28,120.51   sel     $52,000.00   [strat=friendly_rapport_builder]
      R 8  buy $  2,344.67   sel     $50,000.00   [strat=friendly_rapport_builder]
      R 9  buy $ 10,805.82   sel     $48,000.00   [strat=friendly_rapport_builder]
      R10  buy $ 36,764.30   sel     $46,000.00   [strat=friendly_rapport_builder]
      R11  buy $  6,746.70   sel     $44,000.00   [strat=friendly_rapport_builder]
      R12  buy $ 37,311.59   sel     $42,500.00   [strat=friendly_rapport_builder]
      R13  buy $ 22,867.96   sel     $35,000.00   [strat=friendly_rapport_builder]
      R14  buy $ 10,064.31   sel     $32,000.00   [strat=friendly_rapport_builder]
      R15  buy $  7,858.69   sel     $30,000.00   [strat=friendly_rapport_builder]
      R16  buy $ 12,223.62   sel     $28,000.00   [strat=friendly_rapport_builder]
   run 22 done in 5.7 min

   run 23/30 on 2014 Mercedes-Benz S550  seed=20460442
      R 1  buy $ 17,118.09   sel     $22,500.00   [strat=friendly_rapport_builder] *
      R 2  buy $ 12,226.95   sel     $21,000.00   [strat=friendly_rapport_builder]
      R 3  buy $  8,141.89   sel     $20,000.00   [strat=friendly_rapport_builder]
      R 4  buy $ 13,180.45   sel     $19,500.00   [strat=friendly_rapport_builder]
      R 5  buy $ 17,633.05   sel     $19,250.00   [strat=friendly_rapport_builder]
      R 6  buy $  3,176.31   sel     $19,000.00   [strat=friendly_rapport_builder]
      R 7  buy $  4,947.81   sel     $19,000.00   [strat=friendly_rapport_builder]
      R 8  buy $  4,564.50   sel     $19,000.00   [strat=friendly_rapport_builder]
      R 9  buy $  5,470.34   sel     $19,000.00   [strat=friendly_rapport_builder]
      R10  buy $ 18,042.21   sel     $19,000.00   [strat=friendly_rapport_builder]
      R11  buy $    261.60   sel     $19,000.00   [strat=friendly_rapport_builder]
      R12  buy $ 13,286.72   sel     $19,000.00   [strat=friendly_rapport_builder]
      R13  buy $ 12,279.26   sel     $19,000.00   [strat=friendly_rapport_builder]
      R14  buy $ 16,323.65   sel     $19,000.00   [strat=friendly_rapport_builder]
      R15  buy $ 10,498.29   sel     $19,000.00   [strat=friendly_rapport_builder]
      R16  buy $  4,939.75   sel     $19,000.00   [strat=friendly_rapport_builder]
   run 23 done in 5.6 min

   run 24/30 on 2014 Mercedes-Benz S550  seed=20460443
      R 1  buy $ 37,167.36   sel     $38,995.00   [strat=friendly_rapport_builder] *
      R 2  buy $ 18,364.87   sel     $36,995.00   [strat=friendly_rapport_builder]
      R 3  buy $ 30,932.25   sel     $35,500.00   [strat=friendly_rapport_builder]
      R 4  buy $ 13,676.52   sel     $34,500.00   [strat=friendly_rapport_builder]
      R 5  buy $  7,204.74   sel     $33,500.00   [strat=friendly_rapport_builder]
      R 6  buy $ 10,720.19   sel     $33,000.00   [strat=friendly_rapport_builder]
      R 7  buy $  6,704.90   sel     $32,500.00   [strat=friendly_rapport_builder]
      R 8  buy $ 32,062.79   sel     $32,250.00   [strat=friendly_rapport_builder]
      R 9  buy $ 24,023.22   sel     $30,000.00   [strat=friendly_rapport_builder]
      R10  buy $  2,241.88   sel     $29,500.00   [strat=friendly_rapport_builder]
      R11  buy $  8,135.87   sel     $28,500.00   [strat=friendly_rapport_builder]
      R12  buy $  6,110.94   sel     $27,500.00   [strat=friendly_rapport_builder]
      R13  buy $ 27,215.49   sel     $27,350.00   [strat=friendly_rapport_builder]
      R14  buy $ 18,351.19   sel     $26,500.00   [strat=friendly_rapport_builder]
      R15  buy $ 11,816.69   sel     $25,500.00   [strat=friendly_rapport_builder]
      R16  buy $  5,550.26   sel     $24,500.00   [strat=friendly_rapport_builder]
   run 24 done in 6.8 min

   run 25/30 on 2014 Mercedes-Benz S550  seed=20460444
      R 1  buy $ 42,586.07   sel     $45,000.00   [strat=friendly_rapport_builder] *
      R 2  buy $    303.18   sel     $43,000.00   [strat=friendly_rapport_builder]
      R 3  buy $  7,935.67   sel     $42,000.00   [strat=friendly_rapport_builder]
      R 4  buy $  9,453.61   sel     $41,500.00   [strat=friendly_rapport_builder]
      R 5  buy $ 26,436.17   sel     $40,500.00   [strat=friendly_rapport_builder]
      R 6  buy $  3,835.50   sel     $39,500.00   [strat=friendly_rapport_builder]
      R 7  buy $ 20,435.93   sel     $38,500.00   [strat=friendly_rapport_builder]
      R 8  buy $ 15,456.09   sel     $37,500.00   [strat=friendly_rapport_builder]
      R 9  buy $ 30,127.93   sel     $35,000.00   [strat=friendly_rapport_builder]
      R10  buy $ 31,331.68   sel     $34,000.00   [strat=friendly_rapport_builder]
      R11  buy $ 21,834.29   sel     $33,000.00   [strat=friendly_rapport_builder]
      R12  buy $  6,430.98   sel     $32,500.00   [strat=friendly_rapport_builder]
      R13  buy $ 17,986.23   sel     $31,000.00   [strat=friendly_rapport_builder]
      R14  buy $  9,090.44   sel     $30,000.00   [strat=friendly_rapport_builder]
      R15  buy $ 26,813.41   sel     $29,000.00   [strat=friendly_rapport_builder]
      R16  buy $ 14,545.27   sel     $28,000.00   [strat=friendly_rapport_builder]
   run 25 done in 5.3 min

   run 26/30 on 2014 Mercedes-Benz S550  seed=20460445
      R 1  buy $ 75,134.50   sel     $85,500.00   [strat=friendly_rapport_builder] *
      R 2  buy $ 25,345.67   sel     $79,999.00   [strat=friendly_rapport_builder]
      R 3  buy $ 20,950.54   sel     $74,500.00   [strat=friendly_rapport_builder]
      R 4  buy $ 24,056.89   sel     $67,500.00   [strat=friendly_rapport_builder]
      R 5  buy $ 58,766.71   sel     $64,500.00   [strat=friendly_rapport_builder]
      R 6  buy $ 38,872.36   sel     $59,999.00   [strat=friendly_rapport_builder]
      R 7  buy $ 58,517.28   sel     $59,500.00   [strat=friendly_rapport_builder]
      R 8  buy $ 28,684.86   sel     $58,500.00   [strat=friendly_rapport_builder]
      R 9  buy $ 35,874.34   sel     $57,500.00   [strat=friendly_rapport_builder]
      R10  buy $ 29,216.18   sel     $55,000.00   [strat=friendly_rapport_builder]
      R11  buy $ 15,228.45   sel     $52,500.00   [strat=friendly_rapport_builder]
      R12  buy $ 17,279.56   sel     $49,999.00   [strat=friendly_rapport_builder]
      R13  buy $ 11,616.50   sel     $45,000.00   [strat=friendly_rapport_builder]
      R14  buy $ 21,194.65   sel     $42,500.00   [strat=friendly_rapport_builder]
      R15  buy $ 19,882.30   sel     $20,500.00   [strat=friendly_rapport_builder]
      R16  buy $ 12,918.48   sel     $19,999.00   [strat=friendly_rapport_builder]
   run 26 done in 5.3 min

   run 27/30 on 2014 Mercedes-Benz S550  seed=20460446
      R 1  buy $ 54,079.98   sel     $75,000.00   [strat=friendly_rapport_builder] *
      R 2  buy $  4,475.87   sel     $69,500.00   [strat=friendly_rapport_builder]
      R 3  buy $ 44,380.85   sel     $57,000.00   [strat=friendly_rapport_builder]
      R 4  buy $ 31,151.30   sel     $52,000.00   [strat=friendly_rapport_builder]
      R 5  buy $ 29,883.38   sel     $48,000.00   [strat=friendly_rapport_builder]
      R 6  buy $ 36,934.35   sel     $44,000.00   [strat=friendly_rapport_builder]
      R 7  buy $ 33,620.02   sel     $41,500.00   [strat=friendly_rapport_builder]
      R 8  buy $ 34,881.32   sel     $39,000.00   [strat=friendly_rapport_builder]
      R 9  buy $ 25,404.53   sel     $37,500.00   [strat=friendly_rapport_builder]
      R10  buy $ 20,376.32   sel     $35,000.00   [strat=friendly_rapport_builder]
      R11  buy $  1,078.40   sel     $33,000.00   [strat=friendly_rapport_builder]
      R12  buy $ 21,791.89   sel     $25,000.00   [strat=friendly_rapport_builder]
      R13  buy $ 14,587.81   sel     $21,500.00   [strat=friendly_rapport_builder]
      R14  buy $ 20,881.33   sel     $21,000.00   [strat=friendly_rapport_builder]
      R15  buy $ 17,059.04   sel     $20,000.00   [strat=friendly_rapport_builder]
      R16  buy $ 13,341.43   sel     $19,500.00   [strat=friendly_rapport_builder]
   run 27 done in 5.1 min

   run 28/30 on 2014 Mercedes-Benz S550  seed=20460447
      R 1  buy $ 45,724.94   sel     $48,000.00   [strat=friendly_rapport_builder] *
      R 2  buy $  6,459.10   sel     $47,500.00   [strat=friendly_rapport_builder]
      R 3  buy $ 28,949.96   sel     $46,000.00   [strat=friendly_rapport_builder]
      R 4  buy $ 16,127.38   sel     $44,500.00   [strat=friendly_rapport_builder]
      R 5  buy $ 13,245.89   sel     $43,000.00   [strat=friendly_rapport_builder]
      R 6  buy $ 22,918.48   sel     $41,000.00   [strat=friendly_rapport_builder]
      R 7  buy $ 19,480.81   sel     $25,000.00   [strat=friendly_rapport_builder]
      R 8  buy $  5,370.58   sel     $25,000.00   [strat=friendly_rapport_builder]
      R 9  buy $ 19,915.06   sel     $22,000.00   [strat=friendly_rapport_builder]
      R10  buy $ 14,328.41   sel     $21,500.00   [strat=friendly_rapport_builder]
      R11  buy $  8,288.01   sel     $21,000.00   [strat=friendly_rapport_builder]
      R12  buy $ 18,304.82   sel     $20,000.00   [strat=friendly_rapport_builder]
      R13  buy $  9,301.70   sel     $20,000.00   [strat=friendly_rapport_builder]
      R14  buy $ 11,565.26   sel     $20,000.00   [strat=friendly_rapport_builder]
      R15  buy $ 17,126.82   sel     $19,500.00   [strat=friendly_rapport_builder]
      R16  buy $    136.41   sel     $19,500.00   [strat=friendly_rapport_builder]
   run 28 done in 6.4 min

   run 29/30 on 2014 Mercedes-Benz S550  seed=20460448
      R 1  buy $ 92,691.96   sel     $94,500.00   [strat=friendly_rapport_builder] *
      R 2  buy $ 15,078.33   sel     $93,500.00   [strat=friendly_rapport_builder]
      R 3  buy $ 72,682.78   sel     $91,500.00   [strat=friendly_rapport_builder]
      R 4  buy $ 73,804.46   sel     $89,500.00   [strat=friendly_rapport_builder]
      R 5  buy $ 37,129.70   sel     $87,500.00   [strat=friendly_rapport_builder]
      R 6  buy $ 60,436.64   sel     $85,500.00   [strat=friendly_rapport_builder]
      R 7  buy $ 41,537.38   sel     $84,500.00   [strat=friendly_rapport_builder]
      R 8  buy $ 24,849.17   sel     $83,500.00   [strat=friendly_rapport_builder]
      R 9  buy $ 47,497.96   sel     $80,000.00   [strat=friendly_rapport_builder]
      R10  buy $ 57,453.26   sel     $78,500.00   [strat=friendly_rapport_builder]
      R11  buy $ 27,101.54   sel     $77,500.00   [strat=friendly_rapport_builder]
      R12  buy $ 52,375.08   sel     $75,000.00   [strat=friendly_rapport_builder]
      R13  buy $ 39,539.45   sel     $70,000.00   [strat=friendly_rapport_builder]
      R14  buy $ 46,499.54   sel     $65,000.00   [strat=friendly_rapport_builder]
      R15  buy $ 38,901.37   sel     $60,000.00   [strat=friendly_rapport_builder]
      R16  buy $ 23,364.75   sel     $55,000.00   [strat=friendly_rapport_builder]
   run 29 done in 5.8 min

   run 30/30 on 2014 Mercedes-Benz S550  seed=20460449
      R 1  buy $ 15,183.18   sel     $24,995.00   [strat=friendly_rapport_builder] *
      R 2  buy $  4,738.90   sel     $22,500.00   [strat=friendly_rapport_builder]
      R 3  buy $  5,214.01   sel     $20,000.00   [strat=friendly_rapport_builder]
      R 4  buy $  8,240.68   sel     $18,500.00   [strat=friendly_rapport_builder]
      R 5  buy $ 17,848.51   sel     $18,250.00   [strat=friendly_rapport_builder]
      R 6  buy $  6,814.54   sel     $18,000.00   [strat=friendly_rapport_builder]
      R 7  buy $ 10,485.67   sel     $17,750.00   [strat=friendly_rapport_builder]
      R 8  buy $  8,614.27   sel     $17,500.00   [strat=friendly_rapport_builder]
      R 9  buy $  9,447.53   sel     $17,250.00   [strat=friendly_rapport_builder]
      R10  buy $  1,290.49   sel     $19,000.00   [strat=friendly_rapport_builder]
      R11  buy $  4,575.47   sel     $18,900.00   [strat=friendly_rapport_builder]
      R12  buy $  6,224.61   sel     $18,500.00   [strat=friendly_rapport_builder]
      R13  buy $ 17,217.38   sel     $19,000.00   [strat=friendly_rapport_builder]
      R14  buy $  8,629.62   sel     $19,000.00   [strat=friendly_rapport_builder]
      R15  buy $  6,193.54   sel     $19,000.00   [strat=friendly_rapport_builder]
      R16  buy $  2,212.41   sel     $19,000.00   [strat=friendly_rapport_builder]
   run 30 done in 7.3 min

   ---> checkpoint: car 1/5 done in 189.9 min; total so far 189.9 min; saved 30 runs to exp02_fixed_friendly_rapport_builder.json

--- CAR 2/5: 2016 Cadillac CTS 3.6 Luxury  (M=$45,000.00  cost=$15,750.00  cost/M=35.00%) ---

   run 1/30 on 2016 Cadillac CTS 3.6 Luxury  seed=20461420
      R 1  buy $ 12,672.26   sel     $18,250.00   [strat=friendly_rapport_builder] *
      R 2  buy $  5,532.20   sel     $17,500.00   [strat=friendly_rapport_builder]
      R 3  buy $  5,541.36   sel     $16,500.00   [strat=friendly_rapport_builder]
      R 4  buy $  6,582.57   sel     $15,900.00   [strat=friendly_rapport_builder]
      R 5  buy $  1,190.10   sel     $15,900.00   [strat=friendly_rapport_builder]
      R 6  buy $  1,824.57   sel     $15,900.00   [strat=friendly_rapport_builder]
      R 7  buy $  9,281.16   sel     $15,850.00   [strat=friendly_rapport_builder]
      R 8  buy $  1,906.57   sel     $15,800.00   [strat=friendly_rapport_builder]
      R 9  buy $ 12,303.21   sel     $15,700.00   [strat=friendly_rapport_builder]
      R10  buy $ 11,788.20   sel     $15,600.00   [strat=friendly_rapport_builder]
      R11  buy $  5,524.51   sel     $15,550.00   [strat=friendly_rapport_builder]
      R12  buy $ 15,440.16   sel     $15,500.00   [strat=friendly_rapport_builder]
      R13  buy $  4,520.10   sel     $15,500.00   [strat=friendly_rapport_builder]
      R14  buy $  8,979.96   sel     $15,450.00   [strat=friendly_rapport_builder]
      R15  buy $  1,082.45   sel     $15,450.00   [strat=friendly_rapport_builder]
      R16  buy $  7,012.27   sel     $15,450.00   [strat=friendly_rapport_builder]
   run 1 done in 6.0 min

   run 2/30 on 2016 Cadillac CTS 3.6 Luxury  seed=20461421
      R 1  buy $  4,487.21   sel     $38,500.00   [strat=friendly_rapport_builder] *
      R 2  buy $ 10,232.39   sel     $32,500.00   [strat=friendly_rapport_builder]
      R 3  buy $ 30,231.52   sel     $31,500.00   [strat=friendly_rapport_builder]
      R 4  buy $ 19,672.76   sel     $28,000.00   [strat=friendly_rapport_builder]
      R 5  buy $  9,161.70   sel     $24,500.00   [strat=friendly_rapport_builder]
      R 6  buy $ 24,058.23   sel     $24,300.00   [strat=friendly_rapport_builder]
      R 7  buy $ 11,697.73   sel     $22,000.00   [strat=friendly_rapport_builder]
      R 8  buy $ 21,229.12   sel     $21,500.00   [strat=friendly_rapport_builder]
      R 9  buy $  7,324.39   sel     $19,000.00   [strat=friendly_rapport_builder]
      R10  buy $ 17,423.96   sel     $18,200.00   [strat=friendly_rapport_builder]
      R11  buy $ 15,794.06   sel     $16,000.00   [strat=friendly_rapport_builder]
      R12  buy $  2,311.29   sel     $16,500.00   [strat=friendly_rapport_builder]
      R13  buy $  5,941.63   sel     $16,250.00   [strat=friendly_rapport_builder]
      R14  buy $ 16,159.59   sel     $16,200.00   [strat=friendly_rapport_builder]
      R15  buy $  2,657.75   sel     $16,000.00   [strat=friendly_rapport_builder]
      R16  buy $  2,060.06   sel     $15,800.00   [strat=friendly_rapport_builder]
   run 2 done in 5.5 min

   run 3/30 on 2016 Cadillac CTS 3.6 Luxury  seed=20461422
      R 1  buy $ 35,365.71   sel     $42,500.00   [strat=friendly_rapport_builder] *
      R 2  buy $ 11,904.53   sel     $41,000.00   [strat=friendly_rapport_builder]
      R 3  buy $ 21,430.83   sel     $39,500.00   [strat=friendly_rapport_builder]
      R 4  buy $  9,257.76   sel     $38,000.00   [strat=friendly_rapport_builder]
      R 5  buy $ 31,189.28   sel     $36,500.00   [strat=friendly_rapport_builder]
      R 6  buy $ 18,785.67   sel     $35,000.00   [strat=friendly_rapport_builder]
      R 7  buy $ 18,111.21   sel     $34,500.00   [strat=friendly_rapport_builder]
      R 8  buy $ 15,427.96   sel     $33,000.00   [strat=friendly_rapport_builder]
      R 9  buy $ 23,011.85   sel     $31,500.00   [strat=friendly_rapport_builder]
      R10  buy $ 10,035.28   sel     $30,500.00   [strat=friendly_rapport_builder]
      R11  buy $ 14,096.47   sel     $30,000.00   [strat=friendly_rapport_builder]
      R12  buy $ 22,074.66   sel     $28,500.00   [strat=friendly_rapport_builder]
      R13  buy $  2,731.85   sel     $27,500.00   [strat=friendly_rapport_builder]
      R14  buy $ 18,204.01   sel     $27,000.00   [strat=friendly_rapport_builder]
      R15  buy $  4,864.09   sel     $26,500.00   [strat=friendly_rapport_builder]
      R16  buy $  7,541.95   sel     $25,500.00   [strat=friendly_rapport_builder]
   run 3 done in 5.5 min

   run 4/30 on 2016 Cadillac CTS 3.6 Luxury  seed=20461423
      R 1  buy $ 35,679.86   sel     $37,995.00   [strat=friendly_rapport_builder] *
      R 2  buy $ 24,739.89   sel     $36,500.00   [strat=friendly_rapport_builder]
      R 3  buy $ 27,102.13   sel     $35,000.00   [strat=friendly_rapport_builder]
      R 4  buy $ 25,695.17   sel     $34,500.00   [strat=friendly_rapport_builder]
      R 5  buy $  5,867.90   sel     $34,000.00   [strat=friendly_rapport_builder]
      R 6  buy $  8,465.68   sel     $33,500.00   [strat=friendly_rapport_builder]
      R 7  buy $  4,611.78   sel     $33,000.00   [strat=friendly_rapport_builder]
      R 8  buy $ 10,434.45   sel     $32,500.00   [strat=friendly_rapport_builder]
      R 9  buy $ 20,498.00   sel     $31,500.00   [strat=friendly_rapport_builder]
      R10  buy $ 26,395.17   sel     $30,000.00   [strat=friendly_rapport_builder]
      R11  buy $ 14,745.20   sel     $29,500.00   [strat=friendly_rapport_builder]
      R12  buy $  4,611.72   sel     $28,000.00   [strat=friendly_rapport_builder]
      R13  buy $ 14,678.42   sel     $27,500.00   [strat=friendly_rapport_builder]
      R14  buy $ 18,080.10   sel     $25,000.00   [strat=friendly_rapport_builder]
      R15  buy $ 18,102.26   sel     $24,000.00   [strat=friendly_rapport_builder]
      R16  buy $  2,641.44   sel     $23,500.00   [strat=friendly_rapport_builder]
   run 4 done in 5.6 min

   run 5/30 on 2016 Cadillac CTS 3.6 Luxury  seed=20461424
      R 1  buy $  9,266.26   sel     $15,000.00   [strat=friendly_rapport_builder] *
      R 2  buy $ 11,611.71   sel     $14,200.00   [strat=friendly_rapport_builder]
      R 3  buy $  5,435.38   sel     $14,000.00   [strat=friendly_rapport_builder]
      R 4  buy $  2,284.12   sel     $13,800.00   [strat=friendly_rapport_builder]
      R 5  buy $  6,826.24   sel     $13,600.00   [strat=friendly_rapport_builder]
      R 6  buy $ 11,977.99   sel     $13,400.00   [strat=friendly_rapport_builder]
      R 7  buy $  1,213.37   sel     $13,200.00   [strat=friendly_rapport_builder]
      R 8  buy $  2,616.99   sel     $13,000.00   [strat=friendly_rapport_builder]
      R 9  buy $  1,407.68   sel     $12,800.00   [strat=friendly_rapport_builder]
      R10  buy $ 12,520.23   sel     PARSE-FAIL   [strat=friendly_rapport_builder]
      R11  buy $  7,195.76   sel     $12,600.00   [strat=friendly_rapport_builder]
      R12  buy $  3,439.82   sel     $12,400.00   [strat=friendly_rapport_builder]
      R13  buy $  1,992.84   sel     $12,200.00   [strat=friendly_rapport_builder]
      R14  buy $ 10,932.54   sel     $15,800.00   [strat=friendly_rapport_builder]
      R15  buy $  7,970.25   sel     $15,600.00   [strat=friendly_rapport_builder]
      R16  buy $  7,066.65   sel     $15,400.00   [strat=friendly_rapport_builder]
   run 5 done in 7.5 min

   run 6/30 on 2016 Cadillac CTS 3.6 Luxury  seed=20461425
      R 1  buy $ 21,574.34   sel     $23,500.00   [strat=friendly_rapport_builder] *
      R 2  buy $ 21,224.97   sel     $23,000.00   [strat=friendly_rapport_builder]
      R 3  buy $  1,197.93   sel     $22,500.00   [strat=friendly_rapport_builder]
      R 4  buy $ 19,838.71   sel     $22,000.00   [strat=friendly_rapport_builder]
      R 5  buy $ 18,734.95   sel     $21,750.00   [strat=friendly_rapport_builder]
      R 6  buy $  4,792.88   sel     $21,500.00   [strat=friendly_rapport_builder]
      R 7  buy $    825.05   sel     $21,250.00   [strat=friendly_rapport_builder]
      R 8  buy $ 19,831.02   sel     $20,500.00   [strat=friendly_rapport_builder]
      R 9  buy $  9,570.92   sel     $20,250.00   [strat=friendly_rapport_builder]
      R10  buy $  4,519.28   sel     $20,000.00   [strat=friendly_rapport_builder]
      R11  buy $ 12,781.78   sel     $19,000.00   [strat=friendly_rapport_builder]
      R12  buy $ 17,396.85   sel     $18,500.00   [strat=friendly_rapport_builder]
      R13  buy $ 16,169.33   sel     $17,500.00   [strat=friendly_rapport_builder]
      R14  buy $  5,941.35   sel     $16,500.00   [strat=friendly_rapport_builder]
      R15  buy $  9,184.23   sel     $16,000.00   [strat=friendly_rapport_builder]
      R16  buy $ 15,624.90   sel     $15,850.00   [strat=friendly_rapport_builder]
   run 6 done in 5.1 min

   run 7/30 on 2016 Cadillac CTS 3.6 Luxury  seed=20461426
      R 1  buy $ 28,253.99   sel     $33,500.00   [strat=friendly_rapport_builder] *
      R 2  buy $ 25,226.46   sel     $32,000.00   [strat=friendly_rapport_builder]
      R 3  buy $ 15,255.22   sel     $31,000.00   [strat=friendly_rapport_builder]
      R 4  buy $ 10,844.39   sel     $29,500.00   [strat=friendly_rapport_builder]
      R 5  buy $    631.71   sel     $28,500.00   [strat=friendly_rapport_builder]
      R 6  buy $ 17,311.06   sel     $27,500.00   [strat=friendly_rapport_builder]
      R 7  buy $ 22,934.69   sel     $26,500.00   [strat=friendly_rapport_builder]
      R 8  buy $ 12,537.71   sel     $25,500.00   [strat=friendly_rapport_builder]
      R 9  buy $ 24,017.62   sel     $25,000.00   [strat=friendly_rapport_builder]
      R10  buy $  4,506.65   sel     $24,500.00   [strat=friendly_rapport_builder]
      R11  buy $  9,563.25   sel     $23,500.00   [strat=friendly_rapport_builder]
      R12  buy $  2,562.92   sel     $22,000.00   [strat=friendly_rapport_builder]
      R13  buy $ 11,580.44   sel     $21,000.00   [strat=friendly_rapport_builder]
      R14  buy $ 13,809.19   sel     $20,000.00   [strat=friendly_rapport_builder]
      R15  buy $  5,894.99   sel     $19,500.00   [strat=friendly_rapport_builder]
      R16  buy $  3,525.12   sel     $19,000.00   [strat=friendly_rapport_builder]
   run 7 done in 5.9 min

   run 8/30 on 2016 Cadillac CTS 3.6 Luxury  seed=20461427
      R 1  buy $ 35,862.09   sel     $41,500.00   [strat=friendly_rapport_builder] *
      R 2  buy $  2,944.92   sel     $39,900.00   [strat=friendly_rapport_builder]
      R 3  buy $ 35,191.43   sel     $38,500.00   [strat=friendly_rapport_builder]
      R 4  buy $ 12,839.07   sel     $37,000.00   [strat=friendly_rapport_builder]
      R 5  buy $ 17,478.46   sel     $36,500.00   [strat=friendly_rapport_builder]
      R 6  buy $  7,605.94   sel     $35,500.00   [strat=friendly_rapport_builder]
      R 7  buy $ 21,203.85   sel     $34,500.00   [strat=friendly_rapport_builder]
      R 8  buy $ 10,389.10   sel     $34,000.00   [strat=friendly_rapport_builder]
      R 9  buy $    502.67   sel     $33,500.00   [strat=friendly_rapport_builder]
      R10  buy $ 25,061.68   sel     $32,000.00   [strat=friendly_rapport_builder]
      R11  buy $ 13,475.64   sel     $31,500.00   [strat=friendly_rapport_builder]
      R12  buy $ 20,731.25   sel     $30,500.00   [strat=friendly_rapport_builder]
      R13  buy $ 13,064.35   sel     $28,000.00   [strat=friendly_rapport_builder]
      R14  buy $  7,858.66   sel     $27,500.00   [strat=friendly_rapport_builder]
      R15  buy $  8,559.95   sel     $27,000.00   [strat=friendly_rapport_builder]
      R16  buy $ 11,069.66   sel     $26,500.00   [strat=friendly_rapport_builder]
   run 8 done in 6.3 min

   run 9/30 on 2016 Cadillac CTS 3.6 Luxury  seed=20461428
      R 1  buy $ 26,010.47   sel     $30,999.00   [strat=friendly_rapport_builder] *
      R 2  buy $ 23,551.20   sel     $28,500.00   [strat=friendly_rapport_builder]
      R 3  buy $ 15,656.46   sel     $27,200.00   [strat=friendly_rapport_builder]
      R 4  buy $ 20,037.98   sel     $25,500.00   [strat=friendly_rapport_builder]
      R 5  buy $ 22,801.52   sel     $24,500.00   [strat=friendly_rapport_builder]
      R 6  buy $ 12,015.14   sel     $23,900.00   [strat=friendly_rapport_builder]
      R 7  buy $  6,062.11   sel     $23,500.00   [strat=friendly_rapport_builder]
      R 8  buy $  6,204.02   sel     $23,000.00   [strat=friendly_rapport_builder]
      R 9  buy $  4,843.22   sel     $22,500.00   [strat=friendly_rapport_builder]
      R10  buy $ 12,837.31   sel     $21,500.00   [strat=friendly_rapport_builder]
      R11  buy $ 14,869.01   sel     $20,500.00   [strat=friendly_rapport_builder]
      R12  buy $ 13,438.40   sel     $19,999.00   [strat=friendly_rapport_builder]
      R13  buy $    471.58   sel     $19,500.00   [strat=friendly_rapport_builder]
      R14  buy $ 16,795.59   sel     $18,999.00   [strat=friendly_rapport_builder]
      R15  buy $  2,742.42   sel     $18,500.00   [strat=friendly_rapport_builder]
      R16  buy $  1,866.22   sel     $17,999.00   [strat=friendly_rapport_builder]
   run 9 done in 5.5 min

   run 10/30 on 2016 Cadillac CTS 3.6 Luxury  seed=20461429
      R 1  buy $  8,457.05   sel     $19,500.00   [strat=friendly_rapport_builder] *
      R 2  buy $ 11,113.59   sel     $18,250.00   [strat=friendly_rapport_builder]
      R 3  buy $  4,341.39   sel     $17,500.00   [strat=friendly_rapport_builder]
      R 4  buy $  9,435.00   sel     $16,900.00   [strat=friendly_rapport_builder]
      R 5  buy $  6,030.75   sel     $16,500.00   [strat=friendly_rapport_builder]
      R 6  buy $ 11,173.05   sel     $16,250.00   [strat=friendly_rapport_builder]
      R 7  buy $  2,875.43   sel     $16,000.00   [strat=friendly_rapport_builder]
      R 8  buy $  9,618.83   sel     $15,900.00   [strat=friendly_rapport_builder]
      R 9  buy $  2,975.06   sel     $15,850.00   [strat=friendly_rapport_builder]
      R10  buy $ 15,046.25   sel     $15,800.00   [strat=friendly_rapport_builder]
      R11  buy $  4,864.01   sel     $15,800.00   [strat=friendly_rapport_builder]
      R12  buy $ 11,790.01   sel     $15,750.00   [strat=friendly_rapport_builder]
      R13  buy $  8,669.43   sel     $15,750.00   [strat=friendly_rapport_builder]
      R14  buy $    387.36   sel     $15,750.00   [strat=friendly_rapport_builder]
      R15  buy $  4,628.79   sel     $15,750.00   [strat=friendly_rapport_builder]
      R16  buy $    563.22   sel     $15,750.00   [strat=friendly_rapport_builder]
   run 10 done in 5.0 min

   run 11/30 on 2016 Cadillac CTS 3.6 Luxury  seed=20461430
      R 1  buy $ 14,249.34   sel     $17,000.00   [strat=friendly_rapport_builder] *
      R 2  buy $  6,054.48   sel     $16,500.00   [strat=friendly_rapport_builder]
      R 3  buy $  8,144.26   sel     $16,000.00   [strat=friendly_rapport_builder]
      R 4  buy $  5,622.23   sel     $15,950.00   [strat=friendly_rapport_builder]
      R 5  buy $  3,780.99   sel     $15,900.00   [strat=friendly_rapport_builder]
      R 6  buy $ 12,409.84   sel     $15,850.00   [strat=friendly_rapport_builder]
      R 7  buy $    437.06   sel     $15,800.00   [strat=friendly_rapport_builder]
      R 8  buy $ 13,251.15   sel     $15,775.00   [strat=friendly_rapport_builder]
      R 9  buy $  5,481.69   sel     $15,700.00   [strat=friendly_rapport_builder]
      R10  buy $ 14,159.34   sel     $15,600.00   [strat=friendly_rapport_builder]
      R11  buy $  8,350.20   sel     $15,650.00   [strat=friendly_rapport_builder]
      R12  buy $ 12,593.56   sel     $15,600.00   [strat=friendly_rapport_builder]
      R13  buy $  6,120.96   sel     $15,550.00   [strat=friendly_rapport_builder]
      R14  buy $    542.35   sel     $15,500.00   [strat=friendly_rapport_builder]
      R15  buy $  3,534.77   sel     $15,750.00   [strat=friendly_rapport_builder]
      R16  buy $  1,114.72   sel     $15,800.00   [strat=friendly_rapport_builder]
   run 11 done in 6.6 min

   run 12/30 on 2016 Cadillac CTS 3.6 Luxury  seed=20461431
      R 1  buy $ 41,468.89   sel     $44,500.00   [strat=friendly_rapport_builder] *
      R 2  buy $ 16,639.34   sel     $42,000.00   [strat=friendly_rapport_builder]
      R 3  buy $      9.72   sel     $41,500.00   [strat=friendly_rapport_builder]
      R 4  buy $ 17,709.72   sel     $30,000.00   [strat=friendly_rapport_builder]
      R 5  buy $ 16,631.12   sel     $28,500.00   [strat=friendly_rapport_builder]
      R 6  buy $  5,240.71   sel     $26,000.00   [strat=friendly_rapport_builder]
      R 7  buy $  9,034.17   sel     $25,500.00   [strat=friendly_rapport_builder]
      R 8  buy $ 17,650.66   sel     $24,000.00   [strat=friendly_rapport_builder]
      R 9  buy $  6,002.33   sel     $23,500.00   [strat=friendly_rapport_builder]
      R10  buy $    924.95   sel     $22,500.00   [strat=friendly_rapport_builder]
      R11  buy $  7,547.39   sel     $21,000.00   [strat=friendly_rapport_builder]
      R12  buy $  4,312.45   sel     $20,000.00   [strat=friendly_rapport_builder]
      R13  buy $ 19,198.37   sel     $19,800.00   [strat=friendly_rapport_builder]
      R14  buy $ 15,435.62   sel     $18,500.00   [strat=friendly_rapport_builder]
      R15  buy $  7,685.49   sel     $17,500.00   [strat=friendly_rapport_builder]
      R16  buy $ 11,227.95   sel     $16,500.00   [strat=friendly_rapport_builder]
   run 12 done in 4.8 min

   run 13/30 on 2016 Cadillac CTS 3.6 Luxury  seed=20461432
      R 1  buy $ 42,893.00   sel     $44,500.00   [strat=friendly_rapport_builder] *
      R 2  buy $  1,609.96   sel     $44,000.00   [strat=friendly_rapport_builder]
      R 3  buy $ 33,333.76   sel     $43,000.00   [strat=friendly_rapport_builder]
      R 4  buy $ 16,205.62   sel     $42,250.00   [strat=friendly_rapport_builder]
      R 5  buy $ 16,083.96   sel     $42,000.00   [strat=friendly_rapport_builder]
      R 6  buy $ 27,205.97   sel     $41,500.00   [strat=friendly_rapport_builder]
      R 7  buy $ 38,040.14   sel     $40,750.00   [strat=friendly_rapport_builder]
      R 8  buy $ 21,239.66   sel     $39,500.00   [strat=friendly_rapport_builder]
      R 9  buy $ 32,168.02   sel     $39,000.00   [strat=friendly_rapport_builder]
      R10  buy $ 11,361.17   sel     $38,500.00   [strat=friendly_rapport_builder]
      R11  buy $ 34,737.18   sel     $37,000.00   [strat=friendly_rapport_builder]
      R12  buy $ 13,849.25   sel     $36,500.00   [strat=friendly_rapport_builder]
      R13  buy $ 30,651.18   sel     $35,500.00   [strat=friendly_rapport_builder]
      R14  buy $ 28,196.89   sel     $34,000.00   [strat=friendly_rapport_builder]
      R15  buy $ 12,382.80   sel     $33,500.00   [strat=friendly_rapport_builder]
      R16  buy $  7,188.19   sel     $33,000.00   [strat=friendly_rapport_builder]
   run 13 done in 5.1 min

   run 14/30 on 2016 Cadillac CTS 3.6 Luxury  seed=20461433
      R 1  buy $ 41,785.52   sel     $42,999.00   [strat=friendly_rapport_builder] *
      R 2  buy $ 34,376.49   sel     $40,999.00   [strat=friendly_rapport_builder]
      R 3  buy $  5,950.43   sel     $39,999.00   [strat=friendly_rapport_builder]
      R 4  buy $ 30,534.29   sel     $37,999.00   [strat=friendly_rapport_builder]
      R 5  buy $ 15,678.87   sel     $36,999.00   [strat=friendly_rapport_builder]
      R 6  buy $ 11,512.25   sel     $34,999.00   [strat=friendly_rapport_builder]
      R 7  buy $ 17,869.37   sel     $32,999.00   [strat=friendly_rapport_builder]
      R 8  buy $ 29,862.42   sel     $31,999.00   [strat=friendly_rapport_builder]
      R 9  buy $ 29,470.08   sel     $30,999.00   [strat=friendly_rapport_builder]
      R10  buy $ 29,404.03   sel     $30,499.00   [strat=friendly_rapport_builder]
      R11  buy $ 12,032.34   sel     $29,999.00   [strat=friendly_rapport_builder]
      R12  buy $  2,932.17   sel     $28,999.00   [strat=friendly_rapport_builder]
      R13  buy $  9,773.35   sel     $27,999.00   [strat=friendly_rapport_builder]
      R14  buy $  9,221.00   sel     $26,999.00   [strat=friendly_rapport_builder]
      R15  buy $ 20,167.34   sel     $25,999.00   [strat=friendly_rapport_builder]
      R16  buy $ 15,643.72   sel     $23,999.00   [strat=friendly_rapport_builder]
   run 14 done in 5.5 min

   run 15/30 on 2016 Cadillac CTS 3.6 Luxury  seed=20461434
      R 1  buy $ 42,838.21   sel     $44,000.00   [strat=friendly_rapport_builder] *
      R 2  buy $ 41,162.99   sel     $43,500.00   [strat=friendly_rapport_builder]
      R 3  buy $ 38,668.84   sel     $43,000.00   [strat=friendly_rapport_builder]
      R 4  buy $ 40,126.39   sel     $42,500.00   [strat=friendly_rapport_builder]
      R 5  buy $ 22,322.25   sel     $42,000.00   [strat=friendly_rapport_builder]
      R 6  buy $ 38,344.48   sel     $41,500.00   [strat=friendly_rapport_builder]
      R 7  buy $ 36,104.75   sel     $41,500.00   [strat=friendly_rapport_builder]
      R 8  buy $  5,736.29   sel     $41,000.00   [strat=friendly_rapport_builder]
      R 9  buy $ 13,874.43   sel     $40,500.00   [strat=friendly_rapport_builder]
      R10  buy $ 29,841.24   sel     $40,000.00   [strat=friendly_rapport_builder]
      R11  buy $ 22,220.09   sel     $39,500.00   [strat=friendly_rapport_builder]
      R12  buy $ 25,948.84   sel     $39,000.00   [strat=friendly_rapport_builder]
      R13  buy $ 30,332.41   sel     $38,500.00   [strat=friendly_rapport_builder]
      R14  buy $ 24,951.23   sel     $37,500.00   [strat=friendly_rapport_builder]
      R15  buy $ 26,144.33   sel     $37,000.00   [strat=friendly_rapport_builder]
      R16  buy $  5,227.14   sel     $36,500.00   [strat=friendly_rapport_builder]
   run 15 done in 5.2 min

   run 16/30 on 2016 Cadillac CTS 3.6 Luxury  seed=20461435
      R 1  buy $ 13,645.60   sel     $17,995.00   [strat=friendly_rapport_builder] *
      R 2  buy $  2,424.19   sel     $16,500.00   [strat=friendly_rapport_builder]
      R 3  buy $  3,163.68   sel     $15,999.00   [strat=friendly_rapport_builder]
      R 4  buy $  7,138.54   sel     $15,800.00   [strat=friendly_rapport_builder]
      R 5  buy $  9,664.86   sel     $15,500.00   [strat=friendly_rapport_builder]
      R 6  buy $ 11,441.52   sel     $15,300.00   [strat=friendly_rapport_builder]
      R 7  buy $  3,827.01   sel     $15,250.00   [strat=friendly_rapport_builder]
      R 8  buy $ 11,096.39   sel     $15,100.00   [strat=friendly_rapport_builder]
      R 9  buy $ 14,335.38   sel     $15,800.00   [strat=friendly_rapport_builder]
      R10  buy $  9,072.55   sel     $15,200.00   [strat=friendly_rapport_builder]
      R11  buy $  1,395.03   sel     $15,200.00   [strat=friendly_rapport_builder]
      R12  buy $  1,913.11   sel     $15,200.00   [strat=friendly_rapport_builder]
      R13  buy $  8,869.20   sel     $15,200.00   [strat=friendly_rapport_builder]
      R14  buy $  2,054.27   sel     $15,150.00   [strat=friendly_rapport_builder]
      R15  buy $ 13,916.38   sel     $15,100.00   [strat=friendly_rapport_builder]
      R16  buy $ 14,294.30   sel     $15,000.00   [strat=friendly_rapport_builder]
   run 16 done in 4.8 min

   run 17/30 on 2016 Cadillac CTS 3.6 Luxury  seed=20461436
      R 1  buy $ 33,448.05   sel     $41,500.00   [strat=friendly_rapport_builder] *
      R 2  buy $  4,964.01   sel     $39,500.00   [strat=friendly_rapport_builder]
      R 3  buy $  7,950.56   sel     $38,000.00   [strat=friendly_rapport_builder]
      R 4  buy $ 16,675.94   sel     $35,000.00   [strat=friendly_rapport_builder]
      R 5  buy $ 25,048.87   sel     $32,500.00   [strat=friendly_rapport_builder]
      R 6  buy $  8,340.62   sel     $29,500.00   [strat=friendly_rapport_builder]
      R 7  buy $  4,579.85   sel     $27,500.00   [strat=friendly_rapport_builder]
      R 8  buy $ 26,614.39   sel     $27,000.00   [strat=friendly_rapport_builder]
      R 9  buy $ 21,432.66   sel     $26,000.00   [strat=friendly_rapport_builder]
      R10  buy $ 15,724.57   sel     $25,500.00   [strat=friendly_rapport_builder]
      R11  buy $ 23,543.64   sel     $25,000.00   [strat=friendly_rapport_builder]
      R12  buy $ 21,450.54   sel     $24,500.00   [strat=friendly_rapport_builder]
      R13  buy $  1,527.06   sel     $24,000.00   [strat=friendly_rapport_builder]
      R14  buy $  1,875.24   sel     $23,500.00   [strat=friendly_rapport_builder]
      R15  buy $ 12,281.15   sel     $23,000.00   [strat=friendly_rapport_builder]
      R16  buy $ 17,605.19   sel     $22,000.00   [strat=friendly_rapport_builder]
   run 17 done in 4.2 min

   run 18/30 on 2016 Cadillac CTS 3.6 Luxury  seed=20461437
      R 1  buy $  9,888.45   sel     $19,995.00   [strat=friendly_rapport_builder] *
      R 2  buy $  8,326.38   sel     $18,500.00   [strat=friendly_rapport_builder]
      R 3  buy $  6,338.48   sel     $17,500.00   [strat=friendly_rapport_builder]
      R 4  buy $ 16,189.59   sel     $16,600.00   [strat=friendly_rapport_builder]
      R 5  buy $  7,007.35   sel     $16,500.00   [strat=friendly_rapport_builder]
      R 6  buy $  5,244.91   sel     $16,250.00   [strat=friendly_rapport_builder]
      R 7  buy $  6,683.40   sel     $16,200.00   [strat=friendly_rapport_builder]
      R 8  buy $  8,980.27   sel     $16,100.00   [strat=friendly_rapport_builder]
      R 9  buy $ 13,079.18   sel     $15,900.00   [strat=friendly_rapport_builder]
      R10  buy $  3,906.60   sel     $15,800.00   [strat=friendly_rapport_builder]
      R11  buy $  8,352.88   sel     $15,700.00   [strat=friendly_rapport_builder]
      R12  buy $  2,299.02   sel     $15,600.00   [strat=friendly_rapport_builder]
      R13  buy $  3,626.39   sel     $15,500.00   [strat=friendly_rapport_builder]
      R14  buy $  2,110.16   sel     $15,400.00   [strat=friendly_rapport_builder]
      R15  buy $ 12,441.64   sel     $15,300.00   [strat=friendly_rapport_builder]
      R16  buy $  6,518.77   sel     $15,200.00   [strat=friendly_rapport_builder]
   run 18 done in 5.0 min

   run 19/30 on 2016 Cadillac CTS 3.6 Luxury  seed=20461438
      R 1  buy $ 13,771.37   sel     $16,500.00   [strat=friendly_rapport_builder] *
      R 2  buy $  6,339.30   sel     $15,000.00   [strat=friendly_rapport_builder]
      R 3  buy $ 12,817.04   sel     $14,500.00   [strat=friendly_rapport_builder]
      R 4  buy $ 11,203.46   sel     $14,000.00   [strat=friendly_rapport_builder]
      R 5  buy $  8,549.35   sel     $13,500.00   [strat=friendly_rapport_builder]
      R 6  buy $  2,395.51   sel     $13,000.00   [strat=friendly_rapport_builder]
      R 7  buy $  7,051.22   sel     $12,750.00   [strat=friendly_rapport_builder]
      R 8  buy $  5,575.74   sel     $12,500.00   [strat=friendly_rapport_builder]
      R 9  buy $  3,453.05   sel     $12,250.00   [strat=friendly_rapport_builder]
      R10  buy $  2,669.56   sel     $12,000.00   [strat=friendly_rapport_builder]
      R11  buy $    338.11   sel     $12,000.00   [strat=friendly_rapport_builder]
      R12  buy $  5,098.91   sel     $11,900.00   [strat=friendly_rapport_builder]
      R13  buy $  6,738.31   sel     $11,800.00   [strat=friendly_rapport_builder]
      R14  buy $  6,999.70   sel     $11,700.00   [strat=friendly_rapport_builder]
      R15  buy $ 11,500.50   sel     $11,650.00   [strat=friendly_rapport_builder]
      R16  buy $  9,918.13   sel     $11,600.00   [strat=friendly_rapport_builder]
   run 19 done in 4.9 min

   run 20/30 on 2016 Cadillac CTS 3.6 Luxury  seed=20461439
      R 1  buy $ 19,969.35   sel     $21,500.00   [strat=friendly_rapport_builder] *
      R 2  buy $ 16,003.13   sel     $20,500.00   [strat=friendly_rapport_builder]
      R 3  buy $ 10,433.39   sel     $19,500.00   [strat=friendly_rapport_builder]
      R 4  buy $ 12,689.63   sel     $18,500.00   [strat=friendly_rapport_builder]
      R 5  buy $ 15,702.75   sel     $17,500.00   [strat=friendly_rapport_builder]
      R 6  buy $ 16,616.57   sel     $16,800.00   [strat=friendly_rapport_builder]
      R 7  buy $ 14,510.72   sel     $16,500.00   [strat=friendly_rapport_builder]
      R 8  buy $  8,514.08   sel     $16,500.00   [strat=friendly_rapport_builder]
      R 9  buy $  4,436.29   sel     $16,250.00   [strat=friendly_rapport_builder]
      R10  buy $  5,354.72   sel     $16,000.00   [strat=friendly_rapport_builder]
      R11  buy $ 13,615.43   sel     $15,800.00   [strat=friendly_rapport_builder]
      R12  buy $  4,360.56   sel     $15,800.00   [strat=friendly_rapport_builder]
      R13  buy $ 11,536.70   sel     $15,600.00   [strat=friendly_rapport_builder]
      R14  buy $  6,487.30   sel     $15,800.00   [strat=friendly_rapport_builder]
      R15  buy $  8,368.10   sel     $15,600.00   [strat=friendly_rapport_builder]
      R16  buy $  9,001.90   sel     $15,500.00   [strat=friendly_rapport_builder]
   run 20 done in 5.6 min

   run 21/30 on 2016 Cadillac CTS 3.6 Luxury  seed=20461440
      R 1  buy $ 21,506.39   sel     $24,995.00   [strat=friendly_rapport_builder] *
      R 2  buy $ 12,272.87   sel     $22,500.00   [strat=friendly_rapport_builder]
      R 3  buy $ 20,008.03   sel     $21,500.00   [strat=friendly_rapport_builder]
      R 4  buy $  2,354.63   sel     $20,800.00   [strat=friendly_rapport_builder]
      R 5  buy $  7,534.73   sel     $20,500.00   [strat=friendly_rapport_builder]
      R 6  buy $ 20,015.34   sel     $20,250.00   [strat=friendly_rapport_builder]
      R 7  buy $ 20,198.09   sel     $20,200.00   [strat=friendly_rapport_builder]
      R 8  buy $ 19,378.19   sel     $19,995.00   [strat=friendly_rapport_builder]
      R 9  buy $ 19,009.57   sel     $19,500.00   [strat=friendly_rapport_builder]
      R10  buy $  4,058.10   sel     $19,250.00   [strat=friendly_rapport_builder]
      R11  buy $  9,961.31   sel     $18,900.00   [strat=friendly_rapport_builder]
      R12  buy $ 12,449.36   sel     $18,500.00   [strat=friendly_rapport_builder]
      R13  buy $  1,449.19   sel     $18,000.00   [strat=friendly_rapport_builder]
      R14  buy $  4,951.14   sel     $17,500.00   [strat=friendly_rapport_builder]
      R15  buy $ 10,281.16   sel     $16,500.00   [strat=friendly_rapport_builder]
      R16  buy $ 13,977.75   sel     $16,000.00   [strat=friendly_rapport_builder]
   run 21 done in 4.6 min

   run 22/30 on 2016 Cadillac CTS 3.6 Luxury  seed=20461441
      R 1  buy $ 20,122.58   sel     $26,000.00   [strat=friendly_rapport_builder] *
      R 2  buy $ 12,277.76   sel     $25,000.00   [strat=friendly_rapport_builder]
      R 3  buy $  2,613.24   sel     $24,500.00   [strat=friendly_rapport_builder]
      R 4  buy $  9,246.33   sel     $23,500.00   [strat=friendly_rapport_builder]
      R 5  buy $  3,056.61   sel     $22,500.00   [strat=friendly_rapport_builder]
      R 6  buy $ 17,680.51   sel     $19,500.00   [strat=friendly_rapport_builder]
      R 7  buy $  2,045.90   sel     $18,500.00   [strat=friendly_rapport_builder]
      R 8  buy $    486.64   sel     $18,000.00   [strat=friendly_rapport_builder]
      R 9  buy $  4,038.67   sel     $17,500.00   [strat=friendly_rapport_builder]
      R10  buy $  1,000.76   sel     $17,000.00   [strat=friendly_rapport_builder]
      R11  buy $ 13,263.95   sel     $16,500.00   [strat=friendly_rapport_builder]
      R12  buy $  3,947.96   sel     $16,000.00   [strat=friendly_rapport_builder]
      R13  buy $  8,821.73   sel     $15,900.00   [strat=friendly_rapport_builder]
      R14  buy $ 10,881.16   sel     $15,800.00   [strat=friendly_rapport_builder]
      R15  buy $  1,501.99   sel     $15,700.00   [strat=friendly_rapport_builder]
      R16  buy $  5,491.01   sel     $15,600.00   [strat=friendly_rapport_builder]
   run 22 done in 5.4 min

   run 23/30 on 2016 Cadillac CTS 3.6 Luxury  seed=20461442
      R 1  buy $ 42,426.01   sel     $44,995.00   [strat=friendly_rapport_builder] *
      R 2  buy $ 24,413.49   sel     $43,995.00   [strat=friendly_rapport_builder]
      R 3  buy $ 27,151.75   sel     $42,750.00   [strat=friendly_rapport_builder]
      R 4  buy $ 29,298.99   sel     $41,500.00   [strat=friendly_rapport_builder]
      R 5  buy $ 23,655.17   sel     $40,500.00   [strat=friendly_rapport_builder]
      R 6  buy $ 31,632.76   sel     $39,500.00   [strat=friendly_rapport_builder]
      R 7  buy $ 12,070.69   sel     $38,500.00   [strat=friendly_rapport_builder]
      R 8  buy $  7,821.28   sel     $37,500.00   [strat=friendly_rapport_builder]
      R 9  buy $ 18,888.67   sel     $36,000.00   [strat=friendly_rapport_builder]
      R10  buy $  9,549.23   sel     $35,000.00   [strat=friendly_rapport_builder]
      R11  buy $  9,637.50   sel     $34,500.00   [strat=friendly_rapport_builder]
      R12  buy $  5,808.97   sel     $34,000.00   [strat=friendly_rapport_builder]
      R13  buy $ 31,110.25   sel     $31,110.25   [strat=friendly_rapport_builder]
      R14  buy $  7,159.97   sel     $33,500.00   [strat=friendly_rapport_builder]
      R15  buy $ 30,126.63   sel     $30,500.00   [strat=friendly_rapport_builder]
      R16  buy $ 15,109.60   sel     $29,500.00   [strat=friendly_rapport_builder]
   run 23 done in 4.5 min

   run 24/30 on 2016 Cadillac CTS 3.6 Luxury  seed=20461443
      R 1  buy $ 38,410.03   sel     $41,500.00   [strat=friendly_rapport_builder] *
      R 2  buy $ 40,166.31   sel     $40,500.00   [strat=friendly_rapport_builder]
      R 3  buy $ 13,544.68   sel     $39,900.00   [strat=friendly_rapport_builder]
      R 4  buy $ 33,229.00   sel     $38,500.00   [strat=friendly_rapport_builder]
      R 5  buy $ 19,048.72   sel     $37,900.00   [strat=friendly_rapport_builder]
      R 6  buy $ 19,087.14   sel     $37,500.00   [strat=friendly_rapport_builder]
      R 7  buy $  6,924.73   sel     $37,000.00   [strat=friendly_rapport_builder]
      R 8  buy $ 32,650.46   sel     $36,500.00   [strat=friendly_rapport_builder]
      R 9  buy $ 23,644.20   sel     $35,500.00   [strat=friendly_rapport_builder]
      R10  buy $  2,043.34   sel     $35,000.00   [strat=friendly_rapport_builder]
      R11  buy $  8,074.73   sel     $34,500.00   [strat=friendly_rapport_builder]
      R12  buy $ 24,307.94   sel     $34,000.00   [strat=friendly_rapport_builder]
      R13  buy $ 29,154.26   sel     $33,000.00   [strat=friendly_rapport_builder]
      R14  buy $ 14,735.26   sel     $32,500.00   [strat=friendly_rapport_builder]
      R15  buy $  9,641.57   sel     $32,000.00   [strat=friendly_rapport_builder]
      R16  buy $ 15,862.77   sel     $31,500.00   [strat=friendly_rapport_builder]
   run 24 done in 4.6 min

   run 25/30 on 2016 Cadillac CTS 3.6 Luxury  seed=20461444
      R 1  buy $ 31,663.64   sel     $33,000.00   [strat=friendly_rapport_builder] *
      R 2  buy $ 15,298.22   sel     $32,000.00   [strat=friendly_rapport_builder]
      R 3  buy $  9,324.11   sel     $25,000.00   [strat=friendly_rapport_builder]
      R 4  buy $ 22,935.74   sel     $23,500.00   [strat=friendly_rapport_builder]
      R 5  buy $  1,858.98   sel     $24,000.00   [strat=friendly_rapport_builder]
      R 6  buy $ 12,361.65   sel     $23,500.00   [strat=friendly_rapport_builder]
      R 7  buy $  7,630.91   sel     $22,500.00   [strat=friendly_rapport_builder]
      R 8  buy $ 15,128.38   sel     $21,000.00   [strat=friendly_rapport_builder]
      R 9  buy $ 12,580.44   sel     $19,500.00   [strat=friendly_rapport_builder]
      R10  buy $ 12,200.06   sel     $19,000.00   [strat=friendly_rapport_builder]
      R11  buy $  5,851.49   sel     $18,500.00   [strat=friendly_rapport_builder]
      R12  buy $  2,570.97   sel     $18,000.00   [strat=friendly_rapport_builder]
      R13  buy $ 13,876.53   sel     $17,500.00   [strat=friendly_rapport_builder]
      R14  buy $ 15,433.21   sel     $16,250.00   [strat=friendly_rapport_builder]
      R15  buy $  8,086.70   sel     $16,000.00   [strat=friendly_rapport_builder]
      R16  buy $ 11,659.83   sel     $15,900.00   [strat=friendly_rapport_builder]
   run 25 done in 4.9 min

   run 26/30 on 2016 Cadillac CTS 3.6 Luxury  seed=20461445
      R 1  buy $  2,530.58   sel     $38,500.00   [strat=friendly_rapport_builder] *
      R 2  buy $ 13,689.41   sel     $28,500.00   [strat=friendly_rapport_builder]
      R 3  buy $  1,088.08   sel     $26,500.00   [strat=friendly_rapport_builder]
      R 4  buy $  3,319.09   sel     $24,000.00   [strat=friendly_rapport_builder]
      R 5  buy $  5,606.27   sel     $22,000.00   [strat=friendly_rapport_builder]
      R 6  buy $ 14,581.95   sel     $21,000.00   [strat=friendly_rapport_builder]
      R 7  buy $  4,660.67   sel     $20,500.00   [strat=friendly_rapport_builder]
      R 8  buy $ 16,816.62   sel     $19,500.00   [strat=friendly_rapport_builder]
      R 9  buy $ 10,510.67   sel     $18,500.00   [strat=friendly_rapport_builder]
      R10  buy $  7,552.42   sel     $17,500.00   [strat=friendly_rapport_builder]
      R11  buy $  1,969.01   sel     $16,500.00   [strat=friendly_rapport_builder]
      R12  buy $  3,549.33   sel     $16,000.00   [strat=friendly_rapport_builder]
      R13  buy $  3,985.66   sel     $15,900.00   [strat=friendly_rapport_builder]
      R14  buy $  8,075.73   sel     $15,850.00   [strat=friendly_rapport_builder]
      R15  buy $  2,157.91   sel     $15,800.00   [strat=friendly_rapport_builder]
      R16  buy $  2,128.08   sel     $15,800.00   [strat=friendly_rapport_builder]
   run 26 done in 6.6 min

   run 27/30 on 2016 Cadillac CTS 3.6 Luxury  seed=20461446
      R 1  buy $ 17,396.48   sel     $19,500.00   [strat=friendly_rapport_builder] *
      R 2  buy $  3,409.98   sel     $19,500.00   [strat=friendly_rapport_builder]
      R 3  buy $  7,943.47   sel     $18,750.00   [strat=friendly_rapport_builder]
      R 4  buy $ 17,272.50   sel     $17,800.00   [strat=friendly_rapport_builder]
      R 5  buy $  2,640.96   sel     $17,800.00   [strat=friendly_rapport_builder]
      R 6  buy $    296.86   sel     $17,800.00   [strat=friendly_rapport_builder]
      R 7  buy $ 14,652.23   sel     $16,900.00   [strat=friendly_rapport_builder]
      R 8  buy $ 13,701.47   sel     $16,500.00   [strat=friendly_rapport_builder]
      R 9  buy $  7,027.11   sel     $16,500.00   [strat=friendly_rapport_builder]
      R10  buy $  4,135.99   sel     $16,000.00   [strat=friendly_rapport_builder]
      R11  buy $  1,943.16   sel     $15,900.00   [strat=friendly_rapport_builder]
      R12  buy $ 14,629.38   sel     $15,500.00   [strat=friendly_rapport_builder]
      R13  buy $ 13,138.40   sel     $15,750.00   [strat=friendly_rapport_builder]
      R14  buy $  2,402.29   sel     $15,750.00   [strat=friendly_rapport_builder]
      R15  buy $  8,626.23   sel     $15,750.00   [strat=friendly_rapport_builder]
      R16  buy $  8,600.46   sel     $15,750.00   [strat=friendly_rapport_builder]
   run 27 done in 6.2 min

   run 28/30 on 2016 Cadillac CTS 3.6 Luxury  seed=20461447
      R 1  buy $ 23,581.44   sel     $31,500.00   [strat=friendly_rapport_builder] *
      R 2  buy $ 12,758.27   sel     $30,500.00   [strat=friendly_rapport_builder]
      R 3  buy $    112.54   sel     $29,500.00   [strat=friendly_rapport_builder]
      R 4  buy $  5,739.70   sel     $28,500.00   [strat=friendly_rapport_builder]
      R 5  buy $  4,927.21   sel     $27,500.00   [strat=friendly_rapport_builder]
      R 6  buy $  3,168.59   sel     $27,000.00   [strat=friendly_rapport_builder]
      R 7  buy $ 23,154.95   sel     $25,000.00   [strat=friendly_rapport_builder]
      R 8  buy $  8,137.89   sel     $24,500.00   [strat=friendly_rapport_builder]
      R 9  buy $  4,785.31   sel     $23,500.00   [strat=friendly_rapport_builder]
      R10  buy $  2,791.79   sel     $23,400.00   [strat=friendly_rapport_builder]
      R11  buy $ 16,561.11   sel     $22,000.00   [strat=friendly_rapport_builder]
      R12  buy $    781.73   sel     $21,500.00   [strat=friendly_rapport_builder]
      R13  buy $ 19,559.01   sel     $20,000.00   [strat=friendly_rapport_builder]
      R14  buy $  3,121.57   sel     $19,800.00   [strat=friendly_rapport_builder]
      R15  buy $  3,624.23   sel     $19,500.00   [strat=friendly_rapport_builder]
      R16  buy $  1,814.07   sel     $19,400.00   [strat=friendly_rapport_builder]
   run 28 done in 5.7 min

   run 29/30 on 2016 Cadillac CTS 3.6 Luxury  seed=20461448
      R 1  buy $ 15,914.54   sel     $16,499.99   [strat=friendly_rapport_builder] *
      R 2  buy $  7,291.02   sel     $16,499.99   [strat=friendly_rapport_builder]
      R 3  buy $ 13,849.09   sel     $15,999.00   [strat=friendly_rapport_builder]
      R 4  buy $ 11,665.02   sel     $15,899.00   [strat=friendly_rapport_builder]
      R 5  buy $  2,920.16   sel     $15,850.00   [strat=friendly_rapport_builder]
      R 6  buy $ 14,541.39   sel     $15,800.00   [strat=friendly_rapport_builder]
      R 7  buy $  4,287.98   sel     $15,750.00   [strat=friendly_rapport_builder]
      R 8  buy $  2,208.35   sel     $15,750.00   [strat=friendly_rapport_builder]
      R 9  buy $  4,849.19   sel     $15,750.00   [strat=friendly_rapport_builder]
      R10  buy $  1,346.76   sel     $15,750.00   [strat=friendly_rapport_builder]
      R11  buy $ 11,263.90   sel     $15,750.00   [strat=friendly_rapport_builder]
      R12  buy $ 10,833.68   sel     $15,750.00   [strat=friendly_rapport_builder]
      R13  buy $  3,234.67   sel     $15,750.00   [strat=friendly_rapport_builder]
      R14  buy $  4,979.50   sel     $15,750.00   [strat=friendly_rapport_builder]
      R15  buy $  7,707.59   sel     $15,750.00   [strat=friendly_rapport_builder]
      R16  buy $  9,429.17   sel     $15,750.00   [strat=friendly_rapport_builder]
   run 29 done in 4.7 min

   run 30/30 on 2016 Cadillac CTS 3.6 Luxury  seed=20461449
      R 1  buy $ 14,191.53   sel     $18,500.00   [strat=friendly_rapport_builder] *
      R 2  buy $  8,208.93   sel     $18,000.00   [strat=friendly_rapport_builder]
      R 3  buy $  4,611.45   sel     $17,500.00   [strat=friendly_rapport_builder]
      R 4  buy $ 13,910.55   sel     $16,500.00   [strat=friendly_rapport_builder]
      R 5  buy $  2,760.98   sel     $16,500.00   [strat=friendly_rapport_builder]
      R 6  buy $    103.88   sel     $16,500.00   [strat=friendly_rapport_builder]
      R 7  buy $  3,046.11   sel     $16,500.00   [strat=friendly_rapport_builder]
      R 8  buy $ 16,163.46   sel     $16,350.00   [strat=friendly_rapport_builder]
      R 9  buy $  3,162.25   sel     $16,500.00   [strat=friendly_rapport_builder]
      R10  buy $     99.75   sel     $16,350.00   [strat=friendly_rapport_builder]
      R11  buy $  3,080.48   sel     $16,350.00   [strat=friendly_rapport_builder]
      R12  buy $ 13,578.88   sel     $16,000.00   [strat=friendly_rapport_builder]
      R13  buy $ 13,716.72   sel     $15,800.00   [strat=friendly_rapport_builder]
      R14  buy $  2,635.79   sel     $15,800.00   [strat=friendly_rapport_builder]
      R15  buy $  7,206.49   sel     $15,700.00   [strat=friendly_rapport_builder]
      R16  buy $ 10,731.43   sel     $15,800.00   [strat=friendly_rapport_builder]
   run 30 done in 5.6 min

   ---> checkpoint: car 2/5 done in 162.1 min; total so far 352.1 min; saved 60 runs to exp02_fixed_friendly_rapport_builder.json

--- CAR 3/5: 2019 Honda Accord Sport 1.5T  (M=$28,000.00  cost=$14,000.00  cost/M=50.00%) ---

   run 1/30 on 2019 Honda Accord Sport 1.5T  seed=20462420
      R 1  buy $ 19,407.91   sel     $25,995.00   [strat=friendly_rapport_builder] *
      R 2  buy $ 13,932.00   sel     $22,500.00   [strat=friendly_rapport_builder]
      R 3  buy $  4,930.62   sel     $20,000.00   [strat=friendly_rapport_builder]
      R 4  buy $ 19,702.43   sel     $19,850.00   [strat=friendly_rapport_builder]
      R 5  buy $  1,724.04   sel     $19,800.00   [strat=friendly_rapport_builder]
      R 6  buy $ 13,016.98   sel     $18,500.00   [strat=friendly_rapport_builder]
      R 7  buy $  4,081.47   sel     $17,500.00   [strat=friendly_rapport_builder]
      R 8  buy $    668.17   sel     $16,500.00   [strat=friendly_rapport_builder]
      R 9  buy $  7,446.74   sel     $16,000.00   [strat=friendly_rapport_builder]
      R10  buy $ 11,095.37   sel     $15,500.00   [strat=friendly_rapport_builder]
      R11  buy $  8,434.11   sel     $15,000.00   [strat=friendly_rapport_builder]
      R12  buy $  9,891.26   sel     $14,500.00   [strat=friendly_rapport_builder]
      R13  buy $  2,678.89   sel     $14,250.00   [strat=friendly_rapport_builder]
      R14  buy $  9,078.35   sel     $14,100.00   [strat=friendly_rapport_builder]
      R15  buy $  2,259.90   sel     $14,000.00   [strat=friendly_rapport_builder]
      R16  buy $ 12,908.63   sel     $14,000.00   [strat=friendly_rapport_builder]
   run 1 done in 4.6 min

   run 2/30 on 2019 Honda Accord Sport 1.5T  seed=20462421
      R 1  buy $ 20,682.17   sel     $24,500.00   [strat=friendly_rapport_builder] *
      R 2  buy $  7,550.63   sel     $23,500.00   [strat=friendly_rapport_builder]
      R 3  buy $ 22,917.41   sel     $23,000.00   [strat=friendly_rapport_builder]
      R 4  buy $    547.81   sel     $22,500.00   [strat=friendly_rapport_builder]
      R 5  buy $  4,837.39   sel     $22,000.00   [strat=friendly_rapport_builder]
      R 6  buy $ 14,361.00   sel     $19,500.00   [strat=friendly_rapport_builder]
      R 7  buy $ 13,266.14   sel     $16,900.00   [strat=friendly_rapport_builder]
      R 8  buy $    227.40   sel     $15,500.00   [strat=friendly_rapport_builder]
      R 9  buy $  9,605.05   sel     $14,900.00   [strat=friendly_rapport_builder]
      R10  buy $    355.71   sel     $14,100.00   [strat=friendly_rapport_builder]
      R11  buy $  4,535.87   sel     $14,361.00   [strat=friendly_rapport_builder]
      R12  buy $ 11,506.69   sel     $14,361.00   [strat=friendly_rapport_builder]
      R13  buy $  9,542.03   sel     $13,900.00   [strat=friendly_rapport_builder]
      R14  buy $     41.06   sel     $14,200.00   [strat=friendly_rapport_builder]
      R15  buy $  6,343.90   sel     $14,100.00   [strat=friendly_rapport_builder]
      R16  buy $  1,588.26   sel     $14,100.00   [strat=friendly_rapport_builder]
   run 2 done in 6.2 min

   run 3/30 on 2019 Honda Accord Sport 1.5T  seed=20462422
      R 1  buy $  9,420.09   sel     $16,499.00   [strat=friendly_rapport_builder] *
      R 2  buy $ 15,441.34   sel     $16,000.00   [strat=friendly_rapport_builder]
      R 3  buy $  8,641.19   sel     $15,999.00   [strat=friendly_rapport_builder]
      R 4  buy $ 10,535.47   sel     $15,800.00   [strat=friendly_rapport_builder]
      R 5  buy $ 11,432.38   sel     $15,600.00   [strat=friendly_rapport_builder]
      R 6  buy $  9,694.01   sel     $15,590.00   [strat=friendly_rapport_builder]
      R 7  buy $  4,903.95   sel     $15,500.00   [strat=friendly_rapport_builder]
      R 8  buy $  5,476.35   sel     $15,499.00   [strat=friendly_rapport_builder]
      R 9  buy $ 11,949.35   sel     $15,490.00   [strat=friendly_rapport_builder]
      R10  buy $ 10,799.35   sel     $15,480.00   [strat=friendly_rapport_builder]
      R11  buy $    550.18   sel     $15,470.00   [strat=friendly_rapport_builder]
      R12  buy $ 10,634.63   sel     $15,460.00   [strat=friendly_rapport_builder]
      R13  buy $  9,334.20   sel     $15,440.00   [strat=friendly_rapport_builder]
      R14  buy $ 10,618.13   sel     $15,430.00   [strat=friendly_rapport_builder]
      R15  buy $  9,850.52   sel     $15,420.00   [strat=friendly_rapport_builder]
      R16  buy $  8,986.90   sel     $15,410.00   [strat=friendly_rapport_builder]
   run 3 done in 4.6 min

   run 4/30 on 2019 Honda Accord Sport 1.5T  seed=20462423
      R 1  buy $ 26,298.98   sel     $27,500.00   [strat=friendly_rapport_builder] *
      R 2  buy $ 24,593.60   sel     $26,998.00   [strat=friendly_rapport_builder]
      R 3  buy $ 19,944.75   sel     $25,500.00   [strat=friendly_rapport_builder]
      R 4  buy $ 11,456.79   sel     $25,500.00   [strat=friendly_rapport_builder]
      R 5  buy $  9,372.65   sel     $25,500.00   [strat=friendly_rapport_builder]
      R 6  buy $ 15,271.76   sel     $24,000.00   [strat=friendly_rapport_builder]
      R 7  buy $ 17,741.64   sel     $23,500.00   [strat=friendly_rapport_builder]
      R 8  buy $ 19,772.74   sel     $22,000.00   [strat=friendly_rapport_builder]
      R 9  buy $ 13,823.17   sel     $22,000.00   [strat=friendly_rapport_builder]
      R10  buy $ 12,922.32   sel     $21,500.00   [strat=friendly_rapport_builder]
      R11  buy $  2,905.95   sel     $21,000.00   [strat=friendly_rapport_builder]
      R12  buy $  8,583.12   sel     $20,500.00   [strat=friendly_rapport_builder]
      R13  buy $ 12,340.63   sel     $19,000.00   [strat=friendly_rapport_builder]
      R14  buy $  2,475.74   sel     $18,500.00   [strat=friendly_rapport_builder]
      R15  buy $ 11,077.08   sel     $17,000.00   [strat=friendly_rapport_builder]
      R16  buy $  3,384.20   sel     $15,500.00   [strat=friendly_rapport_builder]
   run 4 done in 4.9 min

   run 5/30 on 2019 Honda Accord Sport 1.5T  seed=20462424
      R 1  buy $ 23,702.09   sel     $25,000.00   [strat=friendly_rapport_builder] *
      R 2  buy $  8,011.02   sel     $25,000.00   [strat=friendly_rapport_builder]
      R 3  buy $  3,466.08   sel     $25,000.00   [strat=friendly_rapport_builder]
      R 4  buy $ 23,957.26   sel     $23,957.26   [strat=friendly_rapport_builder]
      R 5  buy $ 11,238.66   sel     $23,500.00   [strat=friendly_rapport_builder]
      R 6  buy $ 17,936.68   sel     $21,000.00   [strat=friendly_rapport_builder]
      R 7  buy $  2,757.68   sel     $20,500.00   [strat=friendly_rapport_builder]
      R 8  buy $  9,423.62   sel     $19,000.00   [strat=friendly_rapport_builder]
      R 9  buy $  3,498.11   sel     $18,500.00   [strat=friendly_rapport_builder]
      R10  buy $ 16,198.71   sel     $17,500.00   [strat=friendly_rapport_builder]
      R11  buy $  7,521.69   sel     $16,500.00   [strat=friendly_rapport_builder]
      R12  buy $  1,522.99   sel     $16,000.00   [strat=friendly_rapport_builder]
      R13  buy $    690.76   sel     $15,500.00   [strat=friendly_rapport_builder]
      R14  buy $  3,221.09   sel     $15,000.00   [strat=friendly_rapport_builder]
      R15  buy $  5,079.43   sel     $14,500.00   [strat=friendly_rapport_builder]
      R16  buy $ 11,682.89   sel     $14,250.00   [strat=friendly_rapport_builder]
   run 5 done in 5.0 min

   run 6/30 on 2019 Honda Accord Sport 1.5T  seed=20462425
      R 1  buy $ 15,288.47   sel     $19,500.00   [strat=friendly_rapport_builder] *
      R 2  buy $  3,252.25   sel     $17,000.00   [strat=friendly_rapport_builder]
      R 3  buy $ 12,384.07   sel     $15,500.00   [strat=friendly_rapport_builder]
      R 4  buy $ 10,640.88   sel     $14,500.00   [strat=friendly_rapport_builder]
      R 5  buy $  7,847.71   sel     $13,800.00   [strat=friendly_rapport_builder]
      R 6  buy $  6,859.61   sel     $14,200.00   [strat=friendly_rapport_builder]
      R 7  buy $  2,390.25   sel     $14,000.00   [strat=friendly_rapport_builder]
      R 8  buy $ 10,194.80   sel     $14,000.00   [strat=friendly_rapport_builder]
      R 9  buy $  2,998.57   sel     $14,000.00   [strat=friendly_rapport_builder]
      R10  buy $    828.89   sel     $14,000.00   [strat=friendly_rapport_builder]
      R11  buy $ 11,587.24   sel     $14,000.00   [strat=friendly_rapport_builder]
      R12  buy $    269.62   sel     $14,000.00   [strat=friendly_rapport_builder]
      R13  buy $  4,842.33   sel     $14,000.00   [strat=friendly_rapport_builder]
      R14  buy $  6,381.69   sel     $14,000.00   [strat=friendly_rapport_builder]
      R15  buy $ 11,556.23   sel     $14,000.00   [strat=friendly_rapport_builder]
      R16  buy $    107.49   sel     $14,000.00   [strat=friendly_rapport_builder]
   run 6 done in 5.3 min

   run 7/30 on 2019 Honda Accord Sport 1.5T  seed=20462426
      R 1  buy $ 20,696.58   sel     $25,000.00   [strat=friendly_rapport_builder] *
      R 2  buy $ 15,035.02   sel     $24,500.00   [strat=friendly_rapport_builder]
      R 3  buy $  9,796.54   sel     $23,500.00   [strat=friendly_rapport_builder]
      R 4  buy $ 12,131.52   sel     $22,500.00   [strat=friendly_rapport_builder]
      R 5  buy $ 22,269.61   sel     $22,269.61   [strat=friendly_rapport_builder]
      R 6  buy $  2,988.13   sel     $21,500.00   [strat=friendly_rapport_builder]
      R 7  buy $  6,980.97   sel     $21,000.00   [strat=friendly_rapport_builder]
      R 8  buy $ 13,290.59   sel     $20,500.00   [strat=friendly_rapport_builder]
      R 9  buy $ 18,360.51   sel     $19,500.00   [strat=friendly_rapport_builder]
      R10  buy $  4,763.05   sel     $20,000.00   [strat=friendly_rapport_builder]
      R11  buy $  5,041.68   sel     $19,000.00   [strat=friendly_rapport_builder]
      R12  buy $ 13,211.62   sel     $18,000.00   [strat=friendly_rapport_builder]
      R13  buy $ 14,573.00   sel     $17,000.00   [strat=friendly_rapport_builder]
      R14  buy $  6,034.11   sel     $16,500.00   [strat=friendly_rapport_builder]
      R15  buy $  6,639.62   sel     $16,000.00   [strat=friendly_rapport_builder]
      R16  buy $  6,875.89   sel     $15,500.00   [strat=friendly_rapport_builder]
   run 7 done in 5.8 min

   run 8/30 on 2019 Honda Accord Sport 1.5T  seed=20462427
      R 1  buy $  9,731.09   sel     $19,500.00   [strat=friendly_rapport_builder] *
      R 2  buy $  6,084.24   sel     $18,500.00   [strat=friendly_rapport_builder]
      R 3  buy $ 16,163.23   sel     $17,000.00   [strat=friendly_rapport_builder]
      R 4  buy $ 12,320.91   sel     $16,500.00   [strat=friendly_rapport_builder]
      R 5  buy $ 10,956.96   sel     $16,000.00   [strat=friendly_rapport_builder]
      R 6  buy $  9,339.10   sel     $15,500.00   [strat=friendly_rapport_builder]
      R 7  buy $ 10,351.16   sel     $15,000.00   [strat=friendly_rapport_builder]
      R 8  buy $  3,135.88   sel     $14,500.00   [strat=friendly_rapport_builder]
      R 9  buy $ 11,631.39   sel     $14,500.00   [strat=friendly_rapport_builder]
      R10  buy $ 11,799.99   sel     $14,500.00   [strat=friendly_rapport_builder]
      R11  buy $ 13,218.78   sel     $14,000.00   [strat=friendly_rapport_builder]
      R12  buy $  7,907.21   sel     $14,000.00   [strat=friendly_rapport_builder]
      R13  buy $  8,180.85   sel     $14,000.00   [strat=friendly_rapport_builder]
      R14  buy $    823.14   sel     $14,000.00   [strat=friendly_rapport_builder]
      R15  buy $ 11,748.09   sel     $14,000.00   [strat=friendly_rapport_builder]
      R16  buy $ 11,013.73   sel     $14,000.00   [strat=friendly_rapport_builder]
   run 8 done in 4.1 min

   run 9/30 on 2019 Honda Accord Sport 1.5T  seed=20462428
      R 1  buy $ 18,280.00   sel     $25,500.00   [strat=friendly_rapport_builder] *
      R 2  buy $  9,688.60   sel     $24,000.00   [strat=friendly_rapport_builder]
      R 3  buy $  4,102.75   sel     $23,500.00   [strat=friendly_rapport_builder]
      R 4  buy $ 13,079.59   sel     $22,500.00   [strat=friendly_rapport_builder]
      R 5  buy $ 18,509.75   sel     $21,000.00   [strat=friendly_rapport_builder]
      R 6  buy $  6,902.68   sel     $20,000.00   [strat=friendly_rapport_builder]
      R 7  buy $  7,420.16   sel     $19,500.00   [strat=friendly_rapport_builder]
      R 8  buy $ 17,466.36   sel     $18,750.00   [strat=friendly_rapport_builder]
      R 9  buy $  4,303.61   sel     $18,250.00   [strat=friendly_rapport_builder]
      R10  buy $ 17,933.79   sel     $18,000.00   [strat=friendly_rapport_builder]
      R11  buy $  5,802.14   sel     $17,900.00   [strat=friendly_rapport_builder]
      R12  buy $  3,800.72   sel     $17,750.00   [strat=friendly_rapport_builder]
      R13  buy $  3,881.46   sel     $17,500.00   [strat=friendly_rapport_builder]
      R14  buy $ 15,284.27   sel     $17,250.00   [strat=friendly_rapport_builder]
      R15  buy $  9,978.24   sel     $16,500.00   [strat=friendly_rapport_builder]
      R16  buy $ 10,457.93   sel     $16,000.00   [strat=friendly_rapport_builder]
   run 9 done in 4.0 min

   run 10/30 on 2019 Honda Accord Sport 1.5T  seed=20462429
      R 1  buy $    177.55   sel     $27,500.00   [strat=friendly_rapport_builder] *
      R 2  buy $ 21,293.43   sel     $25,500.00   [strat=friendly_rapport_builder]
      R 3  buy $ 12,689.06   sel     $24,500.00   [strat=friendly_rapport_builder]
      R 4  buy $ 14,378.14   sel     $23,000.00   [strat=friendly_rapport_builder]
      R 5  buy $  7,374.76   sel     $21,500.00   [strat=friendly_rapport_builder]
      R 6  buy $  3,982.56   sel     $20,000.00   [strat=friendly_rapport_builder]
      R 7  buy $  2,486.30   sel     $19,500.00   [strat=friendly_rapport_builder]
      R 8  buy $ 19,190.28   sel     $19,300.00   [strat=friendly_rapport_builder]
      R 9  buy $ 17,101.08   sel     $18,500.00   [strat=friendly_rapport_builder]
      R10  buy $  6,898.36   sel     $18,000.00   [strat=friendly_rapport_builder]
      R11  buy $ 17,866.74   sel     $17,950.00   [strat=friendly_rapport_builder]
      R12  buy $  8,871.72   sel     $17,500.00   [strat=friendly_rapport_builder]
      R13  buy $ 10,995.02   sel     $17,250.00   [strat=friendly_rapport_builder]
      R14  buy $ 12,328.15   sel     $17,000.00   [strat=friendly_rapport_builder]
      R15  buy $  1,857.67   sel     $16,500.00   [strat=friendly_rapport_builder]
      R16  buy $ 13,006.56   sel     $15,750.00   [strat=friendly_rapport_builder]
   run 10 done in 4.5 min

   run 11/30 on 2019 Honda Accord Sport 1.5T  seed=20462430
      R 1  buy $ 26,480.60   sel     $27,599.00   [strat=friendly_rapport_builder] *
      R 2  buy $ 18,542.21   sel     $26,999.00   [strat=friendly_rapport_builder]
      R 3  buy $ 18,364.14   sel     $26,500.00   [strat=friendly_rapport_builder]
      R 4  buy $  4,780.88   sel     $25,999.00   [strat=friendly_rapport_builder]
      R 5  buy $ 18,941.26   sel     $24,500.00   [strat=friendly_rapport_builder]
      R 6  buy $ 11,878.92   sel     $23,999.00   [strat=friendly_rapport_builder]
      R 7  buy $ 15,921.14   sel     $22,500.00   [strat=friendly_rapport_builder]
      R 8  buy $  4,373.26   sel     $21,500.00   [strat=friendly_rapport_builder]
      R 9  buy $ 14,123.25   sel     $19,999.00   [strat=friendly_rapport_builder]
      R10  buy $  4,045.32   sel     $18,500.00   [strat=friendly_rapport_builder]
      R11  buy $ 15,798.15   sel     $17,999.00   [strat=friendly_rapport_builder]
      R12  buy $ 12,930.45   sel     $16,500.00   [strat=friendly_rapport_builder]
      R13  buy $  2,324.14   sel     $16,500.00   [strat=friendly_rapport_builder]
      R14  buy $  9,407.42   sel     $15,999.00   [strat=friendly_rapport_builder]
      R15  buy $    357.76   sel     $15,500.00   [strat=friendly_rapport_builder]
      R16  buy $  3,009.22   sel     $14,999.00   [strat=friendly_rapport_builder]
   run 11 done in 5.7 min

   run 12/30 on 2019 Honda Accord Sport 1.5T  seed=20462431
      R 1  buy $ 12,962.60   sel     $15,900.00   [strat=friendly_rapport_builder] *
      R 2  buy $  1,768.47   sel     $15,900.00   [strat=friendly_rapport_builder]
      R 3  buy $  7,183.12   sel     $15,500.00   [strat=friendly_rapport_builder]
      R 4  buy $ 15,335.73   sel     $15,418.00   [strat=friendly_rapport_builder]
      R 5  buy $ 13,599.93   sel     $15,250.00   [strat=friendly_rapport_builder]
      R 6  buy $ 14,257.31   sel     $14,800.00   [strat=friendly_rapport_builder]
      R 7  buy $     65.56   sel     $14,600.00   [strat=friendly_rapport_builder]
      R 8  buy $  3,852.93   sel     $14,400.00   [strat=friendly_rapport_builder]
      R 9  buy $  7,830.30   sel     $14,200.00   [strat=friendly_rapport_builder]
      R10  buy $ 13,189.63   sel     $14,100.00   [strat=friendly_rapport_builder]
      R11  buy $  1,866.25   sel     $14,050.00   [strat=friendly_rapport_builder]
      R12  buy $  8,897.94   sel     $13,900.00   [strat=friendly_rapport_builder]
      R13  buy $  1,859.53   sel     $13,900.00   [strat=friendly_rapport_builder]
      R14  buy $ 11,376.94   sel     $13,800.00   [strat=friendly_rapport_builder]
      R15  buy $ 10,333.22   sel     $13,900.00   [strat=friendly_rapport_builder]
      R16  buy $  4,058.33   sel     $13,800.00   [strat=friendly_rapport_builder]
   run 12 done in 4.5 min

   run 13/30 on 2019 Honda Accord Sport 1.5T  seed=20462432
      R 1  buy $ 11,770.34   sel     $17,000.00   [strat=friendly_rapport_builder] *
      R 2  buy $  9,073.41   sel     $16,500.00   [strat=friendly_rapport_builder]
      R 3  buy $  5,587.49   sel     $16,500.00   [strat=friendly_rapport_builder]
      R 4  buy $    158.79   sel     $16,500.00   [strat=friendly_rapport_builder]
      R 5  buy $    829.43   sel     $16,500.00   [strat=friendly_rapport_builder]
      R 6  buy $  1,008.85   sel     $16,250.00   [strat=friendly_rapport_builder]
      R 7  buy $  3,217.03   sel     $16,250.00   [strat=friendly_rapport_builder]
      R 8  buy $  9,945.35   sel     $16,000.00   [strat=friendly_rapport_builder]
      R 9  buy $  7,943.64   sel     $16,000.00   [strat=friendly_rapport_builder]
      R10  buy $  9,749.49   sel     $15,750.00   [strat=friendly_rapport_builder]
      R11  buy $ 11,204.99   sel     $15,500.00   [strat=friendly_rapport_builder]
      R12  buy $  3,088.74   sel     $15,250.00   [strat=friendly_rapport_builder]
      R13  buy $ 11,409.06   sel     $15,000.00   [strat=friendly_rapport_builder]
      R14  buy $  8,544.82   sel     $14,750.00   [strat=friendly_rapport_builder]
      R15  buy $ 13,909.70   sel     $14,500.00   [strat=friendly_rapport_builder]
      R16  buy $  9,276.47   sel     $14,250.00   [strat=friendly_rapport_builder]
   run 13 done in 4.7 min

   run 14/30 on 2019 Honda Accord Sport 1.5T  seed=20462433
      R 1  buy $ 11,987.56   sel     $19,500.00   [strat=friendly_rapport_builder] *
      R 2  buy $ 10,346.96   sel     $18,000.00   [strat=friendly_rapport_builder]
      R 3  buy $  4,018.13   sel     $17,500.00   [strat=friendly_rapport_builder]
      R 4  buy $  2,260.08   sel     $17,000.00   [strat=friendly_rapport_builder]
      R 5  buy $    409.14   sel     $16,900.00   [strat=friendly_rapport_builder]
      R 6  buy $ 15,080.52   sel     $16,500.00   [strat=friendly_rapport_builder]
      R 7  buy $ 14,731.50   sel     $15,500.00   [strat=friendly_rapport_builder]
      R 8  buy $ 11,485.97   sel     $14,800.00   [strat=friendly_rapport_builder]
      R 9  buy $    178.29   sel     $14,500.00   [strat=friendly_rapport_builder]
      R10  buy $  1,837.03   sel     $14,300.00   [strat=friendly_rapport_builder]
      R11  buy $  5,179.19   sel     $13,800.00   [strat=friendly_rapport_builder]
      R12  buy $  3,946.00   sel     $13,600.00   [strat=friendly_rapport_builder]
      R13  buy $ 10,313.99   sel     $14,200.00   [strat=friendly_rapport_builder]
      R14  buy $  8,825.40   sel     $14,100.00   [strat=friendly_rapport_builder]
      R15  buy $  1,921.19   sel     $13,800.00   [strat=friendly_rapport_builder]
      R16  buy $  5,263.27   sel     $13,500.00   [strat=friendly_rapport_builder]
   run 14 done in 6.0 min

   run 15/30 on 2019 Honda Accord Sport 1.5T  seed=20462434
      R 1  buy $ 18,318.68   sel     $21,000.00   [strat=friendly_rapport_builder] *
      R 2  buy $ 20,740.85   sel     $20,500.00   [strat=friendly_rapport_builder]
      R 3  buy $ 11,759.85   sel     $20,800.00   [strat=friendly_rapport_builder]
      R 4  buy $  1,147.93   sel     $19,500.00   [strat=friendly_rapport_builder]
      R 5  buy $  3,202.07   sel     $18,500.00   [strat=friendly_rapport_builder]
      R 6  buy $    833.45   sel     $17,500.00   [strat=friendly_rapport_builder]
      R 7  buy $  4,450.76   sel     $17,000.00   [strat=friendly_rapport_builder]
      R 8  buy $  5,107.66   sel     $16,500.00   [strat=friendly_rapport_builder]
      R 9  buy $  4,872.74   sel     $16,000.00   [strat=friendly_rapport_builder]
      R10  buy $  5,500.82   sel     $15,500.00   [strat=friendly_rapport_builder]
      R11  buy $  9,757.73   sel     $14,900.00   [strat=friendly_rapport_builder]
      R12  buy $  5,896.85   sel     $14,500.00   [strat=friendly_rapport_builder]
      R13  buy $    851.27   sel     $14,200.00   [strat=friendly_rapport_builder]
      R14  buy $ 12,648.56   sel     $13,900.00   [strat=friendly_rapport_builder]
      R15  buy $  5,335.72   sel     $13,500.00   [strat=friendly_rapport_builder]
      R16  buy $  2,324.86   sel     $13,200.00   [strat=friendly_rapport_builder]
   run 15 done in 5.2 min

   run 16/30 on 2019 Honda Accord Sport 1.5T  seed=20462435
      R 1  buy $ 27,182.49   sel     $28,499.99   [strat=friendly_rapport_builder] *
      R 2  buy $ 10,177.50   sel     $27,500.00   [strat=friendly_rapport_builder]
      R 3  buy $  3,133.14   sel     $26,000.00   [strat=friendly_rapport_builder]
      R 4  buy $  9,633.83   sel     $25,200.00   [strat=friendly_rapport_builder]
      R 5  buy $ 23,954.62   sel     $24,500.00   [strat=friendly_rapport_builder]
      R 6  buy $  5,634.10   sel     $24,500.00   [strat=friendly_rapport_builder]
      R 7  buy $ 17,018.58   sel     $23,000.00   [strat=friendly_rapport_builder]
      R 8  buy $ 18,919.84   sel     $21,500.00   [strat=friendly_rapport_builder]
      R 9  buy $ 19,042.84   sel     $20,500.00   [strat=friendly_rapport_builder]
      R10  buy $ 13,541.10   sel     $19,000.00   [strat=friendly_rapport_builder]
      R11  buy $  3,815.98   sel     $18,500.00   [strat=friendly_rapport_builder]
      R12  buy $ 10,478.18   sel     $18,000.00   [strat=friendly_rapport_builder]
      R13  buy $ 12,762.63   sel     $17,500.00   [strat=friendly_rapport_builder]
      R14  buy $  3,149.28   sel     $17,500.00   [strat=friendly_rapport_builder]
      R15  buy $ 10,778.77   sel     $16,500.00   [strat=friendly_rapport_builder]
      R16  buy $  4,740.71   sel     $16,500.00   [strat=friendly_rapport_builder]
   run 16 done in 5.4 min

   run 17/30 on 2019 Honda Accord Sport 1.5T  seed=20462436
      R 1  buy $ 27,480.88   sel     $28,500.00   [strat=friendly_rapport_builder] *
      R 2  buy $    245.18   sel     $28,000.00   [strat=friendly_rapport_builder]
      R 3  buy $ 16,253.08   sel     $27,500.00   [strat=friendly_rapport_builder]
      R 4  buy $ 20,426.68   sel     $26,500.00   [strat=friendly_rapport_builder]
      R 5  buy $  5,347.30   sel     $25,000.00   [strat=friendly_rapport_builder]
      R 6  buy $  2,116.00   sel     $24,500.00   [strat=friendly_rapport_builder]
      R 7  buy $ 21,284.96   sel     $23,800.00   [strat=friendly_rapport_builder]
      R 8  buy $ 17,831.44   sel     $22,000.00   [strat=friendly_rapport_builder]
      R 9  buy $  4,625.06   sel     $21,500.00   [strat=friendly_rapport_builder]
      R10  buy $ 13,621.49   sel     $20,000.00   [strat=friendly_rapport_builder]
      R11  buy $ 13,400.58   sel     $18,500.00   [strat=friendly_rapport_builder]
      R12  buy $  3,009.54   sel     $17,000.00   [strat=friendly_rapport_builder]
      R13  buy $ 13,634.81   sel     $16,000.00   [strat=friendly_rapport_builder]
      R14  buy $  3,939.05   sel     $15,500.00   [strat=friendly_rapport_builder]
      R15  buy $ 13,155.97   sel     $15,000.00   [strat=friendly_rapport_builder]
      R16  buy $ 12,403.89   sel     $14,500.00   [strat=friendly_rapport_builder]
   run 17 done in 5.0 min

   run 18/30 on 2019 Honda Accord Sport 1.5T  seed=20462437
      R 1  buy $ 10,259.06   sel     $24,995.00   [strat=friendly_rapport_builder] *
      R 2  buy $ 22,278.78   sel     $23,500.00   [strat=friendly_rapport_builder]
      R 3  buy $ 13,286.87   sel     $22,500.00   [strat=friendly_rapport_builder]
      R 4  buy $  5,731.87   sel     $22,000.00   [strat=friendly_rapport_builder]
      R 5  buy $ 12,363.66   sel     $21,500.00   [strat=friendly_rapport_builder]
      R 6  buy $ 16,770.45   sel     $20,000.00   [strat=friendly_rapport_builder]
      R 7  buy $  8,227.74   sel     $19,500.00   [strat=friendly_rapport_builder]
      R 8  buy $ 14,534.28   sel     $19,000.00   [strat=friendly_rapport_builder]
      R 9  buy $  1,104.41   sel     $18,500.00   [strat=friendly_rapport_builder]
      R10  buy $ 17,255.82   sel     $17,850.00   [strat=friendly_rapport_builder]
      R11  buy $ 12,427.92   sel     $17,000.00   [strat=friendly_rapport_builder]
      R12  buy $ 12,811.92   sel     $16,500.00   [strat=friendly_rapport_builder]
      R13  buy $ 12,702.92   sel     $15,500.00   [strat=friendly_rapport_builder]
      R14  buy $    577.14   sel     $15,000.00   [strat=friendly_rapport_builder]
      R15  buy $ 12,212.81   sel     $14,500.00   [strat=friendly_rapport_builder]
      R16  buy $  4,456.69   sel     $14,000.00   [strat=friendly_rapport_builder]
   run 18 done in 6.6 min

   run 19/30 on 2019 Honda Accord Sport 1.5T  seed=20462438
      R 1  buy $ 16,250.85   sel     $19,500.00   [strat=friendly_rapport_builder] *
      R 2  buy $ 10,820.27   sel     $18,500.00   [strat=friendly_rapport_builder]
      R 3  buy $ 10,209.45   sel     $17,500.00   [strat=friendly_rapport_builder]
      R 4  buy $ 14,433.84   sel     $16,499.00   [strat=friendly_rapport_builder]
      R 5  buy $ 16,002.95   sel     $16,299.00   [strat=friendly_rapport_builder]
      R 6  buy $  9,420.69   sel     $16,000.00   [strat=friendly_rapport_builder]
      R 7  buy $  1,706.98   sel     $15,900.00   [strat=friendly_rapport_builder]
      R 8  buy $ 10,889.22   sel     $15,500.00   [strat=friendly_rapport_builder]
      R 9  buy $ 14,634.94   sel     $15,000.00   [strat=friendly_rapport_builder]
      R10  buy $  2,768.53   sel     $14,800.00   [strat=friendly_rapport_builder]
      R11  buy $  3,599.99   sel     $14,700.00   [strat=friendly_rapport_builder]
      R12  buy $ 14,400.62   sel     $14,550.00   [strat=friendly_rapport_builder]
      R13  buy $  5,342.42   sel     $14,475.00   [strat=friendly_rapport_builder]
      R14  buy $  5,783.60   sel     $14,450.00   [strat=friendly_rapport_builder]
      R15  buy $    949.40   sel     $14,400.00   [strat=friendly_rapport_builder]
      R16  buy $    690.48   sel     $14,375.00   [strat=friendly_rapport_builder]
   run 19 done in 4.6 min

   run 20/30 on 2019 Honda Accord Sport 1.5T  seed=20462439
      R 1  buy $  1,744.06   sel     $22,000.00   [strat=friendly_rapport_builder] *
      R 2  buy $  6,199.67   sel     $20,500.00   [strat=friendly_rapport_builder]
      R 3  buy $    972.36   sel     $19,000.00   [strat=friendly_rapport_builder]
      R 4  buy $  9,942.74   sel     $17,500.00   [strat=friendly_rapport_builder]
      R 5  buy $ 15,423.75   sel     $16,500.00   [strat=friendly_rapport_builder]
      R 6  buy $ 11,790.74   sel     $16,000.00   [strat=friendly_rapport_builder]
      R 7  buy $  7,477.79   sel     $15,500.00   [strat=friendly_rapport_builder]
      R 8  buy $  5,407.40   sel     $15,500.00   [strat=friendly_rapport_builder]
      R 9  buy $  8,197.87   sel     $15,250.00   [strat=friendly_rapport_builder]
      R10  buy $  8,564.40   sel     $15,000.00   [strat=friendly_rapport_builder]
      R11  buy $  3,081.10   sel     $14,800.00   [strat=friendly_rapport_builder]
      R12  buy $  5,305.15   sel     $14,500.00   [strat=friendly_rapport_builder]
      R13  buy $  9,110.99   sel     $14,400.00   [strat=friendly_rapport_builder]
      R14  buy $ 12,974.71   sel     $14,300.00   [strat=friendly_rapport_builder]
      R15  buy $ 10,095.80   sel     $14,200.00   [strat=friendly_rapport_builder]
      R16  buy $  1,190.85   sel     $14,100.00   [strat=friendly_rapport_builder]
   run 20 done in 5.5 min

   run 21/30 on 2019 Honda Accord Sport 1.5T  seed=20462440
      R 1  buy $  5,521.80   sel     $22,000.00   [strat=friendly_rapport_builder] *
      R 2  buy $ 15,692.23   sel     $19,000.00   [strat=friendly_rapport_builder]
      R 3  buy $  2,764.84   sel     $19,000.00   [strat=friendly_rapport_builder]
      R 4  buy $  3,141.14   sel     $18,500.00   [strat=friendly_rapport_builder]
      R 5  buy $ 13,896.28   sel     $17,500.00   [strat=friendly_rapport_builder]
      R 6  buy $ 16,218.50   sel     $16,750.00   [strat=friendly_rapport_builder]
      R 7  buy $ 16,169.13   sel     $16,500.00   [strat=friendly_rapport_builder]
      R 8  buy $ 10,227.90   sel     $16,250.00   [strat=friendly_rapport_builder]
      R 9  buy $    217.60   sel     $16,500.00   [strat=friendly_rapport_builder]
      R10  buy $  8,211.31   sel     $16,250.00   [strat=friendly_rapport_builder]
      R11  buy $  4,157.05   sel     $16,000.00   [strat=friendly_rapport_builder]
      R12  buy $  9,474.02   sel     $16,000.00   [strat=friendly_rapport_builder]
      R13  buy $  3,615.97   sel     $16,000.00   [strat=friendly_rapport_builder]
      R14  buy $  3,052.25   sel     $15,800.00   [strat=friendly_rapport_builder]
      R15  buy $ 14,527.53   sel     $15,250.00   [strat=friendly_rapport_builder]
      R16  buy $ 11,271.18   sel     $15,000.00   [strat=friendly_rapport_builder]
   run 21 done in 4.1 min

   run 22/30 on 2019 Honda Accord Sport 1.5T  seed=20462441
      R 1  buy $  4,926.76   sel     $24,000.00   [strat=friendly_rapport_builder] *
      R 2  buy $ 22,132.00   sel     $23,500.00   [strat=friendly_rapport_builder]
      R 3  buy $ 18,191.85   sel     $22,500.00   [strat=friendly_rapport_builder]
      R 4  buy $  4,414.11   sel     $21,500.00   [strat=friendly_rapport_builder]
      R 5  buy $     67.39   sel     $20,500.00   [strat=friendly_rapport_builder]
      R 6  buy $  5,675.27   sel     $19,500.00   [strat=friendly_rapport_builder]
      R 7  buy $ 11,082.82   sel     $18,000.00   [strat=friendly_rapport_builder]
      R 8  buy $ 16,645.15   sel     $17,500.00   [strat=friendly_rapport_builder]
      R 9  buy $ 14,070.05   sel     $17,000.00   [strat=friendly_rapport_builder]
      R10  buy $ 16,943.93   sel     $16,943.93   [strat=friendly_rapport_builder]
      R11  buy $  3,927.66   sel     $15,500.00   [strat=friendly_rapport_builder]
      R12  buy $  6,294.79   sel     $15,000.00   [strat=friendly_rapport_builder]
      R13  buy $    730.36   sel     $14,500.00   [strat=friendly_rapport_builder]
      R14  buy $  8,455.17   sel     $13,800.00   [strat=friendly_rapport_builder]
      R15  buy $  3,570.67   sel     $14,000.00   [strat=friendly_rapport_builder]
      R16  buy $  4,191.53   sel     $14,000.00   [strat=friendly_rapport_builder]
   run 22 done in 5.2 min

   run 23/30 on 2019 Honda Accord Sport 1.5T  seed=20462442
      R 1  buy $ 21,496.85   sel     $24,495.00   [strat=friendly_rapport_builder] *
      R 2  buy $ 12,057.30   sel     $23,995.00   [strat=friendly_rapport_builder]
      R 3  buy $ 12,177.04   sel     $23,500.00   [strat=friendly_rapport_builder]
      R 4  buy $ 13,692.74   sel     $22,995.00   [strat=friendly_rapport_builder]
      R 5  buy $ 14,980.80   sel     $22,495.00   [strat=friendly_rapport_builder]
      R 6  buy $  3,924.46   sel     $21,995.00   [strat=friendly_rapport_builder]
      R 7  buy $ 16,700.18   sel     $21,495.00   [strat=friendly_rapport_builder]
      R 8  buy $ 15,873.02   sel     $20,995.00   [strat=friendly_rapport_builder]
      R 9  buy $ 11,399.59   sel     $20,495.00   [strat=friendly_rapport_builder]
      R10  buy $  9,002.77   sel     $19,995.00   [strat=friendly_rapport_builder]
      R11  buy $  2,997.97   sel     $19,495.00   [strat=friendly_rapport_builder]
      R12  buy $  3,320.24   sel     $18,995.00   [strat=friendly_rapport_builder]
      R13  buy $ 11,885.01   sel     $17,995.00   [strat=friendly_rapport_builder]
      R14  buy $  1,814.32   sel     $17,495.00   [strat=friendly_rapport_builder]
      R15  buy $ 13,620.86   sel     $16,995.00   [strat=friendly_rapport_builder]
      R16  buy $  2,421.08   sel     $16,495.00   [strat=friendly_rapport_builder]
   run 23 done in 5.9 min

   run 24/30 on 2019 Honda Accord Sport 1.5T  seed=20462443
      R 1  buy $ 25,777.97   sel     $27,500.00   [strat=friendly_rapport_builder] *
      R 2  buy $ 15,900.99   sel     $26,500.00   [strat=friendly_rapport_builder]
      R 3  buy $ 10,968.49   sel     $25,500.00   [strat=friendly_rapport_builder]
      R 4  buy $ 14,425.72   sel     $24,900.00   [strat=friendly_rapport_builder]
      R 5  buy $ 24,409.55   sel     $24,409.55   [strat=friendly_rapport_builder]
      R 6  buy $  8,054.48   sel     $24,000.00   [strat=friendly_rapport_builder]
      R 7  buy $ 23,510.58   sel     $23,800.00   [strat=friendly_rapport_builder]
      R 8  buy $ 10,127.78   sel     $22,500.00   [strat=friendly_rapport_builder]
      R 9  buy $ 19,216.14   sel     $21,500.00   [strat=friendly_rapport_builder]
      R10  buy $ 16,802.79   sel     $20,500.00   [strat=friendly_rapport_builder]
      R11  buy $  4,336.30   sel     $19,000.00   [strat=friendly_rapport_builder]
      R12  buy $ 10,914.14   sel     $17,500.00   [strat=friendly_rapport_builder]
      R13  buy $ 16,375.93   sel     $17,000.00   [strat=friendly_rapport_builder]
      R14  buy $ 12,323.81   sel     $16,000.00   [strat=friendly_rapport_builder]
      R15  buy $    125.71   sel     $15,500.00   [strat=friendly_rapport_builder]
      R16  buy $ 12,018.93   sel     $14,500.00   [strat=friendly_rapport_builder]
   run 24 done in 5.5 min

   run 25/30 on 2019 Honda Accord Sport 1.5T  seed=20462444
      R 1  buy $  7,850.94   sel     $26,000.00   [strat=friendly_rapport_builder] *
      R 2  buy $ 18,867.78   sel     $23,400.00   [strat=friendly_rapport_builder]
      R 3  buy $ 11,570.67   sel     $22,500.00   [strat=friendly_rapport_builder]
      R 4  buy $ 22,219.06   sel     $22,200.00   [strat=friendly_rapport_builder]
      R 5  buy $ 17,536.74   sel     $21,800.00   [strat=friendly_rapport_builder]
      R 6  buy $  3,755.52   sel     $21,600.00   [strat=friendly_rapport_builder]
      R 7  buy $ 10,461.13   sel     $21,300.00   [strat=friendly_rapport_builder]
      R 8  buy $  3,294.66   sel     $21,100.00   [strat=friendly_rapport_builder]
      R 9  buy $  6,446.44   sel     $20,900.00   [strat=friendly_rapport_builder]
      R10  buy $ 14,682.98   sel     $20,700.00   [strat=friendly_rapport_builder]
      R11  buy $ 14,838.84   sel     $19,500.00   [strat=friendly_rapport_builder]
      R12  buy $ 12,929.53   sel     $18,500.00   [strat=friendly_rapport_builder]
      R13  buy $  2,974.71   sel     $18,000.00   [strat=friendly_rapport_builder]
      R14  buy $  3,928.52   sel     $17,500.00   [strat=friendly_rapport_builder]
      R15  buy $  9,809.32   sel     $16,500.00   [strat=friendly_rapport_builder]
      R16  buy $  4,085.51   sel     $15,500.00   [strat=friendly_rapport_builder]
   run 25 done in 5.9 min

   run 26/30 on 2019 Honda Accord Sport 1.5T  seed=20462445
      R 1  buy $ 17,458.12   sel     $19,995.00   [strat=friendly_rapport_builder] *
      R 2  buy $  7,125.29   sel     $19,500.00   [strat=friendly_rapport_builder]
      R 3  buy $ 16,599.78   sel     $18,500.00   [strat=friendly_rapport_builder]
      R 4  buy $  4,333.21   sel     $18,000.00   [strat=friendly_rapport_builder]
      R 5  buy $    232.61   sel     $17,500.00   [strat=friendly_rapport_builder]
      R 6  buy $ 12,058.04   sel     $17,000.00   [strat=friendly_rapport_builder]
      R 7  buy $ 13,320.67   sel     $16,500.00   [strat=friendly_rapport_builder]
      R 8  buy $  4,970.29   sel     $16,000.00   [strat=friendly_rapport_builder]
      R 9  buy $  2,050.51   sel     $15,500.00   [strat=friendly_rapport_builder]
      R10  buy $  8,100.67   sel     $15,000.00   [strat=friendly_rapport_builder]
      R11  buy $ 13,582.40   sel     $14,900.00   [strat=friendly_rapport_builder]
      R12  buy $  9,796.52   sel     $14,500.00   [strat=friendly_rapport_builder]
      R13  buy $  4,234.91   sel     $14,300.00   [strat=friendly_rapport_builder]
      R14  buy $ 10,937.61   sel     $14,200.00   [strat=friendly_rapport_builder]
      R15  buy $ 12,304.32   sel     $14,100.00   [strat=friendly_rapport_builder]
      R16  buy $ 11,192.19   sel     $14,000.00   [strat=friendly_rapport_builder]
   run 26 done in 6.7 min

   run 27/30 on 2019 Honda Accord Sport 1.5T  seed=20462446
      R 1  buy $  5,638.87   sel     $24,000.00   [strat=friendly_rapport_builder] *
      R 2  buy $    294.53   sel     $22,500.00   [strat=friendly_rapport_builder]
      R 3  buy $    151.21   sel     $21,000.00   [strat=friendly_rapport_builder]
      R 4  buy $  3,433.77   sel     $19,500.00   [strat=friendly_rapport_builder]
      R 5  buy $ 12,789.68   sel     $18,500.00   [strat=friendly_rapport_builder]
      R 6  buy $    427.11   sel     $17,500.00   [strat=friendly_rapport_builder]
      R 7  buy $    448.77   sel     $16,500.00   [strat=friendly_rapport_builder]
      R 8  buy $  4,289.92   sel     $15,500.00   [strat=friendly_rapport_builder]
      R 9  buy $  6,053.32   sel     $14,500.00   [strat=friendly_rapport_builder]
      R10  buy $  5,331.84   sel     $14,300.00   [strat=friendly_rapport_builder]
      R11  buy $  1,797.96   sel     $14,200.00   [strat=friendly_rapport_builder]
      R12  buy $  1,839.61   sel     $14,100.00   [strat=friendly_rapport_builder]
      R13  buy $  6,991.79   sel     $14,000.00   [strat=friendly_rapport_builder]
      R14  buy $ 11,716.71   sel     $13,900.00   [strat=friendly_rapport_builder]
      R15  buy $  8,050.98   sel     $13,800.00   [strat=friendly_rapport_builder]
      R16  buy $ 12,807.74   sel     $13,700.00   [strat=friendly_rapport_builder]
   run 27 done in 6.4 min

   run 28/30 on 2019 Honda Accord Sport 1.5T  seed=20462447
      R 1  buy $  6,389.52   sel     $24,000.00   [strat=friendly_rapport_builder] *
      R 2  buy $  6,509.96   sel     $23,500.00   [strat=friendly_rapport_builder]
      R 3  buy $  9,278.27   sel     $22,500.00   [strat=friendly_rapport_builder]
      R 4  buy $  1,704.55   sel     $22,500.00   [strat=friendly_rapport_builder]
      R 5  buy $ 10,895.56   sel     $21,000.00   [strat=friendly_rapport_builder]
      R 6  buy $ 11,882.30   sel     $20,000.00   [strat=friendly_rapport_builder]
      R 7  buy $  3,085.99   sel     $19,500.00   [strat=friendly_rapport_builder]
      R 8  buy $ 14,120.34   sel     $14,120.34   [strat=friendly_rapport_builder]
      R 9  buy $ 10,143.10   sel     $14,120.34   [strat=friendly_rapport_builder]
      R10  buy $  2,551.06   sel     $14,120.34   [strat=friendly_rapport_builder]
      R11  buy $    794.49   sel     $14,120.34   [strat=friendly_rapport_builder]
      R12  buy $ 13,817.57   sel     $14,120.34   [strat=friendly_rapport_builder]
      R13  buy $  1,543.04   sel     $14,120.34   [strat=friendly_rapport_builder]
      R14  buy $  9,069.13   sel     $14,120.34   [strat=friendly_rapport_builder]
      R15  buy $  3,525.79   sel     $14,120.34   [strat=friendly_rapport_builder]
      R16  buy $  4,440.23   sel     $14,120.34   [strat=friendly_rapport_builder]
   run 28 done in 6.5 min

   run 29/30 on 2019 Honda Accord Sport 1.5T  seed=20462448
      R 1  buy $ 26,506.13   sel     $27,995.00   [strat=friendly_rapport_builder] *
      R 2  buy $ 21,831.68   sel     $27,499.00   [strat=friendly_rapport_builder]
      R 3  buy $ 22,878.29   sel     $26,999.00   [strat=friendly_rapport_builder]
      R 4  buy $  6,618.33   sel     $26,500.00   [strat=friendly_rapport_builder]
      R 5  buy $ 12,604.40   sel     $25,999.00   [strat=friendly_rapport_builder]
      R 6  buy $ 22,776.79   sel     $24,999.00   [strat=friendly_rapport_builder]
      R 7  buy $  8,151.66   sel     $24,500.00   [strat=friendly_rapport_builder]
      R 8  buy $ 20,802.50   sel     $23,999.00   [strat=friendly_rapport_builder]
      R 9  buy $  3,607.96   sel     $22,999.00   [strat=friendly_rapport_builder]
      R10  buy $ 20,859.63   sel     $21,999.00   [strat=friendly_rapport_builder]
      R11  buy $ 12,778.26   sel     $21,500.00   [strat=friendly_rapport_builder]
      R12  buy $ 20,938.15   sel     $21,300.00   [strat=friendly_rapport_builder]
      R13  buy $  6,291.28   sel     $20,999.00   [strat=friendly_rapport_builder]
      R14  buy $ 11,500.78   sel     $20,500.00   [strat=friendly_rapport_builder]
      R15  buy $ 16,329.31   sel     $19,500.00   [strat=friendly_rapport_builder]
      R16  buy $ 19,412.38   sel     $19,412.38   [strat=friendly_rapport_builder]
   run 29 done in 5.8 min

   run 30/30 on 2019 Honda Accord Sport 1.5T  seed=20462449
      R 1  buy $    215.72   sel     $25,995.00   [strat=friendly_rapport_builder] *
      R 2  buy $ 12,328.91   sel     $24,500.00   [strat=friendly_rapport_builder]
      R 3  buy $ 22,789.98   sel     $23,500.00   [strat=friendly_rapport_builder]
      R 4  buy $ 10,584.71   sel     $22,500.00   [strat=friendly_rapport_builder]
      R 5  buy $ 16,979.26   sel     $19,500.00   [strat=friendly_rapport_builder]
      R 6  buy $  6,293.44   sel     $19,000.00   [strat=friendly_rapport_builder]
      R 7  buy $ 18,318.54   sel     $18,800.00   [strat=friendly_rapport_builder]
      R 8  buy $  2,197.59   sel     $18,800.00   [strat=friendly_rapport_builder]
      R 9  buy $  5,127.53   sel     $18,500.00   [strat=friendly_rapport_builder]
      R10  buy $ 10,383.67   sel     $18,000.00   [strat=friendly_rapport_builder]
      R11  buy $ 13,474.87   sel     $17,500.00   [strat=friendly_rapport_builder]
      R12  buy $  7,700.12   sel     $17,250.00   [strat=friendly_rapport_builder]
      R13  buy $ 13,768.12   sel     $17,000.00   [strat=friendly_rapport_builder]
      R14  buy $  1,221.44   sel     $16,900.00   [strat=friendly_rapport_builder]
      R15  buy $  8,440.46   sel     $16,750.00   [strat=friendly_rapport_builder]
      R16  buy $ 13,238.96   sel     $16,500.00   [strat=friendly_rapport_builder]
   run 30 done in 5.3 min

   ---> checkpoint: car 3/5 done in 159.5 min; total so far 511.6 min; saved 90 runs to exp02_fixed_friendly_rapport_builder.json

--- CAR 4/5: 2022 Toyota RAV4 XLE AWD  (M=$32,000.00  cost=$20,800.00  cost/M=65.00%) ---

   run 1/30 on 2022 Toyota RAV4 XLE AWD  seed=20463420
      R 1  buy $ 17,164.80   sel     $29,500.00   [strat=friendly_rapport_builder] *
      R 2  buy $ 25,433.34   sel     $27,900.00   [strat=friendly_rapport_builder]
      R 3  buy $ 20,632.82   sel     $26,500.00   [strat=friendly_rapport_builder]
      R 4  buy $  4,385.39   sel     $25,000.00   [strat=friendly_rapport_builder]
      R 5  buy $  5,647.48   sel     $26,000.00   [strat=friendly_rapport_builder]
      R 6  buy $ 13,622.16   sel     $25,500.00   [strat=friendly_rapport_builder]
      R 7  buy $ 16,575.64   sel     $25,000.00   [strat=friendly_rapport_builder]
      R 8  buy $ 20,288.66   sel     $24,500.00   [strat=friendly_rapport_builder]
      R 9  buy $ 15,800.54   sel     $24,000.00   [strat=friendly_rapport_builder]
      R10  buy $  9,621.97   sel     $23,500.00   [strat=friendly_rapport_builder]
      R11  buy $  1,749.93   sel     $23,000.00   [strat=friendly_rapport_builder]
      R12  buy $ 15,800.54   sel     $22,500.00   [strat=friendly_rapport_builder]
      R13  buy $ 19,793.74   sel     $21,999.00   [strat=friendly_rapport_builder]
      R14  buy $  9,908.60   sel     $21,500.00   [strat=friendly_rapport_builder]
      R15  buy $ 15,844.30   sel     $20,999.00   [strat=friendly_rapport_builder]
      R16  buy $  1,263.37   sel     $20,500.00   [strat=friendly_rapport_builder]
   run 1 done in 5.8 min

   run 2/30 on 2022 Toyota RAV4 XLE AWD  seed=20463421
      R 1  buy $ 24,168.13   sel     $31,500.00   [strat=friendly_rapport_builder] *
      R 2  buy $ 15,010.95   sel     $30,000.00   [strat=friendly_rapport_builder]
      R 3  buy $ 28,987.58   sel     $29,500.00   [strat=friendly_rapport_builder]
      R 4  buy $ 24,868.81   sel     $28,800.00   [strat=friendly_rapport_builder]
      R 5  buy $ 10,525.17   sel     $28,500.00   [strat=friendly_rapport_builder]
      R 6  buy $ 24,516.84   sel     $27,900.00   [strat=friendly_rapport_builder]
      R 7  buy $ 17,528.45   sel     $27,500.00   [strat=friendly_rapport_builder]
      R 8  buy $ 11,959.83   sel     $27,000.00   [strat=friendly_rapport_builder]
      R 9  buy $ 17,764.70   sel     $26,500.00   [strat=friendly_rapport_builder]
      R10  buy $  5,280.78   sel     $26,000.00   [strat=friendly_rapport_builder]
      R11  buy $ 17,917.28   sel     $25,500.00   [strat=friendly_rapport_builder]
      R12  buy $ 10,168.66   sel     $25,000.00   [strat=friendly_rapport_builder]
      R13  buy $ 22,736.17   sel     $24,000.00   [strat=friendly_rapport_builder]
      R14  buy $  1,318.57   sel     $23,500.00   [strat=friendly_rapport_builder]
      R15  buy $ 13,837.75   sel     $23,000.00   [strat=friendly_rapport_builder]
      R16  buy $  3,651.42   sel     $22,500.00   [strat=friendly_rapport_builder]
   run 2 done in 5.7 min

   run 3/30 on 2022 Toyota RAV4 XLE AWD  seed=20463422
      R 1  buy $  8,548.79   sel     $30,499.99   [strat=friendly_rapport_builder] *
      R 2  buy $ 21,271.03   sel     $28,499.99   [strat=friendly_rapport_builder]
      R 3  buy $  1,990.74   sel     $27,999.99   [strat=friendly_rapport_builder]
      R 4  buy $  8,109.49   sel     $27,499.99   [strat=friendly_rapport_builder]
      R 5  buy $  5,569.94   sel     $26,999.99   [strat=friendly_rapport_builder]
      R 6  buy $ 10,320.48   sel     $26,499.99   [strat=friendly_rapport_builder]
      R 7  buy $ 21,311.92   sel     $25,999.99   [strat=friendly_rapport_builder]
      R 8  buy $ 22,671.54   sel     $25,499.99   [strat=friendly_rapport_builder]
      R 9  buy $ 25,155.14   sel     $25,300.00   [strat=friendly_rapport_builder]
      R10  buy $ 18,160.23   sel     $24,999.99   [strat=friendly_rapport_builder]
      R11  buy $ 17,150.65   sel     $24,499.99   [strat=friendly_rapport_builder]
      R12  buy $    581.62   sel     $24,000.00   [strat=friendly_rapport_builder]
      R13  buy $ 19,869.81   sel     $23,500.00   [strat=friendly_rapport_builder]
      R14  buy $ 22,702.63   sel     $23,000.00   [strat=friendly_rapport_builder]
      R15  buy $ 17,283.35   sel     $22,500.00   [strat=friendly_rapport_builder]
      R16  buy $ 14,096.11   sel     $21,999.99   [strat=friendly_rapport_builder]
   run 3 done in 5.3 min

   run 4/30 on 2022 Toyota RAV4 XLE AWD  seed=20463423
      R 1  buy $    390.67   sel     $29,500.00   [strat=friendly_rapport_builder] *
      R 2  buy $ 10,763.90   sel     $28,750.00   [strat=friendly_rapport_builder]
      R 3  buy $ 27,177.99   sel     $27,900.00   [strat=friendly_rapport_builder]
      R 4  buy $  8,702.23   sel     $27,500.00   [strat=friendly_rapport_builder]
      R 5  buy $ 19,521.78   sel     $26,900.00   [strat=friendly_rapport_builder]
      R 6  buy $ 19,201.25   sel     $26,500.00   [strat=friendly_rapport_builder]
      R 7  buy $  1,566.25   sel     $26,500.00   [strat=friendly_rapport_builder]
      R 8  buy $ 14,934.71   sel     $25,999.00   [strat=friendly_rapport_builder]
      R 9  buy $  8,468.82   sel     $25,500.00   [strat=friendly_rapport_builder]
      R10  buy $  7,858.44   sel     $25,500.00   [strat=friendly_rapport_builder]
      R11  buy $  5,480.50   sel     $25,500.00   [strat=friendly_rapport_builder]
      R12  buy $ 21,286.97   sel     $24,500.00   [strat=friendly_rapport_builder]
      R13  buy $  3,108.85   sel     $24,000.00   [strat=friendly_rapport_builder]
      R14  buy $ 17,534.84   sel     $23,500.00   [strat=friendly_rapport_builder]
      R15  buy $ 22,083.16   sel     $23,000.00   [strat=friendly_rapport_builder]
      R16  buy $  5,012.60   sel     $22,500.00   [strat=friendly_rapport_builder]
   run 4 done in 6.0 min

   run 5/30 on 2022 Toyota RAV4 XLE AWD  seed=20463424
      R 1  buy $  8,111.79   sel     $29,999.00   [strat=friendly_rapport_builder] *
      R 2  buy $  9,466.53   sel     $29,499.00   [strat=friendly_rapport_builder]
      R 3  buy $ 15,359.53   sel     $28,999.00   [strat=friendly_rapport_builder]
      R 4  buy $ 10,838.67   sel     $28,799.00   [strat=friendly_rapport_builder]
      R 5  buy $ 11,437.57   sel     $28,599.00   [strat=friendly_rapport_builder]
      R 6  buy $ 25,343.22   sel     $27,499.00   [strat=friendly_rapport_builder]
      R 7  buy $ 25,410.33   sel     $27,000.00   [strat=friendly_rapport_builder]
      R 8  buy $  2,357.17   sel     $26,999.00   [strat=friendly_rapport_builder]
      R 9  buy $ 23,082.78   sel     $26,499.00   [strat=friendly_rapport_builder]
      R10  buy $  9,249.45   sel     $26,299.00   [strat=friendly_rapport_builder]
      R11  buy $ 11,446.90   sel     $26,099.00   [strat=friendly_rapport_builder]
      R12  buy $  9,585.89   sel     $25,999.00   [strat=friendly_rapport_builder]
      R13  buy $    934.58   sel     $25,799.00   [strat=friendly_rapport_builder]
      R14  buy $ 24,138.06   sel     $25,499.00   [strat=friendly_rapport_builder]
      R15  buy $  9,491.13   sel     $25,299.00   [strat=friendly_rapport_builder]
      R16  buy $ 20,458.99   sel     $24,999.00   [strat=friendly_rapport_builder]
   run 5 done in 5.8 min

   run 6/30 on 2022 Toyota RAV4 XLE AWD  seed=20463425
      R 1  buy $  6,982.09   sel     $31,500.00   [strat=friendly_rapport_builder] *
      R 2  buy $    984.24   sel     $30,000.00   [strat=friendly_rapport_builder]
      R 3  buy $ 23,912.69   sel     $29,000.00   [strat=friendly_rapport_builder]
      R 4  buy $ 16,052.41   sel     $27,500.00   [strat=friendly_rapport_builder]
      R 5  buy $ 23,588.81   sel     $26,500.00   [strat=friendly_rapport_builder]
      R 6  buy $    320.35   sel     $26,000.00   [strat=friendly_rapport_builder]
      R 7  buy $ 11,827.73   sel     $26,000.00   [strat=friendly_rapport_builder]
      R 8  buy $  8,283.76   sel     $26,000.00   [strat=friendly_rapport_builder]
      R 9  buy $  1,618.24   sel     $26,000.00   [strat=friendly_rapport_builder]
      R10  buy $ 21,364.57   sel     $25,500.00   [strat=friendly_rapport_builder]
      R11  buy $ 18,120.67   sel     $25,000.00   [strat=friendly_rapport_builder]
      R12  buy $ 10,889.66   sel     $24,500.00   [strat=friendly_rapport_builder]
      R13  buy $ 16,529.98   sel     $24,000.00   [strat=friendly_rapport_builder]
      R14  buy $ 23,936.12   sel     $23,936.12   [strat=friendly_rapport_builder]
      R15  buy $  9,966.87   sel     $23,936.12   [strat=friendly_rapport_builder]
      R16  buy $  2,767.93   sel     $23,500.00   [strat=friendly_rapport_builder]
   run 6 done in 6.2 min

   run 7/30 on 2022 Toyota RAV4 XLE AWD  seed=20463426
      R 1  buy $ 19,225.49   sel     $21,500.00   [strat=friendly_rapport_builder] *
      R 2  buy $  1,817.07   sel     $21,500.00   [strat=friendly_rapport_builder]
      R 3  buy $  3,635.43   sel     $21,500.00   [strat=friendly_rapport_builder]
      R 4  buy $  4,512.37   sel     $21,500.00   [strat=friendly_rapport_builder]
      R 5  buy $ 15,763.88   sel     $20,950.00   [strat=friendly_rapport_builder]
      R 6  buy $  1,437.93   sel     $20,950.00   [strat=friendly_rapport_builder]
      R 7  buy $  3,388.69   sel     $20,899.00   [strat=friendly_rapport_builder]
      R 8  buy $ 13,446.36   sel     $20,500.00   [strat=friendly_rapport_builder]
      R 9  buy $ 11,039.53   sel     $20,500.00   [strat=friendly_rapport_builder]
      R10  buy $  3,828.44   sel     $20,300.00   [strat=friendly_rapport_builder]
      R11  buy $  4,790.01   sel     $20,300.00   [strat=friendly_rapport_builder]
      R12  buy $ 13,262.92   sel     $20,000.00   [strat=friendly_rapport_builder]
      R13  buy $  1,023.70   sel     $20,000.00   [strat=friendly_rapport_builder]
      R14  buy $ 17,817.51   sel     $19,850.00   [strat=friendly_rapport_builder]
      R15  buy $    859.73   sel     $19,800.00   [strat=friendly_rapport_builder]
      R16  buy $  6,258.30   sel     $19,500.00   [strat=friendly_rapport_builder]
   run 7 done in 6.1 min

   run 8/30 on 2022 Toyota RAV4 XLE AWD  seed=20463427
      R 1  buy $ 30,970.40   sel     $31,800.00   [strat=friendly_rapport_builder] *
      R 2  buy $ 24,012.63   sel     $31,500.00   [strat=friendly_rapport_builder]
      R 3  buy $ 21,654.31   sel     $31,200.00   [strat=friendly_rapport_builder]
      R 4  buy $  1,881.65   sel     $31,000.00   [strat=friendly_rapport_builder]
      R 5  buy $ 18,726.21   sel     $31,000.00   [strat=friendly_rapport_builder]
      R 6  buy $ 25,888.82   sel     $30,500.00   [strat=friendly_rapport_builder]
      R 7  buy $ 27,736.49   sel     $30,000.00   [strat=friendly_rapport_builder]
      R 8  buy $  8,460.66   sel     $30,000.00   [strat=friendly_rapport_builder]
      R 9  buy $  3,396.87   sel     $29,500.00   [strat=friendly_rapport_builder]
      R10  buy $ 28,471.15   sel     $29,250.00   [strat=friendly_rapport_builder]
      R11  buy $  1,765.44   sel     $29,000.00   [strat=friendly_rapport_builder]
      R12  buy $  4,717.86   sel     $28,750.00   [strat=friendly_rapport_builder]
      R13  buy $  6,158.81   sel     $28,500.00   [strat=friendly_rapport_builder]
      R14  buy $ 18,207.01   sel     $28,000.00   [strat=friendly_rapport_builder]
      R15  buy $ 22,494.60   sel     $27,500.00   [strat=friendly_rapport_builder]
      R16  buy $ 22,727.16   sel     $27,000.00   [strat=friendly_rapport_builder]
   run 8 done in 6.4 min

   run 9/30 on 2022 Toyota RAV4 XLE AWD  seed=20463428
      R 1  buy $ 28,554.56   sel     $31,250.00   [strat=friendly_rapport_builder] *
      R 2  buy $ 15,065.42   sel     $29,500.00   [strat=friendly_rapport_builder]
      R 3  buy $ 20,985.06   sel     $27,500.00   [strat=friendly_rapport_builder]
      R 4  buy $  9,380.54   sel     $26,900.00   [strat=friendly_rapport_builder]
      R 5  buy $ 14,641.10   sel     $26,500.00   [strat=friendly_rapport_builder]
      R 6  buy $  6,795.45   sel     $26,200.00   [strat=friendly_rapport_builder]
      R 7  buy $ 19,423.74   sel     $26,000.00   [strat=friendly_rapport_builder]
      R 8  buy $ 17,473.26   sel     $25,500.00   [strat=friendly_rapport_builder]
      R 9  buy $ 25,132.64   sel     $25,250.00   [strat=friendly_rapport_builder]
      R10  buy $ 19,500.12   sel     $24,500.00   [strat=friendly_rapport_builder]
      R11  buy $  5,882.93   sel     $24,300.00   [strat=friendly_rapport_builder]
      R12  buy $ 18,977.07   sel     $23,500.00   [strat=friendly_rapport_builder]
      R13  buy $ 20,237.17   sel     $22,500.00   [strat=friendly_rapport_builder]
      R14  buy $  4,554.57   sel     $22,000.00   [strat=friendly_rapport_builder]
      R15  buy $ 17,418.45   sel     $21,500.00   [strat=friendly_rapport_builder]
      R16  buy $  6,969.36   sel     $21,000.00   [strat=friendly_rapport_builder]
   run 9 done in 6.3 min

   run 10/30 on 2022 Toyota RAV4 XLE AWD  seed=20463429
      R 1  buy $ 20,255.70   sel     $23,000.00   [strat=friendly_rapport_builder] *
      R 2  buy $  6,018.98   sel     $23,000.00   [strat=friendly_rapport_builder]
      R 3  buy $ 10,940.77   sel     $23,000.00   [strat=friendly_rapport_builder]
      R 4  buy $ 20,850.34   sel     $21,500.00   [strat=friendly_rapport_builder]
      R 5  buy $ 15,401.89   sel     $21,000.00   [strat=friendly_rapport_builder]
      R 6  buy $ 15,651.64   sel     $20,500.00   [strat=friendly_rapport_builder]
      R 7  buy $  9,455.46   sel     $20,250.00   [strat=friendly_rapport_builder]
      R 8  buy $ 14,090.13   sel     $20,000.00   [strat=friendly_rapport_builder]
      R 9  buy $ 10,348.88   sel     $19,500.00   [strat=friendly_rapport_builder]
      R10  buy $  9,740.63   sel     $19,500.00   [strat=friendly_rapport_builder]
      R11  buy $  7,747.51   sel     $19,250.00   [strat=friendly_rapport_builder]
      R12  buy $    428.73   sel     $19,000.00   [strat=friendly_rapport_builder]
      R13  buy $    659.78   sel     $20,850.00   [strat=friendly_rapport_builder]
      R14  buy $  2,593.71   sel     $20,800.00   [strat=friendly_rapport_builder]
      R15  buy $  5,644.66   sel     $20,800.00   [strat=friendly_rapport_builder]
      R16  buy $ 12,605.34   sel     $20,850.00   [strat=friendly_rapport_builder]
   run 10 done in 8.9 min

   run 11/30 on 2022 Toyota RAV4 XLE AWD  seed=20463430
      R 1  buy $ 12,111.33   sel     $28,500.00   [strat=friendly_rapport_builder] *
      R 2  buy $ 13,105.04   sel     $27,500.00   [strat=friendly_rapport_builder]
      R 3  buy $  4,715.04   sel     $27,500.00   [strat=friendly_rapport_builder]
      R 4  buy $ 12,282.59   sel     $26,500.00   [strat=friendly_rapport_builder]
      R 5  buy $ 14,993.72   sel     $25,500.00   [strat=friendly_rapport_builder]
      R 6  buy $  9,847.74   sel     $24,500.00   [strat=friendly_rapport_builder]
      R 7  buy $ 21,536.40   sel     $23,500.00   [strat=friendly_rapport_builder]
      R 8  buy $  2,197.24   sel     $22,500.00   [strat=friendly_rapport_builder]
      R 9  buy $ 20,077.19   sel     $21,000.00   [strat=friendly_rapport_builder]
      R10  buy $  3,502.84   sel     $20,900.00   [strat=friendly_rapport_builder]
      R11  buy $ 11,700.29   sel     $20,500.00   [strat=friendly_rapport_builder]
      R12  buy $ 12,866.00   sel     $20,400.00   [strat=friendly_rapport_builder]
      R13  buy $ 12,813.08   sel     $20,300.00   [strat=friendly_rapport_builder]
      R14  buy $ 10,086.17   sel     $20,900.00   [strat=friendly_rapport_builder]
      R15  buy $  8,783.15   sel     $20,800.00   [strat=friendly_rapport_builder]
      R16  buy $ 19,827.59   sel     $20,800.00   [strat=friendly_rapport_builder]
   run 11 done in 9.0 min

   run 12/30 on 2022 Toyota RAV4 XLE AWD  seed=20463431
      R 1  buy $ 20,242.66   sel     $31,500.00   [strat=friendly_rapport_builder] *
      R 2  buy $  6,920.15   sel     $29,500.00   [strat=friendly_rapport_builder]
      R 3  buy $  9,235.51   sel     $28,500.00   [strat=friendly_rapport_builder]
      R 4  buy $  4,830.14   sel     $27,900.00   [strat=friendly_rapport_builder]
      R 5  buy $ 26,503.52   sel     $27,900.00   [strat=friendly_rapport_builder]
      R 6  buy $ 20,190.60   sel     $27,700.00   [strat=friendly_rapport_builder]
      R 7  buy $ 16,342.67   sel     $27,700.00   [strat=friendly_rapport_builder]
      R 8  buy $  8,034.10   sel     $27,500.00   [strat=friendly_rapport_builder]
      R 9  buy $ 21,324.29   sel     $26,500.00   [strat=friendly_rapport_builder]
      R10  buy $ 20,532.13   sel     $25,000.00   [strat=friendly_rapport_builder]
      R11  buy $ 11,670.07   sel     $24,000.00   [strat=friendly_rapport_builder]
      R12  buy $ 22,878.03   sel     $23,500.00   [strat=friendly_rapport_builder]
      R13  buy $    356.38   sel     $23,000.00   [strat=friendly_rapport_builder]
      R14  buy $  1,432.05   sel     $22,500.00   [strat=friendly_rapport_builder]
      R15  buy $    638.61   sel     $22,000.00   [strat=friendly_rapport_builder]
      R16  buy $  2,340.03   sel     $21,500.00   [strat=friendly_rapport_builder]
   run 12 done in 6.5 min

   run 13/30 on 2022 Toyota RAV4 XLE AWD  seed=20463432
      R 1  buy $ 24,878.08   sel     $28,500.00   [strat=friendly_rapport_builder] *
      R 2  buy $ 13,460.23   sel     $27,500.00   [strat=friendly_rapport_builder]
      R 3  buy $ 11,368.58   sel     $26,500.00   [strat=friendly_rapport_builder]
      R 4  buy $  6,431.56   sel     $26,000.00   [strat=friendly_rapport_builder]
      R 5  buy $ 24,319.68   sel     $25,500.00   [strat=friendly_rapport_builder]
      R 6  buy $    710.64   sel     $25,000.00   [strat=friendly_rapport_builder]
      R 7  buy $ 16,056.15   sel     $24,500.00   [strat=friendly_rapport_builder]
      R 8  buy $ 16,620.63   sel     $24,000.00   [strat=friendly_rapport_builder]
      R 9  buy $ 21,937.52   sel     $23,500.00   [strat=friendly_rapport_builder]
      R10  buy $  2,756.51   sel     $23,000.00   [strat=friendly_rapport_builder]
      R11  buy $  5,418.48   sel     $22,500.00   [strat=friendly_rapport_builder]
      R12  buy $ 17,622.19   sel     $22,000.00   [strat=friendly_rapport_builder]
      R13  buy $  9,744.80   sel     $21,500.00   [strat=friendly_rapport_builder]
      R14  buy $ 17,316.83   sel     $21,000.00   [strat=friendly_rapport_builder]
      R15  buy $ 20,521.86   sel     $20,900.00   [strat=friendly_rapport_builder]
      R16  buy $  8,592.67   sel     $20,800.00   [strat=friendly_rapport_builder]
   run 13 done in 5.5 min

   run 14/30 on 2022 Toyota RAV4 XLE AWD  seed=20463433
      R 1  buy $ 21,729.22   sel     $22,500.00   [strat=friendly_rapport_builder] *
      R 2  buy $ 11,401.79   sel     $22,000.00   [strat=friendly_rapport_builder]
      R 3  buy $    300.38   sel     $22,000.00   [strat=friendly_rapport_builder]
      R 4  buy $  5,889.13   sel     $21,800.00   [strat=friendly_rapport_builder]
      R 5  buy $  3,033.09   sel     $21,800.00   [strat=friendly_rapport_builder]
      R 6  buy $  7,307.53   sel     $21,700.00   [strat=friendly_rapport_builder]
      R 7  buy $  2,163.76   sel     $21,600.00   [strat=friendly_rapport_builder]
      R 8  buy $  7,988.30   sel     $21,500.00   [strat=friendly_rapport_builder]
      R 9  buy $  6,811.52   sel     $21,400.00   [strat=friendly_rapport_builder]
      R10  buy $ 14,848.48   sel     $21,200.00   [strat=friendly_rapport_builder]
      R11  buy $ 18,053.14   sel     $21,000.00   [strat=friendly_rapport_builder]
      R12  buy $ 14,529.91   sel     $20,800.00   [strat=friendly_rapport_builder]
      R13  buy $ 19,235.10   sel     $20,600.00   [strat=friendly_rapport_builder]
      R14  buy $  8,678.25   sel     $20,900.00   [strat=friendly_rapport_builder]
      R15  buy $ 13,240.14   sel     $20,850.00   [strat=friendly_rapport_builder]
      R16  buy $ 13,500.84   sel     $20,800.00   [strat=friendly_rapport_builder]
   run 14 done in 8.3 min

   run 15/30 on 2022 Toyota RAV4 XLE AWD  seed=20463434
      R 1  buy $ 14,931.25   sel     $29,500.00   [strat=friendly_rapport_builder] *
      R 2  buy $ 27,333.27   sel     $28,500.00   [strat=friendly_rapport_builder]
      R 3  buy $ 19,403.47   sel     $27,900.00   [strat=friendly_rapport_builder]
      R 4  buy $  8,338.95   sel     $27,500.00   [strat=friendly_rapport_builder]
      R 5  buy $  8,962.85   sel     $27,000.00   [strat=friendly_rapport_builder]
      R 6  buy $ 13,338.40   sel     $26,500.00   [strat=friendly_rapport_builder]
      R 7  buy $ 24,578.90   sel     $25,500.00   [strat=friendly_rapport_builder]
      R 8  buy $ 15,827.08   sel     $25,000.00   [strat=friendly_rapport_builder]
      R 9  buy $ 11,013.96   sel     $24,500.00   [strat=friendly_rapport_builder]
      R10  buy $ 20,500.01   sel     $24,000.00   [strat=friendly_rapport_builder]
      R11  buy $ 11,926.27   sel     $23,500.00   [strat=friendly_rapport_builder]
      R12  buy $ 14,424.07   sel     $23,000.00   [strat=friendly_rapport_builder]
      R13  buy $ 12,563.42   sel     $22,500.00   [strat=friendly_rapport_builder]
      R14  buy $ 21,444.68   sel     $22,000.00   [strat=friendly_rapport_builder]
      R15  buy $ 15,415.50   sel     $21,500.00   [strat=friendly_rapport_builder]
      R16  buy $  7,181.00   sel     $21,000.00   [strat=friendly_rapport_builder]
   run 15 done in 6.6 min

   run 16/30 on 2022 Toyota RAV4 XLE AWD  seed=20463435
      R 1  buy $ 25,794.12   sel     $29,995.00   [strat=friendly_rapport_builder] *
      R 2  buy $ 22,021.36   sel     $28,500.00   [strat=friendly_rapport_builder]
      R 3  buy $  1,977.07   sel     $27,900.00   [strat=friendly_rapport_builder]
      R 4  buy $ 20,653.61   sel     $27,500.00   [strat=friendly_rapport_builder]
      R 5  buy $  7,239.51   sel     $26,500.00   [strat=friendly_rapport_builder]
      R 6  buy $  6,379.58   sel     $26,000.00   [strat=friendly_rapport_builder]
      R 7  buy $  9,417.96   sel     $25,750.00   [strat=friendly_rapport_builder]
      R 8  buy $ 25,305.10   sel     $25,600.00   [strat=friendly_rapport_builder]
      R 9  buy $ 23,736.45   sel     $25,250.00   [strat=friendly_rapport_builder]
      R10  buy $ 23,534.94   sel     $24,500.00   [strat=friendly_rapport_builder]
      R11  buy $  4,514.35   sel     $24,000.00   [strat=friendly_rapport_builder]
      R12  buy $ 15,629.35   sel     $23,750.00   [strat=friendly_rapport_builder]
      R13  buy $ 17,785.96   sel     $23,534.94   [strat=friendly_rapport_builder]
      R14  buy $ 17,350.37   sel     $23,000.00   [strat=friendly_rapport_builder]
      R15  buy $ 20,402.34   sel     $22,500.00   [strat=friendly_rapport_builder]
      R16  buy $  8,541.24   sel     $23,000.00   [strat=friendly_rapport_builder]
   run 16 done in 6.6 min

   run 17/30 on 2022 Toyota RAV4 XLE AWD  seed=20463436
      R 1  buy $  1,203.55   sel     $30,995.00   [strat=friendly_rapport_builder] *
      R 2  buy $ 23,960.83   sel     $29,500.00   [strat=friendly_rapport_builder]
      R 3  buy $ 26,616.80   sel     $28,500.00   [strat=friendly_rapport_builder]
      R 4  buy $ 28,399.32   sel     $28,399.32   [strat=friendly_rapport_builder]
      R 5  buy $ 21,988.46   sel     $28,000.00   [strat=friendly_rapport_builder]
      R 6  buy $ 25,420.41   sel     $27,500.00   [strat=friendly_rapport_builder]
      R 7  buy $ 22,862.20   sel     $26,000.00   [strat=friendly_rapport_builder]
      R 8  buy $ 22,467.06   sel     $25,500.00   [strat=friendly_rapport_builder]
      R 9  buy $  9,614.98   sel     $24,800.00   [strat=friendly_rapport_builder]
      R10  buy $ 22,518.24   sel     $24,500.00   [strat=friendly_rapport_builder]
      R11  buy $ 15,817.15   sel     $24,000.00   [strat=friendly_rapport_builder]
      R12  buy $ 10,918.04   sel     $23,500.00   [strat=friendly_rapport_builder]
      R13  buy $ 15,911.54   sel     $23,000.00   [strat=friendly_rapport_builder]
      R14  buy $ 19,385.35   sel     $22,500.00   [strat=friendly_rapport_builder]
      R15  buy $ 17,111.50   sel     $22,000.00   [strat=friendly_rapport_builder]
      R16  buy $  7,601.51   sel     $21,500.00   [strat=friendly_rapport_builder]
   run 17 done in 6.2 min

   run 18/30 on 2022 Toyota RAV4 XLE AWD  seed=20463437
      R 1  buy $  5,711.15   sel     $31,500.00   [strat=friendly_rapport_builder] *
      R 2  buy $ 21,006.33   sel     $28,000.00   [strat=friendly_rapport_builder]
      R 3  buy $ 27,476.70   sel     $27,750.00   [strat=friendly_rapport_builder]
      R 4  buy $ 23,850.55   sel     $26,000.00   [strat=friendly_rapport_builder]
      R 5  buy $ 10,139.66   sel     $26,000.00   [strat=friendly_rapport_builder]
      R 6  buy $ 10,418.37   sel     $27,613.35   [strat=friendly_rapport_builder]
      R 7  buy $ 23,199.93   sel     $26,000.00   [strat=friendly_rapport_builder]
      R 8  buy $  1,176.39   sel     $27,613.35   [strat=friendly_rapport_builder]
      R 9  buy $ 19,432.03   sel     $26,500.00   [strat=friendly_rapport_builder]
      R10  buy $ 24,922.36   sel     $26,000.00   [strat=friendly_rapport_builder]
      R11  buy $ 25,566.31   sel     $25,800.00   [strat=friendly_rapport_builder]
      R12  buy $ 17,526.61   sel     $25,800.00   [strat=friendly_rapport_builder]
      R13  buy $ 12,752.06   sel     $25,700.00   [strat=friendly_rapport_builder]
      R14  buy $  6,676.21   sel     $25,650.00   [strat=friendly_rapport_builder]
      R15  buy $ 16,084.63   sel     $25,600.00   [strat=friendly_rapport_builder]
      R16  buy $  6,870.11   sel     $25,500.00   [strat=friendly_rapport_builder]
   run 18 done in 6.8 min

   run 19/30 on 2022 Toyota RAV4 XLE AWD  seed=20463438
      R 1  buy $ 27,363.27   sel     $29,500.00   [strat=friendly_rapport_builder] *
      R 2  buy $  5,652.92   sel     $29,200.00   [strat=friendly_rapport_builder]
      R 3  buy $  2,864.89   sel     $28,800.00   [strat=friendly_rapport_builder]
      R 4  buy $  6,343.97   sel     $28,500.00   [strat=friendly_rapport_builder]
      R 5  buy $  8,408.54   sel     $28,200.00   [strat=friendly_rapport_builder]
      R 6  buy $ 20,857.13   sel     $27,800.00   [strat=friendly_rapport_builder]
      R 7  buy $  2,037.53   sel     $27,000.00   [strat=friendly_rapport_builder]
      R 8  buy $ 17,038.89   sel     $26,500.00   [strat=friendly_rapport_builder]
      R 9  buy $ 15,332.27   sel     $25,500.00   [strat=friendly_rapport_builder]
      R10  buy $  7,146.30   sel     $25,000.00   [strat=friendly_rapport_builder]
      R11  buy $ 19,046.36   sel     $24,000.00   [strat=friendly_rapport_builder]
      R12  buy $  4,545.58   sel     $23,500.00   [strat=friendly_rapport_builder]
      R13  buy $ 17,633.82   sel     $22,000.00   [strat=friendly_rapport_builder]
      R14  buy $  5,441.89   sel     $21,500.00   [strat=friendly_rapport_builder]
      R15  buy $ 20,565.09   sel     $20,800.00   [strat=friendly_rapport_builder]
      R16  buy $ 16,476.81   sel     $20,000.00   [strat=friendly_rapport_builder]
   run 19 done in 6.1 min

   run 20/30 on 2022 Toyota RAV4 XLE AWD  seed=20463439
      R 1  buy $  1,137.11   sel     $30,000.00   [strat=friendly_rapport_builder] *
      R 2  buy $ 29,256.90   sel     $29,800.00   [strat=friendly_rapport_builder]
      R 3  buy $ 25,599.16   sel     $28,500.00   [strat=friendly_rapport_builder]
      R 4  buy $ 23,082.21   sel     $27,500.00   [strat=friendly_rapport_builder]
      R 5  buy $ 10,713.58   sel     $27,000.00   [strat=friendly_rapport_builder]
      R 6  buy $  6,519.01   sel     $26,500.00   [strat=friendly_rapport_builder]
      R 7  buy $ 13,235.33   sel     $26,000.00   [strat=friendly_rapport_builder]
      R 8  buy $ 13,906.11   sel     $25,500.00   [strat=friendly_rapport_builder]
      R 9  buy $  8,306.22   sel     $25,000.00   [strat=friendly_rapport_builder]
      R10  buy $  6,053.37   sel     $24,500.00   [strat=friendly_rapport_builder]
      R11  buy $ 20,361.26   sel     $23,500.00   [strat=friendly_rapport_builder]
      R12  buy $  5,671.99   sel     $23,000.00   [strat=friendly_rapport_builder]
      R13  buy $ 20,902.55   sel     $21,500.00   [strat=friendly_rapport_builder]
      R14  buy $ 17,844.83   sel     $21,000.00   [strat=friendly_rapport_builder]
      R15  buy $ 18,964.83   sel     $20,000.00   [strat=friendly_rapport_builder]
      R16  buy $  2,839.87   sel     $20,000.00   [strat=friendly_rapport_builder]
   run 20 done in 7.1 min

   run 21/30 on 2022 Toyota RAV4 XLE AWD  seed=20463440
      R 1  buy $  3,664.51   sel     $31,500.00   [strat=friendly_rapport_builder] *
      R 2  buy $  1,472.62   sel     $30,500.00   [strat=friendly_rapport_builder]
      R 3  buy $ 20,629.59   sel     $28,500.00   [strat=friendly_rapport_builder]
      R 4  buy $ 17,975.09   sel     $27,000.00   [strat=friendly_rapport_builder]
      R 5  buy $ 14,187.81   sel     $26,500.00   [strat=friendly_rapport_builder]
      R 6  buy $  3,276.39   sel     $25,500.00   [strat=friendly_rapport_builder]
      R 7  buy $ 12,334.13   sel     $24,000.00   [strat=friendly_rapport_builder]
      R 8  buy $    225.34   sel     $23,500.00   [strat=friendly_rapport_builder]
      R 9  buy $ 16,729.64   sel     $22,500.00   [strat=friendly_rapport_builder]
      R10  buy $ 19,191.73   sel     $21,500.00   [strat=friendly_rapport_builder]
      R11  buy $ 21,159.21   sel     $21,500.00   [strat=friendly_rapport_builder]
      R12  buy $    797.37   sel     $21,500.00   [strat=friendly_rapport_builder]
      R13  buy $ 17,580.06   sel     $21,000.00   [strat=friendly_rapport_builder]
      R14  buy $  9,722.15   sel     $20,900.00   [strat=friendly_rapport_builder]
      R15  buy $ 13,111.05   sel     $20,850.00   [strat=friendly_rapport_builder]
      R16  buy $ 19,561.77   sel     $20,500.00   [strat=friendly_rapport_builder]
   run 21 done in 6.8 min

   run 22/30 on 2022 Toyota RAV4 XLE AWD  seed=20463441
      R 1  buy $ 28,308.79   sel     $30,995.00   [strat=friendly_rapport_builder] *
      R 2  buy $    652.72   sel     $29,995.00   [strat=friendly_rapport_builder]
      R 3  buy $ 18,249.10   sel     $28,500.00   [strat=friendly_rapport_builder]
      R 4  buy $     67.48   sel     $28,500.00   [strat=friendly_rapport_builder]
      R 5  buy $  8,638.43   sel     $27,999.00   [strat=friendly_rapport_builder]
      R 6  buy $ 12,210.02   sel     $27,500.00   [strat=friendly_rapport_builder]
      R 7  buy $ 22,787.48   sel     $26,500.00   [strat=friendly_rapport_builder]
      R 8  buy $  5,804.41   sel     $26,000.00   [strat=friendly_rapport_builder]
      R 9  buy $ 23,744.95   sel     $25,500.00   [strat=friendly_rapport_builder]
      R10  buy $ 15,893.97   sel     $25,000.00   [strat=friendly_rapport_builder]
      R11  buy $  8,240.45   sel     $24,500.00   [strat=friendly_rapport_builder]
      R12  buy $ 18,897.62   sel     $24,000.00   [strat=friendly_rapport_builder]
      R13  buy $  1,558.47   sel     $23,500.00   [strat=friendly_rapport_builder]
      R14  buy $  4,481.47   sel     $23,000.00   [strat=friendly_rapport_builder]
      R15  buy $  7,473.72   sel     $22,500.00   [strat=friendly_rapport_builder]
      R16  buy $  7,882.31   sel     $22,000.00   [strat=friendly_rapport_builder]
   run 22 done in 6.3 min

   run 23/30 on 2022 Toyota RAV4 XLE AWD  seed=20463442
      R 1  buy $  3,913.09   sel     $30,995.00   [strat=friendly_rapport_builder] *
      R 2  buy $ 25,477.35   sel     $27,995.00   [strat=friendly_rapport_builder]
      R 3  buy $  4,559.38   sel     $27,995.00   [strat=friendly_rapport_builder]
      R 4  buy $  3,476.69   sel     $27,500.00   [strat=friendly_rapport_builder]
      R 5  buy $  6,732.26   sel     $27,200.00   [strat=friendly_rapport_builder]
      R 6  buy $ 21,030.97   sel     $21,500.00   [strat=friendly_rapport_builder]
      R 7  buy $  7,183.09   sel     $21,500.00   [strat=friendly_rapport_builder]
      R 8  buy $ 13,162.11   sel     $21,500.00   [strat=friendly_rapport_builder]
      R 9  buy $ 18,979.61   sel     $21,500.00   [strat=friendly_rapport_builder]
      R10  buy $ 20,175.36   sel     $21,000.00   [strat=friendly_rapport_builder]
      R11  buy $  5,949.96   sel     $21,000.00   [strat=friendly_rapport_builder]
      R12  buy $  3,027.01   sel     $21,000.00   [strat=friendly_rapport_builder]
      R13  buy $  4,510.99   sel     $21,000.00   [strat=friendly_rapport_builder]
      R14  buy $ 10,103.78   sel     $21,000.00   [strat=friendly_rapport_builder]
      R15  buy $ 18,098.24   sel     $21,000.00   [strat=friendly_rapport_builder]
      R16  buy $  5,469.38   sel     $21,000.00   [strat=friendly_rapport_builder]
   run 23 done in 5.7 min

   run 24/30 on 2022 Toyota RAV4 XLE AWD  seed=20463443
      R 1  buy $ 17,479.71   sel     $29,995.00   [strat=friendly_rapport_builder] *
      R 2  buy $ 17,900.00   sel     $27,995.00   [strat=friendly_rapport_builder]
      R 3  buy $  5,200.27   sel     $25,995.00   [strat=friendly_rapport_builder]
      R 4  buy $  9,409.20   sel     $24,995.00   [strat=friendly_rapport_builder]
      R 5  buy $ 18,586.51   sel     $24,500.00   [strat=friendly_rapport_builder]
      R 6  buy $  4,638.84   sel     $24,500.00   [strat=friendly_rapport_builder]
      R 7  buy $  4,042.78   sel     $23,995.00   [strat=friendly_rapport_builder]
      R 8  buy $    369.78   sel     $23,500.00   [strat=friendly_rapport_builder]
      R 9  buy $ 12,560.18   sel     $23,000.00   [strat=friendly_rapport_builder]
      R10  buy $ 16,674.42   sel     $22,500.00   [strat=friendly_rapport_builder]
      R11  buy $  6,793.48   sel     $22,000.00   [strat=friendly_rapport_builder]
      R12  buy $  9,425.73   sel     $21,500.00   [strat=friendly_rapport_builder]
      R13  buy $  8,460.01   sel     $21,000.00   [strat=friendly_rapport_builder]
      R14  buy $  1,197.20   sel     $20,900.00   [strat=friendly_rapport_builder]
      R15  buy $  4,154.71   sel     $20,800.00   [strat=friendly_rapport_builder]
      R16  buy $  6,005.78   sel     $20,750.00   [strat=friendly_rapport_builder]
   run 24 done in 6.0 min

   run 25/30 on 2022 Toyota RAV4 XLE AWD  seed=20463444
      R 1  buy $ 29,875.32   sel     $31,500.00   [strat=friendly_rapport_builder] *
      R 2  buy $ 30,356.75   sel     $31,000.00   [strat=friendly_rapport_builder]
      R 3  buy $  5,262.89   sel     $30,500.00   [strat=friendly_rapport_builder]
      R 4  buy $ 19,641.55   sel     $30,000.00   [strat=friendly_rapport_builder]
      R 5  buy $ 27,190.61   sel     $29,500.00   [strat=friendly_rapport_builder]
      R 6  buy $ 13,715.94   sel     $29,000.00   [strat=friendly_rapport_builder]
      R 7  buy $ 28,646.32   sel     $28,800.00   [strat=friendly_rapport_builder]
      R 8  buy $ 26,459.19   sel     $27,500.00   [strat=friendly_rapport_builder]
      R 9  buy $  3,966.61   sel     $27,000.00   [strat=friendly_rapport_builder]
      R10  buy $     88.22   sel     $27,000.00   [strat=friendly_rapport_builder]
      R11  buy $ 11,411.36   sel     $26,500.00   [strat=friendly_rapport_builder]
      R12  buy $     17.23   sel     $26,000.00   [strat=friendly_rapport_builder]
      R13  buy $ 11,845.00   sel     $25,500.00   [strat=friendly_rapport_builder]
      R14  buy $     77.16   sel     $25,000.00   [strat=friendly_rapport_builder]
      R15  buy $  2,549.53   sel     $24,500.00   [strat=friendly_rapport_builder]
      R16  buy $     41.19   sel     $24,000.00   [strat=friendly_rapport_builder]
   run 25 done in 4.7 min

   run 26/30 on 2022 Toyota RAV4 XLE AWD  seed=20463445
      R 1  buy $ 15,283.90   sel     $28,995.00   [strat=friendly_rapport_builder] *
      R 2  buy $ 20,902.21   sel     $27,499.00   [strat=friendly_rapport_builder]
      R 3  buy $  2,464.43   sel     $26,500.00   [strat=friendly_rapport_builder]
      R 4  buy $ 17,004.47   sel     $25,999.00   [strat=friendly_rapport_builder]
      R 5  buy $  9,975.54   sel     $25,500.00   [strat=friendly_rapport_builder]
      R 6  buy $  3,980.75   sel     $25,000.00   [strat=friendly_rapport_builder]
      R 7  buy $ 12,848.68   sel     $24,999.00   [strat=friendly_rapport_builder]
      R 8  buy $ 11,829.03   sel     $24,500.00   [strat=friendly_rapport_builder]
      R 9  buy $ 18,846.44   sel     $24,000.00   [strat=friendly_rapport_builder]
      R10  buy $  5,016.01   sel     $23,500.00   [strat=friendly_rapport_builder]
      R11  buy $ 22,670.45   sel     $23,000.00   [strat=friendly_rapport_builder]
      R12  buy $ 13,798.90   sel     $22,500.00   [strat=friendly_rapport_builder]
      R13  buy $ 11,757.24   sel     $22,000.00   [strat=friendly_rapport_builder]
      R14  buy $  4,765.64   sel     $21,500.00   [strat=friendly_rapport_builder]
      R15  buy $ 19,007.05   sel     $21,000.00   [strat=friendly_rapport_builder]
      R16  buy $  7,429.64   sel     $20,500.00   [strat=friendly_rapport_builder]
   run 26 done in 6.3 min

   run 27/30 on 2022 Toyota RAV4 XLE AWD  seed=20463446
      R 1  buy $  6,554.86   sel     $31,499.00   [strat=friendly_rapport_builder] *
      R 2  buy $ 28,466.80   sel     $30,499.00   [strat=friendly_rapport_builder]
      R 3  buy $  2,315.83   sel     $30,499.00   [strat=friendly_rapport_builder]
      R 4  buy $  7,309.33   sel     $29,999.00   [strat=friendly_rapport_builder]
      R 5  buy $  2,556.16   sel     $29,500.00   [strat=friendly_rapport_builder]
      R 6  buy $    712.48   sel     $28,900.00   [strat=friendly_rapport_builder]
      R 7  buy $ 19,569.20   sel     $28,500.00   [strat=friendly_rapport_builder]
      R 8  buy $  3,245.35   sel     $27,900.00   [strat=friendly_rapport_builder]
      R 9  buy $ 18,485.13   sel     $27,500.00   [strat=friendly_rapport_builder]
      R10  buy $ 11,281.88   sel     $27,000.00   [strat=friendly_rapport_builder]
      R11  buy $  6,645.04   sel     $26,500.00   [strat=friendly_rapport_builder]
      R12  buy $    785.95   sel     $26,000.00   [strat=friendly_rapport_builder]
      R13  buy $ 11,296.53   sel     $25,500.00   [strat=friendly_rapport_builder]
      R14  buy $ 23,551.90   sel     $24,000.00   [strat=friendly_rapport_builder]
      R15  buy $  3,876.86   sel     $23,500.00   [strat=friendly_rapport_builder]
      R16  buy $  2,566.47   sel     $22,500.00   [strat=friendly_rapport_builder]
   run 27 done in 5.4 min

   run 28/30 on 2022 Toyota RAV4 XLE AWD  seed=20463447
      R 1  buy $  9,095.66   sel     $30,995.00   [strat=friendly_rapport_builder] *
      R 2  buy $ 15,691.64   sel     $28,995.00   [strat=friendly_rapport_builder]
      R 3  buy $ 26,127.42   sel     $27,500.00   [strat=friendly_rapport_builder]
      R 4  buy $ 22,551.63   sel     $26,500.00   [strat=friendly_rapport_builder]
      R 5  buy $ 22,597.85   sel     $25,500.00   [strat=friendly_rapport_builder]
      R 6  buy $ 17,291.33   sel     $24,500.00   [strat=friendly_rapport_builder]
      R 7  buy $  7,689.95   sel     $24,000.00   [strat=friendly_rapport_builder]
      R 8  buy $  1,347.27   sel     $24,000.00   [strat=friendly_rapport_builder]
      R 9  buy $ 11,023.41   sel     $23,500.00   [strat=friendly_rapport_builder]
      R10  buy $  9,447.22   sel     $23,000.00   [strat=friendly_rapport_builder]
      R11  buy $ 13,983.55   sel     $22,500.00   [strat=friendly_rapport_builder]
      R12  buy $ 19,150.67   sel     $22,000.00   [strat=friendly_rapport_builder]
      R13  buy $ 13,959.44   sel     $21,500.00   [strat=friendly_rapport_builder]
      R14  buy $ 14,071.95   sel     $21,000.00   [strat=friendly_rapport_builder]
      R15  buy $ 17,130.31   sel     $20,500.00   [strat=friendly_rapport_builder]
      R16  buy $  5,725.72   sel     $21,500.00   [strat=friendly_rapport_builder]
   run 28 done in 5.3 min

   run 29/30 on 2022 Toyota RAV4 XLE AWD  seed=20463448
      R 1  buy $ 30,063.37   sel     $31,500.00   [strat=friendly_rapport_builder] *
      R 2  buy $    710.64   sel     $31,000.00   [strat=friendly_rapport_builder]
      R 3  buy $ 24,722.72   sel     $29,500.00   [strat=friendly_rapport_builder]
      R 4  buy $ 12,648.55   sel     $28,500.00   [strat=friendly_rapport_builder]
      R 5  buy $ 16,329.42   sel     $27,500.00   [strat=friendly_rapport_builder]
      R 6  buy $  8,712.25   sel     $26,500.00   [strat=friendly_rapport_builder]
      R 7  buy $  7,810.73   sel     $25,000.00   [strat=friendly_rapport_builder]
      R 8  buy $ 21,931.20   sel     $24,500.00   [strat=friendly_rapport_builder]
      R 9  buy $ 18,714.46   sel     $23,500.00   [strat=friendly_rapport_builder]
      R10  buy $  7,001.62   sel     $23,500.00   [strat=friendly_rapport_builder]
      R11  buy $  4,919.78   sel     $23,000.00   [strat=friendly_rapport_builder]
      R12  buy $  6,239.97   sel     $22,500.00   [strat=friendly_rapport_builder]
      R13  buy $ 10,512.45   sel     $21,500.00   [strat=friendly_rapport_builder]
      R14  buy $ 19,692.63   sel     $21,000.00   [strat=friendly_rapport_builder]
      R15  buy $ 10,817.10   sel     $20,500.00   [strat=friendly_rapport_builder]
      R16  buy $  8,238.43   sel     $20,000.00   [strat=friendly_rapport_builder]
   run 29 done in 6.0 min

   run 30/30 on 2022 Toyota RAV4 XLE AWD  seed=20463449
      R 1  buy $ 27,515.94   sel     $31,500.00   [strat=friendly_rapport_builder] *
      R 2  buy $ 17,497.20   sel     $30,000.00   [strat=friendly_rapport_builder]
      R 3  buy $ 10,802.34   sel     $29,500.00   [strat=friendly_rapport_builder]
      R 4  buy $ 15,284.56   sel     $28,900.00   [strat=friendly_rapport_builder]
      R 5  buy $  7,420.26   sel     $28,500.00   [strat=friendly_rapport_builder]
      R 6  buy $    534.08   sel     $28,000.00   [strat=friendly_rapport_builder]
      R 7  buy $ 22,483.36   sel     $27,000.00   [strat=friendly_rapport_builder]
      R 8  buy $ 26,293.59   sel     $26,800.00   [strat=friendly_rapport_builder]
      R 9  buy $ 17,934.47   sel     $26,500.00   [strat=friendly_rapport_builder]
      R10  buy $  1,709.34   sel     $26,000.00   [strat=friendly_rapport_builder]
      R11  buy $ 20,039.80   sel     $24,500.00   [strat=friendly_rapport_builder]
      R12  buy $ 13,635.11   sel     $24,000.00   [strat=friendly_rapport_builder]
      R13  buy $ 13,578.64   sel     $23,500.00   [strat=friendly_rapport_builder]
      R14  buy $ 18,059.38   sel     $23,000.00   [strat=friendly_rapport_builder]
      R15  buy $  4,777.49   sel     $22,500.00   [strat=friendly_rapport_builder]
      R16  buy $ 13,740.14   sel     $22,000.00   [strat=friendly_rapport_builder]
   run 30 done in 5.4 min

   ---> checkpoint: car 4/5 done in 189.1 min; total so far 700.7 min; saved 120 runs to exp02_fixed_friendly_rapport_builder.json

--- CAR 5/5: 2023 Ford Mustang GT Premium  (M=$45,000.00  cost=$36,000.00  cost/M=80.00%) ---

   run 1/30 on 2023 Ford Mustang GT Premium  seed=20464420
      R 1  buy $  4,231.03   sel     $43,995.00   [strat=friendly_rapport_builder] *
      R 2  buy $ 20,577.48   sel     $42,500.00   [strat=friendly_rapport_builder]
      R 3  buy $ 21,507.24   sel     $42,000.00   [strat=friendly_rapport_builder]
      R 4  buy $ 18,724.33   sel     $41,500.00   [strat=friendly_rapport_builder]
      R 5  buy $  6,135.51   sel     $41,000.00   [strat=friendly_rapport_builder]
      R 6  buy $ 33,549.11   sel     $40,000.00   [strat=friendly_rapport_builder]
      R 7  buy $  1,880.65   sel     $39,500.00   [strat=friendly_rapport_builder]
      R 8  buy $ 23,276.89   sel     $39,000.00   [strat=friendly_rapport_builder]
      R 9  buy $ 28,378.64   sel     $38,500.00   [strat=friendly_rapport_builder]
      R10  buy $ 19,699.12   sel     $38,000.00   [strat=friendly_rapport_builder]
      R11  buy $ 20,306.77   sel     $37,500.00   [strat=friendly_rapport_builder]
      R12  buy $  2,160.47   sel     $37,000.00   [strat=friendly_rapport_builder]
      R13  buy $ 18,323.86   sel     $36,500.00   [strat=friendly_rapport_builder]
      R14  buy $ 22,965.30   sel     $36,250.00   [strat=friendly_rapport_builder]
      R15  buy $ 15,137.48   sel     $36,000.00   [strat=friendly_rapport_builder]
      R16  buy $  3,819.86   sel     $35,900.00   [strat=friendly_rapport_builder]
   run 1 done in 6.6 min

   run 2/30 on 2023 Ford Mustang GT Premium  seed=20464421
      R 1  buy $ 16,833.44   sel     $42,500.00   [strat=friendly_rapport_builder] *
      R 2  buy $ 32,478.19   sel     $41,500.00   [strat=friendly_rapport_builder]
      R 3  buy $ 13,238.21   sel     $41,000.00   [strat=friendly_rapport_builder]
      R 4  buy $  5,709.49   sel     $40,500.00   [strat=friendly_rapport_builder]
      R 5  buy $ 39,223.96   sel     $39,800.00   [strat=friendly_rapport_builder]
      R 6  buy $ 26,480.30   sel     $39,800.00   [strat=friendly_rapport_builder]
      R 7  buy $  1,184.46   sel     $39,800.00   [strat=friendly_rapport_builder]
      R 8  buy $  1,370.95   sel     $39,500.00   [strat=friendly_rapport_builder]
      R 9  buy $  5,119.43   sel     $39,500.00   [strat=friendly_rapport_builder]
      R10  buy $  3,273.67   sel     $39,000.00   [strat=friendly_rapport_builder]
      R11  buy $ 24,972.51   sel     $38,500.00   [strat=friendly_rapport_builder]
      R12  buy $  9,892.83   sel     $38,000.00   [strat=friendly_rapport_builder]
      R13  buy $ 18,204.50   sel     $37,500.00   [strat=friendly_rapport_builder]
      R14  buy $ 30,148.85   sel     $37,000.00   [strat=friendly_rapport_builder]
      R15  buy $ 12,501.69   sel     $36,500.00   [strat=friendly_rapport_builder]
      R16  buy $ 13,407.32   sel     $36,500.00   [strat=friendly_rapport_builder]
   run 2 done in 4.8 min

   run 3/30 on 2023 Ford Mustang GT Premium  seed=20464422
      R 1  buy $ 43,823.30   sel     $45,500.00   [strat=friendly_rapport_builder] *
      R 2  buy $ 32,019.52   sel     $44,500.00   [strat=friendly_rapport_builder]
      R 3  buy $ 12,535.17   sel     $44,000.00   [strat=friendly_rapport_builder]
      R 4  buy $ 14,875.60   sel     $44,000.00   [strat=friendly_rapport_builder]
      R 5  buy $ 35,925.15   sel     $43,000.00   [strat=friendly_rapport_builder]
      R 6  buy $ 31,971.43   sel     $42,000.00   [strat=friendly_rapport_builder]
      R 7  buy $ 14,330.94   sel     $41,000.00   [strat=friendly_rapport_builder]
      R 8  buy $ 27,144.37   sel     $40,000.00   [strat=friendly_rapport_builder]
      R 9  buy $ 31,725.77   sel     $39,500.00   [strat=friendly_rapport_builder]
      R10  buy $ 18,379.13   sel     $39,000.00   [strat=friendly_rapport_builder]
      R11  buy $ 18,634.14   sel     $38,500.00   [strat=friendly_rapport_builder]
      R12  buy $ 25,853.16   sel     $38,000.00   [strat=friendly_rapport_builder]
      R13  buy $ 28,533.72   sel     $37,500.00   [strat=friendly_rapport_builder]
      R14  buy $ 10,164.59   sel     $37,000.00   [strat=friendly_rapport_builder]
      R15  buy $ 22,283.79   sel     $36,500.00   [strat=friendly_rapport_builder]
      R16  buy $ 35,945.99   sel     $36,250.00   [strat=friendly_rapport_builder]
   run 3 done in 4.7 min

   run 4/30 on 2023 Ford Mustang GT Premium  seed=20464423
      R 1  buy $  9,589.77   sel     $42,500.00   [strat=friendly_rapport_builder] *
      R 2  buy $ 42,085.51   sel     $42,250.00   [strat=friendly_rapport_builder]
      R 3  buy $ 11,843.38   sel     $42,250.00   [strat=friendly_rapport_builder]
      R 4  buy $ 26,102.12   sel     $41,500.00   [strat=friendly_rapport_builder]
      R 5  buy $ 19,394.22   sel     $41,000.00   [strat=friendly_rapport_builder]
      R 6  buy $  9,169.81   sel     $41,000.00   [strat=friendly_rapport_builder]
      R 7  buy $  5,043.87   sel     $40,500.00   [strat=friendly_rapport_builder]
      R 8  buy $ 36,527.30   sel     $38,500.00   [strat=friendly_rapport_builder]
      R 9  buy $  1,010.18   sel     $38,500.00   [strat=friendly_rapport_builder]
      R10  buy $ 15,274.32   sel     $38,000.00   [strat=friendly_rapport_builder]
      R11  buy $ 28,462.50   sel     $37,500.00   [strat=friendly_rapport_builder]
      R12  buy $ 35,263.56   sel     $36,500.00   [strat=friendly_rapport_builder]
      R13  buy $ 22,892.17   sel     $36,250.00   [strat=friendly_rapport_builder]
      R14  buy $ 13,689.20   sel     $36,000.00   [strat=friendly_rapport_builder]
      R15  buy $ 21,945.15   sel     $36,250.00   [strat=friendly_rapport_builder]
      R16  buy $ 28,616.22   sel     $35,500.00   [strat=friendly_rapport_builder]
   run 4 done in 6.2 min

   run 5/30 on 2023 Ford Mustang GT Premium  seed=20464424
      R 1  buy $ 34,081.63   sel     $41,500.00   [strat=friendly_rapport_builder] *
      R 2  buy $ 40,651.05   sel     $40,000.00   [strat=friendly_rapport_builder]
      R 3  buy $  4,671.42   sel     $39,500.00   [strat=friendly_rapport_builder]
      R 4  buy $ 19,497.93   sel     $39,500.00   [strat=friendly_rapport_builder]
      R 5  buy $ 16,266.03   sel     $39,500.00   [strat=friendly_rapport_builder]
      R 6  buy $ 15,090.16   sel     $39,000.00   [strat=friendly_rapport_builder]
      R 7  buy $  8,398.06   sel     $38,500.00   [strat=friendly_rapport_builder]
      R 8  buy $ 29,024.02   sel     $38,000.00   [strat=friendly_rapport_builder]
      R 9  buy $ 25,881.74   sel     $37,500.00   [strat=friendly_rapport_builder]
      R10  buy $  4,576.92   sel     $37,000.00   [strat=friendly_rapport_builder]
      R11  buy $ 15,020.92   sel     $36,500.00   [strat=friendly_rapport_builder]
      R12  buy $ 13,749.39   sel     $36,000.00   [strat=friendly_rapport_builder]
      R13  buy $  3,354.32   sel     $36,000.00   [strat=friendly_rapport_builder]
      R14  buy $  6,223.77   sel     $36,000.00   [strat=friendly_rapport_builder]
      R15  buy $  4,289.61   sel     $36,000.00   [strat=friendly_rapport_builder]
      R16  buy $  6,357.12   sel     $36,000.00   [strat=friendly_rapport_builder]
   run 5 done in 5.5 min

   run 6/30 on 2023 Ford Mustang GT Premium  seed=20464425
      R 1  buy $ 22,141.43   sel     $44,500.00   [strat=friendly_rapport_builder] *
      R 2  buy $ 41,110.34   sel     $42,800.00   [strat=friendly_rapport_builder]
      R 3  buy $ 19,982.68   sel     $42,800.00   [strat=friendly_rapport_builder]
      R 4  buy $  5,048.46   sel     $42,800.00   [strat=friendly_rapport_builder]
      R 5  buy $  7,057.25   sel     $42,800.00   [strat=friendly_rapport_builder]
      R 6  buy $  4,686.40   sel     $42,800.00   [strat=friendly_rapport_builder]
      R 7  buy $  8,478.29   sel     $42,800.00   [strat=friendly_rapport_builder]
      R 8  buy $ 42,125.25   sel     $42,462.63   [strat=friendly_rapport_builder]
      R 9  buy $ 34,536.09   sel     $42,462.63   [strat=friendly_rapport_builder]
      R10  buy $  9,185.70   sel     $42,462.63   [strat=friendly_rapport_builder]
      R11  buy $  9,947.89   sel     $42,462.63   [strat=friendly_rapport_builder]
      R12  buy $  9,566.01   sel     $42,462.63   [strat=friendly_rapport_builder]
      R13  buy $  4,263.41   sel     $42,462.63   [strat=friendly_rapport_builder]
      R14  buy $ 23,413.52   sel     $42,000.00   [strat=friendly_rapport_builder]
      R15  buy $ 29,830.49   sel     $41,500.00   [strat=friendly_rapport_builder]
      R16  buy $ 15,422.61   sel     $41,000.00   [strat=friendly_rapport_builder]
   run 6 done in 5.2 min

   run 7/30 on 2023 Ford Mustang GT Premium  seed=20464426
      R 1  buy $ 29,686.60   sel     $42,500.00   [strat=friendly_rapport_builder] *
      R 2  buy $ 40,633.32   sel     $41,999.00   [strat=friendly_rapport_builder]
      R 3  buy $ 21,302.38   sel     $41,500.00   [strat=friendly_rapport_builder]
      R 4  buy $ 27,043.01   sel     $41,000.00   [strat=friendly_rapport_builder]
      R 5  buy $ 36,360.77   sel     $40,500.00   [strat=friendly_rapport_builder]
      R 6  buy $ 26,275.41   sel     $40,000.00   [strat=friendly_rapport_builder]
      R 7  buy $ 27,311.50   sel     $39,500.00   [strat=friendly_rapport_builder]
      R 8  buy $ 24,653.79   sel     $39,000.00   [strat=friendly_rapport_builder]
      R 9  buy $  5,201.69   sel     $38,500.00   [strat=friendly_rapport_builder]
      R10  buy $ 16,693.86   sel     $38,000.00   [strat=friendly_rapport_builder]
      R11  buy $ 32,678.34   sel     $37,500.00   [strat=friendly_rapport_builder]
      R12  buy $ 32,499.03   sel     $36,500.00   [strat=friendly_rapport_builder]
      R13  buy $ 23,624.83   sel     $36,250.00   [strat=friendly_rapport_builder]
      R14  buy $ 25,089.99   sel     $36,000.00   [strat=friendly_rapport_builder]
      R15  buy $ 24,545.10   sel     $35,750.00   [strat=friendly_rapport_builder]
      R16  buy $ 13,319.57   sel     $35,500.00   [strat=friendly_rapport_builder]
   run 7 done in 5.7 min

   run 8/30 on 2023 Ford Mustang GT Premium  seed=20464427
      R 1  buy $    434.50   sel     $43,500.00   [strat=friendly_rapport_builder] *
      R 2  buy $ 22,203.59   sel     $42,000.00   [strat=friendly_rapport_builder]
      R 3  buy $  6,404.98   sel     $42,000.00   [strat=friendly_rapport_builder]
      R 4  buy $ 13,743.54   sel     $40,000.00   [strat=friendly_rapport_builder]
      R 5  buy $ 10,313.53   sel     $39,500.00   [strat=friendly_rapport_builder]
      R 6  buy $ 23,893.33   sel     $38,500.00   [strat=friendly_rapport_builder]
      R 7  buy $  5,373.85   sel     $38,500.00   [strat=friendly_rapport_builder]
      R 8  buy $ 14,451.16   sel     $38,000.00   [strat=friendly_rapport_builder]
      R 9  buy $  3,074.72   sel     $38,000.00   [strat=friendly_rapport_builder]
      R10  buy $  6,639.66   sel     $38,000.00   [strat=friendly_rapport_builder]
      R11  buy $ 15,255.34   sel     $37,500.00   [strat=friendly_rapport_builder]
      R12  buy $ 32,992.21   sel     $36,500.00   [strat=friendly_rapport_builder]
      R13  buy $ 21,631.50   sel     $36,500.00   [strat=friendly_rapport_builder]
      R14  buy $ 36,186.46   sel     $36,343.23   [strat=friendly_rapport_builder]
      R15  buy $ 20,662.81   sel     $36,500.00   [strat=friendly_rapport_builder]
      R16  buy $ 24,505.17   sel     $36,250.00   [strat=friendly_rapport_builder]
   run 8 done in 6.6 min

   run 9/30 on 2023 Ford Mustang GT Premium  seed=20464428
      R 1  buy $ 15,251.86   sel     $42,500.00   [strat=friendly_rapport_builder] *
      R 2  buy $ 17,268.47   sel     $41,000.00   [strat=friendly_rapport_builder]
      R 3  buy $  8,329.38   sel     $40,000.00   [strat=friendly_rapport_builder]
      R 4  buy $ 32,039.95   sel     $39,500.00   [strat=friendly_rapport_builder]
      R 5  buy $ 10,858.73   sel     $39,000.00   [strat=friendly_rapport_builder]
      R 6  buy $ 24,866.43   sel     $38,500.00   [strat=friendly_rapport_builder]
      R 7  buy $  4,271.04   sel     $38,500.00   [strat=friendly_rapport_builder]
      R 8  buy $ 36,163.49   sel     $38,000.00   [strat=friendly_rapport_builder]
      R 9  buy $ 25,702.41   sel     $37,500.00   [strat=friendly_rapport_builder]
      R10  buy $  5,636.47   sel     $37,250.00   [strat=friendly_rapport_builder]
      R11  buy $  6,432.87   sel     $37,250.00   [strat=friendly_rapport_builder]
      R12  buy $ 16,430.17   sel     $37,250.00   [strat=friendly_rapport_builder]
      R13  buy $ 13,424.36   sel     $37,000.00   [strat=friendly_rapport_builder]
      R14  buy $  1,249.99   sel     $36,500.00   [strat=friendly_rapport_builder]
      R15  buy $ 18,455.21   sel     $36,500.00   [strat=friendly_rapport_builder]
      R16  buy $  5,710.04   sel     $36,250.00   [strat=friendly_rapport_builder]
   run 9 done in 5.5 min

   run 10/30 on 2023 Ford Mustang GT Premium  seed=20464429
      R 1  buy $ 10,482.93   sel     $42,500.00   [strat=friendly_rapport_builder] *
      R 2  buy $ 20,205.67   sel     $39,995.00   [strat=friendly_rapport_builder]
      R 3  buy $  6,633.66   sel     $39,995.00   [strat=friendly_rapport_builder]
      R 4  buy $  9,452.19   sel     $38,995.00   [strat=friendly_rapport_builder]
      R 5  buy $ 22,031.35   sel     $38,500.00   [strat=friendly_rapport_builder]
      R 6  buy $ 16,226.03   sel     $38,000.00   [strat=friendly_rapport_builder]
      R 7  buy $ 13,202.79   sel     $37,500.00   [strat=friendly_rapport_builder]
      R 8  buy $ 30,660.95   sel     $37,000.00   [strat=friendly_rapport_builder]
      R 9  buy $ 12,117.00   sel     $37,000.00   [strat=friendly_rapport_builder]
      R10  buy $    444.99   sel     $37,000.00   [strat=friendly_rapport_builder]
      R11  buy $ 18,524.00   sel     $36,500.00   [strat=friendly_rapport_builder]
      R12  buy $ 28,343.96   sel     $36,200.00   [strat=friendly_rapport_builder]
      R13  buy $    164.81   sel     $36,200.00   [strat=friendly_rapport_builder]
      R14  buy $  2,873.23   sel     $36,000.00   [strat=friendly_rapport_builder]
      R15  buy $ 34,338.98   sel     $36,000.00   [strat=friendly_rapport_builder]
      R16  buy $ 22,231.22   sel     $36,000.00   [strat=friendly_rapport_builder]
   run 10 done in 4.9 min

   run 11/30 on 2023 Ford Mustang GT Premium  seed=20464430
      R 1  buy $  3,897.48   sel     $44,500.00   [strat=friendly_rapport_builder] *
      R 2  buy $ 34,450.80   sel     $42,500.00   [strat=friendly_rapport_builder]
      R 3  buy $ 38,944.11   sel     $41,000.00   [strat=friendly_rapport_builder]
      R 4  buy $ 18,442.78   sel     $40,000.00   [strat=friendly_rapport_builder]
      R 5  buy $ 18,901.95   sel     $39,500.00   [strat=friendly_rapport_builder]
      R 6  buy $ 28,085.27   sel     $38,500.00   [strat=friendly_rapport_builder]
      R 7  buy $    283.64   sel     $38,250.00   [strat=friendly_rapport_builder]
      R 8  buy $  5,333.17   sel     $37,750.00   [strat=friendly_rapport_builder]
      R 9  buy $ 24,005.46   sel     $37,500.00   [strat=friendly_rapport_builder]
      R10  buy $ 35,135.07   sel     $36,500.00   [strat=friendly_rapport_builder]
      R11  buy $ 13,124.41   sel     $36,000.00   [strat=friendly_rapport_builder]
      R12  buy $ 25,612.57   sel     $35,500.00   [strat=friendly_rapport_builder]
      R13  buy $ 28,288.43   sel     $35,250.00   [strat=friendly_rapport_builder]
      R14  buy $ 14,323.28   sel     $36,250.00   [strat=friendly_rapport_builder]
      R15  buy $ 13,262.31   sel     $36,000.00   [strat=friendly_rapport_builder]
      R16  buy $ 26,557.86   sel     $35,000.00   [strat=friendly_rapport_builder]
   run 11 done in 6.4 min

   run 12/30 on 2023 Ford Mustang GT Premium  seed=20464431
      R 1  buy $ 28,842.04   sel     $42,500.00   [strat=friendly_rapport_builder] *
      R 2  buy $ 22,034.26   sel     $41,500.00   [strat=friendly_rapport_builder]
      R 3  buy $ 25,887.74   sel     $40,000.00   [strat=friendly_rapport_builder]
      R 4  buy $ 38,459.86   sel     $39,000.00   [strat=friendly_rapport_builder]
      R 5  buy $ 13,522.38   sel     $39,500.00   [strat=friendly_rapport_builder]
      R 6  buy $ 23,730.09   sel     $39,000.00   [strat=friendly_rapport_builder]
      R 7  buy $ 28,235.51   sel     $38,500.00   [strat=friendly_rapport_builder]
      R 8  buy $  9,279.22   sel     $38,500.00   [strat=friendly_rapport_builder]
      R 9  buy $ 18,978.91   sel     $38,000.00   [strat=friendly_rapport_builder]
      R10  buy $ 17,654.10   sel     $37,500.00   [strat=friendly_rapport_builder]
      R11  buy $ 16,500.88   sel     $37,000.00   [strat=friendly_rapport_builder]
      R12  buy $ 30,674.43   sel     $36,500.00   [strat=friendly_rapport_builder]
      R13  buy $  4,523.03   sel     $36,500.00   [strat=friendly_rapport_builder]
      R14  buy $  2,828.61   sel     $36,250.00   [strat=friendly_rapport_builder]
      R15  buy $ 17,531.36   sel     $36,500.00   [strat=friendly_rapport_builder]
      R16  buy $ 34,575.13   sel     $36,250.00   [strat=friendly_rapport_builder]
   run 12 done in 5.5 min

   run 13/30 on 2023 Ford Mustang GT Premium  seed=20464432
      R 1  buy $ 19,365.61   sel     $41,999.00   [strat=friendly_rapport_builder] *
      R 2  buy $ 33,162.62   sel     $40,500.00   [strat=friendly_rapport_builder]
      R 3  buy $ 21,383.31   sel     $39,500.00   [strat=friendly_rapport_builder]
      R 4  buy $ 29,453.27   sel     $38,500.00   [strat=friendly_rapport_builder]
      R 5  buy $ 29,924.78   sel     $37,500.00   [strat=friendly_rapport_builder]
      R 6  buy $ 29,986.17   sel     $36,500.00   [strat=friendly_rapport_builder]
      R 7  buy $ 27,795.19   sel     $36,400.00   [strat=friendly_rapport_builder]
      R 8  buy $ 22,206.05   sel     $36,300.00   [strat=friendly_rapport_builder]
      R 9  buy $ 10,352.64   sel     $36,200.00   [strat=friendly_rapport_builder]
      R10  buy $  6,793.89   sel     $36,100.00   [strat=friendly_rapport_builder]
      R11  buy $ 27,633.15   sel     $36,050.00   [strat=friendly_rapport_builder]
      R12  buy $  6,522.04   sel     $36,000.00   [strat=friendly_rapport_builder]
      R13  buy $  5,861.72   sel     $35,950.00   [strat=friendly_rapport_builder]
      R14  buy $ 32,313.55   sel     $35,750.00   [strat=friendly_rapport_builder]
      R15  buy $ 30,857.95   sel     $36,000.00   [strat=friendly_rapport_builder]
      R16  buy $  8,538.45   sel     $35,950.00   [strat=friendly_rapport_builder]
   run 13 done in 6.8 min

   run 14/30 on 2023 Ford Mustang GT Premium  seed=20464433
      R 1  buy $ 39,863.38   sel     $42,500.00   [strat=friendly_rapport_builder] *
      R 2  buy $ 27,887.87   sel     $41,000.00   [strat=friendly_rapport_builder]
      R 3  buy $ 31,207.20   sel     $39,500.00   [strat=friendly_rapport_builder]
      R 4  buy $  3,494.51   sel     $39,500.00   [strat=friendly_rapport_builder]
      R 5  buy $ 12,765.24   sel     $39,250.00   [strat=friendly_rapport_builder]
      R 6  buy $ 36,591.30   sel     $38,500.00   [strat=friendly_rapport_builder]
      R 7  buy $  9,904.80   sel     $38,250.00   [strat=friendly_rapport_builder]
      R 8  buy $ 21,059.94   sel     $38,000.00   [strat=friendly_rapport_builder]
      R 9  buy $ 14,476.70   sel     $37,900.00   [strat=friendly_rapport_builder]
      R10  buy $ 21,139.92   sel     $37,500.00   [strat=friendly_rapport_builder]
      R11  buy $    824.03   sel     $37,400.00   [strat=friendly_rapport_builder]
      R12  buy $ 15,078.72   sel     $37,200.00   [strat=friendly_rapport_builder]
      R13  buy $  5,464.49   sel     $37,000.00   [strat=friendly_rapport_builder]
      R14  buy $    356.27   sel     $36,900.00   [strat=friendly_rapport_builder]
      R15  buy $ 25,255.88   sel     $36,700.00   [strat=friendly_rapport_builder]
      R16  buy $ 13,237.49   sel     $36,500.00   [strat=friendly_rapport_builder]
   run 14 done in 5.8 min

   run 15/30 on 2023 Ford Mustang GT Premium  seed=20464434
      R 1  buy $ 36,482.47   sel     $38,500.00   [strat=friendly_rapport_builder] *
      R 2  buy $  7,080.94   sel     $38,500.00   [strat=friendly_rapport_builder]
      R 3  buy $  6,517.26   sel     $37,500.00   [strat=friendly_rapport_builder]
      R 4  buy $ 20,807.53   sel     $37,000.00   [strat=friendly_rapport_builder]
      R 5  buy $ 27,880.30   sel     $36,500.00   [strat=friendly_rapport_builder]
      R 6  buy $ 22,235.66   sel     $36,200.00   [strat=friendly_rapport_builder]
      R 7  buy $ 20,233.27   sel     $36,200.00   [strat=friendly_rapport_builder]
      R 8  buy $    490.92   sel     $36,100.00   [strat=friendly_rapport_builder]
      R 9  buy $ 35,581.17   sel     $36,050.00   [strat=friendly_rapport_builder]
      R10  buy $  2,920.93   sel     $36,000.00   [strat=friendly_rapport_builder]
      R11  buy $ 21,320.89   sel     $36,000.00   [strat=friendly_rapport_builder]
      R12  buy $ 24,464.19   sel     $35,950.00   [strat=friendly_rapport_builder]
      R13  buy $ 16,860.03   sel     $35,900.00   [strat=friendly_rapport_builder]
      R14  buy $ 15,685.88   sel     $35,850.00   [strat=friendly_rapport_builder]
      R15  buy $  9,243.71   sel     $35,800.00   [strat=friendly_rapport_builder]
      R16  buy $  7,291.82   sel     $35,750.00   [strat=friendly_rapport_builder]
   run 15 done in 6.0 min

   run 16/30 on 2023 Ford Mustang GT Premium  seed=20464435
      R 1  buy $ 36,173.26   sel     $37,500.00   [strat=friendly_rapport_builder] *
      R 2  buy $ 18,634.43   sel     $37,500.00   [strat=friendly_rapport_builder]
      R 3  buy $     92.83   sel     $37,500.00   [strat=friendly_rapport_builder]
      R 4  buy $     65.86   sel     $37,500.00   [strat=friendly_rapport_builder]
      R 5  buy $ 29,704.93   sel     $37,500.00   [strat=friendly_rapport_builder]
      R 6  buy $ 10,598.98   sel     $37,500.00   [strat=friendly_rapport_builder]
      R 7  buy $ 33,054.97   sel     $37,500.00   [strat=friendly_rapport_builder]
      R 8  buy $  4,991.67   sel     $37,000.00   [strat=friendly_rapport_builder]
      R 9  buy $ 19,931.68   sel     $37,000.00   [strat=friendly_rapport_builder]
      R10  buy $ 34,476.02   sel     $36,500.00   [strat=friendly_rapport_builder]
      R11  buy $ 36,390.77   sel     $36,450.00   [strat=friendly_rapport_builder]
      R12  buy $  5,957.01   sel     $36,400.00   [strat=friendly_rapport_builder]
      R13  buy $  3,335.33   sel     $36,350.00   [strat=friendly_rapport_builder]
      R14  buy $  8,743.83   sel     $36,300.00   [strat=friendly_rapport_builder]
      R15  buy $ 16,663.80   sel     $36,250.00   [strat=friendly_rapport_builder]
      R16  buy $ 26,240.80   sel     $36,200.00   [strat=friendly_rapport_builder]
   run 16 done in 5.5 min

   run 17/30 on 2023 Ford Mustang GT Premium  seed=20464436
      R 1  buy $ 43,224.50   sel     $44,200.00   [strat=friendly_rapport_builder] *
      R 2  buy $ 36,300.64   sel     $43,500.00   [strat=friendly_rapport_builder]
      R 3  buy $  1,442.95   sel     $42,000.00   [strat=friendly_rapport_builder]
      R 4  buy $  2,797.75   sel     $42,000.00   [strat=friendly_rapport_builder]
      R 5  buy $ 41,321.03   sel     $41,500.00   [strat=friendly_rapport_builder]
      R 6  buy $ 18,566.64   sel     $41,500.00   [strat=friendly_rapport_builder]
      R 7  buy $ 37,701.23   sel     $41,000.00   [strat=friendly_rapport_builder]
      R 8  buy $ 15,175.33   sel     $41,000.00   [strat=friendly_rapport_builder]
      R 9  buy $ 28,184.80   sel     $40,500.00   [strat=friendly_rapport_builder]
      R10  buy $ 28,158.18   sel     $40,000.00   [strat=friendly_rapport_builder]
      R11  buy $ 21,062.32   sel     $39,500.00   [strat=friendly_rapport_builder]
      R12  buy $  7,434.14   sel     $39,500.00   [strat=friendly_rapport_builder]
      R13  buy $  8,635.29   sel     $39,000.00   [strat=friendly_rapport_builder]
      R14  buy $ 30,211.06   sel     $38,500.00   [strat=friendly_rapport_builder]
      R15  buy $ 17,027.70   sel     $38,000.00   [strat=friendly_rapport_builder]
      R16  buy $ 19,437.55   sel     $37,500.00   [strat=friendly_rapport_builder]
   run 17 done in 5.5 min

   run 18/30 on 2023 Ford Mustang GT Premium  seed=20464437
      R 1  buy $  6,655.80   sel     $44,500.00   [strat=friendly_rapport_builder] *
      R 2  buy $ 18,325.17   sel     $42,000.00   [strat=friendly_rapport_builder]
      R 3  buy $ 36,079.46   sel     $39,500.00   [strat=friendly_rapport_builder]
      R 4  buy $ 35,336.21   sel     $38,500.00   [strat=friendly_rapport_builder]
      R 5  buy $ 34,037.73   sel     $38,000.00   [strat=friendly_rapport_builder]
      R 6  buy $ 35,512.23   sel     $37,500.00   [strat=friendly_rapport_builder]
      R 7  buy $ 21,031.16   sel     $37,000.00   [strat=friendly_rapport_builder]
      R 8  buy $ 24,581.26   sel     $36,500.00   [strat=friendly_rapport_builder]
      R 9  buy $    595.39   sel     $36,500.00   [strat=friendly_rapport_builder]
      R10  buy $    330.22   sel     $36,500.00   [strat=friendly_rapport_builder]
      R11  buy $  7,243.00   sel     $36,000.00   [strat=friendly_rapport_builder]
      R12  buy $ 31,490.32   sel     $35,500.00   [strat=friendly_rapport_builder]
      R13  buy $ 33,889.08   sel     $36,000.00   [strat=friendly_rapport_builder]
      R14  buy $ 12,244.40   sel     $36,000.00   [strat=friendly_rapport_builder]
      R15  buy $ 18,215.85   sel     $36,000.00   [strat=friendly_rapport_builder]
      R16  buy $ 22,015.21   sel     $36,000.00   [strat=friendly_rapport_builder]
   run 18 done in 6.3 min

   run 19/30 on 2023 Ford Mustang GT Premium  seed=20464438
      R 1  buy $ 38,697.37   sel     $42,000.00   [strat=friendly_rapport_builder] *
      R 2  buy $  8,974.82   sel     $41,500.00   [strat=friendly_rapport_builder]
      R 3  buy $ 31,492.31   sel     $41,000.00   [strat=friendly_rapport_builder]
      R 4  buy $  4,723.64   sel     $40,500.00   [strat=friendly_rapport_builder]
      R 5  buy $ 30,118.89   sel     $39,500.00   [strat=friendly_rapport_builder]
      R 6  buy $  5,293.01   sel     $38,500.00   [strat=friendly_rapport_builder]
      R 7  buy $ 34,723.24   sel     $37,500.00   [strat=friendly_rapport_builder]
      R 8  buy $ 13,076.89   sel     $37,000.00   [strat=friendly_rapport_builder]
      R 9  buy $ 23,619.98   sel     $36,500.00   [strat=friendly_rapport_builder]
      R10  buy $ 15,207.58   sel     $36,000.00   [strat=friendly_rapport_builder]
      R11  buy $  3,280.35   sel     $36,000.00   [strat=friendly_rapport_builder]
      R12  buy $    200.71   sel     $36,000.00   [strat=friendly_rapport_builder]
      R13  buy $ 35,850.28   sel     $36,200.00   [strat=friendly_rapport_builder]
      R14  buy $  6,623.25   sel     $36,000.00   [strat=friendly_rapport_builder]
      R15  buy $ 29,530.58   sel     $35,500.00   [strat=friendly_rapport_builder]
      R16  buy $    584.05   sel     $36,000.00   [strat=friendly_rapport_builder]
   run 19 done in 6.2 min

   run 20/30 on 2023 Ford Mustang GT Premium  seed=20464439
      R 1  buy $ 33,257.73   sel     $42,500.00   [strat=friendly_rapport_builder] *
      R 2  buy $  4,436.31   sel     $42,000.00   [strat=friendly_rapport_builder]
      R 3  buy $ 31,806.28   sel     $41,500.00   [strat=friendly_rapport_builder]
      R 4  buy $ 11,430.51   sel     $41,000.00   [strat=friendly_rapport_builder]
      R 5  buy $ 36,233.88   sel     $40,500.00   [strat=friendly_rapport_builder]
      R 6  buy $ 38,861.09   sel     $40,000.00   [strat=friendly_rapport_builder]
      R 7  buy $ 38,425.72   sel     $39,500.00   [strat=friendly_rapport_builder]
      R 8  buy $ 16,308.56   sel     $39,000.00   [strat=friendly_rapport_builder]
      R 9  buy $ 32,587.49   sel     $38,500.00   [strat=friendly_rapport_builder]
      R10  buy $ 28,481.43   sel     $38,000.00   [strat=friendly_rapport_builder]
      R11  buy $ 22,218.42   sel     $37,500.00   [strat=friendly_rapport_builder]
      R12  buy $ 18,241.23   sel     $37,000.00   [strat=friendly_rapport_builder]
      R13  buy $ 12,505.44   sel     $36,500.00   [strat=friendly_rapport_builder]
      R14  buy $ 13,147.77   sel     $36,500.00   [strat=friendly_rapport_builder]
      R15  buy $ 17,185.47   sel     $36,500.00   [strat=friendly_rapport_builder]
      R16  buy $  5,785.18   sel     $36,500.00   [strat=friendly_rapport_builder]
   run 20 done in 5.6 min

   run 21/30 on 2023 Ford Mustang GT Premium  seed=20464440
      R 1  buy $ 21,564.08   sel     $42,500.00   [strat=friendly_rapport_builder] *
      R 2  buy $ 18,224.92   sel     $41,000.00   [strat=friendly_rapport_builder]
      R 3  buy $ 11,941.58   sel     $40,500.00   [strat=friendly_rapport_builder]
      R 4  buy $ 26,810.78   sel     $40,000.00   [strat=friendly_rapport_builder]
      R 5  buy $ 39,465.32   sel     $39,600.00   [strat=friendly_rapport_builder]
      R 6  buy $ 30,622.24   sel     $39,200.00   [strat=friendly_rapport_builder]
      R 7  buy $  1,425.66   sel     $38,500.00   [strat=friendly_rapport_builder]
      R 8  buy $ 16,859.32   sel     $38,000.00   [strat=friendly_rapport_builder]
      R 9  buy $ 14,020.40   sel     $37,500.00   [strat=friendly_rapport_builder]
      R10  buy $ 15,044.80   sel     $37,000.00   [strat=friendly_rapport_builder]
      R11  buy $ 31,915.27   sel     $36,500.00   [strat=friendly_rapport_builder]
      R12  buy $ 24,306.24   sel     $36,200.00   [strat=friendly_rapport_builder]
      R13  buy $ 12,483.34   sel     $35,800.00   [strat=friendly_rapport_builder]
      R14  buy $ 24,459.92   sel     $35,600.00   [strat=friendly_rapport_builder]
      R15  buy $  7,031.41   sel     $36,500.00   [strat=friendly_rapport_builder]
      R16  buy $ 29,577.12   sel     $36,000.00   [strat=friendly_rapport_builder]
   run 21 done in 7.0 min

   run 22/30 on 2023 Ford Mustang GT Premium  seed=20464441
      R 1  buy $ 12,306.29   sel     $43,995.00   [strat=friendly_rapport_builder] *
      R 2  buy $ 16,972.82   sel     $41,995.00   [strat=friendly_rapport_builder]
      R 3  buy $ 17,064.50   sel     $40,995.00   [strat=friendly_rapport_builder]
      R 4  buy $ 17,943.14   sel     $39,995.00   [strat=friendly_rapport_builder]
      R 5  buy $ 26,519.50   sel     $38,995.00   [strat=friendly_rapport_builder]
      R 6  buy $ 37,309.74   sel     $38,000.00   [strat=friendly_rapport_builder]
      R 7  buy $ 16,605.35   sel     $38,000.00   [strat=friendly_rapport_builder]
      R 8  buy $ 33,073.90   sel     $37,500.00   [strat=friendly_rapport_builder]
      R 9  buy $ 17,065.35   sel     $37,500.00   [strat=friendly_rapport_builder]
      R10  buy $ 22,507.29   sel     $37,500.00   [strat=friendly_rapport_builder]
      R11  buy $ 24,398.48   sel     $37,000.00   [strat=friendly_rapport_builder]
      R12  buy $ 29,566.21   sel     $36,500.00   [strat=friendly_rapport_builder]
      R13  buy $ 23,724.51   sel     $36,000.00   [strat=friendly_rapport_builder]
      R14  buy $ 28,975.15   sel     $35,500.00   [strat=friendly_rapport_builder]
      R15  buy $  8,721.74   sel     $36,500.00   [strat=friendly_rapport_builder]
      R16  buy $  5,671.28   sel     $36,000.00   [strat=friendly_rapport_builder]
   run 22 done in 7.0 min

   run 23/30 on 2023 Ford Mustang GT Premium  seed=20464442
      R 1  buy $ 40,290.58   sel     $42,000.00   [strat=friendly_rapport_builder] *
      R 2  buy $ 11,017.62   sel     $41,500.00   [strat=friendly_rapport_builder]
      R 3  buy $    620.70   sel     $41,000.00   [strat=friendly_rapport_builder]
      R 4  buy $ 21,724.24   sel     $40,000.00   [strat=friendly_rapport_builder]
      R 5  buy $ 34,683.18   sel     $39,500.00   [strat=friendly_rapport_builder]
      R 6  buy $ 12,148.34   sel     $38,500.00   [strat=friendly_rapport_builder]
      R 7  buy $ 17,264.36   sel     $38,000.00   [strat=friendly_rapport_builder]
      R 8  buy $ 32,864.04   sel     $37,500.00   [strat=friendly_rapport_builder]
      R 9  buy $ 20,285.21   sel     $37,000.00   [strat=friendly_rapport_builder]
      R10  buy $ 16,153.52   sel     $36,500.00   [strat=friendly_rapport_builder]
      R11  buy $  9,658.64   sel     $36,000.00   [strat=friendly_rapport_builder]
      R12  buy $  6,664.66   sel     $36,000.00   [strat=friendly_rapport_builder]
      R13  buy $  4,621.55   sel     $36,000.00   [strat=friendly_rapport_builder]
      R14  buy $    294.81   sel     $36,000.00   [strat=friendly_rapport_builder]
      R15  buy $ 27,227.33   sel     $35,500.00   [strat=friendly_rapport_builder]
      R16  buy $ 25,518.91   sel     $36,000.00   [strat=friendly_rapport_builder]
   run 23 done in 7.3 min

   run 24/30 on 2023 Ford Mustang GT Premium  seed=20464443
      R 1  buy $ 33,316.22   sel     $42,500.00   [strat=friendly_rapport_builder] *
      R 2  buy $ 41,866.03   sel     $42,000.00   [strat=friendly_rapport_builder]
      R 3  buy $  6,651.95   sel     $42,000.00   [strat=friendly_rapport_builder]
      R 4  buy $ 17,451.53   sel     $41,500.00   [strat=friendly_rapport_builder]
      R 5  buy $ 25,512.22   sel     $41,500.00   [strat=friendly_rapport_builder]
      R 6  buy $  5,625.41   sel     $41,000.00   [strat=friendly_rapport_builder]
      R 7  buy $ 15,431.70   sel     $40,500.00   [strat=friendly_rapport_builder]
      R 8  buy $ 22,110.44   sel     $40,000.00   [strat=friendly_rapport_builder]
      R 9  buy $ 35,500.23   sel     $39,500.00   [strat=friendly_rapport_builder]
      R10  buy $ 23,949.09   sel     $38,500.00   [strat=friendly_rapport_builder]
      R11  buy $ 36,110.47   sel     $37,500.00   [strat=friendly_rapport_builder]
      R12  buy $  6,309.27   sel     $37,000.00   [strat=friendly_rapport_builder]
      R13  buy $ 22,610.25   sel     $36,500.00   [strat=friendly_rapport_builder]
      R14  buy $  5,908.93   sel     $36,000.00   [strat=friendly_rapport_builder]
      R15  buy $ 32,807.46   sel     $35,500.00   [strat=friendly_rapport_builder]
      R16  buy $ 10,088.18   sel     $36,000.00   [strat=friendly_rapport_builder]
   run 24 done in 6.9 min

   run 25/30 on 2023 Ford Mustang GT Premium  seed=20464444
      R 1  buy $ 18,676.54   sel     $44,000.00   [strat=friendly_rapport_builder] *
      R 2  buy $ 14,956.31   sel     $43,500.00   [strat=friendly_rapport_builder]
      R 3  buy $ 23,438.42   sel     $42,500.00   [strat=friendly_rapport_builder]
      R 4  buy $  1,031.24   sel     $42,500.00   [strat=friendly_rapport_builder]
      R 5  buy $ 17,800.87   sel     $42,000.00   [strat=friendly_rapport_builder]
      R 6  buy $    371.19   sel     $42,000.00   [strat=friendly_rapport_builder]
      R 7  buy $ 36,990.62   sel     $38,900.00   [strat=friendly_rapport_builder]
      R 8  buy $ 30,081.74   sel     $38,400.00   [strat=friendly_rapport_builder]
      R 9  buy $ 32,536.02   sel     $37,500.00   [strat=friendly_rapport_builder]
      R10  buy $ 35,402.20   sel     $36,500.00   [strat=friendly_rapport_builder]
      R11  buy $ 11,664.52   sel     $36,300.00   [strat=friendly_rapport_builder]
      R12  buy $ 24,044.86   sel     $36,000.00   [strat=friendly_rapport_builder]
      R13  buy $ 23,098.07   sel     $36,000.00   [strat=friendly_rapport_builder]
      R14  buy $ 17,118.76   sel     $36,000.00   [strat=friendly_rapport_builder]
      R15  buy $ 13,228.47   sel     $36,000.00   [strat=friendly_rapport_builder]
      R16  buy $ 15,283.61   sel     $36,000.00   [strat=friendly_rapport_builder]
   run 25 done in 6.8 min

   run 26/30 on 2023 Ford Mustang GT Premium  seed=20464445
      R 1  buy $ 24,909.66   sel     $44,500.00   [strat=friendly_rapport_builder] *
      R 2  buy $ 39,180.83   sel     $43,500.00   [strat=friendly_rapport_builder]
      R 3  buy $ 12,008.34   sel     $42,500.00   [strat=friendly_rapport_builder]
      R 4  buy $ 23,081.41   sel     $41,500.00   [strat=friendly_rapport_builder]
      R 5  buy $  5,763.24   sel     $41,000.00   [strat=friendly_rapport_builder]
      R 6  buy $ 25,966.25   sel     $40,500.00   [strat=friendly_rapport_builder]
      R 7  buy $ 29,402.53   sel     $40,000.00   [strat=friendly_rapport_builder]
      R 8  buy $  1,158.82   sel     $39,500.00   [strat=friendly_rapport_builder]
      R 9  buy $ 19,040.99   sel     $39,000.00   [strat=friendly_rapport_builder]
      R10  buy $ 32,084.11   sel     $38,500.00   [strat=friendly_rapport_builder]
      R11  buy $ 10,499.22   sel     $38,000.00   [strat=friendly_rapport_builder]
      R12  buy $ 37,945.49   sel     $37,945.49   [strat=friendly_rapport_builder]
      R13  buy $ 35,846.76   sel     $37,945.49   [strat=friendly_rapport_builder]
      R14  buy $ 14,078.04   sel     $37,945.49   [strat=friendly_rapport_builder]
      R15  buy $ 25,295.14   sel     $37,500.00   [strat=friendly_rapport_builder]
      R16  buy $ 27,487.23   sel     $37,000.00   [strat=friendly_rapport_builder]
   run 26 done in 6.5 min

   run 27/30 on 2023 Ford Mustang GT Premium  seed=20464446
      R 1  buy $ 10,311.61   sel     $44,000.00   [strat=friendly_rapport_builder] *
      R 2  buy $ 30,679.65   sel     $42,500.00   [strat=friendly_rapport_builder]
      R 3  buy $  2,047.92   sel     $42,000.00   [strat=friendly_rapport_builder]
      R 4  buy $ 29,876.92   sel     $41,500.00   [strat=friendly_rapport_builder]
      R 5  buy $ 26,096.85   sel     $41,000.00   [strat=friendly_rapport_builder]
      R 6  buy $  8,063.87   sel     $40,500.00   [strat=friendly_rapport_builder]
      R 7  buy $  4,972.42   sel     $40,000.00   [strat=friendly_rapport_builder]
      R 8  buy $ 38,925.50   sel     $39,500.00   [strat=friendly_rapport_builder]
      R 9  buy $ 23,506.96   sel     $39,250.00   [strat=friendly_rapport_builder]
      R10  buy $  9,789.88   sel     $39,000.00   [strat=friendly_rapport_builder]
      R11  buy $ 17,486.09   sel     $38,500.00   [strat=friendly_rapport_builder]
      R12  buy $ 19,102.87   sel     $38,000.00   [strat=friendly_rapport_builder]
      R13  buy $ 37,592.97   sel     $37,750.00   [strat=friendly_rapport_builder]
      R14  buy $ 28,247.89   sel     $37,500.00   [strat=friendly_rapport_builder]
      R15  buy $ 25,720.12   sel     $37,250.00   [strat=friendly_rapport_builder]
      R16  buy $ 16,617.65   sel     $37,000.00   [strat=friendly_rapport_builder]
   run 27 done in 6.0 min

   run 28/30 on 2023 Ford Mustang GT Premium  seed=20464447
      R 1  buy $ 34,363.21   sel     $42,995.00   [strat=friendly_rapport_builder] *
      R 2  buy $ 21,880.09   sel     $42,995.00   [strat=friendly_rapport_builder]
      R 3  buy $  7,346.26   sel     $42,995.00   [strat=friendly_rapport_builder]
      R 4  buy $ 29,931.64   sel     $41,500.00   [strat=friendly_rapport_builder]
      R 5  buy $ 40,235.42   sel     $40,235.42   [strat=friendly_rapport_builder]
      R 6  buy $ 32,191.39   sel     $39,500.00   [strat=friendly_rapport_builder]
      R 7  buy $ 12,373.10   sel     $39,000.00   [strat=friendly_rapport_builder]
      R 8  buy $ 17,786.11   sel     $38,500.00   [strat=friendly_rapport_builder]
      R 9  buy $  2,843.55   sel     $38,000.00   [strat=friendly_rapport_builder]
      R10  buy $  5,939.55   sel     $37,500.00   [strat=friendly_rapport_builder]
      R11  buy $ 22,758.11   sel     $37,000.00   [strat=friendly_rapport_builder]
      R12  buy $ 17,074.17   sel     $36,500.00   [strat=friendly_rapport_builder]
      R13  buy $ 17,092.93   sel     $36,300.00   [strat=friendly_rapport_builder]
      R14  buy $ 35,517.52   sel     $36,200.00   [strat=friendly_rapport_builder]
      R15  buy $    261.53   sel     $36,000.00   [strat=friendly_rapport_builder]
      R16  buy $ 34,745.91   sel     $35,900.00   [strat=friendly_rapport_builder]
   run 28 done in 5.9 min

   run 29/30 on 2023 Ford Mustang GT Premium  seed=20464448
      R 1  buy $ 26,764.23   sel     $42,995.00   [strat=friendly_rapport_builder] *
      R 2  buy $ 15,023.75   sel     $39,995.00   [strat=friendly_rapport_builder]
      R 3  buy $ 38,581.27   sel     $39,500.00   [strat=friendly_rapport_builder]
      R 4  buy $ 31,724.94   sel     $38,500.00   [strat=friendly_rapport_builder]
      R 5  buy $ 25,239.55   sel     $37,500.00   [strat=friendly_rapport_builder]
      R 6  buy $ 20,299.35   sel     $36,500.00   [strat=friendly_rapport_builder]
      R 7  buy $  7,954.58   sel     $36,250.00   [strat=friendly_rapport_builder]
      R 8  buy $ 24,553.76   sel     $36,200.00   [strat=friendly_rapport_builder]
      R 9  buy $  6,294.97   sel     $36,200.00   [strat=friendly_rapport_builder]
      R10  buy $ 32,585.92   sel     $36,200.00   [strat=friendly_rapport_builder]
      R11  buy $  9,029.98   sel     $36,200.00   [strat=friendly_rapport_builder]
      R12  buy $ 25,290.65   sel     $36,200.00   [strat=friendly_rapport_builder]
      R13  buy $ 14,140.23   sel     $36,200.00   [strat=friendly_rapport_builder]
      R14  buy $ 17,912.96   sel     $36,200.00   [strat=friendly_rapport_builder]
      R15  buy $ 32,895.36   sel     $36,200.00   [strat=friendly_rapport_builder]
      R16  buy $ 27,270.64   sel     $36,200.00   [strat=friendly_rapport_builder]
   run 29 done in 6.0 min

   run 30/30 on 2023 Ford Mustang GT Premium  seed=20464449
      R 1  buy $ 19,385.84   sel     $42,500.00   [strat=friendly_rapport_builder] *
      R 2  buy $ 12,314.84   sel     $42,000.00   [strat=friendly_rapport_builder]
      R 3  buy $ 22,846.20   sel     $41,500.00   [strat=friendly_rapport_builder]
      R 4  buy $ 36,436.12   sel     $40,000.00   [strat=friendly_rapport_builder]
      R 5  buy $ 20,103.94   sel     $39,500.00   [strat=friendly_rapport_builder]
      R 6  buy $ 38,767.88   sel     $39,000.00   [strat=friendly_rapport_builder]
      R 7  buy $ 15,585.07   sel     $38,900.00   [strat=friendly_rapport_builder]
      R 8  buy $    628.11   sel     $38,800.00   [strat=friendly_rapport_builder]
      R 9  buy $ 22,184.29   sel     $38,500.00   [strat=friendly_rapport_builder]
      R10  buy $ 18,400.16   sel     $38,300.00   [strat=friendly_rapport_builder]
      R11  buy $ 17,233.37   sel     $38,000.00   [strat=friendly_rapport_builder]
      R12  buy $ 16,508.22   sel     $37,900.00   [strat=friendly_rapport_builder]
      R13  buy $  4,516.04   sel     $37,800.00   [strat=friendly_rapport_builder]
      R14  buy $ 25,903.94   sel     $37,700.00   [strat=friendly_rapport_builder]
      R15  buy $ 32,893.60   sel     $37,500.00   [strat=friendly_rapport_builder]
      R16  buy $ 33,768.51   sel     $37,300.00   [strat=friendly_rapport_builder]
   run 30 done in 5.0 min

   ---> checkpoint: car 5/5 done in 179.9 min; total so far 880.6 min; saved 150 runs to exp02_fixed_friendly_rapport_builder.json

=== FINISH exp02_fixed_friendly_rapport_builder in 14.68 h (150 runs) -> results\exp02_fixed_friendly_rapport_builder.json ===
