=== START exp01_fixed_busy_impatient_closer ===
    pid         : 24460
    hostname    : LAPTOP-B4TE0NRA
    state_file  : state\exp01_fixed_busy_impatient_closer.state.json
    schedule    : fixed__busy_impatient_closer
    adaptive    : False  (switches=[])
    n_rounds    : 16
    n_cars      : 5
    runs/car    : 30
    total runs  : 150  (total calls: 2400)
    model       : deepseek-reasoner  at https://api.deepseek.com
    base_seed   : 20260420
    output      : results\exp01_fixed_busy_impatient_closer.json

--- CAR 1/5: 2014 Mercedes-Benz S550  (M=$96,000.00  cost=$19,000.00  cost/M=19.79%) ---

   run 1/30 on 2014 Mercedes-Benz S550  seed=20360420
      R 1  buy $ 27,210.15   sel     $29,995.00   [strat=busy_impatient_closer] *
      R 2  buy $  7,680.89   sel     $27,500.00   [strat=busy_impatient_closer]
      R 3  buy $ 18,979.83   sel     $26,000.00   [strat=busy_impatient_closer]
      R 4  buy $ 19,349.70   sel     $24,500.00   [strat=busy_impatient_closer]
      R 5  buy $  4,781.29   sel     $22,000.00   [strat=busy_impatient_closer]
      R 6  buy $  2,587.86   sel     $22,000.00   [strat=busy_impatient_closer]
      R 7  buy $  2,831.04   sel     $21,500.00   [strat=busy_impatient_closer]
      R 8  buy $    303.22   sel     $20,500.00   [strat=busy_impatient_closer]
      R 9  buy $  1,683.84   sel     $20,000.00   [strat=busy_impatient_closer]
      R10  buy $ 18,866.75   sel     $19,500.00   [strat=busy_impatient_closer]
      R11  buy $ 11,767.03   sel     $19,300.00   [strat=busy_impatient_closer]
      R12  buy $ 10,364.92   sel     $19,200.00   [strat=busy_impatient_closer]
      R13  buy $ 12,946.61   sel     $18,500.00   [strat=busy_impatient_closer]
      R14  buy $    168.24   sel     $19,000.00   [strat=busy_impatient_closer]
      R15  buy $ 11,930.55   sel     $19,000.00   [strat=busy_impatient_closer]
      R16  buy $  5,123.43   sel     $18,000.00   [strat=busy_impatient_closer]
   run 1 done in 6.4 min

   run 2/30 on 2014 Mercedes-Benz S550  seed=20360421
      R 1  buy $ 84,076.16   sel     $92,500.00   [strat=busy_impatient_closer] *
      R 2  buy $ 59,026.83   sel     $90,000.00   [strat=busy_impatient_closer]
      R 3  buy $ 21,036.55   sel     $85,000.00   [strat=busy_impatient_closer]
      R 4  buy $    867.22   sel     $82,000.00   [strat=busy_impatient_closer]
      R 5  buy $ 64,781.38   sel     $78,000.00   [strat=busy_impatient_closer]
      R 6  buy $ 10,408.19   sel     $75,000.00   [strat=busy_impatient_closer]
      R 7  buy $ 17,267.62   sel     $72,000.00   [strat=busy_impatient_closer]
      R 8  buy $ 70,344.76   sel     $70,344.76   [strat=busy_impatient_closer]
      R 9  buy $ 26,478.94   sel     PARSE-FAIL   [strat=busy_impatient_closer]
      R10  buy $ 30,123.50   sel     $68,000.00   [strat=busy_impatient_closer]
      R11  buy $ 38,486.41   sel     $65,000.00   [strat=busy_impatient_closer]
      R12  buy $ 20,564.34   sel     $60,000.00   [strat=busy_impatient_closer]
      R13  buy $ 47,589.84   sel     $55,000.00   [strat=busy_impatient_closer]
      R14  buy $ 32,472.46   sel     PARSE-FAIL   [strat=busy_impatient_closer]
      R15  buy $ 54,048.12   sel     $48,000.00   [strat=busy_impatient_closer]
      R16  buy $ 31,699.90   sel     $45,000.00   [strat=busy_impatient_closer]
   run 2 done in 5.1 min

   run 3/30 on 2014 Mercedes-Benz S550  seed=20360422
      R 1  buy $ 28,131.45   sel     $38,500.00   [strat=busy_impatient_closer] *
      R 2  buy $ 16,296.36   sel     $36,000.00   [strat=busy_impatient_closer]
      R 3  buy $  8,278.66   sel     $35,500.00   [strat=busy_impatient_closer]
      R 4  buy $ 22,950.51   sel     $34,000.00   [strat=busy_impatient_closer]
      R 5  buy $ 33,878.97   sel     $33,900.00   [strat=busy_impatient_closer]
      R 6  buy $ 13,073.53   sel     $33,800.00   [strat=busy_impatient_closer]
      R 7  buy $ 25,632.05   sel     $32,000.00   [strat=busy_impatient_closer]
      R 8  buy $    526.56   sel     $31,500.00   [strat=busy_impatient_closer]
      R 9  buy $ 26,392.27   sel     $29,000.00   [strat=busy_impatient_closer]
      R10  buy $ 14,049.87   sel     $27,500.00   [strat=busy_impatient_closer]
      R11  buy $ 25,306.29   sel     $26,900.00   [strat=busy_impatient_closer]
      R12  buy $ 12,200.55   sel     $24,900.00   [strat=busy_impatient_closer]
      R13  buy $ 16,765.03   sel     $23,500.00   [strat=busy_impatient_closer]
      R14  buy $ 16,249.27   sel     $22,000.00   [strat=busy_impatient_closer]
      R15  buy $ 11,337.31   sel     $21,000.00   [strat=busy_impatient_closer]
      R16  buy $  6,287.54   sel     $20,500.00   [strat=busy_impatient_closer]
   run 3 done in 5.2 min

   run 4/30 on 2014 Mercedes-Benz S550  seed=20360423
      R 1  buy $ 90,378.48   sel     $88,500.00   [strat=busy_impatient_closer] *
      R 2  buy $ 80,308.19   sel     $85,500.00   [strat=busy_impatient_closer]
      R 3  buy $ 25,353.90   sel     $84,000.00   [strat=busy_impatient_closer]
      R 4  buy $ 23,512.85   sel     $84,000.00   [strat=busy_impatient_closer]
      R 5  buy $ 38,457.43   sel     $83,500.00   [strat=busy_impatient_closer]
      R 6  buy $ 77,101.05   sel     $82,000.00   [strat=busy_impatient_closer]
      R 7  buy $  9,947.79   sel     $81,500.00   [strat=busy_impatient_closer]
      R 8  buy $ 22,820.71   sel     $70,000.00   [strat=busy_impatient_closer]
      R 9  buy $ 36,149.45   sel     $70,000.00   [strat=busy_impatient_closer]
      R10  buy $  3,247.97   sel     $68,500.00   [strat=busy_impatient_closer]
      R11  buy $ 31,985.19   sel     $55,000.00   [strat=busy_impatient_closer]
      R12  buy $ 44,640.68   sel     $50,000.00   [strat=busy_impatient_closer]
      R13  buy $ 31,499.82   sel     $48,000.00   [strat=busy_impatient_closer]
      R14  buy $ 35,666.64   sel     $42,000.00   [strat=busy_impatient_closer]
      R15  buy $  2,888.86   sel     $39,500.00   [strat=busy_impatient_closer]
      R16  buy $ 26,849.98   sel     $32,000.00   [strat=busy_impatient_closer]
   run 4 done in 8.7 min

   run 5/30 on 2014 Mercedes-Benz S550  seed=20360424
      R 1  buy $ 70,410.52   sel     $72,500.00   [strat=busy_impatient_closer] *
      R 2  buy $    134.95   sel     $71,500.00   [strat=busy_impatient_closer]
      R 3  buy $ 38,521.48   sel     $71,500.00   [strat=busy_impatient_closer]
      R 4  buy $ 19,519.94   sel     $70,000.00   [strat=busy_impatient_closer]
      R 5  buy $ 46,085.18   sel     $70,000.00   [strat=busy_impatient_closer]
      R 6  buy $ 48,626.74   sel     $55,000.00   [strat=busy_impatient_closer]
      R 7  buy $ 46,872.87   sel     $50,000.00   [strat=busy_impatient_closer]
      R 8  buy $ 46,884.42   sel     $49,500.00   [strat=busy_impatient_closer]
      R 9  buy $ 10,792.58   sel     $21,500.00   [strat=busy_impatient_closer]
      R10  buy $ 15,905.16   sel     $20,000.00   [strat=busy_impatient_closer]
      R11  buy $ 10,576.42   sel     $20,000.00   [strat=busy_impatient_closer]
      R12  buy $  3,011.56   sel     $19,500.00   [strat=busy_impatient_closer]
      R13  buy $ 15,035.94   sel     $19,000.00   [strat=busy_impatient_closer]
      R14  buy $  8,685.73   sel     $19,000.00   [strat=busy_impatient_closer]
      R15  buy $ 15,803.71   sel     $19,250.00   [strat=busy_impatient_closer]
      R16  buy $  1,351.23   sel     $19,100.00   [strat=busy_impatient_closer]
   run 5 done in 8.4 min

   run 6/30 on 2014 Mercedes-Benz S550  seed=20360425
      R 1  buy $ 42,997.18   sel     $44,995.00   [strat=busy_impatient_closer] *
      R 2  buy $ 30,049.34   sel     $43,500.00   [strat=busy_impatient_closer]
      R 3  buy $  2,837.96   sel     $43,500.00   [strat=busy_impatient_closer]
      R 4  buy $ 34,296.53   sel     $38,900.00   [strat=busy_impatient_closer]
      R 5  buy $ 23,735.21   sel     $37,495.00   [strat=busy_impatient_closer]
      R 6  buy $ 23,850.30   sel     PARSE-FAIL   [strat=busy_impatient_closer]
      R 7  buy $  4,196.02   sel     $34,900.00   [strat=busy_impatient_closer]
      R 8  buy $    282.03   sel     $29,995.00   [strat=busy_impatient_closer]
      R 9  buy $ 13,861.95   sel     $26,995.00   [strat=busy_impatient_closer]
      R10  buy $  4,268.46   sel     $26,995.00   [strat=busy_impatient_closer]
      R11  buy $ 18,291.34   sel     $25,995.00   [strat=busy_impatient_closer]
      R12  buy $ 14,061.98   sel     $23,995.00   [strat=busy_impatient_closer]
      R13  buy $ 12,936.15   sel     $22,500.00   [strat=busy_impatient_closer]
      R14  buy $  4,572.12   sel     $21,500.00   [strat=busy_impatient_closer]
      R15  buy $ 18,208.30   sel     $19,500.00   [strat=busy_impatient_closer]
      R16  buy $  2,064.97   sel     PARSE-FAIL   [strat=busy_impatient_closer]
   run 6 done in 7.8 min

   run 7/30 on 2014 Mercedes-Benz S550  seed=20360426
      R 1  buy $ 15,902.25   sel     $24,500.00   [strat=busy_impatient_closer] *
      R 2  buy $ 14,005.66   sel     $23,900.00   [strat=busy_impatient_closer]
      R 3  buy $    862.51   sel     $23,500.00   [strat=busy_impatient_closer]
      R 4  buy $ 12,382.76   sel     $22,900.00   [strat=busy_impatient_closer]
      R 5  buy $  5,291.24   sel     $22,900.00   [strat=busy_impatient_closer]
      R 6  buy $ 15,437.28   sel     $21,900.00   [strat=busy_impatient_closer]
      R 7  buy $ 15,544.80   sel     $20,900.00   [strat=busy_impatient_closer]
      R 8  buy $ 12,432.99   sel     $19,900.00   [strat=busy_impatient_closer]
      R 9  buy $  5,974.32   sel     $19,500.00   [strat=busy_impatient_closer]
      R10  buy $ 13,553.19   sel     $19,300.00   [strat=busy_impatient_closer]
      R11  buy $  5,104.95   sel     $19,200.00   [strat=busy_impatient_closer]
      R12  buy $  1,957.68   sel     $19,100.00   [strat=busy_impatient_closer]
      R13  buy $ 13,792.86   sel     PARSE-FAIL   [strat=busy_impatient_closer]
      R14  buy $  3,265.13   sel     $19,000.00   [strat=busy_impatient_closer]
      R15  buy $ 15,239.60   sel     $18,900.00   [strat=busy_impatient_closer]
      R16  buy $  3,571.09   sel     $19,100.00   [strat=busy_impatient_closer]
   run 7 done in 6.6 min

   run 8/30 on 2014 Mercedes-Benz S550  seed=20360427
      R 1  buy $ 53,284.15   sel     $59,950.00   [strat=busy_impatient_closer] *
      R 2  buy $ 56,149.56   sel     $58,000.00   [strat=busy_impatient_closer]
      R 3  buy $ 23,137.67   sel     $57,500.00   [strat=busy_impatient_closer]
      R 4  buy $ 39,420.25   sel     $57,500.00   [strat=busy_impatient_closer]
      R 5  buy $ 14,469.35   sel     $57,000.00   [strat=busy_impatient_closer]
      R 6  buy $ 29,795.41   sel     $57,000.00   [strat=busy_impatient_closer]
      R 7  buy $ 26,972.04   sel     $57,000.00   [strat=busy_impatient_closer]
      R 8  buy $ 56,723.74   sel     $56,723.74   [strat=busy_impatient_closer]
      R 9  buy $  8,751.94   sel     $57,000.00   [strat=busy_impatient_closer]
      R10  buy $  6,778.19   sel     $56,000.00   [strat=busy_impatient_closer]
      R11  buy $ 17,108.14   sel     $55,000.00   [strat=busy_impatient_closer]
      R12  buy $ 54,546.41   sel     $54,546.41   [strat=busy_impatient_closer]
      R13  buy $ 35,991.14   sel     $52,000.00   [strat=busy_impatient_closer]
      R14  buy $ 43,940.03   sel     $50,000.00   [strat=busy_impatient_closer]
      R15  buy $ 42,224.07   sel     $46,000.00   [strat=busy_impatient_closer]
      R16  buy $ 18,321.08   sel     $45,000.00   [strat=busy_impatient_closer]
   run 8 done in 5.6 min

   run 9/30 on 2014 Mercedes-Benz S550  seed=20360428
      R 1  buy $ 45,726.41   sel     $52,500.00   [strat=busy_impatient_closer] *
      R 2  buy $ 37,989.47   sel     $49,500.00   [strat=busy_impatient_closer]
      R 3  buy $ 44,502.70   sel     $47,500.00   [strat=busy_impatient_closer]
      R 4  buy $ 24,925.18   sel     $46,000.00   [strat=busy_impatient_closer]
      R 5  buy $ 15,843.67   sel     $44,000.00   [strat=busy_impatient_closer]
      R 6  buy $ 35,527.61   sel     $42,000.00   [strat=busy_impatient_closer]
      R 7  buy $  4,149.09   sel     $40,000.00   [strat=busy_impatient_closer]
      R 8  buy $ 29,714.53   sel     $36,000.00   [strat=busy_impatient_closer]
      R 9  buy $ 19,883.51   sel     $28,000.00   [strat=busy_impatient_closer]
      R10  buy $ 14,843.27   sel     $26,000.00   [strat=busy_impatient_closer]
      R11  buy $  9,644.34   sel     $22,000.00   [strat=busy_impatient_closer]
      R12  buy $  8,606.45   sel     $19,500.00   [strat=busy_impatient_closer]
      R13  buy $  3,227.83   sel     $18,000.00   [strat=busy_impatient_closer]
      R14  buy $    461.01   sel     $19,900.00   [strat=busy_impatient_closer]
      R15  buy $ 11,473.32   sel     $17,500.00   [strat=busy_impatient_closer]
      R16  buy $ 11,062.35   sel     $19,500.00   [strat=busy_impatient_closer]
   run 9 done in 7.3 min

   run 10/30 on 2014 Mercedes-Benz S550  seed=20360429
      R 1  buy $ 65,217.91   sel     $79,995.00   [strat=busy_impatient_closer] *
      R 2  buy $ 21,488.08   sel     $69,995.00   [strat=busy_impatient_closer]
      R 3  buy $ 13,869.26   sel     $69,995.00   [strat=busy_impatient_closer]
      R 4  buy $ 51,388.47   sel     $59,995.00   [strat=busy_impatient_closer]
      R 5  buy $ 32,488.36   sel     $54,995.00   [strat=busy_impatient_closer]
      R 6  buy $ 11,615.67   sel     $54,995.00   [strat=busy_impatient_closer]
      R 7  buy $ 37,067.34   sel     $49,995.00   [strat=busy_impatient_closer]
      R 8  buy $ 15,776.08   sel     $49,995.00   [strat=busy_impatient_closer]
      R 9  buy $ 31,101.32   sel     $45,000.00   [strat=busy_impatient_closer]
      R10  buy $ 42,398.25   sel     $42,398.25   [strat=busy_impatient_closer]
      R11  buy $ 13,025.25   sel     $42,398.25   [strat=busy_impatient_closer]
      R12  buy $ 26,917.73   sel     $32,995.00   [strat=busy_impatient_closer]
      R13  buy $  7,574.96   sel     $29,995.00   [strat=busy_impatient_closer]
      R14  buy $ 16,398.84   sel     $24,995.00   [strat=busy_impatient_closer]
      R15  buy $  2,333.57   sel     $21,995.00   [strat=busy_impatient_closer]
      R16  buy $ 20,285.39   sel     $20,285.39   [strat=busy_impatient_closer]
   run 10 done in 7.5 min

   run 11/30 on 2014 Mercedes-Benz S550  seed=20360430
      R 1  buy $ 25,073.76   sel     $30,000.00   [strat=busy_impatient_closer] *
      R 2  buy $ 16,751.72   sel     $28,500.00   [strat=busy_impatient_closer]
      R 3  buy $ 19,194.83   sel     $27,000.00   [strat=busy_impatient_closer]
      R 4  buy $ 22,614.18   sel     $26,000.00   [strat=busy_impatient_closer]
      R 5  buy $ 23,689.76   sel     $25,000.00   [strat=busy_impatient_closer]
      R 6  buy $  1,631.55   sel     $24,500.00   [strat=busy_impatient_closer]
      R 7  buy $  8,602.35   sel     $23,500.00   [strat=busy_impatient_closer]
      R 8  buy $  5,619.21   sel     $22,000.00   [strat=busy_impatient_closer]
      R 9  buy $  5,204.51   sel     $21,500.00   [strat=busy_impatient_closer]
      R10  buy $  8,220.24   sel     $23,000.00   [strat=busy_impatient_closer]
      R11  buy $ 10,533.11   sel     $22,000.00   [strat=busy_impatient_closer]
      R12  buy $  6,563.54   sel     $21,000.00   [strat=busy_impatient_closer]
      R13  buy $  3,646.73   sel     $20,000.00   [strat=busy_impatient_closer]
      R14  buy $  8,259.53   sel     $19,500.00   [strat=busy_impatient_closer]
      R15  buy $ 16,828.92   sel     $19,200.00   [strat=busy_impatient_closer]
      R16  buy $  5,149.77   sel     $19,000.00   [strat=busy_impatient_closer]
   run 11 done in 6.1 min

   run 12/30 on 2014 Mercedes-Benz S550  seed=20360431
      R 1  buy $ 39,357.04   sel     $45,000.00   [strat=busy_impatient_closer] *
      R 2  buy $ 30,034.13   sel     $44,000.00   [strat=busy_impatient_closer]
      R 3  buy $ 30,108.22   sel     $43,000.00   [strat=busy_impatient_closer]
      R 4  buy $ 20,901.85   sel     $42,000.00   [strat=busy_impatient_closer]
      R 5  buy $  3,586.08   sel     $41,000.00   [strat=busy_impatient_closer]
      R 6  buy $  1,486.40   sel     $40,000.00   [strat=busy_impatient_closer]
      R 7  buy $ 22,206.19   sel     $35,000.00   [strat=busy_impatient_closer]
      R 8  buy $ 32,364.69   sel     $34,000.00   [strat=busy_impatient_closer]
      R 9  buy $  7,752.20   sel     $33,000.00   [strat=busy_impatient_closer]
      R10  buy $ 21,221.68   sel     $30,000.00   [strat=busy_impatient_closer]
      R11  buy $ 19,453.70   sel     $29,000.00   [strat=busy_impatient_closer]
      R12  buy $ 16,193.74   sel     $25,000.00   [strat=busy_impatient_closer]
      R13  buy $  2,767.43   sel     $22,000.00   [strat=busy_impatient_closer]
      R14  buy $  9,335.19   sel     $21,000.00   [strat=busy_impatient_closer]
      R15  buy $ 19,499.70   sel     $20,000.00   [strat=busy_impatient_closer]
      R16  buy $ 15,166.44   sel     $19,500.00   [strat=busy_impatient_closer]
   run 12 done in 5.8 min

   run 13/30 on 2014 Mercedes-Benz S550  seed=20360432
      R 1  buy $ 28,947.71   sel     $38,500.00   [strat=busy_impatient_closer] *
      R 2  buy $ 24,372.28   sel     $36,750.00   [strat=busy_impatient_closer]
      R 3  buy $ 12,073.81   sel     $36,500.00   [strat=busy_impatient_closer]
      R 4  buy $ 28,188.45   sel     $35,000.00   [strat=busy_impatient_closer]
      R 5  buy $  2,545.02   sel     $34,500.00   [strat=busy_impatient_closer]
      R 6  buy $ 17,704.37   sel     $34,500.00   [strat=busy_impatient_closer]
      R 7  buy $  9,785.22   sel     $34,000.00   [strat=busy_impatient_closer]
      R 8  buy $ 20,034.49   sel     $33,000.00   [strat=busy_impatient_closer]
      R 9  buy $ 11,148.78   sel     $32,500.00   [strat=busy_impatient_closer]
      R10  buy $  7,975.48   sel     $32,000.00   [strat=busy_impatient_closer]
      R11  buy $ 30,937.49   sel     PARSE-FAIL   [strat=busy_impatient_closer]
      R12  buy $  1,018.26   sel     $31,500.00   [strat=busy_impatient_closer]
      R13  buy $ 29,400.21   sel     $30,000.00   [strat=busy_impatient_closer]
      R14  buy $ 11,166.49   sel     $31,000.00   [strat=busy_impatient_closer]
      R15  buy $ 11,027.65   sel     PARSE-FAIL   [strat=busy_impatient_closer]
      R16  buy $  1,274.93   sel     $30,500.00   [strat=busy_impatient_closer]
   run 13 done in 4.6 min

   run 14/30 on 2014 Mercedes-Benz S550  seed=20360433
      R 1  buy $ 74,167.21   sel     $89,500.00   [strat=busy_impatient_closer] *
      R 2  buy $ 55,671.57   sel     $85,000.00   [strat=busy_impatient_closer]
      R 3  buy $  4,989.95   sel     $79,500.00   [strat=busy_impatient_closer]
      R 4  buy $ 39,262.13   sel     $77,500.00   [strat=busy_impatient_closer]
      R 5  buy $ 18,142.17   sel     $76,000.00   [strat=busy_impatient_closer]
      R 6  buy $ 10,188.44   sel     $74,000.00   [strat=busy_impatient_closer]
      R 7  buy $ 70,624.08   sel     $72,500.00   [strat=busy_impatient_closer]
      R 8  buy $  2,287.93   sel     $72,500.00   [strat=busy_impatient_closer]
      R 9  buy $ 36,464.25   sel     $71,000.00   [strat=busy_impatient_closer]
      R10  buy $ 40,712.79   sel     $70,000.00   [strat=busy_impatient_closer]
      R11  buy $ 13,998.89   sel     $69,500.00   [strat=busy_impatient_closer]
      R12  buy $ 15,616.34   sel     $68,000.00   [strat=busy_impatient_closer]
      R13  buy $ 52,909.23   sel     $65,000.00   [strat=busy_impatient_closer]
      R14  buy $ 16,343.95   sel     $63,000.00   [strat=busy_impatient_closer]
      R15  buy $ 37,643.14   sel     $60,000.00   [strat=busy_impatient_closer]
      R16  buy $ 33,607.65   sel     $55,000.00   [strat=busy_impatient_closer]
   run 14 done in 8.4 min

   run 15/30 on 2014 Mercedes-Benz S550  seed=20360434
      R 1  buy $  3,569.00   sel     $48,000.00   [strat=busy_impatient_closer] *
      R 2  buy $ 12,886.00   sel     $42,000.00   [strat=busy_impatient_closer]
      R 3  buy $ 18,564.81   sel     $39,500.00   [strat=busy_impatient_closer]
      R 4  buy $ 15,191.41   sel     $38,000.00   [strat=busy_impatient_closer]
      R 5  buy $ 15,457.60   sel     $35,000.00   [strat=busy_impatient_closer]
      R 6  buy $ 10,872.30   sel     $32,000.00   [strat=busy_impatient_closer]
      R 7  buy $ 26,509.09   sel     $30,000.00   [strat=busy_impatient_closer]
      R 8  buy $  3,394.06   sel     $28,000.00   [strat=busy_impatient_closer]
      R 9  buy $  9,972.78   sel     $25,000.00   [strat=busy_impatient_closer]
      R10  buy $ 14,702.15   sel     $24,000.00   [strat=busy_impatient_closer]
      R11  buy $  4,319.96   sel     $24,000.00   [strat=busy_impatient_closer]
      R12  buy $  1,337.05   sel     $24,000.00   [strat=busy_impatient_closer]
      R13  buy $ 13,951.65   sel     $22,000.00   [strat=busy_impatient_closer]
      R14  buy $ 13,651.98   sel     $21,000.00   [strat=busy_impatient_closer]
      R15  buy $ 18,760.37   sel     $20,000.00   [strat=busy_impatient_closer]
      R16  buy $ 19,060.21   sel     $19,500.00   [strat=busy_impatient_closer]
   run 15 done in 8.4 min

   run 16/30 on 2014 Mercedes-Benz S550  seed=20360435
      R 1  buy $ 71,767.25   sel     $85,999.00   [strat=busy_impatient_closer] *
      R 2  buy $ 80,015.62   sel     $82,500.00   [strat=busy_impatient_closer]
      R 3  buy $ 19,281.69   sel     $75,000.00   [strat=busy_impatient_closer]
      R 4  buy $ 47,331.65   sel     $65,000.00   [strat=busy_impatient_closer]
      R 5  buy $ 63,002.87   sel     $63,002.87   [strat=busy_impatient_closer]
      R 6  buy $ 50,372.91   sel     $57,000.00   [strat=busy_impatient_closer]
      R 7  buy $ 24,733.92   sel     $45,000.00   [strat=busy_impatient_closer]
      R 8  buy $  8,769.54   sel     $35,000.00   [strat=busy_impatient_closer]
      R 9  buy $ 33,704.28   sel     $33,704.28   [strat=busy_impatient_closer]
      R10  buy $  8,114.26   sel     $24,500.00   [strat=busy_impatient_closer]
      R11  buy $ 16,635.65   sel     $21,500.00   [strat=busy_impatient_closer]
      R12  buy $  2,989.63   sel     $20,000.00   [strat=busy_impatient_closer]
      R13  buy $    971.99   sel     $18,500.00   [strat=busy_impatient_closer]
      R14  buy $  5,835.69   sel     $21,000.00   [strat=busy_impatient_closer]
      R15  buy $ 16,727.21   sel     $19,500.00   [strat=busy_impatient_closer]
      R16  buy $  9,766.90   sel     $19,000.00   [strat=busy_impatient_closer]
   run 16 done in 6.7 min

   run 17/30 on 2014 Mercedes-Benz S550  seed=20360436
      R 1  buy $ 30,279.87   sel     $34,995.00   [strat=busy_impatient_closer] *
      R 2  buy $ 30,856.22   sel     $33,500.00   [strat=busy_impatient_closer]
      R 3  buy $  7,387.23   sel     $32,500.00   [strat=busy_impatient_closer]
      R 4  buy $ 18,113.79   sel     $31,500.00   [strat=busy_impatient_closer]
      R 5  buy $  1,279.96   sel     $31,500.00   [strat=busy_impatient_closer]
      R 6  buy $  3,924.10   sel     $30,000.00   [strat=busy_impatient_closer]
      R 7  buy $ 10,315.96   sel     $29,500.00   [strat=busy_impatient_closer]
      R 8  buy $ 16,130.20   sel     $28,500.00   [strat=busy_impatient_closer]
      R 9  buy $  2,400.15   sel     $25,000.00   [strat=busy_impatient_closer]
      R10  buy $ 20,229.92   sel     $23,500.00   [strat=busy_impatient_closer]
      R11  buy $ 17,767.32   sel     $21,500.00   [strat=busy_impatient_closer]
      R12  buy $ 10,656.87   sel     $20,000.00   [strat=busy_impatient_closer]
      R13  buy $    566.30   sel     $19,500.00   [strat=busy_impatient_closer]
      R14  buy $  8,451.12   sel     $18,500.00   [strat=busy_impatient_closer]
      R15  buy $  7,570.72   sel     $19,000.00   [strat=busy_impatient_closer]
      R16  buy $ 16,903.49   sel     $18,000.00   [strat=busy_impatient_closer]
   run 17 done in 6.1 min

   run 18/30 on 2014 Mercedes-Benz S550  seed=20360437
      R 1  buy $ 82,104.44   sel     $88,000.00   [strat=busy_impatient_closer] *
      R 2  buy $  9,763.79   sel     $87,500.00   [strat=busy_impatient_closer]
      R 3  buy $ 69,916.06   sel     $86,500.00   [strat=busy_impatient_closer]
      R 4  buy $ 27,241.18   sel     $85,000.00   [strat=busy_impatient_closer]
      R 5  buy $     12.39   sel     $84,000.00   [strat=busy_impatient_closer]
      R 6  buy $  7,675.57   sel     $83,000.00   [strat=busy_impatient_closer]
      R 7  buy $ 25,539.62   sel     $82,500.00   [strat=busy_impatient_closer]
      R 8  buy $ 14,549.82   sel     $82,000.00   [strat=busy_impatient_closer]
      R 9  buy $ 25,961.35   sel     $81,500.00   [strat=busy_impatient_closer]
      R10  buy $ 48,259.21   sel     $78,000.00   [strat=busy_impatient_closer]
      R11  buy $ 35,368.18   sel     $75,000.00   [strat=busy_impatient_closer]
      R12  buy $ 65,044.47   sel     $69,000.00   [strat=busy_impatient_closer]
      R13  buy $ 62,266.75   sel     $65,000.00   [strat=busy_impatient_closer]
      R14  buy $ 28,582.27   sel     $62,000.00   [strat=busy_impatient_closer]
      R15  buy $ 42,289.13   sel     $55,000.00   [strat=busy_impatient_closer]
      R16  buy $ 25,052.04   sel     $35,000.00   [strat=busy_impatient_closer]
   run 18 done in 6.5 min

   run 19/30 on 2014 Mercedes-Benz S550  seed=20360438
      R 1  buy $ 14,149.00   sel     $17,999.00   [strat=busy_impatient_closer] *
      R 2  buy $ 15,064.51   sel     $17,499.00   [strat=busy_impatient_closer]
      R 3  buy $ 13,618.30   sel     $17,499.00   [strat=busy_impatient_closer]
      R 4  buy $  3,347.61   sel     $17,499.00   [strat=busy_impatient_closer]
      R 5  buy $  5,488.37   sel     $17,499.00   [strat=busy_impatient_closer]
      R 6  buy $  7,563.25   sel     $17,499.00   [strat=busy_impatient_closer]
      R 7  buy $  2,789.47   sel     $19,500.00   [strat=busy_impatient_closer]
      R 8  buy $    488.34   sel     $19,500.00   [strat=busy_impatient_closer]
      R 9  buy $    387.19   sel     $19,500.00   [strat=busy_impatient_closer]
      R10  buy $ 11,462.24   sel     $19,250.00   [strat=busy_impatient_closer]
      R11  buy $ 18,373.85   sel     $19,100.00   [strat=busy_impatient_closer]
      R12  buy $  1,238.73   sel     $19,050.00   [strat=busy_impatient_closer]
      R13  buy $     21.67   sel     $19,250.00   [strat=busy_impatient_closer]
      R14  buy $  6,298.16   sel     $19,250.00   [strat=busy_impatient_closer]
      R15  buy $  5,058.53   sel     $19,250.00   [strat=busy_impatient_closer]
      R16  buy $ 17,575.36   sel     $18,800.00   [strat=busy_impatient_closer]
   run 19 done in 5.5 min

   run 20/30 on 2014 Mercedes-Benz S550  seed=20360439
      R 1  buy $ 61,891.55   sel     $75,000.00   [strat=busy_impatient_closer] *
      R 2  buy $ 11,710.55   sel     $68,500.00   [strat=busy_impatient_closer]
      R 3  buy $ 23,071.05   sel     $65,000.00   [strat=busy_impatient_closer]
      R 4  buy $  3,401.55   sel     $62,500.00   [strat=busy_impatient_closer]
      R 5  buy $ 59,341.76   sel     $61,000.00   [strat=busy_impatient_closer]
      R 6  buy $ 47,476.33   sel     $60,000.00   [strat=busy_impatient_closer]
      R 7  buy $  2,196.93   sel     $59,500.00   [strat=busy_impatient_closer]
      R 8  buy $ 19,426.07   sel     $58,500.00   [strat=busy_impatient_closer]
      R 9  buy $ 12,178.94   sel     $55,000.00   [strat=busy_impatient_closer]
      R10  buy $ 35,482.21   sel     $50,000.00   [strat=busy_impatient_closer]
      R11  buy $  1,640.22   sel     $48,500.00   [strat=busy_impatient_closer]
      R12  buy $ 33,870.47   sel     $45,000.00   [strat=busy_impatient_closer]
      R13  buy $ 22,388.18   sel     $40,000.00   [strat=busy_impatient_closer]
      R14  buy $ 26,327.51   sel     $29,500.00   [strat=busy_impatient_closer]
      R15  buy $ 10,555.02   sel     $25,000.00   [strat=busy_impatient_closer]
      R16  buy $  8,041.30   sel     $22,500.00   [strat=busy_impatient_closer]
   run 20 done in 5.1 min

   run 21/30 on 2014 Mercedes-Benz S550  seed=20360440
      R 1  buy $  7,033.11   sel     $24,500.00   [strat=busy_impatient_closer] *
      R 2  buy $  7,713.55   sel     $24,500.00   [strat=busy_impatient_closer]
      R 3  buy $ 18,373.15   sel     $23,500.00   [strat=busy_impatient_closer]
      R 4  buy $  3,525.19   sel     $23,500.00   [strat=busy_impatient_closer]
      R 5  buy $  8,363.87   sel     $23,500.00   [strat=busy_impatient_closer]
      R 6  buy $  4,805.66   sel     $23,500.00   [strat=busy_impatient_closer]
      R 7  buy $ 22,005.02   sel     $22,005.02   [strat=busy_impatient_closer]
      R 8  buy $  2,040.42   sel     $22,005.02   [strat=busy_impatient_closer]
      R 9  buy $ 10,888.27   sel     $21,500.00   [strat=busy_impatient_closer]
      R10  buy $  4,683.73   sel     $21,500.00   [strat=busy_impatient_closer]
      R11  buy $  3,229.16   sel     $21,500.00   [strat=busy_impatient_closer]
      R12  buy $  7,607.17   sel     $21,500.00   [strat=busy_impatient_closer]
      R13  buy $  6,580.30   sel     $20,500.00   [strat=busy_impatient_closer]
      R14  buy $  1,038.44   sel     $20,500.00   [strat=busy_impatient_closer]
      R15  buy $ 19,132.96   sel     $19,500.00   [strat=busy_impatient_closer]
      R16  buy $ 10,314.23   sel     $19,000.00   [strat=busy_impatient_closer]
   run 21 done in 5.2 min

   run 22/30 on 2014 Mercedes-Benz S550  seed=20360441
      R 1  buy $ 18,993.31   sel     $21,500.00   [strat=busy_impatient_closer] *
      R 2  buy $  5,026.77   sel     $21,500.00   [strat=busy_impatient_closer]
      R 3  buy $ 19,010.94   sel     $21,500.00   [strat=busy_impatient_closer]
      R 4  buy $ 18,047.95   sel     $21,500.00   [strat=busy_impatient_closer]
      R 5  buy $  5,393.39   sel     $21,500.00   [strat=busy_impatient_closer]
      R 6  buy $ 14,627.86   sel     $21,000.00   [strat=busy_impatient_closer]
      R 7  buy $    766.75   sel     $20,500.00   [strat=busy_impatient_closer]
      R 8  buy $  2,971.37   sel     $19,999.99   [strat=busy_impatient_closer]
      R 9  buy $ 15,116.01   sel     $19,999.99   [strat=busy_impatient_closer]
      R10  buy $  2,184.57   sel     $19,999.99   [strat=busy_impatient_closer]
      R11  buy $ 17,316.10   sel     $19,500.00   [strat=busy_impatient_closer]
      R12  buy $ 16,521.54   sel     PARSE-FAIL   [strat=busy_impatient_closer]
      R13  buy $ 13,144.08   sel     $19,300.00   [strat=busy_impatient_closer]
      R14  buy $ 16,404.66   sel     $19,200.00   [strat=busy_impatient_closer]
      R15  buy $  8,087.60   sel     $19,100.00   [strat=busy_impatient_closer]
      R16  buy $ 15,178.68   sel     $19,000.00   [strat=busy_impatient_closer]
   run 22 done in 4.5 min

   run 23/30 on 2014 Mercedes-Benz S550  seed=20360442
      R 1  buy $ 71,509.90   sel     $85,000.00   [strat=busy_impatient_closer] *
      R 2  buy $ 28,548.03   sel     $78,500.00   [strat=busy_impatient_closer]
      R 3  buy $ 25,442.27   sel     $75,000.00   [strat=busy_impatient_closer]
      R 4  buy $    336.14   sel     $74,500.00   [strat=busy_impatient_closer]
      R 5  buy $  4,174.24   sel     $70,000.00   [strat=busy_impatient_closer]
      R 6  buy $ 45,407.92   sel     $65,000.00   [strat=busy_impatient_closer]
      R 7  buy $  9,760.62   sel     $20,500.00   [strat=busy_impatient_closer]
      R 8  buy $ 18,829.59   sel     $19,300.00   [strat=busy_impatient_closer]
      R 9  buy $  8,725.61   sel     $19,300.00   [strat=busy_impatient_closer]
      R10  buy $  3,146.60   sel     $19,000.00   [strat=busy_impatient_closer]
      R11  buy $ 18,572.01   sel     $19,000.00   [strat=busy_impatient_closer]
      R12  buy $  7,685.13   sel     $19,000.00   [strat=busy_impatient_closer]
      R13  buy $  4,270.85   sel     $19,000.00   [strat=busy_impatient_closer]
      R14  buy $  1,268.34   sel     $19,000.00   [strat=busy_impatient_closer]
      R15  buy $ 17,335.32   sel     $19,000.00   [strat=busy_impatient_closer]
      R16  buy $  2,151.23   sel     $19,000.00   [strat=busy_impatient_closer]
   run 23 done in 5.1 min

   run 24/30 on 2014 Mercedes-Benz S550  seed=20360443
      R 1  buy $ 74,315.92   sel     $89,500.00   [strat=busy_impatient_closer] *
      R 2  buy $ 43,271.54   sel     $85,000.00   [strat=busy_impatient_closer]
      R 3  buy $ 24,821.72   sel     $82,000.00   [strat=busy_impatient_closer]
      R 4  buy $  4,312.64   sel     $82,000.00   [strat=busy_impatient_closer]
      R 5  buy $ 21,121.56   sel     $78,500.00   [strat=busy_impatient_closer]
      R 6  buy $ 77,903.73   sel     $77,903.73   [strat=busy_impatient_closer]
      R 7  buy $ 28,037.78   sel     $75,000.00   [strat=busy_impatient_closer]
      R 8  buy $ 56,976.94   sel     $69,500.00   [strat=busy_impatient_closer]
      R 9  buy $  6,630.57   sel     $65,000.00   [strat=busy_impatient_closer]
      R10  buy $ 31,215.49   sel     $48,000.00   [strat=busy_impatient_closer]
      R11  buy $ 25,158.05   sel     $32,000.00   [strat=busy_impatient_closer]
      R12  buy $ 11,571.84   sel     $24,000.00   [strat=busy_impatient_closer]
      R13  buy $ 23,194.86   sel     $23,194.86   [strat=busy_impatient_closer]
      R14  buy $  9,911.67   sel     $21,500.00   [strat=busy_impatient_closer]
      R15  buy $ 18,420.74   sel     $20,000.00   [strat=busy_impatient_closer]
      R16  buy $  8,688.55   sel     $19,500.00   [strat=busy_impatient_closer]
   run 24 done in 6.5 min

   run 25/30 on 2014 Mercedes-Benz S550  seed=20360444
      R 1  buy $ 31,334.62   sel     $34,995.00   [strat=busy_impatient_closer] *
      R 2  buy $ 28,289.50   sel     $32,995.00   [strat=busy_impatient_closer]
      R 3  buy $ 11,610.48   sel     $31,995.00   [strat=busy_impatient_closer]
      R 4  buy $ 13,561.74   sel     $29,995.00   [strat=busy_impatient_closer]
      R 5  buy $ 28,347.25   sel     $29,500.00   [strat=busy_impatient_closer]
      R 6  buy $ 14,736.72   sel     $27,995.00   [strat=busy_impatient_closer]
      R 7  buy $ 24,821.46   sel     $26,995.00   [strat=busy_impatient_closer]
      R 8  buy $  2,607.18   sel     $25,995.00   [strat=busy_impatient_closer]
      R 9  buy $ 18,612.30   sel     $24,500.00   [strat=busy_impatient_closer]
      R10  buy $ 22,252.04   sel     $23,000.00   [strat=busy_impatient_closer]
      R11  buy $  1,233.92   sel     $23,000.00   [strat=busy_impatient_closer]
      R12  buy $ 21,628.38   sel     $22,000.00   [strat=busy_impatient_closer]
      R13  buy $ 13,358.66   sel     $21,500.00   [strat=busy_impatient_closer]
      R14  buy $ 10,137.40   sel     $21,000.00   [strat=busy_impatient_closer]
      R15  buy $ 16,443.97   sel     $20,000.00   [strat=busy_impatient_closer]
      R16  buy $ 19,577.10   sel     PARSE-FAIL   [strat=busy_impatient_closer]
   run 25 done in 5.8 min

   run 26/30 on 2014 Mercedes-Benz S550  seed=20360445
      R 1  buy $ 10,603.95   sel     $18,500.00   [strat=busy_impatient_closer] *
      R 2  buy $  7,301.77   sel     $18,000.00   [strat=busy_impatient_closer]
      R 3  buy $ 15,960.94   sel     $17,500.00   [strat=busy_impatient_closer]
      R 4  buy $  3,611.31   sel     $19,500.00   [strat=busy_impatient_closer]
      R 5  buy $  4,699.53   sel     $20,000.00   [strat=busy_impatient_closer]
      R 6  buy $      9.77   sel     $21,000.00   [strat=busy_impatient_closer]
      R 7  buy $  9,786.94   sel     $21,000.00   [strat=busy_impatient_closer]
      R 8  buy $  9,739.18   sel     $21,500.00   [strat=busy_impatient_closer]
      R 9  buy $  7,112.58   sel     $22,000.00   [strat=busy_impatient_closer]
      R10  buy $  8,316.79   sel     $21,999.00   [strat=busy_impatient_closer]
      R11  buy $ 11,765.42   sel     $20,500.00   [strat=busy_impatient_closer]
      R12  buy $  2,277.59   sel     $19,999.00   [strat=busy_impatient_closer]
      R13  buy $ 12,909.03   sel     $19,500.00   [strat=busy_impatient_closer]
      R14  buy $  3,123.40   sel     $19,500.00   [strat=busy_impatient_closer]
      R15  buy $ 11,459.35   sel     $19,250.00   [strat=busy_impatient_closer]
      R16  buy $  7,438.02   sel     $19,500.00   [strat=busy_impatient_closer]
   run 26 done in 6.4 min

   run 27/30 on 2014 Mercedes-Benz S550  seed=20360446
      R 1  buy $ 72,770.38   sel     $89,500.00   [strat=busy_impatient_closer] *
      R 2  buy $ 12,356.90   sel     $84,500.00   [strat=busy_impatient_closer]
      R 3  buy $ 21,455.81   sel     $79,500.00   [strat=busy_impatient_closer]
      R 4  buy $  9,315.55   sel     $75,000.00   [strat=busy_impatient_closer]
      R 5  buy $ 52,150.54   sel     $71,500.00   [strat=busy_impatient_closer]
      R 6  buy $ 44,236.95   sel     $68,000.00   [strat=busy_impatient_closer]
      R 7  buy $ 62,593.61   sel     $64,000.00   [strat=busy_impatient_closer]
      R 8  buy $ 26,595.87   sel     $64,000.00   [strat=busy_impatient_closer]
      R 9  buy $ 36,358.60   sel     $59,500.00   [strat=busy_impatient_closer]
      R10  buy $  6,832.37   sel     $55,000.00   [strat=busy_impatient_closer]
      R11  buy $ 45,519.81   sel     $50,000.00   [strat=busy_impatient_closer]
      R12  buy $ 19,965.69   sel     $35,000.00   [strat=busy_impatient_closer]
      R13  buy $ 29,418.47   sel     $30,000.00   [strat=busy_impatient_closer]
      R14  buy $ 10,435.36   sel     $25,000.00   [strat=busy_impatient_closer]
      R15  buy $ 11,160.01   sel     $20,000.00   [strat=busy_impatient_closer]
      R16  buy $ 14,571.02   sel     $19,500.00   [strat=busy_impatient_closer]
   run 27 done in 5.3 min

   run 28/30 on 2014 Mercedes-Benz S550  seed=20360447
      R 1  buy $ 74,483.10   sel     $89,900.00   [strat=busy_impatient_closer] *
      R 2  buy $ 84,217.60   sel     $86,500.00   [strat=busy_impatient_closer]
      R 3  buy $  4,942.47   sel     $86,000.00   [strat=busy_impatient_closer]
      R 4  buy $ 52,165.45   sel     $85,000.00   [strat=busy_impatient_closer]
      R 5  buy $ 78,470.15   sel     $83,500.00   [strat=busy_impatient_closer]
      R 6  buy $ 68,703.97   sel     $82,500.00   [strat=busy_impatient_closer]
      R 7  buy $ 68,148.49   sel     $82,000.00   [strat=busy_impatient_closer]
      R 8  buy $ 22,463.43   sel     $81,500.00   [strat=busy_impatient_closer]
      R 9  buy $ 29,141.42   sel     $81,000.00   [strat=busy_impatient_closer]
      R10  buy $ 40,421.34   sel     $80,000.00   [strat=busy_impatient_closer]
      R11  buy $ 72,451.63   sel     $78,500.00   [strat=busy_impatient_closer]
      R12  buy $ 60,193.59   sel     $75,000.00   [strat=busy_impatient_closer]
      R13  buy $  5,514.83   sel     $74,500.00   [strat=busy_impatient_closer]
      R14  buy $ 70,200.33   sel     $73,000.00   [strat=busy_impatient_closer]
      R15  buy $  8,890.00   sel     $72,000.00   [strat=busy_impatient_closer]
      R16  buy $ 54,578.53   sel     $70,000.00   [strat=busy_impatient_closer]
   run 28 done in 4.6 min

   run 29/30 on 2014 Mercedes-Benz S550  seed=20360448
      R 1  buy $ 38,478.19   sel     $43,000.00   [strat=busy_impatient_closer] *
      R 2  buy $ 15,207.94   sel     $40,000.00   [strat=busy_impatient_closer]
      R 3  buy $ 11,306.71   sel     $38,500.00   [strat=busy_impatient_closer]
      R 4  buy $  3,381.48   sel     $37,500.00   [strat=busy_impatient_closer]
      R 5  buy $ 33,292.97   sel     $36,500.00   [strat=busy_impatient_closer]
      R 6  buy $  5,786.63   sel     $36,000.00   [strat=busy_impatient_closer]
      R 7  buy $ 17,286.24   sel     $35,000.00   [strat=busy_impatient_closer]
      R 8  buy $ 31,216.04   sel     $33,000.00   [strat=busy_impatient_closer]
      R 9  buy $  4,646.05   sel     $30,000.00   [strat=busy_impatient_closer]
      R10  buy $  5,953.29   sel     $28,000.00   [strat=busy_impatient_closer]
      R11  buy $ 17,820.09   sel     $25,000.00   [strat=busy_impatient_closer]
      R12  buy $ 11,151.08   sel     $23,000.00   [strat=busy_impatient_closer]
      R13  buy $ 21,262.60   sel     $22,000.00   [strat=busy_impatient_closer]
      R14  buy $ 13,347.27   sel     $20,000.00   [strat=busy_impatient_closer]
      R15  buy $ 10,841.09   sel     $19,500.00   [strat=busy_impatient_closer]
      R16  buy $ 18,087.46   sel     $19,000.00   [strat=busy_impatient_closer]
   run 29 done in 6.2 min

   run 30/30 on 2014 Mercedes-Benz S550  seed=20360449
      R 1  buy $ 66,623.23   sel     $75,000.00   [strat=busy_impatient_closer] *
      R 2  buy $ 20,141.36   sel     $69,500.00   [strat=busy_impatient_closer]
      R 3  buy $ 22,182.31   sel     $59,900.00   [strat=busy_impatient_closer]
      R 4  buy $ 32,798.74   sel     $49,500.00   [strat=busy_impatient_closer]
      R 5  buy $ 23,908.60   sel     $39,900.00   [strat=busy_impatient_closer]
      R 6  buy $  8,970.01   sel     $35,000.00   [strat=busy_impatient_closer]
      R 7  buy $ 12,297.14   sel     $34,000.00   [strat=busy_impatient_closer]
      R 8  buy $ 30,558.35   sel     $32,500.00   [strat=busy_impatient_closer]
      R 9  buy $ 18,796.86   sel     $30,000.00   [strat=busy_impatient_closer]
      R10  buy $ 16,062.12   sel     $27,500.00   [strat=busy_impatient_closer]
      R11  buy $ 13,829.51   sel     $25,000.00   [strat=busy_impatient_closer]
      R12  buy $  6,962.87   sel     $20,000.00   [strat=busy_impatient_closer]
      R13  buy $  2,858.54   sel     $19,500.00   [strat=busy_impatient_closer]
      R14  buy $  3,989.70   sel     $19,500.00   [strat=busy_impatient_closer]
      R15  buy $ 11,242.51   sel     $19,000.00   [strat=busy_impatient_closer]
      R16  buy $ 15,635.42   sel     $18,500.00   [strat=busy_impatient_closer]
   run 30 done in 7.8 min

   ---> checkpoint: car 1/5 done in 189.3 min; total so far 189.3 min; saved 30 runs to exp01_fixed_busy_impatient_closer.json

--- CAR 2/5: 2016 Cadillac CTS 3.6 Luxury  (M=$45,000.00  cost=$15,750.00  cost/M=35.00%) ---

   run 1/30 on 2016 Cadillac CTS 3.6 Luxury  seed=20361420
      R 1  buy $ 23,187.06   sel     $26,995.00   [strat=busy_impatient_closer] *
      R 2  buy $  3,796.45   sel     $26,495.00   [strat=busy_impatient_closer]
      R 3  buy $  3,719.57   sel     $25,995.00   [strat=busy_impatient_closer]
      R 4  buy $  9,600.46   sel     $24,995.00   [strat=busy_impatient_closer]
      R 5  buy $ 11,139.78   sel     $19,995.00   [strat=busy_impatient_closer]
      R 6  buy $  6,933.97   sel     $17,995.00   [strat=busy_impatient_closer]
      R 7  buy $  9,718.91   sel     $16,995.00   [strat=busy_impatient_closer]
      R 8  buy $ 13,798.62   sel     $15,995.00   [strat=busy_impatient_closer]
      R 9  buy $  1,516.43   sel     $15,995.00   [strat=busy_impatient_closer]
      R10  buy $ 10,186.69   sel     $15,995.00   [strat=busy_impatient_closer]
      R11  buy $  5,687.93   sel     $15,995.00   [strat=busy_impatient_closer]
      R12  buy $  2,326.73   sel     $15,895.00   [strat=busy_impatient_closer]
      R13  buy $  1,306.88   sel     $15,795.00   [strat=busy_impatient_closer]
      R14  buy $  1,679.67   sel     $15,750.00   [strat=busy_impatient_closer]
      R15  buy $ 12,811.98   sel     $15,750.00   [strat=busy_impatient_closer]
      R16  buy $ 11,064.31   sel     $15,750.00   [strat=busy_impatient_closer]
   run 1 done in 5.8 min

   run 2/30 on 2016 Cadillac CTS 3.6 Luxury  seed=20361421
      R 1  buy $ 22,615.99   sel     $24,999.00   [strat=busy_impatient_closer] *
      R 2  buy $ 14,382.86   sel     $21,999.00   [strat=busy_impatient_closer]
      R 3  buy $  6,626.50   sel     $19,999.00   [strat=busy_impatient_closer]
      R 4  buy $ 15,162.27   sel     $18,999.00   [strat=busy_impatient_closer]
      R 5  buy $  3,836.43   sel     $18,999.00   [strat=busy_impatient_closer]
      R 6  buy $ 13,052.30   sel     $18,500.00   [strat=busy_impatient_closer]
      R 7  buy $  3,307.39   sel     $18,000.00   [strat=busy_impatient_closer]
      R 8  buy $ 12,031.40   sel     $17,500.00   [strat=busy_impatient_closer]
      R 9  buy $    612.75   sel     $17,000.00   [strat=busy_impatient_closer]
      R10  buy $  9,126.93   sel     $16,000.00   [strat=busy_impatient_closer]
      R11  buy $ 13,170.30   sel     $16,000.00   [strat=busy_impatient_closer]
      R12  buy $     83.97   sel     $16,000.00   [strat=busy_impatient_closer]
      R13  buy $  4,057.03   sel     $15,900.00   [strat=busy_impatient_closer]
      R14  buy $ 13,163.45   sel     $15,500.00   [strat=busy_impatient_closer]
      R15  buy $  1,381.82   sel     $15,250.00   [strat=busy_impatient_closer]
      R16  buy $  2,621.99   sel     $15,750.00   [strat=busy_impatient_closer]
   run 2 done in 6.6 min

   run 3/30 on 2016 Cadillac CTS 3.6 Luxury  seed=20361422
      R 1  buy $ 28,572.61   sel     $28,572.61   [strat=busy_impatient_closer] *
      R 2  buy $ 12,420.71   sel     $27,999.99   [strat=busy_impatient_closer]
      R 3  buy $    655.09   sel     $27,999.99   [strat=busy_impatient_closer]
      R 4  buy $  6,890.34   sel     $27,999.99   [strat=busy_impatient_closer]
      R 5  buy $ 23,687.62   sel     $26,500.00   [strat=busy_impatient_closer]
      R 6  buy $ 11,470.64   sel     $25,000.00   [strat=busy_impatient_closer]
      R 7  buy $  9,700.09   sel     $24,500.00   [strat=busy_impatient_closer]
      R 8  buy $  5,457.55   sel     $24,000.00   [strat=busy_impatient_closer]
      R 9  buy $ 11,695.99   sel     $23,900.00   [strat=busy_impatient_closer]
      R10  buy $ 11,216.50   sel     $23,687.62   [strat=busy_impatient_closer]
      R11  buy $  2,912.79   sel     $23,687.62   [strat=busy_impatient_closer]
      R12  buy $ 19,007.80   sel     $21,000.00   [strat=busy_impatient_closer]
      R13  buy $  6,890.89   sel     $20,000.00   [strat=busy_impatient_closer]
      R14  buy $ 10,280.97   sel     $19,000.00   [strat=busy_impatient_closer]
      R15  buy $ 15,535.26   sel     $17,500.00   [strat=busy_impatient_closer]
      R16  buy $ 11,781.24   sel     $16,500.00   [strat=busy_impatient_closer]
   run 3 done in 6.1 min

   run 4/30 on 2016 Cadillac CTS 3.6 Luxury  seed=20361423
      R 1  buy $ 18,158.69   sel     $19,500.00   [strat=busy_impatient_closer] *
      R 2  buy $ 15,285.45   sel     $18,500.00   [strat=busy_impatient_closer]
      R 3  buy $  5,761.97   sel     $18,000.00   [strat=busy_impatient_closer]
      R 4  buy $ 14,010.39   sel     $18,000.00   [strat=busy_impatient_closer]
      R 5  buy $  5,871.86   sel     $18,000.00   [strat=busy_impatient_closer]
      R 6  buy $  3,766.88   sel     $18,000.00   [strat=busy_impatient_closer]
      R 7  buy $ 14,075.33   sel     $18,000.00   [strat=busy_impatient_closer]
      R 8  buy $  7,572.40   sel     $18,000.00   [strat=busy_impatient_closer]
      R 9  buy $ 15,983.92   sel     $18,000.00   [strat=busy_impatient_closer]
      R10  buy $  7,123.13   sel     $18,000.00   [strat=busy_impatient_closer]
      R11  buy $  7,720.63   sel     $17,500.00   [strat=busy_impatient_closer]
      R12  buy $ 11,741.68   sel     $17,000.00   [strat=busy_impatient_closer]
      R13  buy $ 13,462.11   sel     $16,500.00   [strat=busy_impatient_closer]
      R14  buy $ 12,360.76   sel     $16,500.00   [strat=busy_impatient_closer]
      R15  buy $ 10,082.81   sel     $16,000.00   [strat=busy_impatient_closer]
      R16  buy $    899.68   sel     $16,000.00   [strat=busy_impatient_closer]
   run 4 done in 4.5 min

   run 5/30 on 2016 Cadillac CTS 3.6 Luxury  seed=20361424
      R 1  buy $ 39,508.39   sel     $44,000.00   [strat=busy_impatient_closer] *
      R 2  buy $  2,393.43   sel     $42,500.00   [strat=busy_impatient_closer]
      R 3  buy $ 23,741.77   sel     $41,000.00   [strat=busy_impatient_closer]
      R 4  buy $  3,303.08   sel     $39,500.00   [strat=busy_impatient_closer]
      R 5  buy $ 37,462.94   sel     $38,500.00   [strat=busy_impatient_closer]
      R 6  buy $ 15,045.86   sel     $37,900.00   [strat=busy_impatient_closer]
      R 7  buy $  7,280.46   sel     $36,500.00   [strat=busy_impatient_closer]
      R 8  buy $  1,278.40   sel     $35,000.00   [strat=busy_impatient_closer]
      R 9  buy $ 20,057.18   sel     $30,000.00   [strat=busy_impatient_closer]
      R10  buy $  9,608.26   sel     $25,000.00   [strat=busy_impatient_closer]
      R11  buy $  1,236.19   sel     $20,000.00   [strat=busy_impatient_closer]
      R12  buy $ 15,977.53   sel     $18,500.00   [strat=busy_impatient_closer]
      R13  buy $  6,883.98   sel     $16,500.00   [strat=busy_impatient_closer]
      R14  buy $ 15,947.37   sel     $16,250.00   [strat=busy_impatient_closer]
      R15  buy $ 16,055.33   sel     $16,055.33   [strat=busy_impatient_closer]
      R16  buy $  9,040.42   sel     $15,500.00   [strat=busy_impatient_closer]
   run 5 done in 5.2 min

   run 6/30 on 2016 Cadillac CTS 3.6 Luxury  seed=20361425
      R 1  buy $ 11,976.24   sel     $13,999.00   [strat=busy_impatient_closer] *
      R 2  buy $  8,259.25   sel     $13,499.00   [strat=busy_impatient_closer]
      R 3  buy $  4,589.31   sel     $13,499.00   [strat=busy_impatient_closer]
      R 4  buy $ 10,557.87   sel     $13,000.00   [strat=busy_impatient_closer]
      R 5  buy $  4,615.35   sel     $15,999.00   [strat=busy_impatient_closer]
      R 6  buy $  9,262.30   sel     $14,500.00   [strat=busy_impatient_closer]
      R 7  buy $ 10,074.72   sel     $13,750.00   [strat=busy_impatient_closer]
      R 8  buy $ 12,912.79   sel     $13,500.00   [strat=busy_impatient_closer]
      R 9  buy $ 13,047.56   sel     $15,995.00   [strat=busy_impatient_closer]
      R10  buy $ 10,893.08   sel     $15,500.00   [strat=busy_impatient_closer]
      R11  buy $  4,719.37   sel     $15,750.00   [strat=busy_impatient_closer]
      R12  buy $  1,839.78   sel     $15,250.00   [strat=busy_impatient_closer]
      R13  buy $  1,645.32   sel     $15,995.00   [strat=busy_impatient_closer]
      R14  buy $  9,923.02   sel     $16,000.00   [strat=busy_impatient_closer]
      R15  buy $  8,650.78   sel     $14,000.00   [strat=busy_impatient_closer]
      R16  buy $  5,977.21   sel     $15,900.00   [strat=busy_impatient_closer]
   run 6 done in 6.7 min

   run 7/30 on 2016 Cadillac CTS 3.6 Luxury  seed=20361426
      R 1  buy $  9,098.33   sel     $15,999.00   [strat=busy_impatient_closer] *
      R 2  buy $  1,992.86   sel     $15,750.00   [strat=busy_impatient_closer]
      R 3  buy $  1,317.99   sel     $15,500.00   [strat=busy_impatient_closer]
      R 4  buy $ 10,186.28   sel     $15,250.00   [strat=busy_impatient_closer]
      R 5  buy $ 12,296.89   sel     $14,999.00   [strat=busy_impatient_closer]
      R 6  buy $  9,598.19   sel     $15,900.00   [strat=busy_impatient_closer]
      R 7  buy $ 14,186.08   sel     $14,999.00   [strat=busy_impatient_closer]
      R 8  buy $  7,720.00   sel     $14,999.00   [strat=busy_impatient_closer]
      R 9  buy $  9,589.00   sel     $15,900.00   [strat=busy_impatient_closer]
      R10  buy $  3,510.40   sel     $15,900.00   [strat=busy_impatient_closer]
      R11  buy $    448.83   sel     $15,900.00   [strat=busy_impatient_closer]
      R12  buy $  7,168.52   sel     $15,800.00   [strat=busy_impatient_closer]
      R13  buy $  3,360.22   sel     $15,800.00   [strat=busy_impatient_closer]
      R14  buy $ 13,996.06   sel     $15,500.00   [strat=busy_impatient_closer]
      R15  buy $  2,792.18   sel     $15,800.00   [strat=busy_impatient_closer]
      R16  buy $  8,313.62   sel     $15,800.00   [strat=busy_impatient_closer]
   run 7 done in 8.1 min

   run 8/30 on 2016 Cadillac CTS 3.6 Luxury  seed=20361427
      R 1  buy $ 18,134.56   sel     $18,500.00   [strat=busy_impatient_closer] *
      R 2  buy $  4,017.50   sel     $18,000.00   [strat=busy_impatient_closer]
      R 3  buy $ 14,141.81   sel     $16,000.00   [strat=busy_impatient_closer]
      R 4  buy $    648.69   sel     $15,999.00   [strat=busy_impatient_closer]
      R 5  buy $  7,652.83   sel     $15,999.00   [strat=busy_impatient_closer]
      R 6  buy $ 13,686.81   sel     $15,999.00   [strat=busy_impatient_closer]
      R 7  buy $ 14,222.21   sel     $15,750.00   [strat=busy_impatient_closer]
      R 8  buy $ 12,925.39   sel     $15,750.00   [strat=busy_impatient_closer]
      R 9  buy $  6,389.30   sel     $15,750.00   [strat=busy_impatient_closer]
      R10  buy $  3,287.58   sel     $15,750.00   [strat=busy_impatient_closer]
      R11  buy $  9,714.92   sel     $15,750.00   [strat=busy_impatient_closer]
      R12  buy $ 14,081.21   sel     $15,750.00   [strat=busy_impatient_closer]
      R13  buy $  9,734.41   sel     $15,750.00   [strat=busy_impatient_closer]
      R14  buy $  2,032.94   sel     $15,750.00   [strat=busy_impatient_closer]
      R15  buy $  1,309.61   sel     $15,750.00   [strat=busy_impatient_closer]
      R16  buy $ 14,823.86   sel     $15,750.00   [strat=busy_impatient_closer]
   run 8 done in 6.9 min

   run 9/30 on 2016 Cadillac CTS 3.6 Luxury  seed=20361428
      R 1  buy $  7,962.66   sel     $18,500.00   [strat=busy_impatient_closer] *
      R 2  buy $  3,091.94   sel     $18,000.00   [strat=busy_impatient_closer]
      R 3  buy $ 13,771.83   sel     $17,250.00   [strat=busy_impatient_closer]
      R 4  buy $ 13,500.44   sel     $16,500.00   [strat=busy_impatient_closer]
      R 5  buy $ 14,468.85   sel     $16,000.00   [strat=busy_impatient_closer]
      R 6  buy $  5,853.29   sel     $15,750.00   [strat=busy_impatient_closer]
      R 7  buy $  4,812.22   sel     $15,750.00   [strat=busy_impatient_closer]
      R 8  buy $  7,489.10   sel     $15,750.00   [strat=busy_impatient_closer]
      R 9  buy $  4,198.06   sel     $15,750.00   [strat=busy_impatient_closer]
      R10  buy $  4,387.42   sel     $15,750.00   [strat=busy_impatient_closer]
      R11  buy $  1,718.74   sel     $15,750.00   [strat=busy_impatient_closer]
      R12  buy $  6,849.92   sel     $15,750.00   [strat=busy_impatient_closer]
      R13  buy $  7,029.76   sel     $15,750.00   [strat=busy_impatient_closer]
      R14  buy $  5,151.74   sel     $15,750.00   [strat=busy_impatient_closer]
      R15  buy $ 10,104.37   sel     $15,750.00   [strat=busy_impatient_closer]
      R16  buy $  5,935.83   sel     $15,750.00   [strat=busy_impatient_closer]
   run 9 done in 4.9 min

   run 10/30 on 2016 Cadillac CTS 3.6 Luxury  seed=20361429
      R 1  buy $ 35,292.35   sel     $37,995.00   [strat=busy_impatient_closer] *
      R 2  buy $ 10,056.08   sel     $36,500.00   [strat=busy_impatient_closer]
      R 3  buy $ 17,362.14   sel     $35,000.00   [strat=busy_impatient_closer]
      R 4  buy $ 23,149.46   sel     $32,500.00   [strat=busy_impatient_closer]
      R 5  buy $  2,735.30   sel     $31,500.00   [strat=busy_impatient_closer]
      R 6  buy $ 15,481.08   sel     $30,000.00   [strat=busy_impatient_closer]
      R 7  buy $  8,642.96   sel     $30,000.00   [strat=busy_impatient_closer]
      R 8  buy $ 18,224.93   sel     $29,500.00   [strat=busy_impatient_closer]
      R 9  buy $ 25,227.34   sel     $28,500.00   [strat=busy_impatient_closer]
      R10  buy $ 20,823.86   sel     $26,000.00   [strat=busy_impatient_closer]
      R11  buy $ 20,647.25   sel     $24,500.00   [strat=busy_impatient_closer]
      R12  buy $ 19,242.04   sel     $21,000.00   [strat=busy_impatient_closer]
      R13  buy $ 14,830.08   sel     $19,500.00   [strat=busy_impatient_closer]
      R14  buy $  1,921.22   sel     $18,000.00   [strat=busy_impatient_closer]
      R15  buy $ 17,423.35   sel     $17,800.00   [strat=busy_impatient_closer]
      R16  buy $ 14,794.36   sel     $16,500.00   [strat=busy_impatient_closer]
   run 10 done in 4.9 min

   run 11/30 on 2016 Cadillac CTS 3.6 Luxury  seed=20361430
      R 1  buy $  1,435.46   sel     $25,999.00   [strat=busy_impatient_closer] *
      R 2  buy $    230.78   sel     $24,500.00   [strat=busy_impatient_closer]
      R 3  buy $  1,215.14   sel     $24,500.00   [strat=busy_impatient_closer]
      R 4  buy $ 15,754.71   sel     $15,754.71   [strat=busy_impatient_closer]
      R 5  buy $ 14,867.28   sel     $15,754.71   [strat=busy_impatient_closer]
      R 6  buy $  7,470.21   sel     $15,754.71   [strat=busy_impatient_closer]
      R 7  buy $    983.01   sel     $24,500.00   [strat=busy_impatient_closer]
      R 8  buy $ 12,801.34   sel     $14,900.00   [strat=busy_impatient_closer]
      R 9  buy $  5,880.44   sel     $15,000.00   [strat=busy_impatient_closer]
      R10  buy $ 11,352.52   sel     $15,000.00   [strat=busy_impatient_closer]
      R11  buy $  7,110.31   sel     $15,000.00   [strat=busy_impatient_closer]
      R12  buy $  9,005.47   sel     $15,800.00   [strat=busy_impatient_closer]
      R13  buy $ 11,949.74   sel     $15,800.00   [strat=busy_impatient_closer]
      R14  buy $  7,976.37   sel     $15,800.00   [strat=busy_impatient_closer]
      R15  buy $  6,439.25   sel     $15,800.00   [strat=busy_impatient_closer]
      R16  buy $    767.32   sel     $15,800.00   [strat=busy_impatient_closer]
   run 11 done in 6.1 min

   run 12/30 on 2016 Cadillac CTS 3.6 Luxury  seed=20361431
      R 1  buy $ 41,695.25   sel     $44,500.00   [strat=busy_impatient_closer] *
      R 2  buy $ 41,149.86   sel     $43,500.00   [strat=busy_impatient_closer]
      R 3  buy $  7,581.85   sel     $43,500.00   [strat=busy_impatient_closer]
      R 4  buy $ 42,258.46   sel     $43,000.00   [strat=busy_impatient_closer]
      R 5  buy $ 19,099.87   sel     $43,000.00   [strat=busy_impatient_closer]
      R 6  buy $ 19,637.73   sel     $43,000.00   [strat=busy_impatient_closer]
      R 7  buy $ 37,504.14   sel     $42,500.00   [strat=busy_impatient_closer]
      R 8  buy $    766.32   sel     $42,500.00   [strat=busy_impatient_closer]
      R 9  buy $  9,064.36   sel     $42,000.00   [strat=busy_impatient_closer]
      R10  buy $ 40,065.39   sel     $41,000.00   [strat=busy_impatient_closer]
      R11  buy $ 39,517.14   sel     $40,500.00   [strat=busy_impatient_closer]
      R12  buy $  8,115.37   sel     $40,000.00   [strat=busy_impatient_closer]
      R13  buy $ 19,599.23   sel     $39,500.00   [strat=busy_impatient_closer]
      R14  buy $ 33,036.35   sel     $37,500.00   [strat=busy_impatient_closer]
      R15  buy $  8,699.18   sel     $36,500.00   [strat=busy_impatient_closer]
      R16  buy $  2,905.73   sel     $35,000.00   [strat=busy_impatient_closer]
   run 12 done in 4.6 min

   run 13/30 on 2016 Cadillac CTS 3.6 Luxury  seed=20361432
      R 1  buy $ 18,658.45   sel     $22,500.00   [strat=busy_impatient_closer] *
      R 2  buy $ 15,450.68   sel     $21,000.00   [strat=busy_impatient_closer]
      R 3  buy $  9,664.86   sel     $20,500.00   [strat=busy_impatient_closer]
      R 4  buy $  9,992.68   sel     $20,000.00   [strat=busy_impatient_closer]
      R 5  buy $ 14,426.78   sel     $19,500.00   [strat=busy_impatient_closer]
      R 6  buy $  8,322.54   sel     $19,000.00   [strat=busy_impatient_closer]
      R 7  buy $    377.16   sel     $19,000.00   [strat=busy_impatient_closer]
      R 8  buy $  2,745.55   sel     $18,500.00   [strat=busy_impatient_closer]
      R 9  buy $ 16,488.68   sel     $17,500.00   [strat=busy_impatient_closer]
      R10  buy $  8,045.38   sel     $17,000.00   [strat=busy_impatient_closer]
      R11  buy $ 16,061.56   sel     $16,500.00   [strat=busy_impatient_closer]
      R12  buy $ 12,574.55   sel     $16,000.00   [strat=busy_impatient_closer]
      R13  buy $  5,600.70   sel     $15,900.00   [strat=busy_impatient_closer]
      R14  buy $ 14,504.49   sel     $15,800.00   [strat=busy_impatient_closer]
      R15  buy $  7,888.55   sel     $15,800.00   [strat=busy_impatient_closer]
      R16  buy $ 10,184.24   sel     $15,500.00   [strat=busy_impatient_closer]
   run 13 done in 5.3 min

   run 14/30 on 2016 Cadillac CTS 3.6 Luxury  seed=20361433
      R 1  buy $ 34,140.04   sel     $38,500.00   [strat=busy_impatient_closer] *
      R 2  buy $ 34,669.48   sel     $37,000.00   [strat=busy_impatient_closer]
      R 3  buy $ 15,726.41   sel     $37,000.00   [strat=busy_impatient_closer]
      R 4  buy $  6,592.04   sel     $37,000.00   [strat=busy_impatient_closer]
      R 5  buy $ 30,984.44   sel     $36,000.00   [strat=busy_impatient_closer]
      R 6  buy $ 14,924.63   sel     $36,000.00   [strat=busy_impatient_closer]
      R 7  buy $  5,795.69   sel     $35,000.00   [strat=busy_impatient_closer]
      R 8  buy $  6,063.86   sel     $35,000.00   [strat=busy_impatient_closer]
      R 9  buy $ 14,175.78   sel     $34,500.00   [strat=busy_impatient_closer]
      R10  buy $ 18,884.42   sel     $30,000.00   [strat=busy_impatient_closer]
      R11  buy $ 10,493.07   sel     $28,000.00   [strat=busy_impatient_closer]
      R12  buy $  1,018.12   sel     $27,500.00   [strat=busy_impatient_closer]
      R13  buy $ 24,737.04   sel     $26,000.00   [strat=busy_impatient_closer]
      R14  buy $ 21,780.25   sel     $25,000.00   [strat=busy_impatient_closer]
      R15  buy $ 21,740.39   sel     $23,000.00   [strat=busy_impatient_closer]
      R16  buy $ 13,249.86   sel     $22,500.00   [strat=busy_impatient_closer]
   run 14 done in 5.2 min

   run 15/30 on 2016 Cadillac CTS 3.6 Luxury  seed=20361434
      R 1  buy $ 23,635.04   sel     $26,995.00   [strat=busy_impatient_closer] *
      R 2  buy $ 23,913.70   sel     $26,500.00   [strat=busy_impatient_closer]
      R 3  buy $ 25,330.51   sel     $25,995.00   [strat=busy_impatient_closer]
      R 4  buy $ 23,567.50   sel     $25,900.00   [strat=busy_impatient_closer]
      R 5  buy $  8,708.04   sel     $25,800.00   [strat=busy_impatient_closer]
      R 6  buy $  7,894.87   sel     $25,500.00   [strat=busy_impatient_closer]
      R 7  buy $ 17,841.46   sel     PARSE-FAIL   [strat=busy_impatient_closer]
      R 8  buy $  5,862.83   sel     $25,000.00   [strat=busy_impatient_closer]
      R 9  buy $ 10,968.27   sel     $25,000.00   [strat=busy_impatient_closer]
      R10  buy $ 17,862.23   sel     $24,500.00   [strat=busy_impatient_closer]
      R11  buy $ 13,568.86   sel     $23,999.00   [strat=busy_impatient_closer]
      R12  buy $ 21,915.69   sel     $22,500.00   [strat=busy_impatient_closer]
      R13  buy $ 20,142.20   sel     $21,500.00   [strat=busy_impatient_closer]
      R14  buy $  5,899.77   sel     $20,000.00   [strat=busy_impatient_closer]
      R15  buy $    457.75   sel     $18,500.00   [strat=busy_impatient_closer]
      R16  buy $  1,902.80   sel     $18,000.00   [strat=busy_impatient_closer]
   run 15 done in 5.0 min

   run 16/30 on 2016 Cadillac CTS 3.6 Luxury  seed=20361435
      R 1  buy $ 29,252.59   sel     $33,995.00   [strat=busy_impatient_closer] *
      R 2  buy $ 30,048.58   sel     $32,500.00   [strat=busy_impatient_closer]
      R 3  buy $ 10,332.75   sel     $31,900.00   [strat=busy_impatient_closer]
      R 4  buy $ 25,402.58   sel     $30,500.00   [strat=busy_impatient_closer]
      R 5  buy $ 18,638.60   sel     $29,900.00   [strat=busy_impatient_closer]
      R 6  buy $ 20,463.38   sel     $29,500.00   [strat=busy_impatient_closer]
      R 7  buy $  7,293.49   sel     $28,500.00   [strat=busy_impatient_closer]
      R 8  buy $ 23,751.69   sel     $27,900.00   [strat=busy_impatient_closer]
      R 9  buy $ 22,732.83   sel     $26,500.00   [strat=busy_impatient_closer]
      R10  buy $ 17,137.69   sel     $25,999.00   [strat=busy_impatient_closer]
      R11  buy $    496.96   sel     $24,999.00   [strat=busy_impatient_closer]
      R12  buy $ 18,831.26   sel     $18,831.26   [strat=busy_impatient_closer]
      R13  buy $ 18,592.74   sel     $18,592.74   [strat=busy_impatient_closer]
      R14  buy $ 10,956.98   sel     $16,999.00   [strat=busy_impatient_closer]
      R15  buy $ 10,817.89   sel     $16,500.00   [strat=busy_impatient_closer]
      R16  buy $  5,630.83   sel     $15,999.00   [strat=busy_impatient_closer]
   run 16 done in 4.3 min

   run 17/30 on 2016 Cadillac CTS 3.6 Luxury  seed=20361436
      R 1  buy $ 31,780.55   sel     $34,000.00   [strat=busy_impatient_closer] *
      R 2  buy $  9,422.37   sel     $33,500.00   [strat=busy_impatient_closer]
      R 3  buy $ 15,851.26   sel     $32,000.00   [strat=busy_impatient_closer]
      R 4  buy $  3,492.31   sel     $31,500.00   [strat=busy_impatient_closer]
      R 5  buy $ 15,906.35   sel     $29,500.00   [strat=busy_impatient_closer]
      R 6  buy $ 16,948.34   sel     $28,000.00   [strat=busy_impatient_closer]
      R 7  buy $  9,921.63   sel     $25,000.00   [strat=busy_impatient_closer]
      R 8  buy $ 11,653.06   sel     $24,000.00   [strat=busy_impatient_closer]
      R 9  buy $ 13,166.88   sel     $23,000.00   [strat=busy_impatient_closer]
      R10  buy $  7,718.33   sel     $22,000.00   [strat=busy_impatient_closer]
      R11  buy $ 16,357.01   sel     $21,500.00   [strat=busy_impatient_closer]
      R12  buy $  3,344.84   sel     $21,000.00   [strat=busy_impatient_closer]
      R13  buy $    752.74   sel     $20,500.00   [strat=busy_impatient_closer]
      R14  buy $ 11,934.78   sel     $19,500.00   [strat=busy_impatient_closer]
      R15  buy $ 14,223.26   sel     $18,500.00   [strat=busy_impatient_closer]
      R16  buy $  9,314.28   sel     $17,500.00   [strat=busy_impatient_closer]
   run 17 done in 5.7 min

   run 18/30 on 2016 Cadillac CTS 3.6 Luxury  seed=20361437
      R 1  buy $ 42,139.83   sel     $44,500.00   [strat=busy_impatient_closer] *
      R 2  buy $  2,703.45   sel     $35,000.00   [strat=busy_impatient_closer]
      R 3  buy $ 16,501.06   sel     $34,500.00   [strat=busy_impatient_closer]
      R 4  buy $ 24,682.78   sel     $32,500.00   [strat=busy_impatient_closer]
      R 5  buy $ 32,230.83   sel     $32,250.00   [strat=busy_impatient_closer]
      R 6  buy $  9,238.91   sel     $32,000.00   [strat=busy_impatient_closer]
      R 7  buy $ 24,874.29   sel     $30,000.00   [strat=busy_impatient_closer]
      R 8  buy $ 24,999.11   sel     $29,500.00   [strat=busy_impatient_closer]
      R 9  buy $ 17,090.69   sel     $28,500.00   [strat=busy_impatient_closer]
      R10  buy $  2,065.00   sel     $28,000.00   [strat=busy_impatient_closer]
      R11  buy $    169.93   sel     $27,500.00   [strat=busy_impatient_closer]
      R12  buy $ 21,551.98   sel     $25,500.00   [strat=busy_impatient_closer]
      R13  buy $ 17,622.80   sel     $20,000.00   [strat=busy_impatient_closer]
      R14  buy $  6,985.71   sel     $18,000.00   [strat=busy_impatient_closer]
      R15  buy $  3,609.25   sel     $16,500.00   [strat=busy_impatient_closer]
      R16  buy $  1,017.90   sel     $16,000.00   [strat=busy_impatient_closer]
   run 18 done in 5.1 min

   run 19/30 on 2016 Cadillac CTS 3.6 Luxury  seed=20361438
      R 1  buy $ 10,532.47   sel     PARSE-FAIL   [strat=busy_impatient_closer] *
      R 2  buy $ 15,419.46   sel     $16,499.00   [strat=busy_impatient_closer]
      R 3  buy $  1,659.39   sel     $16,499.00   [strat=busy_impatient_closer]
      R 4  buy $ 14,619.51   sel     $15,999.00   [strat=busy_impatient_closer]
      R 5  buy $ 12,698.13   sel     $15,899.00   [strat=busy_impatient_closer]
      R 6  buy $  5,621.21   sel     $15,899.00   [strat=busy_impatient_closer]
      R 7  buy $  3,187.54   sel     $15,799.00   [strat=busy_impatient_closer]
      R 8  buy $    116.11   sel     $15,799.00   [strat=busy_impatient_closer]
      R 9  buy $  5,183.38   sel     $15,699.00   [strat=busy_impatient_closer]
      R10  buy $  6,994.67   sel     $15,599.00   [strat=busy_impatient_closer]
      R11  buy $ 10,340.06   sel     $15,799.00   [strat=busy_impatient_closer]
      R12  buy $ 10,820.63   sel     $15,499.00   [strat=busy_impatient_closer]
      R13  buy $ 15,339.42   sel     $15,389.00   [strat=busy_impatient_closer]
      R14  buy $ 10,678.37   sel     $15,799.00   [strat=busy_impatient_closer]
      R15  buy $  6,880.38   sel     $15,699.00   [strat=busy_impatient_closer]
      R16  buy $  1,988.21   sel     $15,799.00   [strat=busy_impatient_closer]
   run 19 done in 6.4 min

   run 20/30 on 2016 Cadillac CTS 3.6 Luxury  seed=20361439
      R 1  buy $ 10,361.50   sel     $14,995.00   [strat=busy_impatient_closer] *
      R 2  buy $  2,267.21   sel     $13,500.00   [strat=busy_impatient_closer]
      R 3  buy $ 10,230.49   sel     $13,200.00   [strat=busy_impatient_closer]
      R 4  buy $  9,622.11   sel     $13,200.00   [strat=busy_impatient_closer]
      R 5  buy $ 11,497.91   sel     $15,995.00   [strat=busy_impatient_closer]
      R 6  buy $  3,653.98   sel     $16,500.00   [strat=busy_impatient_closer]
      R 7  buy $ 10,640.93   sel     $15,995.00   [strat=busy_impatient_closer]
      R 8  buy $ 15,679.03   sel     $15,850.00   [strat=busy_impatient_closer]
      R 9  buy $ 10,214.70   sel     $15,800.00   [strat=busy_impatient_closer]
      R10  buy $  3,193.67   sel     $15,750.00   [strat=busy_impatient_closer]
      R11  buy $  2,518.63   sel     $15,750.00   [strat=busy_impatient_closer]
      R12  buy $  7,878.51   sel     $15,750.00   [strat=busy_impatient_closer]
      R13  buy $  3,978.65   sel     $15,750.00   [strat=busy_impatient_closer]
      R14  buy $  7,600.81   sel     $15,750.00   [strat=busy_impatient_closer]
      R15  buy $ 14,925.13   sel     $15,750.00   [strat=busy_impatient_closer]
      R16  buy $ 13,556.65   sel     $15,700.00   [strat=busy_impatient_closer]
   run 20 done in 6.5 min

   run 21/30 on 2016 Cadillac CTS 3.6 Luxury  seed=20361440
      R 1  buy $ 36,756.47   sel     $42,499.00   [strat=busy_impatient_closer] *
      R 2  buy $ 32,757.69   sel     $39,999.00   [strat=busy_impatient_closer]
      R 3  buy $ 28,878.88   sel     $38,500.00   [strat=busy_impatient_closer]
      R 4  buy $ 22,581.87   sel     $36,999.00   [strat=busy_impatient_closer]
      R 5  buy $ 27,614.83   sel     $36,999.00   [strat=busy_impatient_closer]
      R 6  buy $  9,721.71   sel     $36,999.00   [strat=busy_impatient_closer]
      R 7  buy $ 28,669.41   sel     $36,999.00   [strat=busy_impatient_closer]
      R 8  buy $ 21,594.57   sel     $34,999.00   [strat=busy_impatient_closer]
      R 9  buy $ 24,629.43   sel     $29,999.00   [strat=busy_impatient_closer]
      R10  buy $ 22,916.45   sel     $27,500.00   [strat=busy_impatient_closer]
      R11  buy $  1,581.18   sel     $24,999.00   [strat=busy_impatient_closer]
      R12  buy $  1,128.75   sel     $19,999.00   [strat=busy_impatient_closer]
      R13  buy $  5,488.30   sel     $17,999.00   [strat=busy_impatient_closer]
      R14  buy $    645.32   sel     $15,999.00   [strat=busy_impatient_closer]
      R15  buy $  5,414.24   sel     $15,999.00   [strat=busy_impatient_closer]
      R16  buy $  5,157.89   sel     $15,999.00   [strat=busy_impatient_closer]
   run 21 done in 4.4 min

   run 22/30 on 2016 Cadillac CTS 3.6 Luxury  seed=20361441
      R 1  buy $  1,000.50   sel     $30,000.00   [strat=busy_impatient_closer] *
      R 2  buy $  8,483.40   sel     $25,000.00   [strat=busy_impatient_closer]
      R 3  buy $ 23,507.36   sel     $24,500.00   [strat=busy_impatient_closer]
      R 4  buy $ 21,901.24   sel     $24,000.00   [strat=busy_impatient_closer]
      R 5  buy $  6,708.88   sel     $22,500.00   [strat=busy_impatient_closer]
      R 6  buy $ 11,267.11   sel     $22,500.00   [strat=busy_impatient_closer]
      R 7  buy $  2,263.98   sel     $22,500.00   [strat=busy_impatient_closer]
      R 8  buy $  1,349.10   sel     $22,000.00   [strat=busy_impatient_closer]
      R 9  buy $ 16,849.38   sel     $21,500.00   [strat=busy_impatient_closer]
      R10  buy $ 11,295.86   sel     $20,000.00   [strat=busy_impatient_closer]
      R11  buy $ 13,217.68   sel     $19,500.00   [strat=busy_impatient_closer]
      R12  buy $  7,668.38   sel     $17,500.00   [strat=busy_impatient_closer]
      R13  buy $ 15,495.63   sel     $16,500.00   [strat=busy_impatient_closer]
      R14  buy $ 15,808.05   sel     $16,000.00   [strat=busy_impatient_closer]
      R15  buy $  8,396.87   sel     $15,900.00   [strat=busy_impatient_closer]
      R16  buy $  2,515.50   sel     $16,200.00   [strat=busy_impatient_closer]
   run 22 done in 4.9 min

   run 23/30 on 2016 Cadillac CTS 3.6 Luxury  seed=20361442
      R 1  buy $ 28,465.36   sel     $38,000.00   [strat=busy_impatient_closer] *
      R 2  buy $ 19,837.86   sel     $36,500.00   [strat=busy_impatient_closer]
      R 3  buy $ 22,996.50   sel     $34,900.00   [strat=busy_impatient_closer]
      R 4  buy $  4,581.30   sel     $32,500.00   [strat=busy_impatient_closer]
      R 5  buy $ 32,156.49   sel     $32,156.49   [strat=busy_impatient_closer]
      R 6  buy $ 14,110.79   sel     $31,500.00   [strat=busy_impatient_closer]
      R 7  buy $ 12,200.38   sel     $28,500.00   [strat=busy_impatient_closer]
      R 8  buy $ 14,084.79   sel     $27,900.00   [strat=busy_impatient_closer]
      R 9  buy $ 16,404.38   sel     $26,500.00   [strat=busy_impatient_closer]
      R10  buy $ 11,791.84   sel     $25,000.00   [strat=busy_impatient_closer]
      R11  buy $ 18,092.01   sel     $22,000.00   [strat=busy_impatient_closer]
      R12  buy $ 14,712.48   sel     $19,500.00   [strat=busy_impatient_closer]
      R13  buy $ 17,056.58   sel     $18,000.00   [strat=busy_impatient_closer]
      R14  buy $  2,778.23   sel     $17,500.00   [strat=busy_impatient_closer]
      R15  buy $ 14,354.07   sel     $16,500.00   [strat=busy_impatient_closer]
      R16  buy $  3,195.10   sel     $15,900.00   [strat=busy_impatient_closer]
   run 23 done in 4.9 min

   run 24/30 on 2016 Cadillac CTS 3.6 Luxury  seed=20361443
      R 1  buy $ 32,001.48   sel     $39,500.00   [strat=busy_impatient_closer] *
      R 2  buy $  5,264.80   sel     $38,500.00   [strat=busy_impatient_closer]
      R 3  buy $ 10,911.28   sel     $36,500.00   [strat=busy_impatient_closer]
      R 4  buy $  3,383.57   sel     $35,500.00   [strat=busy_impatient_closer]
      R 5  buy $ 32,074.11   sel     $34,000.00   [strat=busy_impatient_closer]
      R 6  buy $ 23,373.83   sel     $33,000.00   [strat=busy_impatient_closer]
      R 7  buy $  8,477.02   sel     $32,000.00   [strat=busy_impatient_closer]
      R 8  buy $ 16,756.38   sel     $16,756.38   [strat=busy_impatient_closer]
      R 9  buy $ 16,616.97   sel     $17,000.00   [strat=busy_impatient_closer]
      R10  buy $  8,040.86   sel     $16,500.00   [strat=busy_impatient_closer]
      R11  buy $ 16,244.39   sel     $16,372.00   [strat=busy_impatient_closer]
      R12  buy $  7,063.59   sel     $16,000.00   [strat=busy_impatient_closer]
      R13  buy $ 13,900.81   sel     $15,500.00   [strat=busy_impatient_closer]
      R14  buy $ 10,919.44   sel     $15,000.00   [strat=busy_impatient_closer]
      R15  buy $     78.90   sel     $15,800.00   [strat=busy_impatient_closer]
      R16  buy $ 15,627.25   sel     $15,627.25   [strat=busy_impatient_closer]
   run 24 done in 4.7 min

   run 25/30 on 2016 Cadillac CTS 3.6 Luxury  seed=20361444
      R 1  buy $ 20,203.34   sel     $36,000.00   [strat=busy_impatient_closer] *
      R 2  buy $ 14,735.57   sel     $28,500.00   [strat=busy_impatient_closer]
      R 3  buy $  7,908.48   sel     $26,500.00   [strat=busy_impatient_closer]
      R 4  buy $ 12,696.89   sel     $24,500.00   [strat=busy_impatient_closer]
      R 5  buy $ 17,692.17   sel     $22,500.00   [strat=busy_impatient_closer]
      R 6  buy $ 14,666.37   sel     $20,500.00   [strat=busy_impatient_closer]
      R 7  buy $ 11,587.66   sel     $19,500.00   [strat=busy_impatient_closer]
      R 8  buy $ 13,162.22   sel     $18,500.00   [strat=busy_impatient_closer]
      R 9  buy $ 13,965.14   sel     $17,000.00   [strat=busy_impatient_closer]
      R10  buy $  6,340.78   sel     $16,500.00   [strat=busy_impatient_closer]
      R11  buy $  8,475.65   sel     $16,000.00   [strat=busy_impatient_closer]
      R12  buy $  1,626.14   sel     $15,500.00   [strat=busy_impatient_closer]
      R13  buy $  9,839.52   sel     $15,000.00   [strat=busy_impatient_closer]
      R14  buy $  2,290.94   sel     $16,500.00   [strat=busy_impatient_closer]
      R15  buy $  1,700.24   sel     $16,000.00   [strat=busy_impatient_closer]
      R16  buy $ 11,247.89   sel     $15,500.00   [strat=busy_impatient_closer]
   run 25 done in 5.6 min

   run 26/30 on 2016 Cadillac CTS 3.6 Luxury  seed=20361445
      R 1  buy $ 15,909.41   sel     $17,995.00   [strat=busy_impatient_closer] *
      R 2  buy $  4,871.01   sel     $16,995.00   [strat=busy_impatient_closer]
      R 3  buy $  2,831.34   sel     $16,500.00   [strat=busy_impatient_closer]
      R 4  buy $  4,837.38   sel     $16,500.00   [strat=busy_impatient_closer]
      R 5  buy $ 11,657.24   sel     $15,995.00   [strat=busy_impatient_closer]
      R 6  buy $  9,205.47   sel     $15,995.00   [strat=busy_impatient_closer]
      R 7  buy $  7,961.72   sel     $15,995.00   [strat=busy_impatient_closer]
      R 8  buy $ 15,323.22   sel     $15,895.00   [strat=busy_impatient_closer]
      R 9  buy $  8,044.33   sel     $15,795.00   [strat=busy_impatient_closer]
      R10  buy $ 14,560.25   sel     $15,695.00   [strat=busy_impatient_closer]
      R11  buy $    588.65   sel     $15,695.00   [strat=busy_impatient_closer]
      R12  buy $  2,459.89   sel     $15,695.00   [strat=busy_impatient_closer]
      R13  buy $  1,649.94   sel     $15,995.00   [strat=busy_impatient_closer]
      R14  buy $ 12,983.27   sel     $15,850.00   [strat=busy_impatient_closer]
      R15  buy $    410.19   sel     $15,800.00   [strat=busy_impatient_closer]
      R16  buy $ 10,221.06   sel     $15,795.00   [strat=busy_impatient_closer]
   run 26 done in 5.8 min

   run 27/30 on 2016 Cadillac CTS 3.6 Luxury  seed=20361446
      R 1  buy $ 34,574.02   sel     $39,995.00   [strat=busy_impatient_closer] *
      R 2  buy $ 10,906.77   sel     $37,500.00   [strat=busy_impatient_closer]
      R 3  buy $ 26,965.10   sel     $33,500.00   [strat=busy_impatient_closer]
      R 4  buy $ 18,487.39   sel     $31,000.00   [strat=busy_impatient_closer]
      R 5  buy $ 16,465.47   sel     $31,000.00   [strat=busy_impatient_closer]
      R 6  buy $ 13,455.45   sel     $30,000.00   [strat=busy_impatient_closer]
      R 7  buy $  9,785.06   sel     $30,000.00   [strat=busy_impatient_closer]
      R 8  buy $ 18,165.05   sel     $29,500.00   [strat=busy_impatient_closer]
      R 9  buy $ 25,390.65   sel     $28,750.00   [strat=busy_impatient_closer]
      R10  buy $  8,744.90   sel     $29,500.00   [strat=busy_impatient_closer]
      R11  buy $ 15,440.13   sel     $27,500.00   [strat=busy_impatient_closer]
      R12  buy $  2,238.60   sel     $27,500.00   [strat=busy_impatient_closer]
      R13  buy $  9,661.00   sel     $25,000.00   [strat=busy_impatient_closer]
      R14  buy $ 13,341.91   sel     $24,500.00   [strat=busy_impatient_closer]
      R15  buy $ 15,085.66   sel     $19,500.00   [strat=busy_impatient_closer]
      R16  buy $  2,029.88   sel     $18,000.00   [strat=busy_impatient_closer]
   run 27 done in 5.2 min

   run 28/30 on 2016 Cadillac CTS 3.6 Luxury  seed=20361447
      R 1  buy $ 36,104.57   sel     $41,500.00   [strat=busy_impatient_closer] *
      R 2  buy $ 26,447.22   sel     $37,500.00   [strat=busy_impatient_closer]
      R 3  buy $ 23,289.79   sel     $34,950.00   [strat=busy_impatient_closer]
      R 4  buy $ 20,928.86   sel     $33,950.00   [strat=busy_impatient_closer]
      R 5  buy $ 27,381.75   sel     $32,500.00   [strat=busy_impatient_closer]
      R 6  buy $ 17,058.30   sel     $29,950.00   [strat=busy_impatient_closer]
      R 7  buy $ 10,014.51   sel     $28,500.00   [strat=busy_impatient_closer]
      R 8  buy $  5,601.73   sel     $27,500.00   [strat=busy_impatient_closer]
      R 9  buy $ 10,311.77   sel     $26,500.00   [strat=busy_impatient_closer]
      R10  buy $  2,951.17   sel     $25,000.00   [strat=busy_impatient_closer]
      R11  buy $  6,959.08   sel     $24,000.00   [strat=busy_impatient_closer]
      R12  buy $ 19,648.88   sel     $22,500.00   [strat=busy_impatient_closer]
      R13  buy $ 17,818.98   sel     $19,000.00   [strat=busy_impatient_closer]
      R14  buy $ 17,573.17   sel     $18,500.00   [strat=busy_impatient_closer]
      R15  buy $ 14,892.27   sel     $18,000.00   [strat=busy_impatient_closer]
      R16  buy $ 14,409.51   sel     $17,500.00   [strat=busy_impatient_closer]
   run 28 done in 4.8 min

   run 29/30 on 2016 Cadillac CTS 3.6 Luxury  seed=20361448
      R 1  buy $ 18,404.04   sel     $21,999.00   [strat=busy_impatient_closer] *
      R 2  buy $  1,613.27   sel     $21,500.00   [strat=busy_impatient_closer]
      R 3  buy $ 10,483.08   sel     $20,999.00   [strat=busy_impatient_closer]
      R 4  buy $  8,850.46   sel     $19,999.00   [strat=busy_impatient_closer]
      R 5  buy $ 17,966.37   sel     $19,499.00   [strat=busy_impatient_closer]
      R 6  buy $ 15,891.80   sel     $16,250.00   [strat=busy_impatient_closer]
      R 7  buy $ 10,151.25   sel     $16,900.00   [strat=busy_impatient_closer]
      R 8  buy $ 12,795.60   sel     $16,000.00   [strat=busy_impatient_closer]
      R 9  buy $ 10,781.94   sel     $16,000.00   [strat=busy_impatient_closer]
      R10  buy $  5,660.85   sel     $15,900.00   [strat=busy_impatient_closer]
      R11  buy $  9,724.95   sel     $15,900.00   [strat=busy_impatient_closer]
      R12  buy $ 13,144.43   sel     $15,800.00   [strat=busy_impatient_closer]
      R13  buy $ 10,713.12   sel     $15,800.00   [strat=busy_impatient_closer]
      R14  buy $  8,492.21   sel     $15,750.00   [strat=busy_impatient_closer]
      R15  buy $  4,612.06   sel     $15,750.00   [strat=busy_impatient_closer]
      R16  buy $ 15,563.09   sel     $15,656.00   [strat=busy_impatient_closer]
   run 29 done in 5.6 min

   run 30/30 on 2016 Cadillac CTS 3.6 Luxury  seed=20361449
      R 1  buy $  3,773.04   sel     $29,500.00   [strat=busy_impatient_closer] *
      R 2  buy $ 19,518.59   sel     $22,500.00   [strat=busy_impatient_closer]
      R 3  buy $ 14,202.93   sel     $20,500.00   [strat=busy_impatient_closer]
      R 4  buy $  6,736.28   sel     $18,500.00   [strat=busy_impatient_closer]
      R 5  buy $  3,282.55   sel     $18,500.00   [strat=busy_impatient_closer]
      R 6  buy $  8,291.56   sel     $17,500.00   [strat=busy_impatient_closer]
      R 7  buy $ 14,466.41   sel     $16,500.00   [strat=busy_impatient_closer]
      R 8  buy $ 10,661.51   sel     $15,500.00   [strat=busy_impatient_closer]
      R 9  buy $ 12,417.35   sel     $15,999.00   [strat=busy_impatient_closer]
      R10  buy $    545.32   sel     $15,999.00   [strat=busy_impatient_closer]
      R11  buy $  6,786.07   sel     $15,750.00   [strat=busy_impatient_closer]
      R12  buy $ 14,370.92   sel     $15,500.00   [strat=busy_impatient_closer]
      R13  buy $  1,393.68   sel     $15,500.00   [strat=busy_impatient_closer]
      R14  buy $  1,752.08   sel     $15,750.00   [strat=busy_impatient_closer]
      R15  buy $    735.33   sel     $15,750.00   [strat=busy_impatient_closer]
      R16  buy $  8,671.81   sel     $15,750.00   [strat=busy_impatient_closer]
   run 30 done in 6.3 min

   ---> checkpoint: car 2/5 done in 165.9 min; total so far 355.2 min; saved 60 runs to exp01_fixed_busy_impatient_closer.json

--- CAR 3/5: 2019 Honda Accord Sport 1.5T  (M=$28,000.00  cost=$14,000.00  cost/M=50.00%) ---

   run 1/30 on 2019 Honda Accord Sport 1.5T  seed=20362420
      R 1  buy $  3,193.89   sel     $25,500.00   [strat=busy_impatient_closer] *
      R 2  buy $ 15,512.52   sel     $24,000.00   [strat=busy_impatient_closer]
      R 3  buy $ 10,249.13   sel     $23,000.00   [strat=busy_impatient_closer]
      R 4  buy $  9,904.01   sel     $22,000.00   [strat=busy_impatient_closer]
      R 5  buy $  7,001.32   sel     $20,000.00   [strat=busy_impatient_closer]
      R 6  buy $ 10,414.84   sel     $19,500.00   [strat=busy_impatient_closer]
      R 7  buy $ 15,435.96   sel     $18,000.00   [strat=busy_impatient_closer]
      R 8  buy $ 13,064.48   sel     $17,500.00   [strat=busy_impatient_closer]
      R 9  buy $ 14,060.50   sel     $16,500.00   [strat=busy_impatient_closer]
      R10  buy $ 15,509.66   sel     $16,000.00   [strat=busy_impatient_closer]
      R11  buy $  2,596.90   sel     $16,000.00   [strat=busy_impatient_closer]
      R12  buy $  3,977.67   sel     $16,000.00   [strat=busy_impatient_closer]
      R13  buy $  3,200.44   sel     $16,000.00   [strat=busy_impatient_closer]
      R14  buy $  4,416.35   sel     $16,000.00   [strat=busy_impatient_closer]
      R15  buy $ 11,814.35   sel     $15,000.00   [strat=busy_impatient_closer]
      R16  buy $ 10,390.09   sel     $15,000.00   [strat=busy_impatient_closer]
   run 1 done in 5.8 min

   run 2/30 on 2019 Honda Accord Sport 1.5T  seed=20362421
      R 1  buy $ 23,868.21   sel     $27,499.99   [strat=busy_impatient_closer] *
      R 2  buy $ 16,114.10   sel     $25,999.99   [strat=busy_impatient_closer]
      R 3  buy $ 24,950.81   sel     $24,950.81   [strat=busy_impatient_closer]
      R 4  buy $ 13,849.22   sel     $25,499.99   [strat=busy_impatient_closer]
      R 5  buy $  3,694.59   sel     $24,999.99   [strat=busy_impatient_closer]
      R 6  buy $ 16,842.58   sel     $23,999.99   [strat=busy_impatient_closer]
      R 7  buy $  5,602.98   sel     $22,999.99   [strat=busy_impatient_closer]
      R 8  buy $  3,816.96   sel     $21,999.99   [strat=busy_impatient_closer]
      R 9  buy $ 20,246.46   sel     $20,246.46   [strat=busy_impatient_closer]
      R10  buy $ 14,445.31   sel     $19,999.99   [strat=busy_impatient_closer]
      R11  buy $    964.25   sel     $18,999.99   [strat=busy_impatient_closer]
      R12  buy $    608.38   sel     $17,999.99   [strat=busy_impatient_closer]
      R13  buy $  8,222.58   sel     $16,999.99   [strat=busy_impatient_closer]
      R14  buy $     70.78   sel     $15,999.99   [strat=busy_impatient_closer]
      R15  buy $  4,557.27   sel     $14,999.99   [strat=busy_impatient_closer]
      R16  buy $  1,589.49   sel     $13,999.99   [strat=busy_impatient_closer]
   run 2 done in 4.2 min

   run 3/30 on 2019 Honda Accord Sport 1.5T  seed=20362422
      R 1  buy $ 13,071.61   sel     $20,000.00   [strat=busy_impatient_closer] *
      R 2  buy $ 19,748.82   sel     $19,850.00   [strat=busy_impatient_closer]
      R 3  buy $ 19,084.19   sel     $19,750.00   [strat=busy_impatient_closer]
      R 4  buy $  6,380.42   sel     $19,750.00   [strat=busy_impatient_closer]
      R 5  buy $ 11,888.37   sel     $19,500.00   [strat=busy_impatient_closer]
      R 6  buy $ 17,607.83   sel     $18,800.00   [strat=busy_impatient_closer]
      R 7  buy $ 17,942.06   sel     $18,500.00   [strat=busy_impatient_closer]
      R 8  buy $  7,532.71   sel     $18,250.00   [strat=busy_impatient_closer]
      R 9  buy $  5,520.95   sel     $18,250.00   [strat=busy_impatient_closer]
      R10  buy $  8,824.78   sel     $18,000.00   [strat=busy_impatient_closer]
      R11  buy $  4,434.60   sel     $18,000.00   [strat=busy_impatient_closer]
      R12  buy $ 16,507.87   sel     $17,000.00   [strat=busy_impatient_closer]
      R13  buy $ 10,275.21   sel     $16,500.00   [strat=busy_impatient_closer]
      R14  buy $  1,294.98   sel     $16,250.00   [strat=busy_impatient_closer]
      R15  buy $ 12,411.92   sel     $15,500.00   [strat=busy_impatient_closer]
      R16  buy $ 14,205.17   sel     $14,800.00   [strat=busy_impatient_closer]
   run 3 done in 3.8 min

   run 4/30 on 2019 Honda Accord Sport 1.5T  seed=20362423
      R 1  buy $  9,971.76   sel     $25,999.00   [strat=busy_impatient_closer] *
      R 2  buy $ 14,233.45   sel     $22,999.00   [strat=busy_impatient_closer]
      R 3  buy $ 13,112.54   sel     $22,999.00   [strat=busy_impatient_closer]
      R 4  buy $  9,383.61   sel     $21,999.00   [strat=busy_impatient_closer]
      R 5  buy $ 20,271.67   sel     $20,271.67   [strat=busy_impatient_closer]
      R 6  buy $ 16,833.58   sel     $18,500.00   [strat=busy_impatient_closer]
      R 7  buy $ 13,367.07   sel     $17,999.00   [strat=busy_impatient_closer]
      R 8  buy $ 11,909.22   sel     $17,999.00   [strat=busy_impatient_closer]
      R 9  buy $  5,687.98   sel     $17,499.00   [strat=busy_impatient_closer]
      R10  buy $  1,559.01   sel     $17,499.00   [strat=busy_impatient_closer]
      R11  buy $  7,943.49   sel     $17,000.00   [strat=busy_impatient_closer]
      R12  buy $ 15,381.72   sel     $16,500.00   [strat=busy_impatient_closer]
      R13  buy $  1,570.51   sel     $16,000.00   [strat=busy_impatient_closer]
      R14  buy $  9,079.82   sel     $15,500.00   [strat=busy_impatient_closer]
      R15  buy $ 12,742.20   sel     $14,999.00   [strat=busy_impatient_closer]
      R16  buy $  5,597.31   sel     $13,500.00   [strat=busy_impatient_closer]
   run 4 done in 4.3 min

   run 5/30 on 2019 Honda Accord Sport 1.5T  seed=20362424
      R 1  buy $ 26,081.05   sel     $27,500.00   [strat=busy_impatient_closer] *
      R 2  buy $  8,686.23   sel     $26,500.00   [strat=busy_impatient_closer]
      R 3  buy $ 11,871.12   sel     $25,500.00   [strat=busy_impatient_closer]
      R 4  buy $ 11,023.29   sel     $24,500.00   [strat=busy_impatient_closer]
      R 5  buy $ 22,371.02   sel     $23,500.00   [strat=busy_impatient_closer]
      R 6  buy $ 11,294.49   sel     $23,000.00   [strat=busy_impatient_closer]
      R 7  buy $  2,573.83   sel     $22,500.00   [strat=busy_impatient_closer]
      R 8  buy $ 14,859.84   sel     $19,500.00   [strat=busy_impatient_closer]
      R 9  buy $  1,883.21   sel     $18,000.00   [strat=busy_impatient_closer]
      R10  buy $ 12,347.04   sel     $17,000.00   [strat=busy_impatient_closer]
      R11  buy $ 16,331.06   sel     $16,650.00   [strat=busy_impatient_closer]
      R12  buy $ 11,602.41   sel     $16,000.00   [strat=busy_impatient_closer]
      R13  buy $ 12,633.91   sel     $15,500.00   [strat=busy_impatient_closer]
      R14  buy $ 11,739.09   sel     $15,000.00   [strat=busy_impatient_closer]
      R15  buy $  5,082.40   sel     $14,500.00   [strat=busy_impatient_closer]
      R16  buy $  3,472.56   sel     $14,500.00   [strat=busy_impatient_closer]
   run 5 done in 4.9 min

   run 6/30 on 2019 Honda Accord Sport 1.5T  seed=20362425
      R 1  buy $ 16,614.19   sel     $24,999.99   [strat=busy_impatient_closer] *
      R 2  buy $  3,350.21   sel     $24,500.00   [strat=busy_impatient_closer]
      R 3  buy $ 15,521.33   sel     $24,000.00   [strat=busy_impatient_closer]
      R 4  buy $  7,306.54   sel     $23,500.00   [strat=busy_impatient_closer]
      R 5  buy $ 21,463.03   sel     $22,500.00   [strat=busy_impatient_closer]
      R 6  buy $    679.83   sel     $22,500.00   [strat=busy_impatient_closer]
      R 7  buy $ 20,125.76   sel     $21,500.00   [strat=busy_impatient_closer]
      R 8  buy $  1,565.62   sel     $21,000.00   [strat=busy_impatient_closer]
      R 9  buy $  4,528.92   sel     $20,500.00   [strat=busy_impatient_closer]
      R10  buy $ 16,581.17   sel     $19,000.00   [strat=busy_impatient_closer]
      R11  buy $  8,212.07   sel     $18,500.00   [strat=busy_impatient_closer]
      R12  buy $ 13,676.31   sel     $17,000.00   [strat=busy_impatient_closer]
      R13  buy $ 12,247.21   sel     $16,500.00   [strat=busy_impatient_closer]
      R14  buy $  5,489.86   sel     $16,000.00   [strat=busy_impatient_closer]
      R15  buy $ 10,715.32   sel     $15,500.00   [strat=busy_impatient_closer]
      R16  buy $ 12,768.52   sel     $15,000.00   [strat=busy_impatient_closer]
   run 6 done in 5.4 min

   run 7/30 on 2019 Honda Accord Sport 1.5T  seed=20362426
      R 1  buy $ 10,462.15   sel     $26,500.00   [strat=busy_impatient_closer] *
      R 2  buy $ 10,706.68   sel     $26,000.00   [strat=busy_impatient_closer]
      R 3  buy $ 25,623.12   sel     $25,623.12   [strat=busy_impatient_closer]
      R 4  buy $  1,281.56   sel     $25,623.12   [strat=busy_impatient_closer]
      R 5  buy $  1,479.51   sel     $25,623.12   [strat=busy_impatient_closer]
      R 6  buy $  1,549.84   sel     $25,623.12   [strat=busy_impatient_closer]
      R 7  buy $ 21,988.54   sel     $25,500.00   [strat=busy_impatient_closer]
      R 8  buy $ 14,929.95   sel     $25,000.00   [strat=busy_impatient_closer]
      R 9  buy $ 23,464.66   sel     $24,200.00   [strat=busy_impatient_closer]
      R10  buy $ 23,670.71   sel     $24,000.00   [strat=busy_impatient_closer]
      R11  buy $ 12,872.52   sel     $23,800.00   [strat=busy_impatient_closer]
      R12  buy $  7,896.96   sel     $23,500.00   [strat=busy_impatient_closer]
      R13  buy $ 15,476.12   sel     $21,000.00   [strat=busy_impatient_closer]
      R14  buy $  6,217.92   sel     $20,500.00   [strat=busy_impatient_closer]
      R15  buy $ 11,198.39   sel     $19,500.00   [strat=busy_impatient_closer]
      R16  buy $    772.11   sel     $18,000.00   [strat=busy_impatient_closer]
   run 7 done in 4.8 min

   run 8/30 on 2019 Honda Accord Sport 1.5T  seed=20362427
      R 1  buy $ 17,692.74   sel     PARSE-FAIL   [strat=busy_impatient_closer] *
      R 2  buy $  5,038.66   sel     $19,999.00   [strat=busy_impatient_closer]
      R 3  buy $ 17,749.92   sel     $18,800.00   [strat=busy_impatient_closer]
      R 4  buy $  4,111.83   sel     $18,800.00   [strat=busy_impatient_closer]
      R 5  buy $  3,365.91   sel     $18,500.00   [strat=busy_impatient_closer]
      R 6  buy $  6,338.25   sel     $18,500.00   [strat=busy_impatient_closer]
      R 7  buy $ 17,661.02   sel     $18,080.51   [strat=busy_impatient_closer]
      R 8  buy $ 14,081.51   sel     $18,500.00   [strat=busy_impatient_closer]
      R 9  buy $  3,007.15   sel     $18,000.00   [strat=busy_impatient_closer]
      R10  buy $ 15,340.06   sel     $16,800.00   [strat=busy_impatient_closer]
      R11  buy $  2,818.66   sel     $16,800.00   [strat=busy_impatient_closer]
      R12  buy $  3,859.99   sel     $16,500.00   [strat=busy_impatient_closer]
      R13  buy $  5,577.68   sel     $15,500.00   [strat=busy_impatient_closer]
      R14  buy $ 10,327.36   sel     $14,500.00   [strat=busy_impatient_closer]
      R15  buy $ 12,365.05   sel     $13,500.00   [strat=busy_impatient_closer]
      R16  buy $  2,419.42   sel     $14,500.00   [strat=busy_impatient_closer]
   run 8 done in 4.9 min

   run 9/30 on 2019 Honda Accord Sport 1.5T  seed=20362428
      R 1  buy $ 21,896.52   sel     $25,995.00   [strat=busy_impatient_closer] *
      R 2  buy $  8,495.42   sel     $25,995.00   [strat=busy_impatient_closer]
      R 3  buy $ 23,671.37   sel     $24,995.00   [strat=busy_impatient_closer]
      R 4  buy $ 15,002.97   sel     $24,000.00   [strat=busy_impatient_closer]
      R 5  buy $ 16,657.06   sel     $23,900.00   [strat=busy_impatient_closer]
      R 6  buy $  1,788.60   sel     $23,500.00   [strat=busy_impatient_closer]
      R 7  buy $    726.24   sel     $23,500.00   [strat=busy_impatient_closer]
      R 8  buy $ 23,102.45   sel     $23,102.45   [strat=busy_impatient_closer]
      R 9  buy $ 12,956.16   sel     $23,000.00   [strat=busy_impatient_closer]
      R10  buy $ 17,686.80   sel     $22,500.00   [strat=busy_impatient_closer]
      R11  buy $  5,173.21   sel     $22,500.00   [strat=busy_impatient_closer]
      R12  buy $  4,021.57   sel     $22,000.00   [strat=busy_impatient_closer]
      R13  buy $ 21,870.15   sel     $21,870.15   [strat=busy_impatient_closer]
      R14  buy $  8,658.80   sel     $22,000.00   [strat=busy_impatient_closer]
      R15  buy $  7,173.87   sel     $22,000.00   [strat=busy_impatient_closer]
      R16  buy $  3,415.67   sel     $20,000.00   [strat=busy_impatient_closer]
   run 9 done in 5.1 min

   run 10/30 on 2019 Honda Accord Sport 1.5T  seed=20362429
      R 1  buy $  5,357.37   sel     $22,500.00   [strat=busy_impatient_closer] *
      R 2  buy $ 11,141.31   sel     $20,500.00   [strat=busy_impatient_closer]
      R 3  buy $  4,850.95   sel     $19,900.00   [strat=busy_impatient_closer]
      R 4  buy $  5,277.37   sel     $19,500.00   [strat=busy_impatient_closer]
      R 5  buy $  5,858.16   sel     $18,900.00   [strat=busy_impatient_closer]
      R 6  buy $ 11,384.51   sel     $17,500.00   [strat=busy_impatient_closer]
      R 7  buy $ 16,641.84   sel     $17,500.00   [strat=busy_impatient_closer]
      R 8  buy $  2,193.73   sel     $17,500.00   [strat=busy_impatient_closer]
      R 9  buy $  5,183.74   sel     $16,900.00   [strat=busy_impatient_closer]
      R10  buy $  3,003.75   sel     $16,500.00   [strat=busy_impatient_closer]
      R11  buy $ 14,825.65   sel     $15,500.00   [strat=busy_impatient_closer]
      R12  buy $  3,120.86   sel     $15,200.00   [strat=busy_impatient_closer]
      R13  buy $ 15,065.56   sel     $15,065.56   [strat=busy_impatient_closer]
      R14  buy $  1,248.78   sel     $15,065.56   [strat=busy_impatient_closer]
      R15  buy $ 11,652.04   sel     $14,500.00   [strat=busy_impatient_closer]
      R16  buy $  8,848.48   sel     $14,300.00   [strat=busy_impatient_closer]
   run 10 done in 4.9 min

   run 11/30 on 2019 Honda Accord Sport 1.5T  seed=20362430
      R 1  buy $  9,665.42   sel     $25,999.00   [strat=busy_impatient_closer] *
      R 2  buy $ 21,061.82   sel     $24,500.00   [strat=busy_impatient_closer]
      R 3  buy $ 21,377.36   sel     $24,000.00   [strat=busy_impatient_closer]
      R 4  buy $  4,245.46   sel     $23,500.00   [strat=busy_impatient_closer]
      R 5  buy $  4,212.38   sel     $23,000.00   [strat=busy_impatient_closer]
      R 6  buy $ 22,663.24   sel     $22,663.24   [strat=busy_impatient_closer]
      R 7  buy $ 10,509.10   sel     $22,500.00   [strat=busy_impatient_closer]
      R 8  buy $ 16,749.66   sel     $21,000.00   [strat=busy_impatient_closer]
      R 9  buy $ 20,822.83   sel     $20,500.00   [strat=busy_impatient_closer]
      R10  buy $ 12,923.02   sel     $20,000.00   [strat=busy_impatient_closer]
      R11  buy $  7,360.04   sel     $19,000.00   [strat=busy_impatient_closer]
      R12  buy $ 15,485.61   sel     $16,000.00   [strat=busy_impatient_closer]
      R13  buy $ 10,770.63   sel     $15,000.00   [strat=busy_impatient_closer]
      R14  buy $  9,482.15   sel     $14,500.00   [strat=busy_impatient_closer]
      R15  buy $  9,649.27   sel     $14,250.00   [strat=busy_impatient_closer]
      R16  buy $  2,439.31   sel     $14,250.00   [strat=busy_impatient_closer]
   run 11 done in 5.5 min

   run 12/30 on 2019 Honda Accord Sport 1.5T  seed=20362431
      R 1  buy $ 16,251.52   sel     $19,900.00   [strat=busy_impatient_closer] *
      R 2  buy $  2,291.48   sel     $19,500.00   [strat=busy_impatient_closer]
      R 3  buy $  3,047.76   sel     $19,200.00   [strat=busy_impatient_closer]
      R 4  buy $ 12,901.78   sel     $18,900.00   [strat=busy_impatient_closer]
      R 5  buy $  5,366.12   sel     $18,800.00   [strat=busy_impatient_closer]
      R 6  buy $  7,963.21   sel     $18,500.00   [strat=busy_impatient_closer]
      R 7  buy $  9,544.21   sel     $18,200.00   [strat=busy_impatient_closer]
      R 8  buy $  4,073.77   sel     $18,200.00   [strat=busy_impatient_closer]
      R 9  buy $ 17,855.63   sel     $18,000.00   [strat=busy_impatient_closer]
      R10  buy $  2,199.09   sel     $18,000.00   [strat=busy_impatient_closer]
      R11  buy $  2,108.56   sel     $18,000.00   [strat=busy_impatient_closer]
      R12  buy $  6,811.46   sel     $17,500.00   [strat=busy_impatient_closer]
      R13  buy $  9,100.15   sel     $17,000.00   [strat=busy_impatient_closer]
      R14  buy $ 10,778.67   sel     $16,500.00   [strat=busy_impatient_closer]
      R15  buy $ 13,362.17   sel     $16,000.00   [strat=busy_impatient_closer]
      R16  buy $ 11,228.58   sel     $15,500.00   [strat=busy_impatient_closer]
   run 12 done in 5.2 min

   run 13/30 on 2019 Honda Accord Sport 1.5T  seed=20362432
      R 1  buy $ 11,148.97   sel     $18,995.97   [strat=busy_impatient_closer] *
      R 2  buy $ 14,980.29   sel     $18,500.00   [strat=busy_impatient_closer]
      R 3  buy $ 16,848.81   sel     $17,899.97   [strat=busy_impatient_closer]
      R 4  buy $  3,792.65   sel     $17,500.00   [strat=busy_impatient_closer]
      R 5  buy $ 16,298.16   sel     $17,299.97   [strat=busy_impatient_closer]
      R 6  buy $  8,085.34   sel     $16,500.00   [strat=busy_impatient_closer]
      R 7  buy $  2,380.61   sel     $16,000.00   [strat=busy_impatient_closer]
      R 8  buy $  9,003.09   sel     $15,500.00   [strat=busy_impatient_closer]
      R 9  buy $  6,164.31   sel     $14,800.00   [strat=busy_impatient_closer]
      R10  buy $  1,799.20   sel     $14,500.00   [strat=busy_impatient_closer]
      R11  buy $  2,747.10   sel     $14,200.00   [strat=busy_impatient_closer]
      R12  buy $  1,802.12   sel     $14,200.00   [strat=busy_impatient_closer]
      R13  buy $  2,455.72   sel     $14,100.00   [strat=busy_impatient_closer]
      R14  buy $  4,323.82   sel     $14,000.00   [strat=busy_impatient_closer]
      R15  buy $  3,411.93   sel     $14,000.00   [strat=busy_impatient_closer]
      R16  buy $  8,973.81   sel     $14,000.00   [strat=busy_impatient_closer]
   run 13 done in 6.1 min

   run 14/30 on 2019 Honda Accord Sport 1.5T  seed=20362433
      R 1  buy $ 11,948.13   sel     $17,000.00   [strat=busy_impatient_closer] *
      R 2  buy $    136.36   sel     $16,500.00   [strat=busy_impatient_closer]
      R 3  buy $ 15,673.27   sel     $16,000.00   [strat=busy_impatient_closer]
      R 4  buy $ 13,523.42   sel     $15,800.00   [strat=busy_impatient_closer]
      R 5  buy $  1,225.62   sel     $15,500.00   [strat=busy_impatient_closer]
      R 6  buy $  3,560.74   sel     $15,000.00   [strat=busy_impatient_closer]
      R 7  buy $  6,232.67   sel     $15,000.00   [strat=busy_impatient_closer]
      R 8  buy $ 10,600.11   sel     $14,500.00   [strat=busy_impatient_closer]
      R 9  buy $  6,509.10   sel     $14,000.00   [strat=busy_impatient_closer]
      R10  buy $ 12,385.74   sel     $14,200.00   [strat=busy_impatient_closer]
      R11  buy $  4,155.43   sel     $14,000.00   [strat=busy_impatient_closer]
      R12  buy $ 12,262.91   sel     $14,000.00   [strat=busy_impatient_closer]
      R13  buy $    110.69   sel     $13,800.00   [strat=busy_impatient_closer]
      R14  buy $  8,834.35   sel     $13,500.00   [strat=busy_impatient_closer]
      R15  buy $  8,403.98   sel     $13,200.00   [strat=busy_impatient_closer]
      R16  buy $  2,571.93   sel     $13,000.00   [strat=busy_impatient_closer]
   run 14 done in 4.1 min

   run 15/30 on 2019 Honda Accord Sport 1.5T  seed=20362434
      R 1  buy $  2,096.98   sel     $25,000.00   [strat=busy_impatient_closer] *
      R 2  buy $ 14,408.85   sel     $23,000.00   [strat=busy_impatient_closer]
      R 3  buy $  9,534.84   sel     $21,500.00   [strat=busy_impatient_closer]
      R 4  buy $ 10,670.89   sel     $21,000.00   [strat=busy_impatient_closer]
      R 5  buy $ 18,925.03   sel     $20,000.00   [strat=busy_impatient_closer]
      R 6  buy $ 14,679.46   sel     $19,500.00   [strat=busy_impatient_closer]
      R 7  buy $    759.86   sel     $19,500.00   [strat=busy_impatient_closer]
      R 8  buy $ 11,339.60   sel     $19,000.00   [strat=busy_impatient_closer]
      R 9  buy $ 17,121.98   sel     $18,500.00   [strat=busy_impatient_closer]
      R10  buy $ 15,130.36   sel     $17,500.00   [strat=busy_impatient_closer]
      R11  buy $ 17,152.27   sel     $17,250.00   [strat=busy_impatient_closer]
      R12  buy $  1,771.55   sel     $17,200.00   [strat=busy_impatient_closer]
      R13  buy $ 15,612.05   sel     $16,500.00   [strat=busy_impatient_closer]
      R14  buy $ 14,837.64   sel     $16,000.00   [strat=busy_impatient_closer]
      R15  buy $  9,088.17   sel     $15,500.00   [strat=busy_impatient_closer]
      R16  buy $  3,516.07   sel     $15,000.00   [strat=busy_impatient_closer]
   run 15 done in 6.4 min

   run 16/30 on 2019 Honda Accord Sport 1.5T  seed=20362435
      R 1  buy $  7,262.83   sel     $22,500.00   [strat=busy_impatient_closer] *
      R 2  buy $ 15,454.42   sel     $20,000.00   [strat=busy_impatient_closer]
      R 3  buy $  5,615.38   sel     $19,500.00   [strat=busy_impatient_closer]
      R 4  buy $  2,910.37   sel     $19,500.00   [strat=busy_impatient_closer]
      R 5  buy $  4,341.27   sel     $19,500.00   [strat=busy_impatient_closer]
      R 6  buy $  4,788.45   sel     $19,000.00   [strat=busy_impatient_closer]
      R 7  buy $    199.68   sel     $19,000.00   [strat=busy_impatient_closer]
      R 8  buy $  7,789.20   sel     $18,500.00   [strat=busy_impatient_closer]
      R 9  buy $ 17,683.75   sel     $18,000.00   [strat=busy_impatient_closer]
      R10  buy $  7,252.01   sel     $17,900.00   [strat=busy_impatient_closer]
      R11  buy $ 14,986.11   sel     $16,000.00   [strat=busy_impatient_closer]
      R12  buy $ 12,527.15   sel     $15,500.00   [strat=busy_impatient_closer]
      R13  buy $  8,415.91   sel     $15,000.00   [strat=busy_impatient_closer]
      R14  buy $ 10,177.00   sel     $14,500.00   [strat=busy_impatient_closer]
      R15  buy $  5,469.43   sel     $14,250.00   [strat=busy_impatient_closer]
      R16  buy $  4,217.90   sel     $14,250.00   [strat=busy_impatient_closer]
   run 16 done in 4.4 min

   run 17/30 on 2019 Honda Accord Sport 1.5T  seed=20362436
      R 1  buy $ 26,419.77   sel     $27,200.00   [strat=busy_impatient_closer] *
      R 2  buy $ 23,397.23   sel     $26,800.00   [strat=busy_impatient_closer]
      R 3  buy $ 10,410.91   sel     $26,800.00   [strat=busy_impatient_closer]
      R 4  buy $ 24,201.65   sel     $25,500.00   [strat=busy_impatient_closer]
      R 5  buy $  7,958.48   sel     $25,500.00   [strat=busy_impatient_closer]
      R 6  buy $ 18,164.25   sel     $24,500.00   [strat=busy_impatient_closer]
      R 7  buy $ 16,423.33   sel     $22,500.00   [strat=busy_impatient_closer]
      R 8  buy $  8,787.53   sel     $22,500.00   [strat=busy_impatient_closer]
      R 9  buy $ 16,419.32   sel     $21,500.00   [strat=busy_impatient_closer]
      R10  buy $  7,280.70   sel     $19,999.00   [strat=busy_impatient_closer]
      R11  buy $ 11,913.21   sel     $18,999.00   [strat=busy_impatient_closer]
      R12  buy $  5,830.78   sel     $18,500.00   [strat=busy_impatient_closer]
      R13  buy $ 16,165.09   sel     $17,500.00   [strat=busy_impatient_closer]
      R14  buy $  2,988.48   sel     $16,500.00   [strat=busy_impatient_closer]
      R15  buy $  4,508.53   sel     $15,500.00   [strat=busy_impatient_closer]
      R16  buy $ 14,140.27   sel     $15,000.00   [strat=busy_impatient_closer]
   run 17 done in 4.0 min

   run 18/30 on 2019 Honda Accord Sport 1.5T  seed=20362437
      R 1  buy $ 17,179.34   sel     $25,500.00   [strat=busy_impatient_closer] *
      R 2  buy $ 21,062.69   sel     $24,500.00   [strat=busy_impatient_closer]
      R 3  buy $ 15,217.63   sel     $24,000.00   [strat=busy_impatient_closer]
      R 4  buy $    262.97   sel     $23,500.00   [strat=busy_impatient_closer]
      R 5  buy $ 22,266.02   sel     $23,500.00   [strat=busy_impatient_closer]
      R 6  buy $ 22,677.80   sel     $23,000.00   [strat=busy_impatient_closer]
      R 7  buy $ 19,521.12   sel     $22,500.00   [strat=busy_impatient_closer]
      R 8  buy $  2,205.11   sel     $22,500.00   [strat=busy_impatient_closer]
      R 9  buy $  1,804.04   sel     $22,000.00   [strat=busy_impatient_closer]
      R10  buy $ 16,743.75   sel     $21,500.00   [strat=busy_impatient_closer]
      R11  buy $  2,894.27   sel     $21,500.00   [strat=busy_impatient_closer]
      R12  buy $ 20,605.02   sel     $20,800.00   [strat=busy_impatient_closer]
      R13  buy $     69.99   sel     $19,500.00   [strat=busy_impatient_closer]
      R14  buy $    551.74   sel     $19,000.00   [strat=busy_impatient_closer]
      R15  buy $  5,428.81   sel     $18,500.00   [strat=busy_impatient_closer]
      R16  buy $  7,452.76   sel     $16,000.00   [strat=busy_impatient_closer]
   run 18 done in 4.7 min

   run 19/30 on 2019 Honda Accord Sport 1.5T  seed=20362438
      R 1  buy $ 22,092.93   sel     $25,500.00   [strat=busy_impatient_closer] *
      R 2  buy $  7,425.44   sel     $25,000.00   [strat=busy_impatient_closer]
      R 3  buy $  3,135.46   sel     $24,000.00   [strat=busy_impatient_closer]
      R 4  buy $     55.78   sel     $24,000.00   [strat=busy_impatient_closer]
      R 5  buy $  4,314.17   sel     $23,500.00   [strat=busy_impatient_closer]
      R 6  buy $ 18,714.63   sel     $22,500.00   [strat=busy_impatient_closer]
      R 7  buy $ 20,476.12   sel     $21,000.00   [strat=busy_impatient_closer]
      R 8  buy $  8,303.09   sel     $20,500.00   [strat=busy_impatient_closer]
      R 9  buy $ 19,298.11   sel     $19,900.00   [strat=busy_impatient_closer]
      R10  buy $  1,281.03   sel     $19,500.00   [strat=busy_impatient_closer]
      R11  buy $  6,962.12   sel     $18,500.00   [strat=busy_impatient_closer]
      R12  buy $ 15,545.48   sel     $17,500.00   [strat=busy_impatient_closer]
      R13  buy $ 11,916.54   sel     $16,900.00   [strat=busy_impatient_closer]
      R14  buy $  4,632.25   sel     $16,800.00   [strat=busy_impatient_closer]
      R15  buy $  6,751.04   sel     $16,750.00   [strat=busy_impatient_closer]
      R16  buy $ 12,803.64   sel     $16,500.00   [strat=busy_impatient_closer]
   run 19 done in 5.3 min

   run 20/30 on 2019 Honda Accord Sport 1.5T  seed=20362439
      R 1  buy $ 26,776.96   sel     $27,599.00   [strat=busy_impatient_closer] *
      R 2  buy $    884.27   sel     $27,300.00   [strat=busy_impatient_closer]
      R 3  buy $  1,830.20   sel     $27,300.00   [strat=busy_impatient_closer]
      R 4  buy $  5,601.12   sel     $27,300.00   [strat=busy_impatient_closer]
      R 5  buy $ 18,559.56   sel     $26,500.00   [strat=busy_impatient_closer]
      R 6  buy $ 19,891.61   sel     $26,000.00   [strat=busy_impatient_closer]
      R 7  buy $ 22,249.67   sel     $25,500.00   [strat=busy_impatient_closer]
      R 8  buy $  1,117.66   sel     $25,500.00   [strat=busy_impatient_closer]
      R 9  buy $  5,750.43   sel     $25,000.00   [strat=busy_impatient_closer]
      R10  buy $ 17,762.78   sel     $24,500.00   [strat=busy_impatient_closer]
      R11  buy $ 12,780.95   sel     $24,000.00   [strat=busy_impatient_closer]
      R12  buy $ 18,782.29   sel     $23,500.00   [strat=busy_impatient_closer]
      R13  buy $ 10,375.56   sel     $23,500.00   [strat=busy_impatient_closer]
      R14  buy $    248.33   sel     $23,500.00   [strat=busy_impatient_closer]
      R15  buy $ 13,114.63   sel     $22,000.00   [strat=busy_impatient_closer]
      R16  buy $  1,308.96   sel     $21,500.00   [strat=busy_impatient_closer]
   run 20 done in 4.4 min

   run 21/30 on 2019 Honda Accord Sport 1.5T  seed=20362440
      R 1  buy $  3,311.17   sel     $25,000.00   [strat=busy_impatient_closer] *
      R 2  buy $    622.51   sel     $24,500.00   [strat=busy_impatient_closer]
      R 3  buy $ 23,918.23   sel     $24,200.00   [strat=busy_impatient_closer]
      R 4  buy $ 15,421.82   sel     $23,800.00   [strat=busy_impatient_closer]
      R 5  buy $  6,884.19   sel     $23,500.00   [strat=busy_impatient_closer]
      R 6  buy $  5,804.49   sel     $23,400.00   [strat=busy_impatient_closer]
      R 7  buy $  2,761.48   sel     $23,500.00   [strat=busy_impatient_closer]
      R 8  buy $  7,923.66   sel     $23,000.00   [strat=busy_impatient_closer]
      R 9  buy $  4,892.50   sel     $22,800.00   [strat=busy_impatient_closer]
      R10  buy $ 12,521.79   sel     $21,500.00   [strat=busy_impatient_closer]
      R11  buy $ 10,733.24   sel     $20,500.00   [strat=busy_impatient_closer]
      R12  buy $  8,534.94   sel     $20,000.00   [strat=busy_impatient_closer]
      R13  buy $  5,103.71   sel     $19,500.00   [strat=busy_impatient_closer]
      R14  buy $ 11,101.84   sel     $19,000.00   [strat=busy_impatient_closer]
      R15  buy $ 16,349.94   sel     $18,500.00   [strat=busy_impatient_closer]
      R16  buy $  5,664.60   sel     $17,500.00   [strat=busy_impatient_closer]
   run 21 done in 3.9 min

   run 22/30 on 2019 Honda Accord Sport 1.5T  seed=20362441
      R 1  buy $    412.64   sel     $25,600.00   [strat=busy_impatient_closer] *
      R 2  buy $ 24,256.15   sel     $25,200.00   [strat=busy_impatient_closer]
      R 3  buy $ 12,048.00   sel     $24,800.00   [strat=busy_impatient_closer]
      R 4  buy $ 15,183.79   sel     $24,600.00   [strat=busy_impatient_closer]
      R 5  buy $ 12,863.66   sel     $24,500.00   [strat=busy_impatient_closer]
      R 6  buy $ 10,949.07   sel     $24,000.00   [strat=busy_impatient_closer]
      R 7  buy $ 16,533.69   sel     $24,000.00   [strat=busy_impatient_closer]
      R 8  buy $ 13,311.59   sel     $23,800.00   [strat=busy_impatient_closer]
      R 9  buy $ 21,453.80   sel     $21,453.80   [strat=busy_impatient_closer]
      R10  buy $ 19,948.80   sel     $20,500.00   [strat=busy_impatient_closer]
      R11  buy $ 15,299.37   sel     $20,000.00   [strat=busy_impatient_closer]
      R12  buy $ 19,038.85   sel     $19,500.00   [strat=busy_impatient_closer]
      R13  buy $ 15,866.56   sel     $19,000.00   [strat=busy_impatient_closer]
      R14  buy $ 16,571.82   sel     $18,500.00   [strat=busy_impatient_closer]
      R15  buy $  2,716.81   sel     $17,000.00   [strat=busy_impatient_closer]
      R16  buy $  3,325.33   sel     $16,000.00   [strat=busy_impatient_closer]
   run 22 done in 5.5 min

   run 23/30 on 2019 Honda Accord Sport 1.5T  seed=20362442
      R 1  buy $ 16,874.94   sel     $24,995.00   [strat=busy_impatient_closer] *
      R 2  buy $ 23,631.94   sel     $24,500.00   [strat=busy_impatient_closer]
      R 3  buy $ 12,098.86   sel     $23,999.00   [strat=busy_impatient_closer]
      R 4  buy $ 10,921.33   sel     $23,999.00   [strat=busy_impatient_closer]
      R 5  buy $ 21,551.66   sel     $22,800.00   [strat=busy_impatient_closer]
      R 6  buy $ 22,534.78   sel     $22,600.00   [strat=busy_impatient_closer]
      R 7  buy $ 13,523.48   sel     $22,600.00   [strat=busy_impatient_closer]
      R 8  buy $ 12,911.14   sel     $22,000.00   [strat=busy_impatient_closer]
      R 9  buy $  2,152.92   sel     $22,000.00   [strat=busy_impatient_closer]
      R10  buy $  2,973.58   sel     $22,000.00   [strat=busy_impatient_closer]
      R11  buy $ 15,748.91   sel     $22,000.00   [strat=busy_impatient_closer]
      R12  buy $  7,743.81   sel     $20,000.00   [strat=busy_impatient_closer]
      R13  buy $ 14,446.02   sel     $18,000.00   [strat=busy_impatient_closer]
      R14  buy $ 16,161.72   sel     $17,000.00   [strat=busy_impatient_closer]
      R15  buy $  2,686.50   sel     $16,500.00   [strat=busy_impatient_closer]
      R16  buy $  2,090.23   sel     $16,500.00   [strat=busy_impatient_closer]
   run 23 done in 8.0 min

   run 24/30 on 2019 Honda Accord Sport 1.5T  seed=20362443
      R 1  buy $  4,565.62   sel     $23,500.00   [strat=busy_impatient_closer] *
      R 2  buy $  3,571.02   sel     $22,900.00   [strat=busy_impatient_closer]
      R 3  buy $  8,158.10   sel     $22,900.00   [strat=busy_impatient_closer]
      R 4  buy $ 14,578.54   sel     $21,800.00   [strat=busy_impatient_closer]
      R 5  buy $ 21,036.43   sel     $21,400.00   [strat=busy_impatient_closer]
      R 6  buy $ 17,036.88   sel     $20,500.00   [strat=busy_impatient_closer]
      R 7  buy $  4,033.53   sel     $20,000.00   [strat=busy_impatient_closer]
      R 8  buy $  2,351.06   sel     $19,500.00   [strat=busy_impatient_closer]
      R 9  buy $ 10,410.98   sel     $18,500.00   [strat=busy_impatient_closer]
      R10  buy $  6,519.09   sel     $17,500.00   [strat=busy_impatient_closer]
      R11  buy $ 12,219.62   sel     $16,000.00   [strat=busy_impatient_closer]
      R12  buy $  7,988.87   sel     $15,500.00   [strat=busy_impatient_closer]
      R13  buy $ 12,889.51   sel     $15,000.00   [strat=busy_impatient_closer]
      R14  buy $  1,068.48   sel     $14,500.00   [strat=busy_impatient_closer]
      R15  buy $ 12,740.19   sel     $14,200.00   [strat=busy_impatient_closer]
      R16  buy $  4,709.45   sel     $14,100.00   [strat=busy_impatient_closer]
   run 24 done in 6.0 min

   run 25/30 on 2019 Honda Accord Sport 1.5T  seed=20362444
      R 1  buy $ 27,465.19   sel     $27,900.00   [strat=busy_impatient_closer] *
      R 2  buy $  4,711.55   sel     $27,500.00   [strat=busy_impatient_closer]
      R 3  buy $ 16,224.35   sel     $27,000.00   [strat=busy_impatient_closer]
      R 4  buy $    315.50   sel     $26,500.00   [strat=busy_impatient_closer]
      R 5  buy $ 17,422.91   sel     $26,500.00   [strat=busy_impatient_closer]
      R 6  buy $ 23,018.65   sel     $26,500.00   [strat=busy_impatient_closer]
      R 7  buy $ 15,563.86   sel     $26,500.00   [strat=busy_impatient_closer]
      R 8  buy $  5,754.45   sel     $26,500.00   [strat=busy_impatient_closer]
      R 9  buy $ 13,496.56   sel     $26,500.00   [strat=busy_impatient_closer]
      R10  buy $  9,405.49   sel     $26,500.00   [strat=busy_impatient_closer]
      R11  buy $ 12,566.41   sel     $26,500.00   [strat=busy_impatient_closer]
      R12  buy $ 26,053.87   sel     $26,500.00   [strat=busy_impatient_closer]
      R13  buy $  5,471.77   sel     $26,500.00   [strat=busy_impatient_closer]
      R14  buy $ 16,504.15   sel     $26,500.00   [strat=busy_impatient_closer]
      R15  buy $ 14,342.08   sel     $26,500.00   [strat=busy_impatient_closer]
      R16  buy $  6,071.17   sel     $25,000.00   [strat=busy_impatient_closer]
   run 25 done in 6.0 min

   run 26/30 on 2019 Honda Accord Sport 1.5T  seed=20362445
      R 1  buy $ 18,205.19   sel     $22,500.00   [strat=busy_impatient_closer] *
      R 2  buy $  5,399.04   sel     $20,900.00   [strat=busy_impatient_closer]
      R 3  buy $  1,834.77   sel     $20,500.00   [strat=busy_impatient_closer]
      R 4  buy $  3,292.52   sel     $19,900.00   [strat=busy_impatient_closer]
      R 5  buy $ 16,133.19   sel     $18,500.00   [strat=busy_impatient_closer]
      R 6  buy $ 17,535.10   sel     $17,995.00   [strat=busy_impatient_closer]
      R 7  buy $ 11,220.72   sel     $17,500.00   [strat=busy_impatient_closer]
      R 8  buy $  4,580.56   sel     $16,995.00   [strat=busy_impatient_closer]
      R 9  buy $ 10,481.54   sel     $16,500.00   [strat=busy_impatient_closer]
      R10  buy $  3,329.94   sel     $16,000.00   [strat=busy_impatient_closer]
      R11  buy $ 15,661.66   sel     $15,800.00   [strat=busy_impatient_closer]
      R12  buy $  2,659.94   sel     $15,500.00   [strat=busy_impatient_closer]
      R13  buy $  6,590.50   sel     $14,900.00   [strat=busy_impatient_closer]
      R14  buy $ 10,959.49   sel     $14,500.00   [strat=busy_impatient_closer]
      R15  buy $ 13,681.26   sel     $14,200.00   [strat=busy_impatient_closer]
      R16  buy $  3,170.66   sel     $14,100.00   [strat=busy_impatient_closer]
   run 26 done in 7.2 min

   run 27/30 on 2019 Honda Accord Sport 1.5T  seed=20362446
      R 1  buy $ 15,375.90   sel     $22,000.00   [strat=busy_impatient_closer] *
      R 2  buy $  8,612.50   sel     $20,500.00   [strat=busy_impatient_closer]
      R 3  buy $  5,941.39   sel     $19,500.00   [strat=busy_impatient_closer]
      R 4  buy $ 11,569.16   sel     $18,000.00   [strat=busy_impatient_closer]
      R 5  buy $ 17,203.25   sel     $17,500.00   [strat=busy_impatient_closer]
      R 6  buy $  8,051.47   sel     $17,500.00   [strat=busy_impatient_closer]
      R 7  buy $  1,202.15   sel     $17,500.00   [strat=busy_impatient_closer]
      R 8  buy $ 16,044.45   sel     $16,500.00   [strat=busy_impatient_closer]
      R 9  buy $    113.09   sel     $16,500.00   [strat=busy_impatient_closer]
      R10  buy $  4,830.45   sel     $16,000.00   [strat=busy_impatient_closer]
      R11  buy $  5,331.64   sel     $16,000.00   [strat=busy_impatient_closer]
      R12  buy $ 10,077.86   sel     $15,500.00   [strat=busy_impatient_closer]
      R13  buy $ 15,347.74   sel     $15,347.74   [strat=busy_impatient_closer]
      R14  buy $  5,749.14   sel     $15,000.00   [strat=busy_impatient_closer]
      R15  buy $    802.89   sel     $14,500.00   [strat=busy_impatient_closer]
      R16  buy $  7,854.61   sel     $14,300.00   [strat=busy_impatient_closer]
   run 27 done in 7.6 min

   run 28/30 on 2019 Honda Accord Sport 1.5T  seed=20362447
      R 1  buy $ 20,268.26   sel     $26,500.00   [strat=busy_impatient_closer] *
      R 2  buy $ 11,622.96   sel     $24,000.00   [strat=busy_impatient_closer]
      R 3  buy $ 15,419.81   sel     $22,500.00   [strat=busy_impatient_closer]
      R 4  buy $ 19,101.12   sel     $21,500.00   [strat=busy_impatient_closer]
      R 5  buy $ 11,462.35   sel     $21,500.00   [strat=busy_impatient_closer]
      R 6  buy $  1,397.07   sel     $20,000.00   [strat=busy_impatient_closer]
      R 7  buy $ 12,957.85   sel     $20,000.00   [strat=busy_impatient_closer]
      R 8  buy $ 16,096.47   sel     $19,500.00   [strat=busy_impatient_closer]
      R 9  buy $ 11,707.27   sel     $19,000.00   [strat=busy_impatient_closer]
      R10  buy $  7,563.11   sel     $18,500.00   [strat=busy_impatient_closer]
      R11  buy $  1,773.06   sel     $18,500.00   [strat=busy_impatient_closer]
      R12  buy $  6,692.37   sel     $18,000.00   [strat=busy_impatient_closer]
      R13  buy $ 12,273.53   sel     $17,500.00   [strat=busy_impatient_closer]
      R14  buy $ 17,226.69   sel     $17,226.69   [strat=busy_impatient_closer]
      R15  buy $ 12,866.64   sel     $16,500.00   [strat=busy_impatient_closer]
      R16  buy $ 16,003.64   sel     $16,000.00   [strat=busy_impatient_closer]
   run 28 done in 5.6 min

   run 29/30 on 2019 Honda Accord Sport 1.5T  seed=20362448
      R 1  buy $ 26,799.61   sel     $27,399.00   [strat=busy_impatient_closer] *
      R 2  buy $ 26,976.04   sel     $27,200.00   [strat=busy_impatient_closer]
      R 3  buy $  9,187.74   sel     $27,200.00   [strat=busy_impatient_closer]
      R 4  buy $ 16,245.88   sel     $27,200.00   [strat=busy_impatient_closer]
      R 5  buy $    219.32   sel     $27,200.00   [strat=busy_impatient_closer]
      R 6  buy $  1,553.68   sel     $27,200.00   [strat=busy_impatient_closer]
      R 7  buy $ 16,275.70   sel     $26,000.00   [strat=busy_impatient_closer]
      R 8  buy $ 16,280.65   sel     $26,000.00   [strat=busy_impatient_closer]
      R 9  buy $  7,084.93   sel     $26,000.00   [strat=busy_impatient_closer]
      R10  buy $ 21,086.51   sel     $24,500.00   [strat=busy_impatient_closer]
      R11  buy $ 12,191.41   sel     $23,000.00   [strat=busy_impatient_closer]
      R12  buy $ 11,928.46   sel     $22,000.00   [strat=busy_impatient_closer]
      R13  buy $ 12,162.53   sel     $19,000.00   [strat=busy_impatient_closer]
      R14  buy $  8,359.83   sel     $18,000.00   [strat=busy_impatient_closer]
      R15  buy $ 13,032.96   sel     $17,000.00   [strat=busy_impatient_closer]
      R16  buy $    997.03   sel     $16,500.00   [strat=busy_impatient_closer]
   run 29 done in 5.7 min

   run 30/30 on 2019 Honda Accord Sport 1.5T  seed=20362449
      R 1  buy $  1,385.36   sel     $25,000.00   [strat=busy_impatient_closer] *
      R 2  buy $ 12,207.83   sel     $24,500.00   [strat=busy_impatient_closer]
      R 3  buy $  8,453.51   sel     $23,999.00   [strat=busy_impatient_closer]
      R 4  buy $    340.39   sel     $23,000.00   [strat=busy_impatient_closer]
      R 5  buy $ 13,476.67   sel     $19,500.00   [strat=busy_impatient_closer]
      R 6  buy $  8,369.45   sel     $19,000.00   [strat=busy_impatient_closer]
      R 7  buy $ 16,797.58   sel     $18,500.00   [strat=busy_impatient_closer]
      R 8  buy $ 16,963.34   sel     $18,000.00   [strat=busy_impatient_closer]
      R 9  buy $  2,022.65   sel     $18,000.00   [strat=busy_impatient_closer]
      R10  buy $ 11,384.61   sel     $17,500.00   [strat=busy_impatient_closer]
      R11  buy $  3,733.43   sel     $16,000.00   [strat=busy_impatient_closer]
      R12  buy $ 11,502.47   sel     $15,500.00   [strat=busy_impatient_closer]
      R13  buy $  3,200.21   sel     $15,000.00   [strat=busy_impatient_closer]
      R14  buy $  2,985.52   sel     $14,500.00   [strat=busy_impatient_closer]
      R15  buy $ 13,659.00   sel     $14,250.00   [strat=busy_impatient_closer]
      R16  buy $ 11,337.37   sel     $14,000.00   [strat=busy_impatient_closer]
   run 30 done in 5.3 min

   ---> checkpoint: car 3/5 done in 159.0 min; total so far 514.3 min; saved 90 runs to exp01_fixed_busy_impatient_closer.json

--- CAR 4/5: 2022 Toyota RAV4 XLE AWD  (M=$32,000.00  cost=$20,800.00  cost/M=65.00%) ---

   run 1/30 on 2022 Toyota RAV4 XLE AWD  seed=20363420
      R 1  buy $  6,587.47   sel     $29,995.00   [strat=busy_impatient_closer] *
      R 2  buy $  1,360.46   sel     $29,500.00   [strat=busy_impatient_closer]
      R 3  buy $ 22,971.38   sel     $28,500.00   [strat=busy_impatient_closer]
      R 4  buy $  9,630.88   sel     $27,900.00   [strat=busy_impatient_closer]
      R 5  buy $  2,654.79   sel     $27,500.00   [strat=busy_impatient_closer]
      R 6  buy $  3,540.45   sel     $26,500.00   [strat=busy_impatient_closer]
      R 7  buy $  1,540.72   sel     $25,000.00   [strat=busy_impatient_closer]
      R 8  buy $ 13,878.58   sel     $23,500.00   [strat=busy_impatient_closer]
      R 9  buy $ 17,596.28   sel     $22,500.00   [strat=busy_impatient_closer]
      R10  buy $  4,391.29   sel     $22,000.00   [strat=busy_impatient_closer]
      R11  buy $ 13,678.99   sel     $21,000.00   [strat=busy_impatient_closer]
      R12  buy $  2,786.77   sel     $20,900.00   [strat=busy_impatient_closer]
      R13  buy $ 10,119.93   sel     $20,900.00   [strat=busy_impatient_closer]
      R14  buy $ 11,555.40   sel     $20,850.00   [strat=busy_impatient_closer]
      R15  buy $ 17,483.11   sel     $20,800.00   [strat=busy_impatient_closer]
      R16  buy $ 11,636.18   sel     $20,750.00   [strat=busy_impatient_closer]
   run 1 done in 9.4 min

   run 2/30 on 2022 Toyota RAV4 XLE AWD  seed=20363421
      R 1  buy $ 10,456.92   sel     $28,500.00   [strat=busy_impatient_closer] *
      R 2  buy $ 24,591.59   sel     $27,900.00   [strat=busy_impatient_closer]
      R 3  buy $ 27,802.79   sel     $27,802.79   [strat=busy_impatient_closer]
      R 4  buy $  6,902.89   sel     $27,500.00   [strat=busy_impatient_closer]
      R 5  buy $ 23,841.16   sel     $26,500.00   [strat=busy_impatient_closer]
      R 6  buy $  8,301.60   sel     $25,900.00   [strat=busy_impatient_closer]
      R 7  buy $ 19,731.29   sel     $25,500.00   [strat=busy_impatient_closer]
      R 8  buy $  9,661.78   sel     $24,500.00   [strat=busy_impatient_closer]
      R 9  buy $ 19,861.93   sel     $24,000.00   [strat=busy_impatient_closer]
      R10  buy $ 15,675.68   sel     $23,500.00   [strat=busy_impatient_closer]
      R11  buy $ 20,801.38   sel     $22,500.00   [strat=busy_impatient_closer]
      R12  buy $ 12,928.53   sel     $21,500.00   [strat=busy_impatient_closer]
      R13  buy $ 16,639.52   sel     $20,900.00   [strat=busy_impatient_closer]
      R14  buy $  5,566.66   sel     $20,850.00   [strat=busy_impatient_closer]
      R15  buy $ 14,968.75   sel     $20,850.00   [strat=busy_impatient_closer]
      R16  buy $  6,793.23   sel     $20,800.00   [strat=busy_impatient_closer]
   run 2 done in 7.4 min

   run 3/30 on 2022 Toyota RAV4 XLE AWD  seed=20363422
      R 1  buy $ 31,780.21   sel     $31,900.00   [strat=busy_impatient_closer] *
      R 2  buy $ 22,433.95   sel     $31,500.00   [strat=busy_impatient_closer]
      R 3  buy $  7,429.50   sel     $29,995.00   [strat=busy_impatient_closer]
      R 4  buy $ 13,974.08   sel     $28,500.00   [strat=busy_impatient_closer]
      R 5  buy $  3,631.54   sel     $27,995.00   [strat=busy_impatient_closer]
      R 6  buy $ 18,897.88   sel     $26,500.00   [strat=busy_impatient_closer]
      R 7  buy $ 16,786.70   sel     $26,500.00   [strat=busy_impatient_closer]
      R 8  buy $ 10,057.56   sel     $26,000.00   [strat=busy_impatient_closer]
      R 9  buy $  4,156.52   sel     $26,000.00   [strat=busy_impatient_closer]
      R10  buy $  8,561.33   sel     $26,000.00   [strat=busy_impatient_closer]
      R11  buy $ 24,312.43   sel     $25,500.00   [strat=busy_impatient_closer]
      R12  buy $ 10,830.77   sel     $25,000.00   [strat=busy_impatient_closer]
      R13  buy $ 15,685.35   sel     $24,500.00   [strat=busy_impatient_closer]
      R14  buy $ 22,734.50   sel     $23,750.00   [strat=busy_impatient_closer]
      R15  buy $  4,563.91   sel     $23,500.00   [strat=busy_impatient_closer]
      R16  buy $ 16,508.88   sel     $22,000.00   [strat=busy_impatient_closer]
   run 3 done in 5.1 min

   run 4/30 on 2022 Toyota RAV4 XLE AWD  seed=20363423
      R 1  buy $  7,217.26   sel     $29,995.00   [strat=busy_impatient_closer] *
      R 2  buy $  5,139.03   sel     $27,995.00   [strat=busy_impatient_closer]
      R 3  buy $ 16,643.48   sel     $25,995.00   [strat=busy_impatient_closer]
      R 4  buy $ 11,810.99   sel     $24,995.00   [strat=busy_impatient_closer]
      R 5  buy $ 22,990.03   sel     $22,990.03   [strat=busy_impatient_closer]
      R 6  buy $ 10,400.88   sel     $22,990.03   [strat=busy_impatient_closer]
      R 7  buy $  3,718.32   sel     $22,990.03   [strat=busy_impatient_closer]
      R 8  buy $ 17,585.27   sel     $22,500.00   [strat=busy_impatient_closer]
      R 9  buy $ 18,493.81   sel     $21,995.00   [strat=busy_impatient_closer]
      R10  buy $ 18,630.33   sel     $21,500.00   [strat=busy_impatient_closer]
      R11  buy $ 14,903.18   sel     $20,995.00   [strat=busy_impatient_closer]
      R12  buy $  5,450.64   sel     $20,900.00   [strat=busy_impatient_closer]
      R13  buy $  7,880.53   sel     $20,850.00   [strat=busy_impatient_closer]
      R14  buy $  2,075.90   sel     $20,840.00   [strat=busy_impatient_closer]
      R15  buy $ 20,325.23   sel     $20,830.00   [strat=busy_impatient_closer]
      R16  buy $  2,411.08   sel     $20,820.00   [strat=busy_impatient_closer]
   run 4 done in 8.9 min

   run 5/30 on 2022 Toyota RAV4 XLE AWD  seed=20363424
      R 1  buy $  4,562.80   sel     $30,000.00   [strat=busy_impatient_closer] *
      R 2  buy $ 11,187.25   sel     $25,500.00   [strat=busy_impatient_closer]
      R 3  buy $  3,429.72   sel     $24,000.00   [strat=busy_impatient_closer]
      R 4  buy $ 18,637.66   sel     $22,500.00   [strat=busy_impatient_closer]
      R 5  buy $  7,007.96   sel     $21,500.00   [strat=busy_impatient_closer]
      R 6  buy $  3,657.98   sel     $20,800.00   [strat=busy_impatient_closer]
      R 7  buy $ 14,914.36   sel     $20,800.00   [strat=busy_impatient_closer]
      R 8  buy $  2,358.07   sel     $21,000.00   [strat=busy_impatient_closer]
      R 9  buy $  5,862.63   sel     $21,000.00   [strat=busy_impatient_closer]
      R10  buy $ 17,074.39   sel     $20,500.00   [strat=busy_impatient_closer]
      R11  buy $ 19,165.46   sel     $20,800.00   [strat=busy_impatient_closer]
      R12  buy $  1,287.49   sel     $20,800.00   [strat=busy_impatient_closer]
      R13  buy $  2,489.00   sel     $20,800.00   [strat=busy_impatient_closer]
      R14  buy $  5,616.19   sel     $20,800.00   [strat=busy_impatient_closer]
      R15  buy $ 12,531.56   sel     $20,800.00   [strat=busy_impatient_closer]
      R16  buy $  5,866.88   sel     $20,800.00   [strat=busy_impatient_closer]
   run 5 done in 8.4 min

   run 6/30 on 2022 Toyota RAV4 XLE AWD  seed=20363425
      R 1  buy $  7,029.59   sel     $29,995.00   [strat=busy_impatient_closer] *
      R 2  buy $ 16,981.00   sel     $28,500.00   [strat=busy_impatient_closer]
      R 3  buy $ 23,331.27   sel     $27,500.00   [strat=busy_impatient_closer]
      R 4  buy $ 12,266.82   sel     $27,500.00   [strat=busy_impatient_closer]
      R 5  buy $  7,687.62   sel     $26,500.00   [strat=busy_impatient_closer]
      R 6  buy $  5,030.13   sel     $26,500.00   [strat=busy_impatient_closer]
      R 7  buy $ 18,566.93   sel     $25,000.00   [strat=busy_impatient_closer]
      R 8  buy $ 11,150.22   sel     $24,000.00   [strat=busy_impatient_closer]
      R 9  buy $ 14,137.88   sel     $24,000.00   [strat=busy_impatient_closer]
      R10  buy $  4,577.26   sel     $23,000.00   [strat=busy_impatient_closer]
      R11  buy $    453.61   sel     $23,000.00   [strat=busy_impatient_closer]
      R12  buy $ 14,222.23   sel     $22,500.00   [strat=busy_impatient_closer]
      R13  buy $  6,814.47   sel     $22,000.00   [strat=busy_impatient_closer]
      R14  buy $ 20,624.36   sel     $21,300.00   [strat=busy_impatient_closer]
      R15  buy $ 16,864.53   sel     $21,000.00   [strat=busy_impatient_closer]
      R16  buy $  6,744.54   sel     $20,900.00   [strat=busy_impatient_closer]
   run 6 done in 8.4 min

   run 7/30 on 2022 Toyota RAV4 XLE AWD  seed=20363426
      R 1  buy $ 24,840.99   sel     $29,999.99   [strat=busy_impatient_closer] *
      R 2  buy $ 15,884.68   sel     $28,999.99   [strat=busy_impatient_closer]
      R 3  buy $ 16,615.51   sel     $27,999.99   [strat=busy_impatient_closer]
      R 4  buy $  3,907.67   sel     $26,999.99   [strat=busy_impatient_closer]
      R 5  buy $  4,460.57   sel     $26,500.00   [strat=busy_impatient_closer]
      R 6  buy $ 23,645.62   sel     $25,999.99   [strat=busy_impatient_closer]
      R 7  buy $ 14,537.65   sel     $25,500.00   [strat=busy_impatient_closer]
      R 8  buy $ 12,573.63   sel     $24,999.99   [strat=busy_impatient_closer]
      R 9  buy $ 16,913.81   sel     $23,999.99   [strat=busy_impatient_closer]
      R10  buy $ 13,125.57   sel     $23,500.00   [strat=busy_impatient_closer]
      R11  buy $ 22,307.27   sel     $23,000.00   [strat=busy_impatient_closer]
      R12  buy $ 12,521.38   sel     $22,500.00   [strat=busy_impatient_closer]
      R13  buy $ 17,504.96   sel     $21,999.99   [strat=busy_impatient_closer]
      R14  buy $  2,081.14   sel     $21,500.00   [strat=busy_impatient_closer]
      R15  buy $  2,242.09   sel     $21,000.00   [strat=busy_impatient_closer]
      R16  buy $ 17,061.09   sel     $21,000.00   [strat=busy_impatient_closer]
   run 7 done in 7.6 min

   run 8/30 on 2022 Toyota RAV4 XLE AWD  seed=20363427
      R 1  buy $  8,228.64   sel     $31,500.00   [strat=busy_impatient_closer] *
      R 2  buy $ 29,918.62   sel     $30,800.00   [strat=busy_impatient_closer]
      R 3  buy $ 18,134.38   sel     $30,500.00   [strat=busy_impatient_closer]
      R 4  buy $  8,552.85   sel     $30,300.00   [strat=busy_impatient_closer]
      R 5  buy $ 23,665.74   sel     $30,000.00   [strat=busy_impatient_closer]
      R 6  buy $  9,865.33   sel     $29,900.00   [strat=busy_impatient_closer]
      R 7  buy $ 18,240.41   sel     $29,500.00   [strat=busy_impatient_closer]
      R 8  buy $ 11,096.19   sel     $29,000.00   [strat=busy_impatient_closer]
      R 9  buy $  4,633.13   sel     $29,000.00   [strat=busy_impatient_closer]
      R10  buy $ 13,201.32   sel     $29,000.00   [strat=busy_impatient_closer]
      R11  buy $    490.65   sel     $28,900.00   [strat=busy_impatient_closer]
      R12  buy $  2,998.58   sel     $28,900.00   [strat=busy_impatient_closer]
      R13  buy $ 10,704.66   sel     $28,800.00   [strat=busy_impatient_closer]
      R14  buy $ 24,077.68   sel     $28,500.00   [strat=busy_impatient_closer]
      R15  buy $ 17,694.88   sel     $28,000.00   [strat=busy_impatient_closer]
      R16  buy $  5,079.16   sel     $28,000.00   [strat=busy_impatient_closer]
   run 8 done in 7.2 min

   run 9/30 on 2022 Toyota RAV4 XLE AWD  seed=20363428
      R 1  buy $ 14,016.54   sel     $27,995.00   [strat=busy_impatient_closer] *
      R 2  buy $  9,402.69   sel     $26,500.00   [strat=busy_impatient_closer]
      R 3  buy $ 18,995.65   sel     $24,995.00   [strat=busy_impatient_closer]
      R 4  buy $  7,109.96   sel     $23,500.00   [strat=busy_impatient_closer]
      R 5  buy $ 19,646.49   sel     $22,500.00   [strat=busy_impatient_closer]
      R 6  buy $  1,888.23   sel     $21,500.00   [strat=busy_impatient_closer]
      R 7  buy $  8,668.17   sel     $21,000.00   [strat=busy_impatient_closer]
      R 8  buy $  6,737.45   sel     $20,500.00   [strat=busy_impatient_closer]
      R 9  buy $ 15,419.06   sel     $20,900.00   [strat=busy_impatient_closer]
      R10  buy $  2,250.22   sel     $20,800.00   [strat=busy_impatient_closer]
      R11  buy $ 18,337.18   sel     $20,900.00   [strat=busy_impatient_closer]
      R12  buy $  2,878.21   sel     $20,800.00   [strat=busy_impatient_closer]
      R13  buy $  6,956.61   sel     $20,800.00   [strat=busy_impatient_closer]
      R14  buy $  9,802.32   sel     $20,800.00   [strat=busy_impatient_closer]
      R15  buy $ 18,698.78   sel     $20,800.00   [strat=busy_impatient_closer]
      R16  buy $  4,934.22   sel     $20,800.00   [strat=busy_impatient_closer]
   run 9 done in 7.8 min

   run 10/30 on 2022 Toyota RAV4 XLE AWD  seed=20363429
      R 1  buy $ 30,966.73   sel     $31,800.00   [strat=busy_impatient_closer] *
      R 2  buy $  5,489.17   sel     $31,800.00   [strat=busy_impatient_closer]
      R 3  buy $  8,552.67   sel     $31,800.00   [strat=busy_impatient_closer]
      R 4  buy $ 12,912.69   sel     $31,800.00   [strat=busy_impatient_closer]
      R 5  buy $ 15,853.60   sel     $31,500.00   [strat=busy_impatient_closer]
      R 6  buy $ 13,660.21   sel     $31,500.00   [strat=busy_impatient_closer]
      R 7  buy $ 17,539.56   sel     $28,900.00   [strat=busy_impatient_closer]
      R 8  buy $    854.68   sel     $28,500.00   [strat=busy_impatient_closer]
      R 9  buy $  4,001.55   sel     $27,900.00   [strat=busy_impatient_closer]
      R10  buy $    535.00   sel     $27,500.00   [strat=busy_impatient_closer]
      R11  buy $  4,890.71   sel     $27,000.00   [strat=busy_impatient_closer]
      R12  buy $  1,884.15   sel     $26,000.00   [strat=busy_impatient_closer]
      R13  buy $ 16,131.94   sel     $24,500.00   [strat=busy_impatient_closer]
      R14  buy $  3,231.91   sel     $23,900.00   [strat=busy_impatient_closer]
      R15  buy $    931.81   sel     $22,500.00   [strat=busy_impatient_closer]
      R16  buy $ 10,053.80   sel     $21,500.00   [strat=busy_impatient_closer]
   run 10 done in 6.8 min

   run 11/30 on 2022 Toyota RAV4 XLE AWD  seed=20363430
      R 1  buy $ 28,088.48   sel     $30,500.00   [strat=busy_impatient_closer] *
      R 2  buy $ 23,033.22   sel     $29,500.00   [strat=busy_impatient_closer]
      R 3  buy $ 27,829.12   sel     $29,000.00   [strat=busy_impatient_closer]
      R 4  buy $ 12,196.64   sel     $28,500.00   [strat=busy_impatient_closer]
      R 5  buy $  7,549.30   sel     $28,250.00   [strat=busy_impatient_closer]
      R 6  buy $  7,726.49   sel     $28,000.00   [strat=busy_impatient_closer]
      R 7  buy $  4,871.68   sel     $27,900.00   [strat=busy_impatient_closer]
      R 8  buy $ 23,104.83   sel     $25,500.00   [strat=busy_impatient_closer]
      R 9  buy $  7,284.95   sel     $24,500.00   [strat=busy_impatient_closer]
      R10  buy $  5,540.84   sel     $24,000.00   [strat=busy_impatient_closer]
      R11  buy $ 20,014.60   sel     $23,500.00   [strat=busy_impatient_closer]
      R12  buy $  9,777.52   sel     $23,000.00   [strat=busy_impatient_closer]
      R13  buy $ 15,187.02   sel     $22,500.00   [strat=busy_impatient_closer]
      R14  buy $    366.89   sel     $22,000.00   [strat=busy_impatient_closer]
      R15  buy $ 21,721.71   sel     $21,900.00   [strat=busy_impatient_closer]
      R16  buy $  2,415.17   sel     $21,800.00   [strat=busy_impatient_closer]
   run 11 done in 6.1 min

   run 12/30 on 2022 Toyota RAV4 XLE AWD  seed=20363431
      R 1  buy $  3,303.38   sel     $30,995.00   [strat=busy_impatient_closer] *
      R 2  buy $ 11,031.20   sel     $30,995.00   [strat=busy_impatient_closer]
      R 3  buy $ 19,549.79   sel     $29,500.00   [strat=busy_impatient_closer]
      R 4  buy $  8,878.65   sel     $29,500.00   [strat=busy_impatient_closer]
      R 5  buy $ 12,479.91   sel     $28,500.00   [strat=busy_impatient_closer]
      R 6  buy $ 22,784.46   sel     $27,500.00   [strat=busy_impatient_closer]
      R 7  buy $ 14,424.30   sel     $26,500.00   [strat=busy_impatient_closer]
      R 8  buy $ 11,863.18   sel     $26,500.00   [strat=busy_impatient_closer]
      R 9  buy $  9,141.05   sel     $26,500.00   [strat=busy_impatient_closer]
      R10  buy $ 25,864.26   sel     $26,000.00   [strat=busy_impatient_closer]
      R11  buy $  7,144.12   sel     $26,500.00   [strat=busy_impatient_closer]
      R12  buy $ 14,336.81   sel     $25,500.00   [strat=busy_impatient_closer]
      R13  buy $ 24,548.34   sel     $24,548.34   [strat=busy_impatient_closer]
      R14  buy $ 17,949.75   sel     $25,500.00   [strat=busy_impatient_closer]
      R15  buy $ 23,222.25   sel     $23,500.00   [strat=busy_impatient_closer]
      R16  buy $ 23,435.58   sel     $23,435.58   [strat=busy_impatient_closer]
   run 12 done in 5.8 min

   run 13/30 on 2022 Toyota RAV4 XLE AWD  seed=20363432
      R 1  buy $ 11,554.12   sel     $27,995.00   [strat=busy_impatient_closer] *
      R 2  buy $  3,329.50   sel     $26,500.00   [strat=busy_impatient_closer]
      R 3  buy $ 16,417.70   sel     $25,500.00   [strat=busy_impatient_closer]
      R 4  buy $ 23,315.23   sel     $24,500.00   [strat=busy_impatient_closer]
      R 5  buy $ 22,806.49   sel     $24,500.00   [strat=busy_impatient_closer]
      R 6  buy $    361.95   sel     $24,500.00   [strat=busy_impatient_closer]
      R 7  buy $  6,900.35   sel     $24,500.00   [strat=busy_impatient_closer]
      R 8  buy $  6,099.16   sel     $23,500.00   [strat=busy_impatient_closer]
      R 9  buy $ 10,232.56   sel     $24,500.00   [strat=busy_impatient_closer]
      R10  buy $  1,205.84   sel     $23,500.00   [strat=busy_impatient_closer]
      R11  buy $ 11,224.49   sel     $22,500.00   [strat=busy_impatient_closer]
      R12  buy $ 18,617.58   sel     $22,500.00   [strat=busy_impatient_closer]
      R13  buy $ 18,787.56   sel     $22,500.00   [strat=busy_impatient_closer]
      R14  buy $ 18,007.66   sel     $21,500.00   [strat=busy_impatient_closer]
      R15  buy $ 17,327.72   sel     $21,000.00   [strat=busy_impatient_closer]
      R16  buy $ 12,487.38   sel     $20,900.00   [strat=busy_impatient_closer]
   run 13 done in 8.1 min

   run 14/30 on 2022 Toyota RAV4 XLE AWD  seed=20363433
      R 1  buy $ 19,993.92   sel     $29,995.00   [strat=busy_impatient_closer] *
      R 2  buy $ 19,705.96   sel     $27,995.00   [strat=busy_impatient_closer]
      R 3  buy $ 27,312.54   sel     $27,312.54   [strat=busy_impatient_closer]
      R 4  buy $  8,417.50   sel     $27,500.00   [strat=busy_impatient_closer]
      R 5  buy $ 25,541.71   sel     $26,500.00   [strat=busy_impatient_closer]
      R 6  buy $ 24,524.20   sel     $25,995.00   [strat=busy_impatient_closer]
      R 7  buy $ 18,692.62   sel     $25,500.00   [strat=busy_impatient_closer]
      R 8  buy $  3,643.60   sel     $25,500.00   [strat=busy_impatient_closer]
      R 9  buy $ 16,146.47   sel     $24,999.00   [strat=busy_impatient_closer]
      R10  buy $  8,824.59   sel     $24,999.00   [strat=busy_impatient_closer]
      R11  buy $ 20,781.74   sel     $24,500.00   [strat=busy_impatient_closer]
      R12  buy $  2,397.97   sel     $24,000.00   [strat=busy_impatient_closer]
      R13  buy $    375.03   sel     $23,999.00   [strat=busy_impatient_closer]
      R14  buy $ 16,623.61   sel     $23,500.00   [strat=busy_impatient_closer]
      R15  buy $ 16,179.99   sel     $22,999.00   [strat=busy_impatient_closer]
      R16  buy $ 17,346.11   sel     $22,500.00   [strat=busy_impatient_closer]
   run 14 done in 6.7 min

   run 15/30 on 2022 Toyota RAV4 XLE AWD  seed=20363434
      R 1  buy $  6,939.44   sel     $30,999.00   [strat=busy_impatient_closer] *
      R 2  buy $ 18,406.83   sel     $29,999.00   [strat=busy_impatient_closer]
      R 3  buy $ 27,466.06   sel     $28,500.00   [strat=busy_impatient_closer]
      R 4  buy $ 16,895.70   sel     $27,999.00   [strat=busy_impatient_closer]
      R 5  buy $  1,718.97   sel     $27,500.00   [strat=busy_impatient_closer]
      R 6  buy $ 22,662.12   sel     $25,999.00   [strat=busy_impatient_closer]
      R 7  buy $ 21,346.88   sel     $24,500.00   [strat=busy_impatient_closer]
      R 8  buy $ 21,246.62   sel     $23,500.00   [strat=busy_impatient_closer]
      R 9  buy $ 12,480.03   sel     $23,000.00   [strat=busy_impatient_closer]
      R10  buy $ 22,998.16   sel     $22,998.16   [strat=busy_impatient_closer]
      R11  buy $  7,401.26   sel     $22,500.00   [strat=busy_impatient_closer]
      R12  buy $ 19,772.68   sel     $21,999.00   [strat=busy_impatient_closer]
      R13  buy $ 19,074.62   sel     $21,500.00   [strat=busy_impatient_closer]
      R14  buy $ 14,324.88   sel     $20,999.00   [strat=busy_impatient_closer]
      R15  buy $ 20,610.62   sel     $20,900.00   [strat=busy_impatient_closer]
      R16  buy $ 11,432.09   sel     $20,850.00   [strat=busy_impatient_closer]
   run 15 done in 9.3 min

   run 16/30 on 2022 Toyota RAV4 XLE AWD  seed=20363435
      R 1  buy $  6,991.93   sel     $30,995.00   [strat=busy_impatient_closer] *
      R 2  buy $ 19,213.96   sel     $29,995.00   [strat=busy_impatient_closer]
      R 3  buy $ 24,526.40   sel     $28,995.00   [strat=busy_impatient_closer]
      R 4  buy $  4,914.11   sel     $27,995.00   [strat=busy_impatient_closer]
      R 5  buy $ 26,067.58   sel     $27,495.00   [strat=busy_impatient_closer]
      R 6  buy $  7,416.71   sel     $27,000.00   [strat=busy_impatient_closer]
      R 7  buy $  3,573.45   sel     $26,995.00   [strat=busy_impatient_closer]
      R 8  buy $  9,082.55   sel     $26,500.00   [strat=busy_impatient_closer]
      R 9  buy $  2,048.48   sel     $26,495.00   [strat=busy_impatient_closer]
      R10  buy $ 13,739.13   sel     $25,995.00   [strat=busy_impatient_closer]
      R11  buy $ 20,276.58   sel     $24,995.00   [strat=busy_impatient_closer]
      R12  buy $ 24,852.88   sel     $24,895.00   [strat=busy_impatient_closer]
      R13  buy $ 15,673.91   sel     $24,500.00   [strat=busy_impatient_closer]
      R14  buy $ 22,951.85   sel     $23,500.00   [strat=busy_impatient_closer]
      R15  buy $ 14,417.00   sel     $22,995.00   [strat=busy_impatient_closer]
      R16  buy $  7,962.86   sel     $21,995.00   [strat=busy_impatient_closer]
   run 16 done in 6.5 min

   run 17/30 on 2022 Toyota RAV4 XLE AWD  seed=20363436
      R 1  buy $ 10,856.35   sel     $30,500.00   [strat=busy_impatient_closer] *
      R 2  buy $     84.98   sel     $30,500.00   [strat=busy_impatient_closer]
      R 3  buy $ 18,382.34   sel     $29,500.00   [strat=busy_impatient_closer]
      R 4  buy $  7,162.83   sel     $28,500.00   [strat=busy_impatient_closer]
      R 5  buy $ 24,555.31   sel     $27,500.00   [strat=busy_impatient_closer]
      R 6  buy $    245.06   sel     $27,000.00   [strat=busy_impatient_closer]
      R 7  buy $ 13,786.23   sel     $26,500.00   [strat=busy_impatient_closer]
      R 8  buy $ 18,726.99   sel     $25,000.00   [strat=busy_impatient_closer]
      R 9  buy $ 15,830.52   sel     $24,500.00   [strat=busy_impatient_closer]
      R10  buy $ 19,920.58   sel     $23,900.00   [strat=busy_impatient_closer]
      R11  buy $    454.53   sel     $23,500.00   [strat=busy_impatient_closer]
      R12  buy $ 10,330.07   sel     $23,000.00   [strat=busy_impatient_closer]
      R13  buy $ 12,095.42   sel     $22,500.00   [strat=busy_impatient_closer]
      R14  buy $ 15,322.94   sel     $21,500.00   [strat=busy_impatient_closer]
      R15  buy $    513.34   sel     $21,000.00   [strat=busy_impatient_closer]
      R16  buy $ 10,082.55   sel     $20,500.00   [strat=busy_impatient_closer]
   run 17 done in 6.4 min

   run 18/30 on 2022 Toyota RAV4 XLE AWD  seed=20363437
      R 1  buy $ 24,051.83   sel     $27,500.00   [strat=busy_impatient_closer] *
      R 2  buy $ 20,537.69   sel     $26,000.00   [strat=busy_impatient_closer]
      R 3  buy $ 25,650.57   sel     $25,800.00   [strat=busy_impatient_closer]
      R 4  buy $  6,585.99   sel     $25,725.00   [strat=busy_impatient_closer]
      R 5  buy $ 22,666.27   sel     $25,500.00   [strat=busy_impatient_closer]
      R 6  buy $ 25,341.56   sel     $25,341.56   [strat=busy_impatient_closer]
      R 7  buy $ 18,055.83   sel     $25,000.00   [strat=busy_impatient_closer]
      R 8  buy $ 23,276.88   sel     PARSE-FAIL   [strat=busy_impatient_closer]
      R 9  buy $ 18,011.98   sel     $25,000.00   [strat=busy_impatient_closer]
      R10  buy $  3,926.56   sel     $25,000.00   [strat=busy_impatient_closer]
      R11  buy $ 16,975.51   sel     $25,000.00   [strat=busy_impatient_closer]
      R12  buy $  1,104.10   sel     $25,000.00   [strat=busy_impatient_closer]
      R13  buy $  7,381.87   sel     $25,000.00   [strat=busy_impatient_closer]
      R14  buy $  3,103.87   sel     PARSE-FAIL   [strat=busy_impatient_closer]
      R15  buy $ 16,358.49   sel     $25,000.00   [strat=busy_impatient_closer]
      R16  buy $  8,918.43   sel     $25,000.00   [strat=busy_impatient_closer]
   run 18 done in 4.8 min

   run 19/30 on 2022 Toyota RAV4 XLE AWD  seed=20363438
      R 1  buy $ 27,240.16   sel     $30,995.00   [strat=busy_impatient_closer] *
      R 2  buy $ 26,067.57   sel     $29,500.00   [strat=busy_impatient_closer]
      R 3  buy $ 20,705.70   sel     $28,500.00   [strat=busy_impatient_closer]
      R 4  buy $ 26,026.57   sel     $28,400.00   [strat=busy_impatient_closer]
      R 5  buy $ 22,240.18   sel     $27,900.00   [strat=busy_impatient_closer]
      R 6  buy $  4,334.26   sel     $27,500.00   [strat=busy_impatient_closer]
      R 7  buy $ 15,793.30   sel     $27,000.00   [strat=busy_impatient_closer]
      R 8  buy $  1,496.57   sel     $26,500.00   [strat=busy_impatient_closer]
      R 9  buy $ 11,996.55   sel     $25,900.00   [strat=busy_impatient_closer]
      R10  buy $  5,175.96   sel     $25,500.00   [strat=busy_impatient_closer]
      R11  buy $ 22,554.32   sel     $25,400.00   [strat=busy_impatient_closer]
      R12  buy $  7,122.71   sel     $25,000.00   [strat=busy_impatient_closer]
      R13  buy $  1,680.07   sel     $24,900.00   [strat=busy_impatient_closer]
      R14  buy $  2,710.03   sel     $24,500.00   [strat=busy_impatient_closer]
      R15  buy $  5,466.68   sel     $24,000.00   [strat=busy_impatient_closer]
      R16  buy $ 19,857.79   sel     $23,500.00   [strat=busy_impatient_closer]
   run 19 done in 5.5 min

   run 20/30 on 2022 Toyota RAV4 XLE AWD  seed=20363439
      R 1  buy $  9,294.54   sel     $30,995.00   [strat=busy_impatient_closer] *
      R 2  buy $ 28,237.84   sel     $28,237.84   [strat=busy_impatient_closer]
      R 3  buy $  4,079.62   sel     $29,500.00   [strat=busy_impatient_closer]
      R 4  buy $ 11,176.73   sel     $29,000.00   [strat=busy_impatient_closer]
      R 5  buy $  4,128.28   sel     $28,900.00   [strat=busy_impatient_closer]
      R 6  buy $ 20,561.26   sel     $27,900.00   [strat=busy_impatient_closer]
      R 7  buy $ 10,349.92   sel     $27,500.00   [strat=busy_impatient_closer]
      R 8  buy $ 23,096.65   sel     $26,900.00   [strat=busy_impatient_closer]
      R 9  buy $ 18,581.45   sel     $26,500.00   [strat=busy_impatient_closer]
      R10  buy $ 24,072.26   sel     $25,999.00   [strat=busy_impatient_closer]
      R11  buy $  6,511.96   sel     $25,500.00   [strat=busy_impatient_closer]
      R12  buy $  5,426.81   sel     $24,500.00   [strat=busy_impatient_closer]
      R13  buy $ 17,202.87   sel     $23,900.00   [strat=busy_impatient_closer]
      R14  buy $ 21,717.39   sel     $21,717.39   [strat=busy_impatient_closer]
      R15  buy $ 13,136.56   sel     $23,500.00   [strat=busy_impatient_closer]
      R16  buy $  3,327.65   sel     $21,900.00   [strat=busy_impatient_closer]
   run 20 done in 6.0 min

   run 21/30 on 2022 Toyota RAV4 XLE AWD  seed=20363440
      R 1  buy $ 26,617.42   sel     $29,500.00   [strat=busy_impatient_closer] *
      R 2  buy $ 26,786.72   sel     $28,900.00   [strat=busy_impatient_closer]
      R 3  buy $  7,238.29   sel     $28,900.00   [strat=busy_impatient_closer]
      R 4  buy $ 19,178.94   sel     $27,500.00   [strat=busy_impatient_closer]
      R 5  buy $ 13,859.59   sel     $26,500.00   [strat=busy_impatient_closer]
      R 6  buy $ 21,737.58   sel     $24,500.00   [strat=busy_impatient_closer]
      R 7  buy $ 15,331.72   sel     $22,500.00   [strat=busy_impatient_closer]
      R 8  buy $  2,276.71   sel     $21,000.00   [strat=busy_impatient_closer]
      R 9  buy $ 10,198.30   sel     $21,000.00   [strat=busy_impatient_closer]
      R10  buy $ 13,338.02   sel     $20,900.00   [strat=busy_impatient_closer]
      R11  buy $    648.15   sel     $20,850.00   [strat=busy_impatient_closer]
      R12  buy $ 11,147.82   sel     $20,825.00   [strat=busy_impatient_closer]
      R13  buy $ 16,603.77   sel     $20,801.00   [strat=busy_impatient_closer]
      R14  buy $ 10,274.23   sel     $20,800.01   [strat=busy_impatient_closer]
      R15  buy $ 11,954.86   sel     $20,800.00   [strat=busy_impatient_closer]
      R16  buy $ 19,297.66   sel     $20,800.01   [strat=busy_impatient_closer]
   run 21 done in 10.5 min

   run 22/30 on 2022 Toyota RAV4 XLE AWD  seed=20363441
      R 1  buy $  6,111.66   sel     $31,250.00   [strat=busy_impatient_closer] *
      R 2  buy $ 21,694.79   sel     $28,750.00   [strat=busy_impatient_closer]
      R 3  buy $ 19,022.71   sel     $27,500.00   [strat=busy_impatient_closer]
      R 4  buy $  5,511.46   sel     $26,999.00   [strat=busy_impatient_closer]
      R 5  buy $ 19,575.07   sel     $26,500.00   [strat=busy_impatient_closer]
      R 6  buy $ 14,634.69   sel     $25,999.00   [strat=busy_impatient_closer]
      R 7  buy $  4,817.16   sel     $25,500.00   [strat=busy_impatient_closer]
      R 8  buy $  4,764.82   sel     $24,999.00   [strat=busy_impatient_closer]
      R 9  buy $ 20,153.78   sel     $23,999.00   [strat=busy_impatient_closer]
      R10  buy $ 23,656.59   sel     $23,800.00   [strat=busy_impatient_closer]
      R11  buy $ 18,059.63   sel     $23,500.00   [strat=busy_impatient_closer]
      R12  buy $ 19,333.02   sel     $22,999.00   [strat=busy_impatient_closer]
      R13  buy $  3,444.22   sel     $22,500.00   [strat=busy_impatient_closer]
      R14  buy $ 11,210.81   sel     $21,999.00   [strat=busy_impatient_closer]
      R15  buy $ 19,318.70   sel     $21,500.00   [strat=busy_impatient_closer]
      R16  buy $ 11,374.88   sel     $20,999.00   [strat=busy_impatient_closer]
   run 22 done in 5.1 min

   run 23/30 on 2022 Toyota RAV4 XLE AWD  seed=20363442
      R 1  buy $ 13,455.58   sel     $29,995.00   [strat=busy_impatient_closer] *
      R 2  buy $ 16,337.33   sel     $27,995.00   [strat=busy_impatient_closer]
      R 3  buy $ 12,334.25   sel     $25,995.00   [strat=busy_impatient_closer]
      R 4  buy $ 11,466.70   sel     $25,495.00   [strat=busy_impatient_closer]
      R 5  buy $ 15,972.94   sel     $24,995.00   [strat=busy_impatient_closer]
      R 6  buy $ 23,720.12   sel     $24,500.00   [strat=busy_impatient_closer]
      R 7  buy $    760.37   sel     $24,000.00   [strat=busy_impatient_closer]
      R 8  buy $ 22,629.16   sel     $23,500.00   [strat=busy_impatient_closer]
      R 9  buy $ 17,344.24   sel     $23,250.00   [strat=busy_impatient_closer]
      R10  buy $  3,757.53   sel     $23,000.00   [strat=busy_impatient_closer]
      R11  buy $ 12,540.58   sel     $22,500.00   [strat=busy_impatient_closer]
      R12  buy $ 15,943.13   sel     $21,500.00   [strat=busy_impatient_closer]
      R13  buy $ 17,783.02   sel     $20,500.00   [strat=busy_impatient_closer]
      R14  buy $  9,831.99   sel     $20,000.00   [strat=busy_impatient_closer]
      R15  buy $ 10,179.91   sel     $19,500.00   [strat=busy_impatient_closer]
      R16  buy $ 11,277.90   sel     $19,000.00   [strat=busy_impatient_closer]
   run 23 done in 5.4 min

   run 24/30 on 2022 Toyota RAV4 XLE AWD  seed=20363443
      R 1  buy $ 24,445.62   sel     PARSE-FAIL   [strat=busy_impatient_closer] *
      R 2  buy $ 10,477.95   sel     $29,500.00   [strat=busy_impatient_closer]
      R 3  buy $ 20,346.10   sel     $28,500.00   [strat=busy_impatient_closer]
      R 4  buy $ 10,334.38   sel     $28,000.00   [strat=busy_impatient_closer]
      R 5  buy $ 18,894.04   sel     $27,500.00   [strat=busy_impatient_closer]
      R 6  buy $  5,999.33   sel     $26,500.00   [strat=busy_impatient_closer]
      R 7  buy $ 15,184.97   sel     $26,000.00   [strat=busy_impatient_closer]
      R 8  buy $ 17,760.74   sel     $25,500.00   [strat=busy_impatient_closer]
      R 9  buy $  3,847.60   sel     $25,000.00   [strat=busy_impatient_closer]
      R10  buy $  6,967.12   sel     $24,000.00   [strat=busy_impatient_closer]
      R11  buy $  7,524.31   sel     $24,000.00   [strat=busy_impatient_closer]
      R12  buy $ 11,239.65   sel     $23,500.00   [strat=busy_impatient_closer]
      R13  buy $ 12,795.08   sel     $23,000.00   [strat=busy_impatient_closer]
      R14  buy $  4,939.17   sel     $22,000.00   [strat=busy_impatient_closer]
      R15  buy $ 11,233.91   sel     $21,500.00   [strat=busy_impatient_closer]
      R16  buy $  7,914.56   sel     $21,000.00   [strat=busy_impatient_closer]
   run 24 done in 7.3 min

   run 25/30 on 2022 Toyota RAV4 XLE AWD  seed=20363444
      R 1  buy $ 28,508.66   sel     $31,000.00   [strat=busy_impatient_closer] *
      R 2  buy $ 11,295.70   sel     $30,000.00   [strat=busy_impatient_closer]
      R 3  buy $ 25,189.40   sel     $28,500.00   [strat=busy_impatient_closer]
      R 4  buy $  9,623.23   sel     $28,500.00   [strat=busy_impatient_closer]
      R 5  buy $ 20,300.73   sel     $27,500.00   [strat=busy_impatient_closer]
      R 6  buy $ 23,704.58   sel     $26,500.00   [strat=busy_impatient_closer]
      R 7  buy $ 23,952.30   sel     $25,000.00   [strat=busy_impatient_closer]
      R 8  buy $ 11,865.13   sel     $24,500.00   [strat=busy_impatient_closer]
      R 9  buy $  6,680.86   sel     $23,000.00   [strat=busy_impatient_closer]
      R10  buy $  8,403.96   sel     $22,500.00   [strat=busy_impatient_closer]
      R11  buy $ 13,705.97   sel     $21,500.00   [strat=busy_impatient_closer]
      R12  buy $  6,079.12   sel     $21,000.00   [strat=busy_impatient_closer]
      R13  buy $ 10,323.66   sel     $20,900.00   [strat=busy_impatient_closer]
      R14  buy $ 17,274.72   sel     $20,500.00   [strat=busy_impatient_closer]
      R15  buy $  7,842.14   sel     $20,000.00   [strat=busy_impatient_closer]
      R16  buy $  1,348.06   sel     $20,800.00   [strat=busy_impatient_closer]
   run 25 done in 8.5 min

   run 26/30 on 2022 Toyota RAV4 XLE AWD  seed=20363445
      R 1  buy $ 15,556.37   sel     $30,500.00   [strat=busy_impatient_closer] *
      R 2  buy $ 15,447.00   sel     $29,500.00   [strat=busy_impatient_closer]
      R 3  buy $ 11,420.58   sel     $28,500.00   [strat=busy_impatient_closer]
      R 4  buy $ 15,441.11   sel     $28,500.00   [strat=busy_impatient_closer]
      R 5  buy $ 17,456.97   sel     $27,500.00   [strat=busy_impatient_closer]
      R 6  buy $ 15,127.76   sel     $26,500.00   [strat=busy_impatient_closer]
      R 7  buy $  3,238.38   sel     $26,500.00   [strat=busy_impatient_closer]
      R 8  buy $ 14,130.54   sel     $25,500.00   [strat=busy_impatient_closer]
      R 9  buy $  8,211.14   sel     $24,500.00   [strat=busy_impatient_closer]
      R10  buy $  6,626.46   sel     $23,500.00   [strat=busy_impatient_closer]
      R11  buy $ 22,960.09   sel     $22,960.09   [strat=busy_impatient_closer]
      R12  buy $ 13,632.57   sel     $23,500.00   [strat=busy_impatient_closer]
      R13  buy $ 11,020.94   sel     $23,000.00   [strat=busy_impatient_closer]
      R14  buy $ 22,605.54   sel     $22,605.54   [strat=busy_impatient_closer]
      R15  buy $ 19,398.51   sel     $22,000.00   [strat=busy_impatient_closer]
      R16  buy $ 21,599.92   sel     $21,599.92   [strat=busy_impatient_closer]
   run 26 done in 5.9 min

   run 27/30 on 2022 Toyota RAV4 XLE AWD  seed=20363446
      R 1  buy $  8,510.13   sel     $30,000.00   [strat=busy_impatient_closer] *
      R 2  buy $  9,144.11   sel     $28,500.00   [strat=busy_impatient_closer]
      R 3  buy $ 14,300.81   sel     $27,500.00   [strat=busy_impatient_closer]
      R 4  buy $ 25,061.48   sel     $26,500.00   [strat=busy_impatient_closer]
      R 5  buy $ 24,412.06   sel     $25,500.00   [strat=busy_impatient_closer]
      R 6  buy $ 10,955.78   sel     $25,500.00   [strat=busy_impatient_closer]
      R 7  buy $ 11,428.75   sel     $25,500.00   [strat=busy_impatient_closer]
      R 8  buy $  8,488.26   sel     $25,500.00   [strat=busy_impatient_closer]
      R 9  buy $ 22,837.81   sel     $24,000.00   [strat=busy_impatient_closer]
      R10  buy $ 15,534.02   sel     $23,500.00   [strat=busy_impatient_closer]
      R11  buy $ 13,968.37   sel     $23,000.00   [strat=busy_impatient_closer]
      R12  buy $ 18,637.57   sel     $22,500.00   [strat=busy_impatient_closer]
      R13  buy $ 21,917.28   sel     $21,917.28   [strat=busy_impatient_closer]
      R14  buy $  1,886.52   sel     $21,917.28   [strat=busy_impatient_closer]
      R15  buy $  4,338.85   sel     $21,917.28   [strat=busy_impatient_closer]
      R16  buy $  9,219.45   sel     $21,917.28   [strat=busy_impatient_closer]
   run 27 done in 6.4 min

   run 28/30 on 2022 Toyota RAV4 XLE AWD  seed=20363447
      R 1  buy $ 21,183.89   sel     $29,500.00   [strat=busy_impatient_closer] *
      R 2  buy $ 28,634.43   sel     $29,100.00   [strat=busy_impatient_closer]
      R 3  buy $  5,941.40   sel     $29,100.00   [strat=busy_impatient_closer]
      R 4  buy $ 14,353.21   sel     $28,900.00   [strat=busy_impatient_closer]
      R 5  buy $ 18,016.52   sel     $28,900.00   [strat=busy_impatient_closer]
      R 6  buy $  4,600.22   sel     $28,900.00   [strat=busy_impatient_closer]
      R 7  buy $ 16,558.49   sel     $28,900.00   [strat=busy_impatient_closer]
      R 8  buy $ 14,725.36   sel     $28,900.00   [strat=busy_impatient_closer]
      R 9  buy $ 28,469.54   sel     $28,700.00   [strat=busy_impatient_closer]
      R10  buy $ 16,314.58   sel     $28,500.00   [strat=busy_impatient_closer]
      R11  buy $ 26,053.51   sel     $27,000.00   [strat=busy_impatient_closer]
      R12  buy $ 16,138.21   sel     $26,500.00   [strat=busy_impatient_closer]
      R13  buy $ 11,164.20   sel     $25,900.00   [strat=busy_impatient_closer]
      R14  buy $ 10,216.85   sel     $25,500.00   [strat=busy_impatient_closer]
      R15  buy $  9,773.70   sel     $25,000.00   [strat=busy_impatient_closer]
      R16  buy $  2,533.84   sel     $24,500.00   [strat=busy_impatient_closer]
   run 28 done in 5.2 min

   run 29/30 on 2022 Toyota RAV4 XLE AWD  seed=20363448
      R 1  buy $ 13,052.59   sel     $29,995.00   [strat=busy_impatient_closer] *
      R 2  buy $ 17,061.33   sel     $27,500.00   [strat=busy_impatient_closer]
      R 3  buy $  6,351.13   sel     $26,000.00   [strat=busy_impatient_closer]
      R 4  buy $ 13,883.25   sel     $25,000.00   [strat=busy_impatient_closer]
      R 5  buy $ 21,971.06   sel     $24,500.00   [strat=busy_impatient_closer]
      R 6  buy $  9,282.10   sel     $24,000.00   [strat=busy_impatient_closer]
      R 7  buy $ 21,644.81   sel     $23,000.00   [strat=busy_impatient_closer]
      R 8  buy $  8,363.69   sel     $23,000.00   [strat=busy_impatient_closer]
      R 9  buy $  5,949.35   sel     $23,000.00   [strat=busy_impatient_closer]
      R10  buy $  4,287.29   sel     $22,000.00   [strat=busy_impatient_closer]
      R11  buy $ 13,221.70   sel     $21,500.00   [strat=busy_impatient_closer]
      R12  buy $  6,976.01   sel     $21,000.00   [strat=busy_impatient_closer]
      R13  buy $  4,314.63   sel     $20,900.00   [strat=busy_impatient_closer]
      R14  buy $ 18,011.94   sel     $20,500.00   [strat=busy_impatient_closer]
      R15  buy $  6,104.08   sel     $20,900.00   [strat=busy_impatient_closer]
      R16  buy $ 16,032.42   sel     $20,500.00   [strat=busy_impatient_closer]
   run 29 done in 5.5 min

   run 30/30 on 2022 Toyota RAV4 XLE AWD  seed=20363449
      R 1  buy $ 26,326.58   sel     $29,995.00   [strat=busy_impatient_closer] *
      R 2  buy $ 17,589.95   sel     $28,500.00   [strat=busy_impatient_closer]
      R 3  buy $ 12,443.36   sel     $27,999.00   [strat=busy_impatient_closer]
      R 4  buy $ 15,470.14   sel     $27,750.00   [strat=busy_impatient_closer]
      R 5  buy $ 26,908.77   sel     $27,250.00   [strat=busy_impatient_closer]
      R 6  buy $  6,842.73   sel     $27,000.00   [strat=busy_impatient_closer]
      R 7  buy $ 23,215.45   sel     $26,500.00   [strat=busy_impatient_closer]
      R 8  buy $ 11,775.82   sel     $25,500.00   [strat=busy_impatient_closer]
      R 9  buy $    888.03   sel     $24,999.00   [strat=busy_impatient_closer]
      R10  buy $ 20,419.39   sel     $23,999.00   [strat=busy_impatient_closer]
      R11  buy $ 15,279.08   sel     $22,500.00   [strat=busy_impatient_closer]
      R12  buy $ 11,009.61   sel     $21,500.00   [strat=busy_impatient_closer]
      R13  buy $  6,964.74   sel     $20,900.00   [strat=busy_impatient_closer]
      R14  buy $ 16,424.32   sel     $19,500.00   [strat=busy_impatient_closer]
      R15  buy $  6,844.42   sel     $20,900.00   [strat=busy_impatient_closer]
      R16  buy $  3,750.14   sel     $20,500.00   [strat=busy_impatient_closer]
   run 30 done in 7.7 min

   ---> checkpoint: car 4/5 done in 209.8 min; total so far 724.1 min; saved 120 runs to exp01_fixed_busy_impatient_closer.json

--- CAR 5/5: 2023 Ford Mustang GT Premium  (M=$45,000.00  cost=$36,000.00  cost/M=80.00%) ---

   run 1/30 on 2023 Ford Mustang GT Premium  seed=20364420
      R 1  buy $  1,734.99   sel     $46,000.00   [strat=busy_impatient_closer] *
      R 2  buy $ 26,883.60   sel     $44,500.00   [strat=busy_impatient_closer]
      R 3  buy $ 42,912.47   sel     $43,500.00   [strat=busy_impatient_closer]
      R 4  buy $ 17,808.64   sel     $42,500.00   [strat=busy_impatient_closer]
      R 5  buy $ 12,196.03   sel     $41,500.00   [strat=busy_impatient_closer]
      R 6  buy $ 36,748.49   sel     $39,000.00   [strat=busy_impatient_closer]
      R 7  buy $ 32,607.99   sel     $38,000.00   [strat=busy_impatient_closer]
      R 8  buy $ 10,795.64   sel     $38,000.00   [strat=busy_impatient_closer]
      R 9  buy $ 27,573.26   sel     $37,500.00   [strat=busy_impatient_closer]
      R10  buy $ 37,005.99   sel     $37,250.00   [strat=busy_impatient_closer]
      R11  buy $ 12,466.52   sel     $37,000.00   [strat=busy_impatient_closer]
      R12  buy $ 11,159.37   sel     $37,000.00   [strat=busy_impatient_closer]
      R13  buy $ 27,807.59   sel     $36,500.00   [strat=busy_impatient_closer]
      R14  buy $ 13,843.76   sel     $36,250.00   [strat=busy_impatient_closer]
      R15  buy $  2,545.81   sel     $36,200.00   [strat=busy_impatient_closer]
      R16  buy $ 24,657.64   sel     $36,100.00   [strat=busy_impatient_closer]
   run 1 done in 8.1 min

   run 2/30 on 2023 Ford Mustang GT Premium  seed=20364421
      R 1  buy $ 16,118.89   sel     $42,500.00   [strat=busy_impatient_closer] *
      R 2  buy $ 22,465.70   sel     $41,750.00   [strat=busy_impatient_closer]
      R 3  buy $  1,009.00   sel     $41,000.00   [strat=busy_impatient_closer]
      R 4  buy $  7,996.15   sel     $40,500.00   [strat=busy_impatient_closer]
      R 5  buy $  6,867.10   sel     $40,500.00   [strat=busy_impatient_closer]
      R 6  buy $  5,356.22   sel     $40,500.00   [strat=busy_impatient_closer]
      R 7  buy $ 13,191.02   sel     $40,000.00   [strat=busy_impatient_closer]
      R 8  buy $ 26,228.49   sel     $39,500.00   [strat=busy_impatient_closer]
      R 9  buy $ 23,316.35   sel     $38,000.00   [strat=busy_impatient_closer]
      R10  buy $ 10,612.95   sel     $37,500.00   [strat=busy_impatient_closer]
      R11  buy $ 22,382.34   sel     $37,000.00   [strat=busy_impatient_closer]
      R12  buy $ 29,941.55   sel     $36,500.00   [strat=busy_impatient_closer]
      R13  buy $  8,260.97   sel     $36,000.00   [strat=busy_impatient_closer]
      R14  buy $ 22,164.22   sel     $36,000.00   [strat=busy_impatient_closer]
      R15  buy $  8,481.82   sel     $36,000.00   [strat=busy_impatient_closer]
      R16  buy $ 13,770.92   sel     $36,000.00   [strat=busy_impatient_closer]
   run 2 done in 6.1 min

   run 3/30 on 2023 Ford Mustang GT Premium  seed=20364422
      R 1  buy $  3,017.66   sel     $42,000.00   [strat=busy_impatient_closer] *
      R 2  buy $  2,667.98   sel     $41,500.00   [strat=busy_impatient_closer]
      R 3  buy $  7,828.84   sel     $40,000.00   [strat=busy_impatient_closer]
      R 4  buy $    522.16   sel     $39,500.00   [strat=busy_impatient_closer]
      R 5  buy $  2,485.99   sel     $39,000.00   [strat=busy_impatient_closer]
      R 6  buy $ 20,422.65   sel     $38,500.00   [strat=busy_impatient_closer]
      R 7  buy $ 24,055.26   sel     $38,000.00   [strat=busy_impatient_closer]
      R 8  buy $ 23,052.63   sel     $37,500.00   [strat=busy_impatient_closer]
      R 9  buy $ 19,642.70   sel     $36,900.00   [strat=busy_impatient_closer]
      R10  buy $ 14,775.84   sel     $36,900.00   [strat=busy_impatient_closer]
      R11  buy $  9,559.77   sel     $36,900.00   [strat=busy_impatient_closer]
      R12  buy $ 11,746.00   sel     $36,900.00   [strat=busy_impatient_closer]
      R13  buy $ 30,684.48   sel     $36,500.00   [strat=busy_impatient_closer]
      R14  buy $  9,468.62   sel     $36,500.00   [strat=busy_impatient_closer]
      R15  buy $ 36,127.50   sel     $36,400.00   [strat=busy_impatient_closer]
      R16  buy $ 28,360.92   sel     $36,300.00   [strat=busy_impatient_closer]
   run 3 done in 6.7 min

   run 4/30 on 2023 Ford Mustang GT Premium  seed=20364423
      R 1  buy $  2,573.36   sel     $44,500.00   [strat=busy_impatient_closer] *
      R 2  buy $  5,077.12   sel     $43,900.00   [strat=busy_impatient_closer]
      R 3  buy $ 23,438.86   sel     $42,500.00   [strat=busy_impatient_closer]
      R 4  buy $ 23,836.85   sel     $41,000.00   [strat=busy_impatient_closer]
      R 5  buy $ 38,617.93   sel     $39,500.00   [strat=busy_impatient_closer]
      R 6  buy $  6,003.65   sel     $38,500.00   [strat=busy_impatient_closer]
      R 7  buy $ 17,587.55   sel     $38,000.00   [strat=busy_impatient_closer]
      R 8  buy $ 32,474.41   sel     $37,500.00   [strat=busy_impatient_closer]
      R 9  buy $ 13,982.41   sel     $37,000.00   [strat=busy_impatient_closer]
      R10  buy $ 26,385.44   sel     $36,500.00   [strat=busy_impatient_closer]
      R11  buy $ 33,420.44   sel     $36,000.00   [strat=busy_impatient_closer]
      R12  buy $ 19,228.94   sel     $35,500.00   [strat=busy_impatient_closer]
      R13  buy $ 29,457.86   sel     $36,500.00   [strat=busy_impatient_closer]
      R14  buy $ 21,005.65   sel     $35,000.00   [strat=busy_impatient_closer]
      R15  buy $  3,576.08   sel     $36,000.00   [strat=busy_impatient_closer]
      R16  buy $ 22,130.59   sel     $36,000.00   [strat=busy_impatient_closer]
   run 4 done in 8.0 min

   run 5/30 on 2023 Ford Mustang GT Premium  seed=20364424
      R 1  buy $ 14,281.76   sel     $44,500.00   [strat=busy_impatient_closer] *
      R 2  buy $ 22,669.29   sel     $43,500.00   [strat=busy_impatient_closer]
      R 3  buy $ 18,189.30   sel     $42,500.00   [strat=busy_impatient_closer]
      R 4  buy $ 36,916.62   sel     $40,000.00   [strat=busy_impatient_closer]
      R 5  buy $ 18,076.13   sel     $39,000.00   [strat=busy_impatient_closer]
      R 6  buy $ 14,996.33   sel     $38,000.00   [strat=busy_impatient_closer]
      R 7  buy $ 34,406.65   sel     $37,500.00   [strat=busy_impatient_closer]
      R 8  buy $ 31,276.28   sel     $36,500.00   [strat=busy_impatient_closer]
      R 9  buy $  2,023.70   sel     $36,250.00   [strat=busy_impatient_closer]
      R10  buy $  6,174.07   sel     $36,200.00   [strat=busy_impatient_closer]
      R11  buy $ 18,674.16   sel     $36,100.00   [strat=busy_impatient_closer]
      R12  buy $ 28,524.42   sel     $36,000.00   [strat=busy_impatient_closer]
      R13  buy $ 34,572.39   sel     $35,900.00   [strat=busy_impatient_closer]
      R14  buy $  6,434.67   sel     $35,800.00   [strat=busy_impatient_closer]
      R15  buy $  1,704.61   sel     $36,000.00   [strat=busy_impatient_closer]
      R16  buy $ 10,066.64   sel     $36,000.00   [strat=busy_impatient_closer]
   run 5 done in 7.7 min

   run 6/30 on 2023 Ford Mustang GT Premium  seed=20364425
      R 1  buy $  5,433.01   sel     $44,500.00   [strat=busy_impatient_closer] *
      R 2  buy $ 16,533.69   sel     $39,900.00   [strat=busy_impatient_closer]
      R 3  buy $ 29,335.42   sel     $38,500.00   [strat=busy_impatient_closer]
      R 4  buy $ 27,962.58   sel     $38,500.00   [strat=busy_impatient_closer]
      R 5  buy $ 13,339.89   sel     $38,500.00   [strat=busy_impatient_closer]
      R 6  buy $ 33,858.28   sel     $38,000.00   [strat=busy_impatient_closer]
      R 7  buy $ 11,620.54   sel     $38,000.00   [strat=busy_impatient_closer]
      R 8  buy $  7,883.93   sel     $38,000.00   [strat=busy_impatient_closer]
      R 9  buy $ 26,166.19   sel     $37,500.00   [strat=busy_impatient_closer]
      R10  buy $ 17,845.87   sel     $37,000.00   [strat=busy_impatient_closer]
      R11  buy $ 17,053.15   sel     $36,500.00   [strat=busy_impatient_closer]
      R12  buy $ 30,693.61   sel     $36,000.00   [strat=busy_impatient_closer]
      R13  buy $ 19,899.08   sel     $36,000.00   [strat=busy_impatient_closer]
      R14  buy $ 24,487.67   sel     $36,000.00   [strat=busy_impatient_closer]
      R15  buy $ 14,740.75   sel     $36,000.00   [strat=busy_impatient_closer]
      R16  buy $ 13,886.71   sel     $36,000.00   [strat=busy_impatient_closer]
   run 6 done in 7.6 min

   run 7/30 on 2023 Ford Mustang GT Premium  seed=20364426
      R 1  buy $ 32,324.68   sel     $42,900.00   [strat=busy_impatient_closer] *
      R 2  buy $  2,200.60   sel     $42,900.00   [strat=busy_impatient_closer]
      R 3  buy $ 28,427.43   sel     $42,900.00   [strat=busy_impatient_closer]
      R 4  buy $ 12,406.09   sel     $42,500.00   [strat=busy_impatient_closer]
      R 5  buy $ 21,490.54   sel     $42,000.00   [strat=busy_impatient_closer]
      R 6  buy $  4,396.90   sel     $41,500.00   [strat=busy_impatient_closer]
      R 7  buy $ 16,315.52   sel     $40,000.00   [strat=busy_impatient_closer]
      R 8  buy $  6,181.58   sel     $39,500.00   [strat=busy_impatient_closer]
      R 9  buy $ 18,117.55   sel     $38,500.00   [strat=busy_impatient_closer]
      R10  buy $ 16,312.75   sel     $38,000.00   [strat=busy_impatient_closer]
      R11  buy $ 35,083.76   sel     $37,500.00   [strat=busy_impatient_closer]
      R12  buy $  9,766.05   sel     $37,000.00   [strat=busy_impatient_closer]
      R13  buy $ 12,122.95   sel     $36,500.00   [strat=busy_impatient_closer]
      R14  buy $ 29,115.92   sel     $36,000.00   [strat=busy_impatient_closer]
      R15  buy $ 20,168.32   sel     $36,000.00   [strat=busy_impatient_closer]
      R16  buy $  6,563.93   sel     $36,000.00   [strat=busy_impatient_closer]
   run 7 done in 7.0 min

   run 8/30 on 2023 Ford Mustang GT Premium  seed=20364427
      R 1  buy $ 14,919.88   sel     $44,500.00   [strat=busy_impatient_closer] *
      R 2  buy $  1,201.24   sel     $44,000.00   [strat=busy_impatient_closer]
      R 3  buy $  3,787.14   sel     $43,500.00   [strat=busy_impatient_closer]
      R 4  buy $ 15,213.35   sel     $43,000.00   [strat=busy_impatient_closer]
      R 5  buy $ 34,442.75   sel     $42,500.00   [strat=busy_impatient_closer]
      R 6  buy $ 29,511.50   sel     $42,000.00   [strat=busy_impatient_closer]
      R 7  buy $  6,411.32   sel     $41,500.00   [strat=busy_impatient_closer]
      R 8  buy $  3,141.91   sel     $40,000.00   [strat=busy_impatient_closer]
      R 9  buy $ 28,700.36   sel     $39,500.00   [strat=busy_impatient_closer]
      R10  buy $ 27,285.20   sel     $39,000.00   [strat=busy_impatient_closer]
      R11  buy $  6,650.12   sel     $38,500.00   [strat=busy_impatient_closer]
      R12  buy $  9,580.94   sel     $38,000.00   [strat=busy_impatient_closer]
      R13  buy $ 11,006.42   sel     $37,000.00   [strat=busy_impatient_closer]
      R14  buy $ 18,454.23   sel     $36,500.00   [strat=busy_impatient_closer]
      R15  buy $ 35,377.35   sel     $36,000.00   [strat=busy_impatient_closer]
      R16  buy $  8,071.55   sel     $35,500.00   [strat=busy_impatient_closer]
   run 8 done in 6.3 min

   run 9/30 on 2023 Ford Mustang GT Premium  seed=20364428
      R 1  buy $ 15,608.41   sel     $41,995.00   [strat=busy_impatient_closer] *
      R 2  buy $ 19,843.66   sel     $39,995.00   [strat=busy_impatient_closer]
      R 3  buy $    732.10   sel     $38,995.00   [strat=busy_impatient_closer]
      R 4  buy $  4,172.16   sel     $38,500.00   [strat=busy_impatient_closer]
      R 5  buy $ 17,048.04   sel     $38,000.00   [strat=busy_impatient_closer]
      R 6  buy $  8,593.78   sel     $37,995.00   [strat=busy_impatient_closer]
      R 7  buy $ 12,550.50   sel     $37,995.00   [strat=busy_impatient_closer]
      R 8  buy $ 26,901.96   sel     $37,500.00   [strat=busy_impatient_closer]
      R 9  buy $  1,227.18   sel     $37,495.00   [strat=busy_impatient_closer]
      R10  buy $ 12,113.55   sel     $37,000.00   [strat=busy_impatient_closer]
      R11  buy $ 20,018.16   sel     $36,500.00   [strat=busy_impatient_closer]
      R12  buy $  9,500.00   sel     $36,000.00   [strat=busy_impatient_closer]
      R13  buy $  2,746.56   sel     $36,000.00   [strat=busy_impatient_closer]
      R14  buy $ 31,053.03   sel     $35,995.00   [strat=busy_impatient_closer]
      R15  buy $  9,458.71   sel     $36,000.00   [strat=busy_impatient_closer]
      R16  buy $ 10,725.84   sel     $36,000.00   [strat=busy_impatient_closer]
   run 9 done in 6.7 min

   run 10/30 on 2023 Ford Mustang GT Premium  seed=20364429
      R 1  buy $ 24,852.18   sel     $42,500.00   [strat=busy_impatient_closer] *
      R 2  buy $ 36,081.62   sel     $39,900.00   [strat=busy_impatient_closer]
      R 3  buy $ 10,706.08   sel     $39,000.00   [strat=busy_impatient_closer]
      R 4  buy $ 15,510.78   sel     $38,500.00   [strat=busy_impatient_closer]
      R 5  buy $ 32,534.46   sel     $37,900.00   [strat=busy_impatient_closer]
      R 6  buy $ 29,735.80   sel     $37,500.00   [strat=busy_impatient_closer]
      R 7  buy $ 32,993.74   sel     $36,900.00   [strat=busy_impatient_closer]
      R 8  buy $ 28,429.55   sel     $36,500.00   [strat=busy_impatient_closer]
      R 9  buy $ 17,586.74   sel     $36,000.00   [strat=busy_impatient_closer]
      R10  buy $ 23,053.64   sel     $36,000.00   [strat=busy_impatient_closer]
      R11  buy $  4,969.26   sel     $36,000.00   [strat=busy_impatient_closer]
      R12  buy $ 20,228.49   sel     $36,000.00   [strat=busy_impatient_closer]
      R13  buy $  9,583.76   sel     $36,000.00   [strat=busy_impatient_closer]
      R14  buy $ 24,789.90   sel     $36,000.00   [strat=busy_impatient_closer]
      R15  buy $ 16,683.37   sel     $36,000.00   [strat=busy_impatient_closer]
      R16  buy $ 29,723.91   sel     $35,900.00   [strat=busy_impatient_closer]
   run 10 done in 5.2 min

   run 11/30 on 2023 Ford Mustang GT Premium  seed=20364430
      R 1  buy $    201.13   sel     $44,500.00   [strat=busy_impatient_closer] *
      R 2  buy $ 44,101.68   sel     $44,300.00   [strat=busy_impatient_closer]
      R 3  buy $  9,057.10   sel     $44,300.00   [strat=busy_impatient_closer]
      R 4  buy $ 28,347.87   sel     $44,200.00   [strat=busy_impatient_closer]
      R 5  buy $ 37,979.14   sel     $42,000.00   [strat=busy_impatient_closer]
      R 6  buy $ 20,686.22   sel     $42,000.00   [strat=busy_impatient_closer]
      R 7  buy $ 12,568.82   sel     $42,000.00   [strat=busy_impatient_closer]
      R 8  buy $ 28,338.18   sel     $40,000.00   [strat=busy_impatient_closer]
      R 9  buy $  1,604.22   sel     $40,000.00   [strat=busy_impatient_closer]
      R10  buy $  8,819.50   sel     $39,000.00   [strat=busy_impatient_closer]
      R11  buy $    499.38   sel     $38,500.00   [strat=busy_impatient_closer]
      R12  buy $ 38,139.46   sel     $38,139.46   [strat=busy_impatient_closer]
      R13  buy $  9,226.51   sel     $37,500.00   [strat=busy_impatient_closer]
      R14  buy $ 10,913.99   sel     $37,000.00   [strat=busy_impatient_closer]
      R15  buy $ 34,578.50   sel     $36,500.00   [strat=busy_impatient_closer]
      R16  buy $ 33,835.07   sel     $36,250.00   [strat=busy_impatient_closer]
   run 11 done in 5.8 min

   run 12/30 on 2023 Ford Mustang GT Premium  seed=20364431
      R 1  buy $ 15,118.04   sel     $44,500.00   [strat=busy_impatient_closer] *
      R 2  buy $ 22,913.78   sel     $42,000.00   [strat=busy_impatient_closer]
      R 3  buy $ 33,133.24   sel     $40,500.00   [strat=busy_impatient_closer]
      R 4  buy $  5,328.91   sel     $39,500.00   [strat=busy_impatient_closer]
      R 5  buy $ 39,397.96   sel     $39,500.00   [strat=busy_impatient_closer]
      R 6  buy $ 38,764.25   sel     $39,500.00   [strat=busy_impatient_closer]
      R 7  buy $ 22,290.20   sel     $38,900.00   [strat=busy_impatient_closer]
      R 8  buy $    793.41   sel     $38,900.00   [strat=busy_impatient_closer]
      R 9  buy $ 22,812.34   sel     $38,900.00   [strat=busy_impatient_closer]
      R10  buy $ 20,486.53   sel     $38,900.00   [strat=busy_impatient_closer]
      R11  buy $  5,619.55   sel     $38,900.00   [strat=busy_impatient_closer]
      R12  buy $ 38,713.01   sel     $38,713.01   [strat=busy_impatient_closer]
      R13  buy $  2,399.41   sel     $38,900.00   [strat=busy_impatient_closer]
      R14  buy $ 37,006.31   sel     $38,000.00   [strat=busy_impatient_closer]
      R15  buy $ 29,506.68   sel     $37,500.00   [strat=busy_impatient_closer]
      R16  buy $ 34,736.10   sel     $36,500.00   [strat=busy_impatient_closer]
   run 12 done in 5.7 min

   run 13/30 on 2023 Ford Mustang GT Premium  seed=20364432
      R 1  buy $ 20,425.09   sel     $42,500.00   [strat=busy_impatient_closer] *
      R 2  buy $  8,886.42   sel     $42,500.00   [strat=busy_impatient_closer]
      R 3  buy $ 28,002.08   sel     $41,500.00   [strat=busy_impatient_closer]
      R 4  buy $ 26,664.67   sel     $40,500.00   [strat=busy_impatient_closer]
      R 5  buy $  7,464.10   sel     $40,500.00   [strat=busy_impatient_closer]
      R 6  buy $ 16,372.90   sel     $40,500.00   [strat=busy_impatient_closer]
      R 7  buy $ 15,508.97   sel     $40,500.00   [strat=busy_impatient_closer]
      R 8  buy $    226.64   sel     $40,500.00   [strat=busy_impatient_closer]
      R 9  buy $ 35,773.01   sel     $38,500.00   [strat=busy_impatient_closer]
      R10  buy $  9,016.39   sel     $40,000.00   [strat=busy_impatient_closer]
      R11  buy $ 25,619.28   sel     $39,000.00   [strat=busy_impatient_closer]
      R12  buy $ 24,271.65   sel     $38,000.00   [strat=busy_impatient_closer]
      R13  buy $  7,712.10   sel     $38,000.00   [strat=busy_impatient_closer]
      R14  buy $ 32,603.64   sel     $37,500.00   [strat=busy_impatient_closer]
      R15  buy $ 16,854.86   sel     $37,000.00   [strat=busy_impatient_closer]
      R16  buy $    645.13   sel     $37,000.00   [strat=busy_impatient_closer]
   run 13 done in 6.9 min

   run 14/30 on 2023 Ford Mustang GT Premium  seed=20364433
      R 1  buy $  7,220.70   sel     $44,500.00   [strat=busy_impatient_closer] *
      R 2  buy $  9,648.76   sel     $42,500.00   [strat=busy_impatient_closer]
      R 3  buy $ 13,665.49   sel     $41,000.00   [strat=busy_impatient_closer]
      R 4  buy $ 15,452.21   sel     $40,000.00   [strat=busy_impatient_closer]
      R 5  buy $ 25,472.60   sel     $38,500.00   [strat=busy_impatient_closer]
      R 6  buy $  9,699.85   sel     $37,000.00   [strat=busy_impatient_closer]
      R 7  buy $  2,680.78   sel     $36,500.00   [strat=busy_impatient_closer]
      R 8  buy $ 10,761.52   sel     $36,500.00   [strat=busy_impatient_closer]
      R 9  buy $ 13,956.45   sel     $36,000.00   [strat=busy_impatient_closer]
      R10  buy $  4,105.62   sel     $36,000.00   [strat=busy_impatient_closer]
      R11  buy $ 25,382.03   sel     $36,500.00   [strat=busy_impatient_closer]
      R12  buy $ 22,156.21   sel     $36,000.00   [strat=busy_impatient_closer]
      R13  buy $ 20,192.03   sel     $36,000.00   [strat=busy_impatient_closer]
      R14  buy $ 14,549.95   sel     $36,000.00   [strat=busy_impatient_closer]
      R15  buy $ 35,542.61   sel     $36,000.00   [strat=busy_impatient_closer]
      R16  buy $ 14,539.73   sel     $36,000.00   [strat=busy_impatient_closer]
   run 14 done in 8.3 min

   run 15/30 on 2023 Ford Mustang GT Premium  seed=20364434
      R 1  buy $  9,671.27   sel     $42,500.00   [strat=busy_impatient_closer] *
      R 2  buy $ 32,639.75   sel     $41,000.00   [strat=busy_impatient_closer]
      R 3  buy $ 25,803.78   sel     $40,000.00   [strat=busy_impatient_closer]
      R 4  buy $ 14,006.02   sel     $40,500.00   [strat=busy_impatient_closer]
      R 5  buy $  7,085.73   sel     $41,000.00   [strat=busy_impatient_closer]
      R 6  buy $ 32,395.32   sel     $39,500.00   [strat=busy_impatient_closer]
      R 7  buy $ 15,779.22   sel     $39,000.00   [strat=busy_impatient_closer]
      R 8  buy $  6,484.20   sel     $38,500.00   [strat=busy_impatient_closer]
      R 9  buy $    963.49   sel     $38,000.00   [strat=busy_impatient_closer]
      R10  buy $ 23,660.43   sel     $37,500.00   [strat=busy_impatient_closer]
      R11  buy $ 20,712.56   sel     $37,000.00   [strat=busy_impatient_closer]
      R12  buy $ 21,925.48   sel     $36,500.00   [strat=busy_impatient_closer]
      R13  buy $ 29,519.93   sel     $36,000.00   [strat=busy_impatient_closer]
      R14  buy $ 17,749.63   sel     $36,000.00   [strat=busy_impatient_closer]
      R15  buy $ 12,140.27   sel     $36,000.00   [strat=busy_impatient_closer]
      R16  buy $ 23,351.69   sel     $36,000.00   [strat=busy_impatient_closer]
   run 15 done in 8.4 min

   run 16/30 on 2023 Ford Mustang GT Premium  seed=20364435
      R 1  buy $ 42,463.34   sel     $44,500.00   [strat=busy_impatient_closer] *
      R 2  buy $  6,142.11   sel     $44,000.00   [strat=busy_impatient_closer]
      R 3  buy $  5,880.51   sel     $43,500.00   [strat=busy_impatient_closer]
      R 4  buy $ 38,142.21   sel     $42,000.00   [strat=busy_impatient_closer]
      R 5  buy $  6,917.44   sel     $41,000.00   [strat=busy_impatient_closer]
      R 6  buy $  3,342.06   sel     $40,000.00   [strat=busy_impatient_closer]
      R 7  buy $ 38,913.29   sel     $38,913.29   [strat=busy_impatient_closer]
      R 8  buy $ 22,454.48   sel     $39,500.00   [strat=busy_impatient_closer]
      R 9  buy $ 15,159.78   sel     $39,000.00   [strat=busy_impatient_closer]
      R10  buy $  1,069.53   sel     $38,500.00   [strat=busy_impatient_closer]
      R11  buy $ 21,724.90   sel     $38,000.00   [strat=busy_impatient_closer]
      R12  buy $ 37,961.80   sel     $37,961.80   [strat=busy_impatient_closer]
      R13  buy $ 26,593.62   sel     $37,500.00   [strat=busy_impatient_closer]
      R14  buy $ 26,767.13   sel     $37,000.00   [strat=busy_impatient_closer]
      R15  buy $ 15,842.03   sel     $36,500.00   [strat=busy_impatient_closer]
      R16  buy $  3,952.61   sel     $36,000.00   [strat=busy_impatient_closer]
   run 16 done in 5.2 min

   run 17/30 on 2023 Ford Mustang GT Premium  seed=20364436
      R 1  buy $ 43,821.98   sel     $44,500.00   [strat=busy_impatient_closer] *
      R 2  buy $  8,067.60   sel     $44,000.00   [strat=busy_impatient_closer]
      R 3  buy $ 22,841.20   sel     $43,500.00   [strat=busy_impatient_closer]
      R 4  buy $ 34,427.58   sel     $36,500.00   [strat=busy_impatient_closer]
      R 5  buy $ 13,398.78   sel     $36,500.00   [strat=busy_impatient_closer]
      R 6  buy $ 30,741.38   sel     $36,000.00   [strat=busy_impatient_closer]
      R 7  buy $ 20,844.04   sel     $36,000.00   [strat=busy_impatient_closer]
      R 8  buy $ 22,111.68   sel     $36,000.00   [strat=busy_impatient_closer]
      R 9  buy $  9,932.61   sel     $36,000.00   [strat=busy_impatient_closer]
      R10  buy $ 13,512.76   sel     $36,000.00   [strat=busy_impatient_closer]
      R11  buy $ 31,009.66   sel     $36,000.00   [strat=busy_impatient_closer]
      R12  buy $ 15,314.76   sel     $36,000.00   [strat=busy_impatient_closer]
      R13  buy $ 10,364.73   sel     $36,000.00   [strat=busy_impatient_closer]
      R14  buy $  5,244.34   sel     $36,000.00   [strat=busy_impatient_closer]
      R15  buy $ 10,230.89   sel     $36,000.00   [strat=busy_impatient_closer]
      R16  buy $ 24,035.23   sel     $36,000.00   [strat=busy_impatient_closer]
   run 17 done in 6.4 min

   run 18/30 on 2023 Ford Mustang GT Premium  seed=20364437
      R 1  buy $ 44,566.48   sel     $45,995.00   [strat=busy_impatient_closer] *
      R 2  buy $  7,464.17   sel     $45,995.00   [strat=busy_impatient_closer]
      R 3  buy $  2,649.72   sel     $45,995.00   [strat=busy_impatient_closer]
      R 4  buy $  1,664.62   sel     $45,995.00   [strat=busy_impatient_closer]
      R 5  buy $ 21,788.10   sel     $45,500.00   [strat=busy_impatient_closer]
      R 6  buy $  6,058.24   sel     $44,900.00   [strat=busy_impatient_closer]
      R 7  buy $ 33,522.32   sel     $42,500.00   [strat=busy_impatient_closer]
      R 8  buy $  1,457.16   sel     $41,900.00   [strat=busy_impatient_closer]
      R 9  buy $  2,208.30   sel     $40,000.00   [strat=busy_impatient_closer]
      R10  buy $ 23,810.78   sel     $39,500.00   [strat=busy_impatient_closer]
      R11  buy $ 29,565.95   sel     $38,000.00   [strat=busy_impatient_closer]
      R12  buy $  4,314.13   sel     $38,000.00   [strat=busy_impatient_closer]
      R13  buy $ 16,528.78   sel     $37,900.00   [strat=busy_impatient_closer]
      R14  buy $ 19,660.88   sel     $37,500.00   [strat=busy_impatient_closer]
      R15  buy $  4,730.47   sel     $37,500.00   [strat=busy_impatient_closer]
      R16  buy $ 33,199.98   sel     $37,000.00   [strat=busy_impatient_closer]
   run 18 done in 6.3 min

   run 19/30 on 2023 Ford Mustang GT Premium  seed=20364438
      R 1  buy $ 18,980.62   sel     $43,500.00   [strat=busy_impatient_closer] *
      R 2  buy $ 13,446.55   sel     $42,750.00   [strat=busy_impatient_closer]
      R 3  buy $ 34,152.12   sel     $42,500.00   [strat=busy_impatient_closer]
      R 4  buy $  6,843.17   sel     $42,000.00   [strat=busy_impatient_closer]
      R 5  buy $ 16,619.34   sel     $41,500.00   [strat=busy_impatient_closer]
      R 6  buy $ 10,156.21   sel     $41,250.00   [strat=busy_impatient_closer]
      R 7  buy $ 40,186.27   sel     $40,500.00   [strat=busy_impatient_closer]
      R 8  buy $  8,801.42   sel     $40,000.00   [strat=busy_impatient_closer]
      R 9  buy $ 26,311.21   sel     $38,500.00   [strat=busy_impatient_closer]
      R10  buy $ 33,716.98   sel     $37,500.00   [strat=busy_impatient_closer]
      R11  buy $ 21,312.59   sel     $37,000.00   [strat=busy_impatient_closer]
      R12  buy $  7,280.23   sel     $36,500.00   [strat=busy_impatient_closer]
      R13  buy $ 32,588.13   sel     $36,250.00   [strat=busy_impatient_closer]
      R14  buy $ 32,187.15   sel     $36,000.00   [strat=busy_impatient_closer]
      R15  buy $ 35,393.59   sel     PARSE-FAIL   [strat=busy_impatient_closer]
      R16  buy $ 19,279.80   sel     $36,000.00   [strat=busy_impatient_closer]
   run 19 done in 9.4 min

   run 20/30 on 2023 Ford Mustang GT Premium  seed=20364439
      R 1  buy $ 16,180.56   sel     $42,500.00   [strat=busy_impatient_closer] *
      R 2  buy $ 26,582.82   sel     $39,500.00   [strat=busy_impatient_closer]
      R 3  buy $ 30,660.65   sel     $37,500.00   [strat=busy_impatient_closer]
      R 4  buy $ 26,504.13   sel     $36,500.00   [strat=busy_impatient_closer]
      R 5  buy $ 20,691.33   sel     $36,000.00   [strat=busy_impatient_closer]
      R 6  buy $ 25,731.38   sel     $36,000.00   [strat=busy_impatient_closer]
      R 7  buy $ 23,214.19   sel     $36,000.00   [strat=busy_impatient_closer]
      R 8  buy $ 23,108.03   sel     $36,000.00   [strat=busy_impatient_closer]
      R 9  buy $  4,233.72   sel     $36,000.00   [strat=busy_impatient_closer]
      R10  buy $ 15,176.05   sel     $36,000.00   [strat=busy_impatient_closer]
      R11  buy $    889.99   sel     $36,000.00   [strat=busy_impatient_closer]
      R12  buy $ 22,901.27   sel     $36,000.00   [strat=busy_impatient_closer]
      R13  buy $ 20,664.73   sel     $36,000.00   [strat=busy_impatient_closer]
      R14  buy $ 34,476.40   sel     $36,000.00   [strat=busy_impatient_closer]
      R15  buy $  3,631.21   sel     $36,000.00   [strat=busy_impatient_closer]
      R16  buy $  6,038.47   sel     $36,000.00   [strat=busy_impatient_closer]
   run 20 done in 7.1 min

   run 21/30 on 2023 Ford Mustang GT Premium  seed=20364440
      R 1  buy $ 18,361.34   sel     $44,500.00   [strat=busy_impatient_closer] *
      R 2  buy $ 24,278.85   sel     $42,000.00   [strat=busy_impatient_closer]
      R 3  buy $    991.85   sel     $41,500.00   [strat=busy_impatient_closer]
      R 4  buy $ 32,588.89   sel     $40,500.00   [strat=busy_impatient_closer]
      R 5  buy $  5,208.37   sel     $40,000.00   [strat=busy_impatient_closer]
      R 6  buy $ 24,714.01   sel     $39,500.00   [strat=busy_impatient_closer]
      R 7  buy $ 11,230.35   sel     $39,500.00   [strat=busy_impatient_closer]
      R 8  buy $  3,704.18   sel     $39,500.00   [strat=busy_impatient_closer]
      R 9  buy $ 36,688.56   sel     $36,688.56   [strat=busy_impatient_closer]
      R10  buy $ 31,137.63   sel     $37,500.00   [strat=busy_impatient_closer]
      R11  buy $ 14,761.46   sel     $37,000.00   [strat=busy_impatient_closer]
      R12  buy $ 18,922.87   sel     $36,500.00   [strat=busy_impatient_closer]
      R13  buy $  9,148.40   sel     $36,250.00   [strat=busy_impatient_closer]
      R14  buy $  5,118.29   sel     $35,900.00   [strat=busy_impatient_closer]
      R15  buy $ 21,309.59   sel     $35,750.00   [strat=busy_impatient_closer]
      R16  buy $ 28,936.05   sel     $36,000.00   [strat=busy_impatient_closer]
   run 21 done in 6.2 min

   run 22/30 on 2023 Ford Mustang GT Premium  seed=20364441
      R 1  buy $ 27,536.90   sel     $44,500.00   [strat=busy_impatient_closer] *
      R 2  buy $ 11,314.81   sel     $43,500.00   [strat=busy_impatient_closer]
      R 3  buy $ 18,824.34   sel     $42,500.00   [strat=busy_impatient_closer]
      R 4  buy $ 40,722.38   sel     $42,000.00   [strat=busy_impatient_closer]
      R 5  buy $ 41,951.43   sel     $41,951.43   [strat=busy_impatient_closer]
      R 6  buy $ 29,824.91   sel     $41,500.00   [strat=busy_impatient_closer]
      R 7  buy $  1,737.09   sel     $41,000.00   [strat=busy_impatient_closer]
      R 8  buy $ 18,599.25   sel     $40,500.00   [strat=busy_impatient_closer]
      R 9  buy $ 23,044.00   sel     $40,000.00   [strat=busy_impatient_closer]
      R10  buy $  5,335.66   sel     $39,500.00   [strat=busy_impatient_closer]
      R11  buy $ 17,701.27   sel     PARSE-FAIL   [strat=busy_impatient_closer]
      R12  buy $ 39,165.35   sel     $39,900.00   [strat=busy_impatient_closer]
      R13  buy $  6,241.19   sel     $39,500.00   [strat=busy_impatient_closer]
      R14  buy $ 37,969.69   sel     $38,500.00   [strat=busy_impatient_closer]
      R15  buy $  3,324.44   sel     $38,000.00   [strat=busy_impatient_closer]
      R16  buy $ 23,022.18   sel     $37,500.00   [strat=busy_impatient_closer]
   run 22 done in 6.1 min

   run 23/30 on 2023 Ford Mustang GT Premium  seed=20364442
      R 1  buy $ 13,932.31   sel     $43,500.00   [strat=busy_impatient_closer] *
      R 2  buy $  2,436.11   sel     $42,500.00   [strat=busy_impatient_closer]
      R 3  buy $ 36,412.55   sel     $38,000.00   [strat=busy_impatient_closer]
      R 4  buy $ 23,157.24   sel     $38,000.00   [strat=busy_impatient_closer]
      R 5  buy $    109.59   sel     $38,000.00   [strat=busy_impatient_closer]
      R 6  buy $ 37,818.12   sel     $37,818.12   [strat=busy_impatient_closer]
      R 7  buy $ 35,383.86   sel     $37,500.00   [strat=busy_impatient_closer]
      R 8  buy $ 17,923.44   sel     $37,000.00   [strat=busy_impatient_closer]
      R 9  buy $ 10,235.41   sel     $36,500.00   [strat=busy_impatient_closer]
      R10  buy $ 25,225.16   sel     $36,000.00   [strat=busy_impatient_closer]
      R11  buy $ 34,980.09   sel     $35,500.00   [strat=busy_impatient_closer]
      R12  buy $    195.12   sel     $36,000.00   [strat=busy_impatient_closer]
      R13  buy $ 35,474.41   sel     $36,250.00   [strat=busy_impatient_closer]
      R14  buy $  2,312.86   sel     $35,900.00   [strat=busy_impatient_closer]
      R15  buy $ 29,703.56   sel     $36,000.00   [strat=busy_impatient_closer]
      R16  buy $ 16,147.86   sel     $36,100.00   [strat=busy_impatient_closer]
   run 23 done in 8.0 min

   run 24/30 on 2023 Ford Mustang GT Premium  seed=20364443
      R 1  buy $ 15,231.32   sel     $44,500.00   [strat=busy_impatient_closer] *
      R 2  buy $ 27,088.71   sel     $42,000.00   [strat=busy_impatient_closer]
      R 3  buy $ 31,033.27   sel     $39,995.00   [strat=busy_impatient_closer]
      R 4  buy $ 34,487.92   sel     $37,500.00   [strat=busy_impatient_closer]
      R 5  buy $ 19,741.97   sel     $37,000.00   [strat=busy_impatient_closer]
      R 6  buy $    366.92   sel     $37,000.00   [strat=busy_impatient_closer]
      R 7  buy $ 28,638.81   sel     $36,500.00   [strat=busy_impatient_closer]
      R 8  buy $  6,385.54   sel     $36,500.00   [strat=busy_impatient_closer]
      R 9  buy $ 14,746.65   sel     $36,500.00   [strat=busy_impatient_closer]
      R10  buy $ 33,324.25   sel     $36,250.00   [strat=busy_impatient_closer]
      R11  buy $ 21,654.96   sel     $36,100.00   [strat=busy_impatient_closer]
      R12  buy $  7,832.59   sel     $36,050.00   [strat=busy_impatient_closer]
      R13  buy $ 10,832.54   sel     $36,000.00   [strat=busy_impatient_closer]
      R14  buy $  2,116.77   sel     $36,000.00   [strat=busy_impatient_closer]
      R15  buy $    660.37   sel     $36,000.00   [strat=busy_impatient_closer]
      R16  buy $ 35,108.56   sel     $36,000.00   [strat=busy_impatient_closer]
   run 24 done in 7.5 min

   run 25/30 on 2023 Ford Mustang GT Premium  seed=20364444
      R 1  buy $ 42,525.89   sel     $44,500.00   [strat=busy_impatient_closer] *
      R 2  buy $ 13,621.34   sel     $44,500.00   [strat=busy_impatient_closer]
      R 3  buy $  1,414.73   sel     $43,500.00   [strat=busy_impatient_closer]
      R 4  buy $ 21,731.85   sel     $42,000.00   [strat=busy_impatient_closer]
      R 5  buy $ 16,114.13   sel     $41,000.00   [strat=busy_impatient_closer]
      R 6  buy $ 39,209.54   sel     $39,209.54   [strat=busy_impatient_closer]
      R 7  buy $ 26,914.84   sel     $40,000.00   [strat=busy_impatient_closer]
      R 8  buy $ 32,932.89   sel     $38,500.00   [strat=busy_impatient_closer]
      R 9  buy $ 18,793.20   sel     $37,500.00   [strat=busy_impatient_closer]
      R10  buy $ 35,122.98   sel     $37,000.00   [strat=busy_impatient_closer]
      R11  buy $ 27,452.63   sel     $36,500.00   [strat=busy_impatient_closer]
      R12  buy $ 34,119.37   sel     $36,300.00   [strat=busy_impatient_closer]
      R13  buy $ 14,604.23   sel     $36,100.00   [strat=busy_impatient_closer]
      R14  buy $ 24,013.94   sel     $36,050.00   [strat=busy_impatient_closer]
      R15  buy $ 18,798.39   sel     $36,000.00   [strat=busy_impatient_closer]
      R16  buy $ 12,587.88   sel     $36,000.00   [strat=busy_impatient_closer]
   run 25 done in 6.9 min

   run 26/30 on 2023 Ford Mustang GT Premium  seed=20364445
      R 1  buy $ 39,114.02   sel     $41,500.00   [strat=busy_impatient_closer] *
      R 2  buy $ 30,556.84   sel     $40,500.00   [strat=busy_impatient_closer]
      R 3  buy $ 30,085.69   sel     $40,500.00   [strat=busy_impatient_closer]
      R 4  buy $  1,970.76   sel     $40,500.00   [strat=busy_impatient_closer]
      R 5  buy $  5,567.29   sel     $40,500.00   [strat=busy_impatient_closer]
      R 6  buy $ 18,840.95   sel     $40,500.00   [strat=busy_impatient_closer]
      R 7  buy $ 17,074.21   sel     $40,500.00   [strat=busy_impatient_closer]
      R 8  buy $ 14,400.95   sel     $40,500.00   [strat=busy_impatient_closer]
      R 9  buy $ 32,406.09   sel     $40,000.00   [strat=busy_impatient_closer]
      R10  buy $ 19,179.89   sel     $40,000.00   [strat=busy_impatient_closer]
      R11  buy $ 16,259.03   sel     $40,000.00   [strat=busy_impatient_closer]
      R12  buy $ 38,234.50   sel     $39,500.00   [strat=busy_impatient_closer]
      R13  buy $  9,495.98   sel     $39,500.00   [strat=busy_impatient_closer]
      R14  buy $ 32,008.62   sel     $38,500.00   [strat=busy_impatient_closer]
      R15  buy $ 28,983.76   sel     $37,500.00   [strat=busy_impatient_closer]
      R16  buy $ 28,837.71   sel     $37,500.00   [strat=busy_impatient_closer]
   run 26 done in 6.1 min

   run 27/30 on 2023 Ford Mustang GT Premium  seed=20364446
      R 1  buy $ 35,680.72   sel     $42,000.00   [strat=busy_impatient_closer] *
      R 2  buy $ 19,163.01   sel     $41,500.00   [strat=busy_impatient_closer]
      R 3  buy $ 10,863.40   sel     $41,000.00   [strat=busy_impatient_closer]
      R 4  buy $  9,420.25   sel     $41,000.00   [strat=busy_impatient_closer]
      R 5  buy $ 39,490.80   sel     $40,250.00   [strat=busy_impatient_closer]
      R 6  buy $ 26,172.06   sel     $40,000.00   [strat=busy_impatient_closer]
      R 7  buy $ 22,635.11   sel     $39,500.00   [strat=busy_impatient_closer]
      R 8  buy $ 22,731.60   sel     $39,000.00   [strat=busy_impatient_closer]
      R 9  buy $ 18,093.64   sel     $39,000.00   [strat=busy_impatient_closer]
      R10  buy $  8,360.12   sel     $38,500.00   [strat=busy_impatient_closer]
      R11  buy $ 29,927.57   sel     $38,000.00   [strat=busy_impatient_closer]
      R12  buy $ 12,916.77   sel     $37,500.00   [strat=busy_impatient_closer]
      R13  buy $  2,350.26   sel     $37,000.00   [strat=busy_impatient_closer]
      R14  buy $ 15,205.29   sel     $36,500.00   [strat=busy_impatient_closer]
      R15  buy $ 11,531.81   sel     $36,500.00   [strat=busy_impatient_closer]
      R16  buy $ 23,880.14   sel     $36,500.00   [strat=busy_impatient_closer]
   run 27 done in 5.9 min

   run 28/30 on 2023 Ford Mustang GT Premium  seed=20364447
      R 1  buy $ 20,933.20   sel     $42,500.00   [strat=busy_impatient_closer] *
      R 2  buy $  4,098.81   sel     $41,000.00   [strat=busy_impatient_closer]
      R 3  buy $  7,225.26   sel     $39,500.00   [strat=busy_impatient_closer]
      R 4  buy $ 29,891.71   sel     $38,500.00   [strat=busy_impatient_closer]
      R 5  buy $  8,989.90   sel     $38,000.00   [strat=busy_impatient_closer]
      R 6  buy $ 14,501.09   sel     $37,500.00   [strat=busy_impatient_closer]
      R 7  buy $ 35,915.46   sel     $36,500.00   [strat=busy_impatient_closer]
      R 8  buy $ 21,496.00   sel     $36,250.00   [strat=busy_impatient_closer]
      R 9  buy $ 20,286.50   sel     PARSE-FAIL   [strat=busy_impatient_closer]
      R10  buy $ 15,605.83   sel     $36,200.00   [strat=busy_impatient_closer]
      R11  buy $ 22,372.16   sel     $36,000.00   [strat=busy_impatient_closer]
      R12  buy $ 19,231.80   sel     $36,100.00   [strat=busy_impatient_closer]
      R13  buy $ 10,666.79   sel     $36,500.00   [strat=busy_impatient_closer]
      R14  buy $ 15,691.27   sel     $36,400.00   [strat=busy_impatient_closer]
      R15  buy $ 11,243.96   sel     $36,300.00   [strat=busy_impatient_closer]
      R16  buy $  5,658.02   sel     $36,200.00   [strat=busy_impatient_closer]
   run 28 done in 7.5 min

   run 29/30 on 2023 Ford Mustang GT Premium  seed=20364448
      R 1  buy $ 13,609.30   sel     $42,500.00   [strat=busy_impatient_closer] *
      R 2  buy $ 31,962.41   sel     $41,000.00   [strat=busy_impatient_closer]
      R 3  buy $ 13,066.04   sel     $40,500.00   [strat=busy_impatient_closer]
      R 4  buy $  3,859.90   sel     $39,500.00   [strat=busy_impatient_closer]
      R 5  buy $ 25,264.66   sel     $39,000.00   [strat=busy_impatient_closer]
      R 6  buy $     18.36   sel     $38,500.00   [strat=busy_impatient_closer]
      R 7  buy $ 38,413.16   sel     $38,450.00   [strat=busy_impatient_closer]
      R 8  buy $ 24,446.40   sel     $38,000.00   [strat=busy_impatient_closer]
      R 9  buy $ 30,349.62   sel     $37,500.00   [strat=busy_impatient_closer]
      R10  buy $ 24,444.42   sel     $37,000.00   [strat=busy_impatient_closer]
      R11  buy $ 18,720.03   sel     $36,500.00   [strat=busy_impatient_closer]
      R12  buy $ 11,929.93   sel     $36,000.00   [strat=busy_impatient_closer]
      R13  buy $ 15,136.56   sel     $35,500.00   [strat=busy_impatient_closer]
      R14  buy $ 20,702.02   sel     $36,000.00   [strat=busy_impatient_closer]
      R15  buy $ 18,422.08   sel     $36,000.00   [strat=busy_impatient_closer]
      R16  buy $ 21,721.73   sel     $36,000.00   [strat=busy_impatient_closer]
   run 29 done in 7.3 min

   run 30/30 on 2023 Ford Mustang GT Premium  seed=20364449
      R 1  buy $  2,353.53   sel     $43,500.00   [strat=busy_impatient_closer] *
      R 2  buy $ 24,911.61   sel     $42,500.00   [strat=busy_impatient_closer]
      R 3  buy $ 23,070.98   sel     $41,000.00   [strat=busy_impatient_closer]
      R 4  buy $ 40,135.16   sel     $40,135.16   [strat=busy_impatient_closer]
      R 5  buy $ 31,145.37   sel     $40,135.16   [strat=busy_impatient_closer]
      R 6  buy $ 33,556.60   sel     $38,500.00   [strat=busy_impatient_closer]
      R 7  buy $ 25,342.66   sel     $37,900.00   [strat=busy_impatient_closer]
      R 8  buy $ 15,135.16   sel     $37,500.00   [strat=busy_impatient_closer]
      R 9  buy $ 25,644.53   sel     $37,000.00   [strat=busy_impatient_closer]
      R10  buy $ 25,189.28   sel     $36,500.00   [strat=busy_impatient_closer]
      R11  buy $ 24,582.79   sel     $36,500.00   [strat=busy_impatient_closer]
      R12  buy $ 27,619.61   sel     $36,000.00   [strat=busy_impatient_closer]
      R13  buy $ 31,311.74   sel     $36,500.00   [strat=busy_impatient_closer]
      R14  buy $  4,431.63   sel     $36,000.00   [strat=busy_impatient_closer]
      R15  buy $  6,722.98   sel     $36,000.00   [strat=busy_impatient_closer]
      R16  buy $  4,372.34   sel     $36,000.00   [strat=busy_impatient_closer]
   run 30 done in 8.2 min

   ---> checkpoint: car 5/5 done in 208.4 min; total so far 932.5 min; saved 150 runs to exp01_fixed_busy_impatient_closer.json

=== FINISH exp01_fixed_busy_impatient_closer in 15.54 h (150 runs) -> results\exp01_fixed_busy_impatient_closer.json ===
