=== START exp07_transitionA_rep2 ===
    pid         : 19164
    hostname    : LAPTOP-B4TE0NRA
    state_file  : state\exp07_transitionA_rep2.state.json
    schedule    : twophase__friendly_rapport_builder__to__patient_value_defender@r9
    adaptive    : True  (switches=[9])
    n_rounds    : 16
    n_cars      : 5
    runs/car    : 30
    total runs  : 150  (total calls: 2400)
    model       : deepseek-reasoner  at https://api.deepseek.com
    base_seed   : 20260420
    output      : results\exp07_transitionA_rep2.json

--- CAR 1/5: 2014 Mercedes-Benz S550  (M=$96,000.00  cost=$19,000.00  cost/M=19.79%) ---

   run 1/30 on 2014 Mercedes-Benz S550  seed=20960420
      R 1  buy $ 46,712.59   sel     $57,995.00   [strat=friendly_rapport_builder] *
      R 2  buy $ 54,746.65   sel     $56,500.00   [strat=friendly_rapport_builder]
      R 3  buy $ 49,650.79   sel     $55,000.00   [strat=friendly_rapport_builder]
      R 4  buy $ 40,948.16   sel     $53,500.00   [strat=friendly_rapport_builder]
      R 5  buy $ 28,217.16   sel     $52,000.00   [strat=friendly_rapport_builder]
      R 6  buy $ 16,065.79   sel     $50,000.00   [strat=friendly_rapport_builder]
      R 7  buy $ 15,297.77   sel     $50,000.00   [strat=friendly_rapport_builder]
      R 8  buy $  4,069.46   sel     $50,000.00   [strat=friendly_rapport_builder]
      R 9  buy $ 37,040.28   sel     $48,000.00   [strat=patient_value_defender] *
      R10  buy $ 34,255.82   sel     $45,500.00   [strat=patient_value_defender]
      R11  buy $  3,217.33   sel     $44,000.00   [strat=patient_value_defender]
      R12  buy $ 43,164.08   sel     $43,500.00   [strat=patient_value_defender]
      R13  buy $ 40,518.85   sel     $42,000.00   [strat=patient_value_defender]
      R14  buy $ 38,209.56   sel     $41,500.00   [strat=patient_value_defender]
      R15  buy $ 31,240.90   sel     $40,000.00   [strat=patient_value_defender]
      R16  buy $ 37,399.21   sel     $39,000.00   [strat=patient_value_defender]
   run 1 done in 5.8 min

   run 2/30 on 2014 Mercedes-Benz S550  seed=20960421
      R 1  buy $ 20,091.34   sel     $22,500.00   [strat=friendly_rapport_builder] *
      R 2  buy $  9,947.25   sel     $21,500.00   [strat=friendly_rapport_builder]
      R 3  buy $ 18,661.61   sel     $20,000.00   [strat=friendly_rapport_builder]
      R 4  buy $  7,372.78   sel     $19,500.00   [strat=friendly_rapport_builder]
      R 5  buy $ 18,335.88   sel     $19,200.00   [strat=friendly_rapport_builder]
      R 6  buy $  2,460.53   sel     $19,000.00   [strat=friendly_rapport_builder]
      R 7  buy $  3,698.86   sel     $19,000.00   [strat=friendly_rapport_builder]
      R 8  buy $  6,999.82   sel     $18,900.00   [strat=friendly_rapport_builder]
      R 9  buy $    596.19   sel     $19,200.00   [strat=patient_value_defender] *
      R10  buy $  1,270.30   sel     $19,000.00   [strat=patient_value_defender]
      R11  buy $  2,052.86   sel     $19,500.00   [strat=patient_value_defender]
      R12  buy $  9,649.85   sel     $19,200.00   [strat=patient_value_defender]
      R13  buy $  8,647.02   sel     $19,000.00   [strat=patient_value_defender]
      R14  buy $ 14,328.53   sel     $18,800.00   [strat=patient_value_defender]
      R15  buy $  8,860.71   sel     $18,600.00   [strat=patient_value_defender]
      R16  buy $  5,095.98   sel     $18,600.00   [strat=patient_value_defender]
   run 2 done in 7.1 min

   run 3/30 on 2014 Mercedes-Benz S550  seed=20960422
      R 1  buy $ 74,930.74   sel     $89,995.00   [strat=friendly_rapport_builder] *
      R 2  buy $ 71,943.72   sel     $87,500.00   [strat=friendly_rapport_builder]
      R 3  buy $ 51,110.55   sel     $86,000.00   [strat=friendly_rapport_builder]
      R 4  buy $ 47,842.99   sel     $85,000.00   [strat=friendly_rapport_builder]
      R 5  buy $ 20,769.83   sel     $84,500.00   [strat=friendly_rapport_builder]
      R 6  buy $ 40,564.67   sel     $84,000.00   [strat=friendly_rapport_builder]
      R 7  buy $ 63,711.64   sel     $83,500.00   [strat=friendly_rapport_builder]
      R 8  buy $ 36,148.60   sel     $83,000.00   [strat=friendly_rapport_builder]
      R 9  buy $ 73,948.37   sel     $82,500.00   [strat=patient_value_defender] *
      R10  buy $ 78,463.73   sel     $81,000.00   [strat=patient_value_defender]
      R11  buy $ 31,849.09   sel     $80,000.00   [strat=patient_value_defender]
      R12  buy $ 14,726.37   sel     $79,500.00   [strat=patient_value_defender]
      R13  buy $ 23,749.45   sel     $78,500.00   [strat=patient_value_defender]
      R14  buy $  1,360.40   sel     $78,000.00   [strat=patient_value_defender]
      R15  buy $  6,623.54   sel     $77,500.00   [strat=patient_value_defender]
      R16  buy $ 25,551.17   sel     $77,000.00   [strat=patient_value_defender]
   run 3 done in 7.2 min

   run 4/30 on 2014 Mercedes-Benz S550  seed=20960423
      R 1  buy $  9,153.37   sel     $20,500.00   [strat=friendly_rapport_builder] *
      R 2  buy $ 19,806.00   sel     $20,200.00   [strat=friendly_rapport_builder]
      R 3  buy $ 12,012.07   sel     $19,800.00   [strat=friendly_rapport_builder]
      R 4  buy $  8,303.40   sel     $19,600.00   [strat=friendly_rapport_builder]
      R 5  buy $ 17,858.53   sel     $19,400.00   [strat=friendly_rapport_builder]
      R 6  buy $ 13,575.32   sel     $19,200.00   [strat=friendly_rapport_builder]
      R 7  buy $ 15,549.66   sel     $18,900.00   [strat=friendly_rapport_builder]
      R 8  buy $ 11,851.85   sel     $18,800.00   [strat=friendly_rapport_builder]
      R 9  buy $  4,691.89   sel     $19,000.00   [strat=patient_value_defender] *
      R10  buy $ 17,665.32   sel     $19,000.00   [strat=patient_value_defender]
      R11  buy $  3,802.69   sel     $19,000.00   [strat=patient_value_defender]
      R12  buy $  6,792.87   sel     $19,000.00   [strat=patient_value_defender]
      R13  buy $ 15,831.98   sel     $19,000.00   [strat=patient_value_defender]
      R14  buy $ 15,384.51   sel     $19,000.00   [strat=patient_value_defender]
      R15  buy $  2,007.64   sel     $19,000.00   [strat=patient_value_defender]
      R16  buy $  3,322.23   sel     $19,000.00   [strat=patient_value_defender]
   run 4 done in 7.1 min

   run 5/30 on 2014 Mercedes-Benz S550  seed=20960424
      R 1  buy $ 21,689.98   sel     $23,500.00   [strat=friendly_rapport_builder] *
      R 2  buy $ 18,186.56   sel     $22,000.00   [strat=friendly_rapport_builder]
      R 3  buy $  5,034.22   sel     $21,500.00   [strat=friendly_rapport_builder]
      R 4  buy $  8,482.24   sel     $21,000.00   [strat=friendly_rapport_builder]
      R 5  buy $ 13,834.41   sel     $20,500.00   [strat=friendly_rapport_builder]
      R 6  buy $ 14,157.17   sel     $20,500.00   [strat=friendly_rapport_builder]
      R 7  buy $  4,859.26   sel     $20,000.00   [strat=friendly_rapport_builder]
      R 8  buy $ 18,134.83   sel     $19,500.00   [strat=friendly_rapport_builder]
      R 9  buy $ 18,479.70   sel     $19,200.00   [strat=patient_value_defender] *
      R10  buy $  7,745.61   sel     $19,100.00   [strat=patient_value_defender]
      R11  buy $ 10,887.59   sel     $19,050.00   [strat=patient_value_defender]
      R12  buy $ 12,685.51   sel     $19,025.00   [strat=patient_value_defender]
      R13  buy $  1,986.65   sel     $19,025.00   [strat=patient_value_defender]
      R14  buy $  9,116.87   sel     $19,025.00   [strat=patient_value_defender]
      R15  buy $ 16,809.87   sel     $19,025.00   [strat=patient_value_defender]
      R16  buy $ 13,133.43   sel     $19,025.00   [strat=patient_value_defender]
   run 5 done in 8.1 min

   run 6/30 on 2014 Mercedes-Benz S550  seed=20960425
      R 1  buy $  9,108.81   sel     $29,995.00   [strat=friendly_rapport_builder] *
      R 2  buy $ 28,800.73   sel     $29,500.00   [strat=friendly_rapport_builder]
      R 3  buy $ 11,174.27   sel     $29,000.00   [strat=friendly_rapport_builder]
      R 4  buy $    134.02   sel     $28,500.00   [strat=friendly_rapport_builder]
      R 5  buy $ 28,243.27   sel     $28,400.00   [strat=friendly_rapport_builder]
      R 6  buy $ 21,118.87   sel     $28,000.00   [strat=friendly_rapport_builder]
      R 7  buy $ 17,193.35   sel     $27,500.00   [strat=friendly_rapport_builder]
      R 8  buy $  1,683.57   sel     $27,000.00   [strat=friendly_rapport_builder]
      R 9  buy $ 17,356.42   sel     $26,500.00   [strat=patient_value_defender] *
      R10  buy $ 11,681.86   sel     $25,500.00   [strat=patient_value_defender]
      R11  buy $ 10,696.51   sel     $24,900.00   [strat=patient_value_defender]
      R12  buy $ 11,245.11   sel     $24,900.00   [strat=patient_value_defender]
      R13  buy $ 12,179.53   sel     $23,500.00   [strat=patient_value_defender]
      R14  buy $ 15,316.50   sel     $22,000.00   [strat=patient_value_defender]
      R15  buy $ 11,107.79   sel     $20,000.00   [strat=patient_value_defender]
      R16  buy $    253.90   sel     $20,000.00   [strat=patient_value_defender]
   run 6 done in 7.3 min

   run 7/30 on 2014 Mercedes-Benz S550  seed=20960426
      R 1  buy $ 31,944.56   sel     $41,500.00   [strat=friendly_rapport_builder] *
      R 2  buy $ 28,375.08   sel     $40,000.00   [strat=friendly_rapport_builder]
      R 3  buy $ 35,259.15   sel     $38,500.00   [strat=friendly_rapport_builder]
      R 4  buy $ 38,001.90   sel     $38,250.00   [strat=friendly_rapport_builder]
      R 5  buy $ 34,354.79   sel     $36,500.00   [strat=friendly_rapport_builder]
      R 6  buy $ 23,412.41   sel     $36,000.00   [strat=friendly_rapport_builder]
      R 7  buy $ 23,854.98   sel     $35,500.00   [strat=friendly_rapport_builder]
      R 8  buy $ 17,349.18   sel     $34,900.00   [strat=friendly_rapport_builder]
      R 9  buy $ 15,489.56   sel     $34,000.00   [strat=patient_value_defender] *
      R10  buy $ 30,294.54   sel     $33,500.00   [strat=patient_value_defender]
      R11  buy $ 12,056.41   sel     $33,000.00   [strat=patient_value_defender]
      R12  buy $ 21,417.94   sel     $32,500.00   [strat=patient_value_defender]
      R13  buy $ 22,530.06   sel     $32,000.00   [strat=patient_value_defender]
      R14  buy $ 21,670.76   sel     $31,500.00   [strat=patient_value_defender]
      R15  buy $  9,073.77   sel     $31,000.00   [strat=patient_value_defender]
      R16  buy $    798.01   sel     $30,000.00   [strat=patient_value_defender]
   run 7 done in 6.4 min

   run 8/30 on 2014 Mercedes-Benz S550  seed=20960427
      R 1  buy $ 85,951.78   sel     $92,000.00   [strat=friendly_rapport_builder] *
      R 2  buy $ 23,230.46   sel     $90,000.00   [strat=friendly_rapport_builder]
      R 3  buy $ 77,211.77   sel     $83,500.00   [strat=friendly_rapport_builder]
      R 4  buy $ 40,572.46   sel     $80,000.00   [strat=friendly_rapport_builder]
      R 5  buy $ 35,177.44   sel     $75,000.00   [strat=friendly_rapport_builder]
      R 6  buy $ 74,055.67   sel     $73,500.00   [strat=friendly_rapport_builder]
      R 7  buy $ 36,005.62   sel     $72,000.00   [strat=friendly_rapport_builder]
      R 8  buy $ 17,596.37   sel     $70,500.00   [strat=friendly_rapport_builder]
      R 9  buy $ 60,325.42   sel     $68,000.00   [strat=patient_value_defender] *
      R10  buy $    168.46   sel     $66,500.00   [strat=patient_value_defender]
      R11  buy $ 33,879.31   sel     $64,000.00   [strat=patient_value_defender]
      R12  buy $ 28,713.90   sel     $62,000.00   [strat=patient_value_defender]
      R13  buy $ 56,940.03   sel     $60,000.00   [strat=patient_value_defender]
      R14  buy $ 51,304.91   sel     $57,500.00   [strat=patient_value_defender]
      R15  buy $ 48,246.89   sel     $55,000.00   [strat=patient_value_defender]
      R16  buy $ 40,284.21   sel     $52,000.00   [strat=patient_value_defender]
   run 8 done in 6.7 min

   run 9/30 on 2014 Mercedes-Benz S550  seed=20960428
      R 1  buy $ 13,838.32   sel     $23,998.00   [strat=friendly_rapport_builder] *
      R 2  buy $  4,131.54   sel     $22,500.00   [strat=friendly_rapport_builder]
      R 3  buy $ 13,708.79   sel     $21,500.00   [strat=friendly_rapport_builder]
      R 4  buy $  8,401.52   sel     $20,500.00   [strat=friendly_rapport_builder]
      R 5  buy $ 17,837.37   sel     $19,999.00   [strat=friendly_rapport_builder]
      R 6  buy $  5,919.73   sel     $19,500.00   [strat=friendly_rapport_builder]
      R 7  buy $  4,819.71   sel     $19,300.00   [strat=friendly_rapport_builder]
      R 8  buy $  1,230.59   sel     $19,100.00   [strat=friendly_rapport_builder]
      R 9  buy $  3,781.93   sel     $18,900.00   [strat=patient_value_defender] *
      R10  buy $ 17,192.34   sel     $18,800.00   [strat=patient_value_defender]
      R11  buy $    118.53   sel     $18,700.00   [strat=patient_value_defender]
      R12  buy $  4,884.69   sel     $18,600.00   [strat=patient_value_defender]
      R13  buy $  5,884.25   sel     $18,500.00   [strat=patient_value_defender]
      R14  buy $  8,611.87   sel     $19,500.00   [strat=patient_value_defender]
      R15  buy $  3,827.52   sel     $18,900.00   [strat=patient_value_defender]
      R16  buy $ 16,451.28   sel     $19,200.00   [strat=patient_value_defender]
   run 9 done in 9.2 min

   run 10/30 on 2014 Mercedes-Benz S550  seed=20960429
      R 1  buy $ 86,398.58   sel     $94,000.00   [strat=friendly_rapport_builder] *
      R 2  buy $ 51,621.74   sel     $92,500.00   [strat=friendly_rapport_builder]
      R 3  buy $ 27,508.37   sel     $92,500.00   [strat=friendly_rapport_builder]
      R 4  buy $ 71,561.26   sel     $89,000.00   [strat=friendly_rapport_builder]
      R 5  buy $ 43,468.84   sel     $87,000.00   [strat=friendly_rapport_builder]
      R 6  buy $  9,065.11   sel     $82,500.00   [strat=friendly_rapport_builder]
      R 7  buy $ 61,244.59   sel     $78,000.00   [strat=friendly_rapport_builder]
      R 8  buy $ 18,531.95   sel     $77,000.00   [strat=friendly_rapport_builder]
      R 9  buy $ 12,377.12   sel     $76,500.00   [strat=patient_value_defender] *
      R10  buy $ 72,593.78   sel     $74,500.00   [strat=patient_value_defender]
      R11  buy $ 67,105.26   sel     $73,000.00   [strat=patient_value_defender]
      R12  buy $ 18,873.69   sel     $73,000.00   [strat=patient_value_defender]
      R13  buy $ 24,029.26   sel     $73,000.00   [strat=patient_value_defender]
      R14  buy $ 46,725.18   sel     $72,000.00   [strat=patient_value_defender]
      R15  buy $ 27,214.26   sel     $70,000.00   [strat=patient_value_defender]
      R16  buy $ 38,062.35   sel     $68,500.00   [strat=patient_value_defender]
   run 10 done in 6.8 min

   run 11/30 on 2014 Mercedes-Benz S550  seed=20960430
      R 1  buy $ 59,926.02   sel     $74,995.00   [strat=friendly_rapport_builder] *
      R 2  buy $  8,762.97   sel     $69,500.00   [strat=friendly_rapport_builder]
      R 3  buy $ 58,611.16   sel     $64,900.00   [strat=friendly_rapport_builder]
      R 4  buy $ 53,616.20   sel     $62,500.00   [strat=friendly_rapport_builder]
      R 5  buy $ 60,785.03   sel     $61,500.00   [strat=friendly_rapport_builder]
      R 6  buy $ 32,734.83   sel     $60,000.00   [strat=friendly_rapport_builder]
      R 7  buy $ 56,706.31   sel     $59,500.00   [strat=friendly_rapport_builder]
      R 8  buy $ 49,858.62   sel     $59,000.00   [strat=friendly_rapport_builder]
      R 9  buy $  9,147.68   sel     $58,500.00   [strat=patient_value_defender] *
      R10  buy $ 37,405.82   sel     $57,500.00   [strat=patient_value_defender]
      R11  buy $  8,809.65   sel     $57,000.00   [strat=patient_value_defender]
      R12  buy $ 34,460.09   sel     $56,500.00   [strat=patient_value_defender]
      R13  buy $ 52,846.41   sel     $56,500.00   [strat=patient_value_defender]
      R14  buy $  5,768.16   sel     $56,500.00   [strat=patient_value_defender]
      R15  buy $ 13,347.97   sel     $56,500.00   [strat=patient_value_defender]
      R16  buy $ 25,330.08   sel     $56,000.00   [strat=patient_value_defender]
   run 11 done in 7.1 min

   run 12/30 on 2014 Mercedes-Benz S550  seed=20960431
      R 1  buy $ 12,150.86   sel     $22,500.00   [strat=friendly_rapport_builder] *
      R 2  buy $ 12,606.37   sel     $21,500.00   [strat=friendly_rapport_builder]
      R 3  buy $ 17,209.98   sel     $20,500.00   [strat=friendly_rapport_builder]
      R 4  buy $ 14,409.48   sel     $19,999.00   [strat=friendly_rapport_builder]
      R 5  buy $  7,253.04   sel     $19,999.00   [strat=friendly_rapport_builder]
      R 6  buy $    774.28   sel     $19,999.00   [strat=friendly_rapport_builder]
      R 7  buy $ 19,006.74   sel     $19,500.00   [strat=friendly_rapport_builder]
      R 8  buy $    561.04   sel     $19,500.00   [strat=friendly_rapport_builder]
      R 9  buy $  6,144.41   sel     $19,500.00   [strat=patient_value_defender] *
      R10  buy $  4,166.03   sel     $19,500.00   [strat=patient_value_defender]
      R11  buy $  7,229.32   sel     $19,500.00   [strat=patient_value_defender]
      R12  buy $ 13,777.92   sel     $19,250.00   [strat=patient_value_defender]
      R13  buy $  1,075.41   sel     $19,100.00   [strat=patient_value_defender]
      R14  buy $ 16,119.84   sel     $18,750.00   [strat=patient_value_defender]
      R15  buy $  5,188.17   sel     $18,500.00   [strat=patient_value_defender]
      R16  buy $  4,428.99   sel     $18,250.00   [strat=patient_value_defender]
   run 12 done in 6.1 min

   run 13/30 on 2014 Mercedes-Benz S550  seed=20960432
      R 1  buy $ 59,406.69   sel     $65,000.00   [strat=friendly_rapport_builder] *
      R 2  buy $ 49,387.98   sel     $64,000.00   [strat=friendly_rapport_builder]
      R 3  buy $ 27,053.50   sel     $63,500.00   [strat=friendly_rapport_builder]
      R 4  buy $ 12,155.61   sel     $63,000.00   [strat=friendly_rapport_builder]
      R 5  buy $  3,903.44   sel     $62,500.00   [strat=friendly_rapport_builder]
      R 6  buy $ 41,625.24   sel     $62,000.00   [strat=friendly_rapport_builder]
      R 7  buy $ 58,209.39   sel     $61,500.00   [strat=friendly_rapport_builder]
      R 8  buy $ 15,066.95   sel     $61,000.00   [strat=friendly_rapport_builder]
      R 9  buy $ 31,054.70   sel     $60,500.00   [strat=patient_value_defender] *
      R10  buy $ 42,755.94   sel     $60,000.00   [strat=patient_value_defender]
      R11  buy $ 44,522.07   sel     $59,500.00   [strat=patient_value_defender]
      R12  buy $ 14,881.82   sel     $59,000.00   [strat=patient_value_defender]
      R13  buy $ 29,284.52   sel     $58,500.00   [strat=patient_value_defender]
      R14  buy $ 44,909.54   sel     $57,500.00   [strat=patient_value_defender]
      R15  buy $ 44,281.19   sel     $57,000.00   [strat=patient_value_defender]
      R16  buy $ 55,982.37   sel     $56,500.00   [strat=patient_value_defender]
   run 13 done in 8.2 min

   run 14/30 on 2014 Mercedes-Benz S550  seed=20960433
      R 1  buy $ 32,164.86   sel     $34,000.00   [strat=friendly_rapport_builder] *
      R 2  buy $ 16,784.95   sel     $33,500.00   [strat=friendly_rapport_builder]
      R 3  buy $ 33,313.25   sel     $33,313.25   [strat=friendly_rapport_builder]
      R 4  buy $ 18,085.40   sel     $32,500.00   [strat=friendly_rapport_builder]
      R 5  buy $  4,621.81   sel     $31,500.00   [strat=friendly_rapport_builder]
      R 6  buy $ 12,232.13   sel     $30,000.00   [strat=friendly_rapport_builder]
      R 7  buy $ 21,069.04   sel     $28,500.00   [strat=friendly_rapport_builder]
      R 8  buy $  9,690.18   sel     $26,500.00   [strat=friendly_rapport_builder]
      R 9  buy $ 23,436.28   sel     $25,000.00   [strat=patient_value_defender] *
      R10  buy $ 14,341.89   sel     $24,500.00   [strat=patient_value_defender]
      R11  buy $ 20,348.32   sel     $24,000.00   [strat=patient_value_defender]
      R12  buy $  8,817.45   sel     $23,500.00   [strat=patient_value_defender]
      R13  buy $ 19,132.06   sel     $23,000.00   [strat=patient_value_defender]
      R14  buy $ 17,610.30   sel     $22,000.00   [strat=patient_value_defender]
      R15  buy $  8,036.87   sel     $21,500.00   [strat=patient_value_defender]
      R16  buy $  6,154.86   sel     $20,000.00   [strat=patient_value_defender]
   run 14 done in 7.2 min

   run 15/30 on 2014 Mercedes-Benz S550  seed=20960434
      R 1  buy $ 53,771.51   sel     $69,950.00   [strat=friendly_rapport_builder] *
      R 2  buy $ 68,785.12   sel     $69,500.00   [strat=friendly_rapport_builder]
      R 3  buy $ 59,280.81   sel     $67,900.00   [strat=friendly_rapport_builder]
      R 4  buy $ 12,765.66   sel     $67,500.00   [strat=friendly_rapport_builder]
      R 5  buy $ 15,026.83   sel     $66,000.00   [strat=friendly_rapport_builder]
      R 6  buy $ 21,848.29   sel     $65,000.00   [strat=friendly_rapport_builder]
      R 7  buy $ 49,499.55   sel     $64,500.00   [strat=friendly_rapport_builder]
      R 8  buy $ 35,883.18   sel     $63,000.00   [strat=friendly_rapport_builder]
      R 9  buy $ 23,432.88   sel     $62,000.00   [strat=patient_value_defender] *
      R10  buy $ 12,811.89   sel     $62,000.00   [strat=patient_value_defender]
      R11  buy $ 26,231.03   sel     $61,000.00   [strat=patient_value_defender]
      R12  buy $ 40,063.15   sel     $59,000.00   [strat=patient_value_defender]
      R13  buy $ 27,232.39   sel     $57,500.00   [strat=patient_value_defender]
      R14  buy $ 24,078.30   sel     $56,000.00   [strat=patient_value_defender]
      R15  buy $ 33,875.85   sel     $55,000.00   [strat=patient_value_defender]
      R16  buy $ 28,790.49   sel     $54,000.00   [strat=patient_value_defender]
   run 15 done in 6.4 min

   run 16/30 on 2014 Mercedes-Benz S550  seed=20960435
      R 1  buy $ 36,198.29   sel     $39,998.00   [strat=friendly_rapport_builder] *
      R 2  buy $ 15,801.66   sel     $39,500.00   [strat=friendly_rapport_builder]
      R 3  buy $  3,289.77   sel     $39,000.00   [strat=friendly_rapport_builder]
      R 4  buy $ 10,386.62   sel     $38,000.00   [strat=friendly_rapport_builder]
      R 5  buy $ 35,780.27   sel     $36,900.00   [strat=friendly_rapport_builder]
      R 6  buy $ 30,409.16   sel     $36,500.00   [strat=friendly_rapport_builder]
      R 7  buy $ 33,820.57   sel     $36,000.00   [strat=friendly_rapport_builder]
      R 8  buy $  7,310.76   sel     $35,500.00   [strat=friendly_rapport_builder]
      R 9  buy $ 27,972.19   sel     $35,000.00   [strat=patient_value_defender] *
      R10  buy $ 11,537.08   sel     $34,500.00   [strat=patient_value_defender]
      R11  buy $    399.59   sel     $34,000.00   [strat=patient_value_defender]
      R12  buy $ 19,285.03   sel     $33,500.00   [strat=patient_value_defender]
      R13  buy $  5,759.57   sel     $32,000.00   [strat=patient_value_defender]
      R14  buy $ 13,107.29   sel     $31,500.00   [strat=patient_value_defender]
      R15  buy $  5,351.47   sel     $30,000.00   [strat=patient_value_defender]
      R16  buy $ 19,011.53   sel     $24,500.00   [strat=patient_value_defender]
   run 16 done in 5.7 min

   run 17/30 on 2014 Mercedes-Benz S550  seed=20960436
      R 1  buy $ 90,948.28   sel     $94,500.00   [strat=friendly_rapport_builder] *
      R 2  buy $ 43,315.94   sel     $92,500.00   [strat=friendly_rapport_builder]
      R 3  buy $ 67,509.40   sel     $91,500.00   [strat=friendly_rapport_builder]
      R 4  buy $ 62,067.59   sel     $90,500.00   [strat=friendly_rapport_builder]
      R 5  buy $ 71,441.56   sel     $89,000.00   [strat=friendly_rapport_builder]
      R 6  buy $ 39,408.86   sel     $88,000.00   [strat=friendly_rapport_builder]
      R 7  buy $ 79,226.38   sel     $87,000.00   [strat=friendly_rapport_builder]
      R 8  buy $ 64,494.92   sel     $86,000.00   [strat=friendly_rapport_builder]
      R 9  buy $ 55,198.18   sel     $85,500.00   [strat=patient_value_defender] *
      R10  buy $ 29,053.35   sel     $85,000.00   [strat=patient_value_defender]
      R11  buy $ 23,644.08   sel     $85,000.00   [strat=patient_value_defender]
      R12  buy $ 14,788.82   sel     $85,000.00   [strat=patient_value_defender]
      R13  buy $ 55,031.08   sel     $84,500.00   [strat=patient_value_defender]
      R14  buy $  2,838.78   sel     $84,000.00   [strat=patient_value_defender]
      R15  buy $ 56,592.90   sel     $83,000.00   [strat=patient_value_defender]
      R16  buy $ 40,869.91   sel     $82,000.00   [strat=patient_value_defender]
   run 17 done in 7.5 min

   run 18/30 on 2014 Mercedes-Benz S550  seed=20960437
      R 1  buy $ 30,209.79   sel     $34,995.00   [strat=friendly_rapport_builder] *
      R 2  buy $ 21,953.03   sel     $31,995.00   [strat=friendly_rapport_builder]
      R 3  buy $ 31,402.80   sel     $31,700.00   [strat=friendly_rapport_builder]
      R 4  buy $    123.86   sel     $31,700.00   [strat=friendly_rapport_builder]
      R 5  buy $ 30,521.59   sel     $31,200.00   [strat=friendly_rapport_builder]
      R 6  buy $ 25,230.76   sel     $30,500.00   [strat=friendly_rapport_builder]
      R 7  buy $ 27,822.12   sel     $29,995.00   [strat=friendly_rapport_builder]
      R 8  buy $  4,126.58   sel     $29,995.00   [strat=friendly_rapport_builder]
      R 9  buy $ 17,106.13   sel     $28,995.00   [strat=patient_value_defender] *
      R10  buy $ 19,376.99   sel     $25,995.00   [strat=patient_value_defender]
      R11  buy $ 18,933.17   sel     $24,500.00   [strat=patient_value_defender]
      R12  buy $ 19,799.62   sel     $22,995.00   [strat=patient_value_defender]
      R13  buy $  1,979.76   sel     $21,500.00   [strat=patient_value_defender]
      R14  buy $ 17,285.19   sel     $20,995.00   [strat=patient_value_defender]
      R15  buy $  5,721.70   sel     $20,995.00   [strat=patient_value_defender]
      R16  buy $ 18,200.84   sel     $20,500.00   [strat=patient_value_defender]
   run 18 done in 6.3 min

   run 19/30 on 2014 Mercedes-Benz S550  seed=20960438
      R 1  buy $  2,155.27   sel     $30,000.00   [strat=friendly_rapport_builder] *
      R 2  buy $ 15,953.25   sel     $24,995.00   [strat=friendly_rapport_builder]
      R 3  buy $ 18,323.56   sel     $22,500.00   [strat=friendly_rapport_builder]
      R 4  buy $  7,030.58   sel     $21,500.00   [strat=friendly_rapport_builder]
      R 5  buy $ 19,070.76   sel     $20,000.00   [strat=friendly_rapport_builder]
      R 6  buy $  8,903.13   sel     $20,000.00   [strat=friendly_rapport_builder]
      R 7  buy $ 18,276.02   sel     $19,500.00   [strat=friendly_rapport_builder]
      R 8  buy $ 16,911.06   sel     $19,250.00   [strat=friendly_rapport_builder]
      R 9  buy $ 10,117.95   sel     $19,000.00   [strat=patient_value_defender] *
      R10  buy $  3,673.31   sel     $19,000.00   [strat=patient_value_defender]
      R11  buy $ 10,639.19   sel     $19,000.00   [strat=patient_value_defender]
      R12  buy $  1,406.16   sel     $19,000.00   [strat=patient_value_defender]
      R13  buy $  1,023.07   sel     $19,000.00   [strat=patient_value_defender]
      R14  buy $  4,227.56   sel     $19,000.00   [strat=patient_value_defender]
      R15  buy $ 13,841.61   sel     $19,000.00   [strat=patient_value_defender]
      R16  buy $  4,449.36   sel     $19,000.00   [strat=patient_value_defender]
   run 19 done in 5.2 min

   run 20/30 on 2014 Mercedes-Benz S550  seed=20960439
      R 1  buy $  5,597.85   sel     $35,000.00   [strat=friendly_rapport_builder] *
      R 2  buy $ 17,881.29   sel     $28,500.00   [strat=friendly_rapport_builder]
      R 3  buy $ 11,376.77   sel     $26,500.00   [strat=friendly_rapport_builder]
      R 4  buy $ 24,739.66   sel     $26,000.00   [strat=friendly_rapport_builder]
      R 5  buy $  2,283.93   sel     $25,500.00   [strat=friendly_rapport_builder]
      R 6  buy $  5,768.63   sel     $25,500.00   [strat=friendly_rapport_builder]
      R 7  buy $  6,757.27   sel     $25,500.00   [strat=friendly_rapport_builder]
      R 8  buy $ 15,675.86   sel     $25,000.00   [strat=friendly_rapport_builder]
      R 9  buy $ 16,569.67   sel     $25,000.00   [strat=patient_value_defender] *
      R10  buy $ 18,970.75   sel     $24,500.00   [strat=patient_value_defender]
      R11  buy $ 20,934.50   sel     $24,000.00   [strat=patient_value_defender]
      R12  buy $  1,327.82   sel     $24,000.00   [strat=patient_value_defender]
      R13  buy $ 20,183.22   sel     $22,000.00   [strat=patient_value_defender]
      R14  buy $ 11,939.86   sel     $21,500.00   [strat=patient_value_defender]
      R15  buy $  1,461.73   sel     $21,000.00   [strat=patient_value_defender]
      R16  buy $  9,830.38   sel     $20,500.00   [strat=patient_value_defender]
   run 20 done in 6.0 min

   run 21/30 on 2014 Mercedes-Benz S550  seed=20960440
      R 1  buy $ 30,965.34   sel     $34,995.00   [strat=friendly_rapport_builder] *
      R 2  buy $ 23,731.34   sel     $32,500.00   [strat=friendly_rapport_builder]
      R 3  buy $  3,351.21   sel     $31,500.00   [strat=friendly_rapport_builder]
      R 4  buy $  7,238.73   sel     $30,500.00   [strat=friendly_rapport_builder]
      R 5  buy $ 29,492.83   sel     $30,000.00   [strat=friendly_rapport_builder]
      R 6  buy $    862.40   sel     $29,000.00   [strat=friendly_rapport_builder]
      R 7  buy $ 20,529.24   sel     $28,000.00   [strat=friendly_rapport_builder]
      R 8  buy $ 14,252.39   sel     $26,500.00   [strat=friendly_rapport_builder]
      R 9  buy $ 26,451.43   sel     $26,451.43   [strat=patient_value_defender] *
      R10  buy $  3,630.09   sel     $25,500.00   [strat=patient_value_defender]
      R11  buy $ 23,149.16   sel     $24,500.00   [strat=patient_value_defender]
      R12  buy $ 17,041.00   sel     $24,000.00   [strat=patient_value_defender]
      R13  buy $  6,973.78   sel     $23,500.00   [strat=patient_value_defender]
      R14  buy $ 17,725.94   sel     $22,500.00   [strat=patient_value_defender]
      R15  buy $ 22,097.27   sel     $22,097.27   [strat=patient_value_defender]
      R16  buy $  4,947.40   sel     $21,500.00   [strat=patient_value_defender]
   run 21 done in 5.0 min

   run 22/30 on 2014 Mercedes-Benz S550  seed=20960441
      R 1  buy $ 80,379.52   sel     $95,500.00   [strat=friendly_rapport_builder] *
      R 2  buy $ 12,383.83   sel     $94,000.00   [strat=friendly_rapport_builder]
      R 3  buy $ 34,275.01   sel     $92,500.00   [strat=friendly_rapport_builder]
      R 4  buy $ 71,715.20   sel     $89,500.00   [strat=friendly_rapport_builder]
      R 5  buy $ 25,684.73   sel     $87,000.00   [strat=friendly_rapport_builder]
      R 6  buy $ 11,926.27   sel     $87,000.00   [strat=friendly_rapport_builder]
      R 7  buy $ 76,504.09   sel     $85,000.00   [strat=friendly_rapport_builder]
      R 8  buy $ 18,058.08   sel     $84,000.00   [strat=friendly_rapport_builder]
      R 9  buy $ 67,161.71   sel     $83,000.00   [strat=patient_value_defender] *
      R10  buy $ 80,824.98   sel     $82,000.00   [strat=patient_value_defender]
      R11  buy $ 71,065.53   sel     $81,500.00   [strat=patient_value_defender]
      R12  buy $ 22,825.22   sel     $81,500.00   [strat=patient_value_defender]
      R13  buy $ 37,391.83   sel     $81,500.00   [strat=patient_value_defender]
      R14  buy $ 47,695.07   sel     $81,500.00   [strat=patient_value_defender]
      R15  buy $ 43,611.85   sel     $81,500.00   [strat=patient_value_defender]
      R16  buy $  8,761.77   sel     $81,500.00   [strat=patient_value_defender]
   run 22 done in 5.9 min

   run 23/30 on 2014 Mercedes-Benz S550  seed=20960442
      R 1  buy $ 51,227.04   sel     $58,500.00   [strat=friendly_rapport_builder] *
      R 2  buy $ 50,223.90   sel     $57,000.00   [strat=friendly_rapport_builder]
      R 3  buy $ 15,579.95   sel     $56,000.00   [strat=friendly_rapport_builder]
      R 4  buy $ 54,797.15   sel     $55,500.00   [strat=friendly_rapport_builder]
      R 5  buy $ 54,271.11   sel     $54,900.00   [strat=friendly_rapport_builder]
      R 6  buy $ 32,800.01   sel     $54,000.00   [strat=friendly_rapport_builder]
      R 7  buy $ 52,106.83   sel     $53,500.00   [strat=friendly_rapport_builder]
      R 8  buy $ 36,311.70   sel     $53,000.00   [strat=friendly_rapport_builder]
      R 9  buy $ 46,614.76   sel     $52,000.00   [strat=patient_value_defender] *
      R10  buy $ 35,658.92   sel     $51,000.00   [strat=patient_value_defender]
      R11  buy $ 48,452.34   sel     $50,000.00   [strat=patient_value_defender]
      R12  buy $ 13,009.18   sel     $49,500.00   [strat=patient_value_defender]
      R13  buy $ 31,411.23   sel     $49,000.00   [strat=patient_value_defender]
      R14  buy $ 25,737.76   sel     $48,000.00   [strat=patient_value_defender]
      R15  buy $ 31,487.65   sel     $47,500.00   [strat=patient_value_defender]
      R16  buy $ 24,303.93   sel     $47,000.00   [strat=patient_value_defender]
   run 23 done in 5.7 min

   run 24/30 on 2014 Mercedes-Benz S550  seed=20960443
      R 1  buy $ 25,347.16   sel     $27,500.00   [strat=friendly_rapport_builder] *
      R 2  buy $  7,343.18   sel     $24,500.00   [strat=friendly_rapport_builder]
      R 3  buy $ 16,011.65   sel     $22,500.00   [strat=friendly_rapport_builder]
      R 4  buy $  3,698.20   sel     $22,000.00   [strat=friendly_rapport_builder]
      R 5  buy $  9,822.45   sel     $21,500.00   [strat=friendly_rapport_builder]
      R 6  buy $ 15,298.62   sel     $21,000.00   [strat=friendly_rapport_builder]
      R 7  buy $ 20,438.36   sel     $20,700.00   [strat=friendly_rapport_builder]
      R 8  buy $    390.54   sel     $19,500.00   [strat=friendly_rapport_builder]
      R 9  buy $ 12,310.98   sel     $19,250.00   [strat=patient_value_defender] *
      R10  buy $  6,220.27   sel     $19,200.00   [strat=patient_value_defender]
      R11  buy $ 12,395.40   sel     $19,100.00   [strat=patient_value_defender]
      R12  buy $ 13,272.81   sel     $19,100.00   [strat=patient_value_defender]
      R13  buy $  3,701.64   sel     $19,000.00   [strat=patient_value_defender]
      R14  buy $  8,218.67   sel     $19,000.00   [strat=patient_value_defender]
      R15  buy $  6,611.95   sel     $18,900.00   [strat=patient_value_defender]
      R16  buy $  7,625.55   sel     $19,000.00   [strat=patient_value_defender]
   run 24 done in 5.3 min

   run 25/30 on 2014 Mercedes-Benz S550  seed=20960444
      R 1  buy $ 70,632.04   sel     $85,500.00   [strat=friendly_rapport_builder] *
      R 2  buy $ 59,880.71   sel     $79,900.00   [strat=friendly_rapport_builder]
      R 3  buy $  8,467.73   sel     $79,900.00   [strat=friendly_rapport_builder]
      R 4  buy $ 24,645.88   sel     $74,900.00   [strat=friendly_rapport_builder]
      R 5  buy $ 33,406.57   sel     $69,900.00   [strat=friendly_rapport_builder]
      R 6  buy $ 56,976.08   sel     $65,000.00   [strat=friendly_rapport_builder]
      R 7  buy $ 64,155.16   sel     $64,500.00   [strat=friendly_rapport_builder]
      R 8  buy $ 46,337.56   sel     $63,000.00   [strat=friendly_rapport_builder]
      R 9  buy $ 33,056.68   sel     $62,000.00   [strat=patient_value_defender] *
      R10  buy $ 43,754.81   sel     $60,000.00   [strat=patient_value_defender]
      R11  buy $ 42,642.86   sel     $59,000.00   [strat=patient_value_defender]
      R12  buy $ 40,691.81   sel     $57,000.00   [strat=patient_value_defender]
      R13  buy $ 40,986.06   sel     $56,000.00   [strat=patient_value_defender]
      R14  buy $ 18,263.02   sel     $55,000.00   [strat=patient_value_defender]
      R15  buy $ 36,544.83   sel     $52,000.00   [strat=patient_value_defender]
      R16  buy $ 42,907.17   sel     $50,000.00   [strat=patient_value_defender]
   run 25 done in 6.6 min

   run 26/30 on 2014 Mercedes-Benz S550  seed=20960445
      R 1  buy $ 35,277.83   sel     $37,999.00   [strat=friendly_rapport_builder] *
      R 2  buy $  2,169.26   sel     $37,500.00   [strat=friendly_rapport_builder]
      R 3  buy $ 12,091.40   sel     $36,500.00   [strat=friendly_rapport_builder]
      R 4  buy $ 28,272.75   sel     $35,500.00   [strat=friendly_rapport_builder]
      R 5  buy $ 32,114.36   sel     $34,750.00   [strat=friendly_rapport_builder]
      R 6  buy $ 14,347.55   sel     $34,250.00   [strat=friendly_rapport_builder]
      R 7  buy $ 31,288.75   sel     $33,500.00   [strat=friendly_rapport_builder]
      R 8  buy $ 13,661.16   sel     $33,000.00   [strat=friendly_rapport_builder]
      R 9  buy $ 17,831.80   sel     $32,500.00   [strat=patient_value_defender] *
      R10  buy $ 30,836.01   sel     $31,500.00   [strat=patient_value_defender]
      R11  buy $ 24,650.03   sel     $32,000.00   [strat=patient_value_defender]
      R12  buy $ 21,585.88   sel     $31,750.00   [strat=patient_value_defender]
      R13  buy $ 27,100.23   sel     $31,000.00   [strat=patient_value_defender]
      R14  buy $ 16,583.13   sel     $30,000.00   [strat=patient_value_defender]
      R15  buy $  8,469.24   sel     $30,000.00   [strat=patient_value_defender]
      R16  buy $ 19,151.88   sel     $29,500.00   [strat=patient_value_defender]
   run 26 done in 5.8 min

   run 27/30 on 2014 Mercedes-Benz S550  seed=20960446
      R 1  buy $ 16,732.00   sel     $21,500.00   [strat=friendly_rapport_builder] *
      R 2  buy $ 12,616.27   sel     $20,500.00   [strat=friendly_rapport_builder]
      R 3  buy $  8,959.45   sel     $20,500.00   [strat=friendly_rapport_builder]
      R 4  buy $ 18,112.06   sel     $19,900.00   [strat=friendly_rapport_builder]
      R 5  buy $ 10,889.82   sel     $19,500.00   [strat=friendly_rapport_builder]
      R 6  buy $ 10,612.37   sel     $19,500.00   [strat=friendly_rapport_builder]
      R 7  buy $ 17,465.65   sel     $19,250.00   [strat=friendly_rapport_builder]
      R 8  buy $  3,029.77   sel     $19,250.00   [strat=friendly_rapport_builder]
      R 9  buy $ 16,706.84   sel     $19,100.00   [strat=patient_value_defender] *
      R10  buy $ 18,976.38   sel     $19,050.00   [strat=patient_value_defender]
      R11  buy $ 15,186.43   sel     $19,025.00   [strat=patient_value_defender]
      R12  buy $  1,691.02   sel     $19,025.00   [strat=patient_value_defender]
      R13  buy $ 11,502.56   sel     $19,015.00   [strat=patient_value_defender]
      R14  buy $ 11,607.15   sel     $19,015.00   [strat=patient_value_defender]
      R15  buy $  6,288.39   sel     $19,015.00   [strat=patient_value_defender]
      R16  buy $ 16,747.00   sel     $19,000.00   [strat=patient_value_defender]
   run 27 done in 6.8 min

   run 28/30 on 2014 Mercedes-Benz S550  seed=20960447
      R 1  buy $ 80,044.74   sel     $94,500.00   [strat=friendly_rapport_builder] *
      R 2  buy $  4,308.44   sel     $92,000.00   [strat=friendly_rapport_builder]
      R 3  buy $ 81,981.26   sel     $89,500.00   [strat=friendly_rapport_builder]
      R 4  buy $  5,801.23   sel     $88,000.00   [strat=friendly_rapport_builder]
      R 5  buy $ 47,491.51   sel     $87,000.00   [strat=friendly_rapport_builder]
      R 6  buy $ 34,145.72   sel     $86,000.00   [strat=friendly_rapport_builder]
      R 7  buy $  3,317.86   sel     $85,000.00   [strat=friendly_rapport_builder]
      R 8  buy $ 49,293.71   sel     $84,500.00   [strat=friendly_rapport_builder]
      R 9  buy $ 52,240.05   sel     $83,500.00   [strat=patient_value_defender] *
      R10  buy $ 18,145.98   sel     $82,500.00   [strat=patient_value_defender]
      R11  buy $ 33,786.12   sel     $81,500.00   [strat=patient_value_defender]
      R12  buy $ 64,769.75   sel     $80,000.00   [strat=patient_value_defender]
      R13  buy $ 31,576.94   sel     $79,500.00   [strat=patient_value_defender]
      R14  buy $ 42,437.27   sel     $78,000.00   [strat=patient_value_defender]
      R15  buy $ 68,631.92   sel     $77,000.00   [strat=patient_value_defender]
      R16  buy $ 65,716.39   sel     $75,500.00   [strat=patient_value_defender]
   run 28 done in 5.7 min

   run 29/30 on 2014 Mercedes-Benz S550  seed=20960448
      R 1  buy $ 42,616.25   sel     $45,000.00   [strat=friendly_rapport_builder] *
      R 2  buy $ 25,321.11   sel     $44,500.00   [strat=friendly_rapport_builder]
      R 3  buy $ 10,217.72   sel     $43,000.00   [strat=friendly_rapport_builder]
      R 4  buy $ 34,854.92   sel     $41,000.00   [strat=friendly_rapport_builder]
      R 5  buy $ 23,534.01   sel     $40,000.00   [strat=friendly_rapport_builder]
      R 6  buy $  3,856.83   sel     $39,500.00   [strat=friendly_rapport_builder]
      R 7  buy $ 36,217.18   sel     $38,000.00   [strat=friendly_rapport_builder]
      R 8  buy $ 15,715.34   sel     $37,500.00   [strat=friendly_rapport_builder]
      R 9  buy $ 17,233.50   sel     $37,000.00   [strat=patient_value_defender] *
      R10  buy $  8,988.60   sel     $36,500.00   [strat=patient_value_defender]
      R11  buy $  7,085.22   sel     $36,500.00   [strat=patient_value_defender]
      R12  buy $ 19,182.68   sel     $36,000.00   [strat=patient_value_defender]
      R13  buy $ 34,870.89   sel     $35,500.00   [strat=patient_value_defender]
      R14  buy $ 19,199.51   sel     $35,000.00   [strat=patient_value_defender]
      R15  buy $  7,378.37   sel     $34,500.00   [strat=patient_value_defender]
      R16  buy $  8,795.99   sel     $34,500.00   [strat=patient_value_defender]
   run 29 done in 5.7 min

   run 30/30 on 2014 Mercedes-Benz S550  seed=20960449
      R 1  buy $ 81,389.41   sel     $94,500.00   [strat=friendly_rapport_builder] *
      R 2  buy $ 44,305.82   sel     $94,000.00   [strat=friendly_rapport_builder]
      R 3  buy $ 19,488.18   sel     $19,488.18   [strat=friendly_rapport_builder]
      R 4  buy $ 14,803.26   sel     $19,488.18   [strat=friendly_rapport_builder]
      R 5  buy $  4,301.44   sel     $19,488.18   [strat=friendly_rapport_builder]
      R 6  buy $ 19,191.67   sel     $19,488.18   [strat=friendly_rapport_builder]
      R 7  buy $  5,529.23   sel     $19,488.18   [strat=friendly_rapport_builder]
      R 8  buy $  1,229.26   sel     $19,488.18   [strat=friendly_rapport_builder]
      R 9  buy $    452.23   sel     $19,488.18   [strat=patient_value_defender] *
      R10  buy $  1,459.18   sel     $19,488.18   [strat=patient_value_defender]
      R11  buy $ 18,742.71   sel     $19,488.18   [strat=patient_value_defender]
      R12  buy $  2,141.70   sel     $19,488.18   [strat=patient_value_defender]
      R13  buy $ 16,322.71   sel     $19,488.18   [strat=patient_value_defender]
      R14  buy $  7,835.02   sel     $19,488.18   [strat=patient_value_defender]
      R15  buy $  9,967.55   sel     $19,488.18   [strat=patient_value_defender]
      R16  buy $  8,979.37   sel     $19,488.18   [strat=patient_value_defender]
   run 30 done in 5.2 min

   ---> checkpoint: car 1/5 done in 195.1 min; total so far 195.1 min; saved 30 runs to exp07_transitionA_rep2.json

--- CAR 2/5: 2016 Cadillac CTS 3.6 Luxury  (M=$45,000.00  cost=$15,750.00  cost/M=35.00%) ---

   run 1/30 on 2016 Cadillac CTS 3.6 Luxury  seed=20961420
      R 1  buy $ 17,959.51   sel     $19,499.51   [strat=friendly_rapport_builder] *
      R 2  buy $  6,092.48   sel     $19,000.00   [strat=friendly_rapport_builder]
      R 3  buy $ 13,921.98   sel     $17,500.00   [strat=friendly_rapport_builder]
      R 4  buy $  6,644.09   sel     $17,500.00   [strat=friendly_rapport_builder]
      R 5  buy $ 10,018.46   sel     $17,000.00   [strat=friendly_rapport_builder]
      R 6  buy $ 12,699.68   sel     $16,500.00   [strat=friendly_rapport_builder]
      R 7  buy $  7,863.61   sel     $16,000.00   [strat=friendly_rapport_builder]
      R 8  buy $ 12,228.95   sel     $15,800.00   [strat=friendly_rapport_builder]
      R 9  buy $  1,170.34   sel     $15,750.00   [strat=patient_value_defender] *
      R10  buy $  4,848.70   sel     $15,800.00   [strat=patient_value_defender]
      R11  buy $  6,193.09   sel     $15,800.00   [strat=patient_value_defender]
      R12  buy $ 10,254.93   sel     $15,800.00   [strat=patient_value_defender]
      R13  buy $  3,919.89   sel     $15,800.00   [strat=patient_value_defender]
      R14  buy $  2,219.68   sel     $15,800.00   [strat=patient_value_defender]
      R15  buy $  4,376.27   sel     $15,800.00   [strat=patient_value_defender]
      R16  buy $ 13,475.78   sel     $15,750.00   [strat=patient_value_defender]
   run 1 done in 6.6 min

   run 2/30 on 2016 Cadillac CTS 3.6 Luxury  seed=20961421
      R 1  buy $ 37,080.01   sel     $39,000.00   [strat=friendly_rapport_builder] *
      R 2  buy $ 14,651.81   sel     $38,500.00   [strat=friendly_rapport_builder]
      R 3  buy $ 21,446.88   sel     $37,500.00   [strat=friendly_rapport_builder]
      R 4  buy $ 12,922.66   sel     $36,900.00   [strat=friendly_rapport_builder]
      R 5  buy $ 27,193.02   sel     $35,500.00   [strat=friendly_rapport_builder]
      R 6  buy $  5,639.67   sel     $34,900.00   [strat=friendly_rapport_builder]
      R 7  buy $ 21,174.56   sel     $33,500.00   [strat=friendly_rapport_builder]
      R 8  buy $  2,141.55   sel     $32,900.00   [strat=friendly_rapport_builder]
      R 9  buy $ 32,825.00   sel     $32,825.00   [strat=patient_value_defender] *
      R10  buy $    162.95   sel     $32,500.00   [strat=patient_value_defender]
      R11  buy $ 18,717.28   sel     $29,900.00   [strat=patient_value_defender]
      R12  buy $ 16,364.58   sel     $28,500.00   [strat=patient_value_defender]
      R13  buy $ 26,157.61   sel     $27,900.00   [strat=patient_value_defender]
      R14  buy $ 25,685.69   sel     $27,500.00   [strat=patient_value_defender]
      R15  buy $ 23,498.63   sel     $27,000.00   [strat=patient_value_defender]
      R16  buy $  1,873.70   sel     $26,500.00   [strat=patient_value_defender]
   run 2 done in 6.4 min

   run 3/30 on 2016 Cadillac CTS 3.6 Luxury  seed=20961422
      R 1  buy $  5,351.84   sel     $35,000.00   [strat=friendly_rapport_builder] *
      R 2  buy $ 16,427.88   sel     $28,500.00   [strat=friendly_rapport_builder]
      R 3  buy $ 25,515.31   sel     $26,500.00   [strat=friendly_rapport_builder]
      R 4  buy $  5,578.65   sel     $26,000.00   [strat=friendly_rapport_builder]
      R 5  buy $  5,619.39   sel     $25,000.00   [strat=friendly_rapport_builder]
      R 6  buy $ 13,431.33   sel     $24,500.00   [strat=friendly_rapport_builder]
      R 7  buy $  7,306.06   sel     $23,500.00   [strat=friendly_rapport_builder]
      R 8  buy $ 22,146.23   sel     $23,000.00   [strat=friendly_rapport_builder]
      R 9  buy $ 17,117.39   sel     $22,500.00   [strat=patient_value_defender] *
      R10  buy $  2,242.07   sel     $22,500.00   [strat=patient_value_defender]
      R11  buy $  5,229.75   sel     $22,500.00   [strat=patient_value_defender]
      R12  buy $ 11,543.01   sel     $22,500.00   [strat=patient_value_defender]
      R13  buy $  3,669.11   sel     $22,500.00   [strat=patient_value_defender]
      R14  buy $  8,249.46   sel     $22,300.00   [strat=patient_value_defender]
      R15  buy $  3,840.71   sel     $22,000.00   [strat=patient_value_defender]
      R16  buy $ 18,365.20   sel     $20,000.00   [strat=patient_value_defender]
   run 3 done in 6.5 min

   run 4/30 on 2016 Cadillac CTS 3.6 Luxury  seed=20961423
      R 1  buy $ 24,342.44   sel     $27,500.00   [strat=friendly_rapport_builder] *
      R 2  buy $  4,152.57   sel     $26,500.00   [strat=friendly_rapport_builder]
      R 3  buy $ 13,045.00   sel     $24,500.00   [strat=friendly_rapport_builder]
      R 4  buy $ 23,601.70   sel     $24,000.00   [strat=friendly_rapport_builder]
      R 5  buy $ 19,495.31   sel     $22,500.00   [strat=friendly_rapport_builder]
      R 6  buy $ 19,700.81   sel     $21,500.00   [strat=friendly_rapport_builder]
      R 7  buy $ 19,209.63   sel     $20,500.00   [strat=friendly_rapport_builder]
      R 8  buy $ 12,652.72   sel     $20,500.00   [strat=friendly_rapport_builder]
      R 9  buy $ 11,226.95   sel     $20,500.00   [strat=patient_value_defender] *
      R10  buy $  3,583.47   sel     $20,000.00   [strat=patient_value_defender]
      R11  buy $ 17,771.64   sel     $19,000.00   [strat=patient_value_defender]
      R12  buy $  8,791.98   sel     $18,500.00   [strat=patient_value_defender]
      R13  buy $ 12,095.81   sel     $18,500.00   [strat=patient_value_defender]
      R14  buy $  6,256.19   sel     $18,500.00   [strat=patient_value_defender]
      R15  buy $  3,257.06   sel     $18,500.00   [strat=patient_value_defender]
      R16  buy $  2,504.58   sel     $18,500.00   [strat=patient_value_defender]
   run 4 done in 6.0 min

   run 5/30 on 2016 Cadillac CTS 3.6 Luxury  seed=20961424
      R 1  buy $ 32,369.74   sel     $35,000.00   [strat=friendly_rapport_builder] *
      R 2  buy $ 26,166.64   sel     $31,500.00   [strat=friendly_rapport_builder]
      R 3  buy $ 27,270.18   sel     $30,000.00   [strat=friendly_rapport_builder]
      R 4  buy $  6,342.12   sel     $28,500.00   [strat=friendly_rapport_builder]
      R 5  buy $ 18,038.71   sel     $27,500.00   [strat=friendly_rapport_builder]
      R 6  buy $  7,476.55   sel     $26,000.00   [strat=friendly_rapport_builder]
      R 7  buy $ 19,906.10   sel     $24,500.00   [strat=friendly_rapport_builder]
      R 8  buy $ 23,809.03   sel     $24,000.00   [strat=friendly_rapport_builder]
      R 9  buy $    505.20   sel     $23,500.00   [strat=patient_value_defender] *
      R10  buy $  5,006.92   sel     $23,500.00   [strat=patient_value_defender]
      R11  buy $    222.33   sel     $23,500.00   [strat=patient_value_defender]
      R12  buy $ 14,734.48   sel     $22,500.00   [strat=patient_value_defender]
      R13  buy $ 15,039.10   sel     $21,000.00   [strat=patient_value_defender]
      R14  buy $  7,788.99   sel     $21,000.00   [strat=patient_value_defender]
      R15  buy $  7,629.94   sel     $20,000.00   [strat=patient_value_defender]
      R16  buy $ 18,731.85   sel     $19,500.00   [strat=patient_value_defender]
   run 5 done in 5.0 min

   run 6/30 on 2016 Cadillac CTS 3.6 Luxury  seed=20961425
      R 1  buy $  3,417.92   sel     $38,500.00   [strat=friendly_rapport_builder] *
      R 2  buy $  4,797.18   sel     $35,000.00   [strat=friendly_rapport_builder]
      R 3  buy $ 33,501.95   sel     $34,500.00   [strat=friendly_rapport_builder]
      R 4  buy $  3,132.69   sel     $33,000.00   [strat=friendly_rapport_builder]
      R 5  buy $ 12,770.86   sel     $32,000.00   [strat=friendly_rapport_builder]
      R 6  buy $ 29,535.44   sel     $31,000.00   [strat=friendly_rapport_builder]
      R 7  buy $  7,661.51   sel     $30,000.00   [strat=friendly_rapport_builder]
      R 8  buy $ 17,989.75   sel     $29,000.00   [strat=friendly_rapport_builder]
      R 9  buy $ 20,486.37   sel     $28,000.00   [strat=patient_value_defender] *
      R10  buy $ 23,746.10   sel     $26,500.00   [strat=patient_value_defender]
      R11  buy $ 11,876.21   sel     $26,000.00   [strat=patient_value_defender]
      R12  buy $ 20,925.17   sel     $25,500.00   [strat=patient_value_defender]
      R13  buy $  6,366.99   sel     $25,000.00   [strat=patient_value_defender]
      R14  buy $ 12,584.82   sel     $24,000.00   [strat=patient_value_defender]
      R15  buy $ 21,762.96   sel     $23,500.00   [strat=patient_value_defender]
      R16  buy $  2,258.89   sel     $23,000.00   [strat=patient_value_defender]
   run 6 done in 5.4 min

   run 7/30 on 2016 Cadillac CTS 3.6 Luxury  seed=20961426
      R 1  buy $  6,363.32   sel     $19,995.00   [strat=friendly_rapport_builder] *
      R 2  buy $  7,675.23   sel     $18,500.00   [strat=friendly_rapport_builder]
      R 3  buy $  5,067.73   sel     $17,500.00   [strat=friendly_rapport_builder]
      R 4  buy $ 12,185.77   sel     $16,500.00   [strat=friendly_rapport_builder]
      R 5  buy $  6,312.55   sel     $16,000.00   [strat=friendly_rapport_builder]
      R 6  buy $  1,087.69   sel     $15,900.00   [strat=friendly_rapport_builder]
      R 7  buy $  6,416.58   sel     $15,800.00   [strat=friendly_rapport_builder]
      R 8  buy $ 11,508.24   sel     $15,700.00   [strat=friendly_rapport_builder]
      R 9  buy $    786.22   sel     $15,600.00   [strat=patient_value_defender] *
      R10  buy $ 15,428.87   sel     $15,650.00   [strat=patient_value_defender]
      R11  buy $ 11,441.29   sel     $15,750.00   [strat=patient_value_defender]
      R12  buy $  3,710.48   sel     $15,650.00   [strat=patient_value_defender]
      R13  buy $ 10,059.18   sel     $15,750.00   [strat=patient_value_defender]
      R14  buy $  3,465.88   sel     $15,800.00   [strat=patient_value_defender]
      R15  buy $  9,932.91   sel     $15,750.00   [strat=patient_value_defender]
      R16  buy $ 11,064.38   sel     $15,750.00   [strat=patient_value_defender]
   run 7 done in 8.6 min

   run 8/30 on 2016 Cadillac CTS 3.6 Luxury  seed=20961427
      R 1  buy $ 12,982.60   sel     $16,500.00   [strat=friendly_rapport_builder] *
      R 2  buy $  3,766.69   sel     $16,500.00   [strat=friendly_rapport_builder]
      R 3  buy $    962.92   sel     $15,999.00   [strat=friendly_rapport_builder]
      R 4  buy $  8,935.11   sel     $15,500.00   [strat=friendly_rapport_builder]
      R 5  buy $  8,196.58   sel     $15,800.00   [strat=friendly_rapport_builder]
      R 6  buy $  4,690.43   sel     $15,500.00   [strat=friendly_rapport_builder]
      R 7  buy $  7,981.28   sel     $15,300.00   [strat=friendly_rapport_builder]
      R 8  buy $ 10,116.23   sel     $15,200.00   [strat=friendly_rapport_builder]
      R 9  buy $  8,351.61   sel     $15,800.00   [strat=patient_value_defender] *
      R10  buy $ 10,002.38   sel     $15,700.00   [strat=patient_value_defender]
      R11  buy $  2,579.07   sel     $15,600.00   [strat=patient_value_defender]
      R12  buy $ 12,298.68   sel     $15,500.00   [strat=patient_value_defender]
      R13  buy $ 10,824.24   sel     $15,400.00   [strat=patient_value_defender]
      R14  buy $  5,507.40   sel     $15,800.00   [strat=patient_value_defender]
      R15  buy $  4,576.85   sel     $15,800.00   [strat=patient_value_defender]
      R16  buy $  6,298.64   sel     $15,800.00   [strat=patient_value_defender]
   run 8 done in 6.3 min

   run 9/30 on 2016 Cadillac CTS 3.6 Luxury  seed=20961428
      R 1  buy $ 32,648.52   sel     $38,000.00   [strat=friendly_rapport_builder] *
      R 2  buy $ 36,921.28   sel     $37,500.00   [strat=friendly_rapport_builder]
      R 3  buy $ 35,379.86   sel     $37,250.00   [strat=friendly_rapport_builder]
      R 4  buy $ 21,710.18   sel     $36,500.00   [strat=friendly_rapport_builder]
      R 5  buy $ 33,160.98   sel     $35,800.00   [strat=friendly_rapport_builder]
      R 6  buy $  1,969.64   sel     $35,000.00   [strat=friendly_rapport_builder]
      R 7  buy $  3,130.85   sel     $34,500.00   [strat=friendly_rapport_builder]
      R 8  buy $ 34,249.38   sel     $34,400.00   [strat=friendly_rapport_builder]
      R 9  buy $ 18,898.57   sel     $34,000.00   [strat=patient_value_defender] *
      R10  buy $ 19,160.36   sel     $33,800.00   [strat=patient_value_defender]
      R11  buy $ 20,050.95   sel     $33,500.00   [strat=patient_value_defender]
      R12  buy $ 16,948.40   sel     $33,000.00   [strat=patient_value_defender]
      R13  buy $  2,685.35   sel     $33,000.00   [strat=patient_value_defender]
      R14  buy $ 24,571.66   sel     $32,500.00   [strat=patient_value_defender]
      R15  buy $ 13,744.19   sel     $32,000.00   [strat=patient_value_defender]
      R16  buy $  2,889.36   sel     $32,000.00   [strat=patient_value_defender]
   run 9 done in 5.5 min

   run 10/30 on 2016 Cadillac CTS 3.6 Luxury  seed=20961429
      R 1  buy $ 41,858.85   sel     $44,000.00   [strat=friendly_rapport_builder] *
      R 2  buy $ 39,945.76   sel     $43,500.00   [strat=friendly_rapport_builder]
      R 3  buy $  3,567.77   sel     $42,000.00   [strat=friendly_rapport_builder]
      R 4  buy $ 10,087.84   sel     $40,000.00   [strat=friendly_rapport_builder]
      R 5  buy $ 31,924.43   sel     $38,000.00   [strat=friendly_rapport_builder]
      R 6  buy $ 18,134.72   sel     $34,000.00   [strat=friendly_rapport_builder]
      R 7  buy $ 33,057.18   sel     $33,500.00   [strat=friendly_rapport_builder]
      R 8  buy $ 26,400.52   sel     $30,000.00   [strat=friendly_rapport_builder]
      R 9  buy $ 26,887.16   sel     $28,500.00   [strat=patient_value_defender] *
      R10  buy $  6,427.84   sel     $27,500.00   [strat=patient_value_defender]
      R11  buy $ 15,086.40   sel     $25,000.00   [strat=patient_value_defender]
      R12  buy $ 15,295.77   sel     $24,000.00   [strat=patient_value_defender]
      R13  buy $ 10,254.15   sel     $24,000.00   [strat=patient_value_defender]
      R14  buy $ 20,953.69   sel     $22,500.00   [strat=patient_value_defender]
      R15  buy $  6,981.08   sel     $22,000.00   [strat=patient_value_defender]
      R16  buy $ 12,686.91   sel     $20,000.00   [strat=patient_value_defender]
   run 10 done in 5.8 min

   run 11/30 on 2016 Cadillac CTS 3.6 Luxury  seed=20961430
      R 1  buy $ 19,857.13   sel     $21,500.00   [strat=friendly_rapport_builder] *
      R 2  buy $  5,233.84   sel     $20,500.00   [strat=friendly_rapport_builder]
      R 3  buy $  9,729.84   sel     $19,500.00   [strat=friendly_rapport_builder]
      R 4  buy $  7,334.31   sel     $18,900.00   [strat=friendly_rapport_builder]
      R 5  buy $    223.59   sel     $18,500.00   [strat=friendly_rapport_builder]
      R 6  buy $  3,549.97   sel     $18,250.00   [strat=friendly_rapport_builder]
      R 7  buy $  3,774.53   sel     $18,000.00   [strat=friendly_rapport_builder]
      R 8  buy $  5,230.15   sel     $17,750.00   [strat=friendly_rapport_builder]
      R 9  buy $ 11,349.38   sel     $17,500.00   [strat=patient_value_defender] *
      R10  buy $  7,330.71   sel     $17,250.00   [strat=patient_value_defender]
      R11  buy $ 12,292.44   sel     $17,000.00   [strat=patient_value_defender]
      R12  buy $    840.66   sel     $16,900.00   [strat=patient_value_defender]
      R13  buy $ 14,611.61   sel     $16,750.00   [strat=patient_value_defender]
      R14  buy $  9,053.59   sel     $16,750.00   [strat=patient_value_defender]
      R15  buy $ 15,840.51   sel     $16,250.00   [strat=patient_value_defender]
      R16  buy $  5,066.95   sel     $16,000.00   [strat=patient_value_defender]
   run 11 done in 5.7 min

   run 12/30 on 2016 Cadillac CTS 3.6 Luxury  seed=20961431
      R 1  buy $  5,004.13   sel     $17,500.00   [strat=friendly_rapport_builder] *
      R 2  buy $  1,405.05   sel     $17,500.00   [strat=friendly_rapport_builder]
      R 3  buy $ 13,482.95   sel     $16,995.00   [strat=friendly_rapport_builder]
      R 4  buy $ 10,631.99   sel     $16,500.00   [strat=friendly_rapport_builder]
      R 5  buy $  9,749.64   sel     $16,250.00   [strat=friendly_rapport_builder]
      R 6  buy $ 13,295.19   sel     $16,000.00   [strat=friendly_rapport_builder]
      R 7  buy $  2,524.12   sel     $15,999.00   [strat=friendly_rapport_builder]
      R 8  buy $  2,107.71   sel     $15,899.00   [strat=friendly_rapport_builder]
      R 9  buy $ 14,249.04   sel     $15,799.00   [strat=patient_value_defender] *
      R10  buy $  4,999.57   sel     $15,599.00   [strat=patient_value_defender]
      R11  buy $  3,510.55   sel     $15,399.00   [strat=patient_value_defender]
      R12  buy $ 11,116.29   sel     $15,199.00   [strat=patient_value_defender]
      R13  buy $  4,373.87   sel     $15,800.00   [strat=patient_value_defender]
      R14  buy $ 13,039.75   sel     $15,099.00   [strat=patient_value_defender]
      R15  buy $ 12,281.80   sel     $14,999.00   [strat=patient_value_defender]
      R16  buy $     11.95   sel     $15,500.00   [strat=patient_value_defender]
   run 12 done in 6.0 min

   run 13/30 on 2016 Cadillac CTS 3.6 Luxury  seed=20961432
      R 1  buy $ 35,946.56   sel     $42,499.00   [strat=friendly_rapport_builder] *
      R 2  buy $ 41,168.20   sel     $42,499.00   [strat=friendly_rapport_builder]
      R 3  buy $ 13,438.91   sel     $42,499.00   [strat=friendly_rapport_builder]
      R 4  buy $ 38,828.81   sel     $40,500.00   [strat=friendly_rapport_builder]
      R 5  buy $ 16,289.53   sel     $39,500.00   [strat=friendly_rapport_builder]
      R 6  buy $ 18,343.58   sel     $38,000.00   [strat=friendly_rapport_builder]
      R 7  buy $ 23,371.96   sel     $37,500.00   [strat=friendly_rapport_builder]
      R 8  buy $ 32,324.68   sel     $34,900.00   [strat=friendly_rapport_builder]
      R 9  buy $ 11,186.35   sel     $33,500.00   [strat=patient_value_defender] *
      R10  buy $  3,574.69   sel     $33,000.00   [strat=patient_value_defender]
      R11  buy $ 23,388.05   sel     $32,500.00   [strat=patient_value_defender]
      R12  buy $ 26,013.56   sel     $31,500.00   [strat=patient_value_defender]
      R13  buy $ 13,812.79   sel     $30,000.00   [strat=patient_value_defender]
      R14  buy $ 22,457.77   sel     $29,500.00   [strat=patient_value_defender]
      R15  buy $ 28,072.62   sel     $28,500.00   [strat=patient_value_defender]
      R16  buy $ 16,167.43   sel     $27,500.00   [strat=patient_value_defender]
   run 13 done in 5.3 min

   run 14/30 on 2016 Cadillac CTS 3.6 Luxury  seed=20961433
      R 1  buy $ 22,863.78   sel     $24,995.00   [strat=friendly_rapport_builder] *
      R 2  buy $ 13,811.31   sel     $23,500.00   [strat=friendly_rapport_builder]
      R 3  buy $  2,295.33   sel     $23,000.00   [strat=friendly_rapport_builder]
      R 4  buy $  1,515.75   sel     $22,500.00   [strat=friendly_rapport_builder]
      R 5  buy $ 17,978.67   sel     $21,500.00   [strat=friendly_rapport_builder]
      R 6  buy $  3,763.37   sel     $20,000.00   [strat=friendly_rapport_builder]
      R 7  buy $ 12,437.33   sel     $19,000.00   [strat=friendly_rapport_builder]
      R 8  buy $ 17,544.00   sel     $18,500.00   [strat=friendly_rapport_builder]
      R 9  buy $  3,987.91   sel     $18,000.00   [strat=patient_value_defender] *
      R10  buy $    237.04   sel     $17,500.00   [strat=patient_value_defender]
      R11  buy $  5,213.31   sel     $17,500.00   [strat=patient_value_defender]
      R12  buy $ 10,449.49   sel     $17,500.00   [strat=patient_value_defender]
      R13  buy $ 14,099.71   sel     $17,500.00   [strat=patient_value_defender]
      R14  buy $  5,068.38   sel     $17,500.00   [strat=patient_value_defender]
      R15  buy $  8,416.53   sel     $17,500.00   [strat=patient_value_defender]
      R16  buy $ 12,046.34   sel     $17,500.00   [strat=patient_value_defender]
   run 14 done in 4.8 min

   run 15/30 on 2016 Cadillac CTS 3.6 Luxury  seed=20961434
      R 1  buy $ 42,735.20   sel     $44,000.00   [strat=friendly_rapport_builder] *
      R 2  buy $ 19,564.48   sel     $43,000.00   [strat=friendly_rapport_builder]
      R 3  buy $ 32,186.22   sel     $41,500.00   [strat=friendly_rapport_builder]
      R 4  buy $ 21,628.75   sel     $40,000.00   [strat=friendly_rapport_builder]
      R 5  buy $ 34,228.82   sel     $38,000.00   [strat=friendly_rapport_builder]
      R 6  buy $  4,812.83   sel     $37,000.00   [strat=friendly_rapport_builder]
      R 7  buy $    659.82   sel     $36,500.00   [strat=friendly_rapport_builder]
      R 8  buy $  9,028.49   sel     $35,000.00   [strat=friendly_rapport_builder]
      R 9  buy $ 15,932.18   sel     $34,500.00   [strat=patient_value_defender] *
      R10  buy $ 20,561.70   sel     $33,500.00   [strat=patient_value_defender]
      R11  buy $  2,986.18   sel     $32,500.00   [strat=patient_value_defender]
      R12  buy $  3,017.30   sel     $32,000.00   [strat=patient_value_defender]
      R13  buy $ 17,424.38   sel     $31,500.00   [strat=patient_value_defender]
      R14  buy $ 11,830.73   sel     $31,000.00   [strat=patient_value_defender]
      R15  buy $ 22,201.06   sel     $30,500.00   [strat=patient_value_defender]
      R16  buy $  9,283.84   sel     $30,000.00   [strat=patient_value_defender]
   run 15 done in 4.6 min

   run 16/30 on 2016 Cadillac CTS 3.6 Luxury  seed=20961435
      R 1  buy $ 35,159.37   sel     $41,999.00   [strat=friendly_rapport_builder] *
      R 2  buy $  8,522.95   sel     $37,500.00   [strat=friendly_rapport_builder]
      R 3  buy $  8,896.91   sel     $36,500.00   [strat=friendly_rapport_builder]
      R 4  buy $  3,150.71   sel     $35,000.00   [strat=friendly_rapport_builder]
      R 5  buy $ 32,305.45   sel     $33,652.73   [strat=friendly_rapport_builder]
      R 6  buy $  9,122.02   sel     $33,000.00   [strat=friendly_rapport_builder]
      R 7  buy $  9,577.86   sel     $32,000.00   [strat=friendly_rapport_builder]
      R 8  buy $ 26,040.06   sel     $29,500.00   [strat=friendly_rapport_builder]
      R 9  buy $ 20,586.78   sel     $28,000.00   [strat=patient_value_defender] *
      R10  buy $ 25,855.67   sel     $26,927.84   [strat=patient_value_defender]
      R11  buy $  5,866.05   sel     $26,500.00   [strat=patient_value_defender]
      R12  buy $ 10,768.08   sel     $25,500.00   [strat=patient_value_defender]
      R13  buy $  4,441.03   sel     $24,500.00   [strat=patient_value_defender]
      R14  buy $  1,526.39   sel     $24,000.00   [strat=patient_value_defender]
      R15  buy $ 20,843.36   sel     $23,500.00   [strat=patient_value_defender]
      R16  buy $ 19,908.23   sel     $22,500.00   [strat=patient_value_defender]
   run 16 done in 5.5 min

   run 17/30 on 2016 Cadillac CTS 3.6 Luxury  seed=20961436
      R 1  buy $  1,118.00   sel     $18,500.00   [strat=friendly_rapport_builder] *
      R 2  buy $ 14,893.05   sel     $17,500.00   [strat=friendly_rapport_builder]
      R 3  buy $  6,806.52   sel     $16,500.00   [strat=friendly_rapport_builder]
      R 4  buy $ 12,105.97   sel     $15,500.00   [strat=friendly_rapport_builder]
      R 5  buy $ 13,196.24   sel     $14,500.00   [strat=friendly_rapport_builder]
      R 6  buy $    112.04   sel     $16,000.00   [strat=friendly_rapport_builder]
      R 7  buy $ 11,247.16   sel     $14,000.00   [strat=friendly_rapport_builder]
      R 8  buy $ 12,683.77   sel     $15,900.00   [strat=friendly_rapport_builder]
      R 9  buy $  2,661.61   sel     $15,500.00   [strat=patient_value_defender] *
      R10  buy $  7,205.00   sel     $15,000.00   [strat=patient_value_defender]
      R11  buy $  5,364.50   sel     $16,000.00   [strat=patient_value_defender]
      R12  buy $  6,929.39   sel     $15,750.00   [strat=patient_value_defender]
      R13  buy $    597.75   sel     $16,000.00   [strat=patient_value_defender]
      R14  buy $ 13,005.87   sel     $15,500.00   [strat=patient_value_defender]
      R15  buy $     68.07   sel     $15,500.00   [strat=patient_value_defender]
      R16  buy $  9,062.41   sel     $15,750.00   [strat=patient_value_defender]
   run 17 done in 6.8 min

   run 18/30 on 2016 Cadillac CTS 3.6 Luxury  seed=20961437
      R 1  buy $ 44,711.38   sel     $45,500.00   [strat=friendly_rapport_builder] *
      R 2  buy $ 31,394.51   sel     $44,500.00   [strat=friendly_rapport_builder]
      R 3  buy $ 22,743.23   sel     $43,500.00   [strat=friendly_rapport_builder]
      R 4  buy $  3,552.20   sel     $42,500.00   [strat=friendly_rapport_builder]
      R 5  buy $ 29,069.57   sel     $41,500.00   [strat=friendly_rapport_builder]
      R 6  buy $  9,816.72   sel     $40,500.00   [strat=friendly_rapport_builder]
      R 7  buy $ 39,205.67   sel     $39,850.00   [strat=friendly_rapport_builder]
      R 8  buy $ 33,958.95   sel     $38,500.00   [strat=friendly_rapport_builder]
      R 9  buy $ 24,696.93   sel     $36,000.00   [strat=patient_value_defender] *
      R10  buy $    757.82   sel     $35,000.00   [strat=patient_value_defender]
      R11  buy $  3,436.13   sel     $34,000.00   [strat=patient_value_defender]
      R12  buy $ 33,659.04   sel     $33,900.00   [strat=patient_value_defender]
      R13  buy $ 20,878.31   sel     $32,500.00   [strat=patient_value_defender]
      R14  buy $  2,493.71   sel     $32,000.00   [strat=patient_value_defender]
      R15  buy $ 24,269.74   sel     $31,000.00   [strat=patient_value_defender]
      R16  buy $ 12,493.74   sel     $30,000.00   [strat=patient_value_defender]
   run 18 done in 5.2 min

   run 19/30 on 2016 Cadillac CTS 3.6 Luxury  seed=20961438
      R 1  buy $ 12,471.94   sel     $18,499.00   [strat=friendly_rapport_builder] *
      R 2  buy $  1,995.83   sel     $17,999.00   [strat=friendly_rapport_builder]
      R 3  buy $ 14,429.07   sel     $16,999.00   [strat=friendly_rapport_builder]
      R 4  buy $ 14,425.01   sel     $15,999.00   [strat=friendly_rapport_builder]
      R 5  buy $ 15,005.64   sel     $15,800.00   [strat=friendly_rapport_builder]
      R 6  buy $ 12,751.80   sel     $15,600.00   [strat=friendly_rapport_builder]
      R 7  buy $  5,873.41   sel     $15,500.00   [strat=friendly_rapport_builder]
      R 8  buy $  7,591.98   sel     $15,400.00   [strat=friendly_rapport_builder]
      R 9  buy $  7,852.60   sel     $15,300.00   [strat=patient_value_defender] *
      R10  buy $  8,228.73   sel     $15,200.00   [strat=patient_value_defender]
      R11  buy $  8,341.84   sel     $15,750.00   [strat=patient_value_defender]
      R12  buy $  3,126.47   sel     $15,750.00   [strat=patient_value_defender]
      R13  buy $ 12,795.14   sel     $15,750.00   [strat=patient_value_defender]
      R14  buy $  5,982.12   sel     $15,750.00   [strat=patient_value_defender]
      R15  buy $  7,491.41   sel     $15,750.00   [strat=patient_value_defender]
      R16  buy $  9,919.60   sel     $15,750.00   [strat=patient_value_defender]
   run 19 done in 5.4 min

   run 20/30 on 2016 Cadillac CTS 3.6 Luxury  seed=20961439
      R 1  buy $ 15,366.46   sel     $16,500.00   [strat=friendly_rapport_builder] *
      R 2  buy $  6,880.18   sel     $16,000.00   [strat=friendly_rapport_builder]
      R 3  buy $    149.01   sel     $15,900.00   [strat=friendly_rapport_builder]
      R 4  buy $ 13,505.82   sel     $15,600.00   [strat=friendly_rapport_builder]
      R 5  buy $    256.85   sel     $15,500.00   [strat=friendly_rapport_builder]
      R 6  buy $  5,320.86   sel     $15,400.00   [strat=friendly_rapport_builder]
      R 7  buy $  4,512.54   sel     $15,400.00   [strat=friendly_rapport_builder]
      R 8  buy $  8,638.81   sel     $15,300.00   [strat=friendly_rapport_builder]
      R 9  buy $  2,772.68   sel     $15,300.00   [strat=patient_value_defender] *
      R10  buy $ 10,966.93   sel     $15,200.00   [strat=patient_value_defender]
      R11  buy $  5,218.49   sel     $15,200.00   [strat=patient_value_defender]
      R12  buy $  8,845.41   sel     $15,800.00   [strat=patient_value_defender]
      R13  buy $  6,746.24   sel     $15,800.00   [strat=patient_value_defender]
      R14  buy $  6,136.46   sel     $15,800.00   [strat=patient_value_defender]
      R15  buy $  9,664.65   sel     $15,800.00   [strat=patient_value_defender]
      R16  buy $ 13,541.29   sel     $15,800.00   [strat=patient_value_defender]
   run 20 done in 5.8 min

   run 21/30 on 2016 Cadillac CTS 3.6 Luxury  seed=20961440
      R 1  buy $ 16,658.96   sel     $17,499.00   [strat=friendly_rapport_builder] *
      R 2  buy $ 15,036.66   sel     $16,999.00   [strat=friendly_rapport_builder]
      R 3  buy $  1,782.91   sel     $16,499.00   [strat=friendly_rapport_builder]
      R 4  buy $  8,746.67   sel     $16,000.00   [strat=friendly_rapport_builder]
      R 5  buy $  3,625.29   sel     $15,500.00   [strat=friendly_rapport_builder]
      R 6  buy $  6,095.78   sel     $15,400.00   [strat=friendly_rapport_builder]
      R 7  buy $  8,478.50   sel     $15,400.00   [strat=friendly_rapport_builder]
      R 8  buy $ 14,708.97   sel     $15,300.00   [strat=friendly_rapport_builder]
      R 9  buy $  3,016.38   sel     $15,300.00   [strat=patient_value_defender] *
      R10  buy $ 14,971.99   sel     $15,750.00   [strat=patient_value_defender]
      R11  buy $  1,092.07   sel     $15,750.00   [strat=patient_value_defender]
      R12  buy $ 15,172.31   sel     $15,750.00   [strat=patient_value_defender]
      R13  buy $  4,419.25   sel     $15,750.00   [strat=patient_value_defender]
      R14  buy $ 15,597.42   sel     $15,750.00   [strat=patient_value_defender]
      R15  buy $ 12,523.77   sel     $15,750.00   [strat=patient_value_defender]
      R16  buy $ 12,441.32   sel     $15,750.00   [strat=patient_value_defender]
   run 21 done in 6.1 min

   run 22/30 on 2016 Cadillac CTS 3.6 Luxury  seed=20961441
      R 1  buy $ 32,368.37   sel     $34,995.00   [strat=friendly_rapport_builder] *
      R 2  buy $ 10,419.02   sel     $34,500.00   [strat=friendly_rapport_builder]
      R 3  buy $ 28,536.33   sel     $33,000.00   [strat=friendly_rapport_builder]
      R 4  buy $ 32,750.66   sel     $32,750.66   [strat=friendly_rapport_builder]
      R 5  buy $ 29,563.19   sel     $32,500.00   [strat=friendly_rapport_builder]
      R 6  buy $ 22,642.90   sel     $32,000.00   [strat=friendly_rapport_builder]
      R 7  buy $  5,191.50   sel     $31,500.00   [strat=friendly_rapport_builder]
      R 8  buy $ 19,954.95   sel     $30,500.00   [strat=friendly_rapport_builder]
      R 9  buy $ 13,062.63   sel     $27,500.00   [strat=patient_value_defender] *
      R10  buy $ 19,469.65   sel     $25,500.00   [strat=patient_value_defender]
      R11  buy $  1,132.26   sel     $25,500.00   [strat=patient_value_defender]
      R12  buy $ 14,935.30   sel     $25,500.00   [strat=patient_value_defender]
      R13  buy $  1,430.87   sel     $25,000.00   [strat=patient_value_defender]
      R14  buy $ 12,284.72   sel     $25,000.00   [strat=patient_value_defender]
      R15  buy $ 17,850.71   sel     $24,000.00   [strat=patient_value_defender]
      R16  buy $  5,776.07   sel     $24,000.00   [strat=patient_value_defender]
   run 22 done in 5.5 min

   run 23/30 on 2016 Cadillac CTS 3.6 Luxury  seed=20961442
      R 1  buy $ 26,310.25   sel     $29,000.00   [strat=friendly_rapport_builder] *
      R 2  buy $  2,089.79   sel     $27,500.00   [strat=friendly_rapport_builder]
      R 3  buy $ 15,902.86   sel     $24,500.00   [strat=friendly_rapport_builder]
      R 4  buy $ 11,577.77   sel     $22,000.00   [strat=friendly_rapport_builder]
      R 5  buy $ 13,617.23   sel     $20,000.00   [strat=friendly_rapport_builder]
      R 6  buy $  1,293.05   sel     $19,500.00   [strat=friendly_rapport_builder]
      R 7  buy $ 10,348.34   sel     $18,000.00   [strat=friendly_rapport_builder]
      R 8  buy $  6,568.34   sel     $17,500.00   [strat=friendly_rapport_builder]
      R 9  buy $  4,922.78   sel     $17,000.00   [strat=patient_value_defender] *
      R10  buy $ 11,236.19   sel     $16,500.00   [strat=patient_value_defender]
      R11  buy $ 11,257.32   sel     $16,000.00   [strat=patient_value_defender]
      R12  buy $  4,499.97   sel     $15,900.00   [strat=patient_value_defender]
      R13  buy $  6,510.32   sel     $15,900.00   [strat=patient_value_defender]
      R14  buy $ 12,537.41   sel     $15,800.00   [strat=patient_value_defender]
      R15  buy $ 10,557.08   sel     $15,775.00   [strat=patient_value_defender]
      R16  buy $ 11,873.04   sel     $15,775.00   [strat=patient_value_defender]
   run 23 done in 6.7 min

   run 24/30 on 2016 Cadillac CTS 3.6 Luxury  seed=20961443
      R 1  buy $ 26,683.83   sel     $33,995.00   [strat=friendly_rapport_builder] *
      R 2  buy $ 20,726.26   sel     $31,500.00   [strat=friendly_rapport_builder]
      R 3  buy $ 12,113.40   sel     $29,500.00   [strat=friendly_rapport_builder]
      R 4  buy $ 20,866.62   sel     $25,000.00   [strat=friendly_rapport_builder]
      R 5  buy $ 18,557.94   sel     $22,500.00   [strat=friendly_rapport_builder]
      R 6  buy $ 22,193.70   sel     $22,193.70   [strat=friendly_rapport_builder]
      R 7  buy $  8,729.50   sel     $21,500.00   [strat=friendly_rapport_builder]
      R 8  buy $  5,992.86   sel     $20,500.00   [strat=friendly_rapport_builder]
      R 9  buy $ 15,832.17   sel     $19,500.00   [strat=patient_value_defender] *
      R10  buy $ 17,499.11   sel     $18,500.00   [strat=patient_value_defender]
      R11  buy $ 13,313.64   sel     $17,500.00   [strat=patient_value_defender]
      R12  buy $  2,545.83   sel     $17,000.00   [strat=patient_value_defender]
      R13  buy $    837.51   sel     $16,500.00   [strat=patient_value_defender]
      R14  buy $ 11,097.80   sel     $16,000.00   [strat=patient_value_defender]
      R15  buy $  2,875.73   sel     $16,000.00   [strat=patient_value_defender]
      R16  buy $ 10,789.05   sel     $15,900.00   [strat=patient_value_defender]
   run 24 done in 5.5 min

   run 25/30 on 2016 Cadillac CTS 3.6 Luxury  seed=20961444
      R 1  buy $  9,256.10   sel     $19,999.00   [strat=friendly_rapport_builder] *
      R 2  buy $ 14,145.30   sel     $17,500.00   [strat=friendly_rapport_builder]
      R 3  buy $  4,080.11   sel     $16,900.00   [strat=friendly_rapport_builder]
      R 4  buy $ 11,735.14   sel     $16,500.00   [strat=friendly_rapport_builder]
      R 5  buy $  4,355.57   sel     $16,000.00   [strat=friendly_rapport_builder]
      R 6  buy $  7,474.17   sel     $15,800.00   [strat=friendly_rapport_builder]
      R 7  buy $  2,440.53   sel     $15,600.00   [strat=friendly_rapport_builder]
      R 8  buy $ 14,143.39   sel     $15,750.00   [strat=friendly_rapport_builder]
      R 9  buy $  4,203.16   sel     $15,750.00   [strat=patient_value_defender] *
      R10  buy $  5,863.46   sel     $15,750.00   [strat=patient_value_defender]
      R11  buy $  8,697.04   sel     $15,750.00   [strat=patient_value_defender]
      R12  buy $  2,933.42   sel     $15,750.00   [strat=patient_value_defender]
      R13  buy $ 10,751.22   sel     $15,750.00   [strat=patient_value_defender]
      R14  buy $  2,213.94   sel     $15,750.00   [strat=patient_value_defender]
      R15  buy $  4,629.86   sel     $15,750.00   [strat=patient_value_defender]
      R16  buy $  9,214.11   sel     $15,750.00   [strat=patient_value_defender]
   run 25 done in 6.7 min

   run 26/30 on 2016 Cadillac CTS 3.6 Luxury  seed=20961445
      R 1  buy $ 15,702.25   sel     $16,250.00   [strat=friendly_rapport_builder] *
      R 2  buy $  7,828.98   sel     $16,250.00   [strat=friendly_rapport_builder]
      R 3  buy $ 15,000.50   sel     $15,900.00   [strat=friendly_rapport_builder]
      R 4  buy $  2,769.67   sel     $15,900.00   [strat=friendly_rapport_builder]
      R 5  buy $ 10,142.34   sel     $15,650.00   [strat=friendly_rapport_builder]
      R 6  buy $ 14,895.58   sel     $15,500.00   [strat=friendly_rapport_builder]
      R 7  buy $     71.25   sel     $15,900.00   [strat=friendly_rapport_builder]
      R 8  buy $ 11,248.93   sel     $15,400.00   [strat=friendly_rapport_builder]
      R 9  buy $  2,124.07   sel     $15,300.00   [strat=patient_value_defender] *
      R10  buy $ 13,321.26   sel     $15,750.00   [strat=patient_value_defender]
      R11  buy $ 13,336.44   sel     $15,750.00   [strat=patient_value_defender]
      R12  buy $ 10,890.02   sel     $15,600.00   [strat=patient_value_defender]
      R13  buy $  2,830.07   sel     $15,500.00   [strat=patient_value_defender]
      R14  buy $  7,819.64   sel     $15,750.00   [strat=patient_value_defender]
      R15  buy $ 15,699.10   sel     $15,750.00   [strat=patient_value_defender]
      R16  buy $ 12,411.07   sel     $15,750.00   [strat=patient_value_defender]
   run 26 done in 5.9 min

   run 27/30 on 2016 Cadillac CTS 3.6 Luxury  seed=20961446
      R 1  buy $ 34,808.66   sel     $42,500.00   [strat=friendly_rapport_builder] *
      R 2  buy $ 30,974.17   sel     $38,500.00   [strat=friendly_rapport_builder]
      R 3  buy $ 12,347.93   sel     $35,000.00   [strat=friendly_rapport_builder]
      R 4  buy $ 34,825.94   sel     $34,912.97   [strat=friendly_rapport_builder]
      R 5  buy $ 12,169.39   sel     $33,500.00   [strat=friendly_rapport_builder]
      R 6  buy $ 22,127.33   sel     $32,000.00   [strat=friendly_rapport_builder]
      R 7  buy $ 21,894.25   sel     $29,500.00   [strat=friendly_rapport_builder]
      R 8  buy $  4,602.06   sel     $27,500.00   [strat=friendly_rapport_builder]
      R 9  buy $ 22,322.44   sel     $25,000.00   [strat=patient_value_defender] *
      R10  buy $  5,314.05   sel     $24,000.00   [strat=patient_value_defender]
      R11  buy $ 21,210.05   sel     $23,500.00   [strat=patient_value_defender]
      R12  buy $  1,451.80   sel     $23,000.00   [strat=patient_value_defender]
      R13  buy $  7,251.68   sel     $22,000.00   [strat=patient_value_defender]
      R14  buy $ 13,497.44   sel     $21,500.00   [strat=patient_value_defender]
      R15  buy $ 21,268.34   sel     $21,268.34   [strat=patient_value_defender]
      R16  buy $  7,545.37   sel     $21,000.00   [strat=patient_value_defender]
   run 27 done in 6.0 min

   run 28/30 on 2016 Cadillac CTS 3.6 Luxury  seed=20961447
      R 1  buy $ 30,891.31   sel     $34,995.00   [strat=friendly_rapport_builder] *
      R 2  buy $ 18,762.98   sel     $34,000.00   [strat=friendly_rapport_builder]
      R 3  buy $ 25,528.11   sel     $25,528.11   [strat=friendly_rapport_builder]
      R 4  buy $ 22,872.37   sel     $24,200.00   [strat=friendly_rapport_builder]
      R 5  buy $    813.03   sel     $23,800.00   [strat=friendly_rapport_builder]
      R 6  buy $  5,268.19   sel     $19,995.00   [strat=friendly_rapport_builder]
      R 7  buy $    639.17   sel     $19,500.00   [strat=friendly_rapport_builder]
      R 8  buy $  8,848.84   sel     $18,500.00   [strat=friendly_rapport_builder]
      R 9  buy $  6,154.62   sel     $18,000.00   [strat=patient_value_defender] *
      R10  buy $ 12,436.79   sel     $17,500.00   [strat=patient_value_defender]
      R11  buy $  8,135.40   sel     $17,000.00   [strat=patient_value_defender]
      R12  buy $    338.01   sel     $16,500.00   [strat=patient_value_defender]
      R13  buy $ 11,139.11   sel     $16,000.00   [strat=patient_value_defender]
      R14  buy $ 13,411.33   sel     $15,800.00   [strat=patient_value_defender]
      R15  buy $ 15,331.90   sel     $15,775.00   [strat=patient_value_defender]
      R16  buy $ 10,536.64   sel     $15,500.00   [strat=patient_value_defender]
   run 28 done in 6.7 min

   run 29/30 on 2016 Cadillac CTS 3.6 Luxury  seed=20961448
      R 1  buy $    820.25   sel     $25,999.99   [strat=friendly_rapport_builder] *
      R 2  buy $ 22,600.88   sel     $24,500.00   [strat=friendly_rapport_builder]
      R 3  buy $  3,966.51   sel     $23,500.00   [strat=friendly_rapport_builder]
      R 4  buy $  1,157.91   sel     $22,000.00   [strat=friendly_rapport_builder]
      R 5  buy $  8,002.79   sel     $21,500.00   [strat=friendly_rapport_builder]
      R 6  buy $  4,256.29   sel     $21,000.00   [strat=friendly_rapport_builder]
      R 7  buy $  3,183.14   sel     $20,500.00   [strat=friendly_rapport_builder]
      R 8  buy $    228.60   sel     $20,000.00   [strat=friendly_rapport_builder]
      R 9  buy $ 18,239.67   sel     $19,500.00   [strat=patient_value_defender] *
      R10  buy $ 19,202.28   sel     $19,351.14   [strat=patient_value_defender]
      R11  buy $  2,674.35   sel     $19,000.00   [strat=patient_value_defender]
      R12  buy $  4,983.00   sel     $18,800.00   [strat=patient_value_defender]
      R13  buy $ 11,933.47   sel     $18,500.00   [strat=patient_value_defender]
      R14  buy $  1,677.56   sel     $18,300.00   [strat=patient_value_defender]
      R15  buy $  4,445.48   sel     $18,000.00   [strat=patient_value_defender]
      R16  buy $  9,425.11   sel     $17,500.00   [strat=patient_value_defender]
   run 29 done in 5.3 min

   run 30/30 on 2016 Cadillac CTS 3.6 Luxury  seed=20961449
      R 1  buy $  7,906.65   sel     $17,500.00   [strat=friendly_rapport_builder] *
      R 2  buy $  5,093.46   sel     $17,500.00   [strat=friendly_rapport_builder]
      R 3  buy $    102.45   sel     $17,500.00   [strat=friendly_rapport_builder]
      R 4  buy $ 13,148.09   sel     $16,500.00   [strat=friendly_rapport_builder]
      R 5  buy $ 10,382.95   sel     $15,999.00   [strat=friendly_rapport_builder]
      R 6  buy $  1,285.92   sel     $15,800.00   [strat=friendly_rapport_builder]
      R 7  buy $  5,839.05   sel     $15,700.00   [strat=friendly_rapport_builder]
      R 8  buy $  6,485.88   sel     $15,600.00   [strat=friendly_rapport_builder]
      R 9  buy $ 10,530.34   sel     $15,750.00   [strat=patient_value_defender] *
      R10  buy $  5,565.81   sel     $15,750.00   [strat=patient_value_defender]
      R11  buy $ 14,369.54   sel     $15,750.00   [strat=patient_value_defender]
      R12  buy $ 10,870.07   sel     $15,750.00   [strat=patient_value_defender]
      R13  buy $ 14,306.60   sel     $15,750.00   [strat=patient_value_defender]
      R14  buy $  3,616.75   sel     $15,750.00   [strat=patient_value_defender]
      R15  buy $ 14,104.20   sel     $15,750.00   [strat=patient_value_defender]
      R16  buy $  5,068.55   sel     $15,750.00   [strat=patient_value_defender]
   run 30 done in 5.3 min

   ---> checkpoint: car 2/5 done in 177.2 min; total so far 372.3 min; saved 60 runs to exp07_transitionA_rep2.json

--- CAR 3/5: 2019 Honda Accord Sport 1.5T  (M=$28,000.00  cost=$14,000.00  cost/M=50.00%) ---

   run 1/30 on 2019 Honda Accord Sport 1.5T  seed=20962420
      R 1  buy $ 17,723.07   sel     $25,500.00   [strat=friendly_rapport_builder] *
      R 2  buy $  2,524.18   sel     $24,900.00   [strat=friendly_rapport_builder]
      R 3  buy $ 21,071.57   sel     $24,000.00   [strat=friendly_rapport_builder]
      R 4  buy $ 12,214.81   sel     $23,500.00   [strat=friendly_rapport_builder]
      R 5  buy $ 22,017.96   sel     $22,900.00   [strat=friendly_rapport_builder]
      R 6  buy $  7,184.72   sel     $22,500.00   [strat=friendly_rapport_builder]
      R 7  buy $ 13,264.82   sel     $22,000.00   [strat=friendly_rapport_builder]
      R 8  buy $ 14,493.57   sel     $21,500.00   [strat=friendly_rapport_builder]
      R 9  buy $  2,554.73   sel     $20,000.00   [strat=patient_value_defender] *
      R10  buy $ 18,018.47   sel     $19,500.00   [strat=patient_value_defender]
      R11  buy $  4,368.30   sel     $18,500.00   [strat=patient_value_defender]
      R12  buy $  8,165.96   sel     $17,900.00   [strat=patient_value_defender]
      R13  buy $  6,508.27   sel     $17,900.00   [strat=patient_value_defender]
      R14  buy $  8,962.36   sel     $17,750.00   [strat=patient_value_defender]
      R15  buy $ 17,345.91   sel     $17,500.00   [strat=patient_value_defender]
      R16  buy $  6,454.47   sel     $17,400.00   [strat=patient_value_defender]
   run 1 done in 5.3 min

   run 2/30 on 2019 Honda Accord Sport 1.5T  seed=20962421
      R 1  buy $  9,459.60   sel     $25,999.00   [strat=friendly_rapport_builder] *
      R 2  buy $ 20,554.05   sel     $24,500.00   [strat=friendly_rapport_builder]
      R 3  buy $  8,016.07   sel     $23,500.00   [strat=friendly_rapport_builder]
      R 4  buy $ 13,281.15   sel     $22,500.00   [strat=friendly_rapport_builder]
      R 5  buy $  4,884.17   sel     $21,500.00   [strat=friendly_rapport_builder]
      R 6  buy $  7,158.69   sel     $21,000.00   [strat=friendly_rapport_builder]
      R 7  buy $    361.29   sel     $20,500.00   [strat=friendly_rapport_builder]
      R 8  buy $ 19,025.64   sel     $19,999.99   [strat=friendly_rapport_builder]
      R 9  buy $  8,558.83   sel     $19,500.00   [strat=patient_value_defender] *
      R10  buy $ 16,812.85   sel     $18,500.00   [strat=patient_value_defender]
      R11  buy $  8,290.88   sel     $17,500.00   [strat=patient_value_defender]
      R12  buy $  6,586.53   sel     $17,000.00   [strat=patient_value_defender]
      R13  buy $  9,263.55   sel     $16,500.00   [strat=patient_value_defender]
      R14  buy $  3,987.57   sel     $16,000.00   [strat=patient_value_defender]
      R15  buy $ 13,700.82   sel     $15,500.00   [strat=patient_value_defender]
      R16  buy $  7,634.38   sel     $15,000.00   [strat=patient_value_defender]
   run 2 done in 5.6 min

   run 3/30 on 2019 Honda Accord Sport 1.5T  seed=20962422
      R 1  buy $ 18,488.93   sel     $24,000.00   [strat=friendly_rapport_builder] *
      R 2  buy $ 23,178.81   sel     $23,600.00   [strat=friendly_rapport_builder]
      R 3  buy $ 21,927.47   sel     $22,800.00   [strat=friendly_rapport_builder]
      R 4  buy $  7,389.02   sel     $22,800.00   [strat=friendly_rapport_builder]
      R 5  buy $ 16,218.80   sel     $22,000.00   [strat=friendly_rapport_builder]
      R 6  buy $  4,496.48   sel     $21,000.00   [strat=friendly_rapport_builder]
      R 7  buy $ 16,140.80   sel     $19,500.00   [strat=friendly_rapport_builder]
      R 8  buy $ 12,525.04   sel     $18,000.00   [strat=friendly_rapport_builder]
      R 9  buy $ 14,967.76   sel     $17,500.00   [strat=patient_value_defender] *
      R10  buy $ 13,283.51   sel     $16,500.00   [strat=patient_value_defender]
      R11  buy $  4,476.30   sel     $16,000.00   [strat=patient_value_defender]
      R12  buy $  2,135.97   sel     $15,500.00   [strat=patient_value_defender]
      R13  buy $ 10,032.38   sel     $15,000.00   [strat=patient_value_defender]
      R14  buy $  8,512.29   sel     $15,000.00   [strat=patient_value_defender]
      R15  buy $ 14,215.17   sel     $14,500.00   [strat=patient_value_defender]
      R16  buy $  1,089.71   sel     $14,500.00   [strat=patient_value_defender]
   run 3 done in 6.0 min

   run 4/30 on 2019 Honda Accord Sport 1.5T  seed=20962423
      R 1  buy $  5,163.86   sel     $25,500.00   [strat=friendly_rapport_builder] *
      R 2  buy $ 14,957.64   sel     $22,000.00   [strat=friendly_rapport_builder]
      R 3  buy $ 19,638.12   sel     $21,500.00   [strat=friendly_rapport_builder]
      R 4  buy $ 17,144.43   sel     $20,000.00   [strat=friendly_rapport_builder]
      R 5  buy $  1,847.58   sel     $19,500.00   [strat=friendly_rapport_builder]
      R 6  buy $ 15,144.12   sel     $17,500.00   [strat=friendly_rapport_builder]
      R 7  buy $ 16,053.11   sel     $16,500.00   [strat=friendly_rapport_builder]
      R 8  buy $  1,572.55   sel     $16,000.00   [strat=friendly_rapport_builder]
      R 9  buy $ 15,183.81   sel     $15,800.00   [strat=patient_value_defender] *
      R10  buy $ 10,256.49   sel     $15,500.00   [strat=patient_value_defender]
      R11  buy $    927.80   sel     $15,500.00   [strat=patient_value_defender]
      R12  buy $ 13,416.46   sel     $14,500.00   [strat=patient_value_defender]
      R13  buy $  6,180.50   sel     $14,500.00   [strat=patient_value_defender]
      R14  buy $  9,984.06   sel     $14,250.00   [strat=patient_value_defender]
      R15  buy $    922.49   sel     $14,250.00   [strat=patient_value_defender]
      R16  buy $ 10,545.27   sel     $14,250.00   [strat=patient_value_defender]
   run 4 done in 5.6 min

   run 5/30 on 2019 Honda Accord Sport 1.5T  seed=20962424
      R 1  buy $  9,757.81   sel     $24,000.00   [strat=friendly_rapport_builder] *
      R 2  buy $ 14,867.09   sel     $21,500.00   [strat=friendly_rapport_builder]
      R 3  buy $  8,502.17   sel     $19,500.00   [strat=friendly_rapport_builder]
      R 4  buy $ 15,877.95   sel     $18,500.00   [strat=friendly_rapport_builder]
      R 5  buy $ 10,307.40   sel     $17,500.00   [strat=friendly_rapport_builder]
      R 6  buy $ 17,324.12   sel     $17,324.12   [strat=friendly_rapport_builder]
      R 7  buy $  2,566.89   sel     $17,324.12   [strat=friendly_rapport_builder]
      R 8  buy $ 13,183.71   sel     $17,324.12   [strat=friendly_rapport_builder]
      R 9  buy $  7,986.04   sel     $17,324.12   [strat=patient_value_defender] *
      R10  buy $ 14,589.64   sel     $15,500.00   [strat=patient_value_defender]
      R11  buy $  3,087.49   sel     $15,000.00   [strat=patient_value_defender]
      R12  buy $    879.19   sel     $15,000.00   [strat=patient_value_defender]
      R13  buy $  7,368.80   sel     $15,000.00   [strat=patient_value_defender]
      R14  buy $  9,453.54   sel     $15,000.00   [strat=patient_value_defender]
      R15  buy $ 12,679.61   sel     $15,000.00   [strat=patient_value_defender]
      R16  buy $  3,365.08   sel     $15,000.00   [strat=patient_value_defender]
   run 5 done in 4.6 min

   run 6/30 on 2019 Honda Accord Sport 1.5T  seed=20962425
      R 1  buy $ 23,717.77   sel     $26,499.99   [strat=friendly_rapport_builder] *
      R 2  buy $ 24,338.43   sel     $25,888.88   [strat=friendly_rapport_builder]
      R 3  buy $  8,730.56   sel     $25,100.00   [strat=friendly_rapport_builder]
      R 4  buy $ 13,455.47   sel     $24,500.00   [strat=friendly_rapport_builder]
      R 5  buy $ 12,060.88   sel     $23,500.00   [strat=friendly_rapport_builder]
      R 6  buy $  9,294.46   sel     $22,500.00   [strat=friendly_rapport_builder]
      R 7  buy $ 18,416.45   sel     $21,500.00   [strat=friendly_rapport_builder]
      R 8  buy $  5,625.50   sel     $20,500.00   [strat=friendly_rapport_builder]
      R 9  buy $  3,894.81   sel     $19,500.00   [strat=patient_value_defender] *
      R10  buy $  9,351.01   sel     $19,000.00   [strat=patient_value_defender]
      R11  buy $ 17,233.01   sel     $18,200.00   [strat=patient_value_defender]
      R12  buy $  3,017.57   sel     $17,700.00   [strat=patient_value_defender]
      R13  buy $ 11,055.52   sel     $17,200.00   [strat=patient_value_defender]
      R14  buy $ 11,645.11   sel     $16,900.00   [strat=patient_value_defender]
      R15  buy $ 14,381.23   sel     $16,500.00   [strat=patient_value_defender]
      R16  buy $  1,189.46   sel     $16,500.00   [strat=patient_value_defender]
   run 6 done in 5.9 min

   run 7/30 on 2019 Honda Accord Sport 1.5T  seed=20962426
      R 1  buy $ 22,462.10   sel     $25,999.99   [strat=friendly_rapport_builder] *
      R 2  buy $ 13,108.94   sel     $25,500.00   [strat=friendly_rapport_builder]
      R 3  buy $  8,102.06   sel     $24,999.99   [strat=friendly_rapport_builder]
      R 4  buy $ 17,726.24   sel     $24,499.99   [strat=friendly_rapport_builder]
      R 5  buy $ 17,665.43   sel     $23,999.99   [strat=friendly_rapport_builder]
      R 6  buy $ 14,328.34   sel     $22,999.99   [strat=friendly_rapport_builder]
      R 7  buy $ 21,649.36   sel     $22,500.00   [strat=friendly_rapport_builder]
      R 8  buy $  1,174.17   sel     $22,499.99   [strat=friendly_rapport_builder]
      R 9  buy $ 10,741.09   sel     $21,999.99   [strat=patient_value_defender] *
      R10  buy $  6,432.34   sel     $21,500.00   [strat=patient_value_defender]
      R11  buy $ 13,452.07   sel     $21,000.00   [strat=patient_value_defender]
      R12  buy $ 11,903.55   sel     $20,500.00   [strat=patient_value_defender]
      R13  buy $ 10,661.89   sel     $20,000.00   [strat=patient_value_defender]
      R14  buy $  1,832.74   sel     $19,999.00   [strat=patient_value_defender]
      R15  buy $  7,870.73   sel     $19,500.00   [strat=patient_value_defender]
      R16  buy $  2,210.45   sel     $19,499.00   [strat=patient_value_defender]
   run 7 done in 4.4 min

   run 8/30 on 2019 Honda Accord Sport 1.5T  seed=20962427
      R 1  buy $ 11,155.75   sel     $17,499.00   [strat=friendly_rapport_builder] *
      R 2  buy $ 10,559.14   sel     $16,999.00   [strat=friendly_rapport_builder]
      R 3  buy $ 16,486.85   sel     $16,750.00   [strat=friendly_rapport_builder]
      R 4  buy $  1,477.59   sel     $16,750.00   [strat=friendly_rapport_builder]
      R 5  buy $  8,626.95   sel     $16,750.00   [strat=friendly_rapport_builder]
      R 6  buy $ 13,717.49   sel     $16,250.00   [strat=friendly_rapport_builder]
      R 7  buy $ 13,587.87   sel     $15,999.00   [strat=friendly_rapport_builder]
      R 8  buy $  9,835.32   sel     $15,999.00   [strat=friendly_rapport_builder]
      R 9  buy $ 15,896.41   sel     $15,950.00   [strat=patient_value_defender] *
      R10  buy $  5,682.19   sel     $15,999.00   [strat=patient_value_defender]
      R11  buy $  7,818.14   sel     $15,899.00   [strat=patient_value_defender]
      R12  buy $ 15,323.44   sel     $15,600.00   [strat=patient_value_defender]
      R13  buy $ 10,272.99   sel     $15,500.00   [strat=patient_value_defender]
      R14  buy $  8,837.53   sel     $15,500.00   [strat=patient_value_defender]
      R15  buy $ 14,536.61   sel     $15,400.00   [strat=patient_value_defender]
      R16  buy $  5,444.30   sel     $15,200.00   [strat=patient_value_defender]
   run 8 done in 5.5 min

   run 9/30 on 2019 Honda Accord Sport 1.5T  seed=20962428
      R 1  buy $ 13,441.97   sel     $15,000.00   [strat=friendly_rapport_builder] *
      R 2  buy $ 12,331.41   sel     $15,000.00   [strat=friendly_rapport_builder]
      R 3  buy $  4,880.04   sel     $14,500.00   [strat=friendly_rapport_builder]
      R 4  buy $ 10,445.87   sel     $14,000.00   [strat=friendly_rapport_builder]
      R 5  buy $ 11,821.90   sel     $13,800.00   [strat=friendly_rapport_builder]
      R 6  buy $  4,756.78   sel     $13,800.00   [strat=friendly_rapport_builder]
      R 7  buy $ 11,654.09   sel     $13,800.00   [strat=friendly_rapport_builder]
      R 8  buy $ 13,238.47   sel     $13,600.00   [strat=friendly_rapport_builder]
      R 9  buy $  3,235.48   sel     $13,500.00   [strat=patient_value_defender] *
      R10  buy $ 11,931.17   sel     PARSE-FAIL   [strat=patient_value_defender]
      R11  buy $ 11,505.72   sel     $13,400.00   [strat=patient_value_defender]
      R12  buy $ 12,124.49   sel     $13,300.00   [strat=patient_value_defender]
      R13  buy $ 11,636.42   sel     $13,200.00   [strat=patient_value_defender]
      R14  buy $  1,274.46   sel     $13,200.00   [strat=patient_value_defender]
      R15  buy $  4,430.54   sel     $13,200.00   [strat=patient_value_defender]
      R16  buy $    467.04   sel     $13,200.00   [strat=patient_value_defender]
   run 9 done in 6.4 min

   run 10/30 on 2019 Honda Accord Sport 1.5T  seed=20962429
      R 1  buy $ 23,232.29   sel     $26,500.00   [strat=friendly_rapport_builder] *
      R 2  buy $ 19,008.03   sel     $25,000.00   [strat=friendly_rapport_builder]
      R 3  buy $ 10,294.20   sel     $25,000.00   [strat=friendly_rapport_builder]
      R 4  buy $ 16,857.64   sel     $24,000.00   [strat=friendly_rapport_builder]
      R 5  buy $  1,985.92   sel     $23,500.00   [strat=friendly_rapport_builder]
      R 6  buy $  4,710.92   sel     $22,000.00   [strat=friendly_rapport_builder]
      R 7  buy $ 15,513.22   sel     $21,000.00   [strat=friendly_rapport_builder]
      R 8  buy $  8,976.02   sel     $20,500.00   [strat=friendly_rapport_builder]
      R 9  buy $  6,357.55   sel     $20,000.00   [strat=patient_value_defender] *
      R10  buy $ 15,673.80   sel     $19,500.00   [strat=patient_value_defender]
      R11  buy $ 17,521.04   sel     $19,000.00   [strat=patient_value_defender]
      R12  buy $ 18,281.93   sel     $18,800.00   [strat=patient_value_defender]
      R13  buy $  3,775.09   sel     $18,500.00   [strat=patient_value_defender]
      R14  buy $  7,621.18   sel     $18,200.00   [strat=patient_value_defender]
      R15  buy $    768.19   sel     $18,200.00   [strat=patient_value_defender]
      R16  buy $ 16,435.86   sel     $17,800.00   [strat=patient_value_defender]
   run 10 done in 6.1 min

   run 11/30 on 2019 Honda Accord Sport 1.5T  seed=20962430
      R 1  buy $  9,781.23   sel     $24,500.00   [strat=friendly_rapport_builder] *
      R 2  buy $ 17,265.91   sel     $21,500.00   [strat=friendly_rapport_builder]
      R 3  buy $  3,789.00   sel     $20,500.00   [strat=friendly_rapport_builder]
      R 4  buy $  5,802.40   sel     $19,500.00   [strat=friendly_rapport_builder]
      R 5  buy $ 14,053.01   sel     $19,000.00   [strat=friendly_rapport_builder]
      R 6  buy $  4,026.12   sel     $18,500.00   [strat=friendly_rapport_builder]
      R 7  buy $  3,762.85   sel     $18,000.00   [strat=friendly_rapport_builder]
      R 8  buy $    664.91   sel     $17,500.00   [strat=friendly_rapport_builder]
      R 9  buy $ 14,324.31   sel     $16,500.00   [strat=patient_value_defender] *
      R10  buy $  9,925.97   sel     $15,500.00   [strat=patient_value_defender]
      R11  buy $ 14,426.98   sel     $14,800.00   [strat=patient_value_defender]
      R12  buy $ 11,532.73   sel     $14,800.00   [strat=patient_value_defender]
      R13  buy $ 10,447.01   sel     $14,800.00   [strat=patient_value_defender]
      R14  buy $  3,009.19   sel     $14,800.00   [strat=patient_value_defender]
      R15  buy $  4,914.24   sel     $14,800.00   [strat=patient_value_defender]
      R16  buy $ 12,963.06   sel     $14,500.00   [strat=patient_value_defender]
   run 11 done in 5.2 min

   run 12/30 on 2019 Honda Accord Sport 1.5T  seed=20962431
      R 1  buy $  2,042.12   sel     $24,995.00   [strat=friendly_rapport_builder] *
      R 2  buy $  4,834.29   sel     $24,500.00   [strat=friendly_rapport_builder]
      R 3  buy $  9,321.72   sel     $23,500.00   [strat=friendly_rapport_builder]
      R 4  buy $ 10,315.90   sel     $22,500.00   [strat=friendly_rapport_builder]
      R 5  buy $ 15,483.04   sel     $21,500.00   [strat=friendly_rapport_builder]
      R 6  buy $ 12,466.70   sel     $20,500.00   [strat=friendly_rapport_builder]
      R 7  buy $ 11,140.21   sel     $19,900.00   [strat=friendly_rapport_builder]
      R 8  buy $  8,406.76   sel     $19,500.00   [strat=friendly_rapport_builder]
      R 9  buy $  2,975.36   sel     $19,250.00   [strat=patient_value_defender] *
      R10  buy $  7,933.63   sel     $19,000.00   [strat=patient_value_defender]
      R11  buy $ 13,608.67   sel     $18,500.00   [strat=patient_value_defender]
      R12  buy $  3,551.40   sel     $18,000.00   [strat=patient_value_defender]
      R13  buy $ 11,019.78   sel     $18,000.00   [strat=patient_value_defender]
      R14  buy $ 13,597.99   sel     $17,000.00   [strat=patient_value_defender]
      R15  buy $ 10,228.67   sel     $16,500.00   [strat=patient_value_defender]
      R16  buy $  2,429.08   sel     $16,500.00   [strat=patient_value_defender]
   run 12 done in 5.9 min

   run 13/30 on 2019 Honda Accord Sport 1.5T  seed=20962432
      R 1  buy $ 19,344.75   sel     $22,500.00   [strat=friendly_rapport_builder] *
      R 2  buy $ 15,621.66   sel     $21,000.00   [strat=friendly_rapport_builder]
      R 3  buy $    105.75   sel     $20,500.00   [strat=friendly_rapport_builder]
      R 4  buy $ 17,548.89   sel     $19,500.00   [strat=friendly_rapport_builder]
      R 5  buy $ 17,689.54   sel     $18,800.00   [strat=friendly_rapport_builder]
      R 6  buy $ 12,096.76   sel     $18,300.00   [strat=friendly_rapport_builder]
      R 7  buy $ 14,346.35   sel     $17,500.00   [strat=friendly_rapport_builder]
      R 8  buy $  9,775.97   sel     $16,500.00   [strat=friendly_rapport_builder]
      R 9  buy $  2,879.30   sel     $16,000.00   [strat=patient_value_defender] *
      R10  buy $  9,991.09   sel     $15,800.00   [strat=patient_value_defender]
      R11  buy $  9,778.99   sel     $15,500.00   [strat=patient_value_defender]
      R12  buy $  1,985.11   sel     $15,250.00   [strat=patient_value_defender]
      R13  buy $  3,782.35   sel     $15,200.00   [strat=patient_value_defender]
      R14  buy $    628.47   sel     $15,000.00   [strat=patient_value_defender]
      R15  buy $ 11,164.71   sel     $14,750.00   [strat=patient_value_defender]
      R16  buy $ 14,349.07   sel     $14,500.00   [strat=patient_value_defender]
   run 13 done in 4.9 min

   run 14/30 on 2019 Honda Accord Sport 1.5T  seed=20962433
      R 1  buy $ 13,314.52   sel     $15,800.00   [strat=friendly_rapport_builder] *
      R 2  buy $  9,452.47   sel     $15,500.00   [strat=friendly_rapport_builder]
      R 3  buy $ 15,396.74   sel     $15,450.00   [strat=friendly_rapport_builder]
      R 4  buy $  5,594.40   sel     $15,400.00   [strat=friendly_rapport_builder]
      R 5  buy $  2,559.48   sel     $15,300.00   [strat=friendly_rapport_builder]
      R 6  buy $  1,881.76   sel     $15,300.00   [strat=friendly_rapport_builder]
      R 7  buy $  1,723.42   sel     $15,300.00   [strat=friendly_rapport_builder]
      R 8  buy $  4,775.88   sel     $15,200.00   [strat=friendly_rapport_builder]
      R 9  buy $  9,434.06   sel     $15,100.00   [strat=patient_value_defender] *
      R10  buy $ 13,863.51   sel     $14,900.00   [strat=patient_value_defender]
      R11  buy $    753.31   sel     $14,800.00   [strat=patient_value_defender]
      R12  buy $  7,091.53   sel     $14,800.00   [strat=patient_value_defender]
      R13  buy $  1,789.45   sel     $14,800.00   [strat=patient_value_defender]
      R14  buy $  3,299.74   sel     $14,750.00   [strat=patient_value_defender]
      R15  buy $  7,152.94   sel     $14,750.00   [strat=patient_value_defender]
      R16  buy $  9,412.69   sel     $14,700.00   [strat=patient_value_defender]
   run 14 done in 4.7 min

   run 15/30 on 2019 Honda Accord Sport 1.5T  seed=20962434
      R 1  buy $ 15,925.84   sel     $17,995.00   [strat=friendly_rapport_builder] *
      R 2  buy $  9,213.80   sel     $17,500.00   [strat=friendly_rapport_builder]
      R 3  buy $ 16,171.95   sel     $16,900.00   [strat=friendly_rapport_builder]
      R 4  buy $ 12,336.25   sel     $16,500.00   [strat=friendly_rapport_builder]
      R 5  buy $  4,312.05   sel     $16,300.00   [strat=friendly_rapport_builder]
      R 6  buy $ 13,913.37   sel     $15,800.00   [strat=friendly_rapport_builder]
      R 7  buy $  6,936.06   sel     $15,500.00   [strat=friendly_rapport_builder]
      R 8  buy $ 12,085.12   sel     $15,000.00   [strat=friendly_rapport_builder]
      R 9  buy $    323.51   sel     $14,800.00   [strat=patient_value_defender] *
      R10  buy $ 11,901.24   sel     $14,600.00   [strat=patient_value_defender]
      R11  buy $  7,179.95   sel     $14,400.00   [strat=patient_value_defender]
      R12  buy $ 12,151.53   sel     $14,200.00   [strat=patient_value_defender]
      R13  buy $  2,457.03   sel     $14,200.00   [strat=patient_value_defender]
      R14  buy $ 12,459.44   sel     $14,000.00   [strat=patient_value_defender]
      R15  buy $    234.43   sel     $14,000.00   [strat=patient_value_defender]
      R16  buy $ 12,804.41   sel     $14,200.00   [strat=patient_value_defender]
   run 15 done in 6.7 min

   run 16/30 on 2019 Honda Accord Sport 1.5T  seed=20962435
      R 1  buy $ 20,020.56   sel     $25,500.00   [strat=friendly_rapport_builder] *
      R 2  buy $  3,507.90   sel     $24,500.00   [strat=friendly_rapport_builder]
      R 3  buy $  7,411.69   sel     $23,500.00   [strat=friendly_rapport_builder]
      R 4  buy $ 20,275.53   sel     $22,000.00   [strat=friendly_rapport_builder]
      R 5  buy $  3,849.99   sel     $22,000.00   [strat=friendly_rapport_builder]
      R 6  buy $  9,667.75   sel     $21,500.00   [strat=friendly_rapport_builder]
      R 7  buy $ 15,590.14   sel     $19,500.00   [strat=friendly_rapport_builder]
      R 8  buy $ 11,753.85   sel     $18,000.00   [strat=friendly_rapport_builder]
      R 9  buy $    978.63   sel     $17,500.00   [strat=patient_value_defender] *
      R10  buy $  8,798.55   sel     $17,000.00   [strat=patient_value_defender]
      R11  buy $ 16,834.93   sel     $16,834.93   [strat=patient_value_defender]
      R12  buy $  1,859.10   sel     $16,500.00   [strat=patient_value_defender]
      R13  buy $ 12,573.07   sel     $16,500.00   [strat=patient_value_defender]
      R14  buy $  1,747.23   sel     $16,000.00   [strat=patient_value_defender]
      R15  buy $  3,510.75   sel     $16,000.00   [strat=patient_value_defender]
      R16  buy $ 15,310.38   sel     $15,800.00   [strat=patient_value_defender]
   run 16 done in 5.3 min

   run 17/30 on 2019 Honda Accord Sport 1.5T  seed=20962436
      R 1  buy $ 20,002.63   sel     $24,995.00   [strat=friendly_rapport_builder] *
      R 2  buy $  4,949.47   sel     $24,500.00   [strat=friendly_rapport_builder]
      R 3  buy $  1,804.42   sel     $24,250.00   [strat=friendly_rapport_builder]
      R 4  buy $ 23,202.35   sel     $23,600.00   [strat=friendly_rapport_builder]
      R 5  buy $ 18,683.56   sel     $23,400.00   [strat=friendly_rapport_builder]
      R 6  buy $ 11,240.33   sel     $23,200.00   [strat=friendly_rapport_builder]
      R 7  buy $ 19,214.45   sel     $23,000.00   [strat=friendly_rapport_builder]
      R 8  buy $ 15,756.12   sel     $22,800.00   [strat=friendly_rapport_builder]
      R 9  buy $  3,513.65   sel     $22,800.00   [strat=patient_value_defender] *
      R10  buy $  3,189.05   sel     $22,800.00   [strat=patient_value_defender]
      R11  buy $ 14,874.61   sel     $22,000.00   [strat=patient_value_defender]
      R12  buy $ 16,690.25   sel     $21,500.00   [strat=patient_value_defender]
      R13  buy $ 12,192.13   sel     $21,000.00   [strat=patient_value_defender]
      R14  buy $  6,347.06   sel     $20,500.00   [strat=patient_value_defender]
      R15  buy $ 16,688.53   sel     $19,800.00   [strat=patient_value_defender]
      R16  buy $ 13,413.58   sel     $19,500.00   [strat=patient_value_defender]
   run 17 done in 6.3 min

   run 18/30 on 2019 Honda Accord Sport 1.5T  seed=20962437
      R 1  buy $ 26,587.61   sel     $27,800.00   [strat=friendly_rapport_builder] *
      R 2  buy $ 16,726.72   sel     $27,500.00   [strat=friendly_rapport_builder]
      R 3  buy $ 18,346.44   sel     $27,000.00   [strat=friendly_rapport_builder]
      R 4  buy $ 16,617.83   sel     $26,500.00   [strat=friendly_rapport_builder]
      R 5  buy $ 21,342.82   sel     $26,000.00   [strat=friendly_rapport_builder]
      R 6  buy $ 23,942.36   sel     $25,500.00   [strat=friendly_rapport_builder]
      R 7  buy $ 20,923.43   sel     $25,000.00   [strat=friendly_rapport_builder]
      R 8  buy $  5,990.07   sel     $25,000.00   [strat=friendly_rapport_builder]
      R 9  buy $ 20,411.44   sel     $24,500.00   [strat=patient_value_defender] *
      R10  buy $ 15,076.09   sel     $24,000.00   [strat=patient_value_defender]
      R11  buy $  7,294.97   sel     $23,500.00   [strat=patient_value_defender]
      R12  buy $ 13,241.14   sel     $23,000.00   [strat=patient_value_defender]
      R13  buy $  3,722.31   sel     $22,500.00   [strat=patient_value_defender]
      R14  buy $ 11,547.27   sel     $22,000.00   [strat=patient_value_defender]
      R15  buy $ 13,229.49   sel     $21,000.00   [strat=patient_value_defender]
      R16  buy $  3,420.57   sel     $21,500.00   [strat=patient_value_defender]
   run 18 done in 6.5 min

   run 19/30 on 2019 Honda Accord Sport 1.5T  seed=20962438
      R 1  buy $  9,761.57   sel     $24,000.00   [strat=friendly_rapport_builder] *
      R 2  buy $ 13,248.02   sel     $22,500.00   [strat=friendly_rapport_builder]
      R 3  buy $  2,858.78   sel     $21,500.00   [strat=friendly_rapport_builder]
      R 4  buy $  3,843.68   sel     $19,500.00   [strat=friendly_rapport_builder]
      R 5  buy $ 16,497.19   sel     $19,000.00   [strat=friendly_rapport_builder]
      R 6  buy $  1,921.61   sel     $18,500.00   [strat=friendly_rapport_builder]
      R 7  buy $  3,562.72   sel     $18,000.00   [strat=friendly_rapport_builder]
      R 8  buy $ 12,429.91   sel     $17,500.00   [strat=friendly_rapport_builder]
      R 9  buy $ 10,598.78   sel     $17,000.00   [strat=patient_value_defender] *
      R10  buy $  1,526.54   sel     $16,500.00   [strat=patient_value_defender]
      R11  buy $  4,983.11   sel     $16,500.00   [strat=patient_value_defender]
      R12  buy $  2,516.85   sel     $16,500.00   [strat=patient_value_defender]
      R13  buy $ 11,010.37   sel     $16,500.00   [strat=patient_value_defender]
      R14  buy $ 15,492.74   sel     $16,000.00   [strat=patient_value_defender]
      R15  buy $    128.76   sel     $16,000.00   [strat=patient_value_defender]
      R16  buy $  2,316.62   sel     $16,000.00   [strat=patient_value_defender]
   run 19 done in 6.8 min

   run 20/30 on 2019 Honda Accord Sport 1.5T  seed=20962439
      R 1  buy $ 13,169.12   sel     $19,500.00   [strat=friendly_rapport_builder] *
      R 2  buy $ 16,256.58   sel     $17,999.00   [strat=friendly_rapport_builder]
      R 3  buy $ 10,289.72   sel     $17,500.00   [strat=friendly_rapport_builder]
      R 4  buy $ 10,391.51   sel     $17,250.00   [strat=friendly_rapport_builder]
      R 5  buy $  7,927.03   sel     $16,999.00   [strat=friendly_rapport_builder]
      R 6  buy $ 14,366.03   sel     $16,500.00   [strat=friendly_rapport_builder]
      R 7  buy $  7,027.80   sel     $15,999.00   [strat=friendly_rapport_builder]
      R 8  buy $    836.75   sel     $15,500.00   [strat=friendly_rapport_builder]
      R 9  buy $  8,779.23   sel     $15,250.00   [strat=patient_value_defender] *
      R10  buy $  8,771.10   sel     $15,000.00   [strat=patient_value_defender]
      R11  buy $  9,380.35   sel     $14,999.00   [strat=patient_value_defender]
      R12  buy $ 14,204.86   sel     $14,500.00   [strat=patient_value_defender]
      R13  buy $  6,465.31   sel     $14,499.00   [strat=patient_value_defender]
      R14  buy $  6,647.86   sel     $14,400.00   [strat=patient_value_defender]
      R15  buy $    524.79   sel     $14,200.00   [strat=patient_value_defender]
      R16  buy $ 11,854.48   sel     $14,000.00   [strat=patient_value_defender]
   run 20 done in 6.0 min

   run 21/30 on 2019 Honda Accord Sport 1.5T  seed=20962440
      R 1  buy $ 27,579.11   sel     $27,800.00   [strat=friendly_rapport_builder] *
      R 2  buy $ 23,442.04   sel     $27,500.00   [strat=friendly_rapport_builder]
      R 3  buy $  7,862.42   sel     $27,000.00   [strat=friendly_rapport_builder]
      R 4  buy $ 16,230.89   sel     $26,500.00   [strat=friendly_rapport_builder]
      R 5  buy $ 15,850.58   sel     $26,000.00   [strat=friendly_rapport_builder]
      R 6  buy $ 23,489.75   sel     $25,500.00   [strat=friendly_rapport_builder]
      R 7  buy $  7,490.85   sel     $25,500.00   [strat=friendly_rapport_builder]
      R 8  buy $ 14,940.02   sel     $25,000.00   [strat=friendly_rapport_builder]
      R 9  buy $ 13,025.56   sel     $24,500.00   [strat=patient_value_defender] *
      R10  buy $    872.16   sel     $24,500.00   [strat=patient_value_defender]
      R11  buy $ 22,273.20   sel     $24,000.00   [strat=patient_value_defender]
      R12  buy $     42.32   sel     $24,000.00   [strat=patient_value_defender]
      R13  buy $ 10,656.36   sel     $23,500.00   [strat=patient_value_defender]
      R14  buy $  8,699.76   sel     $23,000.00   [strat=patient_value_defender]
      R15  buy $ 18,564.19   sel     $22,500.00   [strat=patient_value_defender]
      R16  buy $ 20,214.13   sel     $21,500.00   [strat=patient_value_defender]
   run 21 done in 5.8 min

   run 22/30 on 2019 Honda Accord Sport 1.5T  seed=20962441
      R 1  buy $  6,793.04   sel     $25,000.00   [strat=friendly_rapport_builder] *
      R 2  buy $  7,578.80   sel     $23,500.00   [strat=friendly_rapport_builder]
      R 3  buy $ 22,167.94   sel     $23,000.00   [strat=friendly_rapport_builder]
      R 4  buy $  1,660.25   sel     $22,500.00   [strat=friendly_rapport_builder]
      R 5  buy $ 13,406.61   sel     $22,000.00   [strat=friendly_rapport_builder]
      R 6  buy $ 21,593.28   sel     $22,000.00   [strat=friendly_rapport_builder]
      R 7  buy $ 21,422.90   sel     $21,422.90   [strat=friendly_rapport_builder]
      R 8  buy $  2,763.23   sel     $21,000.00   [strat=friendly_rapport_builder]
      R 9  buy $ 10,015.83   sel     $21,000.00   [strat=patient_value_defender] *
      R10  buy $  9,833.10   sel     $21,000.00   [strat=patient_value_defender]
      R11  buy $  3,319.85   sel     $21,000.00   [strat=patient_value_defender]
      R12  buy $  5,436.72   sel     $21,000.00   [strat=patient_value_defender]
      R13  buy $  4,970.81   sel     $20,500.00   [strat=patient_value_defender]
      R14  buy $  4,464.82   sel     $20,000.00   [strat=patient_value_defender]
      R15  buy $  4,321.49   sel     $19,500.00   [strat=patient_value_defender]
      R16  buy $ 15,897.98   sel     $18,000.00   [strat=patient_value_defender]
   run 22 done in 6.0 min

   run 23/30 on 2019 Honda Accord Sport 1.5T  seed=20962442
      R 1  buy $  1,142.32   sel     $23,000.00   [strat=friendly_rapport_builder] *
      R 2  buy $ 18,834.17   sel     $20,500.00   [strat=friendly_rapport_builder]
      R 3  buy $  7,441.57   sel     $19,000.00   [strat=friendly_rapport_builder]
      R 4  buy $ 15,969.79   sel     $17,500.00   [strat=friendly_rapport_builder]
      R 5  buy $    334.14   sel     $16,500.00   [strat=friendly_rapport_builder]
      R 6  buy $ 15,102.83   sel     $16,000.00   [strat=friendly_rapport_builder]
      R 7  buy $ 15,886.96   sel     $15,950.00   [strat=friendly_rapport_builder]
      R 8  buy $ 13,731.55   sel     $15,500.00   [strat=friendly_rapport_builder]
      R 9  buy $  1,518.06   sel     $15,250.00   [strat=patient_value_defender] *
      R10  buy $  8,020.66   sel     $15,000.00   [strat=patient_value_defender]
      R11  buy $  1,077.22   sel     $15,000.00   [strat=patient_value_defender]
      R12  buy $  4,932.18   sel     $14,500.00   [strat=patient_value_defender]
      R13  buy $  6,338.50   sel     $14,500.00   [strat=patient_value_defender]
      R14  buy $  5,695.98   sel     $14,500.00   [strat=patient_value_defender]
      R15  buy $  6,626.82   sel     $14,500.00   [strat=patient_value_defender]
      R16  buy $  9,943.11   sel     $14,250.00   [strat=patient_value_defender]
   run 23 done in 5.9 min

   run 24/30 on 2019 Honda Accord Sport 1.5T  seed=20962443
      R 1  buy $ 24,810.14   sel     $27,495.00   [strat=friendly_rapport_builder] *
      R 2  buy $ 19,403.17   sel     $25,995.00   [strat=friendly_rapport_builder]
      R 3  buy $ 18,435.55   sel     $25,500.00   [strat=friendly_rapport_builder]
      R 4  buy $ 15,040.03   sel     $25,000.00   [strat=friendly_rapport_builder]
      R 5  buy $ 21,598.73   sel     $24,500.00   [strat=friendly_rapport_builder]
      R 6  buy $ 14,753.44   sel     $24,000.00   [strat=friendly_rapport_builder]
      R 7  buy $ 23,003.64   sel     $23,500.00   [strat=friendly_rapport_builder]
      R 8  buy $  8,673.83   sel     $23,000.00   [strat=friendly_rapport_builder]
      R 9  buy $ 20,196.28   sel     $22,500.00   [strat=patient_value_defender] *
      R10  buy $ 22,051.44   sel     $22,200.00   [strat=patient_value_defender]
      R11  buy $  8,864.17   sel     $22,000.00   [strat=patient_value_defender]
      R12  buy $  6,965.32   sel     $22,000.00   [strat=patient_value_defender]
      R13  buy $    892.26   sel     $21,500.00   [strat=patient_value_defender]
      R14  buy $ 16,434.81   sel     $21,000.00   [strat=patient_value_defender]
      R15  buy $  5,477.47   sel     $20,500.00   [strat=patient_value_defender]
      R16  buy $ 11,616.62   sel     $19,000.00   [strat=patient_value_defender]
   run 24 done in 6.1 min

   run 25/30 on 2019 Honda Accord Sport 1.5T  seed=20962444
      R 1  buy $ 20,478.05   sel     $26,500.00   [strat=friendly_rapport_builder] *
      R 2  buy $ 18,317.06   sel     $25,500.00   [strat=friendly_rapport_builder]
      R 3  buy $ 13,733.04   sel     $24,500.00   [strat=friendly_rapport_builder]
      R 4  buy $  4,132.60   sel     $23,900.00   [strat=friendly_rapport_builder]
      R 5  buy $ 18,119.79   sel     $23,000.00   [strat=friendly_rapport_builder]
      R 6  buy $  8,605.62   sel     $22,500.00   [strat=friendly_rapport_builder]
      R 7  buy $ 14,179.17   sel     $21,500.00   [strat=friendly_rapport_builder]
      R 8  buy $ 11,959.66   sel     $20,000.00   [strat=friendly_rapport_builder]
      R 9  buy $    534.49   sel     $19,500.00   [strat=patient_value_defender] *
      R10  buy $  8,032.41   sel     $18,900.00   [strat=patient_value_defender]
      R11  buy $  5,891.67   sel     $18,500.00   [strat=patient_value_defender]
      R12  buy $  6,805.79   sel     $18,250.00   [strat=patient_value_defender]
      R13  buy $  9,408.25   sel     $17,900.00   [strat=patient_value_defender]
      R14  buy $  6,416.99   sel     $17,900.00   [strat=patient_value_defender]
      R15  buy $  7,237.06   sel     $17,900.00   [strat=patient_value_defender]
      R16  buy $  6,892.73   sel     $17,750.00   [strat=patient_value_defender]
   run 25 done in 7.0 min

   run 26/30 on 2019 Honda Accord Sport 1.5T  seed=20962445
      R 1  buy $ 15,225.60   sel     $19,500.00   [strat=friendly_rapport_builder] *
      R 2  buy $  2,512.50   sel     $17,500.00   [strat=friendly_rapport_builder]
      R 3  buy $  1,360.42   sel     $16,500.00   [strat=friendly_rapport_builder]
      R 4  buy $  8,643.47   sel     $15,500.00   [strat=friendly_rapport_builder]
      R 5  buy $  2,883.63   sel     $15,000.00   [strat=friendly_rapport_builder]
      R 6  buy $  2,612.26   sel     $14,900.00   [strat=friendly_rapport_builder]
      R 7  buy $    640.50   sel     $14,900.00   [strat=friendly_rapport_builder]
      R 8  buy $  4,650.14   sel     $14,800.00   [strat=friendly_rapport_builder]
      R 9  buy $  1,865.06   sel     $14,700.00   [strat=patient_value_defender] *
      R10  buy $  5,596.51   sel     $14,600.00   [strat=patient_value_defender]
      R11  buy $  5,911.12   sel     $14,600.00   [strat=patient_value_defender]
      R12  buy $  9,240.78   sel     $14,500.00   [strat=patient_value_defender]
      R13  buy $  3,193.74   sel     $14,500.00   [strat=patient_value_defender]
      R14  buy $ 12,925.96   sel     $14,300.00   [strat=patient_value_defender]
      R15  buy $    718.50   sel     $14,000.00   [strat=patient_value_defender]
      R16  buy $ 10,268.77   sel     $13,950.00   [strat=patient_value_defender]
   run 26 done in 6.8 min

   run 27/30 on 2019 Honda Accord Sport 1.5T  seed=20962446
      R 1  buy $ 20,653.74   sel     $26,000.00   [strat=friendly_rapport_builder] *
      R 2  buy $ 16,223.59   sel     $25,500.00   [strat=friendly_rapport_builder]
      R 3  buy $ 14,651.35   sel     $25,000.00   [strat=friendly_rapport_builder]
      R 4  buy $  8,944.54   sel     $24,500.00   [strat=friendly_rapport_builder]
      R 5  buy $  9,750.20   sel     $24,000.00   [strat=friendly_rapport_builder]
      R 6  buy $  2,770.75   sel     $23,500.00   [strat=friendly_rapport_builder]
      R 7  buy $ 15,706.50   sel     $22,000.00   [strat=friendly_rapport_builder]
      R 8  buy $  9,385.17   sel     $21,500.00   [strat=friendly_rapport_builder]
      R 9  buy $  7,272.51   sel     $21,000.00   [strat=patient_value_defender] *
      R10  buy $ 11,049.30   sel     $20,500.00   [strat=patient_value_defender]
      R11  buy $ 10,982.18   sel     $20,000.00   [strat=patient_value_defender]
      R12  buy $    210.46   sel     $19,500.00   [strat=patient_value_defender]
      R13  buy $  5,806.54   sel     $19,000.00   [strat=patient_value_defender]
      R14  buy $  2,203.76   sel     $18,500.00   [strat=patient_value_defender]
      R15  buy $  9,752.47   sel     $18,000.00   [strat=patient_value_defender]
      R16  buy $  4,828.98   sel     $17,500.00   [strat=patient_value_defender]
   run 27 done in 5.6 min

   run 28/30 on 2019 Honda Accord Sport 1.5T  seed=20962447
      R 1  buy $ 18,783.14   sel     $20,500.00   [strat=friendly_rapport_builder] *
      R 2  buy $ 18,535.28   sel     $20,000.00   [strat=friendly_rapport_builder]
      R 3  buy $  9,018.62   sel     $19,500.00   [strat=friendly_rapport_builder]
      R 4  buy $  2,349.69   sel     $19,000.00   [strat=friendly_rapport_builder]
      R 5  buy $ 18,051.22   sel     $18,500.00   [strat=friendly_rapport_builder]
      R 6  buy $ 10,176.00   sel     $17,500.00   [strat=friendly_rapport_builder]
      R 7  buy $ 10,345.75   sel     $16,500.00   [strat=friendly_rapport_builder]
      R 8  buy $  3,839.80   sel     $15,500.00   [strat=friendly_rapport_builder]
      R 9  buy $ 11,853.23   sel     $15,000.00   [strat=patient_value_defender] *
      R10  buy $  1,018.62   sel     $14,500.00   [strat=patient_value_defender]
      R11  buy $  6,723.68   sel     $14,250.00   [strat=patient_value_defender]
      R12  buy $ 11,531.71   sel     $14,000.00   [strat=patient_value_defender]
      R13  buy $  3,658.34   sel     $14,000.00   [strat=patient_value_defender]
      R14  buy $ 12,822.22   sel     $14,000.00   [strat=patient_value_defender]
      R15  buy $  5,094.19   sel     $14,000.00   [strat=patient_value_defender]
      R16  buy $  6,042.23   sel     $14,000.00   [strat=patient_value_defender]
   run 28 done in 7.0 min

   run 29/30 on 2019 Honda Accord Sport 1.5T  seed=20962448
      R 1  buy $ 13,123.38   sel     $19,500.00   [strat=friendly_rapport_builder] *
      R 2  buy $    297.16   sel     $18,900.00   [strat=friendly_rapport_builder]
      R 3  buy $    733.56   sel     $18,500.00   [strat=friendly_rapport_builder]
      R 4  buy $ 11,967.51   sel     $18,000.00   [strat=friendly_rapport_builder]
      R 5  buy $ 15,160.39   sel     $17,500.00   [strat=friendly_rapport_builder]
      R 6  buy $ 11,146.26   sel     $17,200.00   [strat=friendly_rapport_builder]
      R 7  buy $ 12,090.40   sel     $16,900.00   [strat=friendly_rapport_builder]
      R 8  buy $  1,820.96   sel     $16,700.00   [strat=friendly_rapport_builder]
      R 9  buy $  8,889.60   sel     $16,500.00   [strat=patient_value_defender] *
      R10  buy $ 14,728.44   sel     $16,000.00   [strat=patient_value_defender]
      R11  buy $  3,076.29   sel     $15,900.00   [strat=patient_value_defender]
      R12  buy $ 15,725.67   sel     $15,800.00   [strat=patient_value_defender]
      R13  buy $  3,937.52   sel     $15,700.00   [strat=patient_value_defender]
      R14  buy $ 13,495.17   sel     $15,500.00   [strat=patient_value_defender]
      R15  buy $ 15,016.59   sel     $15,300.00   [strat=patient_value_defender]
      R16  buy $     75.09   sel     $15,200.00   [strat=patient_value_defender]
   run 29 done in 6.1 min

   run 30/30 on 2019 Honda Accord Sport 1.5T  seed=20962449
      R 1  buy $ 27,922.68   sel     $28,500.00   [strat=friendly_rapport_builder] *
      R 2  buy $  4,133.09   sel     $27,500.00   [strat=friendly_rapport_builder]
      R 3  buy $ 18,646.59   sel     $26,500.00   [strat=friendly_rapport_builder]
      R 4  buy $  3,444.89   sel     $25,500.00   [strat=friendly_rapport_builder]
      R 5  buy $  9,985.24   sel     $24,500.00   [strat=friendly_rapport_builder]
      R 6  buy $ 23,414.84   sel     $24,000.00   [strat=friendly_rapport_builder]
      R 7  buy $  3,339.17   sel     $23,500.00   [strat=friendly_rapport_builder]
      R 8  buy $ 16,114.79   sel     $22,500.00   [strat=friendly_rapport_builder]
      R 9  buy $ 10,270.57   sel     $21,000.00   [strat=patient_value_defender] *
      R10  buy $ 15,662.61   sel     $20,000.00   [strat=patient_value_defender]
      R11  buy $  2,039.04   sel     $19,500.00   [strat=patient_value_defender]
      R12  buy $  5,517.14   sel     $19,000.00   [strat=patient_value_defender]
      R13  buy $ 13,148.62   sel     $18,000.00   [strat=patient_value_defender]
      R14  buy $  2,623.41   sel     $17,500.00   [strat=patient_value_defender]
      R15  buy $ 17,158.02   sel     $17,300.00   [strat=patient_value_defender]
      R16  buy $ 14,838.78   sel     $16,000.00   [strat=patient_value_defender]
   run 30 done in 7.6 min

   ---> checkpoint: car 3/5 done in 177.5 min; total so far 549.8 min; saved 90 runs to exp07_transitionA_rep2.json

--- CAR 4/5: 2022 Toyota RAV4 XLE AWD  (M=$32,000.00  cost=$20,800.00  cost/M=65.00%) ---

   run 1/30 on 2022 Toyota RAV4 XLE AWD  seed=20963420
      R 1  buy $ 15,488.92   sel     $29,998.00   [strat=friendly_rapport_builder] *
      R 2  buy $ 20,344.67   sel     $28,500.00   [strat=friendly_rapport_builder]
      R 3  buy $ 26,025.83   sel     $27,499.00   [strat=friendly_rapport_builder]
      R 4  buy $ 16,404.61   sel     $26,500.00   [strat=friendly_rapport_builder]
      R 5  buy $ 23,911.56   sel     $25,500.00   [strat=friendly_rapport_builder]
      R 6  buy $ 15,825.99   sel     $25,500.00   [strat=friendly_rapport_builder]
      R 7  buy $  3,527.39   sel     $25,500.00   [strat=friendly_rapport_builder]
      R 8  buy $ 17,922.56   sel     $25,000.00   [strat=friendly_rapport_builder]
      R 9  buy $ 10,748.04   sel     $24,500.00   [strat=patient_value_defender] *
      R10  buy $  7,784.61   sel     $24,500.00   [strat=patient_value_defender]
      R11  buy $  8,127.74   sel     $24,250.00   [strat=patient_value_defender]
      R12  buy $  2,513.54   sel     $24,250.00   [strat=patient_value_defender]
      R13  buy $ 20,160.24   sel     $23,500.00   [strat=patient_value_defender]
      R14  buy $  6,196.72   sel     $22,999.00   [strat=patient_value_defender]
      R15  buy $  6,156.28   sel     $22,500.00   [strat=patient_value_defender]
      R16  buy $ 13,798.29   sel     $22,000.00   [strat=patient_value_defender]
   run 1 done in 7.6 min

   run 2/30 on 2022 Toyota RAV4 XLE AWD  seed=20963421
      R 1  buy $ 10,179.50   sel     $27,500.00   [strat=friendly_rapport_builder] *
      R 2  buy $ 11,843.97   sel     $27,000.00   [strat=friendly_rapport_builder]
      R 3  buy $ 20,143.96   sel     $25,500.00   [strat=friendly_rapport_builder]
      R 4  buy $ 25,339.01   sel     $25,339.01   [strat=friendly_rapport_builder]
      R 5  buy $  9,648.77   sel     $25,000.00   [strat=friendly_rapport_builder]
      R 6  buy $  4,078.39   sel     $24,500.00   [strat=friendly_rapport_builder]
      R 7  buy $ 16,541.60   sel     $23,500.00   [strat=friendly_rapport_builder]
      R 8  buy $  6,786.13   sel     $22,500.00   [strat=friendly_rapport_builder]
      R 9  buy $  3,914.06   sel     $21,500.00   [strat=patient_value_defender] *
      R10  buy $ 16,900.25   sel     $21,000.00   [strat=patient_value_defender]
      R11  buy $ 17,699.22   sel     $20,800.00   [strat=patient_value_defender]
      R12  buy $    851.88   sel     $20,800.00   [strat=patient_value_defender]
      R13  buy $ 18,906.23   sel     $20,800.00   [strat=patient_value_defender]
      R14  buy $ 13,940.19   sel     $20,800.00   [strat=patient_value_defender]
      R15  buy $    592.96   sel     $20,800.00   [strat=patient_value_defender]
      R16  buy $  4,742.24   sel     $20,800.00   [strat=patient_value_defender]
   run 2 done in 8.0 min

   run 3/30 on 2022 Toyota RAV4 XLE AWD  seed=20963422
      R 1  buy $ 17,627.50   sel     $29,000.00   [strat=friendly_rapport_builder] *
      R 2  buy $  2,518.45   sel     $27,999.00   [strat=friendly_rapport_builder]
      R 3  buy $  9,133.13   sel     $27,000.00   [strat=friendly_rapport_builder]
      R 4  buy $  1,109.62   sel     $26,500.00   [strat=friendly_rapport_builder]
      R 5  buy $  8,160.59   sel     $25,999.00   [strat=friendly_rapport_builder]
      R 6  buy $ 15,913.93   sel     $25,500.00   [strat=friendly_rapport_builder]
      R 7  buy $ 17,713.49   sel     $24,500.00   [strat=friendly_rapport_builder]
      R 8  buy $  7,795.55   sel     $23,999.00   [strat=friendly_rapport_builder]
      R 9  buy $  9,853.79   sel     $23,499.00   [strat=patient_value_defender] *
      R10  buy $ 22,389.16   sel     $22,999.00   [strat=patient_value_defender]
      R11  buy $ 17,054.76   sel     $22,500.00   [strat=patient_value_defender]
      R12  buy $  1,909.17   sel     $22,500.00   [strat=patient_value_defender]
      R13  buy $  7,877.78   sel     $22,500.00   [strat=patient_value_defender]
      R14  buy $  4,835.37   sel     $22,500.00   [strat=patient_value_defender]
      R15  buy $ 15,844.78   sel     $21,999.00   [strat=patient_value_defender]
      R16  buy $ 11,906.96   sel     $21,500.00   [strat=patient_value_defender]
   run 3 done in 8.2 min

   run 4/30 on 2022 Toyota RAV4 XLE AWD  seed=20963423
      R 1  buy $ 31,899.77   sel     $32,500.00   [strat=friendly_rapport_builder] *
      R 2  buy $ 19,301.87   sel     $31,500.00   [strat=friendly_rapport_builder]
      R 3  buy $  1,928.84   sel     $31,000.00   [strat=friendly_rapport_builder]
      R 4  buy $ 22,184.03   sel     $30,500.00   [strat=friendly_rapport_builder]
      R 5  buy $ 25,591.85   sel     $30,000.00   [strat=friendly_rapport_builder]
      R 6  buy $ 22,714.23   sel     $29,500.00   [strat=friendly_rapport_builder]
      R 7  buy $ 24,735.44   sel     $28,000.00   [strat=friendly_rapport_builder]
      R 8  buy $ 18,989.03   sel     $27,500.00   [strat=friendly_rapport_builder]
      R 9  buy $    899.14   sel     $27,000.00   [strat=patient_value_defender] *
      R10  buy $ 22,151.19   sel     $26,500.00   [strat=patient_value_defender]
      R11  buy $  7,147.52   sel     $26,000.00   [strat=patient_value_defender]
      R12  buy $ 25,875.01   sel     $25,950.00   [strat=patient_value_defender]
      R13  buy $ 13,114.98   sel     $25,950.00   [strat=patient_value_defender]
      R14  buy $  9,192.27   sel     $25,500.00   [strat=patient_value_defender]
      R15  buy $ 21,609.42   sel     $24,999.00   [strat=patient_value_defender]
      R16  buy $ 14,988.73   sel     $24,500.00   [strat=patient_value_defender]
   run 4 done in 8.4 min

   run 5/30 on 2022 Toyota RAV4 XLE AWD  seed=20963424
      R 1  buy $ 28,586.49   sel     $31,500.00   [strat=friendly_rapport_builder] *
      R 2  buy $ 10,771.97   sel     $30,000.00   [strat=friendly_rapport_builder]
      R 3  buy $ 21,698.11   sel     $27,500.00   [strat=friendly_rapport_builder]
      R 4  buy $ 26,713.47   sel     $27,000.00   [strat=friendly_rapport_builder]
      R 5  buy $  5,181.39   sel     $27,000.00   [strat=friendly_rapport_builder]
      R 6  buy $ 23,481.33   sel     $25,000.00   [strat=friendly_rapport_builder]
      R 7  buy $  3,435.83   sel     $25,000.00   [strat=friendly_rapport_builder]
      R 8  buy $ 21,302.69   sel     $23,250.00   [strat=friendly_rapport_builder]
      R 9  buy $  1,570.57   sel     $23,250.00   [strat=patient_value_defender] *
      R10  buy $  9,099.89   sel     $22,000.00   [strat=patient_value_defender]
      R11  buy $  2,943.43   sel     $22,000.00   [strat=patient_value_defender]
      R12  buy $ 21,327.97   sel     $21,327.97   [strat=patient_value_defender]
      R13  buy $ 11,763.43   sel     $21,500.00   [strat=patient_value_defender]
      R14  buy $  8,397.78   sel     $21,500.00   [strat=patient_value_defender]
      R15  buy $ 16,596.58   sel     $21,000.00   [strat=patient_value_defender]
      R16  buy $ 12,881.80   sel     $20,500.00   [strat=patient_value_defender]
   run 5 done in 6.1 min

   run 6/30 on 2022 Toyota RAV4 XLE AWD  seed=20963425
      R 1  buy $  6,397.97   sel     $30,998.00   [strat=friendly_rapport_builder] *
      R 2  buy $ 30,390.57   sel     $30,698.00   [strat=friendly_rapport_builder]
      R 3  buy $ 18,111.97   sel     $30,500.00   [strat=friendly_rapport_builder]
      R 4  buy $ 24,647.16   sel     $29,998.00   [strat=friendly_rapport_builder]
      R 5  buy $ 17,490.52   sel     $29,500.00   [strat=friendly_rapport_builder]
      R 6  buy $  5,369.76   sel     $28,998.00   [strat=friendly_rapport_builder]
      R 7  buy $ 11,119.76   sel     $28,500.00   [strat=friendly_rapport_builder]
      R 8  buy $ 26,677.97   sel     $27,800.00   [strat=friendly_rapport_builder]
      R 9  buy $ 22,280.95   sel     $27,500.00   [strat=patient_value_defender] *
      R10  buy $ 16,858.44   sel     $27,500.00   [strat=patient_value_defender]
      R11  buy $    351.10   sel     $27,500.00   [strat=patient_value_defender]
      R12  buy $  7,848.14   sel     $27,000.00   [strat=patient_value_defender]
      R13  buy $ 11,574.93   sel     $26,500.00   [strat=patient_value_defender]
      R14  buy $  7,653.65   sel     $26,000.00   [strat=patient_value_defender]
      R15  buy $ 24,562.60   sel     $25,500.00   [strat=patient_value_defender]
      R16  buy $ 15,080.26   sel     $25,000.00   [strat=patient_value_defender]
   run 6 done in 6.9 min

   run 7/30 on 2022 Toyota RAV4 XLE AWD  seed=20963426
      R 1  buy $  9,033.61   sel     $31,500.00   [strat=friendly_rapport_builder] *
      R 2  buy $ 22,454.14   sel     $29,500.00   [strat=friendly_rapport_builder]
      R 3  buy $ 18,525.98   sel     $27,500.00   [strat=friendly_rapport_builder]
      R 4  buy $  7,209.70   sel     $27,500.00   [strat=friendly_rapport_builder]
      R 5  buy $ 10,931.17   sel     $26,500.00   [strat=friendly_rapport_builder]
      R 6  buy $  6,240.38   sel     $26,500.00   [strat=friendly_rapport_builder]
      R 7  buy $ 20,281.72   sel     $25,500.00   [strat=friendly_rapport_builder]
      R 8  buy $ 16,538.48   sel     $24,500.00   [strat=friendly_rapport_builder]
      R 9  buy $  6,303.39   sel     $24,500.00   [strat=patient_value_defender] *
      R10  buy $ 19,392.41   sel     $23,900.00   [strat=patient_value_defender]
      R11  buy $  9,206.72   sel     $23,500.00   [strat=patient_value_defender]
      R12  buy $  4,607.29   sel     $23,000.00   [strat=patient_value_defender]
      R13  buy $  8,194.21   sel     $22,500.00   [strat=patient_value_defender]
      R14  buy $  3,381.52   sel     $22,500.00   [strat=patient_value_defender]
      R15  buy $ 18,457.51   sel     $22,500.00   [strat=patient_value_defender]
      R16  buy $  7,168.68   sel     $22,400.00   [strat=patient_value_defender]
   run 7 done in 6.2 min

   run 8/30 on 2022 Toyota RAV4 XLE AWD  seed=20963427
      R 1  buy $ 29,502.33   sel     $31,000.00   [strat=friendly_rapport_builder] *
      R 2  buy $ 17,641.99   sel     $28,500.00   [strat=friendly_rapport_builder]
      R 3  buy $ 10,606.37   sel     $27,500.00   [strat=friendly_rapport_builder]
      R 4  buy $ 19,803.22   sel     $26,500.00   [strat=friendly_rapport_builder]
      R 5  buy $ 25,761.86   sel     $26,100.00   [strat=friendly_rapport_builder]
      R 6  buy $ 20,752.05   sel     $25,900.00   [strat=friendly_rapport_builder]
      R 7  buy $ 20,993.00   sel     $25,500.00   [strat=friendly_rapport_builder]
      R 8  buy $ 18,889.11   sel     $25,000.00   [strat=friendly_rapport_builder]
      R 9  buy $ 11,796.55   sel     $24,500.00   [strat=patient_value_defender] *
      R10  buy $ 16,343.34   sel     $24,400.00   [strat=patient_value_defender]
      R11  buy $  7,107.51   sel     $24,400.00   [strat=patient_value_defender]
      R12  buy $ 21,531.20   sel     $23,900.00   [strat=patient_value_defender]
      R13  buy $ 14,550.73   sel     $23,500.00   [strat=patient_value_defender]
      R14  buy $ 12,176.66   sel     $23,400.00   [strat=patient_value_defender]
      R15  buy $    913.63   sel     $23,400.00   [strat=patient_value_defender]
      R16  buy $ 17,032.55   sel     $23,000.00   [strat=patient_value_defender]
   run 8 done in 7.3 min

   run 9/30 on 2022 Toyota RAV4 XLE AWD  seed=20963428
      R 1  buy $ 15,929.61   sel     $28,500.00   [strat=friendly_rapport_builder] *
      R 2  buy $ 18,463.73   sel     $27,500.00   [strat=friendly_rapport_builder]
      R 3  buy $  8,657.63   sel     $26,500.00   [strat=friendly_rapport_builder]
      R 4  buy $ 23,625.52   sel     $25,000.00   [strat=friendly_rapport_builder]
      R 5  buy $ 19,625.07   sel     $24,000.00   [strat=friendly_rapport_builder]
      R 6  buy $ 17,829.69   sel     $23,500.00   [strat=friendly_rapport_builder]
      R 7  buy $ 12,991.25   sel     $22,500.00   [strat=friendly_rapport_builder]
      R 8  buy $ 19,398.87   sel     $21,500.00   [strat=friendly_rapport_builder]
      R 9  buy $  5,748.05   sel     $21,000.00   [strat=patient_value_defender] *
      R10  buy $ 18,194.47   sel     $20,900.00   [strat=patient_value_defender]
      R11  buy $ 13,798.60   sel     $20,500.00   [strat=patient_value_defender]
      R12  buy $ 13,779.94   sel     $20,500.00   [strat=patient_value_defender]
      R13  buy $ 18,451.82   sel     $20,900.00   [strat=patient_value_defender]
      R14  buy $ 16,393.06   sel     $20,500.00   [strat=patient_value_defender]
      R15  buy $ 19,550.57   sel     $20,500.00   [strat=patient_value_defender]
      R16  buy $ 10,862.55   sel     $20,900.00   [strat=patient_value_defender]
   run 9 done in 10.0 min

   run 10/30 on 2022 Toyota RAV4 XLE AWD  seed=20963429
      R 1  buy $ 14,626.65   sel     $29,999.00   [strat=friendly_rapport_builder] *
      R 2  buy $ 24,626.24   sel     $28,500.00   [strat=friendly_rapport_builder]
      R 3  buy $  8,951.30   sel     $28,500.00   [strat=friendly_rapport_builder]
      R 4  buy $  8,271.63   sel     $28,500.00   [strat=friendly_rapport_builder]
      R 5  buy $  6,024.02   sel     $28,500.00   [strat=friendly_rapport_builder]
      R 6  buy $ 24,876.26   sel     $26,688.13   [strat=friendly_rapport_builder]
      R 7  buy $ 15,712.86   sel     $26,688.13   [strat=friendly_rapport_builder]
      R 8  buy $ 24,511.49   sel     $25,599.81   [strat=friendly_rapport_builder]
      R 9  buy $  8,989.67   sel     $25,599.81   [strat=patient_value_defender] *
      R10  buy $ 12,117.48   sel     $25,599.81   [strat=patient_value_defender]
      R11  buy $ 23,805.59   sel     $24,702.70   [strat=patient_value_defender]
      R12  buy $ 22,974.75   sel     $23,838.73   [strat=patient_value_defender]
      R13  buy $ 23,814.75   sel     $23,814.75   [strat=patient_value_defender]
      R14  buy $ 19,221.38   sel     $23,814.75   [strat=patient_value_defender]
      R15  buy $ 17,039.99   sel     $23,814.75   [strat=patient_value_defender]
      R16  buy $  2,416.32   sel     $23,814.75   [strat=patient_value_defender]
   run 10 done in 7.3 min

   run 11/30 on 2022 Toyota RAV4 XLE AWD  seed=20963430
      R 1  buy $ 26,828.41   sel     $31,500.00   [strat=friendly_rapport_builder] *
      R 2  buy $  1,960.41   sel     $31,500.00   [strat=friendly_rapport_builder]
      R 3  buy $ 17,122.56   sel     $29,000.00   [strat=friendly_rapport_builder]
      R 4  buy $  2,610.65   sel     $28,500.00   [strat=friendly_rapport_builder]
      R 5  buy $ 17,684.14   sel     $27,500.00   [strat=friendly_rapport_builder]
      R 6  buy $ 17,120.66   sel     $26,500.00   [strat=friendly_rapport_builder]
      R 7  buy $ 23,446.12   sel     $25,500.00   [strat=friendly_rapport_builder]
      R 8  buy $  5,361.29   sel     $25,000.00   [strat=friendly_rapport_builder]
      R 9  buy $  1,678.94   sel     $25,000.00   [strat=patient_value_defender] *
      R10  buy $  2,113.32   sel     $25,000.00   [strat=patient_value_defender]
      R11  buy $  4,340.69   sel     $24,500.00   [strat=patient_value_defender]
      R12  buy $ 10,813.22   sel     $24,000.00   [strat=patient_value_defender]
      R13  buy $ 21,473.19   sel     $23,500.00   [strat=patient_value_defender]
      R14  buy $ 16,899.84   sel     $23,000.00   [strat=patient_value_defender]
      R15  buy $  3,148.08   sel     $22,500.00   [strat=patient_value_defender]
      R16  buy $  8,204.10   sel     $21,500.00   [strat=patient_value_defender]
   run 11 done in 6.2 min

   run 12/30 on 2022 Toyota RAV4 XLE AWD  seed=20963431
      R 1  buy $ 26,398.41   sel     $30,500.00   [strat=friendly_rapport_builder] *
      R 2  buy $ 15,434.69   sel     $28,500.00   [strat=friendly_rapport_builder]
      R 3  buy $  4,675.64   sel     $27,500.00   [strat=friendly_rapport_builder]
      R 4  buy $ 10,709.07   sel     $26,500.00   [strat=friendly_rapport_builder]
      R 5  buy $ 15,621.50   sel     $26,000.00   [strat=friendly_rapport_builder]
      R 6  buy $  3,713.23   sel     $25,500.00   [strat=friendly_rapport_builder]
      R 7  buy $ 13,643.49   sel     $24,500.00   [strat=friendly_rapport_builder]
      R 8  buy $ 22,824.99   sel     $22,824.99   [strat=friendly_rapport_builder]
      R 9  buy $  8,527.22   sel     $24,000.00   [strat=patient_value_defender] *
      R10  buy $  8,599.64   sel     $23,500.00   [strat=patient_value_defender]
      R11  buy $  4,179.77   sel     $23,000.00   [strat=patient_value_defender]
      R12  buy $    165.50   sel     $22,500.00   [strat=patient_value_defender]
      R13  buy $  2,974.73   sel     $22,000.00   [strat=patient_value_defender]
      R14  buy $ 20,210.80   sel     $21,500.00   [strat=patient_value_defender]
      R15  buy $  6,264.19   sel     $21,000.00   [strat=patient_value_defender]
      R16  buy $  3,239.83   sel     $20,800.00   [strat=patient_value_defender]
   run 12 done in 6.0 min

   run 13/30 on 2022 Toyota RAV4 XLE AWD  seed=20963432
      R 1  buy $ 15,506.57   sel     $29,999.00   [strat=friendly_rapport_builder] *
      R 2  buy $ 20,122.80   sel     $27,500.00   [strat=friendly_rapport_builder]
      R 3  buy $  9,773.29   sel     $25,000.00   [strat=friendly_rapport_builder]
      R 4  buy $  5,471.72   sel     $24,500.00   [strat=friendly_rapport_builder]
      R 5  buy $    488.53   sel     $24,000.00   [strat=friendly_rapport_builder]
      R 6  buy $ 20,844.81   sel     $22,500.00   [strat=friendly_rapport_builder]
      R 7  buy $ 17,315.18   sel     $22,000.00   [strat=friendly_rapport_builder]
      R 8  buy $ 12,613.92   sel     $21,500.00   [strat=friendly_rapport_builder]
      R 9  buy $ 20,727.98   sel     $21,250.00   [strat=patient_value_defender] *
      R10  buy $  3,730.71   sel     $21,000.00   [strat=patient_value_defender]
      R11  buy $  2,018.65   sel     $21,000.00   [strat=patient_value_defender]
      R12  buy $  5,767.41   sel     $21,000.00   [strat=patient_value_defender]
      R13  buy $  8,292.15   sel     $21,000.00   [strat=patient_value_defender]
      R14  buy $ 17,868.09   sel     $20,900.00   [strat=patient_value_defender]
      R15  buy $  3,277.76   sel     $20,900.00   [strat=patient_value_defender]
      R16  buy $ 10,676.27   sel     $20,900.00   [strat=patient_value_defender]
   run 13 done in 8.6 min

   run 14/30 on 2022 Toyota RAV4 XLE AWD  seed=20963433
      R 1  buy $    492.45   sel     $29,995.00   [strat=friendly_rapport_builder] *
      R 2  buy $ 26,891.25   sel     $28,500.00   [strat=friendly_rapport_builder]
      R 3  buy $ 22,532.84   sel     $28,250.00   [strat=friendly_rapport_builder]
      R 4  buy $  6,483.45   sel     $27,999.00   [strat=friendly_rapport_builder]
      R 5  buy $ 17,032.21   sel     $27,500.00   [strat=friendly_rapport_builder]
      R 6  buy $ 11,333.95   sel     $27,000.00   [strat=friendly_rapport_builder]
      R 7  buy $ 17,325.34   sel     $26,500.00   [strat=friendly_rapport_builder]
      R 8  buy $ 17,649.68   sel     $26,000.00   [strat=friendly_rapport_builder]
      R 9  buy $ 20,717.05   sel     $25,500.00   [strat=patient_value_defender] *
      R10  buy $ 12,331.44   sel     $25,000.00   [strat=patient_value_defender]
      R11  buy $ 19,654.52   sel     $24,500.00   [strat=patient_value_defender]
      R12  buy $ 14,680.91   sel     $24,000.00   [strat=patient_value_defender]
      R13  buy $ 14,913.43   sel     $23,500.00   [strat=patient_value_defender]
      R14  buy $ 21,152.09   sel     $22,000.00   [strat=patient_value_defender]
      R15  buy $  2,832.10   sel     $21,500.00   [strat=patient_value_defender]
      R16  buy $  2,315.76   sel     $21,500.00   [strat=patient_value_defender]
   run 14 done in 8.0 min

   run 15/30 on 2022 Toyota RAV4 XLE AWD  seed=20963434
      R 1  buy $  1,065.23   sel     $29,750.00   [strat=friendly_rapport_builder] *
      R 2  buy $  8,396.09   sel     $28,000.00   [strat=friendly_rapport_builder]
      R 3  buy $ 12,967.76   sel     $26,500.00   [strat=friendly_rapport_builder]
      R 4  buy $ 25,229.25   sel     $25,850.00   [strat=friendly_rapport_builder]
      R 5  buy $ 10,024.68   sel     $25,500.00   [strat=friendly_rapport_builder]
      R 6  buy $    525.47   sel     $25,000.00   [strat=friendly_rapport_builder]
      R 7  buy $ 15,635.65   sel     $24,500.00   [strat=friendly_rapport_builder]
      R 8  buy $  3,216.06   sel     $24,000.00   [strat=friendly_rapport_builder]
      R 9  buy $  8,801.36   sel     $23,500.00   [strat=patient_value_defender] *
      R10  buy $ 11,583.02   sel     $23,000.00   [strat=patient_value_defender]
      R11  buy $  9,661.86   sel     $22,500.00   [strat=patient_value_defender]
      R12  buy $  9,881.23   sel     $22,500.00   [strat=patient_value_defender]
      R13  buy $  7,302.02   sel     $22,000.00   [strat=patient_value_defender]
      R14  buy $ 20,136.31   sel     $21,500.00   [strat=patient_value_defender]
      R15  buy $  1,954.28   sel     $21,000.00   [strat=patient_value_defender]
      R16  buy $ 14,387.14   sel     $20,500.00   [strat=patient_value_defender]
   run 15 done in 6.4 min

   run 16/30 on 2022 Toyota RAV4 XLE AWD  seed=20963435
      R 1  buy $ 27,815.38   sel     $29,995.00   [strat=friendly_rapport_builder] *
      R 2  buy $ 27,087.33   sel     $29,500.00   [strat=friendly_rapport_builder]
      R 3  buy $ 10,552.26   sel     $28,900.00   [strat=friendly_rapport_builder]
      R 4  buy $  6,906.25   sel     $28,500.00   [strat=friendly_rapport_builder]
      R 5  buy $ 26,479.59   sel     $27,200.00   [strat=friendly_rapport_builder]
      R 6  buy $ 13,533.20   sel     $26,900.00   [strat=friendly_rapport_builder]
      R 7  buy $ 22,456.14   sel     $26,500.00   [strat=friendly_rapport_builder]
      R 8  buy $  9,741.11   sel     $25,900.00   [strat=friendly_rapport_builder]
      R 9  buy $ 19,211.71   sel     $25,500.00   [strat=patient_value_defender] *
      R10  buy $ 20,778.25   sel     $25,000.00   [strat=patient_value_defender]
      R11  buy $ 16,579.61   sel     $24,500.00   [strat=patient_value_defender]
      R12  buy $ 24,335.96   sel     $24,400.00   [strat=patient_value_defender]
      R13  buy $ 10,773.19   sel     $24,000.00   [strat=patient_value_defender]
      R14  buy $ 13,255.06   sel     $23,800.00   [strat=patient_value_defender]
      R15  buy $ 19,901.27   sel     $23,500.00   [strat=patient_value_defender]
      R16  buy $  7,939.22   sel     $23,250.00   [strat=patient_value_defender]
   run 16 done in 6.2 min

   run 17/30 on 2022 Toyota RAV4 XLE AWD  seed=20963436
      R 1  buy $  5,695.43   sel     $31,000.00   [strat=friendly_rapport_builder] *
      R 2  buy $ 11,854.38   sel     $30,000.00   [strat=friendly_rapport_builder]
      R 3  buy $ 15,774.43   sel     $29,000.00   [strat=friendly_rapport_builder]
      R 4  buy $  4,649.50   sel     $29,000.00   [strat=friendly_rapport_builder]
      R 5  buy $    491.87   sel     $28,500.00   [strat=friendly_rapport_builder]
      R 6  buy $  4,135.33   sel     $28,000.00   [strat=friendly_rapport_builder]
      R 7  buy $  1,648.38   sel     $27,500.00   [strat=friendly_rapport_builder]
      R 8  buy $ 14,066.78   sel     $25,000.00   [strat=friendly_rapport_builder]
      R 9  buy $ 18,893.60   sel     $24,500.00   [strat=patient_value_defender] *
      R10  buy $ 18,063.66   sel     $24,000.00   [strat=patient_value_defender]
      R11  buy $ 10,479.43   sel     $23,500.00   [strat=patient_value_defender]
      R12  buy $  2,425.62   sel     $23,000.00   [strat=patient_value_defender]
      R13  buy $  2,583.78   sel     $22,500.00   [strat=patient_value_defender]
      R14  buy $  2,148.53   sel     $22,000.00   [strat=patient_value_defender]
      R15  buy $    409.00   sel     $21,500.00   [strat=patient_value_defender]
      R16  buy $  5,881.72   sel     $21,500.00   [strat=patient_value_defender]
   run 17 done in 5.8 min

   run 18/30 on 2022 Toyota RAV4 XLE AWD  seed=20963437
      R 1  buy $ 29,563.47   sel     $31,500.00   [strat=friendly_rapport_builder] *
      R 2  buy $ 16,344.53   sel     $29,000.00   [strat=friendly_rapport_builder]
      R 3  buy $  6,527.72   sel     $28,500.00   [strat=friendly_rapport_builder]
      R 4  buy $  9,971.70   sel     $27,500.00   [strat=friendly_rapport_builder]
      R 5  buy $ 12,971.80   sel     $26,500.00   [strat=friendly_rapport_builder]
      R 6  buy $ 21,760.63   sel     $25,000.00   [strat=friendly_rapport_builder]
      R 7  buy $  3,116.04   sel     $24,500.00   [strat=friendly_rapport_builder]
      R 8  buy $ 14,072.02   sel     $24,000.00   [strat=friendly_rapport_builder]
      R 9  buy $ 16,579.04   sel     $23,500.00   [strat=patient_value_defender] *
      R10  buy $ 19,916.86   sel     $23,000.00   [strat=patient_value_defender]
      R11  buy $ 15,311.86   sel     $22,500.00   [strat=patient_value_defender]
      R12  buy $ 21,552.69   sel     $22,000.00   [strat=patient_value_defender]
      R13  buy $  6,634.96   sel     $21,500.00   [strat=patient_value_defender]
      R14  buy $ 18,915.36   sel     $20,500.00   [strat=patient_value_defender]
      R15  buy $ 11,570.01   sel     $20,000.00   [strat=patient_value_defender]
      R16  buy $  8,016.24   sel     $19,500.00   [strat=patient_value_defender]
   run 18 done in 6.0 min

   run 19/30 on 2022 Toyota RAV4 XLE AWD  seed=20963438
      R 1  buy $ 29,897.65   sel     $31,250.00   [strat=friendly_rapport_builder] *
      R 2  buy $ 18,945.42   sel     $30,500.00   [strat=friendly_rapport_builder]
      R 3  buy $ 17,625.89   sel     $30,000.00   [strat=friendly_rapport_builder]
      R 4  buy $  3,398.99   sel     $29,500.00   [strat=friendly_rapport_builder]
      R 5  buy $ 23,924.90   sel     $28,500.00   [strat=friendly_rapport_builder]
      R 6  buy $  6,257.80   sel     $27,500.00   [strat=friendly_rapport_builder]
      R 7  buy $ 10,782.54   sel     $26,500.00   [strat=friendly_rapport_builder]
      R 8  buy $ 12,629.91   sel     $25,500.00   [strat=friendly_rapport_builder]
      R 9  buy $ 24,996.86   sel     $25,000.00   [strat=patient_value_defender] *
      R10  buy $ 13,347.23   sel     $24,500.00   [strat=patient_value_defender]
      R11  buy $ 14,196.07   sel     $24,000.00   [strat=patient_value_defender]
      R12  buy $  8,353.48   sel     $23,500.00   [strat=patient_value_defender]
      R13  buy $ 17,545.74   sel     $23,000.00   [strat=patient_value_defender]
      R14  buy $ 19,377.55   sel     $23,000.00   [strat=patient_value_defender]
      R15  buy $  6,192.58   sel     $23,000.00   [strat=patient_value_defender]
      R16  buy $ 13,382.90   sel     $23,000.00   [strat=patient_value_defender]
   run 19 done in 6.3 min

   run 20/30 on 2022 Toyota RAV4 XLE AWD  seed=20963439
      R 1  buy $ 20,894.12   sel     $23,500.00   [strat=friendly_rapport_builder] *
      R 2  buy $  6,617.94   sel     $22,800.00   [strat=friendly_rapport_builder]
      R 3  buy $  6,894.13   sel     $21,500.00   [strat=friendly_rapport_builder]
      R 4  buy $  2,159.19   sel     $21,000.00   [strat=friendly_rapport_builder]
      R 5  buy $ 16,610.96   sel     $20,500.00   [strat=friendly_rapport_builder]
      R 6  buy $ 18,058.63   sel     $20,300.00   [strat=friendly_rapport_builder]
      R 7  buy $    651.49   sel     $20,200.00   [strat=friendly_rapport_builder]
      R 8  buy $  7,029.70   sel     $20,100.00   [strat=friendly_rapport_builder]
      R 9  buy $  6,565.11   sel     $20,000.00   [strat=patient_value_defender] *
      R10  buy $  7,904.83   sel     $20,000.00   [strat=patient_value_defender]
      R11  buy $  4,840.51   sel     $20,800.00   [strat=patient_value_defender]
      R12  buy $  2,354.93   sel     $20,800.00   [strat=patient_value_defender]
      R13  buy $  7,958.86   sel     $20,800.00   [strat=patient_value_defender]
      R14  buy $    182.77   sel     $20,800.00   [strat=patient_value_defender]
      R15  buy $    768.15   sel     $20,800.00   [strat=patient_value_defender]
      R16  buy $  4,736.41   sel     $20,800.00   [strat=patient_value_defender]
   run 20 done in 6.7 min

   run 21/30 on 2022 Toyota RAV4 XLE AWD  seed=20963440
      R 1  buy $ 11,605.61   sel     $27,995.00   [strat=friendly_rapport_builder] *
      R 2  buy $ 13,310.37   sel     $25,995.00   [strat=friendly_rapport_builder]
      R 3  buy $ 18,833.10   sel     $24,995.00   [strat=friendly_rapport_builder]
      R 4  buy $  6,216.37   sel     $24,500.00   [strat=friendly_rapport_builder]
      R 5  buy $ 22,374.65   sel     $24,000.00   [strat=friendly_rapport_builder]
      R 6  buy $ 19,102.66   sel     $23,000.00   [strat=friendly_rapport_builder]
      R 7  buy $  5,288.75   sel     $22,500.00   [strat=friendly_rapport_builder]
      R 8  buy $ 15,200.85   sel     $22,500.00   [strat=friendly_rapport_builder]
      R 9  buy $ 18,682.37   sel     $22,500.00   [strat=patient_value_defender] *
      R10  buy $ 21,367.11   sel     $22,000.00   [strat=patient_value_defender]
      R11  buy $  3,088.51   sel     $22,000.00   [strat=patient_value_defender]
      R12  buy $ 18,473.54   sel     $21,500.00   [strat=patient_value_defender]
      R13  buy $ 17,051.50   sel     $21,000.00   [strat=patient_value_defender]
      R14  buy $  6,478.31   sel     $20,900.00   [strat=patient_value_defender]
      R15  buy $ 12,306.40   sel     $20,900.00   [strat=patient_value_defender]
      R16  buy $ 19,429.08   sel     $20,900.00   [strat=patient_value_defender]
   run 21 done in 8.0 min

   run 22/30 on 2022 Toyota RAV4 XLE AWD  seed=20963441
      R 1  buy $ 18,418.71   sel     $30,500.00   [strat=friendly_rapport_builder] *
      R 2  buy $    128.19   sel     $30,000.00   [strat=friendly_rapport_builder]
      R 3  buy $  6,226.46   sel     $29,500.00   [strat=friendly_rapport_builder]
      R 4  buy $  6,415.36   sel     $29,000.00   [strat=friendly_rapport_builder]
      R 5  buy $ 27,218.66   sel     $28,000.00   [strat=friendly_rapport_builder]
      R 6  buy $ 18,576.87   sel     $27,500.00   [strat=friendly_rapport_builder]
      R 7  buy $ 14,926.35   sel     $26,000.00   [strat=friendly_rapport_builder]
      R 8  buy $ 10,974.29   sel     $25,500.00   [strat=friendly_rapport_builder]
      R 9  buy $  4,379.06   sel     $24,500.00   [strat=patient_value_defender] *
      R10  buy $ 19,968.18   sel     $23,500.00   [strat=patient_value_defender]
      R11  buy $  7,665.02   sel     $23,000.00   [strat=patient_value_defender]
      R12  buy $  6,372.94   sel     $23,000.00   [strat=patient_value_defender]
      R13  buy $ 19,469.24   sel     $22,500.00   [strat=patient_value_defender]
      R14  buy $ 14,352.80   sel     $22,000.00   [strat=patient_value_defender]
      R15  buy $ 20,601.80   sel     $21,500.00   [strat=patient_value_defender]
      R16  buy $ 13,228.82   sel     $21,300.00   [strat=patient_value_defender]
   run 22 done in 6.5 min

   run 23/30 on 2022 Toyota RAV4 XLE AWD  seed=20963442
      R 1  buy $ 17,374.31   sel     $29,500.00   [strat=friendly_rapport_builder] *
      R 2  buy $    634.15   sel     $28,500.00   [strat=friendly_rapport_builder]
      R 3  buy $ 18,798.44   sel     $27,500.00   [strat=friendly_rapport_builder]
      R 4  buy $ 10,425.24   sel     $26,500.00   [strat=friendly_rapport_builder]
      R 5  buy $ 14,573.94   sel     $25,500.00   [strat=friendly_rapport_builder]
      R 6  buy $ 24,915.29   sel     $25,207.65   [strat=friendly_rapport_builder]
      R 7  buy $ 24,531.16   sel     $24,869.41   [strat=friendly_rapport_builder]
      R 8  buy $  1,636.87   sel     $24,869.41   [strat=friendly_rapport_builder]
      R 9  buy $ 16,460.27   sel     $24,500.00   [strat=patient_value_defender] *
      R10  buy $ 15,978.64   sel     $24,400.00   [strat=patient_value_defender]
      R11  buy $ 15,088.12   sel     $24,300.00   [strat=patient_value_defender]
      R12  buy $    638.59   sel     $24,300.00   [strat=patient_value_defender]
      R13  buy $  2,624.90   sel     $24,200.00   [strat=patient_value_defender]
      R14  buy $ 18,237.12   sel     $23,500.00   [strat=patient_value_defender]
      R15  buy $  8,121.41   sel     $23,000.00   [strat=patient_value_defender]
      R16  buy $  6,605.79   sel     $22,500.00   [strat=patient_value_defender]
   run 23 done in 6.4 min

   run 24/30 on 2022 Toyota RAV4 XLE AWD  seed=20963443
      R 1  buy $  8,698.44   sel     $31,500.00   [strat=friendly_rapport_builder] *
      R 2  buy $  9,908.82   sel     $31,500.00   [strat=friendly_rapport_builder]
      R 3  buy $  8,443.55   sel     $30,900.00   [strat=friendly_rapport_builder]
      R 4  buy $ 22,758.02   sel     $28,500.00   [strat=friendly_rapport_builder]
      R 5  buy $  5,015.56   sel     $27,500.00   [strat=friendly_rapport_builder]
      R 6  buy $ 17,617.02   sel     $26,500.00   [strat=friendly_rapport_builder]
      R 7  buy $    944.71   sel     $25,900.00   [strat=friendly_rapport_builder]
      R 8  buy $  2,363.33   sel     $25,500.00   [strat=friendly_rapport_builder]
      R 9  buy $ 15,212.57   sel     $25,000.00   [strat=patient_value_defender] *
      R10  buy $ 17,013.25   sel     $24,500.00   [strat=patient_value_defender]
      R11  buy $ 10,003.28   sel     $24,000.00   [strat=patient_value_defender]
      R12  buy $ 14,461.41   sel     $23,900.00   [strat=patient_value_defender]
      R13  buy $ 10,328.58   sel     $23,500.00   [strat=patient_value_defender]
      R14  buy $ 21,731.27   sel     $22,800.00   [strat=patient_value_defender]
      R15  buy $  1,978.86   sel     $22,500.00   [strat=patient_value_defender]
      R16  buy $    776.86   sel     $22,000.00   [strat=patient_value_defender]
   run 24 done in 5.3 min

   run 25/30 on 2022 Toyota RAV4 XLE AWD  seed=20963444
      R 1  buy $  7,125.20   sel     $31,500.00   [strat=friendly_rapport_builder] *
      R 2  buy $ 20,503.92   sel     $29,750.00   [strat=friendly_rapport_builder]
      R 3  buy $ 15,836.26   sel     $28,500.00   [strat=friendly_rapport_builder]
      R 4  buy $ 14,879.74   sel     $27,900.00   [strat=friendly_rapport_builder]
      R 5  buy $  4,922.54   sel     $27,900.00   [strat=friendly_rapport_builder]
      R 6  buy $  2,255.51   sel     $27,500.00   [strat=friendly_rapport_builder]
      R 7  buy $ 19,482.74   sel     $26,900.00   [strat=friendly_rapport_builder]
      R 8  buy $ 26,237.41   sel     $26,600.00   [strat=friendly_rapport_builder]
      R 9  buy $  5,317.27   sel     $26,500.00   [strat=patient_value_defender] *
      R10  buy $ 10,999.92   sel     $26,000.00   [strat=patient_value_defender]
      R11  buy $  4,264.80   sel     $25,999.00   [strat=patient_value_defender]
      R12  buy $  5,074.01   sel     $25,500.00   [strat=patient_value_defender]
      R13  buy $  1,835.10   sel     $25,250.00   [strat=patient_value_defender]
      R14  buy $  5,662.38   sel     $25,000.00   [strat=patient_value_defender]
      R15  buy $ 16,601.56   sel     $24,750.00   [strat=patient_value_defender]
      R16  buy $ 14,691.54   sel     $24,500.00   [strat=patient_value_defender]
   run 25 done in 6.2 min

   run 26/30 on 2022 Toyota RAV4 XLE AWD  seed=20963445
      R 1  buy $  5,839.31   sel     $29,999.99   [strat=friendly_rapport_builder] *
      R 2  buy $  9,623.39   sel     $26,999.99   [strat=friendly_rapport_builder]
      R 3  buy $ 21,431.82   sel     $22,999.99   [strat=friendly_rapport_builder]
      R 4  buy $ 19,197.01   sel     $21,499.99   [strat=friendly_rapport_builder]
      R 5  buy $ 14,925.79   sel     $20,999.99   [strat=friendly_rapport_builder]
      R 6  buy $ 18,314.01   sel     $20,499.99   [strat=friendly_rapport_builder]
      R 7  buy $    691.48   sel     $20,249.99   [strat=friendly_rapport_builder]
      R 8  buy $ 14,303.37   sel     $19,999.99   [strat=friendly_rapport_builder]
      R 9  buy $ 11,818.38   sel     $20,799.99   [strat=patient_value_defender] *
      R10  buy $ 19,500.38   sel     $20,599.99   [strat=patient_value_defender]
      R11  buy $ 15,895.91   sel     $20,999.99   [strat=patient_value_defender]
      R12  buy $  3,909.81   sel     $20,999.99   [strat=patient_value_defender]
      R13  buy $  3,534.82   sel     $20,899.99   [strat=patient_value_defender]
      R14  buy $  9,032.40   sel     $20,799.99   [strat=patient_value_defender]
      R15  buy $ 12,885.19   sel     $20,699.99   [strat=patient_value_defender]
      R16  buy $  2,108.31   sel     $20,899.99   [strat=patient_value_defender]
   run 26 done in 7.7 min

   run 27/30 on 2022 Toyota RAV4 XLE AWD  seed=20963446
      R 1  buy $ 22,757.81   sel     $29,995.00   [strat=friendly_rapport_builder] *
      R 2  buy $ 23,105.46   sel     $28,500.00   [strat=friendly_rapport_builder]
      R 3  buy $ 17,918.70   sel     $27,500.00   [strat=friendly_rapport_builder]
      R 4  buy $ 20,292.02   sel     $26,000.00   [strat=friendly_rapport_builder]
      R 5  buy $  4,278.09   sel     $26,000.00   [strat=friendly_rapport_builder]
      R 6  buy $ 17,865.59   sel     $25,500.00   [strat=friendly_rapport_builder]
      R 7  buy $ 18,882.79   sel     $25,000.00   [strat=friendly_rapport_builder]
      R 8  buy $ 11,173.76   sel     $24,500.00   [strat=friendly_rapport_builder]
      R 9  buy $  1,939.24   sel     $24,000.00   [strat=patient_value_defender] *
      R10  buy $ 15,049.90   sel     $24,000.00   [strat=patient_value_defender]
      R11  buy $    640.85   sel     $24,000.00   [strat=patient_value_defender]
      R12  buy $ 17,319.32   sel     $23,500.00   [strat=patient_value_defender]
      R13  buy $  3,805.01   sel     $23,500.00   [strat=patient_value_defender]
      R14  buy $ 20,390.82   sel     $22,000.00   [strat=patient_value_defender]
      R15  buy $ 11,746.62   sel     $22,000.00   [strat=patient_value_defender]
      R16  buy $  4,342.59   sel     $22,000.00   [strat=patient_value_defender]
   run 27 done in 7.3 min

   run 28/30 on 2022 Toyota RAV4 XLE AWD  seed=20963447
      R 1  buy $ 30,794.71   sel     $31,500.00   [strat=friendly_rapport_builder] *
      R 2  buy $ 30,797.47   sel     $31,350.00   [strat=friendly_rapport_builder]
      R 3  buy $ 11,872.39   sel     $31,200.00   [strat=friendly_rapport_builder]
      R 4  buy $ 24,024.40   sel     $31,000.00   [strat=friendly_rapport_builder]
      R 5  buy $ 27,205.00   sel     $29,600.00   [strat=friendly_rapport_builder]
      R 6  buy $ 19,034.57   sel     $29,000.00   [strat=friendly_rapport_builder]
      R 7  buy $ 23,821.99   sel     $28,000.00   [strat=friendly_rapport_builder]
      R 8  buy $ 22,071.13   sel     $27,500.00   [strat=friendly_rapport_builder]
      R 9  buy $  3,744.68   sel     $27,500.00   [strat=patient_value_defender] *
      R10  buy $ 21,132.83   sel     $26,000.00   [strat=patient_value_defender]
      R11  buy $  2,082.12   sel     $25,500.00   [strat=patient_value_defender]
      R12  buy $  8,445.67   sel     $25,000.00   [strat=patient_value_defender]
      R13  buy $ 23,825.02   sel     $25,000.00   [strat=patient_value_defender]
      R14  buy $ 21,777.96   sel     $24,500.00   [strat=patient_value_defender]
      R15  buy $ 20,630.37   sel     $23,500.00   [strat=patient_value_defender]
      R16  buy $ 22,507.80   sel     $23,000.00   [strat=patient_value_defender]
   run 28 done in 6.5 min

   run 29/30 on 2022 Toyota RAV4 XLE AWD  seed=20963448
      R 1  buy $  3,318.61   sel     $30,500.00   [strat=friendly_rapport_builder] *
      R 2  buy $ 15,175.59   sel     $29,000.00   [strat=friendly_rapport_builder]
      R 3  buy $ 11,137.80   sel     $28,500.00   [strat=friendly_rapport_builder]
      R 4  buy $ 20,237.85   sel     $28,000.00   [strat=friendly_rapport_builder]
      R 5  buy $ 17,282.95   sel     $27,500.00   [strat=friendly_rapport_builder]
      R 6  buy $  6,279.74   sel     $27,000.00   [strat=friendly_rapport_builder]
      R 7  buy $  6,623.75   sel     $26,500.00   [strat=friendly_rapport_builder]
      R 8  buy $ 21,524.92   sel     $25,500.00   [strat=friendly_rapport_builder]
      R 9  buy $ 11,392.88   sel     $25,000.00   [strat=patient_value_defender] *
      R10  buy $ 12,221.18   sel     $24,500.00   [strat=patient_value_defender]
      R11  buy $    543.41   sel     $24,000.00   [strat=patient_value_defender]
      R12  buy $  3,103.48   sel     $23,500.00   [strat=patient_value_defender]
      R13  buy $ 20,636.68   sel     $23,000.00   [strat=patient_value_defender]
      R14  buy $  4,909.07   sel     $22,500.00   [strat=patient_value_defender]
      R15  buy $  7,106.84   sel     $22,000.00   [strat=patient_value_defender]
      R16  buy $  9,952.13   sel     $21,500.00   [strat=patient_value_defender]
   run 29 done in 5.8 min

   run 30/30 on 2022 Toyota RAV4 XLE AWD  seed=20963449
      R 1  buy $ 16,040.44   sel     $27,500.00   [strat=friendly_rapport_builder] *
      R 2  buy $  6,679.71   sel     $27,500.00   [strat=friendly_rapport_builder]
      R 3  buy $  6,161.69   sel     $27,500.00   [strat=friendly_rapport_builder]
      R 4  buy $ 15,722.04   sel     $27,500.00   [strat=friendly_rapport_builder]
      R 5  buy $ 13,922.02   sel     $27,000.00   [strat=friendly_rapport_builder]
      R 6  buy $ 12,298.96   sel     $26,500.00   [strat=friendly_rapport_builder]
      R 7  buy $  6,503.06   sel     $26,000.00   [strat=friendly_rapport_builder]
      R 8  buy $    578.68   sel     $25,500.00   [strat=friendly_rapport_builder]
      R 9  buy $ 19,964.11   sel     $24,900.00   [strat=patient_value_defender] *
      R10  buy $ 14,242.27   sel     $24,000.00   [strat=patient_value_defender]
      R11  buy $ 12,415.77   sel     $23,500.00   [strat=patient_value_defender]
      R12  buy $ 14,873.09   sel     $23,000.00   [strat=patient_value_defender]
      R13  buy $ 20,927.21   sel     $22,500.00   [strat=patient_value_defender]
      R14  buy $  6,317.48   sel     $22,000.00   [strat=patient_value_defender]
      R15  buy $ 12,070.08   sel     $21,500.00   [strat=patient_value_defender]
      R16  buy $  1,280.01   sel     $21,500.00   [strat=patient_value_defender]
   run 30 done in 6.6 min

   ---> checkpoint: car 4/5 done in 208.4 min; total so far 758.2 min; saved 120 runs to exp07_transitionA_rep2.json

--- CAR 5/5: 2023 Ford Mustang GT Premium  (M=$45,000.00  cost=$36,000.00  cost/M=80.00%) ---

   run 1/30 on 2023 Ford Mustang GT Premium  seed=20964420
      R 1  buy $  6,986.98   sel     $42,500.00   [strat=friendly_rapport_builder] *
      R 2  buy $  1,668.09   sel     $41,900.00   [strat=friendly_rapport_builder]
      R 3  buy $ 34,376.97   sel     $41,000.00   [strat=friendly_rapport_builder]
      R 4  buy $    545.75   sel     $40,000.00   [strat=friendly_rapport_builder]
      R 5  buy $ 10,380.93   sel     $39,500.00   [strat=friendly_rapport_builder]
      R 6  buy $ 10,604.43   sel     $39,000.00   [strat=friendly_rapport_builder]
      R 7  buy $ 21,128.26   sel     $38,500.00   [strat=friendly_rapport_builder]
      R 8  buy $ 10,466.23   sel     $38,000.00   [strat=friendly_rapport_builder]
      R 9  buy $  4,819.93   sel     $37,900.00   [strat=patient_value_defender] *
      R10  buy $  4,357.35   sel     $37,800.00   [strat=patient_value_defender]
      R11  buy $ 30,744.58   sel     $37,500.00   [strat=patient_value_defender]
      R12  buy $ 15,646.05   sel     $37,000.00   [strat=patient_value_defender]
      R13  buy $ 22,139.79   sel     $36,500.00   [strat=patient_value_defender]
      R14  buy $  2,342.92   sel     $36,250.00   [strat=patient_value_defender]
      R15  buy $  8,931.98   sel     $36,200.00   [strat=patient_value_defender]
      R16  buy $  9,251.31   sel     $36,100.00   [strat=patient_value_defender]
   run 1 done in 6.9 min

   run 2/30 on 2023 Ford Mustang GT Premium  seed=20964421
      R 1  buy $ 40,806.01   sel     $44,499.99   [strat=friendly_rapport_builder] *
      R 2  buy $ 41,140.36   sel     $43,000.00   [strat=friendly_rapport_builder]
      R 3  buy $ 30,066.28   sel     $42,000.00   [strat=friendly_rapport_builder]
      R 4  buy $ 32,802.31   sel     $41,500.00   [strat=friendly_rapport_builder]
      R 5  buy $ 22,531.05   sel     $40,500.00   [strat=friendly_rapport_builder]
      R 6  buy $ 22,545.45   sel     $40,000.00   [strat=friendly_rapport_builder]
      R 7  buy $ 33,133.06   sel     $39,500.00   [strat=friendly_rapport_builder]
      R 8  buy $  8,377.59   sel     $39,000.00   [strat=friendly_rapport_builder]
      R 9  buy $ 31,633.74   sel     $38,500.00   [strat=patient_value_defender] *
      R10  buy $ 11,672.90   sel     $38,000.00   [strat=patient_value_defender]
      R11  buy $ 18,095.47   sel     $37,500.00   [strat=patient_value_defender]
      R12  buy $ 31,580.17   sel     $37,000.00   [strat=patient_value_defender]
      R13  buy $ 20,466.62   sel     $36,500.00   [strat=patient_value_defender]
      R14  buy $ 22,162.00   sel     $36,500.00   [strat=patient_value_defender]
      R15  buy $  3,739.90   sel     $36,500.00   [strat=patient_value_defender]
      R16  buy $  4,284.68   sel     $36,500.00   [strat=patient_value_defender]
   run 2 done in 6.1 min

   run 3/30 on 2023 Ford Mustang GT Premium  seed=20964422
      R 1  buy $ 22,936.94   sel     $42,500.00   [strat=friendly_rapport_builder] *
      R 2  buy $ 40,548.13   sel     $41,500.00   [strat=friendly_rapport_builder]
      R 3  buy $  2,388.67   sel     $41,000.00   [strat=friendly_rapport_builder]
      R 4  buy $  8,995.88   sel     $40,500.00   [strat=friendly_rapport_builder]
      R 5  buy $ 23,786.93   sel     $40,250.00   [strat=friendly_rapport_builder]
      R 6  buy $    323.78   sel     $39,995.00   [strat=friendly_rapport_builder]
      R 7  buy $ 10,019.99   sel     $39,500.00   [strat=friendly_rapport_builder]
      R 8  buy $ 31,454.00   sel     $38,000.00   [strat=friendly_rapport_builder]
      R 9  buy $  2,898.89   sel     $37,000.00   [strat=patient_value_defender] *
      R10  buy $ 16,973.00   sel     $36,500.00   [strat=patient_value_defender]
      R11  buy $ 18,967.26   sel     $36,000.00   [strat=patient_value_defender]
      R12  buy $ 13,511.52   sel     $36,000.00   [strat=patient_value_defender]
      R13  buy $ 33,300.95   sel     $36,000.00   [strat=patient_value_defender]
      R14  buy $ 19,011.20   sel     $36,000.00   [strat=patient_value_defender]
      R15  buy $ 33,425.51   sel     $36,000.00   [strat=patient_value_defender]
      R16  buy $ 27,439.60   sel     $36,000.00   [strat=patient_value_defender]
   run 3 done in 7.3 min

   run 4/30 on 2023 Ford Mustang GT Premium  seed=20964423
      R 1  buy $ 10,206.59   sel     $44,500.00   [strat=friendly_rapport_builder] *
      R 2  buy $ 39,065.14   sel     $42,500.00   [strat=friendly_rapport_builder]
      R 3  buy $ 13,722.92   sel     $41,000.00   [strat=friendly_rapport_builder]
      R 4  buy $  6,022.41   sel     $40,500.00   [strat=friendly_rapport_builder]
      R 5  buy $  8,697.14   sel     $40,500.00   [strat=friendly_rapport_builder]
      R 6  buy $  7,274.85   sel     $40,500.00   [strat=friendly_rapport_builder]
      R 7  buy $ 12,496.63   sel     $40,000.00   [strat=friendly_rapport_builder]
      R 8  buy $ 30,978.85   sel     $39,500.00   [strat=friendly_rapport_builder]
      R 9  buy $  5,378.97   sel     $39,000.00   [strat=patient_value_defender] *
      R10  buy $ 16,787.99   sel     $38,500.00   [strat=patient_value_defender]
      R11  buy $ 35,547.13   sel     $38,000.00   [strat=patient_value_defender]
      R12  buy $ 32,428.32   sel     $37,500.00   [strat=patient_value_defender]
      R13  buy $ 14,982.01   sel     $37,000.00   [strat=patient_value_defender]
      R14  buy $    912.25   sel     $37,000.00   [strat=patient_value_defender]
      R15  buy $ 34,902.14   sel     $36,500.00   [strat=patient_value_defender]
      R16  buy $ 10,365.50   sel     $36,000.00   [strat=patient_value_defender]
   run 4 done in 6.2 min

   run 5/30 on 2023 Ford Mustang GT Premium  seed=20964424
      R 1  buy $  5,547.86   sel     $44,500.00   [strat=friendly_rapport_builder] *
      R 2  buy $ 36,284.32   sel     $41,000.00   [strat=friendly_rapport_builder]
      R 3  buy $ 38,443.26   sel     $40,000.00   [strat=friendly_rapport_builder]
      R 4  buy $    578.29   sel     $39,500.00   [strat=friendly_rapport_builder]
      R 5  buy $ 33,145.61   sel     $38,000.00   [strat=friendly_rapport_builder]
      R 6  buy $  7,717.14   sel     $38,000.00   [strat=friendly_rapport_builder]
      R 7  buy $ 16,111.06   sel     $38,000.00   [strat=friendly_rapport_builder]
      R 8  buy $ 20,537.79   sel     $38,000.00   [strat=friendly_rapport_builder]
      R 9  buy $ 10,064.45   sel     $38,000.00   [strat=patient_value_defender] *
      R10  buy $ 12,986.53   sel     $38,000.00   [strat=patient_value_defender]
      R11  buy $ 24,875.93   sel     $38,000.00   [strat=patient_value_defender]
      R12  buy $ 14,041.53   sel     $38,000.00   [strat=patient_value_defender]
      R13  buy $ 11,597.47   sel     $38,000.00   [strat=patient_value_defender]
      R14  buy $ 18,036.34   sel     $38,000.00   [strat=patient_value_defender]
      R15  buy $  4,256.62   sel     $38,000.00   [strat=patient_value_defender]
      R16  buy $ 28,631.80   sel     $38,000.00   [strat=patient_value_defender]
   run 5 done in 7.2 min

   run 6/30 on 2023 Ford Mustang GT Premium  seed=20964425
      R 1  buy $    902.90   sel     $43,900.00   [strat=friendly_rapport_builder] *
      R 2  buy $    238.35   sel     $42,900.00   [strat=friendly_rapport_builder]
      R 3  buy $ 39,982.19   sel     $41,500.00   [strat=friendly_rapport_builder]
      R 4  buy $  5,084.01   sel     $40,800.00   [strat=friendly_rapport_builder]
      R 5  buy $ 26,309.93   sel     $39,500.00   [strat=friendly_rapport_builder]
      R 6  buy $ 16,690.37   sel     $38,500.00   [strat=friendly_rapport_builder]
      R 7  buy $ 37,785.43   sel     $38,000.00   [strat=friendly_rapport_builder]
      R 8  buy $ 36,458.11   sel     $37,000.00   [strat=friendly_rapport_builder]
      R 9  buy $ 27,196.20   sel     $36,500.00   [strat=patient_value_defender] *
      R10  buy $ 14,915.63   sel     $36,000.00   [strat=patient_value_defender]
      R11  buy $ 29,587.46   sel     $35,500.00   [strat=patient_value_defender]
      R12  buy $  1,685.29   sel     $36,500.00   [strat=patient_value_defender]
      R13  buy $  1,372.66   sel     $36,500.00   [strat=patient_value_defender]
      R14  buy $ 14,391.82   sel     $36,500.00   [strat=patient_value_defender]
      R15  buy $ 27,716.49   sel     $36,250.00   [strat=patient_value_defender]
      R16  buy $ 31,915.74   sel     $36,000.00   [strat=patient_value_defender]
   run 6 done in 8.0 min

   run 7/30 on 2023 Ford Mustang GT Premium  seed=20964426
      R 1  buy $ 22,421.78   sel     $42,500.00   [strat=friendly_rapport_builder] *
      R 2  buy $ 35,044.24   sel     $39,500.00   [strat=friendly_rapport_builder]
      R 3  buy $  9,166.98   sel     $38,000.00   [strat=friendly_rapport_builder]
      R 4  buy $ 17,339.13   sel     $37,500.00   [strat=friendly_rapport_builder]
      R 5  buy $ 37,431.11   sel     $37,400.00   [strat=friendly_rapport_builder]
      R 6  buy $ 23,409.73   sel     $37,000.00   [strat=friendly_rapport_builder]
      R 7  buy $ 10,353.51   sel     $36,800.00   [strat=friendly_rapport_builder]
      R 8  buy $ 20,346.98   sel     $36,500.00   [strat=friendly_rapport_builder]
      R 9  buy $  3,682.64   sel     $36,400.00   [strat=patient_value_defender] *
      R10  buy $ 16,589.81   sel     $36,300.00   [strat=patient_value_defender]
      R11  buy $ 15,503.40   sel     $36,200.00   [strat=patient_value_defender]
      R12  buy $    194.69   sel     $36,100.00   [strat=patient_value_defender]
      R13  buy $ 16,501.00   sel     $36,100.00   [strat=patient_value_defender]
      R14  buy $  7,214.89   sel     $36,100.00   [strat=patient_value_defender]
      R15  buy $ 18,679.03   sel     PARSE-FAIL   [strat=patient_value_defender]
      R16  buy $ 19,769.14   sel     $36,100.00   [strat=patient_value_defender]
   run 7 done in 8.3 min

   run 8/30 on 2023 Ford Mustang GT Premium  seed=20964427
      R 1  buy $ 12,136.36   sel     $42,500.00   [strat=friendly_rapport_builder] *
      R 2  buy $ 32,824.57   sel     $39,900.00   [strat=friendly_rapport_builder]
      R 3  buy $ 35,833.35   sel     $38,500.00   [strat=friendly_rapport_builder]
      R 4  buy $ 19,465.44   sel     $38,500.00   [strat=friendly_rapport_builder]
      R 5  buy $ 27,797.46   sel     $38,000.00   [strat=friendly_rapport_builder]
      R 6  buy $  3,354.78   sel     $38,000.00   [strat=friendly_rapport_builder]
      R 7  buy $ 33,387.03   sel     $37,000.00   [strat=friendly_rapport_builder]
      R 8  buy $ 20,468.06   sel     $36,500.00   [strat=friendly_rapport_builder]
      R 9  buy $ 25,059.69   sel     $36,400.00   [strat=patient_value_defender] *
      R10  buy $ 30,368.02   sel     $36,200.00   [strat=patient_value_defender]
      R11  buy $ 29,894.36   sel     $36,100.00   [strat=patient_value_defender]
      R12  buy $ 25,480.49   sel     $36,000.00   [strat=patient_value_defender]
      R13  buy $ 28,818.66   sel     $35,900.00   [strat=patient_value_defender]
      R14  buy $ 16,895.28   sel     $36,500.00   [strat=patient_value_defender]
      R15  buy $ 19,623.18   sel     $36,500.00   [strat=patient_value_defender]
      R16  buy $ 30,292.98   sel     $36,300.00   [strat=patient_value_defender]
   run 8 done in 8.5 min

   run 9/30 on 2023 Ford Mustang GT Premium  seed=20964428
      R 1  buy $ 43,686.68   sel     $44,500.00   [strat=friendly_rapport_builder] *
      R 2  buy $  2,792.15   sel     $44,250.00   [strat=friendly_rapport_builder]
      R 3  buy $ 42,523.30   sel     $43,800.00   [strat=friendly_rapport_builder]
      R 4  buy $ 38,176.41   sel     $43,000.00   [strat=friendly_rapport_builder]
      R 5  buy $  8,344.79   sel     $42,000.00   [strat=friendly_rapport_builder]
      R 6  buy $ 15,274.27   sel     $41,500.00   [strat=friendly_rapport_builder]
      R 7  buy $ 29,892.06   sel     $41,500.00   [strat=friendly_rapport_builder]
      R 8  buy $ 24,706.34   sel     $41,500.00   [strat=friendly_rapport_builder]
      R 9  buy $ 21,840.14   sel     $41,500.00   [strat=patient_value_defender] *
      R10  buy $ 32,296.15   sel     $41,000.00   [strat=patient_value_defender]
      R11  buy $  8,485.80   sel     $41,000.00   [strat=patient_value_defender]
      R12  buy $    621.05   sel     $40,000.00   [strat=patient_value_defender]
      R13  buy $ 20,690.60   sel     $39,500.00   [strat=patient_value_defender]
      R14  buy $ 25,424.02   sel     $39,000.00   [strat=patient_value_defender]
      R15  buy $ 30,598.80   sel     $38,500.00   [strat=patient_value_defender]
      R16  buy $  3,288.91   sel     $38,000.00   [strat=patient_value_defender]
   run 9 done in 6.4 min

   run 10/30 on 2023 Ford Mustang GT Premium  seed=20964429
      R 1  buy $ 28,445.71   sel     $44,000.00   [strat=friendly_rapport_builder] *
      R 2  buy $ 33,365.22   sel     $42,500.00   [strat=friendly_rapport_builder]
      R 3  buy $ 11,791.33   sel     $41,000.00   [strat=friendly_rapport_builder]
      R 4  buy $ 22,709.93   sel     $39,500.00   [strat=friendly_rapport_builder]
      R 5  buy $ 36,874.84   sel     $38,500.00   [strat=friendly_rapport_builder]
      R 6  buy $ 28,365.21   sel     $37,500.00   [strat=friendly_rapport_builder]
      R 7  buy $ 17,857.81   sel     $36,500.00   [strat=friendly_rapport_builder]
      R 8  buy $    447.52   sel     $36,000.00   [strat=friendly_rapport_builder]
      R 9  buy $ 19,944.95   sel     $36,000.00   [strat=patient_value_defender] *
      R10  buy $ 35,232.72   sel     $36,000.00   [strat=patient_value_defender]
      R11  buy $ 11,442.35   sel     $36,000.00   [strat=patient_value_defender]
      R12  buy $ 12,763.44   sel     $36,000.00   [strat=patient_value_defender]
      R13  buy $ 32,480.41   sel     $36,000.00   [strat=patient_value_defender]
      R14  buy $ 30,866.14   sel     $36,000.00   [strat=patient_value_defender]
      R15  buy $ 20,334.11   sel     $36,000.00   [strat=patient_value_defender]
      R16  buy $ 17,334.69   sel     $36,000.00   [strat=patient_value_defender]
   run 10 done in 6.0 min

   run 11/30 on 2023 Ford Mustang GT Premium  seed=20964430
      R 1  buy $ 26,218.34   sel     $44,995.00   [strat=friendly_rapport_builder] *
      R 2  buy $ 33,606.48   sel     $44,000.00   [strat=friendly_rapport_builder]
      R 3  buy $ 23,990.07   sel     $43,500.00   [strat=friendly_rapport_builder]
      R 4  buy $ 32,443.00   sel     $42,500.00   [strat=friendly_rapport_builder]
      R 5  buy $ 21,969.24   sel     $42,000.00   [strat=friendly_rapport_builder]
      R 6  buy $ 41,725.21   sel     $41,725.21   [strat=friendly_rapport_builder]
      R 7  buy $ 14,068.59   sel     $41,725.21   [strat=friendly_rapport_builder]
      R 8  buy $ 20,761.86   sel     $40,000.00   [strat=friendly_rapport_builder]
      R 9  buy $ 11,760.56   sel     $39,500.00   [strat=patient_value_defender] *
      R10  buy $ 10,363.29   sel     $39,000.00   [strat=patient_value_defender]
      R11  buy $ 27,146.83   sel     $38,500.00   [strat=patient_value_defender]
      R12  buy $ 31,590.60   sel     $38,000.00   [strat=patient_value_defender]
      R13  buy $ 11,857.96   sel     $38,000.00   [strat=patient_value_defender]
      R14  buy $  7,682.15   sel     $38,000.00   [strat=patient_value_defender]
      R15  buy $ 37,588.59   sel     $37,800.00   [strat=patient_value_defender]
      R16  buy $ 10,275.13   sel     $37,500.00   [strat=patient_value_defender]
   run 11 done in 6.3 min

   run 12/30 on 2023 Ford Mustang GT Premium  seed=20964431
      R 1  buy $ 16,135.53   sel     $44,500.00   [strat=friendly_rapport_builder] *
      R 2  buy $ 36,393.62   sel     $43,000.00   [strat=friendly_rapport_builder]
      R 3  buy $ 40,891.53   sel     $42,500.00   [strat=friendly_rapport_builder]
      R 4  buy $ 21,843.89   sel     $42,000.00   [strat=friendly_rapport_builder]
      R 5  buy $ 11,964.46   sel     $41,500.00   [strat=friendly_rapport_builder]
      R 6  buy $ 22,767.94   sel     $41,000.00   [strat=friendly_rapport_builder]
      R 7  buy $ 14,598.27   sel     $40,500.00   [strat=friendly_rapport_builder]
      R 8  buy $ 27,927.88   sel     $39,500.00   [strat=friendly_rapport_builder]
      R 9  buy $ 37,780.93   sel     $38,500.00   [strat=patient_value_defender] *
      R10  buy $  3,575.78   sel     $38,500.00   [strat=patient_value_defender]
      R11  buy $  1,672.61   sel     $38,500.00   [strat=patient_value_defender]
      R12  buy $  9,495.56   sel     $38,000.00   [strat=patient_value_defender]
      R13  buy $  8,138.46   sel     $37,500.00   [strat=patient_value_defender]
      R14  buy $ 19,280.39   sel     $37,500.00   [strat=patient_value_defender]
      R15  buy $ 33,146.54   sel     $37,000.00   [strat=patient_value_defender]
      R16  buy $ 27,948.76   sel     $36,500.00   [strat=patient_value_defender]
   run 12 done in 8.5 min

   run 13/30 on 2023 Ford Mustang GT Premium  seed=20964432
      R 1  buy $ 23,275.35   sel     $43,500.00   [strat=friendly_rapport_builder] *
      R 2  buy $ 34,902.20   sel     $42,000.00   [strat=friendly_rapport_builder]
      R 3  buy $ 13,270.90   sel     $41,500.00   [strat=friendly_rapport_builder]
      R 4  buy $ 29,837.06   sel     $40,500.00   [strat=friendly_rapport_builder]
      R 5  buy $ 28,630.11   sel     $39,500.00   [strat=friendly_rapport_builder]
      R 6  buy $ 29,227.84   sel     $39,000.00   [strat=friendly_rapport_builder]
      R 7  buy $    848.19   sel     $38,500.00   [strat=friendly_rapport_builder]
      R 8  buy $ 29,886.62   sel     $38,000.00   [strat=friendly_rapport_builder]
      R 9  buy $ 28,615.81   sel     $37,500.00   [strat=patient_value_defender] *
      R10  buy $ 23,194.01   sel     $37,000.00   [strat=patient_value_defender]
      R11  buy $ 21,616.37   sel     $36,500.00   [strat=patient_value_defender]
      R12  buy $ 26,970.25   sel     $36,500.00   [strat=patient_value_defender]
      R13  buy $ 23,122.31   sel     $36,500.00   [strat=patient_value_defender]
      R14  buy $ 24,963.24   sel     $36,500.00   [strat=patient_value_defender]
      R15  buy $  9,564.07   sel     $36,500.00   [strat=patient_value_defender]
      R16  buy $ 22,046.48   sel     $36,500.00   [strat=patient_value_defender]
   run 13 done in 6.5 min

   run 14/30 on 2023 Ford Mustang GT Premium  seed=20964433
      R 1  buy $ 20,680.59   sel     $41,999.00   [strat=friendly_rapport_builder] *
      R 2  buy $ 40,107.93   sel     $41,500.00   [strat=friendly_rapport_builder]
      R 3  buy $ 13,702.98   sel     $41,000.00   [strat=friendly_rapport_builder]
      R 4  buy $ 29,251.65   sel     $39,500.00   [strat=friendly_rapport_builder]
      R 5  buy $ 17,875.76   sel     $38,500.00   [strat=friendly_rapport_builder]
      R 6  buy $ 15,107.06   sel     $38,000.00   [strat=friendly_rapport_builder]
      R 7  buy $ 35,490.25   sel     $37,500.00   [strat=friendly_rapport_builder]
      R 8  buy $ 28,682.49   sel     $36,500.00   [strat=friendly_rapport_builder]
      R 9  buy $  1,662.21   sel     $36,000.00   [strat=patient_value_defender] *
      R10  buy $  3,016.86   sel     $36,000.00   [strat=patient_value_defender]
      R11  buy $ 14,711.82   sel     $36,000.00   [strat=patient_value_defender]
      R12  buy $ 29,702.57   sel     $36,000.00   [strat=patient_value_defender]
      R13  buy $    425.63   sel     $36,000.00   [strat=patient_value_defender]
      R14  buy $ 13,886.29   sel     $36,000.00   [strat=patient_value_defender]
      R15  buy $ 16,631.63   sel     $36,000.00   [strat=patient_value_defender]
      R16  buy $    941.16   sel     $36,000.00   [strat=patient_value_defender]
   run 14 done in 6.5 min

   run 15/30 on 2023 Ford Mustang GT Premium  seed=20964434
      R 1  buy $ 39,687.55   sel     $44,500.00   [strat=friendly_rapport_builder] *
      R 2  buy $  3,577.37   sel     $43,500.00   [strat=friendly_rapport_builder]
      R 3  buy $ 19,114.17   sel     $43,500.00   [strat=friendly_rapport_builder]
      R 4  buy $ 31,799.46   sel     $42,500.00   [strat=friendly_rapport_builder]
      R 5  buy $ 41,610.40   sel     $42,000.00   [strat=friendly_rapport_builder]
      R 6  buy $ 16,608.80   sel     $42,000.00   [strat=friendly_rapport_builder]
      R 7  buy $ 27,169.93   sel     $41,500.00   [strat=friendly_rapport_builder]
      R 8  buy $ 12,811.42   sel     $41,000.00   [strat=friendly_rapport_builder]
      R 9  buy $ 37,767.73   sel     $40,000.00   [strat=patient_value_defender] *
      R10  buy $  3,693.38   sel     $40,000.00   [strat=patient_value_defender]
      R11  buy $ 35,780.39   sel     $39,500.00   [strat=patient_value_defender]
      R12  buy $ 38,787.85   sel     $39,000.00   [strat=patient_value_defender]
      R13  buy $ 20,289.25   sel     $39,000.00   [strat=patient_value_defender]
      R14  buy $ 27,756.01   sel     $39,000.00   [strat=patient_value_defender]
      R15  buy $ 11,681.21   sel     $39,000.00   [strat=patient_value_defender]
      R16  buy $  8,048.71   sel     $39,000.00   [strat=patient_value_defender]
   run 15 done in 6.4 min

   run 16/30 on 2023 Ford Mustang GT Premium  seed=20964435
      R 1  buy $ 20,181.56   sel     $44,500.00   [strat=friendly_rapport_builder] *
      R 2  buy $  2,032.93   sel     $44,250.00   [strat=friendly_rapport_builder]
      R 3  buy $ 23,221.51   sel     $44,000.00   [strat=friendly_rapport_builder]
      R 4  buy $ 18,494.12   sel     $43,750.00   [strat=friendly_rapport_builder]
      R 5  buy $ 42,786.42   sel     $43,250.00   [strat=friendly_rapport_builder]
      R 6  buy $  6,083.48   sel     $43,250.00   [strat=friendly_rapport_builder]
      R 7  buy $ 33,194.94   sel     $42,500.00   [strat=friendly_rapport_builder]
      R 8  buy $ 21,623.59   sel     $42,000.00   [strat=friendly_rapport_builder]
      R 9  buy $  4,901.40   sel     $42,000.00   [strat=patient_value_defender] *
      R10  buy $  7,084.50   sel     $41,500.00   [strat=patient_value_defender]
      R11  buy $     95.19   sel     $42,000.00   [strat=patient_value_defender]
      R12  buy $ 15,569.86   sel     $42,000.00   [strat=patient_value_defender]
      R13  buy $ 32,860.06   sel     $41,000.00   [strat=patient_value_defender]
      R14  buy $  8,264.25   sel     $41,000.00   [strat=patient_value_defender]
      R15  buy $ 30,191.43   sel     $40,000.00   [strat=patient_value_defender]
      R16  buy $  4,226.07   sel     $39,500.00   [strat=patient_value_defender]
   run 16 done in 5.7 min

   run 17/30 on 2023 Ford Mustang GT Premium  seed=20964436
      R 1  buy $ 25,717.64   sel     $42,000.00   [strat=friendly_rapport_builder] *
      R 2  buy $ 16,795.42   sel     $41,500.00   [strat=friendly_rapport_builder]
      R 3  buy $  2,762.43   sel     $41,000.00   [strat=friendly_rapport_builder]
      R 4  buy $ 16,913.13   sel     $40,500.00   [strat=friendly_rapport_builder]
      R 5  buy $  7,510.94   sel     $40,000.00   [strat=friendly_rapport_builder]
      R 6  buy $  7,693.10   sel     $39,500.00   [strat=friendly_rapport_builder]
      R 7  buy $  3,917.19   sel     $39,250.00   [strat=friendly_rapport_builder]
      R 8  buy $ 26,883.17   sel     $38,750.00   [strat=friendly_rapport_builder]
      R 9  buy $ 11,741.41   sel     $38,000.00   [strat=patient_value_defender] *
      R10  buy $ 34,995.52   sel     $37,750.00   [strat=patient_value_defender]
      R11  buy $ 19,745.45   sel     $37,500.00   [strat=patient_value_defender]
      R12  buy $ 10,876.59   sel     $37,250.00   [strat=patient_value_defender]
      R13  buy $ 12,541.02   sel     $37,000.00   [strat=patient_value_defender]
      R14  buy $ 12,517.98   sel     $36,750.00   [strat=patient_value_defender]
      R15  buy $ 23,186.04   sel     $36,500.00   [strat=patient_value_defender]
      R16  buy $ 15,467.93   sel     $36,250.00   [strat=patient_value_defender]
   run 17 done in 6.6 min

   run 18/30 on 2023 Ford Mustang GT Premium  seed=20964437
      R 1  buy $ 25,114.11   sel     $42,000.00   [strat=friendly_rapport_builder] *
      R 2  buy $ 38,868.47   sel     $39,000.00   [strat=friendly_rapport_builder]
      R 3  buy $ 36,613.43   sel     $38,500.00   [strat=friendly_rapport_builder]
      R 4  buy $    577.48   sel     $38,000.00   [strat=friendly_rapport_builder]
      R 5  buy $ 22,579.02   sel     $37,500.00   [strat=friendly_rapport_builder]
      R 6  buy $ 14,320.78   sel     $37,000.00   [strat=friendly_rapport_builder]
      R 7  buy $ 30,924.95   sel     $36,750.00   [strat=friendly_rapport_builder]
      R 8  buy $  2,101.71   sel     $36,500.00   [strat=friendly_rapport_builder]
      R 9  buy $ 32,109.68   sel     $36,250.00   [strat=patient_value_defender] *
      R10  buy $ 18,291.24   sel     $36,200.00   [strat=patient_value_defender]
      R11  buy $ 29,906.46   sel     $36,100.00   [strat=patient_value_defender]
      R12  buy $ 14,827.41   sel     $36,000.00   [strat=patient_value_defender]
      R13  buy $  2,826.85   sel     $35,999.00   [strat=patient_value_defender]
      R14  buy $ 19,425.53   sel     $35,999.00   [strat=patient_value_defender]
      R15  buy $  4,042.01   sel     $35,999.00   [strat=patient_value_defender]
      R16  buy $ 17,215.42   sel     $35,999.00   [strat=patient_value_defender]
   run 18 done in 6.0 min

   run 19/30 on 2023 Ford Mustang GT Premium  seed=20964438
      R 1  buy $ 32,783.39   sel     $42,500.00   [strat=friendly_rapport_builder] *
      R 2  buy $ 31,075.44   sel     $41,000.00   [strat=friendly_rapport_builder]
      R 3  buy $ 15,013.00   sel     $40,000.00   [strat=friendly_rapport_builder]
      R 4  buy $ 27,528.03   sel     $39,000.00   [strat=friendly_rapport_builder]
      R 5  buy $ 19,057.17   sel     $38,500.00   [strat=friendly_rapport_builder]
      R 6  buy $ 18,843.41   sel     $38,000.00   [strat=friendly_rapport_builder]
      R 7  buy $ 10,031.88   sel     $37,500.00   [strat=friendly_rapport_builder]
      R 8  buy $ 34,463.54   sel     $37,000.00   [strat=friendly_rapport_builder]
      R 9  buy $ 28,237.26   sel     $36,500.00   [strat=patient_value_defender] *
      R10  buy $ 34,769.67   sel     $36,250.00   [strat=patient_value_defender]
      R11  buy $  3,724.02   sel     $36,000.00   [strat=patient_value_defender]
      R12  buy $ 14,498.53   sel     $36,000.00   [strat=patient_value_defender]
      R13  buy $ 27,098.16   sel     $36,000.00   [strat=patient_value_defender]
      R14  buy $ 15,621.12   sel     $36,000.00   [strat=patient_value_defender]
      R15  buy $ 30,930.96   sel     $36,000.00   [strat=patient_value_defender]
      R16  buy $ 35,516.06   sel     $36,000.00   [strat=patient_value_defender]
   run 19 done in 5.9 min

   run 20/30 on 2023 Ford Mustang GT Premium  seed=20964439
      R 1  buy $ 38,201.58   sel     $42,500.00   [strat=friendly_rapport_builder] *
      R 2  buy $  3,435.77   sel     $42,000.00   [strat=friendly_rapport_builder]
      R 3  buy $ 10,016.06   sel     $42,000.00   [strat=friendly_rapport_builder]
      R 4  buy $  3,822.42   sel     $41,500.00   [strat=friendly_rapport_builder]
      R 5  buy $ 10,293.64   sel     $41,000.00   [strat=friendly_rapport_builder]
      R 6  buy $ 38,255.34   sel     $40,000.00   [strat=friendly_rapport_builder]
      R 7  buy $ 11,075.49   sel     $39,500.00   [strat=friendly_rapport_builder]
      R 8  buy $  4,510.41   sel     $39,000.00   [strat=friendly_rapport_builder]
      R 9  buy $ 16,021.93   sel     $38,500.00   [strat=patient_value_defender] *
      R10  buy $  2,990.56   sel     $38,000.00   [strat=patient_value_defender]
      R11  buy $ 21,487.11   sel     $38,000.00   [strat=patient_value_defender]
      R12  buy $ 34,370.06   sel     $38,000.00   [strat=patient_value_defender]
      R13  buy $  6,718.88   sel     $38,000.00   [strat=patient_value_defender]
      R14  buy $ 19,129.99   sel     $38,000.00   [strat=patient_value_defender]
      R15  buy $ 23,328.67   sel     $38,000.00   [strat=patient_value_defender]
      R16  buy $ 32,839.22   sel     $38,000.00   [strat=patient_value_defender]
   run 20 done in 7.0 min

   run 21/30 on 2023 Ford Mustang GT Premium  seed=20964440
      R 1  buy $ 18,187.72   sel     $38,500.00   [strat=friendly_rapport_builder] *
      R 2  buy $  3,204.69   sel     $38,500.00   [strat=friendly_rapport_builder]
      R 3  buy $ 16,477.72   sel     $38,500.00   [strat=friendly_rapport_builder]
      R 4  buy $ 31,844.00   sel     $37,000.00   [strat=friendly_rapport_builder]
      R 5  buy $ 15,698.28   sel     $36,500.00   [strat=friendly_rapport_builder]
      R 6  buy $ 22,920.63   sel     $36,500.00   [strat=friendly_rapport_builder]
      R 7  buy $    625.26   sel     $36,000.00   [strat=friendly_rapport_builder]
      R 8  buy $ 12,775.60   sel     $35,500.00   [strat=friendly_rapport_builder]
      R 9  buy $  6,054.84   sel     $35,000.00   [strat=patient_value_defender] *
      R10  buy $  9,000.52   sel     $34,500.00   [strat=patient_value_defender]
      R11  buy $  4,594.80   sel     $34,000.00   [strat=patient_value_defender]
      R12  buy $ 23,019.71   sel     $33,500.00   [strat=patient_value_defender]
      R13  buy $  4,465.06   sel     $33,500.00   [strat=patient_value_defender]
      R14  buy $    751.95   sel     $33,500.00   [strat=patient_value_defender]
      R15  buy $  8,211.85   sel     $36,000.00   [strat=patient_value_defender]
      R16  buy $ 27,221.91   sel     $35,500.00   [strat=patient_value_defender]
   run 21 done in 7.6 min

   run 22/30 on 2023 Ford Mustang GT Premium  seed=20964441
      R 1  buy $  5,748.74   sel     $49,500.00   [strat=friendly_rapport_builder] *
      R 2  buy $  7,322.50   sel     $47,000.00   [strat=friendly_rapport_builder]
      R 3  buy $ 19,547.92   sel     $44,000.00   [strat=friendly_rapport_builder]
      R 4  buy $    296.42   sel     $42,500.00   [strat=friendly_rapport_builder]
      R 5  buy $ 21,451.84   sel     $41,000.00   [strat=friendly_rapport_builder]
      R 6  buy $ 10,753.14   sel     $39,500.00   [strat=friendly_rapport_builder]
      R 7  buy $ 19,790.39   sel     $38,500.00   [strat=friendly_rapport_builder]
      R 8  buy $     12.89   sel     $38,000.00   [strat=friendly_rapport_builder]
      R 9  buy $ 35,766.95   sel     $37,500.00   [strat=patient_value_defender] *
      R10  buy $ 19,449.09   sel     $36,500.00   [strat=patient_value_defender]
      R11  buy $ 26,341.83   sel     $36,500.00   [strat=patient_value_defender]
      R12  buy $ 30,912.88   sel     $36,500.00   [strat=patient_value_defender]
      R13  buy $ 29,622.20   sel     $36,000.00   [strat=patient_value_defender]
      R14  buy $ 31,965.41   sel     $36,000.00   [strat=patient_value_defender]
      R15  buy $ 19,697.39   sel     $36,000.00   [strat=patient_value_defender]
      R16  buy $ 32,035.24   sel     $36,000.00   [strat=patient_value_defender]
   run 22 done in 6.9 min

   run 23/30 on 2023 Ford Mustang GT Premium  seed=20964442
      R 1  buy $ 36,072.41   sel     $39,850.00   [strat=friendly_rapport_builder] *
      R 2  buy $ 16,258.88   sel     $39,500.00   [strat=friendly_rapport_builder]
      R 3  buy $ 33,384.39   sel     $38,800.00   [strat=friendly_rapport_builder]
      R 4  buy $ 29,806.46   sel     $38,000.00   [strat=friendly_rapport_builder]
      R 5  buy $ 12,151.64   sel     $38,000.00   [strat=friendly_rapport_builder]
      R 6  buy $ 24,950.96   sel     $37,500.00   [strat=friendly_rapport_builder]
      R 7  buy $  9,038.77   sel     $37,500.00   [strat=friendly_rapport_builder]
      R 8  buy $  2,078.27   sel     $37,500.00   [strat=friendly_rapport_builder]
      R 9  buy $  5,467.11   sel     $37,500.00   [strat=patient_value_defender] *
      R10  buy $ 23,773.56   sel     $37,500.00   [strat=patient_value_defender]
      R11  buy $ 37,086.99   sel     $37,250.00   [strat=patient_value_defender]
      R12  buy $ 10,855.56   sel     $37,250.00   [strat=patient_value_defender]
      R13  buy $ 27,697.24   sel     $37,000.00   [strat=patient_value_defender]
      R14  buy $ 29,058.68   sel     $36,950.00   [strat=patient_value_defender]
      R15  buy $  1,551.71   sel     $36,900.00   [strat=patient_value_defender]
      R16  buy $  5,113.07   sel     $36,850.00   [strat=patient_value_defender]
   run 23 done in 6.7 min

   run 24/30 on 2023 Ford Mustang GT Premium  seed=20964443
      R 1  buy $ 41,983.87   sel     $44,500.00   [strat=friendly_rapport_builder] *
      R 2  buy $ 34,731.60   sel     $43,800.00   [strat=friendly_rapport_builder]
      R 3  buy $  7,290.54   sel     $43,000.00   [strat=friendly_rapport_builder]
      R 4  buy $ 11,098.40   sel     $42,500.00   [strat=friendly_rapport_builder]
      R 5  buy $ 30,716.11   sel     $42,000.00   [strat=friendly_rapport_builder]
      R 6  buy $ 22,564.45   sel     $41,500.00   [strat=friendly_rapport_builder]
      R 7  buy $ 10,430.37   sel     $41,000.00   [strat=friendly_rapport_builder]
      R 8  buy $ 18,150.05   sel     $40,500.00   [strat=friendly_rapport_builder]
      R 9  buy $  6,951.04   sel     $40,000.00   [strat=patient_value_defender] *
      R10  buy $    993.95   sel     $39,500.00   [strat=patient_value_defender]
      R11  buy $ 19,306.99   sel     $39,000.00   [strat=patient_value_defender]
      R12  buy $ 29,881.87   sel     $38,500.00   [strat=patient_value_defender]
      R13  buy $ 19,370.22   sel     $38,000.00   [strat=patient_value_defender]
      R14  buy $ 34,266.29   sel     $37,500.00   [strat=patient_value_defender]
      R15  buy $ 36,927.01   sel     $37,250.00   [strat=patient_value_defender]
      R16  buy $ 16,624.37   sel     $37,000.00   [strat=patient_value_defender]
   run 24 done in 7.6 min

   run 25/30 on 2023 Ford Mustang GT Premium  seed=20964444
      R 1  buy $ 39,600.71   sel     $43,500.00   [strat=friendly_rapport_builder] *
      R 2  buy $ 40,742.57   sel     $42,121.29   [strat=friendly_rapport_builder]
      R 3  buy $ 27,353.13   sel     $41,800.00   [strat=friendly_rapport_builder]
      R 4  buy $ 28,336.79   sel     $41,500.00   [strat=friendly_rapport_builder]
      R 5  buy $ 31,328.98   sel     $41,000.00   [strat=friendly_rapport_builder]
      R 6  buy $ 27,878.82   sel     $40,500.00   [strat=friendly_rapport_builder]
      R 7  buy $ 35,728.84   sel     $39,500.00   [strat=friendly_rapport_builder]
      R 8  buy $  3,488.11   sel     $39,000.00   [strat=friendly_rapport_builder]
      R 9  buy $ 31,038.12   sel     $38,500.00   [strat=patient_value_defender] *
      R10  buy $ 26,456.18   sel     $38,000.00   [strat=patient_value_defender]
      R11  buy $ 11,670.63   sel     $38,000.00   [strat=patient_value_defender]
      R12  buy $ 11,713.83   sel     $38,000.00   [strat=patient_value_defender]
      R13  buy $ 23,900.78   sel     $37,500.00   [strat=patient_value_defender]
      R14  buy $ 22,545.06   sel     $37,000.00   [strat=patient_value_defender]
      R15  buy $ 31,635.83   sel     $36,500.00   [strat=patient_value_defender]
      R16  buy $ 12,845.83   sel     $36,300.00   [strat=patient_value_defender]
   run 25 done in 7.1 min

   run 26/30 on 2023 Ford Mustang GT Premium  seed=20964445
      R 1  buy $ 21,171.36   sel     $42,500.00   [strat=friendly_rapport_builder] *
      R 2  buy $  3,426.45   sel     $41,000.00   [strat=friendly_rapport_builder]
      R 3  buy $ 14,646.58   sel     $40,000.00   [strat=friendly_rapport_builder]
      R 4  buy $  1,644.58   sel     $39,500.00   [strat=friendly_rapport_builder]
      R 5  buy $ 26,389.80   sel     $38,500.00   [strat=friendly_rapport_builder]
      R 6  buy $ 14,495.64   sel     $38,000.00   [strat=friendly_rapport_builder]
      R 7  buy $  8,221.95   sel     $37,500.00   [strat=friendly_rapport_builder]
      R 8  buy $  7,991.34   sel     $37,000.00   [strat=friendly_rapport_builder]
      R 9  buy $  2,699.56   sel     $36,500.00   [strat=patient_value_defender] *
      R10  buy $ 21,061.59   sel     $36,250.00   [strat=patient_value_defender]
      R11  buy $ 23,917.61   sel     $36,000.00   [strat=patient_value_defender]
      R12  buy $ 27,862.55   sel     $36,200.00   [strat=patient_value_defender]
      R13  buy $  1,034.27   sel     $36,000.00   [strat=patient_value_defender]
      R14  buy $ 14,307.30   sel     $36,000.00   [strat=patient_value_defender]
      R15  buy $ 26,482.56   sel     $36,000.00   [strat=patient_value_defender]
      R16  buy $ 15,257.29   sel     $36,000.00   [strat=patient_value_defender]
   run 26 done in 10.5 min

   run 27/30 on 2023 Ford Mustang GT Premium  seed=20964446
      R 1  buy $ 32,430.01   sel     $42,999.00   [strat=friendly_rapport_builder] *
      R 2  buy $ 11,042.75   sel     $41,999.00   [strat=friendly_rapport_builder]
      R 3  buy $ 16,302.01   sel     $40,999.00   [strat=friendly_rapport_builder]
      R 4  buy $  7,081.80   sel     $39,999.00   [strat=friendly_rapport_builder]
      R 5  buy $ 29,802.78   sel     $38,999.00   [strat=friendly_rapport_builder]
      R 6  buy $ 22,083.13   sel     $38,499.00   [strat=friendly_rapport_builder]
      R 7  buy $  6,524.64   sel     $38,000.00   [strat=friendly_rapport_builder]
      R 8  buy $ 11,506.25   sel     $37,500.00   [strat=friendly_rapport_builder]
      R 9  buy $ 17,216.45   sel     $37,000.00   [strat=patient_value_defender] *
      R10  buy $ 14,396.13   sel     $36,500.00   [strat=patient_value_defender]
      R11  buy $    368.62   sel     $36,000.00   [strat=patient_value_defender]
      R12  buy $ 20,132.60   sel     $36,000.00   [strat=patient_value_defender]
      R13  buy $ 16,554.85   sel     $36,000.00   [strat=patient_value_defender]
      R14  buy $ 32,983.75   sel     $36,000.00   [strat=patient_value_defender]
      R15  buy $ 18,714.30   sel     $36,000.00   [strat=patient_value_defender]
      R16  buy $ 11,816.31   sel     $36,000.00   [strat=patient_value_defender]
   run 27 done in 7.4 min

   run 28/30 on 2023 Ford Mustang GT Premium  seed=20964447
      R 1  buy $ 40,859.01   sel     $43,000.00   [strat=friendly_rapport_builder] *
      R 2  buy $ 41,176.33   sel     $42,500.00   [strat=friendly_rapport_builder]
      R 3  buy $  2,047.16   sel     $42,000.00   [strat=friendly_rapport_builder]
      R 4  buy $ 15,159.21   sel     $41,500.00   [strat=friendly_rapport_builder]
      R 5  buy $ 27,898.10   sel     $40,000.00   [strat=friendly_rapport_builder]
      R 6  buy $  5,217.37   sel     $39,500.00   [strat=friendly_rapport_builder]
      R 7  buy $ 26,314.14   sel     $39,000.00   [strat=friendly_rapport_builder]
      R 8  buy $  8,535.16   sel     $38,500.00   [strat=friendly_rapport_builder]
      R 9  buy $  6,155.91   sel     $38,000.00   [strat=patient_value_defender] *
      R10  buy $  6,050.23   sel     $37,500.00   [strat=patient_value_defender]
      R11  buy $ 20,723.93   sel     $37,400.00   [strat=patient_value_defender]
      R12  buy $ 24,600.84   sel     $37,000.00   [strat=patient_value_defender]
      R13  buy $ 34,961.24   sel     $36,500.00   [strat=patient_value_defender]
      R14  buy $ 13,010.64   sel     $36,400.00   [strat=patient_value_defender]
      R15  buy $ 21,402.89   sel     $36,200.00   [strat=patient_value_defender]
      R16  buy $ 28,309.87   sel     $36,100.00   [strat=patient_value_defender]
   run 28 done in 9.7 min

   run 29/30 on 2023 Ford Mustang GT Premium  seed=20964448
      R 1  buy $ 39,624.18   sel     $43,500.00   [strat=friendly_rapport_builder] *
      R 2  buy $ 22,497.49   sel     $42,000.00   [strat=friendly_rapport_builder]
      R 3  buy $ 17,303.61   sel     $41,500.00   [strat=friendly_rapport_builder]
      R 4  buy $  2,717.99   sel     $41,000.00   [strat=friendly_rapport_builder]
      R 5  buy $ 24,025.06   sel     $40,500.00   [strat=friendly_rapport_builder]
      R 6  buy $  4,375.66   sel     $39,500.00   [strat=friendly_rapport_builder]
      R 7  buy $ 33,444.42   sel     $38,000.00   [strat=friendly_rapport_builder]
      R 8  buy $ 29,529.57   sel     $37,500.00   [strat=friendly_rapport_builder]
      R 9  buy $  2,796.09   sel     $37,000.00   [strat=patient_value_defender] *
      R10  buy $ 30,593.07   sel     $36,500.00   [strat=patient_value_defender]
      R11  buy $ 21,763.54   sel     $36,000.00   [strat=patient_value_defender]
      R12  buy $  3,345.12   sel     $35,500.00   [strat=patient_value_defender]
      R13  buy $ 27,888.26   sel     $35,500.00   [strat=patient_value_defender]
      R14  buy $  5,556.29   sel     $35,500.00   [strat=patient_value_defender]
      R15  buy $ 16,950.12   sel     $36,000.00   [strat=patient_value_defender]
      R16  buy $  7,264.13   sel     $36,000.00   [strat=patient_value_defender]
   run 29 done in 7.3 min

   run 30/30 on 2023 Ford Mustang GT Premium  seed=20964449
      R 1  buy $ 19,353.62   sel     $42,500.00   [strat=friendly_rapport_builder] *
      R 2  buy $  7,370.87   sel     $40,000.00   [strat=friendly_rapport_builder]
      R 3  buy $ 35,517.91   sel     $37,900.00   [strat=friendly_rapport_builder]
      R 4  buy $ 16,948.26   sel     $37,500.00   [strat=friendly_rapport_builder]
      R 5  buy $ 35,221.18   sel     $36,400.00   [strat=friendly_rapport_builder]
      R 6  buy $ 29,734.51   sel     $36,000.00   [strat=friendly_rapport_builder]
      R 7  buy $  1,527.65   sel     $35,500.00   [strat=friendly_rapport_builder]
      R 8  buy $  8,888.80   sel     $36,000.00   [strat=friendly_rapport_builder]
      R 9  buy $ 24,307.73   sel     $35,500.00   [strat=patient_value_defender] *
      R10  buy $ 31,454.31   sel     $36,000.00   [strat=patient_value_defender]
      R11  buy $ 28,129.36   sel     $35,000.00   [strat=patient_value_defender]
      R12  buy $  2,393.43   sel     $35,500.00   [strat=patient_value_defender]
      R13  buy $ 20,104.56   sel     $35,000.00   [strat=patient_value_defender]
      R14  buy $ 27,169.10   sel     $36,000.00   [strat=patient_value_defender]
      R15  buy $ 23,967.01   sel     $35,500.00   [strat=patient_value_defender]
      R16  buy $ 21,298.04   sel     $36,000.00   [strat=patient_value_defender]
   run 30 done in 8.9 min

   ---> checkpoint: car 5/5 done in 216.0 min; total so far 974.2 min; saved 150 runs to exp07_transitionA_rep2.json

=== FINISH exp07_transitionA_rep2 in 16.24 h (150 runs) -> results\exp07_transitionA_rep2.json ===
