=== START exp05_fixed_market_expert_value_justifier ===
    pid         : 13664
    hostname    : LAPTOP-B4TE0NRA
    state_file  : state\exp05_fixed_market_expert_value_justifier.state.json
    schedule    : fixed__market_expert_value_justifier
    adaptive    : False  (switches=[])
    n_rounds    : 16
    n_cars      : 5
    runs/car    : 30
    total runs  : 150  (total calls: 2400)
    model       : deepseek-reasoner  at https://api.deepseek.com
    base_seed   : 20260420
    output      : results\exp05_fixed_market_expert_value_justifier.json

--- CAR 1/5: 2014 Mercedes-Benz S550  (M=$96,000.00  cost=$19,000.00  cost/M=19.79%) ---

   run 1/30 on 2014 Mercedes-Benz S550  seed=20760420
      R 1  buy $ 71,871.14   sel     $84,900.00   [strat=market_expert_value_justifier] *
      R 2  buy $ 33,434.85   sel     $84,900.00   [strat=market_expert_value_justifier]
      R 3  buy $ 45,606.99   sel     $83,500.00   [strat=market_expert_value_justifier]
      R 4  buy $ 17,058.93   sel     $82,500.00   [strat=market_expert_value_justifier]
      R 5  buy $ 82,240.13   sel     $82,370.00   [strat=market_expert_value_justifier]
      R 6  buy $ 40,433.46   sel     $82,370.00   [strat=market_expert_value_justifier]
      R 7  buy $ 78,404.51   sel     PARSE-FAIL   [strat=market_expert_value_justifier]
      R 8  buy $ 78,132.74   sel     $81,500.00   [strat=market_expert_value_justifier]
      R 9  buy $ 80,324.49   sel     $80,900.00   [strat=market_expert_value_justifier]
      R10  buy $ 19,294.00   sel     $80,900.00   [strat=market_expert_value_justifier]
      R11  buy $ 25,060.88   sel     PARSE-FAIL   [strat=market_expert_value_justifier]
      R12  buy $ 79,425.61   sel     $80,000.00   [strat=market_expert_value_justifier]
      R13  buy $ 37,506.37   sel     $79,500.00   [strat=market_expert_value_justifier]
      R14  buy $ 62,095.69   sel     $78,500.00   [strat=market_expert_value_justifier]
      R15  buy $ 35,725.52   sel     $78,000.00   [strat=market_expert_value_justifier]
      R16  buy $  3,592.57   sel     $78,000.00   [strat=market_expert_value_justifier]
   run 1 done in 7.3 min

   run 2/30 on 2014 Mercedes-Benz S550  seed=20760421
      R 1  buy $  4,548.54   sel     $35,000.00   [strat=market_expert_value_justifier] *
      R 2  buy $ 29,589.06   sel     $32,500.00   [strat=market_expert_value_justifier]
      R 3  buy $ 22,238.78   sel     $31,800.00   [strat=market_expert_value_justifier]
      R 4  buy $ 27,526.89   sel     $30,500.00   [strat=market_expert_value_justifier]
      R 5  buy $ 11,650.13   sel     $29,999.00   [strat=market_expert_value_justifier]
      R 6  buy $ 22,335.98   sel     $29,999.00   [strat=market_expert_value_justifier]
      R 7  buy $  4,077.31   sel     $29,999.00   [strat=market_expert_value_justifier]
      R 8  buy $  2,633.20   sel     $29,999.00   [strat=market_expert_value_justifier]
      R 9  buy $ 26,224.73   sel     $28,500.00   [strat=market_expert_value_justifier]
      R10  buy $ 10,444.39   sel     $27,500.00   [strat=market_expert_value_justifier]
      R11  buy $    594.55   sel     $27,500.00   [strat=market_expert_value_justifier]
      R12  buy $ 21,210.47   sel     $26,500.00   [strat=market_expert_value_justifier]
      R13  buy $ 14,875.70   sel     $25,000.00   [strat=market_expert_value_justifier]
      R14  buy $  8,313.15   sel     $24,000.00   [strat=market_expert_value_justifier]
      R15  buy $ 16,610.63   sel     $23,500.00   [strat=market_expert_value_justifier]
      R16  buy $  8,207.96   sel     $22,500.00   [strat=market_expert_value_justifier]
   run 2 done in 7.1 min

   run 3/30 on 2014 Mercedes-Benz S550  seed=20760422
      R 1  buy $ 52,552.27   sel     $58,000.00   [strat=market_expert_value_justifier] *
      R 2  buy $ 46,513.07   sel     $56,500.00   [strat=market_expert_value_justifier]
      R 3  buy $ 20,498.37   sel     $55,500.00   [strat=market_expert_value_justifier]
      R 4  buy $ 26,616.62   sel     $54,800.00   [strat=market_expert_value_justifier]
      R 5  buy $ 33,680.92   sel     $54,800.00   [strat=market_expert_value_justifier]
      R 6  buy $ 21,959.60   sel     $54,500.00   [strat=market_expert_value_justifier]
      R 7  buy $ 26,950.09   sel     $54,500.00   [strat=market_expert_value_justifier]
      R 8  buy $ 45,841.43   sel     $52,500.00   [strat=market_expert_value_justifier]
      R 9  buy $ 16,197.04   sel     $49,900.00   [strat=market_expert_value_justifier]
      R10  buy $ 49,207.71   sel     $49,207.71   [strat=market_expert_value_justifier]
      R11  buy $ 22,839.33   sel     $48,500.00   [strat=market_expert_value_justifier]
      R12  buy $  6,956.89   sel     $46,500.00   [strat=market_expert_value_justifier]
      R13  buy $ 38,225.88   sel     $44,000.00   [strat=market_expert_value_justifier]
      R14  buy $ 15,576.80   sel     $42,000.00   [strat=market_expert_value_justifier]
      R15  buy $ 29,011.13   sel     $37,500.00   [strat=market_expert_value_justifier]
      R16  buy $  3,213.88   sel     $35,000.00   [strat=market_expert_value_justifier]
   run 3 done in 8.1 min

   run 4/30 on 2014 Mercedes-Benz S550  seed=20760423
      R 1  buy $ 22,923.79   sel     $27,500.00   [strat=market_expert_value_justifier] *
      R 2  buy $ 27,381.34   sel     $27,440.67   [strat=market_expert_value_justifier]
      R 3  buy $ 12,484.44   sel     $27,000.00   [strat=market_expert_value_justifier]
      R 4  buy $  9,406.22   sel     $27,440.67   [strat=market_expert_value_justifier]
      R 5  buy $ 21,813.26   sel     $25,500.00   [strat=market_expert_value_justifier]
      R 6  buy $  2,374.05   sel     $25,500.00   [strat=market_expert_value_justifier]
      R 7  buy $ 15,771.18   sel     $24,900.00   [strat=market_expert_value_justifier]
      R 8  buy $    443.85   sel     $24,900.00   [strat=market_expert_value_justifier]
      R 9  buy $ 15,383.55   sel     $23,900.00   [strat=market_expert_value_justifier]
      R10  buy $ 21,150.19   sel     $22,525.00   [strat=market_expert_value_justifier]
      R11  buy $ 17,738.80   sel     $21,500.00   [strat=market_expert_value_justifier]
      R12  buy $  6,725.25   sel     $20,500.00   [strat=market_expert_value_justifier]
      R13  buy $  3,681.86   sel     $19,900.00   [strat=market_expert_value_justifier]
      R14  buy $  3,450.01   sel     $19,500.00   [strat=market_expert_value_justifier]
      R15  buy $    395.69   sel     $19,250.00   [strat=market_expert_value_justifier]
      R16  buy $  2,758.32   sel     $19,100.00   [strat=market_expert_value_justifier]
   run 4 done in 6.1 min

   run 5/30 on 2014 Mercedes-Benz S550  seed=20760424
      R 1  buy $ 37,811.18   sel     $47,500.00   [strat=market_expert_value_justifier] *
      R 2  buy $ 16,403.77   sel     $45,000.00   [strat=market_expert_value_justifier]
      R 3  buy $ 35,280.96   sel     $44,000.00   [strat=market_expert_value_justifier]
      R 4  buy $  4,213.16   sel     $43,500.00   [strat=market_expert_value_justifier]
      R 5  buy $ 28,612.47   sel     $43,000.00   [strat=market_expert_value_justifier]
      R 6  buy $ 42,860.30   sel     $42,900.00   [strat=market_expert_value_justifier]
      R 7  buy $ 27,751.49   sel     $42,500.00   [strat=market_expert_value_justifier]
      R 8  buy $ 10,816.05   sel     $42,000.00   [strat=market_expert_value_justifier]
      R 9  buy $    868.44   sel     $41,500.00   [strat=market_expert_value_justifier]
      R10  buy $  7,416.64   sel     $41,000.00   [strat=market_expert_value_justifier]
      R11  buy $ 16,428.93   sel     $40,000.00   [strat=market_expert_value_justifier]
      R12  buy $  5,743.78   sel     $39,500.00   [strat=market_expert_value_justifier]
      R13  buy $  2,279.66   sel     $39,000.00   [strat=market_expert_value_justifier]
      R14  buy $ 31,515.21   sel     $38,000.00   [strat=market_expert_value_justifier]
      R15  buy $ 19,587.70   sel     $35,000.00   [strat=market_expert_value_justifier]
      R16  buy $  3,653.05   sel     $33,000.00   [strat=market_expert_value_justifier]
   run 5 done in 9.0 min

   run 6/30 on 2014 Mercedes-Benz S550  seed=20760425
      R 1  buy $ 38,762.53   sel     $44,950.00   [strat=market_expert_value_justifier] *
      R 2  buy $ 32,522.29   sel     $44,950.00   [strat=market_expert_value_justifier]
      R 3  buy $ 34,215.37   sel     $43,750.00   [strat=market_expert_value_justifier]
      R 4  buy $ 20,258.00   sel     $42,000.00   [strat=market_expert_value_justifier]
      R 5  buy $ 18,325.53   sel     $41,500.00   [strat=market_expert_value_justifier]
      R 6  buy $ 26,956.63   sel     $40,000.00   [strat=market_expert_value_justifier]
      R 7  buy $  8,120.58   sel     $41,500.00   [strat=market_expert_value_justifier]
      R 8  buy $ 16,787.63   sel     $41,500.00   [strat=market_expert_value_justifier]
      R 9  buy $ 16,013.57   sel     $41,500.00   [strat=market_expert_value_justifier]
      R10  buy $ 28,557.20   sel     $40,500.00   [strat=market_expert_value_justifier]
      R11  buy $ 24,448.59   sel     $39,500.00   [strat=market_expert_value_justifier]
      R12  buy $ 32,822.86   sel     $38,000.00   [strat=market_expert_value_justifier]
      R13  buy $ 20,684.52   sel     $38,000.00   [strat=market_expert_value_justifier]
      R14  buy $    477.99   sel     $35,000.00   [strat=market_expert_value_justifier]
      R15  buy $ 25,257.20   sel     $32,500.00   [strat=market_expert_value_justifier]
      R16  buy $  2,575.43   sel     $32,500.00   [strat=market_expert_value_justifier]
   run 6 done in 8.8 min

   run 7/30 on 2014 Mercedes-Benz S550  seed=20760426
      R 1  buy $ 29,243.98   sel     $39,950.00   [strat=market_expert_value_justifier] *
      R 2  buy $ 34,919.74   sel     $38,500.00   [strat=market_expert_value_justifier]
      R 3  buy $ 17,374.55   sel     $38,500.00   [strat=market_expert_value_justifier]
      R 4  buy $ 22,468.88   sel     $37,500.00   [strat=market_expert_value_justifier]
      R 5  buy $ 29,980.24   sel     $36,500.00   [strat=market_expert_value_justifier]
      R 6  buy $ 26,534.10   sel     $35,000.00   [strat=market_expert_value_justifier]
      R 7  buy $ 25,215.39   sel     $34,000.00   [strat=market_expert_value_justifier]
      R 8  buy $  5,893.51   sel     $34,000.00   [strat=market_expert_value_justifier]
      R 9  buy $ 10,922.53   sel     $34,000.00   [strat=market_expert_value_justifier]
      R10  buy $ 24,162.51   sel     $34,000.00   [strat=market_expert_value_justifier]
      R11  buy $ 10,862.33   sel     $34,000.00   [strat=market_expert_value_justifier]
      R12  buy $  4,908.35   sel     $34,000.00   [strat=market_expert_value_justifier]
      R13  buy $ 13,938.89   sel     $32,000.00   [strat=market_expert_value_justifier]
      R14  buy $  2,488.99   sel     $32,000.00   [strat=market_expert_value_justifier]
      R15  buy $  2,452.63   sel     $32,000.00   [strat=market_expert_value_justifier]
      R16  buy $  2,715.61   sel     $30,000.00   [strat=market_expert_value_justifier]
   run 7 done in 8.3 min

   run 8/30 on 2014 Mercedes-Benz S550  seed=20760427
      R 1  buy $ 31,456.78   sel     $45,000.00   [strat=market_expert_value_justifier] *
      R 2  buy $ 41,565.10   sel     $44,500.00   [strat=market_expert_value_justifier]
      R 3  buy $  1,883.61   sel     $44,000.00   [strat=market_expert_value_justifier]
      R 4  buy $ 13,866.83   sel     $43,500.00   [strat=market_expert_value_justifier]
      R 5  buy $ 42,976.36   sel     $43,250.00   [strat=market_expert_value_justifier]
      R 6  buy $ 17,051.09   sel     $43,000.00   [strat=market_expert_value_justifier]
      R 7  buy $  9,717.68   sel     $42,500.00   [strat=market_expert_value_justifier]
      R 8  buy $ 31,524.67   sel     $42,000.00   [strat=market_expert_value_justifier]
      R 9  buy $ 19,401.75   sel     $41,000.00   [strat=market_expert_value_justifier]
      R10  buy $ 21,506.66   sel     $40,000.00   [strat=market_expert_value_justifier]
      R11  buy $  9,959.41   sel     $39,500.00   [strat=market_expert_value_justifier]
      R12  buy $ 35,834.28   sel     $38,000.00   [strat=market_expert_value_justifier]
      R13  buy $ 33,990.39   sel     $36,500.00   [strat=market_expert_value_justifier]
      R14  buy $  9,478.30   sel     $34,000.00   [strat=market_expert_value_justifier]
      R15  buy $ 19,261.50   sel     $33,500.00   [strat=market_expert_value_justifier]
      R16  buy $ 20,182.45   sel     $30,000.00   [strat=market_expert_value_justifier]
   run 8 done in 10.1 min

   run 9/30 on 2014 Mercedes-Benz S550  seed=20760428
      R 1  buy $ 64,181.30   sel     $74,999.00   [strat=market_expert_value_justifier] *
      R 2  buy $ 40,844.08   sel     $71,500.00   [strat=market_expert_value_justifier]
      R 3  buy $ 55,359.32   sel     $68,500.00   [strat=market_expert_value_justifier]
      R 4  buy $ 15,108.64   sel     $68,500.00   [strat=market_expert_value_justifier]
      R 5  buy $ 22,332.41   sel     $66,000.00   [strat=market_expert_value_justifier]
      R 6  buy $ 29,095.69   sel     $64,500.00   [strat=market_expert_value_justifier]
      R 7  buy $ 39,753.47   sel     $62,000.00   [strat=market_expert_value_justifier]
      R 8  buy $ 44,144.71   sel     $60,000.00   [strat=market_expert_value_justifier]
      R 9  buy $ 26,698.77   sel     $59,000.00   [strat=market_expert_value_justifier]
      R10  buy $ 38,764.74   sel     $55,000.00   [strat=market_expert_value_justifier]
      R11  buy $ 14,029.14   sel     $52,000.00   [strat=market_expert_value_justifier]
      R12  buy $ 36,670.03   sel     $49,500.00   [strat=market_expert_value_justifier]
      R13  buy $ 28,245.09   sel     $48,000.00   [strat=market_expert_value_justifier]
      R14  buy $ 46,177.08   sel     $47,500.00   [strat=market_expert_value_justifier]
      R15  buy $ 25,333.95   sel     $47,000.00   [strat=market_expert_value_justifier]
      R16  buy $ 19,278.03   sel     $46,500.00   [strat=market_expert_value_justifier]
   run 9 done in 8.8 min

   run 10/30 on 2014 Mercedes-Benz S550  seed=20760429
      R 1  buy $ 60,099.74   sel     $79,999.99   [strat=market_expert_value_justifier] *
      R 2  buy $ 63,559.39   sel     $74,999.99   [strat=market_expert_value_justifier]
      R 3  buy $ 44,339.54   sel     $71,999.99   [strat=market_expert_value_justifier]
      R 4  buy $    740.01   sel     $69,999.99   [strat=market_expert_value_justifier]
      R 5  buy $ 36,784.04   sel     $68,500.00   [strat=market_expert_value_justifier]
      R 6  buy $  9,505.67   sel     $67,900.00   [strat=market_expert_value_justifier]
      R 7  buy $ 28,246.43   sel     $67,500.00   [strat=market_expert_value_justifier]
      R 8  buy $ 59,788.89   sel     $66,000.00   [strat=market_expert_value_justifier]
      R 9  buy $ 13,476.80   sel     $65,500.00   [strat=market_expert_value_justifier]
      R10  buy $ 43,771.41   sel     $64,500.00   [strat=market_expert_value_justifier]
      R11  buy $  8,512.31   sel     $64,250.00   [strat=market_expert_value_justifier]
      R12  buy $ 56,135.94   sel     $63,000.00   [strat=market_expert_value_justifier]
      R13  buy $ 45,607.81   sel     $62,000.00   [strat=market_expert_value_justifier]
      R14  buy $ 18,822.04   sel     $61,500.00   [strat=market_expert_value_justifier]
      R15  buy $  8,619.44   sel     $61,250.00   [strat=market_expert_value_justifier]
      R16  buy $ 55,286.54   sel     $60,000.00   [strat=market_expert_value_justifier]
   run 10 done in 7.0 min

   run 11/30 on 2014 Mercedes-Benz S550  seed=20760430
      R 1  buy $ 19,725.96   sel     $23,000.00   [strat=market_expert_value_justifier] *
      R 2  buy $  5,203.27   sel     $22,500.00   [strat=market_expert_value_justifier]
      R 3  buy $ 16,534.10   sel     $22,000.00   [strat=market_expert_value_justifier]
      R 4  buy $  3,997.70   sel     $21,800.00   [strat=market_expert_value_justifier]
      R 5  buy $ 14,425.96   sel     $21,500.00   [strat=market_expert_value_justifier]
      R 6  buy $ 16,213.92   sel     $21,000.00   [strat=market_expert_value_justifier]
      R 7  buy $ 19,877.06   sel     $20,000.00   [strat=market_expert_value_justifier]
      R 8  buy $ 18,718.18   sel     $19,500.00   [strat=market_expert_value_justifier]
      R 9  buy $ 11,628.64   sel     $19,250.00   [strat=market_expert_value_justifier]
      R10  buy $    459.53   sel     $19,000.00   [strat=market_expert_value_justifier]
      R11  buy $  3,581.66   sel     $19,000.00   [strat=market_expert_value_justifier]
      R12  buy $ 11,637.43   sel     $19,000.00   [strat=market_expert_value_justifier]
      R13  buy $  6,081.48   sel     $19,000.00   [strat=market_expert_value_justifier]
      R14  buy $ 12,608.30   sel     $19,000.00   [strat=market_expert_value_justifier]
      R15  buy $  6,189.12   sel     $19,000.00   [strat=market_expert_value_justifier]
      R16  buy $  8,945.73   sel     $19,000.00   [strat=market_expert_value_justifier]
   run 11 done in 7.1 min

   run 12/30 on 2014 Mercedes-Benz S550  seed=20760431
      R 1  buy $ 84,888.98   sel     $94,500.00   [strat=market_expert_value_justifier] *
      R 2  buy $  8,647.35   sel     $94,500.00   [strat=market_expert_value_justifier]
      R 3  buy $ 20,988.39   sel     $94,500.00   [strat=market_expert_value_justifier]
      R 4  buy $ 40,111.63   sel     $93,000.00   [strat=market_expert_value_justifier]
      R 5  buy $ 83,205.51   sel     $91,500.00   [strat=market_expert_value_justifier]
      R 6  buy $  3,374.39   sel     $90,000.00   [strat=market_expert_value_justifier]
      R 7  buy $ 26,182.20   sel     $90,000.00   [strat=market_expert_value_justifier]
      R 8  buy $ 43,654.83   sel     $90,000.00   [strat=market_expert_value_justifier]
      R 9  buy $  6,753.50   sel     $90,000.00   [strat=market_expert_value_justifier]
      R10  buy $ 86,131.33   sel     $88,000.00   [strat=market_expert_value_justifier]
      R11  buy $ 77,195.61   sel     $87,000.00   [strat=market_expert_value_justifier]
      R12  buy $ 53,750.16   sel     $86,000.00   [strat=market_expert_value_justifier]
      R13  buy $ 69,029.96   sel     $85,000.00   [strat=market_expert_value_justifier]
      R14  buy $ 29,632.85   sel     $84,500.00   [strat=market_expert_value_justifier]
      R15  buy $ 21,085.45   sel     $84,500.00   [strat=market_expert_value_justifier]
      R16  buy $ 34,122.47   sel     $84,000.00   [strat=market_expert_value_justifier]
   run 12 done in 9.9 min

   run 13/30 on 2014 Mercedes-Benz S550  seed=20760432
      R 1  buy $ 94,030.21   sel     $95,500.00   [strat=market_expert_value_justifier] *
      R 2  buy $ 38,451.16   sel     $95,500.00   [strat=market_expert_value_justifier]
      R 3  buy $ 63,841.23   sel     $94,500.00   [strat=market_expert_value_justifier]
      R 4  buy $ 39,290.19   sel     $94,500.00   [strat=market_expert_value_justifier]
      R 5  buy $ 15,199.24   sel     $94,500.00   [strat=market_expert_value_justifier]
      R 6  buy $  1,937.84   sel     $94,500.00   [strat=market_expert_value_justifier]
      R 7  buy $ 75,944.39   sel     $92,000.00   [strat=market_expert_value_justifier]
      R 8  buy $ 15,669.13   sel     $90,000.00   [strat=market_expert_value_justifier]
      R 9  buy $ 43,237.97   sel     $89,500.00   [strat=market_expert_value_justifier]
      R10  buy $ 58,646.60   sel     $88,000.00   [strat=market_expert_value_justifier]
      R11  buy $ 59,775.98   sel     $85,000.00   [strat=market_expert_value_justifier]
      R12  buy $ 32,699.01   sel     $83,000.00   [strat=market_expert_value_justifier]
      R13  buy $ 21,267.41   sel     $82,000.00   [strat=market_expert_value_justifier]
      R14  buy $ 26,748.55   sel     $80,000.00   [strat=market_expert_value_justifier]
      R15  buy $ 43,674.09   sel     $79,000.00   [strat=market_expert_value_justifier]
      R16  buy $ 35,028.86   sel     $78,000.00   [strat=market_expert_value_justifier]
   run 13 done in 8.0 min

   run 14/30 on 2014 Mercedes-Benz S550  seed=20760433
      R 1  buy $ 22,424.86   sel     $27,995.00   [strat=market_expert_value_justifier] *
      R 2  buy $ 26,967.39   sel     $27,500.00   [strat=market_expert_value_justifier]
      R 3  buy $  6,545.89   sel     $27,000.00   [strat=market_expert_value_justifier]
      R 4  buy $ 11,532.86   sel     $27,000.00   [strat=market_expert_value_justifier]
      R 5  buy $  6,844.77   sel     $26,500.00   [strat=market_expert_value_justifier]
      R 6  buy $ 26,476.35   sel     $26,476.35   [strat=market_expert_value_justifier]
      R 7  buy $ 24,082.09   sel     $26,476.35   [strat=market_expert_value_justifier]
      R 8  buy $ 21,215.34   sel     $25,500.00   [strat=market_expert_value_justifier]
      R 9  buy $    486.04   sel     $25,500.00   [strat=market_expert_value_justifier]
      R10  buy $ 23,243.19   sel     $24,500.00   [strat=market_expert_value_justifier]
      R11  buy $  9,962.48   sel     $24,000.00   [strat=market_expert_value_justifier]
      R12  buy $ 10,253.68   sel     $23,500.00   [strat=market_expert_value_justifier]
      R13  buy $  5,075.44   sel     $23,000.00   [strat=market_expert_value_justifier]
      R14  buy $ 18,042.17   sel     $22,500.00   [strat=market_expert_value_justifier]
      R15  buy $ 20,922.65   sel     $21,500.00   [strat=market_expert_value_justifier]
      R16  buy $  3,972.86   sel     $21,000.00   [strat=market_expert_value_justifier]
   run 14 done in 6.3 min

   run 15/30 on 2014 Mercedes-Benz S550  seed=20760434
      R 1  buy $ 11,005.22   sel     $25,500.00   [strat=market_expert_value_justifier] *
      R 2  buy $  7,620.16   sel     $25,500.00   [strat=market_expert_value_justifier]
      R 3  buy $    702.54   sel     $24,900.00   [strat=market_expert_value_justifier]
      R 4  buy $ 17,299.04   sel     $24,500.00   [strat=market_expert_value_justifier]
      R 5  buy $ 23,046.67   sel     $23,500.00   [strat=market_expert_value_justifier]
      R 6  buy $  9,111.35   sel     $23,300.00   [strat=market_expert_value_justifier]
      R 7  buy $  9,468.22   sel     $23,000.00   [strat=market_expert_value_justifier]
      R 8  buy $ 14,677.61   sel     $22,500.00   [strat=market_expert_value_justifier]
      R 9  buy $  8,205.89   sel     $22,500.00   [strat=market_expert_value_justifier]
      R10  buy $  9,894.61   sel     $22,500.00   [strat=market_expert_value_justifier]
      R11  buy $ 14,267.29   sel     $22,000.00   [strat=market_expert_value_justifier]
      R12  buy $  8,819.14   sel     $21,500.00   [strat=market_expert_value_justifier]
      R13  buy $ 10,108.26   sel     $21,000.00   [strat=market_expert_value_justifier]
      R14  buy $ 17,385.51   sel     $20,500.00   [strat=market_expert_value_justifier]
      R15  buy $ 19,376.72   sel     $20,000.00   [strat=market_expert_value_justifier]
      R16  buy $  8,644.25   sel     $19,900.00   [strat=market_expert_value_justifier]
   run 15 done in 7.1 min

   run 16/30 on 2014 Mercedes-Benz S550  seed=20760435
      R 1  buy $ 55,228.58   sel     $69,995.00   [strat=market_expert_value_justifier] *
      R 2  buy $  4,593.04   sel     $59,995.00   [strat=market_expert_value_justifier]
      R 3  buy $ 19,315.44   sel     $49,995.00   [strat=market_expert_value_justifier]
      R 4  buy $ 34,146.64   sel     $45,995.00   [strat=market_expert_value_justifier]
      R 5  buy $ 28,588.78   sel     $43,995.00   [strat=market_expert_value_justifier]
      R 6  buy $ 23,154.57   sel     $39,995.00   [strat=market_expert_value_justifier]
      R 7  buy $ 39,723.05   sel     $39,723.05   [strat=market_expert_value_justifier]
      R 8  buy $ 28,690.73   sel     $39,995.00   [strat=market_expert_value_justifier]
      R 9  buy $ 19,930.10   sel     $39,995.00   [strat=market_expert_value_justifier]
      R10  buy $ 32,516.59   sel     $38,995.00   [strat=market_expert_value_justifier]
      R11  buy $ 35,351.86   sel     $37,995.00   [strat=market_expert_value_justifier]
      R12  buy $ 18,342.53   sel     $36,995.00   [strat=market_expert_value_justifier]
      R13  buy $  9,441.96   sel     $35,995.00   [strat=market_expert_value_justifier]
      R14  buy $ 24,319.02   sel     $33,995.00   [strat=market_expert_value_justifier]
      R15  buy $ 33,327.22   sel     $33,327.22   [strat=market_expert_value_justifier]
      R16  buy $ 21,239.74   sel     $28,995.00   [strat=market_expert_value_justifier]
   run 16 done in 8.8 min

   run 17/30 on 2014 Mercedes-Benz S550  seed=20760436
      R 1  buy $ 30,442.45   sel     $44,500.00   [strat=market_expert_value_justifier] *
      R 2  buy $ 24,535.93   sel     $42,000.00   [strat=market_expert_value_justifier]
      R 3  buy $ 24,610.11   sel     $39,500.00   [strat=market_expert_value_justifier]
      R 4  buy $ 16,525.17   sel     $39,500.00   [strat=market_expert_value_justifier]
      R 5  buy $  7,250.06   sel     $39,500.00   [strat=market_expert_value_justifier]
      R 6  buy $ 23,999.84   sel     $38,500.00   [strat=market_expert_value_justifier]
      R 7  buy $ 12,474.03   sel     $38,500.00   [strat=market_expert_value_justifier]
      R 8  buy $ 15,812.58   sel     $38,500.00   [strat=market_expert_value_justifier]
      R 9  buy $  6,461.36   sel     $37,500.00   [strat=market_expert_value_justifier]
      R10  buy $  3,867.19   sel     $36,000.00   [strat=market_expert_value_justifier]
      R11  buy $  1,641.68   sel     $35,500.00   [strat=market_expert_value_justifier]
      R12  buy $ 32,237.60   sel     $33,500.00   [strat=market_expert_value_justifier]
      R13  buy $  5,400.07   sel     $34,000.00   [strat=market_expert_value_justifier]
      R14  buy $ 19,357.89   sel     $32,000.00   [strat=market_expert_value_justifier]
      R15  buy $  2,963.34   sel     $31,500.00   [strat=market_expert_value_justifier]
      R16  buy $ 17,937.56   sel     $31,500.00   [strat=market_expert_value_justifier]
   run 17 done in 6.1 min

   run 18/30 on 2014 Mercedes-Benz S550  seed=20760437
      R 1  buy $ 34,269.35   sel     $44,500.00   [strat=market_expert_value_justifier] *
      R 2  buy $ 22,585.32   sel     $42,000.00   [strat=market_expert_value_justifier]
      R 3  buy $ 36,559.26   sel     $40,500.00   [strat=market_expert_value_justifier]
      R 4  buy $  8,360.40   sel     $40,500.00   [strat=market_expert_value_justifier]
      R 5  buy $  5,670.76   sel     $40,500.00   [strat=market_expert_value_justifier]
      R 6  buy $ 35,133.86   sel     $38,500.00   [strat=market_expert_value_justifier]
      R 7  buy $    186.79   sel     $38,500.00   [strat=market_expert_value_justifier]
      R 8  buy $ 13,103.08   sel     $38,000.00   [strat=market_expert_value_justifier]
      R 9  buy $ 27,659.56   sel     $37,000.00   [strat=market_expert_value_justifier]
      R10  buy $ 29,920.17   sel     $35,500.00   [strat=market_expert_value_justifier]
      R11  buy $ 24,216.08   sel     $34,500.00   [strat=market_expert_value_justifier]
      R12  buy $ 25,606.47   sel     $33,000.00   [strat=market_expert_value_justifier]
      R13  buy $ 15,518.40   sel     $32,500.00   [strat=market_expert_value_justifier]
      R14  buy $  5,211.50   sel     $32,500.00   [strat=market_expert_value_justifier]
      R15  buy $ 30,104.30   sel     $31,500.00   [strat=market_expert_value_justifier]
      R16  buy $ 18,405.99   sel     $30,000.00   [strat=market_expert_value_justifier]
   run 18 done in 6.6 min

   run 19/30 on 2014 Mercedes-Benz S550  seed=20760438
      R 1  buy $ 48,321.79   sel     $58,000.00   [strat=market_expert_value_justifier] *
      R 2  buy $ 54,329.55   sel     $56,500.00   [strat=market_expert_value_justifier]
      R 3  buy $ 38,169.85   sel     $55,750.00   [strat=market_expert_value_justifier]
      R 4  buy $ 49,426.90   sel     $52,500.00   [strat=market_expert_value_justifier]
      R 5  buy $ 23,217.95   sel     $51,000.00   [strat=market_expert_value_justifier]
      R 6  buy $ 30,672.28   sel     $49,500.00   [strat=market_expert_value_justifier]
      R 7  buy $ 26,102.42   sel     $47,500.00   [strat=market_expert_value_justifier]
      R 8  buy $  5,774.96   sel     $47,000.00   [strat=market_expert_value_justifier]
      R 9  buy $ 43,006.96   sel     $46,500.00   [strat=market_expert_value_justifier]
      R10  buy $ 32,345.71   sel     $44,500.00   [strat=market_expert_value_justifier]
      R11  buy $ 22,549.39   sel     $42,500.00   [strat=market_expert_value_justifier]
      R12  buy $ 28,242.25   sel     $41,500.00   [strat=market_expert_value_justifier]
      R13  buy $ 27,551.53   sel     $40,000.00   [strat=market_expert_value_justifier]
      R14  buy $    731.90   sel     $40,000.00   [strat=market_expert_value_justifier]
      R15  buy $ 21,207.70   sel     $34,500.00   [strat=market_expert_value_justifier]
      R16  buy $ 20,876.33   sel     $33,000.00   [strat=market_expert_value_justifier]
   run 19 done in 7.1 min

   run 20/30 on 2014 Mercedes-Benz S550  seed=20760439
      R 1  buy $ 32,294.80   sel     $42,000.00   [strat=market_expert_value_justifier] *
      R 2  buy $ 12,394.05   sel     $41,500.00   [strat=market_expert_value_justifier]
      R 3  buy $ 26,870.90   sel     $41,000.00   [strat=market_expert_value_justifier]
      R 4  buy $ 12,492.04   sel     $41,000.00   [strat=market_expert_value_justifier]
      R 5  buy $ 36,422.26   sel     $40,500.00   [strat=market_expert_value_justifier]
      R 6  buy $ 26,507.38   sel     $40,500.00   [strat=market_expert_value_justifier]
      R 7  buy $    147.87   sel     $40,500.00   [strat=market_expert_value_justifier]
      R 8  buy $ 21,560.00   sel     $40,000.00   [strat=market_expert_value_justifier]
      R 9  buy $ 10,928.65   sel     $40,000.00   [strat=market_expert_value_justifier]
      R10  buy $ 36,761.42   sel     $39,500.00   [strat=market_expert_value_justifier]
      R11  buy $ 36,096.78   sel     $38,500.00   [strat=market_expert_value_justifier]
      R12  buy $ 16,481.71   sel     $38,500.00   [strat=market_expert_value_justifier]
      R13  buy $ 14,172.99   sel     $38,500.00   [strat=market_expert_value_justifier]
      R14  buy $ 16,710.93   sel     $38,000.00   [strat=market_expert_value_justifier]
      R15  buy $ 17,536.89   sel     $37,500.00   [strat=market_expert_value_justifier]
      R16  buy $ 31,442.03   sel     $37,000.00   [strat=market_expert_value_justifier]
   run 20 done in 6.7 min

   run 21/30 on 2014 Mercedes-Benz S550  seed=20760440
      R 1  buy $ 63,864.54   sel     $84,500.00   [strat=market_expert_value_justifier] *
      R 2  buy $ 74,665.55   sel     $82,000.00   [strat=market_expert_value_justifier]
      R 3  buy $ 11,964.57   sel     $82,000.00   [strat=market_expert_value_justifier]
      R 4  buy $ 73,379.34   sel     $80,500.00   [strat=market_expert_value_justifier]
      R 5  buy $ 59,525.34   sel     $79,500.00   [strat=market_expert_value_justifier]
      R 6  buy $ 63,851.40   sel     $78,500.00   [strat=market_expert_value_justifier]
      R 7  buy $ 41,875.56   sel     $77,500.00   [strat=market_expert_value_justifier]
      R 8  buy $ 68,069.29   sel     $75,500.00   [strat=market_expert_value_justifier]
      R 9  buy $  5,503.54   sel     $74,500.00   [strat=market_expert_value_justifier]
      R10  buy $ 25,686.30   sel     $73,500.00   [strat=market_expert_value_justifier]
      R11  buy $ 71,930.14   sel     $71,930.14   [strat=market_expert_value_justifier]
      R12  buy $ 19,004.70   sel     $70,000.00   [strat=market_expert_value_justifier]
      R13  buy $ 45,900.57   sel     $69,000.00   [strat=market_expert_value_justifier]
      R14  buy $  5,844.58   sel     $68,500.00   [strat=market_expert_value_justifier]
      R15  buy $  2,809.62   sel     $68,000.00   [strat=market_expert_value_justifier]
      R16  buy $ 63,047.86   sel     $67,500.00   [strat=market_expert_value_justifier]
   run 21 done in 6.5 min

   run 22/30 on 2014 Mercedes-Benz S550  seed=20760441
      R 1  buy $  9,947.30   sel     $34,500.00   [strat=market_expert_value_justifier] *
      R 2  buy $ 11,871.45   sel     $33,500.00   [strat=market_expert_value_justifier]
      R 3  buy $ 32,399.31   sel     $32,800.00   [strat=market_expert_value_justifier]
      R 4  buy $ 10,032.56   sel     $32,500.00   [strat=market_expert_value_justifier]
      R 5  buy $  4,763.94   sel     $32,500.00   [strat=market_expert_value_justifier]
      R 6  buy $ 15,472.92   sel     $32,500.00   [strat=market_expert_value_justifier]
      R 7  buy $ 32,468.89   sel     $32,468.89   [strat=market_expert_value_justifier]
      R 8  buy $    626.28   sel     $32,500.00   [strat=market_expert_value_justifier]
      R 9  buy $ 25,458.90   sel     $32,000.00   [strat=market_expert_value_justifier]
      R10  buy $  6,660.04   sel     $31,500.00   [strat=market_expert_value_justifier]
      R11  buy $ 12,028.75   sel     $31,000.00   [strat=market_expert_value_justifier]
      R12  buy $ 12,267.44   sel     $30,500.00   [strat=market_expert_value_justifier]
      R13  buy $  2,891.39   sel     $30,500.00   [strat=market_expert_value_justifier]
      R14  buy $ 17,432.85   sel     $29,500.00   [strat=market_expert_value_justifier]
      R15  buy $ 26,802.03   sel     $28,000.00   [strat=market_expert_value_justifier]
      R16  buy $  4,863.22   sel     $28,000.00   [strat=market_expert_value_justifier]
   run 22 done in 6.7 min

   run 23/30 on 2014 Mercedes-Benz S550  seed=20760442
      R 1  buy $ 71,799.20   sel     $84,500.00   [strat=market_expert_value_justifier] *
      R 2  buy $ 21,449.23   sel     $84,500.00   [strat=market_expert_value_justifier]
      R 3  buy $ 59,843.17   sel     $82,000.00   [strat=market_expert_value_justifier]
      R 4  buy $ 26,973.21   sel     $79,500.00   [strat=market_expert_value_justifier]
      R 5  buy $ 60,613.01   sel     $74,500.00   [strat=market_expert_value_justifier]
      R 6  buy $ 57,544.78   sel     $72,000.00   [strat=market_expert_value_justifier]
      R 7  buy $ 26,519.93   sel     $72,000.00   [strat=market_expert_value_justifier]
      R 8  buy $ 26,380.11   sel     $71,000.00   [strat=market_expert_value_justifier]
      R 9  buy $ 35,245.17   sel     $71,000.00   [strat=market_expert_value_justifier]
      R10  buy $ 33,925.66   sel     $71,000.00   [strat=market_expert_value_justifier]
      R11  buy $ 18,551.44   sel     $71,000.00   [strat=market_expert_value_justifier]
      R12  buy $ 11,462.46   sel     $71,000.00   [strat=market_expert_value_justifier]
      R13  buy $ 37,494.03   sel     $70,000.00   [strat=market_expert_value_justifier]
      R14  buy $ 40,757.00   sel     $55,000.00   [strat=market_expert_value_justifier]
      R15  buy $ 32,071.55   sel     $52,500.00   [strat=market_expert_value_justifier]
      R16  buy $ 52,263.44   sel     $52,263.44   [strat=market_expert_value_justifier]
   run 23 done in 7.4 min

   run 24/30 on 2014 Mercedes-Benz S550  seed=20760443
      R 1  buy $ 63,500.10   sel     $67,200.00   [strat=market_expert_value_justifier] *
      R 2  buy $ 34,327.23   sel     $66,000.00   [strat=market_expert_value_justifier]
      R 3  buy $  3,610.28   sel     $65,000.00   [strat=market_expert_value_justifier]
      R 4  buy $  9,805.28   sel     $64,000.00   [strat=market_expert_value_justifier]
      R 5  buy $ 45,330.15   sel     $62,000.00   [strat=market_expert_value_justifier]
      R 6  buy $ 30,250.06   sel     $58,500.00   [strat=market_expert_value_justifier]
      R 7  buy $  5,347.03   sel     $58,500.00   [strat=market_expert_value_justifier]
      R 8  buy $  4,563.68   sel     $57,000.00   [strat=market_expert_value_justifier]
      R 9  buy $ 29,332.56   sel     $55,000.00   [strat=market_expert_value_justifier]
      R10  buy $  1,607.03   sel     $55,000.00   [strat=market_expert_value_justifier]
      R11  buy $  8,071.91   sel     $52,000.00   [strat=market_expert_value_justifier]
      R12  buy $ 22,241.07   sel     $50,000.00   [strat=market_expert_value_justifier]
      R13  buy $  5,340.68   sel     $50,000.00   [strat=market_expert_value_justifier]
      R14  buy $ 36,462.40   sel     $47,500.00   [strat=market_expert_value_justifier]
      R15  buy $ 27,953.95   sel     $45,000.00   [strat=market_expert_value_justifier]
      R16  buy $  7,357.05   sel     $42,500.00   [strat=market_expert_value_justifier]
   run 24 done in 6.2 min

   run 25/30 on 2014 Mercedes-Benz S550  seed=20760444
      R 1  buy $ 73,934.29   sel     $85,000.00   [strat=market_expert_value_justifier] *
      R 2  buy $ 13,676.20   sel     $84,500.00   [strat=market_expert_value_justifier]
      R 3  buy $ 36,766.86   sel     $84,000.00   [strat=market_expert_value_justifier]
      R 4  buy $ 69,330.99   sel     $83,500.00   [strat=market_expert_value_justifier]
      R 5  buy $ 49,753.08   sel     $82,000.00   [strat=market_expert_value_justifier]
      R 6  buy $ 60,584.40   sel     $81,500.00   [strat=market_expert_value_justifier]
      R 7  buy $ 29,120.19   sel     $81,000.00   [strat=market_expert_value_justifier]
      R 8  buy $ 21,213.66   sel     $81,000.00   [strat=market_expert_value_justifier]
      R 9  buy $ 52,002.05   sel     $80,500.00   [strat=market_expert_value_justifier]
      R10  buy $ 23,034.17   sel     $80,000.00   [strat=market_expert_value_justifier]
      R11  buy $  6,759.54   sel     $79,500.00   [strat=market_expert_value_justifier]
      R12  buy $ 62,038.74   sel     $79,000.00   [strat=market_expert_value_justifier]
      R13  buy $ 55,012.30   sel     $78,500.00   [strat=market_expert_value_justifier]
      R14  buy $ 25,818.75   sel     $78,000.00   [strat=market_expert_value_justifier]
      R15  buy $ 63,556.76   sel     $77,500.00   [strat=market_expert_value_justifier]
      R16  buy $ 27,481.77   sel     $77,000.00   [strat=market_expert_value_justifier]
   run 25 done in 7.0 min

   run 26/30 on 2014 Mercedes-Benz S550  seed=20760445
      R 1  buy $ 67,740.10   sel     $72,500.00   [strat=market_expert_value_justifier] *
      R 2  buy $ 44,399.48   sel     $71,000.00   [strat=market_expert_value_justifier]
      R 3  buy $ 37,873.38   sel     $69,500.00   [strat=market_expert_value_justifier]
      R 4  buy $ 39,787.25   sel     $68,900.00   [strat=market_expert_value_justifier]
      R 5  buy $ 12,665.58   sel     $68,900.00   [strat=market_expert_value_justifier]
      R 6  buy $ 22,474.77   sel     $67,500.00   [strat=market_expert_value_justifier]
      R 7  buy $ 14,109.59   sel     $67,000.00   [strat=market_expert_value_justifier]
      R 8  buy $ 64,665.86   sel     $65,500.00   [strat=market_expert_value_justifier]
      R 9  buy $ 43,866.75   sel     $64,000.00   [strat=market_expert_value_justifier]
      R10  buy $ 25,158.24   sel     $63,000.00   [strat=market_expert_value_justifier]
      R11  buy $ 14,877.87   sel     $62,500.00   [strat=market_expert_value_justifier]
      R12  buy $  9,031.75   sel     $62,000.00   [strat=market_expert_value_justifier]
      R13  buy $ 42,894.21   sel     $61,000.00   [strat=market_expert_value_justifier]
      R14  buy $ 27,771.58   sel     $60,000.00   [strat=market_expert_value_justifier]
      R15  buy $ 33,111.45   sel     $59,000.00   [strat=market_expert_value_justifier]
      R16  buy $ 55,009.06   sel     $57,500.00   [strat=market_expert_value_justifier]
   run 26 done in 7.1 min

   run 27/30 on 2014 Mercedes-Benz S550  seed=20760446
      R 1  buy $ 41,338.14   sel     $47,000.00   [strat=market_expert_value_justifier] *
      R 2  buy $ 44,529.00   sel     $46,500.00   [strat=market_expert_value_justifier]
      R 3  buy $ 38,987.42   sel     $45,514.00   [strat=market_expert_value_justifier]
      R 4  buy $ 43,728.83   sel     $45,000.00   [strat=market_expert_value_justifier]
      R 5  buy $ 22,250.84   sel     $45,000.00   [strat=market_expert_value_justifier]
      R 6  buy $ 34,834.12   sel     $44,500.00   [strat=market_expert_value_justifier]
      R 7  buy $ 12,793.07   sel     $44,000.00   [strat=market_expert_value_justifier]
      R 8  buy $ 43,696.16   sel     $43,696.16   [strat=market_expert_value_justifier]
      R 9  buy $ 27,308.96   sel     $44,000.00   [strat=market_expert_value_justifier]
      R10  buy $  9,341.18   sel     $44,000.00   [strat=market_expert_value_justifier]
      R11  buy $ 13,150.11   sel     $43,500.00   [strat=market_expert_value_justifier]
      R12  buy $ 41,773.87   sel     $42,500.00   [strat=market_expert_value_justifier]
      R13  buy $ 29,880.60   sel     $42,000.00   [strat=market_expert_value_justifier]
      R14  buy $ 36,114.21   sel     $41,000.00   [strat=market_expert_value_justifier]
      R15  buy $ 12,260.14   sel     $41,000.00   [strat=market_expert_value_justifier]
      R16  buy $ 21,966.03   sel     $40,000.00   [strat=market_expert_value_justifier]
   run 27 done in 7.0 min

   run 28/30 on 2014 Mercedes-Benz S550  seed=20760447
      R 1  buy $ 18,046.51   sel     $24,500.00   [strat=market_expert_value_justifier] *
      R 2  buy $  6,883.07   sel     $24,500.00   [strat=market_expert_value_justifier]
      R 3  buy $  8,390.56   sel     $24,500.00   [strat=market_expert_value_justifier]
      R 4  buy $ 19,807.66   sel     $23,500.00   [strat=market_expert_value_justifier]
      R 5  buy $  8,114.26   sel     $23,000.00   [strat=market_expert_value_justifier]
      R 6  buy $  6,946.59   sel     $23,000.00   [strat=market_expert_value_justifier]
      R 7  buy $  1,760.00   sel     $22,500.00   [strat=market_expert_value_justifier]
      R 8  buy $  5,459.92   sel     $22,500.00   [strat=market_expert_value_justifier]
      R 9  buy $ 17,796.18   sel     $22,000.00   [strat=market_expert_value_justifier]
      R10  buy $ 13,909.69   sel     $21,500.00   [strat=market_expert_value_justifier]
      R11  buy $ 16,963.11   sel     $20,750.00   [strat=market_expert_value_justifier]
      R12  buy $  5,827.49   sel     $20,750.00   [strat=market_expert_value_justifier]
      R13  buy $ 18,009.18   sel     $20,250.00   [strat=market_expert_value_justifier]
      R14  buy $  1,376.08   sel     $20,000.00   [strat=market_expert_value_justifier]
      R15  buy $ 14,459.11   sel     $19,900.00   [strat=market_expert_value_justifier]
      R16  buy $ 11,547.68   sel     $19,500.00   [strat=market_expert_value_justifier]
   run 28 done in 7.4 min

   run 29/30 on 2014 Mercedes-Benz S550  seed=20760448
      R 1  buy $ 74,347.19   sel     $82,000.00   [strat=market_expert_value_justifier] *
      R 2  buy $ 46,078.51   sel     $79,500.00   [strat=market_expert_value_justifier]
      R 3  buy $ 39,820.55   sel     $75,000.00   [strat=market_expert_value_justifier]
      R 4  buy $ 49,357.08   sel     $75,000.00   [strat=market_expert_value_justifier]
      R 5  buy $ 20,792.31   sel     $73,500.00   [strat=market_expert_value_justifier]
      R 6  buy $ 40,842.61   sel     $73,500.00   [strat=market_expert_value_justifier]
      R 7  buy $ 52,277.30   sel     $72,500.00   [strat=market_expert_value_justifier]
      R 8  buy $  2,414.64   sel     $72,500.00   [strat=market_expert_value_justifier]
      R 9  buy $ 27,270.17   sel     $71,000.00   [strat=market_expert_value_justifier]
      R10  buy $ 24,033.85   sel     $71,000.00   [strat=market_expert_value_justifier]
      R11  buy $  8,522.70   sel     $69,500.00   [strat=market_expert_value_justifier]
      R12  buy $  8,310.10   sel     $68,500.00   [strat=market_expert_value_justifier]
      R13  buy $ 57,850.69   sel     $67,500.00   [strat=market_expert_value_justifier]
      R14  buy $  9,956.23   sel     $67,500.00   [strat=market_expert_value_justifier]
      R15  buy $    678.47   sel     $67,500.00   [strat=market_expert_value_justifier]
      R16  buy $ 21,518.51   sel     $65,000.00   [strat=market_expert_value_justifier]
   run 29 done in 9.1 min

   run 30/30 on 2014 Mercedes-Benz S550  seed=20760449
      R 1  buy $ 53,763.56   sel     $78,500.00   [strat=market_expert_value_justifier] *
      R 2  buy $ 77,481.95   sel     $78,000.00   [strat=market_expert_value_justifier]
      R 3  buy $    977.91   sel     $78,000.00   [strat=market_expert_value_justifier]
      R 4  buy $  4,502.58   sel     $78,000.00   [strat=market_expert_value_justifier]
      R 5  buy $ 37,439.22   sel     $75,500.00   [strat=market_expert_value_justifier]
      R 6  buy $ 20,697.85   sel     $68,000.00   [strat=market_expert_value_justifier]
      R 7  buy $ 25,652.35   sel     $68,000.00   [strat=market_expert_value_justifier]
      R 8  buy $ 37,706.68   sel     $58,000.00   [strat=market_expert_value_justifier]
      R 9  buy $ 22,341.67   sel     $56,500.00   [strat=market_expert_value_justifier]
      R10  buy $ 41,518.41   sel     $48,000.00   [strat=market_expert_value_justifier]
      R11  buy $ 11,591.38   sel     $46,500.00   [strat=market_expert_value_justifier]
      R12  buy $ 28,720.48   sel     $42,000.00   [strat=market_expert_value_justifier]
      R13  buy $  3,592.34   sel     $40,000.00   [strat=market_expert_value_justifier]
      R14  buy $ 16,748.75   sel     $38,500.00   [strat=market_expert_value_justifier]
      R15  buy $ 27,507.89   sel     $35,000.00   [strat=market_expert_value_justifier]
      R16  buy $ 24,653.64   sel     $32,500.00   [strat=market_expert_value_justifier]
   run 30 done in 8.1 min

   ---> checkpoint: car 1/5 done in 226.7 min; total so far 226.7 min; saved 30 runs to exp05_fixed_market_expert_value_justifier.json

--- CAR 2/5: 2016 Cadillac CTS 3.6 Luxury  (M=$45,000.00  cost=$15,750.00  cost/M=35.00%) ---

   run 1/30 on 2016 Cadillac CTS 3.6 Luxury  seed=20761420
      R 1  buy $  1,070.19   sel     $19,999.99   [strat=market_expert_value_justifier] *
      R 2  buy $ 10,937.20   sel     $18,999.99   [strat=market_expert_value_justifier]
      R 3  buy $ 16,639.20   sel     $17,999.99   [strat=market_expert_value_justifier]
      R 4  buy $  9,401.15   sel     $17,999.99   [strat=market_expert_value_justifier]
      R 5  buy $    539.82   sel     $17,750.00   [strat=market_expert_value_justifier]
      R 6  buy $  8,378.26   sel     $17,500.00   [strat=market_expert_value_justifier]
      R 7  buy $ 10,930.08   sel     $17,250.00   [strat=market_expert_value_justifier]
      R 8  buy $ 12,513.30   sel     $16,995.00   [strat=market_expert_value_justifier]
      R 9  buy $ 14,535.67   sel     $16,499.99   [strat=market_expert_value_justifier]
      R10  buy $  6,341.75   sel     $16,249.99   [strat=market_expert_value_justifier]
      R11  buy $  8,980.07   sel     $15,999.99   [strat=market_expert_value_justifier]
      R12  buy $  5,091.56   sel     $15,750.00   [strat=market_expert_value_justifier]
      R13  buy $  6,127.62   sel     $15,750.00   [strat=market_expert_value_justifier]
      R14  buy $  5,871.95   sel     $15,750.00   [strat=market_expert_value_justifier]
      R15  buy $  8,707.20   sel     $15,750.00   [strat=market_expert_value_justifier]
      R16  buy $  2,583.30   sel     $15,750.00   [strat=market_expert_value_justifier]
   run 1 done in 8.3 min

   run 2/30 on 2016 Cadillac CTS 3.6 Luxury  seed=20761421
      R 1  buy $ 19,213.46   sel     $22,500.00   [strat=market_expert_value_justifier] *
      R 2  buy $  5,290.83   sel     $21,500.00   [strat=market_expert_value_justifier]
      R 3  buy $  1,296.16   sel     $20,500.00   [strat=market_expert_value_justifier]
      R 4  buy $  3,007.68   sel     $17,000.00   [strat=market_expert_value_justifier]
      R 5  buy $  4,106.44   sel     $17,000.00   [strat=market_expert_value_justifier]
      R 6  buy $ 11,367.26   sel     $16,500.00   [strat=market_expert_value_justifier]
      R 7  buy $  4,370.15   sel     $16,500.00   [strat=market_expert_value_justifier]
      R 8  buy $  9,189.76   sel     $16,000.00   [strat=market_expert_value_justifier]
      R 9  buy $  6,063.85   sel     $16,000.00   [strat=market_expert_value_justifier]
      R10  buy $  9,427.53   sel     $16,000.00   [strat=market_expert_value_justifier]
      R11  buy $  3,625.95   sel     $16,000.00   [strat=market_expert_value_justifier]
      R12  buy $ 14,057.43   sel     $15,900.00   [strat=market_expert_value_justifier]
      R13  buy $ 13,361.37   sel     $15,800.00   [strat=market_expert_value_justifier]
      R14  buy $    956.65   sel     $15,800.00   [strat=market_expert_value_justifier]
      R15  buy $ 11,059.68   sel     $15,800.00   [strat=market_expert_value_justifier]
      R16  buy $  2,081.65   sel     $15,800.00   [strat=market_expert_value_justifier]
   run 2 done in 9.0 min

   run 3/30 on 2016 Cadillac CTS 3.6 Luxury  seed=20761422
      R 1  buy $ 11,461.79   sel     $22,500.00   [strat=market_expert_value_justifier] *
      R 2  buy $  6,287.33   sel     $22,500.00   [strat=market_expert_value_justifier]
      R 3  buy $ 15,819.66   sel     $21,500.00   [strat=market_expert_value_justifier]
      R 4  buy $ 18,496.13   sel     $19,999.00   [strat=market_expert_value_justifier]
      R 5  buy $  2,927.81   sel     $19,999.00   [strat=market_expert_value_justifier]
      R 6  buy $ 18,622.18   sel     $19,500.00   [strat=market_expert_value_justifier]
      R 7  buy $  8,088.49   sel     $19,500.00   [strat=market_expert_value_justifier]
      R 8  buy $ 12,238.31   sel     $19,000.00   [strat=market_expert_value_justifier]
      R 9  buy $  9,538.65   sel     $18,500.00   [strat=market_expert_value_justifier]
      R10  buy $ 10,651.65   sel     $18,000.00   [strat=market_expert_value_justifier]
      R11  buy $ 17,774.37   sel     $17,900.00   [strat=market_expert_value_justifier]
      R12  buy $ 16,192.23   sel     $17,750.00   [strat=market_expert_value_justifier]
      R13  buy $ 15,667.57   sel     $17,500.00   [strat=market_expert_value_justifier]
      R14  buy $  9,907.89   sel     $17,500.00   [strat=market_expert_value_justifier]
      R15  buy $ 13,801.71   sel     $17,000.00   [strat=market_expert_value_justifier]
      R16  buy $  1,386.44   sel     $17,000.00   [strat=market_expert_value_justifier]
   run 3 done in 6.2 min

   run 4/30 on 2016 Cadillac CTS 3.6 Luxury  seed=20761423
      R 1  buy $ 26,119.98   sel     $38,999.00   [strat=market_expert_value_justifier] *
      R 2  buy $ 33,087.26   sel     $37,500.00   [strat=market_expert_value_justifier]
      R 3  buy $ 22,109.79   sel     $36,500.00   [strat=market_expert_value_justifier]
      R 4  buy $ 27,224.04   sel     $35,000.00   [strat=market_expert_value_justifier]
      R 5  buy $ 16,162.35   sel     $35,000.00   [strat=market_expert_value_justifier]
      R 6  buy $  8,853.23   sel     $35,000.00   [strat=market_expert_value_justifier]
      R 7  buy $  6,503.35   sel     $35,000.00   [strat=market_expert_value_justifier]
      R 8  buy $ 34,426.17   sel     $34,426.17   [strat=market_expert_value_justifier]
      R 9  buy $ 29,435.67   sel     $34,426.17   [strat=market_expert_value_justifier]
      R10  buy $ 14,010.13   sel     $34,426.17   [strat=market_expert_value_justifier]
      R11  buy $  1,281.75   sel     $34,426.17   [strat=market_expert_value_justifier]
      R12  buy $  8,026.72   sel     $34,426.17   [strat=market_expert_value_justifier]
      R13  buy $  8,449.95   sel     $34,426.17   [strat=market_expert_value_justifier]
      R14  buy $ 28,831.68   sel     $34,426.17   [strat=market_expert_value_justifier]
      R15  buy $ 27,060.25   sel     $33,500.00   [strat=market_expert_value_justifier]
      R16  buy $    913.42   sel     $33,500.00   [strat=market_expert_value_justifier]
   run 4 done in 6.5 min

   run 5/30 on 2016 Cadillac CTS 3.6 Luxury  seed=20761424
      R 1  buy $ 42,028.15   sel     $44,500.00   [strat=market_expert_value_justifier] *
      R 2  buy $ 35,001.84   sel     $43,000.00   [strat=market_expert_value_justifier]
      R 3  buy $  2,138.55   sel     $42,500.00   [strat=market_expert_value_justifier]
      R 4  buy $ 28,343.96   sel     $42,000.00   [strat=market_expert_value_justifier]
      R 5  buy $  6,967.59   sel     $41,500.00   [strat=market_expert_value_justifier]
      R 6  buy $ 29,694.60   sel     $40,000.00   [strat=market_expert_value_justifier]
      R 7  buy $ 23,926.03   sel     $37,500.00   [strat=market_expert_value_justifier]
      R 8  buy $ 26,357.48   sel     $36,000.00   [strat=market_expert_value_justifier]
      R 9  buy $ 24,563.92   sel     $35,000.00   [strat=market_expert_value_justifier]
      R10  buy $ 22,025.03   sel     $33,000.00   [strat=market_expert_value_justifier]
      R11  buy $  6,014.44   sel     $32,500.00   [strat=market_expert_value_justifier]
      R12  buy $ 24,409.00   sel     $30,000.00   [strat=market_expert_value_justifier]
      R13  buy $  4,137.39   sel     $29,500.00   [strat=market_expert_value_justifier]
      R14  buy $  2,519.01   sel     $28,500.00   [strat=market_expert_value_justifier]
      R15  buy $ 21,171.94   sel     $27,500.00   [strat=market_expert_value_justifier]
      R16  buy $ 10,955.25   sel     $26,500.00   [strat=market_expert_value_justifier]
   run 5 done in 7.7 min

   run 6/30 on 2016 Cadillac CTS 3.6 Luxury  seed=20761425
      R 1  buy $ 10,011.31   sel     $16,500.00   [strat=market_expert_value_justifier] *
      R 2  buy $    495.31   sel     $15,999.00   [strat=market_expert_value_justifier]
      R 3  buy $  1,759.95   sel     $15,900.00   [strat=market_expert_value_justifier]
      R 4  buy $ 11,514.57   sel     $15,800.00   [strat=market_expert_value_justifier]
      R 5  buy $  9,370.37   sel     $15,795.00   [strat=market_expert_value_justifier]
      R 6  buy $ 15,205.24   sel     $15,750.00   [strat=market_expert_value_justifier]
      R 7  buy $ 13,372.33   sel     $15,750.00   [strat=market_expert_value_justifier]
      R 8  buy $  7,677.38   sel     $15,750.00   [strat=market_expert_value_justifier]
      R 9  buy $  3,830.56   sel     $15,750.00   [strat=market_expert_value_justifier]
      R10  buy $  5,056.43   sel     $15,750.00   [strat=market_expert_value_justifier]
      R11  buy $ 12,211.43   sel     $15,750.00   [strat=market_expert_value_justifier]
      R12  buy $ 13,057.12   sel     $15,750.00   [strat=market_expert_value_justifier]
      R13  buy $ 11,464.34   sel     $15,750.00   [strat=market_expert_value_justifier]
      R14  buy $  2,622.63   sel     $15,750.00   [strat=market_expert_value_justifier]
      R15  buy $  3,445.23   sel     $15,750.00   [strat=market_expert_value_justifier]
      R16  buy $ 10,137.11   sel     $15,750.00   [strat=market_expert_value_justifier]
   run 6 done in 6.0 min

   run 7/30 on 2016 Cadillac CTS 3.6 Luxury  seed=20761426
      R 1  buy $ 24,395.48   sel     $32,000.00   [strat=market_expert_value_justifier] *
      R 2  buy $  8,177.24   sel     $31,500.00   [strat=market_expert_value_justifier]
      R 3  buy $ 25,179.65   sel     $30,000.00   [strat=market_expert_value_justifier]
      R 4  buy $ 12,872.38   sel     $30,000.00   [strat=market_expert_value_justifier]
      R 5  buy $ 11,417.06   sel     $29,500.00   [strat=market_expert_value_justifier]
      R 6  buy $ 18,001.01   sel     $26,000.00   [strat=market_expert_value_justifier]
      R 7  buy $ 16,208.16   sel     $24,500.00   [strat=market_expert_value_justifier]
      R 8  buy $  4,464.43   sel     $24,500.00   [strat=market_expert_value_justifier]
      R 9  buy $  5,051.26   sel     $24,500.00   [strat=market_expert_value_justifier]
      R10  buy $ 22,473.98   sel     $23,500.00   [strat=market_expert_value_justifier]
      R11  buy $ 19,621.53   sel     $21,500.00   [strat=market_expert_value_justifier]
      R12  buy $  8,916.58   sel     $20,000.00   [strat=market_expert_value_justifier]
      R13  buy $     52.39   sel     $20,000.00   [strat=market_expert_value_justifier]
      R14  buy $ 14,371.09   sel     $18,000.00   [strat=market_expert_value_justifier]
      R15  buy $ 14,002.26   sel     $17,000.00   [strat=market_expert_value_justifier]
      R16  buy $  2,106.96   sel     $16,500.00   [strat=market_expert_value_justifier]
   run 7 done in 6.4 min

   run 8/30 on 2016 Cadillac CTS 3.6 Luxury  seed=20761427
      R 1  buy $  3,572.04   sel     $19,995.00   [strat=market_expert_value_justifier] *
      R 2  buy $ 16,107.25   sel     $18,495.00   [strat=market_expert_value_justifier]
      R 3  buy $  6,829.41   sel     $17,500.00   [strat=market_expert_value_justifier]
      R 4  buy $ 13,151.20   sel     $17,000.00   [strat=market_expert_value_justifier]
      R 5  buy $  6,998.88   sel     $16,500.00   [strat=market_expert_value_justifier]
      R 6  buy $  3,472.72   sel     $16,500.00   [strat=market_expert_value_justifier]
      R 7  buy $  7,643.38   sel     $16,250.00   [strat=market_expert_value_justifier]
      R 8  buy $  8,142.47   sel     $16,250.00   [strat=market_expert_value_justifier]
      R 9  buy $  8,004.90   sel     $16,200.00   [strat=market_expert_value_justifier]
      R10  buy $ 14,747.89   sel     $15,999.00   [strat=market_expert_value_justifier]
      R11  buy $    212.81   sel     $15,999.00   [strat=market_expert_value_justifier]
      R12  buy $  4,681.42   sel     $15,999.00   [strat=market_expert_value_justifier]
      R13  buy $ 10,096.63   sel     $15,899.00   [strat=market_expert_value_justifier]
      R14  buy $  4,967.67   sel     $15,950.00   [strat=market_expert_value_justifier]
      R15  buy $    434.44   sel     $15,900.00   [strat=market_expert_value_justifier]
      R16  buy $    399.01   sel     $15,850.00   [strat=market_expert_value_justifier]
   run 8 done in 6.0 min

   run 9/30 on 2016 Cadillac CTS 3.6 Luxury  seed=20761428
      R 1  buy $  3,211.05   sel     $38,500.00   [strat=market_expert_value_justifier] *
      R 2  buy $ 28,956.66   sel     $36,000.00   [strat=market_expert_value_justifier]
      R 3  buy $ 14,086.74   sel     $36,000.00   [strat=market_expert_value_justifier]
      R 4  buy $ 27,063.53   sel     $35,500.00   [strat=market_expert_value_justifier]
      R 5  buy $ 11,510.01   sel     $35,500.00   [strat=market_expert_value_justifier]
      R 6  buy $ 22,501.31   sel     $35,500.00   [strat=market_expert_value_justifier]
      R 7  buy $ 32,838.75   sel     $34,000.00   [strat=market_expert_value_justifier]
      R 8  buy $  3,294.83   sel     $33,500.00   [strat=market_expert_value_justifier]
      R 9  buy $ 21,468.49   sel     $32,000.00   [strat=market_expert_value_justifier]
      R10  buy $  9,219.99   sel     $31,000.00   [strat=market_expert_value_justifier]
      R11  buy $ 19,097.41   sel     $30,000.00   [strat=market_expert_value_justifier]
      R12  buy $  5,771.83   sel     $30,000.00   [strat=market_expert_value_justifier]
      R13  buy $  5,319.49   sel     $30,000.00   [strat=market_expert_value_justifier]
      R14  buy $ 22,132.44   sel     $27,500.00   [strat=market_expert_value_justifier]
      R15  buy $ 13,211.07   sel     $27,500.00   [strat=market_expert_value_justifier]
      R16  buy $  7,772.91   sel     $27,000.00   [strat=market_expert_value_justifier]
   run 9 done in 7.6 min

   run 10/30 on 2016 Cadillac CTS 3.6 Luxury  seed=20761429
      R 1  buy $ 29,113.73   sel     $39,500.00   [strat=market_expert_value_justifier] *
      R 2  buy $ 28,360.02   sel     $38,500.00   [strat=market_expert_value_justifier]
      R 3  buy $ 37,034.40   sel     $38,000.00   [strat=market_expert_value_justifier]
      R 4  buy $ 15,726.61   sel     $38,000.00   [strat=market_expert_value_justifier]
      R 5  buy $ 15,348.89   sel     $38,000.00   [strat=market_expert_value_justifier]
      R 6  buy $  8,570.60   sel     $38,000.00   [strat=market_expert_value_justifier]
      R 7  buy $ 32,110.24   sel     $36,500.00   [strat=market_expert_value_justifier]
      R 8  buy $ 18,118.78   sel     $36,000.00   [strat=market_expert_value_justifier]
      R 9  buy $ 15,413.42   sel     $36,000.00   [strat=market_expert_value_justifier]
      R10  buy $  4,002.09   sel     $35,000.00   [strat=market_expert_value_justifier]
      R11  buy $ 13,521.07   sel     $35,000.00   [strat=market_expert_value_justifier]
      R12  buy $ 32,554.18   sel     $34,500.00   [strat=market_expert_value_justifier]
      R13  buy $ 34,409.41   sel     $34,409.41   [strat=market_expert_value_justifier]
      R14  buy $ 32,156.07   sel     $33,500.00   [strat=market_expert_value_justifier]
      R15  buy $ 30,362.12   sel     $32,500.00   [strat=market_expert_value_justifier]
      R16  buy $ 10,762.15   sel     $32,500.00   [strat=market_expert_value_justifier]
   run 10 done in 6.7 min

   run 11/30 on 2016 Cadillac CTS 3.6 Luxury  seed=20761430
      R 1  buy $ 25,865.81   sel     $32,500.00   [strat=market_expert_value_justifier] *
      R 2  buy $ 32,145.26   sel     $32,250.00   [strat=market_expert_value_justifier]
      R 3  buy $ 14,989.17   sel     $32,000.00   [strat=market_expert_value_justifier]
      R 4  buy $ 23,409.37   sel     $31,750.00   [strat=market_expert_value_justifier]
      R 5  buy $ 25,863.41   sel     $31,500.00   [strat=market_expert_value_justifier]
      R 6  buy $ 25,769.45   sel     $31,250.00   [strat=market_expert_value_justifier]
      R 7  buy $ 13,458.59   sel     $31,000.00   [strat=market_expert_value_justifier]
      R 8  buy $  6,184.58   sel     $30,750.00   [strat=market_expert_value_justifier]
      R 9  buy $ 19,933.94   sel     $30,500.00   [strat=market_expert_value_justifier]
      R10  buy $  1,673.18   sel     $30,250.00   [strat=market_expert_value_justifier]
      R11  buy $ 10,223.05   sel     $30,000.00   [strat=market_expert_value_justifier]
      R12  buy $ 27,138.09   sel     $29,500.00   [strat=market_expert_value_justifier]
      R13  buy $ 28,763.19   sel     $29,000.00   [strat=market_expert_value_justifier]
      R14  buy $ 24,944.78   sel     $28,500.00   [strat=market_expert_value_justifier]
      R15  buy $ 18,003.82   sel     $27,500.00   [strat=market_expert_value_justifier]
      R16  buy $ 22,998.38   sel     $26,000.00   [strat=market_expert_value_justifier]
   run 11 done in 6.8 min

   run 12/30 on 2016 Cadillac CTS 3.6 Luxury  seed=20761431
      R 1  buy $  4,037.42   sel     $38,000.00   [strat=market_expert_value_justifier] *
      R 2  buy $ 19,050.25   sel     $34,500.00   [strat=market_expert_value_justifier]
      R 3  buy $  3,833.93   sel     $33,000.00   [strat=market_expert_value_justifier]
      R 4  buy $ 19,880.39   sel     $31,500.00   [strat=market_expert_value_justifier]
      R 5  buy $ 28,060.62   sel     $30,000.00   [strat=market_expert_value_justifier]
      R 6  buy $ 24,988.62   sel     $29,500.00   [strat=market_expert_value_justifier]
      R 7  buy $  6,321.97   sel     $28,900.00   [strat=market_expert_value_justifier]
      R 8  buy $  4,024.86   sel     $28,500.00   [strat=market_expert_value_justifier]
      R 9  buy $ 12,559.95   sel     $28,000.00   [strat=market_expert_value_justifier]
      R10  buy $ 12,772.06   sel     $27,500.00   [strat=market_expert_value_justifier]
      R11  buy $  4,438.77   sel     $27,500.00   [strat=market_expert_value_justifier]
      R12  buy $ 24,798.67   sel     $26,500.00   [strat=market_expert_value_justifier]
      R13  buy $ 11,773.10   sel     $26,500.00   [strat=market_expert_value_justifier]
      R14  buy $ 19,562.10   sel     $25,500.00   [strat=market_expert_value_justifier]
      R15  buy $ 18,568.48   sel     $24,500.00   [strat=market_expert_value_justifier]
      R16  buy $  2,879.17   sel     $24,000.00   [strat=market_expert_value_justifier]
   run 12 done in 5.8 min

   run 13/30 on 2016 Cadillac CTS 3.6 Luxury  seed=20761432
      R 1  buy $  7,520.69   sel     $24,995.00   [strat=market_expert_value_justifier] *
      R 2  buy $ 22,960.59   sel     $23,977.00   [strat=market_expert_value_justifier]
      R 3  buy $ 17,779.66   sel     $22,995.00   [strat=market_expert_value_justifier]
      R 4  buy $ 22,069.41   sel     $22,500.00   [strat=market_expert_value_justifier]
      R 5  buy $  8,556.36   sel     $22,500.00   [strat=market_expert_value_justifier]
      R 6  buy $ 17,613.22   sel     $21,500.00   [strat=market_expert_value_justifier]
      R 7  buy $ 16,421.24   sel     $20,995.00   [strat=market_expert_value_justifier]
      R 8  buy $  8,915.28   sel     $20,895.00   [strat=market_expert_value_justifier]
      R 9  buy $ 14,323.63   sel     $20,895.00   [strat=market_expert_value_justifier]
      R10  buy $ 14,330.18   sel     $20,795.00   [strat=market_expert_value_justifier]
      R11  buy $  6,382.06   sel     $20,750.00   [strat=market_expert_value_justifier]
      R12  buy $ 17,210.22   sel     $19,995.00   [strat=market_expert_value_justifier]
      R13  buy $     38.67   sel     $19,750.00   [strat=market_expert_value_justifier]
      R14  buy $  9,085.30   sel     $19,500.00   [strat=market_expert_value_justifier]
      R15  buy $ 17,512.54   sel     $18,995.00   [strat=market_expert_value_justifier]
      R16  buy $  5,502.83   sel     $18,500.00   [strat=market_expert_value_justifier]
   run 13 done in 6.0 min

   run 14/30 on 2016 Cadillac CTS 3.6 Luxury  seed=20761433
      R 1  buy $ 15,103.64   sel     $19,500.00   [strat=market_expert_value_justifier] *
      R 2  buy $  4,329.97   sel     $18,900.00   [strat=market_expert_value_justifier]
      R 3  buy $ 15,587.25   sel     $18,500.00   [strat=market_expert_value_justifier]
      R 4  buy $    297.02   sel     $18,500.00   [strat=market_expert_value_justifier]
      R 5  buy $  6,280.36   sel     $18,500.00   [strat=market_expert_value_justifier]
      R 6  buy $ 12,228.33   sel     $18,000.00   [strat=market_expert_value_justifier]
      R 7  buy $ 15,542.66   sel     $17,500.00   [strat=market_expert_value_justifier]
      R 8  buy $ 13,108.22   sel     $17,000.00   [strat=market_expert_value_justifier]
      R 9  buy $  9,878.33   sel     $16,900.00   [strat=market_expert_value_justifier]
      R10  buy $  2,970.54   sel     $16,900.00   [strat=market_expert_value_justifier]
      R11  buy $  4,791.75   sel     $16,900.00   [strat=market_expert_value_justifier]
      R12  buy $  9,424.03   sel     $16,800.00   [strat=market_expert_value_justifier]
      R13  buy $    497.59   sel     $16,800.00   [strat=market_expert_value_justifier]
      R14  buy $  7,738.38   sel     $16,800.00   [strat=market_expert_value_justifier]
      R15  buy $  3,925.52   sel     $16,800.00   [strat=market_expert_value_justifier]
      R16  buy $ 11,898.47   sel     $16,800.00   [strat=market_expert_value_justifier]
   run 14 done in 5.2 min

   run 15/30 on 2016 Cadillac CTS 3.6 Luxury  seed=20761434
      R 1  buy $ 27,695.67   sel     $32,500.00   [strat=market_expert_value_justifier] *
      R 2  buy $  5,887.03   sel     $32,000.00   [strat=market_expert_value_justifier]
      R 3  buy $ 15,066.62   sel     $31,500.00   [strat=market_expert_value_justifier]
      R 4  buy $  8,223.26   sel     $31,500.00   [strat=market_expert_value_justifier]
      R 5  buy $  7,639.42   sel     $31,500.00   [strat=market_expert_value_justifier]
      R 6  buy $  6,641.80   sel     $31,500.00   [strat=market_expert_value_justifier]
      R 7  buy $ 26,131.26   sel     $29,500.00   [strat=market_expert_value_justifier]
      R 8  buy $  7,430.40   sel     $29,500.00   [strat=market_expert_value_justifier]
      R 9  buy $ 15,610.04   sel     $29,500.00   [strat=market_expert_value_justifier]
      R10  buy $ 17,948.33   sel     $28,500.00   [strat=market_expert_value_justifier]
      R11  buy $    922.74   sel     $28,500.00   [strat=market_expert_value_justifier]
      R12  buy $     74.94   sel     $28,500.00   [strat=market_expert_value_justifier]
      R13  buy $ 19,003.84   sel     $27,500.00   [strat=market_expert_value_justifier]
      R14  buy $ 25,779.12   sel     $26,900.00   [strat=market_expert_value_justifier]
      R15  buy $ 26,829.55   sel     $26,829.55   [strat=market_expert_value_justifier]
      R16  buy $ 25,405.31   sel     $26,500.00   [strat=market_expert_value_justifier]
   run 15 done in 5.5 min

   run 16/30 on 2016 Cadillac CTS 3.6 Luxury  seed=20761435
      R 1  buy $ 14,449.94   sel     $18,000.00   [strat=market_expert_value_justifier] *
      R 2  buy $ 17,678.69   sel     $17,800.00   [strat=market_expert_value_justifier]
      R 3  buy $ 13,631.79   sel     $17,800.00   [strat=market_expert_value_justifier]
      R 4  buy $  6,660.03   sel     $17,800.00   [strat=market_expert_value_justifier]
      R 5  buy $ 10,811.85   sel     $17,750.00   [strat=market_expert_value_justifier]
      R 6  buy $ 17,658.79   sel     $17,658.79   [strat=market_expert_value_justifier]
      R 7  buy $    543.72   sel     $17,658.79   [strat=market_expert_value_justifier]
      R 8  buy $ 15,943.63   sel     $17,500.00   [strat=market_expert_value_justifier]
      R 9  buy $  1,168.77   sel     $17,500.00   [strat=market_expert_value_justifier]
      R10  buy $ 11,668.51   sel     $17,250.00   [strat=market_expert_value_justifier]
      R11  buy $ 13,717.34   sel     $17,250.00   [strat=market_expert_value_justifier]
      R12  buy $  6,183.38   sel     $17,250.00   [strat=market_expert_value_justifier]
      R13  buy $  7,972.85   sel     $17,250.00   [strat=market_expert_value_justifier]
      R14  buy $  4,385.62   sel     $17,000.00   [strat=market_expert_value_justifier]
      R15  buy $    118.17   sel     $17,000.00   [strat=market_expert_value_justifier]
      R16  buy $  7,194.65   sel     $17,000.00   [strat=market_expert_value_justifier]
   run 16 done in 6.1 min

   run 17/30 on 2016 Cadillac CTS 3.6 Luxury  seed=20761436
      R 1  buy $ 24,633.23   sel     $38,000.00   [strat=market_expert_value_justifier] *
      R 2  buy $ 37,176.54   sel     $37,800.00   [strat=market_expert_value_justifier]
      R 3  buy $ 27,218.77   sel     $37,500.00   [strat=market_expert_value_justifier]
      R 4  buy $ 29,609.85   sel     $36,500.00   [strat=market_expert_value_justifier]
      R 5  buy $ 31,033.63   sel     $35,750.00   [strat=market_expert_value_justifier]
      R 6  buy $ 23,234.46   sel     $35,000.00   [strat=market_expert_value_justifier]
      R 7  buy $  9,429.52   sel     $34,500.00   [strat=market_expert_value_justifier]
      R 8  buy $ 33,688.40   sel     $34,100.00   [strat=market_expert_value_justifier]
      R 9  buy $    760.39   sel     $33,500.00   [strat=market_expert_value_justifier]
      R10  buy $ 13,198.10   sel     $33,000.00   [strat=market_expert_value_justifier]
      R11  buy $ 25,174.08   sel     $32,500.00   [strat=market_expert_value_justifier]
      R12  buy $  1,980.88   sel     $32,000.00   [strat=market_expert_value_justifier]
      R13  buy $  8,463.08   sel     $31,500.00   [strat=market_expert_value_justifier]
      R14  buy $ 13,794.44   sel     $30,000.00   [strat=market_expert_value_justifier]
      R15  buy $ 17,867.78   sel     $24,500.00   [strat=market_expert_value_justifier]
      R16  buy $  7,509.41   sel     $22,000.00   [strat=market_expert_value_justifier]
   run 17 done in 6.5 min

   run 18/30 on 2016 Cadillac CTS 3.6 Luxury  seed=20761437
      R 1  buy $ 18,036.76   sel     $22,500.00   [strat=market_expert_value_justifier] *
      R 2  buy $  7,186.37   sel     $21,500.00   [strat=market_expert_value_justifier]
      R 3  buy $ 10,610.77   sel     $20,900.00   [strat=market_expert_value_justifier]
      R 4  buy $ 16,087.30   sel     $19,900.00   [strat=market_expert_value_justifier]
      R 5  buy $  2,284.78   sel     $19,900.00   [strat=market_expert_value_justifier]
      R 6  buy $  6,412.56   sel     $19,900.00   [strat=market_expert_value_justifier]
      R 7  buy $  9,209.10   sel     $19,900.00   [strat=market_expert_value_justifier]
      R 8  buy $ 11,368.47   sel     $19,500.00   [strat=market_expert_value_justifier]
      R 9  buy $  7,428.05   sel     $19,500.00   [strat=market_expert_value_justifier]
      R10  buy $  5,747.65   sel     $19,500.00   [strat=market_expert_value_justifier]
      R11  buy $ 14,793.38   sel     $18,900.00   [strat=market_expert_value_justifier]
      R12  buy $  5,378.76   sel     $18,500.00   [strat=market_expert_value_justifier]
      R13  buy $ 16,125.61   sel     $18,250.00   [strat=market_expert_value_justifier]
      R14  buy $  9,243.87   sel     $17,500.00   [strat=market_expert_value_justifier]
      R15  buy $ 15,259.01   sel     $16,500.00   [strat=market_expert_value_justifier]
      R16  buy $ 15,670.66   sel     $16,000.00   [strat=market_expert_value_justifier]
   run 18 done in 6.5 min

   run 19/30 on 2016 Cadillac CTS 3.6 Luxury  seed=20761438
      R 1  buy $ 32,809.74   sel     $38,000.00   [strat=market_expert_value_justifier] *
      R 2  buy $ 19,338.26   sel     $37,500.00   [strat=market_expert_value_justifier]
      R 3  buy $ 28,426.69   sel     $36,000.00   [strat=market_expert_value_justifier]
      R 4  buy $ 19,084.07   sel     $35,500.00   [strat=market_expert_value_justifier]
      R 5  buy $ 27,630.06   sel     $34,500.00   [strat=market_expert_value_justifier]
      R 6  buy $ 26,294.38   sel     $33,500.00   [strat=market_expert_value_justifier]
      R 7  buy $  1,594.62   sel     $33,000.00   [strat=market_expert_value_justifier]
      R 8  buy $  5,411.41   sel     $32,000.00   [strat=market_expert_value_justifier]
      R 9  buy $ 22,585.42   sel     $31,500.00   [strat=market_expert_value_justifier]
      R10  buy $ 27,468.30   sel     $30,000.00   [strat=market_expert_value_justifier]
      R11  buy $ 10,259.74   sel     $29,500.00   [strat=market_expert_value_justifier]
      R12  buy $ 20,389.38   sel     $28,500.00   [strat=market_expert_value_justifier]
      R13  buy $  5,755.75   sel     $28,000.00   [strat=market_expert_value_justifier]
      R14  buy $ 20,327.14   sel     $27,000.00   [strat=market_expert_value_justifier]
      R15  buy $  1,121.17   sel     $26,500.00   [strat=market_expert_value_justifier]
      R16  buy $  3,818.77   sel     $26,500.00   [strat=market_expert_value_justifier]
   run 19 done in 7.0 min

   run 20/30 on 2016 Cadillac CTS 3.6 Luxury  seed=20761439
      R 1  buy $ 13,000.59   sel     $16,500.00   [strat=market_expert_value_justifier] *
      R 2  buy $  5,726.47   sel     $16,200.00   [strat=market_expert_value_justifier]
      R 3  buy $ 15,622.41   sel     $15,900.00   [strat=market_expert_value_justifier]
      R 4  buy $ 13,805.42   sel     $15,900.00   [strat=market_expert_value_justifier]
      R 5  buy $  7,249.00   sel     $15,900.00   [strat=market_expert_value_justifier]
      R 6  buy $ 10,761.57   sel     $15,900.00   [strat=market_expert_value_justifier]
      R 7  buy $ 11,185.53   sel     $15,900.00   [strat=market_expert_value_justifier]
      R 8  buy $ 14,688.07   sel     $15,800.00   [strat=market_expert_value_justifier]
      R 9  buy $ 10,821.92   sel     $15,800.00   [strat=market_expert_value_justifier]
      R10  buy $  6,564.14   sel     $15,750.00   [strat=market_expert_value_justifier]
      R11  buy $ 15,122.31   sel     $15,750.00   [strat=market_expert_value_justifier]
      R12  buy $ 13,724.99   sel     $15,750.00   [strat=market_expert_value_justifier]
      R13  buy $ 10,881.01   sel     $15,750.00   [strat=market_expert_value_justifier]
      R14  buy $  8,627.30   sel     $15,750.00   [strat=market_expert_value_justifier]
      R15  buy $ 13,953.41   sel     $15,750.00   [strat=market_expert_value_justifier]
      R16  buy $  3,479.99   sel     $15,750.00   [strat=market_expert_value_justifier]
   run 20 done in 4.9 min

   run 21/30 on 2016 Cadillac CTS 3.6 Luxury  seed=20761440
      R 1  buy $ 21,299.82   sel     $24,500.00   [strat=market_expert_value_justifier] *
      R 2  buy $ 10,358.07   sel     $24,000.00   [strat=market_expert_value_justifier]
      R 3  buy $  5,237.02   sel     $23,500.00   [strat=market_expert_value_justifier]
      R 4  buy $ 21,175.96   sel     $22,500.00   [strat=market_expert_value_justifier]
      R 5  buy $  4,364.67   sel     $22,000.00   [strat=market_expert_value_justifier]
      R 6  buy $ 21,789.12   sel     $22,000.00   [strat=market_expert_value_justifier]
      R 7  buy $  8,465.73   sel     $22,000.00   [strat=market_expert_value_justifier]
      R 8  buy $    655.92   sel     $21,500.00   [strat=market_expert_value_justifier]
      R 9  buy $ 16,196.31   sel     $21,000.00   [strat=market_expert_value_justifier]
      R10  buy $ 19,975.48   sel     $20,500.00   [strat=market_expert_value_justifier]
      R11  buy $  3,407.06   sel     $20,000.00   [strat=market_expert_value_justifier]
      R12  buy $  1,205.80   sel     $19,500.00   [strat=market_expert_value_justifier]
      R13  buy $  4,212.67   sel     $19,500.00   [strat=market_expert_value_justifier]
      R14  buy $  6,174.30   sel     $19,500.00   [strat=market_expert_value_justifier]
      R15  buy $ 19,327.94   sel     $19,327.94   [strat=market_expert_value_justifier]
      R16  buy $ 18,968.19   sel     $19,150.00   [strat=market_expert_value_justifier]
   run 21 done in 7.8 min

   run 22/30 on 2016 Cadillac CTS 3.6 Luxury  seed=20761441
      R 1  buy $  3,895.32   sel     $38,995.00   [strat=market_expert_value_justifier] *
      R 2  buy $ 10,921.79   sel     $37,500.00   [strat=market_expert_value_justifier]
      R 3  buy $ 14,436.72   sel     $36,500.00   [strat=market_expert_value_justifier]
      R 4  buy $  9,211.15   sel     $36,000.00   [strat=market_expert_value_justifier]
      R 5  buy $  3,121.20   sel     $35,500.00   [strat=market_expert_value_justifier]
      R 6  buy $ 31,781.25   sel     $34,000.00   [strat=market_expert_value_justifier]
      R 7  buy $ 11,558.53   sel     $33,500.00   [strat=market_expert_value_justifier]
      R 8  buy $ 15,220.70   sel     $33,000.00   [strat=market_expert_value_justifier]
      R 9  buy $ 24,963.99   sel     $31,500.00   [strat=market_expert_value_justifier]
      R10  buy $ 15,748.42   sel     $30,000.00   [strat=market_expert_value_justifier]
      R11  buy $ 16,807.72   sel     $29,500.00   [strat=market_expert_value_justifier]
      R12  buy $  8,597.71   sel     $28,500.00   [strat=market_expert_value_justifier]
      R13  buy $  2,867.08   sel     $27,500.00   [strat=market_expert_value_justifier]
      R14  buy $ 27,035.99   sel     $27,250.00   [strat=market_expert_value_justifier]
      R15  buy $ 22,735.59   sel     $26,500.00   [strat=market_expert_value_justifier]
      R16  buy $ 19,137.23   sel     $26,000.00   [strat=market_expert_value_justifier]
   run 22 done in 5.5 min

   run 23/30 on 2016 Cadillac CTS 3.6 Luxury  seed=20761442
      R 1  buy $ 17,499.94   sel     $19,499.00   [strat=market_expert_value_justifier] *
      R 2  buy $  6,795.58   sel     $18,999.00   [strat=market_expert_value_justifier]
      R 3  buy $ 11,412.21   sel     $18,500.00   [strat=market_expert_value_justifier]
      R 4  buy $  9,395.72   sel     $17,999.00   [strat=market_expert_value_justifier]
      R 5  buy $  5,047.90   sel     $17,500.00   [strat=market_expert_value_justifier]
      R 6  buy $    846.12   sel     $17,500.00   [strat=market_expert_value_justifier]
      R 7  buy $  7,647.72   sel     $17,500.00   [strat=market_expert_value_justifier]
      R 8  buy $ 16,278.50   sel     $16,900.00   [strat=market_expert_value_justifier]
      R 9  buy $    863.33   sel     $16,600.00   [strat=market_expert_value_justifier]
      R10  buy $  2,712.39   sel     $16,500.00   [strat=market_expert_value_justifier]
      R11  buy $  9,772.99   sel     $16,278.50   [strat=market_expert_value_justifier]
      R12  buy $  9,140.91   sel     $16,000.00   [strat=market_expert_value_justifier]
      R13  buy $  6,498.38   sel     $16,000.00   [strat=market_expert_value_justifier]
      R14  buy $ 13,039.38   sel     $15,800.00   [strat=market_expert_value_justifier]
      R15  buy $  2,357.75   sel     $15,800.00   [strat=market_expert_value_justifier]
      R16  buy $  4,708.96   sel     $15,800.00   [strat=market_expert_value_justifier]
   run 23 done in 7.0 min

   run 24/30 on 2016 Cadillac CTS 3.6 Luxury  seed=20761443
      R 1  buy $  6,072.25   sel     $21,999.95   [strat=market_expert_value_justifier] *
      R 2  buy $    434.44   sel     $21,999.95   [strat=market_expert_value_justifier]
      R 3  buy $  1,112.93   sel     $21,999.95   [strat=market_expert_value_justifier]
      R 4  buy $    983.60   sel     $21,999.95   [strat=market_expert_value_justifier]
      R 5  buy $ 16,043.84   sel     $21,500.00   [strat=market_expert_value_justifier]
      R 6  buy $  1,692.66   sel     $21,000.00   [strat=market_expert_value_justifier]
      R 7  buy $  4,041.41   sel     $20,999.00   [strat=market_expert_value_justifier]
      R 8  buy $ 17,284.30   sel     $19,999.00   [strat=market_expert_value_justifier]
      R 9  buy $ 19,030.88   sel     $19,500.00   [strat=market_expert_value_justifier]
      R10  buy $  3,280.11   sel     $19,250.00   [strat=market_expert_value_justifier]
      R11  buy $  8,403.51   sel     $19,000.00   [strat=market_expert_value_justifier]
      R12  buy $  5,184.65   sel     $18,500.00   [strat=market_expert_value_justifier]
      R13  buy $  7,186.77   sel     $18,000.00   [strat=market_expert_value_justifier]
      R14  buy $ 11,210.34   sel     $17,500.00   [strat=market_expert_value_justifier]
      R15  buy $ 10,897.54   sel     $16,500.00   [strat=market_expert_value_justifier]
      R16  buy $  2,269.46   sel     $16,000.00   [strat=market_expert_value_justifier]
   run 24 done in 6.3 min

   run 25/30 on 2016 Cadillac CTS 3.6 Luxury  seed=20761444
      R 1  buy $ 13,980.31   sel     $16,500.00   [strat=market_expert_value_justifier] *
      R 2  buy $  4,430.14   sel     $15,900.00   [strat=market_expert_value_justifier]
      R 3  buy $  7,608.24   sel     $15,800.00   [strat=market_expert_value_justifier]
      R 4  buy $  6,547.78   sel     $15,800.00   [strat=market_expert_value_justifier]
      R 5  buy $  6,591.71   sel     $15,600.00   [strat=market_expert_value_justifier]
      R 6  buy $ 14,961.76   sel     $15,750.00   [strat=market_expert_value_justifier]
      R 7  buy $ 10,310.81   sel     $15,600.00   [strat=market_expert_value_justifier]
      R 8  buy $ 12,646.92   sel     $15,750.00   [strat=market_expert_value_justifier]
      R 9  buy $    854.70   sel     $15,600.00   [strat=market_expert_value_justifier]
      R10  buy $ 12,421.70   sel     $15,750.00   [strat=market_expert_value_justifier]
      R11  buy $  1,969.03   sel     $16,000.00   [strat=market_expert_value_justifier]
      R12  buy $  9,072.16   sel     $15,900.00   [strat=market_expert_value_justifier]
      R13  buy $ 12,037.31   sel     $15,800.00   [strat=market_expert_value_justifier]
      R14  buy $  8,074.51   sel     $15,800.00   [strat=market_expert_value_justifier]
      R15  buy $  2,447.23   sel     $15,800.00   [strat=market_expert_value_justifier]
      R16  buy $  4,495.05   sel     $15,800.00   [strat=market_expert_value_justifier]
   run 25 done in 8.0 min

   run 26/30 on 2016 Cadillac CTS 3.6 Luxury  seed=20761445
      R 1  buy $ 26,258.31   sel     $31,500.00   [strat=market_expert_value_justifier] *
      R 2  buy $ 14,809.49   sel     $29,995.00   [strat=market_expert_value_justifier]
      R 3  buy $ 28,381.06   sel     $29,500.00   [strat=market_expert_value_justifier]
      R 4  buy $ 10,085.08   sel     $29,500.00   [strat=market_expert_value_justifier]
      R 5  buy $ 16,944.86   sel     $29,500.00   [strat=market_expert_value_justifier]
      R 6  buy $  9,173.88   sel     $29,500.00   [strat=market_expert_value_justifier]
      R 7  buy $  4,087.37   sel     $28,500.00   [strat=market_expert_value_justifier]
      R 8  buy $  7,899.48   sel     $28,500.00   [strat=market_expert_value_justifier]
      R 9  buy $  1,659.16   sel     $28,500.00   [strat=market_expert_value_justifier]
      R10  buy $  4,760.54   sel     $28,500.00   [strat=market_expert_value_justifier]
      R11  buy $ 13,577.24   sel     $28,500.00   [strat=market_expert_value_justifier]
      R12  buy $ 25,813.35   sel     $27,900.00   [strat=market_expert_value_justifier]
      R13  buy $ 20,787.74   sel     $27,900.00   [strat=market_expert_value_justifier]
      R14  buy $ 15,906.37   sel     $26,500.00   [strat=market_expert_value_justifier]
      R15  buy $  4,575.05   sel     $25,999.00   [strat=market_expert_value_justifier]
      R16  buy $  4,678.09   sel     $25,500.00   [strat=market_expert_value_justifier]
   run 26 done in 5.5 min

   run 27/30 on 2016 Cadillac CTS 3.6 Luxury  seed=20761446
      R 1  buy $ 32,756.23   sel     $39,500.00   [strat=market_expert_value_justifier] *
      R 2  buy $ 26,101.76   sel     $38,500.00   [strat=market_expert_value_justifier]
      R 3  buy $ 10,127.38   sel     $37,500.00   [strat=market_expert_value_justifier]
      R 4  buy $ 35,927.46   sel     $37,000.00   [strat=market_expert_value_justifier]
      R 5  buy $ 19,223.11   sel     $36,500.00   [strat=market_expert_value_justifier]
      R 6  buy $ 33,036.26   sel     $36,000.00   [strat=market_expert_value_justifier]
      R 7  buy $ 26,940.96   sel     $35,500.00   [strat=market_expert_value_justifier]
      R 8  buy $ 21,397.37   sel     $35,000.00   [strat=market_expert_value_justifier]
      R 9  buy $ 12,273.40   sel     $34,500.00   [strat=market_expert_value_justifier]
      R10  buy $ 11,189.38   sel     $34,000.00   [strat=market_expert_value_justifier]
      R11  buy $ 30,705.05   sel     $33,000.00   [strat=market_expert_value_justifier]
      R12  buy $ 15,579.80   sel     $32,000.00   [strat=market_expert_value_justifier]
      R13  buy $ 10,750.99   sel     $31,000.00   [strat=market_expert_value_justifier]
      R14  buy $ 12,702.49   sel     $30,500.00   [strat=market_expert_value_justifier]
      R15  buy $ 14,309.98   sel     $30,000.00   [strat=market_expert_value_justifier]
      R16  buy $    757.38   sel     $28,500.00   [strat=market_expert_value_justifier]
   run 27 done in 8.1 min

   run 28/30 on 2016 Cadillac CTS 3.6 Luxury  seed=20761447
      R 1  buy $    184.39   sel     $29,500.00   [strat=market_expert_value_justifier] *
      R 2  buy $ 10,684.40   sel     $27,500.00   [strat=market_expert_value_justifier]
      R 3  buy $  6,203.45   sel     $25,500.00   [strat=market_expert_value_justifier]
      R 4  buy $ 18,769.86   sel     $23,500.00   [strat=market_expert_value_justifier]
      R 5  buy $  1,490.28   sel     $22,000.00   [strat=market_expert_value_justifier]
      R 6  buy $ 13,631.93   sel     $21,500.00   [strat=market_expert_value_justifier]
      R 7  buy $ 10,135.44   sel     $21,000.00   [strat=market_expert_value_justifier]
      R 8  buy $ 11,469.46   sel     $21,000.00   [strat=market_expert_value_justifier]
      R 9  buy $ 19,967.70   sel     $21,000.00   [strat=market_expert_value_justifier]
      R10  buy $  5,253.85   sel     $21,000.00   [strat=market_expert_value_justifier]
      R11  buy $ 10,063.37   sel     $21,000.00   [strat=market_expert_value_justifier]
      R12  buy $ 16,581.14   sel     $21,000.00   [strat=market_expert_value_justifier]
      R13  buy $ 18,644.35   sel     $21,000.00   [strat=market_expert_value_justifier]
      R14  buy $ 12,867.24   sel     $21,000.00   [strat=market_expert_value_justifier]
      R15  buy $ 18,349.60   sel     $21,000.00   [strat=market_expert_value_justifier]
      R16  buy $  4,318.76   sel     $21,000.00   [strat=market_expert_value_justifier]
   run 28 done in 5.4 min

   run 29/30 on 2016 Cadillac CTS 3.6 Luxury  seed=20761448
      R 1  buy $ 40,696.24   sel     $44,500.00   [strat=market_expert_value_justifier] *
      R 2  buy $  8,591.43   sel     $42,900.00   [strat=market_expert_value_justifier]
      R 3  buy $  6,607.23   sel     $42,900.00   [strat=market_expert_value_justifier]
      R 4  buy $ 25,961.15   sel     $41,500.00   [strat=market_expert_value_justifier]
      R 5  buy $  6,955.78   sel     $41,500.00   [strat=market_expert_value_justifier]
      R 6  buy $ 17,124.41   sel     $39,900.00   [strat=market_expert_value_justifier]
      R 7  buy $  5,812.08   sel     $38,500.00   [strat=market_expert_value_justifier]
      R 8  buy $ 28,983.61   sel     $36,500.00   [strat=market_expert_value_justifier]
      R 9  buy $ 20,583.32   sel     $35,500.00   [strat=market_expert_value_justifier]
      R10  buy $ 10,339.82   sel     $33,900.00   [strat=market_expert_value_justifier]
      R11  buy $ 21,494.00   sel     $32,500.00   [strat=market_expert_value_justifier]
      R12  buy $ 21,566.46   sel     $31,900.00   [strat=market_expert_value_justifier]
      R13  buy $ 28,482.40   sel     $29,900.00   [strat=market_expert_value_justifier]
      R14  buy $ 14,483.08   sel     $28,900.00   [strat=market_expert_value_justifier]
      R15  buy $ 19,781.24   sel     $27,500.00   [strat=market_expert_value_justifier]
      R16  buy $  5,548.01   sel     $26,500.00   [strat=market_expert_value_justifier]
   run 29 done in 5.5 min

   run 30/30 on 2016 Cadillac CTS 3.6 Luxury  seed=20761449
      R 1  buy $ 31,664.71   sel     $37,995.00   [strat=market_expert_value_justifier] *
      R 2  buy $ 16,500.25   sel     $35,000.00   [strat=market_expert_value_justifier]
      R 3  buy $ 18,447.13   sel     $32,500.00   [strat=market_expert_value_justifier]
      R 4  buy $ 17,504.19   sel     $31,000.00   [strat=market_expert_value_justifier]
      R 5  buy $ 23,030.99   sel     $29,500.00   [strat=market_expert_value_justifier]
      R 6  buy $    762.52   sel     $28,750.00   [strat=market_expert_value_justifier]
      R 7  buy $  7,650.65   sel     $27,500.00   [strat=market_expert_value_justifier]
      R 8  buy $ 18,179.13   sel     $26,900.00   [strat=market_expert_value_justifier]
      R 9  buy $  8,314.55   sel     $26,500.00   [strat=market_expert_value_justifier]
      R10  buy $ 14,826.50   sel     $25,500.00   [strat=market_expert_value_justifier]
      R11  buy $ 14,954.81   sel     $24,900.00   [strat=market_expert_value_justifier]
      R12  buy $ 21,887.51   sel     $23,900.00   [strat=market_expert_value_justifier]
      R13  buy $ 12,022.42   sel     $23,500.00   [strat=market_expert_value_justifier]
      R14  buy $  7,388.40   sel     $23,000.00   [strat=market_expert_value_justifier]
      R15  buy $  3,029.09   sel     $22,500.00   [strat=market_expert_value_justifier]
      R16  buy $ 16,355.56   sel     $19,900.00   [strat=market_expert_value_justifier]
   run 30 done in 6.3 min

   ---> checkpoint: car 2/5 done in 196.3 min; total so far 423.0 min; saved 60 runs to exp05_fixed_market_expert_value_justifier.json

--- CAR 3/5: 2019 Honda Accord Sport 1.5T  (M=$28,000.00  cost=$14,000.00  cost/M=50.00%) ---

   run 1/30 on 2019 Honda Accord Sport 1.5T  seed=20762420
      R 1  buy $ 25,707.32   sel     $27,500.00   [strat=market_expert_value_justifier] *
      R 2  buy $  5,200.25   sel     $26,500.00   [strat=market_expert_value_justifier]
      R 3  buy $ 26,059.34   sel     $26,250.00   [strat=market_expert_value_justifier]
      R 4  buy $ 17,198.40   sel     $26,000.00   [strat=market_expert_value_justifier]
      R 5  buy $  6,379.62   sel     $25,750.00   [strat=market_expert_value_justifier]
      R 6  buy $  8,660.92   sel     $25,500.00   [strat=market_expert_value_justifier]
      R 7  buy $ 10,319.40   sel     $25,000.00   [strat=market_expert_value_justifier]
      R 8  buy $ 16,598.93   sel     $24,500.00   [strat=market_expert_value_justifier]
      R 9  buy $    435.60   sel     $24,000.00   [strat=market_expert_value_justifier]
      R10  buy $ 14,696.06   sel     $23,500.00   [strat=market_expert_value_justifier]
      R11  buy $ 17,849.46   sel     $22,000.00   [strat=market_expert_value_justifier]
      R12  buy $ 17,433.71   sel     $20,000.00   [strat=market_expert_value_justifier]
      R13  buy $ 16,780.75   sel     $19,000.00   [strat=market_expert_value_justifier]
      R14  buy $  9,200.02   sel     $18,000.00   [strat=market_expert_value_justifier]
      R15  buy $  1,461.17   sel     $17,500.00   [strat=market_expert_value_justifier]
      R16  buy $ 15,488.44   sel     $16,500.00   [strat=market_expert_value_justifier]
   run 1 done in 7.1 min

   run 2/30 on 2019 Honda Accord Sport 1.5T  seed=20762421
      R 1  buy $ 14,225.99   sel     $19,500.00   [strat=market_expert_value_justifier] *
      R 2  buy $  3,142.08   sel     $18,500.00   [strat=market_expert_value_justifier]
      R 3  buy $  2,448.98   sel     $17,500.00   [strat=market_expert_value_justifier]
      R 4  buy $ 16,558.96   sel     $17,000.00   [strat=market_expert_value_justifier]
      R 5  buy $  7,908.10   sel     $17,000.00   [strat=market_expert_value_justifier]
      R 6  buy $  8,772.77   sel     $17,000.00   [strat=market_expert_value_justifier]
      R 7  buy $  8,734.91   sel     $17,000.00   [strat=market_expert_value_justifier]
      R 8  buy $  6,181.43   sel     $17,000.00   [strat=market_expert_value_justifier]
      R 9  buy $  6,847.11   sel     $17,000.00   [strat=market_expert_value_justifier]
      R10  buy $    290.18   sel     $16,800.00   [strat=market_expert_value_justifier]
      R11  buy $ 16,164.86   sel     $16,600.00   [strat=market_expert_value_justifier]
      R12  buy $ 14,905.42   sel     $16,200.00   [strat=market_expert_value_justifier]
      R13  buy $  4,655.08   sel     $16,000.00   [strat=market_expert_value_justifier]
      R14  buy $ 11,498.87   sel     $15,500.00   [strat=market_expert_value_justifier]
      R15  buy $  4,094.93   sel     $15,200.00   [strat=market_expert_value_justifier]
      R16  buy $  2,551.33   sel     $15,000.00   [strat=market_expert_value_justifier]
   run 2 done in 6.4 min

   run 3/30 on 2019 Honda Accord Sport 1.5T  seed=20762422
      R 1  buy $ 26,644.60   sel     $27,800.00   [strat=market_expert_value_justifier] *
      R 2  buy $  8,696.26   sel     $27,800.00   [strat=market_expert_value_justifier]
      R 3  buy $  8,318.02   sel     $27,800.00   [strat=market_expert_value_justifier]
      R 4  buy $ 14,072.74   sel     $26,500.00   [strat=market_expert_value_justifier]
      R 5  buy $    300.03   sel     $26,500.00   [strat=market_expert_value_justifier]
      R 6  buy $  8,247.88   sel     $26,500.00   [strat=market_expert_value_justifier]
      R 7  buy $  8,881.72   sel     $26,500.00   [strat=market_expert_value_justifier]
      R 8  buy $ 15,510.75   sel     $24,500.00   [strat=market_expert_value_justifier]
      R 9  buy $  9,927.57   sel     $23,500.00   [strat=market_expert_value_justifier]
      R10  buy $ 16,625.14   sel     $22,000.00   [strat=market_expert_value_justifier]
      R11  buy $    208.55   sel     $22,000.00   [strat=market_expert_value_justifier]
      R12  buy $ 19,663.18   sel     $20,500.00   [strat=market_expert_value_justifier]
      R13  buy $ 19,257.28   sel     $19,900.00   [strat=market_expert_value_justifier]
      R14  buy $    675.29   sel     $19,500.00   [strat=market_expert_value_justifier]
      R15  buy $  4,118.53   sel     $19,000.00   [strat=market_expert_value_justifier]
      R16  buy $  5,533.05   sel     $18,500.00   [strat=market_expert_value_justifier]
   run 3 done in 5.4 min

   run 4/30 on 2019 Honda Accord Sport 1.5T  seed=20762423
      R 1  buy $ 25,025.12   sel     $26,995.00   [strat=market_expert_value_justifier] *
      R 2  buy $  4,066.89   sel     $26,500.00   [strat=market_expert_value_justifier]
      R 3  buy $  2,871.19   sel     $26,500.00   [strat=market_expert_value_justifier]
      R 4  buy $    120.56   sel     $26,500.00   [strat=market_expert_value_justifier]
      R 5  buy $ 22,610.42   sel     $25,500.00   [strat=market_expert_value_justifier]
      R 6  buy $  5,168.64   sel     $24,999.00   [strat=market_expert_value_justifier]
      R 7  buy $ 19,868.30   sel     $23,500.00   [strat=market_expert_value_justifier]
      R 8  buy $ 23,031.58   sel     $23,250.00   [strat=market_expert_value_justifier]
      R 9  buy $  1,699.12   sel     $23,250.00   [strat=market_expert_value_justifier]
      R10  buy $ 16,579.96   sel     $22,750.00   [strat=market_expert_value_justifier]
      R11  buy $  4,658.72   sel     $22,500.00   [strat=market_expert_value_justifier]
      R12  buy $ 19,606.85   sel     $22,000.00   [strat=market_expert_value_justifier]
      R13  buy $ 10,501.46   sel     $22,000.00   [strat=market_expert_value_justifier]
      R14  buy $ 19,691.93   sel     $20,500.00   [strat=market_expert_value_justifier]
      R15  buy $  1,592.68   sel     $20,000.00   [strat=market_expert_value_justifier]
      R16  buy $  7,122.02   sel     $20,000.00   [strat=market_expert_value_justifier]
   run 4 done in 7.5 min

   run 5/30 on 2019 Honda Accord Sport 1.5T  seed=20762424
      R 1  buy $ 18,039.01   sel     $26,500.00   [strat=market_expert_value_justifier] *
      R 2  buy $ 11,306.31   sel     $24,900.00   [strat=market_expert_value_justifier]
      R 3  buy $  3,236.00   sel     $23,500.00   [strat=market_expert_value_justifier]
      R 4  buy $ 16,060.88   sel     $22,000.00   [strat=market_expert_value_justifier]
      R 5  buy $ 12,329.60   sel     $21,500.00   [strat=market_expert_value_justifier]
      R 6  buy $  5,751.24   sel     $21,000.00   [strat=market_expert_value_justifier]
      R 7  buy $ 15,091.83   sel     $20,000.00   [strat=market_expert_value_justifier]
      R 8  buy $  8,729.02   sel     $19,500.00   [strat=market_expert_value_justifier]
      R 9  buy $ 15,927.01   sel     $18,000.00   [strat=market_expert_value_justifier]
      R10  buy $  2,253.74   sel     $17,000.00   [strat=market_expert_value_justifier]
      R11  buy $  6,589.68   sel     $16,500.00   [strat=market_expert_value_justifier]
      R12  buy $    301.24   sel     $15,000.00   [strat=market_expert_value_justifier]
      R13  buy $  6,993.14   sel     $14,500.00   [strat=market_expert_value_justifier]
      R14  buy $  2,266.21   sel     $14,000.00   [strat=market_expert_value_justifier]
      R15  buy $  3,637.55   sel     $14,000.00   [strat=market_expert_value_justifier]
      R16  buy $  7,638.01   sel     $14,000.00   [strat=market_expert_value_justifier]
   run 5 done in 6.7 min

   run 6/30 on 2019 Honda Accord Sport 1.5T  seed=20762425
      R 1  buy $ 20,321.21   sel     $25,500.00   [strat=market_expert_value_justifier] *
      R 2  buy $ 12,187.48   sel     $24,000.00   [strat=market_expert_value_justifier]
      R 3  buy $ 18,951.87   sel     $22,500.00   [strat=market_expert_value_justifier]
      R 4  buy $  6,581.63   sel     $21,500.00   [strat=market_expert_value_justifier]
      R 5  buy $ 14,268.59   sel     $20,000.00   [strat=market_expert_value_justifier]
      R 6  buy $  1,866.71   sel     $20,000.00   [strat=market_expert_value_justifier]
      R 7  buy $  4,735.58   sel     $20,000.00   [strat=market_expert_value_justifier]
      R 8  buy $  4,695.35   sel     $19,500.00   [strat=market_expert_value_justifier]
      R 9  buy $ 10,987.56   sel     $19,000.00   [strat=market_expert_value_justifier]
      R10  buy $ 18,396.46   sel     $18,800.00   [strat=market_expert_value_justifier]
      R11  buy $ 13,178.59   sel     $18,500.00   [strat=market_expert_value_justifier]
      R12  buy $ 15,803.97   sel     $17,500.00   [strat=market_expert_value_justifier]
      R13  buy $ 11,672.89   sel     $16,500.00   [strat=market_expert_value_justifier]
      R14  buy $    106.32   sel     $15,500.00   [strat=market_expert_value_justifier]
      R15  buy $  8,197.01   sel     $15,500.00   [strat=market_expert_value_justifier]
      R16  buy $ 11,292.00   sel     $15,000.00   [strat=market_expert_value_justifier]
   run 6 done in 6.9 min

   run 7/30 on 2019 Honda Accord Sport 1.5T  seed=20762426
      R 1  buy $  7,804.29   sel     $25,500.00   [strat=market_expert_value_justifier] *
      R 2  buy $ 15,324.58   sel     $24,000.00   [strat=market_expert_value_justifier]
      R 3  buy $ 19,636.81   sel     $23,000.00   [strat=market_expert_value_justifier]
      R 4  buy $ 21,796.83   sel     $22,500.00   [strat=market_expert_value_justifier]
      R 5  buy $ 10,852.97   sel     $22,500.00   [strat=market_expert_value_justifier]
      R 6  buy $ 11,168.29   sel     $22,000.00   [strat=market_expert_value_justifier]
      R 7  buy $  9,254.12   sel     $22,000.00   [strat=market_expert_value_justifier]
      R 8  buy $  6,066.27   sel     $22,000.00   [strat=market_expert_value_justifier]
      R 9  buy $ 14,904.28   sel     $21,000.00   [strat=market_expert_value_justifier]
      R10  buy $ 19,414.04   sel     $20,500.00   [strat=market_expert_value_justifier]
      R11  buy $    665.92   sel     $20,000.00   [strat=market_expert_value_justifier]
      R12  buy $  3,624.64   sel     $19,750.00   [strat=market_expert_value_justifier]
      R13  buy $  7,811.37   sel     $19,500.00   [strat=market_expert_value_justifier]
      R14  buy $    361.46   sel     $19,400.00   [strat=market_expert_value_justifier]
      R15  buy $ 13,558.13   sel     $18,500.00   [strat=market_expert_value_justifier]
      R16  buy $  7,466.22   sel     $17,500.00   [strat=market_expert_value_justifier]
   run 7 done in 7.4 min

   run 8/30 on 2019 Honda Accord Sport 1.5T  seed=20762427
      R 1  buy $  8,644.75   sel     $22,000.00   [strat=market_expert_value_justifier] *
      R 2  buy $  1,393.45   sel     $19,500.00   [strat=market_expert_value_justifier]
      R 3  buy $  7,877.49   sel     $18,500.00   [strat=market_expert_value_justifier]
      R 4  buy $  7,959.54   sel     $18,000.00   [strat=market_expert_value_justifier]
      R 5  buy $  2,886.96   sel     $17,500.00   [strat=market_expert_value_justifier]
      R 6  buy $ 14,071.32   sel     $14,500.00   [strat=market_expert_value_justifier]
      R 7  buy $  2,609.52   sel     $14,500.00   [strat=market_expert_value_justifier]
      R 8  buy $  9,237.19   sel     $14,500.00   [strat=market_expert_value_justifier]
      R 9  buy $  2,808.60   sel     $14,500.00   [strat=market_expert_value_justifier]
      R10  buy $ 13,193.79   sel     $14,500.00   [strat=market_expert_value_justifier]
      R11  buy $  2,261.38   sel     $14,500.00   [strat=market_expert_value_justifier]
      R12  buy $  5,800.62   sel     $14,500.00   [strat=market_expert_value_justifier]
      R13  buy $  5,940.61   sel     $14,500.00   [strat=market_expert_value_justifier]
      R14  buy $  4,839.65   sel     $14,500.00   [strat=market_expert_value_justifier]
      R15  buy $  6,325.89   sel     $14,500.00   [strat=market_expert_value_justifier]
      R16  buy $ 14,219.45   sel     $14,219.45   [strat=market_expert_value_justifier]
   run 8 done in 5.9 min

   run 9/30 on 2019 Honda Accord Sport 1.5T  seed=20762428
      R 1  buy $ 27,542.51   sel     $27,900.00   [strat=market_expert_value_justifier] *
      R 2  buy $ 25,490.77   sel     $27,900.00   [strat=market_expert_value_justifier]
      R 3  buy $ 10,786.49   sel     $27,900.00   [strat=market_expert_value_justifier]
      R 4  buy $ 20,269.98   sel     $26,500.00   [strat=market_expert_value_justifier]
      R 5  buy $ 20,391.01   sel     $25,500.00   [strat=market_expert_value_justifier]
      R 6  buy $  8,713.61   sel     $25,000.00   [strat=market_expert_value_justifier]
      R 7  buy $ 13,411.37   sel     $25,000.00   [strat=market_expert_value_justifier]
      R 8  buy $  9,779.81   sel     $25,000.00   [strat=market_expert_value_justifier]
      R 9  buy $ 14,657.41   sel     $21,000.00   [strat=market_expert_value_justifier]
      R10  buy $ 15,248.49   sel     $18,000.00   [strat=market_expert_value_justifier]
      R11  buy $  1,824.89   sel     $18,000.00   [strat=market_expert_value_justifier]
      R12  buy $  9,797.83   sel     $18,000.00   [strat=market_expert_value_justifier]
      R13  buy $  8,032.94   sel     $18,000.00   [strat=market_expert_value_justifier]
      R14  buy $  7,126.69   sel     $17,500.00   [strat=market_expert_value_justifier]
      R15  buy $     74.74   sel     $17,500.00   [strat=market_expert_value_justifier]
      R16  buy $  9,466.78   sel     $16,500.00   [strat=market_expert_value_justifier]
   run 9 done in 10.7 min

   run 10/30 on 2019 Honda Accord Sport 1.5T  seed=20762429
      R 1  buy $  7,537.99   sel     $24,999.00   [strat=market_expert_value_justifier] *
      R 2  buy $  7,083.00   sel     $23,999.00   [strat=market_expert_value_justifier]
      R 3  buy $ 19,698.22   sel     $22,999.00   [strat=market_expert_value_justifier]
      R 4  buy $ 21,240.51   sel     $22,499.00   [strat=market_expert_value_justifier]
      R 5  buy $ 19,398.58   sel     $20,999.00   [strat=market_expert_value_justifier]
      R 6  buy $    371.79   sel     $20,999.00   [strat=market_expert_value_justifier]
      R 7  buy $  6,131.94   sel     $20,999.00   [strat=market_expert_value_justifier]
      R 8  buy $  9,191.64   sel     $19,999.00   [strat=market_expert_value_justifier]
      R 9  buy $ 13,160.06   sel     $19,499.00   [strat=market_expert_value_justifier]
      R10  buy $  9,017.34   sel     $18,999.00   [strat=market_expert_value_justifier]
      R11  buy $ 14,934.93   sel     $17,999.00   [strat=market_expert_value_justifier]
      R12  buy $  1,371.94   sel     $17,500.00   [strat=market_expert_value_justifier]
      R13  buy $  4,281.65   sel     $16,999.00   [strat=market_expert_value_justifier]
      R14  buy $ 16,189.61   sel     $16,499.00   [strat=market_expert_value_justifier]
      R15  buy $ 13,547.84   sel     $16,000.00   [strat=market_expert_value_justifier]
      R16  buy $ 13,476.80   sel     $15,500.00   [strat=market_expert_value_justifier]
   run 10 done in 7.8 min

   run 11/30 on 2019 Honda Accord Sport 1.5T  seed=20762430
      R 1  buy $  3,889.83   sel     $24,500.00   [strat=market_expert_value_justifier] *
      R 2  buy $  8,751.91   sel     $24,500.00   [strat=market_expert_value_justifier]
      R 3  buy $ 15,234.75   sel     $23,500.00   [strat=market_expert_value_justifier]
      R 4  buy $  5,085.87   sel     $23,000.00   [strat=market_expert_value_justifier]
      R 5  buy $ 15,438.98   sel     $22,500.00   [strat=market_expert_value_justifier]
      R 6  buy $  4,565.24   sel     $22,500.00   [strat=market_expert_value_justifier]
      R 7  buy $ 17,950.49   sel     $21,500.00   [strat=market_expert_value_justifier]
      R 8  buy $  9,031.21   sel     $21,000.00   [strat=market_expert_value_justifier]
      R 9  buy $ 20,970.06   sel     $20,970.06   [strat=market_expert_value_justifier]
      R10  buy $  6,747.92   sel     $20,500.00   [strat=market_expert_value_justifier]
      R11  buy $ 10,210.67   sel     $20,000.00   [strat=market_expert_value_justifier]
      R12  buy $ 17,814.50   sel     $19,500.00   [strat=market_expert_value_justifier]
      R13  buy $  4,774.11   sel     $19,000.00   [strat=market_expert_value_justifier]
      R14  buy $ 15,350.06   sel     $18,500.00   [strat=market_expert_value_justifier]
      R15  buy $ 18,445.92   sel     $18,445.92   [strat=market_expert_value_justifier]
      R16  buy $ 17,800.86   sel     $18,200.00   [strat=market_expert_value_justifier]
   run 11 done in 6.7 min

   run 12/30 on 2019 Honda Accord Sport 1.5T  seed=20762431
      R 1  buy $  4,807.41   sel     $24,995.00   [strat=market_expert_value_justifier] *
      R 2  buy $ 15,134.80   sel     $21,995.00   [strat=market_expert_value_justifier]
      R 3  buy $  6,431.11   sel     $21,995.00   [strat=market_expert_value_justifier]
      R 4  buy $  3,009.46   sel     $21,995.00   [strat=market_expert_value_justifier]
      R 5  buy $ 14,514.51   sel     $21,500.00   [strat=market_expert_value_justifier]
      R 6  buy $ 12,153.00   sel     $21,500.00   [strat=market_expert_value_justifier]
      R 7  buy $ 12,390.07   sel     $21,000.00   [strat=market_expert_value_justifier]
      R 8  buy $  6,226.59   sel     $21,000.00   [strat=market_expert_value_justifier]
      R 9  buy $ 10,462.46   sel     $21,000.00   [strat=market_expert_value_justifier]
      R10  buy $  7,940.19   sel     $21,000.00   [strat=market_expert_value_justifier]
      R11  buy $  9,414.34   sel     $19,500.00   [strat=market_expert_value_justifier]
      R12  buy $ 11,955.56   sel     $19,500.00   [strat=market_expert_value_justifier]
      R13  buy $ 13,111.47   sel     $17,995.00   [strat=market_expert_value_justifier]
      R14  buy $  6,418.00   sel     $16,995.00   [strat=market_expert_value_justifier]
      R15  buy $ 13,978.60   sel     $16,800.00   [strat=market_expert_value_justifier]
      R16  buy $  7,684.46   sel     $16,500.00   [strat=market_expert_value_justifier]
   run 12 done in 9.2 min

   run 13/30 on 2019 Honda Accord Sport 1.5T  seed=20762432
      R 1  buy $ 15,451.72   sel     $24,500.00   [strat=market_expert_value_justifier] *
      R 2  buy $  6,247.03   sel     $23,900.00   [strat=market_expert_value_justifier]
      R 3  buy $ 15,671.21   sel     $22,500.00   [strat=market_expert_value_justifier]
      R 4  buy $ 14,045.14   sel     $21,750.00   [strat=market_expert_value_justifier]
      R 5  buy $ 20,102.71   sel     $20,750.00   [strat=market_expert_value_justifier]
      R 6  buy $  8,085.76   sel     $20,500.00   [strat=market_expert_value_justifier]
      R 7  buy $  4,179.65   sel     $20,500.00   [strat=market_expert_value_justifier]
      R 8  buy $  2,480.57   sel     $20,250.00   [strat=market_expert_value_justifier]
      R 9  buy $ 16,846.46   sel     $19,500.00   [strat=market_expert_value_justifier]
      R10  buy $ 16,813.06   sel     $18,250.00   [strat=market_expert_value_justifier]
      R11  buy $ 13,756.12   sel     $17,500.00   [strat=market_expert_value_justifier]
      R12  buy $ 14,740.56   sel     $16,500.00   [strat=market_expert_value_justifier]
      R13  buy $  4,899.63   sel     $16,000.00   [strat=market_expert_value_justifier]
      R14  buy $  2,822.12   sel     $15,500.00   [strat=market_expert_value_justifier]
      R15  buy $ 10,460.22   sel     $15,250.00   [strat=market_expert_value_justifier]
      R16  buy $  5,002.08   sel     $15,000.00   [strat=market_expert_value_justifier]
   run 13 done in 7.6 min

   run 14/30 on 2019 Honda Accord Sport 1.5T  seed=20762433
      R 1  buy $  5,364.15   sel     $22,500.00   [strat=market_expert_value_justifier] *
      R 2  buy $  7,066.15   sel     $22,500.00   [strat=market_expert_value_justifier]
      R 3  buy $ 13,721.12   sel     $21,000.00   [strat=market_expert_value_justifier]
      R 4  buy $ 16,747.60   sel     $20,000.00   [strat=market_expert_value_justifier]
      R 5  buy $ 17,270.85   sel     $20,000.00   [strat=market_expert_value_justifier]
      R 6  buy $  4,389.82   sel     $20,000.00   [strat=market_expert_value_justifier]
      R 7  buy $ 14,773.50   sel     $19,000.00   [strat=market_expert_value_justifier]
      R 8  buy $  3,223.42   sel     $19,000.00   [strat=market_expert_value_justifier]
      R 9  buy $ 13,004.23   sel     $18,000.00   [strat=market_expert_value_justifier]
      R10  buy $    533.58   sel     $17,500.00   [strat=market_expert_value_justifier]
      R11  buy $  1,611.48   sel     $17,000.00   [strat=market_expert_value_justifier]
      R12  buy $ 14,414.16   sel     $15,500.00   [strat=market_expert_value_justifier]
      R13  buy $ 14,198.99   sel     $14,750.00   [strat=market_expert_value_justifier]
      R14  buy $  4,189.70   sel     $14,500.00   [strat=market_expert_value_justifier]
      R15  buy $  5,589.50   sel     $14,300.00   [strat=market_expert_value_justifier]
      R16  buy $  2,176.05   sel     $14,300.00   [strat=market_expert_value_justifier]
   run 14 done in 8.2 min

   run 15/30 on 2019 Honda Accord Sport 1.5T  seed=20762434
      R 1  buy $ 27,464.74   sel     $28,750.00   [strat=market_expert_value_justifier] *
      R 2  buy $ 27,534.92   sel     $28,500.00   [strat=market_expert_value_justifier]
      R 3  buy $ 11,483.54   sel     $28,250.00   [strat=market_expert_value_justifier]
      R 4  buy $    802.53   sel     $28,000.00   [strat=market_expert_value_justifier]
      R 5  buy $  3,785.86   sel     $27,750.00   [strat=market_expert_value_justifier]
      R 6  buy $ 18,450.77   sel     $27,500.00   [strat=market_expert_value_justifier]
      R 7  buy $ 21,956.73   sel     $27,000.00   [strat=market_expert_value_justifier]
      R 8  buy $ 19,539.73   sel     $26,500.00   [strat=market_expert_value_justifier]
      R 9  buy $ 20,669.48   sel     $26,000.00   [strat=market_expert_value_justifier]
      R10  buy $  6,435.35   sel     $25,500.00   [strat=market_expert_value_justifier]
      R11  buy $ 17,356.35   sel     $25,000.00   [strat=market_expert_value_justifier]
      R12  buy $ 16,291.65   sel     $23,500.00   [strat=market_expert_value_justifier]
      R13  buy $ 22,011.90   sel     $23,000.00   [strat=market_expert_value_justifier]
      R14  buy $ 21,070.75   sel     $22,500.00   [strat=market_expert_value_justifier]
      R15  buy $  3,376.01   sel     $22,500.00   [strat=market_expert_value_justifier]
      R16  buy $  8,576.79   sel     $21,000.00   [strat=market_expert_value_justifier]
   run 15 done in 6.7 min

   run 16/30 on 2019 Honda Accord Sport 1.5T  seed=20762435
      R 1  buy $ 11,942.99   sel     $16,500.00   [strat=market_expert_value_justifier] *
      R 2  buy $  6,661.50   sel     $15,999.00   [strat=market_expert_value_justifier]
      R 3  buy $  6,851.61   sel     $15,750.00   [strat=market_expert_value_justifier]
      R 4  buy $    183.13   sel     $15,750.00   [strat=market_expert_value_justifier]
      R 5  buy $    910.73   sel     $15,750.00   [strat=market_expert_value_justifier]
      R 6  buy $ 15,235.65   sel     $15,500.00   [strat=market_expert_value_justifier]
      R 7  buy $ 12,909.33   sel     $15,500.00   [strat=market_expert_value_justifier]
      R 8  buy $  7,648.44   sel     $15,500.00   [strat=market_expert_value_justifier]
      R 9  buy $  3,570.65   sel     $15,500.00   [strat=market_expert_value_justifier]
      R10  buy $  9,532.98   sel     $15,250.00   [strat=market_expert_value_justifier]
      R11  buy $ 11,446.94   sel     $14,750.00   [strat=market_expert_value_justifier]
      R12  buy $  4,298.98   sel     $14,750.00   [strat=market_expert_value_justifier]
      R13  buy $  9,236.95   sel     $14,750.00   [strat=market_expert_value_justifier]
      R14  buy $  8,121.21   sel     $14,750.00   [strat=market_expert_value_justifier]
      R15  buy $  8,908.37   sel     $14,750.00   [strat=market_expert_value_justifier]
      R16  buy $  6,150.20   sel     $14,750.00   [strat=market_expert_value_justifier]
   run 16 done in 7.5 min

   run 17/30 on 2019 Honda Accord Sport 1.5T  seed=20762436
      R 1  buy $ 22,008.04   sel     $26,500.00   [strat=market_expert_value_justifier] *
      R 2  buy $    225.11   sel     $26,500.00   [strat=market_expert_value_justifier]
      R 3  buy $ 13,731.75   sel     $25,500.00   [strat=market_expert_value_justifier]
      R 4  buy $ 18,517.73   sel     $24,500.00   [strat=market_expert_value_justifier]
      R 5  buy $ 15,497.83   sel     $23,500.00   [strat=market_expert_value_justifier]
      R 6  buy $ 10,427.92   sel     $22,500.00   [strat=market_expert_value_justifier]
      R 7  buy $ 16,533.03   sel     $21,500.00   [strat=market_expert_value_justifier]
      R 8  buy $ 16,550.08   sel     $20,500.00   [strat=market_expert_value_justifier]
      R 9  buy $ 11,733.49   sel     $19,500.00   [strat=market_expert_value_justifier]
      R10  buy $ 17,231.46   sel     $18,500.00   [strat=market_expert_value_justifier]
      R11  buy $ 17,190.88   sel     $17,500.00   [strat=market_expert_value_justifier]
      R12  buy $ 10,847.58   sel     $16,500.00   [strat=market_expert_value_justifier]
      R13  buy $ 12,905.43   sel     $15,500.00   [strat=market_expert_value_justifier]
      R14  buy $  1,763.10   sel     $15,500.00   [strat=market_expert_value_justifier]
      R15  buy $ 10,983.47   sel     $14,500.00   [strat=market_expert_value_justifier]
      R16  buy $ 11,742.20   sel     $14,250.00   [strat=market_expert_value_justifier]
   run 17 done in 10.0 min

   run 18/30 on 2019 Honda Accord Sport 1.5T  seed=20762437
      R 1  buy $  7,583.42   sel     $24,999.00   [strat=market_expert_value_justifier] *
      R 2  buy $  8,434.91   sel     $23,500.00   [strat=market_expert_value_justifier]
      R 3  buy $ 18,345.73   sel     $22,000.00   [strat=market_expert_value_justifier]
      R 4  buy $ 21,739.53   sel     $21,739.53   [strat=market_expert_value_justifier]
      R 5  buy $  2,284.98   sel     $22,000.00   [strat=market_expert_value_justifier]
      R 6  buy $  9,787.11   sel     $21,500.00   [strat=market_expert_value_justifier]
      R 7  buy $ 15,015.94   sel     $20,500.00   [strat=market_expert_value_justifier]
      R 8  buy $    120.68   sel     $20,500.00   [strat=market_expert_value_justifier]
      R 9  buy $ 18,943.13   sel     $19,500.00   [strat=market_expert_value_justifier]
      R10  buy $ 19,397.83   sel     $19,397.83   [strat=market_expert_value_justifier]
      R11  buy $  6,177.34   sel     $19,397.83   [strat=market_expert_value_justifier]
      R12  buy $ 11,325.65   sel     $19,500.00   [strat=market_expert_value_justifier]
      R13  buy $ 10,365.39   sel     $18,000.00   [strat=market_expert_value_justifier]
      R14  buy $  2,935.18   sel     $17,500.00   [strat=market_expert_value_justifier]
      R15  buy $  4,768.37   sel     $17,500.00   [strat=market_expert_value_justifier]
      R16  buy $    472.89   sel     $17,500.00   [strat=market_expert_value_justifier]
   run 18 done in 8.6 min

   run 19/30 on 2019 Honda Accord Sport 1.5T  seed=20762438
      R 1  buy $ 13,861.72   sel     $16,500.00   [strat=market_expert_value_justifier] *
      R 2  buy $ 11,697.33   sel     $16,000.00   [strat=market_expert_value_justifier]
      R 3  buy $ 14,456.21   sel     $15,800.00   [strat=market_expert_value_justifier]
      R 4  buy $  5,184.73   sel     $15,800.00   [strat=market_expert_value_justifier]
      R 5  buy $ 15,178.70   sel     $15,600.00   [strat=market_expert_value_justifier]
      R 6  buy $  4,538.37   sel     $15,600.00   [strat=market_expert_value_justifier]
      R 7  buy $  8,357.72   sel     $15,600.00   [strat=market_expert_value_justifier]
      R 8  buy $  7,500.02   sel     $15,600.00   [strat=market_expert_value_justifier]
      R 9  buy $  4,482.56   sel     $15,600.00   [strat=market_expert_value_justifier]
      R10  buy $ 12,873.30   sel     $15,500.00   [strat=market_expert_value_justifier]
      R11  buy $  5,534.18   sel     $15,400.00   [strat=market_expert_value_justifier]
      R12  buy $ 13,460.91   sel     $15,000.00   [strat=market_expert_value_justifier]
      R13  buy $ 11,450.94   sel     $15,000.00   [strat=market_expert_value_justifier]
      R14  buy $ 12,670.08   sel     $14,800.00   [strat=market_expert_value_justifier]
      R15  buy $  4,907.23   sel     $14,500.00   [strat=market_expert_value_justifier]
      R16  buy $  5,688.91   sel     $14,400.00   [strat=market_expert_value_justifier]
   run 19 done in 7.0 min

   run 20/30 on 2019 Honda Accord Sport 1.5T  seed=20762439
      R 1  buy $ 17,631.11   sel     $25,500.00   [strat=market_expert_value_justifier] *
      R 2  buy $ 11,641.16   sel     $24,999.00   [strat=market_expert_value_justifier]
      R 3  buy $  5,641.59   sel     $24,500.00   [strat=market_expert_value_justifier]
      R 4  buy $ 18,012.34   sel     $23,500.00   [strat=market_expert_value_justifier]
      R 5  buy $ 19,829.93   sel     $22,500.00   [strat=market_expert_value_justifier]
      R 6  buy $ 19,142.41   sel     $21,500.00   [strat=market_expert_value_justifier]
      R 7  buy $  5,830.76   sel     $21,000.00   [strat=market_expert_value_justifier]
      R 8  buy $ 11,939.28   sel     $20,500.00   [strat=market_expert_value_justifier]
      R 9  buy $  7,079.32   sel     $20,500.00   [strat=market_expert_value_justifier]
      R10  buy $ 14,950.46   sel     $20,000.00   [strat=market_expert_value_justifier]
      R11  buy $ 17,423.85   sel     $19,250.00   [strat=market_expert_value_justifier]
      R12  buy $ 16,376.32   sel     $18,500.00   [strat=market_expert_value_justifier]
      R13  buy $    415.91   sel     $18,500.00   [strat=market_expert_value_justifier]
      R14  buy $ 11,799.94   sel     $17,500.00   [strat=market_expert_value_justifier]
      R15  buy $ 14,863.44   sel     $16,000.00   [strat=market_expert_value_justifier]
      R16  buy $ 13,918.36   sel     $15,000.00   [strat=market_expert_value_justifier]
   run 20 done in 10.2 min

   run 21/30 on 2019 Honda Accord Sport 1.5T  seed=20762440
      R 1  buy $ 12,578.74   sel     $24,500.00   [strat=market_expert_value_justifier] *
      R 2  buy $  1,777.30   sel     $23,900.00   [strat=market_expert_value_justifier]
      R 3  buy $  3,821.87   sel     $23,500.00   [strat=market_expert_value_justifier]
      R 4  buy $ 21,040.20   sel     $22,800.00   [strat=market_expert_value_justifier]
      R 5  buy $ 11,356.12   sel     $22,300.00   [strat=market_expert_value_justifier]
      R 6  buy $ 15,825.63   sel     $21,900.00   [strat=market_expert_value_justifier]
      R 7  buy $     25.91   sel     $21,900.00   [strat=market_expert_value_justifier]
      R 8  buy $ 15,578.56   sel     $21,500.00   [strat=market_expert_value_justifier]
      R 9  buy $  7,631.85   sel     $21,000.00   [strat=market_expert_value_justifier]
      R10  buy $  3,484.64   sel     $20,500.00   [strat=market_expert_value_justifier]
      R11  buy $ 19,607.76   sel     $20,200.00   [strat=market_expert_value_justifier]
      R12  buy $ 10,404.24   sel     $19,800.00   [strat=market_expert_value_justifier]
      R13  buy $  1,602.24   sel     $19,800.00   [strat=market_expert_value_justifier]
      R14  buy $  3,559.79   sel     $19,800.00   [strat=market_expert_value_justifier]
      R15  buy $  6,130.41   sel     $19,500.00   [strat=market_expert_value_justifier]
      R16  buy $ 10,979.08   sel     $19,000.00   [strat=market_expert_value_justifier]
   run 21 done in 6.6 min

   run 22/30 on 2019 Honda Accord Sport 1.5T  seed=20762441
      R 1  buy $  1,121.50   sel     $25,000.00   [strat=market_expert_value_justifier] *
      R 2  buy $ 19,292.86   sel     $23,800.00   [strat=market_expert_value_justifier]
      R 3  buy $ 12,959.40   sel     $22,500.00   [strat=market_expert_value_justifier]
      R 4  buy $ 11,843.96   sel     $21,500.00   [strat=market_expert_value_justifier]
      R 5  buy $ 11,056.88   sel     $20,000.00   [strat=market_expert_value_justifier]
      R 6  buy $ 10,500.95   sel     $20,000.00   [strat=market_expert_value_justifier]
      R 7  buy $ 12,783.04   sel     $19,500.00   [strat=market_expert_value_justifier]
      R 8  buy $ 16,133.19   sel     $18,750.00   [strat=market_expert_value_justifier]
      R 9  buy $ 14,472.20   sel     $17,250.00   [strat=market_expert_value_justifier]
      R10  buy $  6,173.37   sel     $16,500.00   [strat=market_expert_value_justifier]
      R11  buy $ 12,587.87   sel     $15,750.00   [strat=market_expert_value_justifier]
      R12  buy $ 14,584.73   sel     $15,500.00   [strat=market_expert_value_justifier]
      R13  buy $  6,042.36   sel     $15,000.00   [strat=market_expert_value_justifier]
      R14  buy $    150.25   sel     $15,000.00   [strat=market_expert_value_justifier]
      R15  buy $  2,498.70   sel     $15,000.00   [strat=market_expert_value_justifier]
      R16  buy $ 13,003.42   sel     $14,500.00   [strat=market_expert_value_justifier]
   run 22 done in 8.4 min

   run 23/30 on 2019 Honda Accord Sport 1.5T  seed=20762442
      R 1  buy $ 18,397.07   sel     $24,500.00   [strat=market_expert_value_justifier] *
      R 2  buy $ 22,445.95   sel     $23,500.00   [strat=market_expert_value_justifier]
      R 3  buy $ 13,787.81   sel     $22,999.00   [strat=market_expert_value_justifier]
      R 4  buy $ 19,594.31   sel     $22,495.00   [strat=market_expert_value_justifier]
      R 5  buy $ 10,261.04   sel     $21,995.00   [strat=market_expert_value_justifier]
      R 6  buy $  7,165.94   sel     $17,995.00   [strat=market_expert_value_justifier]
      R 7  buy $ 12,287.62   sel     $16,995.00   [strat=market_expert_value_justifier]
      R 8  buy $  1,959.76   sel     $16,995.00   [strat=market_expert_value_justifier]
      R 9  buy $  4,396.11   sel     $16,500.00   [strat=market_expert_value_justifier]
      R10  buy $ 10,887.06   sel     $15,995.00   [strat=market_expert_value_justifier]
      R11  buy $  7,054.60   sel     $15,500.00   [strat=market_expert_value_justifier]
      R12  buy $    974.40   sel     $14,995.00   [strat=market_expert_value_justifier]
      R13  buy $ 12,818.62   sel     $14,500.00   [strat=market_expert_value_justifier]
      R14  buy $  5,733.42   sel     $14,250.00   [strat=market_expert_value_justifier]
      R15  buy $ 12,218.91   sel     $14,200.00   [strat=market_expert_value_justifier]
      R16  buy $ 13,400.14   sel     $14,050.00   [strat=market_expert_value_justifier]
   run 23 done in 8.4 min

   run 24/30 on 2019 Honda Accord Sport 1.5T  seed=20762443
      R 1  buy $ 26,049.29   sel     $27,500.00   [strat=market_expert_value_justifier] *
      R 2  buy $ 19,471.11   sel     $27,000.00   [strat=market_expert_value_justifier]
      R 3  buy $ 10,105.89   sel     $26,500.00   [strat=market_expert_value_justifier]
      R 4  buy $ 23,082.05   sel     $25,500.00   [strat=market_expert_value_justifier]
      R 5  buy $ 22,241.41   sel     $25,000.00   [strat=market_expert_value_justifier]
      R 6  buy $  8,357.07   sel     $25,000.00   [strat=market_expert_value_justifier]
      R 7  buy $  6,673.92   sel     $25,000.00   [strat=market_expert_value_justifier]
      R 8  buy $ 19,727.01   sel     $24,500.00   [strat=market_expert_value_justifier]
      R 9  buy $  9,848.95   sel     $24,500.00   [strat=market_expert_value_justifier]
      R10  buy $ 17,644.83   sel     $24,500.00   [strat=market_expert_value_justifier]
      R11  buy $ 24,062.12   sel     $24,062.12   [strat=market_expert_value_justifier]
      R12  buy $  5,546.61   sel     $24,062.12   [strat=market_expert_value_justifier]
      R13  buy $ 10,105.76   sel     $24,062.12   [strat=market_expert_value_justifier]
      R14  buy $    167.17   sel     $24,500.00   [strat=market_expert_value_justifier]
      R15  buy $  4,238.36   sel     $24,000.00   [strat=market_expert_value_justifier]
      R16  buy $  3,783.21   sel     $24,000.00   [strat=market_expert_value_justifier]
   run 24 done in 7.8 min

   run 25/30 on 2019 Honda Accord Sport 1.5T  seed=20762444
      R 1  buy $ 10,445.93   sel     $25,999.99   [strat=market_expert_value_justifier] *
      R 2  buy $    389.76   sel     $24,999.99   [strat=market_expert_value_justifier]
      R 3  buy $  4,573.05   sel     $22,999.99   [strat=market_expert_value_justifier]
      R 4  buy $ 19,682.12   sel     $21,999.99   [strat=market_expert_value_justifier]
      R 5  buy $ 21,082.56   sel     $21,499.99   [strat=market_expert_value_justifier]
      R 6  buy $ 19,455.92   sel     $21,299.99   [strat=market_expert_value_justifier]
      R 7  buy $  1,090.53   sel     $20,999.99   [strat=market_expert_value_justifier]
      R 8  buy $  5,854.93   sel     $20,499.99   [strat=market_expert_value_justifier]
      R 9  buy $ 19,633.00   sel     $20,499.99   [strat=market_expert_value_justifier]
      R10  buy $ 13,974.58   sel     $19,999.99   [strat=market_expert_value_justifier]
      R11  buy $  5,406.75   sel     $19,499.99   [strat=market_expert_value_justifier]
      R12  buy $ 19,343.53   sel     $19,343.53   [strat=market_expert_value_justifier]
      R13  buy $  7,047.27   sel     $19,343.53   [strat=market_expert_value_justifier]
      R14  buy $  8,055.14   sel     $19,343.53   [strat=market_expert_value_justifier]
      R15  buy $ 13,090.39   sel     $19,000.00   [strat=market_expert_value_justifier]
      R16  buy $ 15,353.18   sel     $17,500.00   [strat=market_expert_value_justifier]
   run 25 done in 8.4 min

   run 26/30 on 2019 Honda Accord Sport 1.5T  seed=20762445
      R 1  buy $  1,478.58   sel     $24,995.00   [strat=market_expert_value_justifier] *
      R 2  buy $ 18,706.90   sel     $23,500.00   [strat=market_expert_value_justifier]
      R 3  buy $ 18,070.70   sel     $22,800.00   [strat=market_expert_value_justifier]
      R 4  buy $  4,122.14   sel     $22,800.00   [strat=market_expert_value_justifier]
      R 5  buy $ 21,684.88   sel     $22,200.00   [strat=market_expert_value_justifier]
      R 6  buy $ 11,680.70   sel     $21,500.00   [strat=market_expert_value_justifier]
      R 7  buy $ 20,374.56   sel     $20,800.00   [strat=market_expert_value_justifier]
      R 8  buy $ 13,005.25   sel     $20,500.00   [strat=market_expert_value_justifier]
      R 9  buy $ 17,996.05   sel     $19,900.00   [strat=market_expert_value_justifier]
      R10  buy $  7,577.20   sel     $19,500.00   [strat=market_expert_value_justifier]
      R11  buy $  5,809.09   sel     $19,250.00   [strat=market_expert_value_justifier]
      R12  buy $     40.32   sel     $19,000.00   [strat=market_expert_value_justifier]
      R13  buy $ 16,860.08   sel     $18,500.00   [strat=market_expert_value_justifier]
      R14  buy $  4,587.60   sel     $18,000.00   [strat=market_expert_value_justifier]
      R15  buy $ 13,307.98   sel     $17,500.00   [strat=market_expert_value_justifier]
      R16  buy $ 16,044.26   sel     $17,000.00   [strat=market_expert_value_justifier]
   run 26 done in 7.8 min

   run 27/30 on 2019 Honda Accord Sport 1.5T  seed=20762446
      R 1  buy $  6,836.97   sel     $22,000.00   [strat=market_expert_value_justifier] *
      R 2  buy $    986.43   sel     $21,500.00   [strat=market_expert_value_justifier]
      R 3  buy $ 19,322.25   sel     $20,500.00   [strat=market_expert_value_justifier]
      R 4  buy $ 12,129.43   sel     $20,500.00   [strat=market_expert_value_justifier]
      R 5  buy $    265.75   sel     $20,000.00   [strat=market_expert_value_justifier]
      R 6  buy $  1,955.76   sel     $20,000.00   [strat=market_expert_value_justifier]
      R 7  buy $ 16,636.58   sel     $18,318.29   [strat=market_expert_value_justifier]
      R 8  buy $  3,237.99   sel     $18,318.29   [strat=market_expert_value_justifier]
      R 9  buy $  1,009.56   sel     $18,318.29   [strat=market_expert_value_justifier]
      R10  buy $  6,433.41   sel     $18,000.00   [strat=market_expert_value_justifier]
      R11  buy $ 12,191.36   sel     $18,000.00   [strat=market_expert_value_justifier]
      R12  buy $  3,389.72   sel     $18,000.00   [strat=market_expert_value_justifier]
      R13  buy $ 11,361.05   sel     $18,000.00   [strat=market_expert_value_justifier]
      R14  buy $ 12,561.82   sel     $18,000.00   [strat=market_expert_value_justifier]
      R15  buy $ 17,826.55   sel     PARSE-FAIL   [strat=market_expert_value_justifier]
      R16  buy $ 12,020.57   sel     $18,000.00   [strat=market_expert_value_justifier]
   run 27 done in 6.9 min

   run 28/30 on 2019 Honda Accord Sport 1.5T  seed=20762447
      R 1  buy $  9,277.52   sel     $24,500.00   [strat=market_expert_value_justifier] *
      R 2  buy $ 18,089.93   sel     $22,750.00   [strat=market_expert_value_justifier]
      R 3  buy $ 17,928.68   sel     $21,500.00   [strat=market_expert_value_justifier]
      R 4  buy $  8,583.32   sel     $21,500.00   [strat=market_expert_value_justifier]
      R 5  buy $  2,829.37   sel     $21,500.00   [strat=market_expert_value_justifier]
      R 6  buy $ 19,798.48   sel     $20,999.00   [strat=market_expert_value_justifier]
      R 7  buy $  7,765.60   sel     $20,750.00   [strat=market_expert_value_justifier]
      R 8  buy $ 11,281.49   sel     $20,500.00   [strat=market_expert_value_justifier]
      R 9  buy $  3,133.37   sel     $20,500.00   [strat=market_expert_value_justifier]
      R10  buy $ 18,803.24   sel     $19,900.00   [strat=market_expert_value_justifier]
      R11  buy $ 10,739.13   sel     $19,500.00   [strat=market_expert_value_justifier]
      R12  buy $  8,489.27   sel     $19,000.00   [strat=market_expert_value_justifier]
      R13  buy $  1,684.46   sel     $18,750.00   [strat=market_expert_value_justifier]
      R14  buy $ 10,618.02   sel     $18,500.00   [strat=market_expert_value_justifier]
      R15  buy $ 13,685.28   sel     $18,000.00   [strat=market_expert_value_justifier]
      R16  buy $ 17,942.32   sel     $18,000.00   [strat=market_expert_value_justifier]
   run 28 done in 8.7 min

   run 29/30 on 2019 Honda Accord Sport 1.5T  seed=20762448
      R 1  buy $  3,944.19   sel     $26,995.00   [strat=market_expert_value_justifier] *
      R 2  buy $ 23,710.05   sel     $25,995.00   [strat=market_expert_value_justifier]
      R 3  buy $    217.85   sel     $25,995.00   [strat=market_expert_value_justifier]
      R 4  buy $ 16,010.66   sel     $24,995.00   [strat=market_expert_value_justifier]
      R 5  buy $ 17,657.43   sel     $24,995.00   [strat=market_expert_value_justifier]
      R 6  buy $ 16,115.05   sel     $24,995.00   [strat=market_expert_value_justifier]
      R 7  buy $ 17,640.28   sel     $24,995.00   [strat=market_expert_value_justifier]
      R 8  buy $ 21,304.03   sel     $23,995.00   [strat=market_expert_value_justifier]
      R 9  buy $ 23,368.94   sel     $23,795.00   [strat=market_expert_value_justifier]
      R10  buy $ 11,131.78   sel     $23,600.00   [strat=market_expert_value_justifier]
      R11  buy $  6,846.60   sel     $23,500.00   [strat=market_expert_value_justifier]
      R12  buy $  1,289.27   sel     $23,450.00   [strat=market_expert_value_justifier]
      R13  buy $ 11,338.52   sel     $23,300.00   [strat=market_expert_value_justifier]
      R14  buy $ 16,410.31   sel     $23,300.00   [strat=market_expert_value_justifier]
      R15  buy $ 23,230.74   sel     $23,230.74   [strat=market_expert_value_justifier]
      R16  buy $  1,243.68   sel     $23,300.00   [strat=market_expert_value_justifier]
   run 29 done in 6.9 min

   run 30/30 on 2019 Honda Accord Sport 1.5T  seed=20762449
      R 1  buy $  4,660.90   sel     $25,500.00   [strat=market_expert_value_justifier] *
      R 2  buy $ 17,420.35   sel     $24,500.00   [strat=market_expert_value_justifier]
      R 3  buy $ 21,423.94   sel     $23,500.00   [strat=market_expert_value_justifier]
      R 4  buy $ 22,751.54   sel     $23,250.00   [strat=market_expert_value_justifier]
      R 5  buy $ 15,997.56   sel     $23,000.00   [strat=market_expert_value_justifier]
      R 6  buy $ 22,672.17   sel     $22,850.00   [strat=market_expert_value_justifier]
      R 7  buy $ 18,400.86   sel     $22,500.00   [strat=market_expert_value_justifier]
      R 8  buy $  2,431.96   sel     $22,500.00   [strat=market_expert_value_justifier]
      R 9  buy $  3,628.13   sel     $22,500.00   [strat=market_expert_value_justifier]
      R10  buy $ 10,838.48   sel     $22,300.00   [strat=market_expert_value_justifier]
      R11  buy $  2,016.92   sel     $22,000.00   [strat=market_expert_value_justifier]
      R12  buy $ 13,236.85   sel     $21,500.00   [strat=market_expert_value_justifier]
      R13  buy $  4,731.88   sel     $21,000.00   [strat=market_expert_value_justifier]
      R14  buy $  9,621.03   sel     $20,000.00   [strat=market_expert_value_justifier]
      R15  buy $  8,008.66   sel     $19,000.00   [strat=market_expert_value_justifier]
      R16  buy $  7,872.58   sel     $18,000.00   [strat=market_expert_value_justifier]
   run 30 done in 6.7 min

   ---> checkpoint: car 3/5 done in 230.1 min; total so far 653.1 min; saved 90 runs to exp05_fixed_market_expert_value_justifier.json

--- CAR 4/5: 2022 Toyota RAV4 XLE AWD  (M=$32,000.00  cost=$20,800.00  cost/M=65.00%) ---

   run 1/30 on 2022 Toyota RAV4 XLE AWD  seed=20763420
      R 1  buy $ 25,964.70   sel     $31,500.00   [strat=market_expert_value_justifier] *
      R 2  buy $ 10,954.80   sel     $30,500.00   [strat=market_expert_value_justifier]
      R 3  buy $ 14,135.26   sel     $30,000.00   [strat=market_expert_value_justifier]
      R 4  buy $  7,127.51   sel     $29,500.00   [strat=market_expert_value_justifier]
      R 5  buy $  3,156.06   sel     $29,000.00   [strat=market_expert_value_justifier]
      R 6  buy $ 25,126.55   sel     $28,900.00   [strat=market_expert_value_justifier]
      R 7  buy $  6,813.13   sel     $28,500.00   [strat=market_expert_value_justifier]
      R 8  buy $ 23,526.23   sel     $28,400.00   [strat=market_expert_value_justifier]
      R 9  buy $    793.39   sel     $28,400.00   [strat=market_expert_value_justifier]
      R10  buy $  6,522.43   sel     $28,200.00   [strat=market_expert_value_justifier]
      R11  buy $ 24,396.98   sel     $27,800.00   [strat=market_expert_value_justifier]
      R12  buy $ 17,156.47   sel     $27,500.00   [strat=market_expert_value_justifier]
      R13  buy $ 26,986.27   sel     $27,200.00   [strat=market_expert_value_justifier]
      R14  buy $ 14,119.27   sel     $27,000.00   [strat=market_expert_value_justifier]
      R15  buy $ 21,034.26   sel     $26,800.00   [strat=market_expert_value_justifier]
      R16  buy $ 17,258.70   sel     $26,600.00   [strat=market_expert_value_justifier]
   run 1 done in 7.3 min

   run 2/30 on 2022 Toyota RAV4 XLE AWD  seed=20763421
      R 1  buy $ 12,472.35   sel     $30,995.00   [strat=market_expert_value_justifier] *
      R 2  buy $ 22,002.35   sel     $28,495.00   [strat=market_expert_value_justifier]
      R 3  buy $ 26,487.77   sel     $27,995.00   [strat=market_expert_value_justifier]
      R 4  buy $ 24,084.18   sel     $27,495.00   [strat=market_expert_value_justifier]
      R 5  buy $  9,876.31   sel     $27,495.00   [strat=market_expert_value_justifier]
      R 6  buy $ 27,128.75   sel     $27,350.00   [strat=market_expert_value_justifier]
      R 7  buy $ 18,367.41   sel     $27,200.00   [strat=market_expert_value_justifier]
      R 8  buy $ 12,988.73   sel     $27,200.00   [strat=market_expert_value_justifier]
      R 9  buy $  2,836.98   sel     $27,200.00   [strat=market_expert_value_justifier]
      R10  buy $ 17,584.69   sel     $27,000.00   [strat=market_expert_value_justifier]
      R11  buy $ 12,590.05   sel     $26,500.00   [strat=market_expert_value_justifier]
      R12  buy $ 25,244.00   sel     $26,000.00   [strat=market_expert_value_justifier]
      R13  buy $ 15,501.46   sel     $25,500.00   [strat=market_expert_value_justifier]
      R14  buy $ 19,678.58   sel     $25,000.00   [strat=market_expert_value_justifier]
      R15  buy $ 23,124.49   sel     $24,500.00   [strat=market_expert_value_justifier]
      R16  buy $  9,246.47   sel     $24,000.00   [strat=market_expert_value_justifier]
   run 2 done in 7.2 min

   run 3/30 on 2022 Toyota RAV4 XLE AWD  seed=20763422
      R 1  buy $ 26,405.42   sel     $30,500.00   [strat=market_expert_value_justifier] *
      R 2  buy $ 24,928.64   sel     $29,900.00   [strat=market_expert_value_justifier]
      R 3  buy $ 25,859.59   sel     $29,500.00   [strat=market_expert_value_justifier]
      R 4  buy $  3,311.16   sel     $29,000.00   [strat=market_expert_value_justifier]
      R 5  buy $ 20,408.06   sel     $28,500.00   [strat=market_expert_value_justifier]
      R 6  buy $ 26,459.36   sel     $28,000.00   [strat=market_expert_value_justifier]
      R 7  buy $  3,046.39   sel     $27,500.00   [strat=market_expert_value_justifier]
      R 8  buy $ 17,063.57   sel     $27,000.00   [strat=market_expert_value_justifier]
      R 9  buy $  8,514.82   sel     $27,000.00   [strat=market_expert_value_justifier]
      R10  buy $ 24,604.78   sel     $26,500.00   [strat=market_expert_value_justifier]
      R11  buy $ 17,554.68   sel     $26,000.00   [strat=market_expert_value_justifier]
      R12  buy $ 20,394.16   sel     $25,500.00   [strat=market_expert_value_justifier]
      R13  buy $  5,045.25   sel     $25,000.00   [strat=market_expert_value_justifier]
      R14  buy $ 22,308.81   sel     $24,000.00   [strat=market_expert_value_justifier]
      R15  buy $ 15,212.71   sel     $23,500.00   [strat=market_expert_value_justifier]
      R16  buy $  1,244.30   sel     $23,000.00   [strat=market_expert_value_justifier]
   run 3 done in 7.6 min

   run 4/30 on 2022 Toyota RAV4 XLE AWD  seed=20763423
      R 1  buy $ 22,656.97   sel     $30,500.00   [strat=market_expert_value_justifier] *
      R 2  buy $  1,248.45   sel     $30,000.00   [strat=market_expert_value_justifier]
      R 3  buy $ 10,079.19   sel     $29,500.00   [strat=market_expert_value_justifier]
      R 4  buy $ 15,340.04   sel     $28,500.00   [strat=market_expert_value_justifier]
      R 5  buy $  9,121.95   sel     $28,500.00   [strat=market_expert_value_justifier]
      R 6  buy $  7,978.58   sel     $28,500.00   [strat=market_expert_value_justifier]
      R 7  buy $  6,780.77   sel     $28,500.00   [strat=market_expert_value_justifier]
      R 8  buy $  5,313.57   sel     $28,500.00   [strat=market_expert_value_justifier]
      R 9  buy $ 27,113.29   sel     $27,113.29   [strat=market_expert_value_justifier]
      R10  buy $ 14,375.85   sel     $28,500.00   [strat=market_expert_value_justifier]
      R11  buy $  1,945.17   sel     $28,500.00   [strat=market_expert_value_justifier]
      R12  buy $ 20,766.63   sel     $27,900.00   [strat=market_expert_value_justifier]
      R13  buy $ 19,539.47   sel     $27,500.00   [strat=market_expert_value_justifier]
      R14  buy $ 22,702.77   sel     $26,500.00   [strat=market_expert_value_justifier]
      R15  buy $ 24,726.84   sel     $25,500.00   [strat=market_expert_value_justifier]
      R16  buy $ 17,542.04   sel     $24,500.00   [strat=market_expert_value_justifier]
   run 4 done in 5.6 min

   run 5/30 on 2022 Toyota RAV4 XLE AWD  seed=20763424
      R 1  buy $ 28,313.25   sel     $30,495.00   [strat=market_expert_value_justifier] *
      R 2  buy $  2,939.64   sel     $30,000.00   [strat=market_expert_value_justifier]
      R 3  buy $ 26,945.73   sel     $29,500.00   [strat=market_expert_value_justifier]
      R 4  buy $  1,432.22   sel     $29,000.00   [strat=market_expert_value_justifier]
      R 5  buy $ 27,072.61   sel     $28,250.00   [strat=market_expert_value_justifier]
      R 6  buy $  1,847.95   sel     $28,250.00   [strat=market_expert_value_justifier]
      R 7  buy $  3,167.00   sel     $28,250.00   [strat=market_expert_value_justifier]
      R 8  buy $  6,694.68   sel     $28,250.00   [strat=market_expert_value_justifier]
      R 9  buy $  5,569.38   sel     $28,250.00   [strat=market_expert_value_justifier]
      R10  buy $ 14,232.52   sel     $28,000.00   [strat=market_expert_value_justifier]
      R11  buy $ 24,594.62   sel     $27,000.00   [strat=market_expert_value_justifier]
      R12  buy $  6,266.92   sel     $26,500.00   [strat=market_expert_value_justifier]
      R13  buy $ 11,221.26   sel     $26,000.00   [strat=market_expert_value_justifier]
      R14  buy $ 19,610.69   sel     $25,500.00   [strat=market_expert_value_justifier]
      R15  buy $ 15,386.95   sel     $25,000.00   [strat=market_expert_value_justifier]
      R16  buy $ 17,461.62   sel     $24,500.00   [strat=market_expert_value_justifier]
   run 5 done in 8.0 min

   run 6/30 on 2022 Toyota RAV4 XLE AWD  seed=20763425
      R 1  buy $ 25,553.94   sel     $30,000.00   [strat=market_expert_value_justifier] *
      R 2  buy $ 19,619.91   sel     $27,500.00   [strat=market_expert_value_justifier]
      R 3  buy $ 23,929.75   sel     $26,500.00   [strat=market_expert_value_justifier]
      R 4  buy $  8,627.39   sel     $26,500.00   [strat=market_expert_value_justifier]
      R 5  buy $ 17,140.26   sel     $25,999.00   [strat=market_expert_value_justifier]
      R 6  buy $ 16,776.52   sel     $25,999.00   [strat=market_expert_value_justifier]
      R 7  buy $ 10,210.35   sel     $25,999.00   [strat=market_expert_value_justifier]
      R 8  buy $ 15,928.56   sel     $25,499.00   [strat=market_expert_value_justifier]
      R 9  buy $  9,574.93   sel     $25,499.00   [strat=market_expert_value_justifier]
      R10  buy $ 11,263.68   sel     $25,399.00   [strat=market_expert_value_justifier]
      R11  buy $  4,491.20   sel     $25,399.00   [strat=market_expert_value_justifier]
      R12  buy $  8,303.92   sel     $24,999.00   [strat=market_expert_value_justifier]
      R13  buy $  9,837.01   sel     $24,899.00   [strat=market_expert_value_justifier]
      R14  buy $  8,863.28   sel     $24,899.00   [strat=market_expert_value_justifier]
      R15  buy $ 11,116.50   sel     $24,499.00   [strat=market_expert_value_justifier]
      R16  buy $ 12,620.73   sel     $24,399.00   [strat=market_expert_value_justifier]
   run 6 done in 8.0 min

   run 7/30 on 2022 Toyota RAV4 XLE AWD  seed=20763426
      R 1  buy $ 21,922.14   sel     $30,995.00   [strat=market_expert_value_justifier] *
      R 2  buy $ 14,769.95   sel     $30,500.00   [strat=market_expert_value_justifier]
      R 3  buy $ 15,123.53   sel     $30,000.00   [strat=market_expert_value_justifier]
      R 4  buy $  6,190.09   sel     $30,000.00   [strat=market_expert_value_justifier]
      R 5  buy $ 16,831.23   sel     $29,500.00   [strat=market_expert_value_justifier]
      R 6  buy $ 17,187.28   sel     $29,000.00   [strat=market_expert_value_justifier]
      R 7  buy $ 21,648.76   sel     $28,500.00   [strat=market_expert_value_justifier]
      R 8  buy $ 25,927.46   sel     $27,500.00   [strat=market_expert_value_justifier]
      R 9  buy $ 17,945.77   sel     $27,500.00   [strat=market_expert_value_justifier]
      R10  buy $ 22,468.90   sel     $26,500.00   [strat=market_expert_value_justifier]
      R11  buy $ 22,622.28   sel     $26,000.00   [strat=market_expert_value_justifier]
      R12  buy $  4,621.45   sel     $26,000.00   [strat=market_expert_value_justifier]
      R13  buy $ 19,272.12   sel     $25,000.00   [strat=market_expert_value_justifier]
      R14  buy $  8,944.82   sel     $24,500.00   [strat=market_expert_value_justifier]
      R15  buy $ 21,963.40   sel     $24,000.00   [strat=market_expert_value_justifier]
      R16  buy $ 14,852.06   sel     $24,000.00   [strat=market_expert_value_justifier]
   run 7 done in 7.6 min

   run 8/30 on 2022 Toyota RAV4 XLE AWD  seed=20763427
      R 1  buy $ 18,003.12   sel     $31,500.00   [strat=market_expert_value_justifier] *
      R 2  buy $ 15,337.83   sel     $30,500.00   [strat=market_expert_value_justifier]
      R 3  buy $ 24,464.76   sel     $29,500.00   [strat=market_expert_value_justifier]
      R 4  buy $  4,615.20   sel     $29,500.00   [strat=market_expert_value_justifier]
      R 5  buy $ 21,048.21   sel     $25,500.00   [strat=market_expert_value_justifier]
      R 6  buy $  2,978.42   sel     $25,000.00   [strat=market_expert_value_justifier]
      R 7  buy $  1,560.70   sel     $25,000.00   [strat=market_expert_value_justifier]
      R 8  buy $ 22,015.86   sel     $24,500.00   [strat=market_expert_value_justifier]
      R 9  buy $ 10,658.66   sel     $24,000.00   [strat=market_expert_value_justifier]
      R10  buy $ 22,251.22   sel     $23,500.00   [strat=market_expert_value_justifier]
      R11  buy $  6,960.96   sel     $23,500.00   [strat=market_expert_value_justifier]
      R12  buy $ 19,619.38   sel     $23,000.00   [strat=market_expert_value_justifier]
      R13  buy $ 18,254.24   sel     $22,500.00   [strat=market_expert_value_justifier]
      R14  buy $ 19,725.11   sel     $22,000.00   [strat=market_expert_value_justifier]
      R15  buy $ 13,614.40   sel     $21,500.00   [strat=market_expert_value_justifier]
      R16  buy $  3,790.79   sel     $21,500.00   [strat=market_expert_value_justifier]
   run 8 done in 6.6 min

   run 9/30 on 2022 Toyota RAV4 XLE AWD  seed=20763428
      R 1  buy $  3,099.56   sel     $31,500.00   [strat=market_expert_value_justifier] *
      R 2  buy $ 24,971.55   sel     $30,500.00   [strat=market_expert_value_justifier]
      R 3  buy $  7,593.82   sel     $30,000.00   [strat=market_expert_value_justifier]
      R 4  buy $ 14,745.71   sel     $29,500.00   [strat=market_expert_value_justifier]
      R 5  buy $ 17,586.61   sel     $29,000.00   [strat=market_expert_value_justifier]
      R 6  buy $ 27,487.26   sel     $27,487.26   [strat=market_expert_value_justifier]
      R 7  buy $ 23,543.13   sel     $27,487.26   [strat=market_expert_value_justifier]
      R 8  buy $  6,996.97   sel     $28,500.00   [strat=market_expert_value_justifier]
      R 9  buy $ 24,133.45   sel     $28,000.00   [strat=market_expert_value_justifier]
      R10  buy $ 14,784.79   sel     $27,500.00   [strat=market_expert_value_justifier]
      R11  buy $  2,029.91   sel     $27,000.00   [strat=market_expert_value_justifier]
      R12  buy $  1,468.66   sel     $26,500.00   [strat=market_expert_value_justifier]
      R13  buy $ 10,274.21   sel     $26,000.00   [strat=market_expert_value_justifier]
      R14  buy $ 17,067.06   sel     $25,000.00   [strat=market_expert_value_justifier]
      R15  buy $ 18,233.21   sel     $25,000.00   [strat=market_expert_value_justifier]
      R16  buy $ 13,681.04   sel     $24,500.00   [strat=market_expert_value_justifier]
   run 9 done in 6.4 min

   run 10/30 on 2022 Toyota RAV4 XLE AWD  seed=20763429
      R 1  buy $ 17,025.79   sel     $29,500.00   [strat=market_expert_value_justifier] *
      R 2  buy $ 22,673.64   sel     $28,500.00   [strat=market_expert_value_justifier]
      R 3  buy $ 21,155.67   sel     $27,900.00   [strat=market_expert_value_justifier]
      R 4  buy $  9,588.87   sel     $27,500.00   [strat=market_expert_value_justifier]
      R 5  buy $  5,540.18   sel     $27,000.00   [strat=market_expert_value_justifier]
      R 6  buy $  9,744.84   sel     $26,500.00   [strat=market_expert_value_justifier]
      R 7  buy $ 24,103.40   sel     $25,900.00   [strat=market_expert_value_justifier]
      R 8  buy $  9,119.09   sel     $25,000.00   [strat=market_expert_value_justifier]
      R 9  buy $ 21,102.82   sel     $24,500.00   [strat=market_expert_value_justifier]
      R10  buy $  2,961.30   sel     $24,000.00   [strat=market_expert_value_justifier]
      R11  buy $ 13,366.59   sel     $23,500.00   [strat=market_expert_value_justifier]
      R12  buy $  4,131.59   sel     $23,000.00   [strat=market_expert_value_justifier]
      R13  buy $ 13,450.09   sel     $22,500.00   [strat=market_expert_value_justifier]
      R14  buy $ 21,634.27   sel     $22,000.00   [strat=market_expert_value_justifier]
      R15  buy $  6,460.19   sel     $21,500.00   [strat=market_expert_value_justifier]
      R16  buy $ 11,660.88   sel     $21,000.00   [strat=market_expert_value_justifier]
   run 10 done in 7.2 min

   run 11/30 on 2022 Toyota RAV4 XLE AWD  seed=20763430
      R 1  buy $ 23,431.23   sel     $30,995.00   [strat=market_expert_value_justifier] *
      R 2  buy $ 15,563.55   sel     $30,500.00   [strat=market_expert_value_justifier]
      R 3  buy $ 26,424.46   sel     $29,500.00   [strat=market_expert_value_justifier]
      R 4  buy $ 28,432.39   sel     $28,900.00   [strat=market_expert_value_justifier]
      R 5  buy $  5,940.10   sel     $28,800.00   [strat=market_expert_value_justifier]
      R 6  buy $ 28,179.88   sel     $28,500.00   [strat=market_expert_value_justifier]
      R 7  buy $ 15,804.66   sel     $28,500.00   [strat=market_expert_value_justifier]
      R 8  buy $ 21,161.50   sel     $28,500.00   [strat=market_expert_value_justifier]
      R 9  buy $  6,124.60   sel     $28,400.00   [strat=market_expert_value_justifier]
      R10  buy $ 22,444.47   sel     $27,500.00   [strat=market_expert_value_justifier]
      R11  buy $ 21,030.20   sel     $26,500.00   [strat=market_expert_value_justifier]
      R12  buy $ 15,672.28   sel     $26,400.00   [strat=market_expert_value_justifier]
      R13  buy $ 11,274.63   sel     $25,900.00   [strat=market_expert_value_justifier]
      R14  buy $  3,420.94   sel     $25,500.00   [strat=market_expert_value_justifier]
      R15  buy $    364.42   sel     $25,250.00   [strat=market_expert_value_justifier]
      R16  buy $  9,617.87   sel     $24,900.00   [strat=market_expert_value_justifier]
   run 11 done in 6.8 min

   run 12/30 on 2022 Toyota RAV4 XLE AWD  seed=20763431
      R 1  buy $ 30,877.05   sel     $31,500.00   [strat=market_expert_value_justifier] *
      R 2  buy $ 17,570.74   sel     $31,400.00   [strat=market_expert_value_justifier]
      R 3  buy $ 15,858.78   sel     $31,300.00   [strat=market_expert_value_justifier]
      R 4  buy $ 24,284.14   sel     $31,200.00   [strat=market_expert_value_justifier]
      R 5  buy $ 29,441.56   sel     $30,500.00   [strat=market_expert_value_justifier]
      R 6  buy $ 18,922.64   sel     $30,000.00   [strat=market_expert_value_justifier]
      R 7  buy $  7,092.47   sel     $30,000.00   [strat=market_expert_value_justifier]
      R 8  buy $ 13,543.27   sel     $30,000.00   [strat=market_expert_value_justifier]
      R 9  buy $ 17,303.89   sel     $29,500.00   [strat=market_expert_value_justifier]
      R10  buy $ 14,715.60   sel     $29,500.00   [strat=market_expert_value_justifier]
      R11  buy $ 25,099.49   sel     $28,500.00   [strat=market_expert_value_justifier]
      R12  buy $  7,945.78   sel     $28,500.00   [strat=market_expert_value_justifier]
      R13  buy $  6,782.79   sel     $28,000.00   [strat=market_expert_value_justifier]
      R14  buy $  3,904.38   sel     $27,500.00   [strat=market_expert_value_justifier]
      R15  buy $  9,105.04   sel     $27,000.00   [strat=market_expert_value_justifier]
      R16  buy $ 21,097.91   sel     $26,000.00   [strat=market_expert_value_justifier]
   run 12 done in 6.9 min

   run 13/30 on 2022 Toyota RAV4 XLE AWD  seed=20763432
      R 1  buy $  2,356.83   sel     $31,500.00   [strat=market_expert_value_justifier] *
      R 2  buy $ 15,741.33   sel     $30,800.00   [strat=market_expert_value_justifier]
      R 3  buy $  4,882.01   sel     $30,200.00   [strat=market_expert_value_justifier]
      R 4  buy $  5,145.71   sel     $29,900.00   [strat=market_expert_value_justifier]
      R 5  buy $ 21,911.14   sel     $29,500.00   [strat=market_expert_value_justifier]
      R 6  buy $  2,448.62   sel     $29,500.00   [strat=market_expert_value_justifier]
      R 7  buy $ 27,489.79   sel     $28,800.00   [strat=market_expert_value_justifier]
      R 8  buy $  9,811.70   sel     $28,500.00   [strat=market_expert_value_justifier]
      R 9  buy $ 14,084.28   sel     $28,200.00   [strat=market_expert_value_justifier]
      R10  buy $ 19,706.30   sel     $27,900.00   [strat=market_expert_value_justifier]
      R11  buy $  2,109.70   sel     $27,500.00   [strat=market_expert_value_justifier]
      R12  buy $ 13,809.94   sel     $27,200.00   [strat=market_expert_value_justifier]
      R13  buy $ 21,703.19   sel     $26,900.00   [strat=market_expert_value_justifier]
      R14  buy $ 20,605.25   sel     $26,600.00   [strat=market_expert_value_justifier]
      R15  buy $  1,916.90   sel     $26,300.00   [strat=market_expert_value_justifier]
      R16  buy $ 10,142.33   sel     $25,900.00   [strat=market_expert_value_justifier]
   run 13 done in 6.6 min

   run 14/30 on 2022 Toyota RAV4 XLE AWD  seed=20763433
      R 1  buy $  6,261.88   sel     $31,500.00   [strat=market_expert_value_justifier] *
      R 2  buy $ 13,791.45   sel     $30,500.00   [strat=market_expert_value_justifier]
      R 3  buy $ 20,139.87   sel     $29,500.00   [strat=market_expert_value_justifier]
      R 4  buy $ 24,120.10   sel     $27,500.00   [strat=market_expert_value_justifier]
      R 5  buy $  6,581.51   sel     $27,500.00   [strat=market_expert_value_justifier]
      R 6  buy $ 25,629.25   sel     $26,500.00   [strat=market_expert_value_justifier]
      R 7  buy $ 21,829.51   sel     $25,000.00   [strat=market_expert_value_justifier]
      R 8  buy $  6,381.79   sel     $25,000.00   [strat=market_expert_value_justifier]
      R 9  buy $  6,282.00   sel     $25,000.00   [strat=market_expert_value_justifier]
      R10  buy $  5,580.65   sel     $25,000.00   [strat=market_expert_value_justifier]
      R11  buy $ 23,654.86   sel     $24,500.00   [strat=market_expert_value_justifier]
      R12  buy $ 11,194.83   sel     $24,500.00   [strat=market_expert_value_justifier]
      R13  buy $  8,117.19   sel     $24,500.00   [strat=market_expert_value_justifier]
      R14  buy $ 12,539.66   sel     $24,500.00   [strat=market_expert_value_justifier]
      R15  buy $ 12,357.66   sel     $24,500.00   [strat=market_expert_value_justifier]
      R16  buy $ 23,898.55   sel     $24,200.00   [strat=market_expert_value_justifier]
   run 14 done in 5.8 min

   run 15/30 on 2022 Toyota RAV4 XLE AWD  seed=20763434
      R 1  buy $ 18,735.08   sel     $29,500.00   [strat=market_expert_value_justifier] *
      R 2  buy $  6,936.72   sel     $28,900.00   [strat=market_expert_value_justifier]
      R 3  buy $ 15,091.90   sel     $28,400.00   [strat=market_expert_value_justifier]
      R 4  buy $ 26,037.43   sel     $27,900.00   [strat=market_expert_value_justifier]
      R 5  buy $ 24,399.45   sel     $27,000.00   [strat=market_expert_value_justifier]
      R 6  buy $ 13,324.53   sel     $27,000.00   [strat=market_expert_value_justifier]
      R 7  buy $ 11,286.10   sel     $27,000.00   [strat=market_expert_value_justifier]
      R 8  buy $ 20,899.67   sel     $26,500.00   [strat=market_expert_value_justifier]
      R 9  buy $  9,120.26   sel     $25,500.00   [strat=market_expert_value_justifier]
      R10  buy $ 21,547.59   sel     $24,500.00   [strat=market_expert_value_justifier]
      R11  buy $  9,419.42   sel     $24,000.00   [strat=market_expert_value_justifier]
      R12  buy $  8,787.81   sel     $23,500.00   [strat=market_expert_value_justifier]
      R13  buy $ 19,834.48   sel     $23,000.00   [strat=market_expert_value_justifier]
      R14  buy $  8,815.28   sel     $22,500.00   [strat=market_expert_value_justifier]
      R15  buy $  6,836.02   sel     $22,000.00   [strat=market_expert_value_justifier]
      R16  buy $ 16,664.54   sel     $21,500.00   [strat=market_expert_value_justifier]
   run 15 done in 6.4 min

   run 16/30 on 2022 Toyota RAV4 XLE AWD  seed=20763435
      R 1  buy $  1,759.23   sel     $29,500.00   [strat=market_expert_value_justifier] *
      R 2  buy $ 14,409.78   sel     $28,900.00   [strat=market_expert_value_justifier]
      R 3  buy $ 20,955.76   sel     $27,500.00   [strat=market_expert_value_justifier]
      R 4  buy $    168.42   sel     $27,000.00   [strat=market_expert_value_justifier]
      R 5  buy $ 16,208.96   sel     $26,500.00   [strat=market_expert_value_justifier]
      R 6  buy $ 10,632.07   sel     $26,500.00   [strat=market_expert_value_justifier]
      R 7  buy $ 23,921.58   sel     $23,921.58   [strat=market_expert_value_justifier]
      R 8  buy $ 13,072.14   sel     $23,921.58   [strat=market_expert_value_justifier]
      R 9  buy $    287.07   sel     $23,921.58   [strat=market_expert_value_justifier]
      R10  buy $ 18,379.66   sel     $23,921.58   [strat=market_expert_value_justifier]
      R11  buy $  2,207.99   sel     $23,921.58   [strat=market_expert_value_justifier]
      R12  buy $  7,941.01   sel     $23,921.58   [strat=market_expert_value_justifier]
      R13  buy $ 13,572.48   sel     $23,921.58   [strat=market_expert_value_justifier]
      R14  buy $ 19,153.01   sel     $23,921.58   [strat=market_expert_value_justifier]
      R15  buy $ 23,471.75   sel     $23,471.75   [strat=market_expert_value_justifier]
      R16  buy $  4,162.27   sel     $23,000.00   [strat=market_expert_value_justifier]
   run 16 done in 7.2 min

   run 17/30 on 2022 Toyota RAV4 XLE AWD  seed=20763436
      R 1  buy $  9,929.16   sel     $30,995.00   [strat=market_expert_value_justifier] *
      R 2  buy $ 30,556.38   sel     $30,895.00   [strat=market_expert_value_justifier]
      R 3  buy $ 27,918.48   sel     $30,795.00   [strat=market_expert_value_justifier]
      R 4  buy $ 23,933.16   sel     $30,695.00   [strat=market_expert_value_justifier]
      R 5  buy $     95.84   sel     $30,695.00   [strat=market_expert_value_justifier]
      R 6  buy $ 30,574.29   sel     $30,574.29   [strat=market_expert_value_justifier]
      R 7  buy $ 17,459.17   sel     $30,494.00   [strat=market_expert_value_justifier]
      R 8  buy $ 22,013.57   sel     $28,995.00   [strat=market_expert_value_justifier]
      R 9  buy $ 18,371.72   sel     $28,995.00   [strat=market_expert_value_justifier]
      R10  buy $ 13,127.57   sel     $28,495.00   [strat=market_expert_value_justifier]
      R11  buy $  7,836.00   sel     $27,995.00   [strat=market_expert_value_justifier]
      R12  buy $ 10,140.64   sel     $26,995.00   [strat=market_expert_value_justifier]
      R13  buy $ 15,064.83   sel     $26,495.00   [strat=market_expert_value_justifier]
      R14  buy $ 16,887.61   sel     $25,995.00   [strat=market_expert_value_justifier]
      R15  buy $ 15,127.40   sel     $24,995.00   [strat=market_expert_value_justifier]
      R16  buy $ 15,154.59   sel     $24,495.00   [strat=market_expert_value_justifier]
   run 17 done in 7.3 min

   run 18/30 on 2022 Toyota RAV4 XLE AWD  seed=20763437
      R 1  buy $ 16,744.73   sel     $28,500.00   [strat=market_expert_value_justifier] *
      R 2  buy $ 25,812.95   sel     $27,500.00   [strat=market_expert_value_justifier]
      R 3  buy $ 20,064.87   sel     $27,200.00   [strat=market_expert_value_justifier]
      R 4  buy $ 14,755.44   sel     $26,900.00   [strat=market_expert_value_justifier]
      R 5  buy $  2,411.82   sel     $26,500.00   [strat=market_expert_value_justifier]
      R 6  buy $ 14,422.78   sel     $26,300.00   [strat=market_expert_value_justifier]
      R 7  buy $    932.58   sel     $26,100.00   [strat=market_expert_value_justifier]
      R 8  buy $ 20,562.60   sel     $25,500.00   [strat=market_expert_value_justifier]
      R 9  buy $ 11,319.69   sel     $25,300.00   [strat=market_expert_value_justifier]
      R10  buy $  3,886.37   sel     $25,000.00   [strat=market_expert_value_justifier]
      R11  buy $ 19,920.30   sel     $24,900.00   [strat=market_expert_value_justifier]
      R12  buy $ 12,984.69   sel     $24,800.00   [strat=market_expert_value_justifier]
      R13  buy $ 16,457.30   sel     $24,500.00   [strat=market_expert_value_justifier]
      R14  buy $ 10,576.74   sel     $24,300.00   [strat=market_expert_value_justifier]
      R15  buy $ 15,841.29   sel     $24,000.00   [strat=market_expert_value_justifier]
      R16  buy $ 17,612.60   sel     $23,500.00   [strat=market_expert_value_justifier]
   run 18 done in 8.1 min

   run 19/30 on 2022 Toyota RAV4 XLE AWD  seed=20763438
      R 1  buy $ 10,834.07   sel     $29,500.00   [strat=market_expert_value_justifier] *
      R 2  buy $ 21,835.87   sel     $28,750.00   [strat=market_expert_value_justifier]
      R 3  buy $ 24,417.40   sel     $27,900.00   [strat=market_expert_value_justifier]
      R 4  buy $ 20,350.18   sel     $27,750.00   [strat=market_expert_value_justifier]
      R 5  buy $  3,429.85   sel     $27,500.00   [strat=market_expert_value_justifier]
      R 6  buy $ 18,562.45   sel     $27,250.00   [strat=market_expert_value_justifier]
      R 7  buy $    572.46   sel     $27,000.00   [strat=market_expert_value_justifier]
      R 8  buy $ 17,508.61   sel     $26,750.00   [strat=market_expert_value_justifier]
      R 9  buy $ 22,650.77   sel     $26,500.00   [strat=market_expert_value_justifier]
      R10  buy $ 22,527.14   sel     $25,900.00   [strat=market_expert_value_justifier]
      R11  buy $ 22,722.78   sel     $25,500.00   [strat=market_expert_value_justifier]
      R12  buy $ 11,881.99   sel     $25,000.00   [strat=market_expert_value_justifier]
      R13  buy $  8,557.97   sel     $24,900.00   [strat=market_expert_value_justifier]
      R14  buy $ 13,392.42   sel     $24,500.00   [strat=market_expert_value_justifier]
      R15  buy $ 12,352.43   sel     $24,250.00   [strat=market_expert_value_justifier]
      R16  buy $ 19,461.44   sel     $24,000.00   [strat=market_expert_value_justifier]
   run 19 done in 6.7 min

   run 20/30 on 2022 Toyota RAV4 XLE AWD  seed=20763439
      R 1  buy $    448.51   sel     $31,000.00   [strat=market_expert_value_justifier] *
      R 2  buy $ 30,076.80   sel     $30,500.00   [strat=market_expert_value_justifier]
      R 3  buy $  9,964.34   sel     $30,300.00   [strat=market_expert_value_justifier]
      R 4  buy $ 26,284.76   sel     $29,900.00   [strat=market_expert_value_justifier]
      R 5  buy $ 10,106.28   sel     $29,900.00   [strat=market_expert_value_justifier]
      R 6  buy $ 27,251.53   sel     $29,500.00   [strat=market_expert_value_justifier]
      R 7  buy $  2,588.48   sel     $29,500.00   [strat=market_expert_value_justifier]
      R 8  buy $ 25,232.37   sel     $28,900.00   [strat=market_expert_value_justifier]
      R 9  buy $ 27,382.74   sel     $28,500.00   [strat=market_expert_value_justifier]
      R10  buy $  2,617.15   sel     $28,000.00   [strat=market_expert_value_justifier]
      R11  buy $ 16,824.02   sel     $27,382.74   [strat=market_expert_value_justifier]
      R12  buy $ 26,939.06   sel     $27,200.00   [strat=market_expert_value_justifier]
      R13  buy $  6,983.13   sel     $27,000.00   [strat=market_expert_value_justifier]
      R14  buy $ 17,512.72   sel     $26,800.00   [strat=market_expert_value_justifier]
      R15  buy $ 13,408.23   sel     $26,500.00   [strat=market_expert_value_justifier]
      R16  buy $ 12,515.41   sel     $26,000.00   [strat=market_expert_value_justifier]
   run 20 done in 7.3 min

   run 21/30 on 2022 Toyota RAV4 XLE AWD  seed=20763440
      R 1  buy $  2,094.14   sel     $31,000.00   [strat=market_expert_value_justifier] *
      R 2  buy $ 24,379.96   sel     $28,500.00   [strat=market_expert_value_justifier]
      R 3  buy $ 22,340.27   sel     $28,500.00   [strat=market_expert_value_justifier]
      R 4  buy $  3,759.63   sel     $28,500.00   [strat=market_expert_value_justifier]
      R 5  buy $ 23,036.98   sel     $27,500.00   [strat=market_expert_value_justifier]
      R 6  buy $    644.25   sel     $27,500.00   [strat=market_expert_value_justifier]
      R 7  buy $  5,889.19   sel     $27,500.00   [strat=market_expert_value_justifier]
      R 8  buy $ 18,171.65   sel     $26,500.00   [strat=market_expert_value_justifier]
      R 9  buy $ 18,522.15   sel     $26,500.00   [strat=market_expert_value_justifier]
      R10  buy $ 19,916.42   sel     $26,000.00   [strat=market_expert_value_justifier]
      R11  buy $  6,928.62   sel     $25,000.00   [strat=market_expert_value_justifier]
      R12  buy $ 22,673.95   sel     $24,000.00   [strat=market_expert_value_justifier]
      R13  buy $ 15,632.41   sel     $24,000.00   [strat=market_expert_value_justifier]
      R14  buy $ 23,421.76   sel     $23,800.00   [strat=market_expert_value_justifier]
      R15  buy $ 18,076.04   sel     $23,500.00   [strat=market_expert_value_justifier]
      R16  buy $ 11,886.19   sel     $23,000.00   [strat=market_expert_value_justifier]
   run 21 done in 7.4 min

   run 22/30 on 2022 Toyota RAV4 XLE AWD  seed=20763441
      R 1  buy $ 27,944.09   sel     $31,599.00   [strat=market_expert_value_justifier] *
      R 2  buy $ 21,829.14   sel     $30,999.00   [strat=market_expert_value_justifier]
      R 3  buy $  5,963.46   sel     $30,599.00   [strat=market_expert_value_justifier]
      R 4  buy $ 21,009.75   sel     $29,999.00   [strat=market_expert_value_justifier]
      R 5  buy $ 21,263.98   sel     $28,999.00   [strat=market_expert_value_justifier]
      R 6  buy $ 22,189.33   sel     $27,999.00   [strat=market_expert_value_justifier]
      R 7  buy $  5,293.64   sel     $27,599.00   [strat=market_expert_value_justifier]
      R 8  buy $ 22,964.59   sel     $27,000.00   [strat=market_expert_value_justifier]
      R 9  buy $ 15,914.48   sel     $26,500.00   [strat=market_expert_value_justifier]
      R10  buy $  7,435.48   sel     $26,000.00   [strat=market_expert_value_justifier]
      R11  buy $ 25,407.31   sel     $25,800.00   [strat=market_expert_value_justifier]
      R12  buy $  4,141.92   sel     $25,800.00   [strat=market_expert_value_justifier]
      R13  buy $ 13,200.66   sel     $25,800.00   [strat=market_expert_value_justifier]
      R14  buy $  5,766.58   sel     $25,800.00   [strat=market_expert_value_justifier]
      R15  buy $  2,153.46   sel     $25,800.00   [strat=market_expert_value_justifier]
      R16  buy $  5,335.85   sel     $25,800.00   [strat=market_expert_value_justifier]
   run 22 done in 7.7 min

   run 23/30 on 2022 Toyota RAV4 XLE AWD  seed=20763442
      R 1  buy $ 18,725.99   sel     $29,500.00   [strat=market_expert_value_justifier] *
      R 2  buy $  6,315.62   sel     $28,500.00   [strat=market_expert_value_justifier]
      R 3  buy $ 15,787.16   sel     $27,900.00   [strat=market_expert_value_justifier]
      R 4  buy $ 21,731.43   sel     $27,400.00   [strat=market_expert_value_justifier]
      R 5  buy $ 12,430.82   sel     $27,200.00   [strat=market_expert_value_justifier]
      R 6  buy $  7,464.55   sel     $27,000.00   [strat=market_expert_value_justifier]
      R 7  buy $ 20,672.17   sel     $26,000.00   [strat=market_expert_value_justifier]
      R 8  buy $ 11,553.75   sel     $25,500.00   [strat=market_expert_value_justifier]
      R 9  buy $  1,098.79   sel     $25,500.00   [strat=market_expert_value_justifier]
      R10  buy $  3,583.22   sel     $25,500.00   [strat=market_expert_value_justifier]
      R11  buy $  5,513.12   sel     $25,500.00   [strat=market_expert_value_justifier]
      R12  buy $ 13,422.68   sel     $25,500.00   [strat=market_expert_value_justifier]
      R13  buy $ 11,718.86   sel     $25,500.00   [strat=market_expert_value_justifier]
      R14  buy $ 18,986.14   sel     $24,900.00   [strat=market_expert_value_justifier]
      R15  buy $  1,369.09   sel     $24,900.00   [strat=market_expert_value_justifier]
      R16  buy $ 13,544.22   sel     $24,900.00   [strat=market_expert_value_justifier]
   run 23 done in 8.7 min

   run 24/30 on 2022 Toyota RAV4 XLE AWD  seed=20763443
      R 1  buy $  2,848.95   sel     $29,500.00   [strat=market_expert_value_justifier] *
      R 2  buy $ 10,393.18   sel     $28,750.00   [strat=market_expert_value_justifier]
      R 3  buy $ 21,279.50   sel     $27,500.00   [strat=market_expert_value_justifier]
      R 4  buy $ 12,396.04   sel     $27,500.00   [strat=market_expert_value_justifier]
      R 5  buy $ 12,039.13   sel     $27,500.00   [strat=market_expert_value_justifier]
      R 6  buy $ 16,050.73   sel     $26,500.00   [strat=market_expert_value_justifier]
      R 7  buy $  3,724.31   sel     $25,900.00   [strat=market_expert_value_justifier]
      R 8  buy $ 12,669.73   sel     $25,500.00   [strat=market_expert_value_justifier]
      R 9  buy $ 21,355.40   sel     $24,900.00   [strat=market_expert_value_justifier]
      R10  buy $  7,244.54   sel     $24,500.00   [strat=market_expert_value_justifier]
      R11  buy $ 18,012.84   sel     $23,900.00   [strat=market_expert_value_justifier]
      R12  buy $  6,229.71   sel     $23,500.00   [strat=market_expert_value_justifier]
      R13  buy $  4,797.94   sel     $23,400.00   [strat=market_expert_value_justifier]
      R14  buy $ 19,935.06   sel     $23,000.00   [strat=market_expert_value_justifier]
      R15  buy $ 17,606.85   sel     $22,500.00   [strat=market_expert_value_justifier]
      R16  buy $ 17,672.32   sel     $22,000.00   [strat=market_expert_value_justifier]
   run 24 done in 8.8 min

   run 25/30 on 2022 Toyota RAV4 XLE AWD  seed=20763444
      R 1  buy $ 23,076.52   sel     $29,995.00   [strat=market_expert_value_justifier] *
      R 2  buy $  3,956.27   sel     $28,500.00   [strat=market_expert_value_justifier]
      R 3  buy $ 21,147.57   sel     $27,900.00   [strat=market_expert_value_justifier]
      R 4  buy $ 25,642.08   sel     $27,500.00   [strat=market_expert_value_justifier]
      R 5  buy $ 20,783.79   sel     $26,500.00   [strat=market_expert_value_justifier]
      R 6  buy $  7,126.63   sel     $26,500.00   [strat=market_expert_value_justifier]
      R 7  buy $ 12,055.14   sel     $26,500.00   [strat=market_expert_value_justifier]
      R 8  buy $ 20,678.26   sel     $25,000.00   [strat=market_expert_value_justifier]
      R 9  buy $ 14,591.75   sel     $24,500.00   [strat=market_expert_value_justifier]
      R10  buy $  7,767.56   sel     $24,500.00   [strat=market_expert_value_justifier]
      R11  buy $ 10,231.50   sel     $23,500.00   [strat=market_expert_value_justifier]
      R12  buy $  1,195.71   sel     $23,500.00   [strat=market_expert_value_justifier]
      R13  buy $  8,451.42   sel     $23,500.00   [strat=market_expert_value_justifier]
      R14  buy $ 19,516.83   sel     $23,000.00   [strat=market_expert_value_justifier]
      R15  buy $ 18,273.03   sel     $22,500.00   [strat=market_expert_value_justifier]
      R16  buy $  3,046.08   sel     $22,000.00   [strat=market_expert_value_justifier]
   run 25 done in 9.7 min

   run 26/30 on 2022 Toyota RAV4 XLE AWD  seed=20763445
      R 1  buy $ 17,964.40   sel     $30,500.00   [strat=market_expert_value_justifier] *
      R 2  buy $  6,353.82   sel     $29,995.00   [strat=market_expert_value_justifier]
      R 3  buy $  7,343.97   sel     $29,500.00   [strat=market_expert_value_justifier]
      R 4  buy $ 15,050.19   sel     $28,995.00   [strat=market_expert_value_justifier]
      R 5  buy $ 25,858.98   sel     $27,995.00   [strat=market_expert_value_justifier]
      R 6  buy $  7,659.15   sel     $27,900.00   [strat=market_expert_value_justifier]
      R 7  buy $  1,928.07   sel     $27,500.00   [strat=market_expert_value_justifier]
      R 8  buy $ 17,102.11   sel     $27,000.00   [strat=market_expert_value_justifier]
      R 9  buy $ 10,151.52   sel     $26,000.00   [strat=market_expert_value_justifier]
      R10  buy $ 25,264.90   sel     $25,800.00   [strat=market_expert_value_justifier]
      R11  buy $  3,686.45   sel     $25,800.00   [strat=market_expert_value_justifier]
      R12  buy $  5,144.84   sel     $25,800.00   [strat=market_expert_value_justifier]
      R13  buy $ 17,554.42   sel     $25,500.00   [strat=market_expert_value_justifier]
      R14  buy $ 13,306.66   sel     $25,500.00   [strat=market_expert_value_justifier]
      R15  buy $  9,758.58   sel     $25,500.00   [strat=market_expert_value_justifier]
      R16  buy $ 11,806.84   sel     $25,500.00   [strat=market_expert_value_justifier]
   run 26 done in 8.9 min

   run 27/30 on 2022 Toyota RAV4 XLE AWD  seed=20763446
      R 1  buy $ 25,348.34   sel     $31,200.00   [strat=market_expert_value_justifier] *
      R 2  buy $  6,393.09   sel     $30,500.00   [strat=market_expert_value_justifier]
      R 3  buy $ 22,964.22   sel     $29,500.00   [strat=market_expert_value_justifier]
      R 4  buy $ 12,375.13   sel     $28,800.00   [strat=market_expert_value_justifier]
      R 5  buy $ 14,476.22   sel     $28,500.00   [strat=market_expert_value_justifier]
      R 6  buy $ 12,913.58   sel     $28,000.00   [strat=market_expert_value_justifier]
      R 7  buy $ 26,979.95   sel     $27,500.00   [strat=market_expert_value_justifier]
      R 8  buy $ 14,285.83   sel     $27,500.00   [strat=market_expert_value_justifier]
      R 9  buy $ 15,408.29   sel     $27,250.00   [strat=market_expert_value_justifier]
      R10  buy $ 23,092.99   sel     $27,000.00   [strat=market_expert_value_justifier]
      R11  buy $  7,566.04   sel     $27,000.00   [strat=market_expert_value_justifier]
      R12  buy $  5,207.73   sel     $27,000.00   [strat=market_expert_value_justifier]
      R13  buy $  8,971.05   sel     $26,500.00   [strat=market_expert_value_justifier]
      R14  buy $ 12,332.65   sel     $26,000.00   [strat=market_expert_value_justifier]
      R15  buy $  4,140.00   sel     $25,500.00   [strat=market_expert_value_justifier]
      R16  buy $  1,775.57   sel     $25,000.00   [strat=market_expert_value_justifier]
   run 27 done in 8.2 min

   run 28/30 on 2022 Toyota RAV4 XLE AWD  seed=20763447
      R 1  buy $  5,406.26   sel     $29,500.00   [strat=market_expert_value_justifier] *
      R 2  buy $  2,078.80   sel     $29,500.00   [strat=market_expert_value_justifier]
      R 3  buy $ 28,395.31   sel     $29,000.00   [strat=market_expert_value_justifier]
      R 4  buy $ 20,610.53   sel     $28,750.00   [strat=market_expert_value_justifier]
      R 5  buy $ 18,929.39   sel     $28,750.00   [strat=market_expert_value_justifier]
      R 6  buy $ 28,577.35   sel     $28,577.35   [strat=market_expert_value_justifier]
      R 7  buy $ 10,794.94   sel     $28,577.35   [strat=market_expert_value_justifier]
      R 8  buy $  3,653.62   sel     $28,577.35   [strat=market_expert_value_justifier]
      R 9  buy $  7,142.25   sel     $28,577.35   [strat=market_expert_value_justifier]
      R10  buy $ 21,269.79   sel     $28,000.00   [strat=market_expert_value_justifier]
      R11  buy $ 11,412.81   sel     $28,000.00   [strat=market_expert_value_justifier]
      R12  buy $  9,689.00   sel     $28,500.00   [strat=market_expert_value_justifier]
      R13  buy $ 18,331.50   sel     $27,500.00   [strat=market_expert_value_justifier]
      R14  buy $  5,691.75   sel     $27,000.00   [strat=market_expert_value_justifier]
      R15  buy $ 16,966.91   sel     $26,000.00   [strat=market_expert_value_justifier]
      R16  buy $ 25,440.50   sel     $25,800.00   [strat=market_expert_value_justifier]
   run 28 done in 8.9 min

   run 29/30 on 2022 Toyota RAV4 XLE AWD  seed=20763448
      R 1  buy $  4,580.92   sel     $31,000.00   [strat=market_expert_value_justifier] *
      R 2  buy $ 21,431.96   sel     $29,500.00   [strat=market_expert_value_justifier]
      R 3  buy $  2,511.71   sel     $28,500.00   [strat=market_expert_value_justifier]
      R 4  buy $     73.92   sel     $28,000.00   [strat=market_expert_value_justifier]
      R 5  buy $ 23,503.37   sel     $27,000.00   [strat=market_expert_value_justifier]
      R 6  buy $ 26,062.68   sel     $26,500.00   [strat=market_expert_value_justifier]
      R 7  buy $ 20,212.46   sel     $25,500.00   [strat=market_expert_value_justifier]
      R 8  buy $  7,008.03   sel     $24,500.00   [strat=market_expert_value_justifier]
      R 9  buy $ 21,230.67   sel     $24,000.00   [strat=market_expert_value_justifier]
      R10  buy $  1,817.65   sel     $23,500.00   [strat=market_expert_value_justifier]
      R11  buy $  9,882.00   sel     $23,000.00   [strat=market_expert_value_justifier]
      R12  buy $ 12,787.67   sel     $22,500.00   [strat=market_expert_value_justifier]
      R13  buy $  7,927.76   sel     $22,000.00   [strat=market_expert_value_justifier]
      R14  buy $ 10,005.93   sel     $21,500.00   [strat=market_expert_value_justifier]
      R15  buy $ 18,887.24   sel     $21,000.00   [strat=market_expert_value_justifier]
      R16  buy $  7,038.27   sel     $20,900.00   [strat=market_expert_value_justifier]
   run 29 done in 9.1 min

   run 30/30 on 2022 Toyota RAV4 XLE AWD  seed=20763449
      R 1  buy $ 28,815.75   sel     $31,499.00   [strat=market_expert_value_justifier] *
      R 2  buy $ 13,855.98   sel     $30,999.00   [strat=market_expert_value_justifier]
      R 3  buy $ 10,784.91   sel     $29,999.00   [strat=market_expert_value_justifier]
      R 4  buy $  6,621.99   sel     $29,750.00   [strat=market_expert_value_justifier]
      R 5  buy $  5,710.08   sel     $29,750.00   [strat=market_expert_value_justifier]
      R 6  buy $ 28,524.49   sel     $29,500.00   [strat=market_expert_value_justifier]
      R 7  buy $  1,562.45   sel     $29,500.00   [strat=market_expert_value_justifier]
      R 8  buy $ 11,723.94   sel     $28,750.00   [strat=market_expert_value_justifier]
      R 9  buy $ 25,661.81   sel     $27,999.00   [strat=market_expert_value_justifier]
      R10  buy $ 20,443.14   sel     $27,750.00   [strat=market_expert_value_justifier]
      R11  buy $ 15,249.57   sel     $27,500.00   [strat=market_expert_value_justifier]
      R12  buy $ 22,113.82   sel     $27,000.00   [strat=market_expert_value_justifier]
      R13  buy $ 17,798.61   sel     $26,500.00   [strat=market_expert_value_justifier]
      R14  buy $  7,018.98   sel     $26,500.00   [strat=market_expert_value_justifier]
      R15  buy $ 11,255.13   sel     $26,000.00   [strat=market_expert_value_justifier]
      R16  buy $ 10,877.43   sel     $25,750.00   [strat=market_expert_value_justifier]
   run 30 done in 6.6 min

   ---> checkpoint: car 4/5 done in 224.7 min; total so far 877.8 min; saved 120 runs to exp05_fixed_market_expert_value_justifier.json

--- CAR 5/5: 2023 Ford Mustang GT Premium  (M=$45,000.00  cost=$36,000.00  cost/M=80.00%) ---

   run 1/30 on 2023 Ford Mustang GT Premium  seed=20764420
      R 1  buy $ 22,799.17   sel     $43,500.00   [strat=market_expert_value_justifier] *
      R 2  buy $ 18,207.63   sel     $43,500.00   [strat=market_expert_value_justifier]
      R 3  buy $ 37,165.20   sel     $41,000.00   [strat=market_expert_value_justifier]
      R 4  buy $ 27,334.87   sel     $39,500.00   [strat=market_expert_value_justifier]
      R 5  buy $  5,158.56   sel     $39,500.00   [strat=market_expert_value_justifier]
      R 6  buy $ 10,082.96   sel     $39,500.00   [strat=market_expert_value_justifier]
      R 7  buy $ 13,198.98   sel     $38,500.00   [strat=market_expert_value_justifier]
      R 8  buy $ 11,031.01   sel     $38,000.00   [strat=market_expert_value_justifier]
      R 9  buy $ 10,738.08   sel     $37,500.00   [strat=market_expert_value_justifier]
      R10  buy $  8,422.79   sel     $37,500.00   [strat=market_expert_value_justifier]
      R11  buy $  1,043.03   sel     $37,500.00   [strat=market_expert_value_justifier]
      R12  buy $ 11,085.07   sel     $37,500.00   [strat=market_expert_value_justifier]
      R13  buy $  7,561.65   sel     $37,000.00   [strat=market_expert_value_justifier]
      R14  buy $  3,384.74   sel     $37,000.00   [strat=market_expert_value_justifier]
      R15  buy $ 27,218.29   sel     $37,000.00   [strat=market_expert_value_justifier]
      R16  buy $ 18,799.59   sel     $37,000.00   [strat=market_expert_value_justifier]
   run 1 done in 8.1 min

   run 2/30 on 2023 Ford Mustang GT Premium  seed=20764421
      R 1  buy $ 31,749.12   sel     $44,500.00   [strat=market_expert_value_justifier] *
      R 2  buy $  5,877.06   sel     $44,000.00   [strat=market_expert_value_justifier]
      R 3  buy $ 37,239.53   sel     $43,500.00   [strat=market_expert_value_justifier]
      R 4  buy $ 27,261.00   sel     $43,500.00   [strat=market_expert_value_justifier]
      R 5  buy $ 41,517.31   sel     $42,500.00   [strat=market_expert_value_justifier]
      R 6  buy $ 10,232.38   sel     $42,250.00   [strat=market_expert_value_justifier]
      R 7  buy $  5,395.17   sel     $42,000.00   [strat=market_expert_value_justifier]
      R 8  buy $ 12,800.80   sel     $42,000.00   [strat=market_expert_value_justifier]
      R 9  buy $ 16,814.50   sel     $41,500.00   [strat=market_expert_value_justifier]
      R10  buy $ 24,433.95   sel     $41,000.00   [strat=market_expert_value_justifier]
      R11  buy $ 10,115.20   sel     $40,500.00   [strat=market_expert_value_justifier]
      R12  buy $ 29,243.07   sel     $40,500.00   [strat=market_expert_value_justifier]
      R13  buy $  2,858.71   sel     $40,000.00   [strat=market_expert_value_justifier]
      R14  buy $  1,839.71   sel     $39,500.00   [strat=market_expert_value_justifier]
      R15  buy $ 32,128.40   sel     $38,000.00   [strat=market_expert_value_justifier]
      R16  buy $ 26,148.17   sel     $37,500.00   [strat=market_expert_value_justifier]
   run 2 done in 10.0 min

   run 3/30 on 2023 Ford Mustang GT Premium  seed=20764422
      R 1  buy $ 28,785.59   sel     $42,500.00   [strat=market_expert_value_justifier] *
      R 2  buy $ 17,094.06   sel     $42,500.00   [strat=market_expert_value_justifier]
      R 3  buy $  5,553.39   sel     $42,500.00   [strat=market_expert_value_justifier]
      R 4  buy $  8,229.03   sel     $42,500.00   [strat=market_expert_value_justifier]
      R 5  buy $ 19,723.44   sel     $42,500.00   [strat=market_expert_value_justifier]
      R 6  buy $ 15,430.65   sel     $42,500.00   [strat=market_expert_value_justifier]
      R 7  buy $ 41,616.99   sel     $42,250.00   [strat=market_expert_value_justifier]
      R 8  buy $  8,074.67   sel     $42,500.00   [strat=market_expert_value_justifier]
      R 9  buy $ 27,315.84   sel     $42,250.00   [strat=market_expert_value_justifier]
      R10  buy $ 20,715.14   sel     $42,000.00   [strat=market_expert_value_justifier]
      R11  buy $ 18,091.11   sel     $42,000.00   [strat=market_expert_value_justifier]
      R12  buy $ 33,936.23   sel     $42,000.00   [strat=market_expert_value_justifier]
      R13  buy $ 17,487.48   sel     $41,500.00   [strat=market_expert_value_justifier]
      R14  buy $ 30,813.15   sel     $41,500.00   [strat=market_expert_value_justifier]
      R15  buy $ 34,814.40   sel     $41,000.00   [strat=market_expert_value_justifier]
      R16  buy $ 21,308.22   sel     $40,500.00   [strat=market_expert_value_justifier]
   run 3 done in 8.8 min

   run 4/30 on 2023 Ford Mustang GT Premium  seed=20764423
      R 1  buy $  3,597.30   sel     $44,500.00   [strat=market_expert_value_justifier] *
      R 2  buy $ 41,879.80   sel     $44,000.00   [strat=market_expert_value_justifier]
      R 3  buy $ 15,427.42   sel     $44,000.00   [strat=market_expert_value_justifier]
      R 4  buy $ 39,896.82   sel     $43,500.00   [strat=market_expert_value_justifier]
      R 5  buy $ 29,263.71   sel     $43,500.00   [strat=market_expert_value_justifier]
      R 6  buy $ 38,155.54   sel     $42,500.00   [strat=market_expert_value_justifier]
      R 7  buy $ 40,789.02   sel     $42,000.00   [strat=market_expert_value_justifier]
      R 8  buy $ 18,454.15   sel     $42,000.00   [strat=market_expert_value_justifier]
      R 9  buy $  8,560.53   sel     $42,000.00   [strat=market_expert_value_justifier]
      R10  buy $ 30,221.45   sel     $41,500.00   [strat=market_expert_value_justifier]
      R11  buy $ 22,440.04   sel     $41,500.00   [strat=market_expert_value_justifier]
      R12  buy $ 30,446.00   sel     $41,000.00   [strat=market_expert_value_justifier]
      R13  buy $ 31,202.83   sel     $40,500.00   [strat=market_expert_value_justifier]
      R14  buy $ 24,845.13   sel     $40,500.00   [strat=market_expert_value_justifier]
      R15  buy $ 39,116.38   sel     $40,000.00   [strat=market_expert_value_justifier]
      R16  buy $ 10,832.50   sel     $40,000.00   [strat=market_expert_value_justifier]
   run 4 done in 7.5 min

   run 5/30 on 2023 Ford Mustang GT Premium  seed=20764424
      R 1  buy $ 18,290.96   sel     $44,995.00   [strat=market_expert_value_justifier] *
      R 2  buy $ 21,726.99   sel     $41,995.00   [strat=market_expert_value_justifier]
      R 3  buy $ 16,565.56   sel     $40,995.00   [strat=market_expert_value_justifier]
      R 4  buy $ 26,542.74   sel     $39,995.00   [strat=market_expert_value_justifier]
      R 5  buy $ 36,497.57   sel     $37,995.00   [strat=market_expert_value_justifier]
      R 6  buy $    485.33   sel     $37,500.00   [strat=market_expert_value_justifier]
      R 7  buy $ 34,645.18   sel     $37,000.00   [strat=market_expert_value_justifier]
      R 8  buy $ 11,750.77   sel     $36,500.00   [strat=market_expert_value_justifier]
      R 9  buy $ 27,863.89   sel     $36,250.00   [strat=market_expert_value_justifier]
      R10  buy $ 31,380.59   sel     $36,000.00   [strat=market_expert_value_justifier]
      R11  buy $  7,800.40   sel     $36,000.00   [strat=market_expert_value_justifier]
      R12  buy $ 32,836.29   sel     $36,000.00   [strat=market_expert_value_justifier]
      R13  buy $ 24,226.64   sel     $36,000.00   [strat=market_expert_value_justifier]
      R14  buy $ 20,693.44   sel     $36,000.00   [strat=market_expert_value_justifier]
      R15  buy $ 32,426.17   sel     $36,000.00   [strat=market_expert_value_justifier]
      R16  buy $ 28,604.16   sel     $36,000.00   [strat=market_expert_value_justifier]
   run 5 done in 8.2 min

   run 6/30 on 2023 Ford Mustang GT Premium  seed=20764425
      R 1  buy $ 30,186.41   sel     $42,500.00   [strat=market_expert_value_justifier] *
      R 2  buy $ 21,811.96   sel     $41,500.00   [strat=market_expert_value_justifier]
      R 3  buy $ 28,711.15   sel     $40,500.00   [strat=market_expert_value_justifier]
      R 4  buy $ 31,300.11   sel     $39,500.00   [strat=market_expert_value_justifier]
      R 5  buy $ 17,963.00   sel     $39,500.00   [strat=market_expert_value_justifier]
      R 6  buy $ 16,572.84   sel     $39,500.00   [strat=market_expert_value_justifier]
      R 7  buy $ 11,010.06   sel     $39,000.00   [strat=market_expert_value_justifier]
      R 8  buy $  7,563.80   sel     $39,000.00   [strat=market_expert_value_justifier]
      R 9  buy $  8,607.67   sel     $38,500.00   [strat=market_expert_value_justifier]
      R10  buy $ 18,274.99   sel     $38,500.00   [strat=market_expert_value_justifier]
      R11  buy $  3,534.72   sel     $38,500.00   [strat=market_expert_value_justifier]
      R12  buy $ 32,398.30   sel     $37,500.00   [strat=market_expert_value_justifier]
      R13  buy $ 14,544.93   sel     $37,000.00   [strat=market_expert_value_justifier]
      R14  buy $ 15,225.88   sel     $36,500.00   [strat=market_expert_value_justifier]
      R15  buy $ 33,624.41   sel     $36,000.00   [strat=market_expert_value_justifier]
      R16  buy $ 14,069.32   sel     $36,000.00   [strat=market_expert_value_justifier]
   run 6 done in 8.1 min

   run 7/30 on 2023 Ford Mustang GT Premium  seed=20764426
      R 1  buy $  2,340.18   sel     $44,500.00   [strat=market_expert_value_justifier] *
      R 2  buy $ 19,809.55   sel     $43,500.00   [strat=market_expert_value_justifier]
      R 3  buy $ 28,034.42   sel     $42,500.00   [strat=market_expert_value_justifier]
      R 4  buy $ 19,273.51   sel     $42,500.00   [strat=market_expert_value_justifier]
      R 5  buy $  7,907.16   sel     $42,500.00   [strat=market_expert_value_justifier]
      R 6  buy $  8,833.53   sel     $42,000.00   [strat=market_expert_value_justifier]
      R 7  buy $  5,151.42   sel     $41,500.00   [strat=market_expert_value_justifier]
      R 8  buy $ 28,736.61   sel     $40,000.00   [strat=market_expert_value_justifier]
      R 9  buy $ 12,506.07   sel     $39,500.00   [strat=market_expert_value_justifier]
      R10  buy $ 21,725.88   sel     $39,000.00   [strat=market_expert_value_justifier]
      R11  buy $  6,389.42   sel     $38,500.00   [strat=market_expert_value_justifier]
      R12  buy $    745.60   sel     $38,000.00   [strat=market_expert_value_justifier]
      R13  buy $ 13,944.19   sel     $37,500.00   [strat=market_expert_value_justifier]
      R14  buy $ 33,719.07   sel     $37,000.00   [strat=market_expert_value_justifier]
      R15  buy $ 18,700.46   sel     $36,500.00   [strat=market_expert_value_justifier]
      R16  buy $ 32,559.42   sel     $36,250.00   [strat=market_expert_value_justifier]
   run 7 done in 9.3 min

   run 8/30 on 2023 Ford Mustang GT Premium  seed=20764427
      R 1  buy $ 43,184.97   sel     $44,995.00   [strat=market_expert_value_justifier] *
      R 2  buy $  1,326.11   sel     $44,995.00   [strat=market_expert_value_justifier]
      R 3  buy $ 28,680.22   sel     $44,995.00   [strat=market_expert_value_justifier]
      R 4  buy $ 17,398.33   sel     $44,995.00   [strat=market_expert_value_justifier]
      R 5  buy $ 11,514.89   sel     $44,900.00   [strat=market_expert_value_justifier]
      R 6  buy $ 39,936.82   sel     $42,500.00   [strat=market_expert_value_justifier]
      R 7  buy $ 27,733.69   sel     $41,900.00   [strat=market_expert_value_justifier]
      R 8  buy $  5,248.81   sel     $41,500.00   [strat=market_expert_value_justifier]
      R 9  buy $ 15,204.72   sel     $41,000.00   [strat=market_expert_value_justifier]
      R10  buy $ 32,045.28   sel     $40,500.00   [strat=market_expert_value_justifier]
      R11  buy $  2,496.10   sel     $40,500.00   [strat=market_expert_value_justifier]
      R12  buy $ 31,392.63   sel     $39,900.00   [strat=market_expert_value_justifier]
      R13  buy $ 20,992.40   sel     $39,500.00   [strat=market_expert_value_justifier]
      R14  buy $ 21,554.05   sel     $39,500.00   [strat=market_expert_value_justifier]
      R15  buy $ 20,792.20   sel     $39,250.00   [strat=market_expert_value_justifier]
      R16  buy $ 36,817.10   sel     $38,500.00   [strat=market_expert_value_justifier]
   run 8 done in 8.8 min

   run 9/30 on 2023 Ford Mustang GT Premium  seed=20764428
      R 1  buy $ 34,609.59   sel     $44,500.00   [strat=market_expert_value_justifier] *
      R 2  buy $ 14,410.19   sel     $44,000.00   [strat=market_expert_value_justifier]
      R 3  buy $ 39,669.94   sel     $43,500.00   [strat=market_expert_value_justifier]
      R 4  buy $ 22,261.15   sel     $43,000.00   [strat=market_expert_value_justifier]
      R 5  buy $ 29,279.46   sel     $42,500.00   [strat=market_expert_value_justifier]
      R 6  buy $ 34,396.12   sel     $41,500.00   [strat=market_expert_value_justifier]
      R 7  buy $ 16,069.31   sel     $41,500.00   [strat=market_expert_value_justifier]
      R 8  buy $ 21,093.32   sel     $41,500.00   [strat=market_expert_value_justifier]
      R 9  buy $ 26,035.56   sel     $41,000.00   [strat=market_expert_value_justifier]
      R10  buy $  1,215.25   sel     $40,500.00   [strat=market_expert_value_justifier]
      R11  buy $ 27,688.17   sel     $40,000.00   [strat=market_expert_value_justifier]
      R12  buy $ 32,339.35   sel     $39,000.00   [strat=market_expert_value_justifier]
      R13  buy $ 35,279.00   sel     $38,000.00   [strat=market_expert_value_justifier]
      R14  buy $ 12,906.02   sel     $37,000.00   [strat=market_expert_value_justifier]
      R15  buy $ 13,854.68   sel     $38,000.00   [strat=market_expert_value_justifier]
      R16  buy $ 13,405.96   sel     $37,500.00   [strat=market_expert_value_justifier]
   run 9 done in 9.2 min

   run 10/30 on 2023 Ford Mustang GT Premium  seed=20764429
      R 1  buy $ 13,816.09   sel     $44,500.00   [strat=market_expert_value_justifier] *
      R 2  buy $ 18,794.23   sel     $43,900.00   [strat=market_expert_value_justifier]
      R 3  buy $ 29,844.64   sel     $42,500.00   [strat=market_expert_value_justifier]
      R 4  buy $ 17,917.35   sel     $41,800.00   [strat=market_expert_value_justifier]
      R 5  buy $ 31,984.30   sel     $41,000.00   [strat=market_expert_value_justifier]
      R 6  buy $ 13,903.84   sel     $40,000.00   [strat=market_expert_value_justifier]
      R 7  buy $ 20,844.28   sel     $39,500.00   [strat=market_expert_value_justifier]
      R 8  buy $ 29,662.81   sel     $39,000.00   [strat=market_expert_value_justifier]
      R 9  buy $ 37,357.35   sel     $38,000.00   [strat=market_expert_value_justifier]
      R10  buy $  6,536.21   sel     $38,000.00   [strat=market_expert_value_justifier]
      R11  buy $ 18,684.44   sel     $38,000.00   [strat=market_expert_value_justifier]
      R12  buy $ 33,677.13   sel     $37,000.00   [strat=market_expert_value_justifier]
      R13  buy $ 18,911.33   sel     $36,500.00   [strat=market_expert_value_justifier]
      R14  buy $ 27,157.54   sel     $36,000.00   [strat=market_expert_value_justifier]
      R15  buy $ 34,333.08   sel     $36,000.00   [strat=market_expert_value_justifier]
      R16  buy $ 26,685.83   sel     $36,000.00   [strat=market_expert_value_justifier]
   run 10 done in 8.6 min

   run 11/30 on 2023 Ford Mustang GT Premium  seed=20764430
      R 1  buy $ 18,453.67   sel     $44,000.00   [strat=market_expert_value_justifier] *
      R 2  buy $ 27,146.76   sel     $42,500.00   [strat=market_expert_value_justifier]
      R 3  buy $ 37,087.78   sel     $40,500.00   [strat=market_expert_value_justifier]
      R 4  buy $  4,855.60   sel     $39,999.00   [strat=market_expert_value_justifier]
      R 5  buy $  7,110.43   sel     $39,999.00   [strat=market_expert_value_justifier]
      R 6  buy $ 19,543.22   sel     $39,500.00   [strat=market_expert_value_justifier]
      R 7  buy $  5,964.56   sel     $39,499.00   [strat=market_expert_value_justifier]
      R 8  buy $  2,119.01   sel     $39,400.00   [strat=market_expert_value_justifier]
      R 9  buy $ 24,129.19   sel     $39,000.00   [strat=market_expert_value_justifier]
      R10  buy $ 26,037.81   sel     $38,500.00   [strat=market_expert_value_justifier]
      R11  buy $ 23,874.17   sel     $38,000.00   [strat=market_expert_value_justifier]
      R12  buy $ 36,053.57   sel     $37,500.00   [strat=market_expert_value_justifier]
      R13  buy $ 12,541.12   sel     $37,250.00   [strat=market_expert_value_justifier]
      R14  buy $ 34,022.84   sel     $36,500.00   [strat=market_expert_value_justifier]
      R15  buy $  5,250.55   sel     $36,500.00   [strat=market_expert_value_justifier]
      R16  buy $ 11,002.32   sel     $36,250.00   [strat=market_expert_value_justifier]
   run 11 done in 7.6 min

   run 12/30 on 2023 Ford Mustang GT Premium  seed=20764431
      R 1  buy $ 31,276.92   sel     $42,995.00   [strat=market_expert_value_justifier] *
      R 2  buy $  8,244.01   sel     $42,995.00   [strat=market_expert_value_justifier]
      R 3  buy $ 33,404.25   sel     $41,500.00   [strat=market_expert_value_justifier]
      R 4  buy $ 25,511.70   sel     $41,500.00   [strat=market_expert_value_justifier]
      R 5  buy $ 34,536.06   sel     $41,000.00   [strat=market_expert_value_justifier]
      R 6  buy $ 16,859.68   sel     $41,000.00   [strat=market_expert_value_justifier]
      R 7  buy $ 33,818.18   sel     $41,000.00   [strat=market_expert_value_justifier]
      R 8  buy $ 38,314.29   sel     $40,500.00   [strat=market_expert_value_justifier]
      R 9  buy $ 13,853.57   sel     $40,500.00   [strat=market_expert_value_justifier]
      R10  buy $ 34,469.05   sel     $39,500.00   [strat=market_expert_value_justifier]
      R11  buy $ 27,149.27   sel     $39,500.00   [strat=market_expert_value_justifier]
      R12  buy $ 17,225.59   sel     $38,500.00   [strat=market_expert_value_justifier]
      R13  buy $ 31,854.65   sel     $38,500.00   [strat=market_expert_value_justifier]
      R14  buy $ 28,245.03   sel     $38,500.00   [strat=market_expert_value_justifier]
      R15  buy $ 31,962.34   sel     $38,500.00   [strat=market_expert_value_justifier]
      R16  buy $  7,247.63   sel     $38,500.00   [strat=market_expert_value_justifier]
   run 12 done in 8.2 min

   run 13/30 on 2023 Ford Mustang GT Premium  seed=20764432
      R 1  buy $ 19,973.47   sel     $44,250.00   [strat=market_expert_value_justifier] *
      R 2  buy $ 15,413.63   sel     $43,500.00   [strat=market_expert_value_justifier]
      R 3  buy $  7,393.76   sel     $43,500.00   [strat=market_expert_value_justifier]
      R 4  buy $ 17,988.59   sel     $43,000.00   [strat=market_expert_value_justifier]
      R 5  buy $ 20,613.29   sel     $43,000.00   [strat=market_expert_value_justifier]
      R 6  buy $ 12,978.63   sel     $43,000.00   [strat=market_expert_value_justifier]
      R 7  buy $ 23,297.05   sel     $42,000.00   [strat=market_expert_value_justifier]
      R 8  buy $ 26,315.84   sel     $42,000.00   [strat=market_expert_value_justifier]
      R 9  buy $ 35,741.83   sel     $41,000.00   [strat=market_expert_value_justifier]
      R10  buy $  1,321.06   sel     $41,000.00   [strat=market_expert_value_justifier]
      R11  buy $ 40,198.62   sel     $40,500.00   [strat=market_expert_value_justifier]
      R12  buy $ 21,368.02   sel     $40,500.00   [strat=market_expert_value_justifier]
      R13  buy $ 11,639.78   sel     $40,000.00   [strat=market_expert_value_justifier]
      R14  buy $  9,266.82   sel     $40,000.00   [strat=market_expert_value_justifier]
      R15  buy $ 16,882.60   sel     $40,000.00   [strat=market_expert_value_justifier]
      R16  buy $ 10,804.59   sel     $40,000.00   [strat=market_expert_value_justifier]
   run 13 done in 9.7 min

   run 14/30 on 2023 Ford Mustang GT Premium  seed=20764433
      R 1  buy $ 23,235.54   sel     $44,500.00   [strat=market_expert_value_justifier] *
      R 2  buy $  2,841.50   sel     $44,200.00   [strat=market_expert_value_justifier]
      R 3  buy $ 34,569.26   sel     $43,500.00   [strat=market_expert_value_justifier]
      R 4  buy $ 18,584.00   sel     $42,500.00   [strat=market_expert_value_justifier]
      R 5  buy $ 21,182.11   sel     $41,500.00   [strat=market_expert_value_justifier]
      R 6  buy $ 34,377.93   sel     $40,000.00   [strat=market_expert_value_justifier]
      R 7  buy $  8,770.09   sel     $40,000.00   [strat=market_expert_value_justifier]
      R 8  buy $ 31,343.55   sel     $39,500.00   [strat=market_expert_value_justifier]
      R 9  buy $ 32,739.27   sel     $38,000.00   [strat=market_expert_value_justifier]
      R10  buy $  5,444.65   sel     $37,500.00   [strat=market_expert_value_justifier]
      R11  buy $ 33,255.92   sel     $37,000.00   [strat=market_expert_value_justifier]
      R12  buy $ 31,478.07   sel     $36,500.00   [strat=market_expert_value_justifier]
      R13  buy $  6,824.40   sel     $36,500.00   [strat=market_expert_value_justifier]
      R14  buy $  9,227.96   sel     $36,500.00   [strat=market_expert_value_justifier]
      R15  buy $ 35,060.22   sel     $36,000.00   [strat=market_expert_value_justifier]
      R16  buy $  9,890.21   sel     $36,000.00   [strat=market_expert_value_justifier]
   run 14 done in 10.2 min

   run 15/30 on 2023 Ford Mustang GT Premium  seed=20764434
      R 1  buy $ 21,341.71   sel     $44,500.00   [strat=market_expert_value_justifier] *
      R 2  buy $  3,953.28   sel     $44,000.00   [strat=market_expert_value_justifier]
      R 3  buy $ 35,591.05   sel     $42,500.00   [strat=market_expert_value_justifier]
      R 4  buy $ 17,328.92   sel     $41,900.00   [strat=market_expert_value_justifier]
      R 5  buy $ 24,361.26   sel     $41,000.00   [strat=market_expert_value_justifier]
      R 6  buy $ 26,770.26   sel     $40,500.00   [strat=market_expert_value_justifier]
      R 7  buy $ 22,076.08   sel     $39,900.00   [strat=market_expert_value_justifier]
      R 8  buy $  7,166.61   sel     $39,900.00   [strat=market_expert_value_justifier]
      R 9  buy $  2,796.27   sel     $39,900.00   [strat=market_expert_value_justifier]
      R10  buy $ 17,930.79   sel     $39,900.00   [strat=market_expert_value_justifier]
      R11  buy $ 29,991.06   sel     $39,500.00   [strat=market_expert_value_justifier]
      R12  buy $ 35,764.74   sel     $38,500.00   [strat=market_expert_value_justifier]
      R13  buy $ 18,603.67   sel     $37,500.00   [strat=market_expert_value_justifier]
      R14  buy $ 14,212.34   sel     $37,500.00   [strat=market_expert_value_justifier]
      R15  buy $  1,493.30   sel     $37,000.00   [strat=market_expert_value_justifier]
      R16  buy $ 27,326.39   sel     $36,500.00   [strat=market_expert_value_justifier]
   run 15 done in 8.5 min

   run 16/30 on 2023 Ford Mustang GT Premium  seed=20764435
      R 1  buy $ 32,448.38   sel     $42,500.00   [strat=market_expert_value_justifier] *
      R 2  buy $ 34,836.11   sel     $41,500.00   [strat=market_expert_value_justifier]
      R 3  buy $ 10,614.68   sel     $40,000.00   [strat=market_expert_value_justifier]
      R 4  buy $ 29,439.04   sel     $39,500.00   [strat=market_expert_value_justifier]
      R 5  buy $  9,262.75   sel     $39,500.00   [strat=market_expert_value_justifier]
      R 6  buy $ 19,157.33   sel     $39,000.00   [strat=market_expert_value_justifier]
      R 7  buy $ 18,504.03   sel     $39,000.00   [strat=market_expert_value_justifier]
      R 8  buy $  6,032.87   sel     $39,000.00   [strat=market_expert_value_justifier]
      R 9  buy $ 29,745.77   sel     $38,500.00   [strat=market_expert_value_justifier]
      R10  buy $ 12,468.36   sel     $38,500.00   [strat=market_expert_value_justifier]
      R11  buy $ 22,402.50   sel     $38,500.00   [strat=market_expert_value_justifier]
      R12  buy $ 12,856.54   sel     $38,500.00   [strat=market_expert_value_justifier]
      R13  buy $ 20,246.33   sel     $38,000.00   [strat=market_expert_value_justifier]
      R14  buy $    119.42   sel     $38,000.00   [strat=market_expert_value_justifier]
      R15  buy $ 19,862.61   sel     $38,000.00   [strat=market_expert_value_justifier]
      R16  buy $ 25,565.67   sel     $38,000.00   [strat=market_expert_value_justifier]
   run 16 done in 6.5 min

   run 17/30 on 2023 Ford Mustang GT Premium  seed=20764436
      R 1  buy $  3,140.26   sel     $44,995.00   [strat=market_expert_value_justifier] *
      R 2  buy $ 17,748.29   sel     $42,500.00   [strat=market_expert_value_justifier]
      R 3  buy $ 35,755.74   sel     $41,500.00   [strat=market_expert_value_justifier]
      R 4  buy $ 14,539.18   sel     $40,500.00   [strat=market_expert_value_justifier]
      R 5  buy $ 31,069.14   sel     $39,500.00   [strat=market_expert_value_justifier]
      R 6  buy $  1,516.06   sel     $39,500.00   [strat=market_expert_value_justifier]
      R 7  buy $  9,101.30   sel     $39,500.00   [strat=market_expert_value_justifier]
      R 8  buy $ 28,975.89   sel     $39,000.00   [strat=market_expert_value_justifier]
      R 9  buy $ 20,819.74   sel     $38,500.00   [strat=market_expert_value_justifier]
      R10  buy $ 17,695.92   sel     $38,500.00   [strat=market_expert_value_justifier]
      R11  buy $ 18,644.99   sel     $38,500.00   [strat=market_expert_value_justifier]
      R12  buy $ 11,858.76   sel     $38,000.00   [strat=market_expert_value_justifier]
      R13  buy $  1,655.02   sel     $38,000.00   [strat=market_expert_value_justifier]
      R14  buy $ 22,539.33   sel     $37,500.00   [strat=market_expert_value_justifier]
      R15  buy $ 30,845.59   sel     $36,500.00   [strat=market_expert_value_justifier]
      R16  buy $ 33,251.95   sel     $36,500.00   [strat=market_expert_value_justifier]
   run 17 done in 8.3 min

   run 18/30 on 2023 Ford Mustang GT Premium  seed=20764437
      R 1  buy $  7,035.55   sel     $44,000.00   [strat=market_expert_value_justifier] *
      R 2  buy $ 38,351.00   sel     $42,500.00   [strat=market_expert_value_justifier]
      R 3  buy $ 41,641.96   sel     $42,000.00   [strat=market_expert_value_justifier]
      R 4  buy $ 32,939.06   sel     $42,000.00   [strat=market_expert_value_justifier]
      R 5  buy $ 19,114.18   sel     $42,000.00   [strat=market_expert_value_justifier]
      R 6  buy $  2,950.44   sel     $42,000.00   [strat=market_expert_value_justifier]
      R 7  buy $  5,782.71   sel     $42,000.00   [strat=market_expert_value_justifier]
      R 8  buy $ 25,133.69   sel     $42,000.00   [strat=market_expert_value_justifier]
      R 9  buy $  6,952.66   sel     $42,000.00   [strat=market_expert_value_justifier]
      R10  buy $ 38,286.55   sel     $40,000.00   [strat=market_expert_value_justifier]
      R11  buy $ 13,738.82   sel     $40,000.00   [strat=market_expert_value_justifier]
      R12  buy $ 30,006.47   sel     $40,000.00   [strat=market_expert_value_justifier]
      R13  buy $ 39,891.07   sel     $40,000.00   [strat=market_expert_value_justifier]
      R14  buy $ 31,831.78   sel     $40,000.00   [strat=market_expert_value_justifier]
      R15  buy $ 16,344.97   sel     $40,000.00   [strat=market_expert_value_justifier]
      R16  buy $ 25,419.98   sel     $40,000.00   [strat=market_expert_value_justifier]
   run 18 done in 6.6 min

   run 19/30 on 2023 Ford Mustang GT Premium  seed=20764438
      R 1  buy $  7,938.79   sel     $44,500.00   [strat=market_expert_value_justifier] *
      R 2  buy $ 38,202.77   sel     $42,800.00   [strat=market_expert_value_justifier]
      R 3  buy $  9,479.81   sel     $42,800.00   [strat=market_expert_value_justifier]
      R 4  buy $ 34,526.02   sel     $41,500.00   [strat=market_expert_value_justifier]
      R 5  buy $ 19,548.20   sel     $41,500.00   [strat=market_expert_value_justifier]
      R 6  buy $ 29,641.31   sel     $40,900.00   [strat=market_expert_value_justifier]
      R 7  buy $ 26,204.51   sel     $40,900.00   [strat=market_expert_value_justifier]
      R 8  buy $ 25,680.27   sel     $40,900.00   [strat=market_expert_value_justifier]
      R 9  buy $ 14,322.57   sel     $40,900.00   [strat=market_expert_value_justifier]
      R10  buy $ 36,083.71   sel     $40,900.00   [strat=market_expert_value_justifier]
      R11  buy $ 37,831.20   sel     $40,000.00   [strat=market_expert_value_justifier]
      R12  buy $ 23,288.81   sel     $39,900.00   [strat=market_expert_value_justifier]
      R13  buy $ 30,225.07   sel     $39,900.00   [strat=market_expert_value_justifier]
      R14  buy $ 37,360.46   sel     $38,500.00   [strat=market_expert_value_justifier]
      R15  buy $ 37,653.27   sel     $38,500.00   [strat=market_expert_value_justifier]
      R16  buy $  9,505.54   sel     $38,500.00   [strat=market_expert_value_justifier]
   run 19 done in 8.9 min

   run 20/30 on 2023 Ford Mustang GT Premium  seed=20764439
      R 1  buy $ 18,797.91   sel     $43,995.00   [strat=market_expert_value_justifier] *
      R 2  buy $ 43,243.51   sel     $43,243.51   [strat=market_expert_value_justifier]
      R 3  buy $ 20,232.16   sel     $42,995.00   [strat=market_expert_value_justifier]
      R 4  buy $  8,018.45   sel     $42,500.00   [strat=market_expert_value_justifier]
      R 5  buy $ 31,095.93   sel     $42,000.00   [strat=market_expert_value_justifier]
      R 6  buy $ 10,483.01   sel     $41,000.00   [strat=market_expert_value_justifier]
      R 7  buy $  4,607.16   sel     $40,000.00   [strat=market_expert_value_justifier]
      R 8  buy $  9,154.04   sel     $39,900.00   [strat=market_expert_value_justifier]
      R 9  buy $ 18,165.85   sel     $39,500.00   [strat=market_expert_value_justifier]
      R10  buy $ 25,393.38   sel     $38,500.00   [strat=market_expert_value_justifier]
      R11  buy $ 17,675.43   sel     $38,000.00   [strat=market_expert_value_justifier]
      R12  buy $ 14,479.64   sel     $37,500.00   [strat=market_expert_value_justifier]
      R13  buy $ 30,691.93   sel     $37,000.00   [strat=market_expert_value_justifier]
      R14  buy $ 27,091.54   sel     $36,500.00   [strat=market_expert_value_justifier]
      R15  buy $  2,255.40   sel     $36,250.00   [strat=market_expert_value_justifier]
      R16  buy $  9,167.13   sel     $36,250.00   [strat=market_expert_value_justifier]
   run 20 done in 8.6 min

   run 21/30 on 2023 Ford Mustang GT Premium  seed=20764440
      R 1  buy $ 38,884.81   sel     $43,500.00   [strat=market_expert_value_justifier] *
      R 2  buy $ 37,755.60   sel     $42,750.00   [strat=market_expert_value_justifier]
      R 3  buy $  1,672.04   sel     $42,000.00   [strat=market_expert_value_justifier]
      R 4  buy $ 11,471.59   sel     $42,000.00   [strat=market_expert_value_justifier]
      R 5  buy $ 12,267.58   sel     $41,750.00   [strat=market_expert_value_justifier]
      R 6  buy $ 25,204.50   sel     $41,500.00   [strat=market_expert_value_justifier]
      R 7  buy $ 27,278.08   sel     $41,250.00   [strat=market_expert_value_justifier]
      R 8  buy $ 22,034.01   sel     $41,250.00   [strat=market_expert_value_justifier]
      R 9  buy $ 21,414.07   sel     $41,250.00   [strat=market_expert_value_justifier]
      R10  buy $  6,329.90   sel     $41,000.00   [strat=market_expert_value_justifier]
      R11  buy $ 18,279.56   sel     $40,500.00   [strat=market_expert_value_justifier]
      R12  buy $ 37,942.83   sel     $40,000.00   [strat=market_expert_value_justifier]
      R13  buy $  1,760.13   sel     $39,500.00   [strat=market_expert_value_justifier]
      R14  buy $ 27,992.21   sel     $39,000.00   [strat=market_expert_value_justifier]
      R15  buy $ 37,178.22   sel     $38,500.00   [strat=market_expert_value_justifier]
      R16  buy $ 22,981.72   sel     $38,000.00   [strat=market_expert_value_justifier]
   run 21 done in 7.5 min

   run 22/30 on 2023 Ford Mustang GT Premium  seed=20764441
      R 1  buy $ 10,457.26   sel     $44,000.00   [strat=market_expert_value_justifier] *
      R 2  buy $ 18,624.60   sel     $42,500.00   [strat=market_expert_value_justifier]
      R 3  buy $ 21,081.80   sel     $41,500.00   [strat=market_expert_value_justifier]
      R 4  buy $ 40,849.34   sel     $41,000.00   [strat=market_expert_value_justifier]
      R 5  buy $  2,403.61   sel     $41,000.00   [strat=market_expert_value_justifier]
      R 6  buy $ 18,191.00   sel     $41,000.00   [strat=market_expert_value_justifier]
      R 7  buy $  4,935.90   sel     $41,000.00   [strat=market_expert_value_justifier]
      R 8  buy $ 25,163.40   sel     $41,000.00   [strat=market_expert_value_justifier]
      R 9  buy $ 30,166.44   sel     $41,000.00   [strat=market_expert_value_justifier]
      R10  buy $ 17,048.68   sel     $41,000.00   [strat=market_expert_value_justifier]
      R11  buy $ 15,488.52   sel     $41,000.00   [strat=market_expert_value_justifier]
      R12  buy $ 15,130.97   sel     $41,000.00   [strat=market_expert_value_justifier]
      R13  buy $ 26,930.36   sel     $41,000.00   [strat=market_expert_value_justifier]
      R14  buy $ 31,993.26   sel     $41,000.00   [strat=market_expert_value_justifier]
      R15  buy $ 14,172.49   sel     $41,000.00   [strat=market_expert_value_justifier]
      R16  buy $  9,799.01   sel     $41,000.00   [strat=market_expert_value_justifier]
   run 22 done in 7.4 min

   run 23/30 on 2023 Ford Mustang GT Premium  seed=20764442
      R 1  buy $ 28,939.18   sel     $42,499.00   [strat=market_expert_value_justifier] *
      R 2  buy $ 14,177.18   sel     $42,499.00   [strat=market_expert_value_justifier]
      R 3  buy $  6,307.53   sel     $41,999.00   [strat=market_expert_value_justifier]
      R 4  buy $ 38,407.97   sel     $41,499.00   [strat=market_expert_value_justifier]
      R 5  buy $  4,783.92   sel     $41,499.00   [strat=market_expert_value_justifier]
      R 6  buy $ 15,619.06   sel     $41,299.00   [strat=market_expert_value_justifier]
      R 7  buy $  5,067.09   sel     $41,000.00   [strat=market_expert_value_justifier]
      R 8  buy $ 17,799.53   sel     $40,999.00   [strat=market_expert_value_justifier]
      R 9  buy $ 11,341.97   sel     $40,500.00   [strat=market_expert_value_justifier]
      R10  buy $  3,065.62   sel     $40,000.00   [strat=market_expert_value_justifier]
      R11  buy $ 36,654.63   sel     $38,500.00   [strat=market_expert_value_justifier]
      R12  buy $ 28,662.83   sel     $38,000.00   [strat=market_expert_value_justifier]
      R13  buy $ 19,272.60   sel     $37,500.00   [strat=market_expert_value_justifier]
      R14  buy $  6,202.66   sel     $37,000.00   [strat=market_expert_value_justifier]
      R15  buy $ 25,771.54   sel     $36,500.00   [strat=market_expert_value_justifier]
      R16  buy $ 28,367.45   sel     $36,000.00   [strat=market_expert_value_justifier]
   run 23 done in 8.1 min

   run 24/30 on 2023 Ford Mustang GT Premium  seed=20764443
      R 1  buy $ 32,203.05   sel     $42,500.00   [strat=market_expert_value_justifier] *
      R 2  buy $  8,485.01   sel     $41,000.00   [strat=market_expert_value_justifier]
      R 3  buy $ 31,293.89   sel     $39,500.00   [strat=market_expert_value_justifier]
      R 4  buy $ 16,304.16   sel     $38,500.00   [strat=market_expert_value_justifier]
      R 5  buy $ 13,387.04   sel     $38,500.00   [strat=market_expert_value_justifier]
      R 6  buy $  4,337.28   sel     $38,500.00   [strat=market_expert_value_justifier]
      R 7  buy $ 35,995.78   sel     $38,500.00   [strat=market_expert_value_justifier]
      R 8  buy $ 23,783.97   sel     $38,500.00   [strat=market_expert_value_justifier]
      R 9  buy $ 13,897.53   sel     $38,500.00   [strat=market_expert_value_justifier]
      R10  buy $ 21,916.48   sel     $38,500.00   [strat=market_expert_value_justifier]
      R11  buy $ 17,983.56   sel     $38,500.00   [strat=market_expert_value_justifier]
      R12  buy $ 10,006.76   sel     $38,500.00   [strat=market_expert_value_justifier]
      R13  buy $ 15,144.61   sel     $38,500.00   [strat=market_expert_value_justifier]
      R14  buy $ 29,171.17   sel     $38,000.00   [strat=market_expert_value_justifier]
      R15  buy $ 12,509.53   sel     $38,000.00   [strat=market_expert_value_justifier]
      R16  buy $  2,386.69   sel     $38,000.00   [strat=market_expert_value_justifier]
   run 24 done in 5.7 min

   run 25/30 on 2023 Ford Mustang GT Premium  seed=20764444
      R 1  buy $ 43,924.88   sel     $45,995.00   [strat=market_expert_value_justifier] *
      R 2  buy $ 32,456.13   sel     $45,500.00   [strat=market_expert_value_justifier]
      R 3  buy $ 44,036.97   sel     $44,800.00   [strat=market_expert_value_justifier]
      R 4  buy $ 24,074.69   sel     $44,500.00   [strat=market_expert_value_justifier]
      R 5  buy $ 24,301.28   sel     $44,250.00   [strat=market_expert_value_justifier]
      R 6  buy $ 37,093.39   sel     $43,000.00   [strat=market_expert_value_justifier]
      R 7  buy $ 15,266.97   sel     $42,500.00   [strat=market_expert_value_justifier]
      R 8  buy $  1,491.57   sel     $42,000.00   [strat=market_expert_value_justifier]
      R 9  buy $ 10,910.48   sel     $42,000.00   [strat=market_expert_value_justifier]
      R10  buy $ 36,159.19   sel     $42,000.00   [strat=market_expert_value_justifier]
      R11  buy $  2,067.55   sel     $42,000.00   [strat=market_expert_value_justifier]
      R12  buy $ 11,945.16   sel     $42,000.00   [strat=market_expert_value_justifier]
      R13  buy $ 37,931.04   sel     $41,500.00   [strat=market_expert_value_justifier]
      R14  buy $ 18,421.51   sel     $41,500.00   [strat=market_expert_value_justifier]
      R15  buy $ 35,893.88   sel     $40,000.00   [strat=market_expert_value_justifier]
      R16  buy $ 12,588.17   sel     $40,000.00   [strat=market_expert_value_justifier]
   run 25 done in 7.3 min

   run 26/30 on 2023 Ford Mustang GT Premium  seed=20764445
      R 1  buy $  5,656.74   sel     $44,500.00   [strat=market_expert_value_justifier] *
      R 2  buy $ 38,304.64   sel     $42,500.00   [strat=market_expert_value_justifier]
      R 3  buy $ 28,296.85   sel     $42,000.00   [strat=market_expert_value_justifier]
      R 4  buy $ 15,640.46   sel     $42,000.00   [strat=market_expert_value_justifier]
      R 5  buy $  2,872.64   sel     $42,000.00   [strat=market_expert_value_justifier]
      R 6  buy $ 40,785.68   sel     $41,500.00   [strat=market_expert_value_justifier]
      R 7  buy $ 33,159.11   sel     $40,500.00   [strat=market_expert_value_justifier]
      R 8  buy $  8,784.75   sel     $40,500.00   [strat=market_expert_value_justifier]
      R 9  buy $ 33,443.31   sel     $40,000.00   [strat=market_expert_value_justifier]
      R10  buy $ 32,649.09   sel     $39,500.00   [strat=market_expert_value_justifier]
      R11  buy $ 28,002.88   sel     $39,000.00   [strat=market_expert_value_justifier]
      R12  buy $ 22,471.45   sel     $39,000.00   [strat=market_expert_value_justifier]
      R13  buy $ 11,557.09   sel     $38,500.00   [strat=market_expert_value_justifier]
      R14  buy $ 11,325.93   sel     $38,000.00   [strat=market_expert_value_justifier]
      R15  buy $  9,021.77   sel     $38,000.00   [strat=market_expert_value_justifier]
      R16  buy $ 14,877.62   sel     $37,500.00   [strat=market_expert_value_justifier]
   run 26 done in 7.1 min

   run 27/30 on 2023 Ford Mustang GT Premium  seed=20764446
      R 1  buy $ 18,781.78   sel     $42,999.00   [strat=market_expert_value_justifier] *
      R 2  buy $ 23,580.53   sel     $42,000.00   [strat=market_expert_value_justifier]
      R 3  buy $ 39,966.83   sel     $41,500.00   [strat=market_expert_value_justifier]
      R 4  buy $ 22,943.27   sel     $41,500.00   [strat=market_expert_value_justifier]
      R 5  buy $ 16,559.18   sel     $41,500.00   [strat=market_expert_value_justifier]
      R 6  buy $  4,841.78   sel     $41,500.00   [strat=market_expert_value_justifier]
      R 7  buy $ 38,621.08   sel     $40,500.00   [strat=market_expert_value_justifier]
      R 8  buy $ 39,689.34   sel     $40,000.00   [strat=market_expert_value_justifier]
      R 9  buy $ 18,417.15   sel     $40,000.00   [strat=market_expert_value_justifier]
      R10  buy $ 25,267.61   sel     $40,000.00   [strat=market_expert_value_justifier]
      R11  buy $ 34,311.80   sel     $39,500.00   [strat=market_expert_value_justifier]
      R12  buy $ 12,351.84   sel     $39,500.00   [strat=market_expert_value_justifier]
      R13  buy $  2,530.44   sel     $39,500.00   [strat=market_expert_value_justifier]
      R14  buy $ 28,466.37   sel     $39,500.00   [strat=market_expert_value_justifier]
      R15  buy $ 14,300.61   sel     $39,500.00   [strat=market_expert_value_justifier]
      R16  buy $  7,856.14   sel     $39,500.00   [strat=market_expert_value_justifier]
   run 27 done in 6.1 min

   run 28/30 on 2023 Ford Mustang GT Premium  seed=20764447
      R 1  buy $ 38,921.69   sel     $44,500.00   [strat=market_expert_value_justifier] *
      R 2  buy $ 39,153.40   sel     $44,000.00   [strat=market_expert_value_justifier]
      R 3  buy $ 24,819.70   sel     $43,500.00   [strat=market_expert_value_justifier]
      R 4  buy $ 35,009.96   sel     $42,000.00   [strat=market_expert_value_justifier]
      R 5  buy $ 21,718.55   sel     $42,000.00   [strat=market_expert_value_justifier]
      R 6  buy $ 17,876.79   sel     $41,500.00   [strat=market_expert_value_justifier]
      R 7  buy $ 28,077.86   sel     $41,000.00   [strat=market_expert_value_justifier]
      R 8  buy $  3,865.81   sel     $41,000.00   [strat=market_expert_value_justifier]
      R 9  buy $ 12,444.11   sel     $41,000.00   [strat=market_expert_value_justifier]
      R10  buy $ 20,613.94   sel     $40,500.00   [strat=market_expert_value_justifier]
      R11  buy $ 13,810.93   sel     $40,000.00   [strat=market_expert_value_justifier]
      R12  buy $ 30,238.54   sel     $39,000.00   [strat=market_expert_value_justifier]
      R13  buy $ 34,786.58   sel     $38,500.00   [strat=market_expert_value_justifier]
      R14  buy $ 35,385.19   sel     $38,000.00   [strat=market_expert_value_justifier]
      R15  buy $  6,623.33   sel     $38,000.00   [strat=market_expert_value_justifier]
      R16  buy $ 12,510.54   sel     $37,500.00   [strat=market_expert_value_justifier]
   run 28 done in 8.1 min

   run 29/30 on 2023 Ford Mustang GT Premium  seed=20764448
      R 1  buy $ 38,268.72   sel     $42,500.00   [strat=market_expert_value_justifier] *
      R 2  buy $ 37,901.00   sel     $41,900.00   [strat=market_expert_value_justifier]
      R 3  buy $ 16,303.84   sel     $41,000.00   [strat=market_expert_value_justifier]
      R 4  buy $ 26,313.42   sel     $40,500.00   [strat=market_expert_value_justifier]
      R 5  buy $ 12,654.14   sel     $40,500.00   [strat=market_expert_value_justifier]
      R 6  buy $ 22,134.98   sel     $40,000.00   [strat=market_expert_value_justifier]
      R 7  buy $ 37,691.10   sel     $39,500.00   [strat=market_expert_value_justifier]
      R 8  buy $ 29,952.50   sel     $39,500.00   [strat=market_expert_value_justifier]
      R 9  buy $ 24,952.58   sel     $38,500.00   [strat=market_expert_value_justifier]
      R10  buy $  2,917.87   sel     $38,000.00   [strat=market_expert_value_justifier]
      R11  buy $  2,774.23   sel     $38,000.00   [strat=market_expert_value_justifier]
      R12  buy $ 29,033.04   sel     $37,500.00   [strat=market_expert_value_justifier]
      R13  buy $ 10,215.69   sel     $37,000.00   [strat=market_expert_value_justifier]
      R14  buy $ 17,824.47   sel     $37,000.00   [strat=market_expert_value_justifier]
      R15  buy $ 35,800.50   sel     $36,500.00   [strat=market_expert_value_justifier]
      R16  buy $ 12,733.99   sel     $36,250.00   [strat=market_expert_value_justifier]
   run 29 done in 7.1 min

   run 30/30 on 2023 Ford Mustang GT Premium  seed=20764449
      R 1  buy $ 21,012.19   sel     $43,500.00   [strat=market_expert_value_justifier] *
      R 2  buy $ 23,987.39   sel     $43,500.00   [strat=market_expert_value_justifier]
      R 3  buy $ 30,699.67   sel     $42,500.00   [strat=market_expert_value_justifier]
      R 4  buy $  5,937.07   sel     $42,000.00   [strat=market_expert_value_justifier]
      R 5  buy $ 35,065.74   sel     $41,500.00   [strat=market_expert_value_justifier]
      R 6  buy $  8,823.98   sel     $41,500.00   [strat=market_expert_value_justifier]
      R 7  buy $  1,816.81   sel     $41,000.00   [strat=market_expert_value_justifier]
      R 8  buy $ 22,940.00   sel     $40,750.00   [strat=market_expert_value_justifier]
      R 9  buy $ 37,424.57   sel     $40,250.00   [strat=market_expert_value_justifier]
      R10  buy $  9,279.67   sel     $40,000.00   [strat=market_expert_value_justifier]
      R11  buy $  5,733.99   sel     $40,000.00   [strat=market_expert_value_justifier]
      R12  buy $ 19,767.86   sel     $39,900.00   [strat=market_expert_value_justifier]
      R13  buy $ 38,461.19   sel     $39,500.00   [strat=market_expert_value_justifier]
      R14  buy $ 33,040.73   sel     $39,250.00   [strat=market_expert_value_justifier]
      R15  buy $  9,335.71   sel     $39,000.00   [strat=market_expert_value_justifier]
      R16  buy $ 32,704.11   sel     $38,500.00   [strat=market_expert_value_justifier]
   run 30 done in 5.7 min

   ---> checkpoint: car 5/5 done in 239.9 min; total so far 1117.7 min; saved 150 runs to exp05_fixed_market_expert_value_justifier.json

=== FINISH exp05_fixed_market_expert_value_justifier in 18.63 h (150 runs) -> results\exp05_fixed_market_expert_value_justifier.json ===
