=== START exp04_fixed_opponent_aware_diagnostic ===
    pid         : 11152
    hostname    : LAPTOP-B4TE0NRA
    state_file  : state\exp04_fixed_opponent_aware_diagnostic.state.json
    schedule    : fixed__opponent_aware_diagnostic
    adaptive    : False  (switches=[])
    n_rounds    : 16
    n_cars      : 5
    runs/car    : 30
    total runs  : 150  (total calls: 2400)
    model       : deepseek-reasoner  at https://api.deepseek.com
    base_seed   : 20260420
    output      : results\exp04_fixed_opponent_aware_diagnostic.json

--- CAR 1/5: 2014 Mercedes-Benz S550  (M=$96,000.00  cost=$19,000.00  cost/M=19.79%) ---

   run 1/30 on 2014 Mercedes-Benz S550  seed=20660420
      R 1  buy $ 68,340.31   sel     $79,950.00   [strat=opponent_aware_diagnostic] *
      R 2  buy $ 58,746.65   sel     $77,500.00   [strat=opponent_aware_diagnostic]
      R 3  buy $ 41,322.41   sel     $75,000.00   [strat=opponent_aware_diagnostic]
      R 4  buy $ 50,204.58   sel     $73,500.00   [strat=opponent_aware_diagnostic]
      R 5  buy $  4,966.31   sel     $73,500.00   [strat=opponent_aware_diagnostic]
      R 6  buy $ 11,278.86   sel     $72,000.00   [strat=opponent_aware_diagnostic]
      R 7  buy $  1,876.53   sel     $72,000.00   [strat=opponent_aware_diagnostic]
      R 8  buy $ 49,942.55   sel     $65,000.00   [strat=opponent_aware_diagnostic]
      R 9  buy $ 50,107.51   sel     $62,500.00   [strat=opponent_aware_diagnostic]
      R10  buy $ 25,983.24   sel     $59,995.00   [strat=opponent_aware_diagnostic]
      R11  buy $ 58,502.97   sel     $58,502.97   [strat=opponent_aware_diagnostic]
      R12  buy $ 32,048.71   sel     $55,000.00   [strat=opponent_aware_diagnostic]
      R13  buy $ 28,676.49   sel     $45,000.00   [strat=opponent_aware_diagnostic]
      R14  buy $ 12,669.13   sel     $42,000.00   [strat=opponent_aware_diagnostic]
      R15  buy $ 24,461.81   sel     $38,000.00   [strat=opponent_aware_diagnostic]
      R16  buy $  2,438.90   sel     $35,000.00   [strat=opponent_aware_diagnostic]
   run 1 done in 8.9 min

   run 2/30 on 2014 Mercedes-Benz S550  seed=20660421
      R 1  buy $ 80,185.00   sel     $90,000.00   [strat=opponent_aware_diagnostic] *
      R 2  buy $ 52,320.92   sel     $78,000.00   [strat=opponent_aware_diagnostic]
      R 3  buy $  3,886.45   sel     $78,000.00   [strat=opponent_aware_diagnostic]
      R 4  buy $ 76,372.50   sel     $77,186.25   [strat=opponent_aware_diagnostic]
      R 5  buy $ 49,396.91   sel     $77,186.25   [strat=opponent_aware_diagnostic]
      R 6  buy $  8,780.79   sel     $75,000.00   [strat=opponent_aware_diagnostic]
      R 7  buy $  8,745.40   sel     $74,500.00   [strat=opponent_aware_diagnostic]
      R 8  buy $ 68,153.90   sel     $71,500.00   [strat=opponent_aware_diagnostic]
      R 9  buy $  4,440.43   sel     $73,500.00   [strat=opponent_aware_diagnostic]
      R10  buy $ 15,310.05   sel     $70,000.00   [strat=opponent_aware_diagnostic]
      R11  buy $  7,854.43   sel     $65,000.00   [strat=opponent_aware_diagnostic]
      R12  buy $  6,691.42   sel     $63,000.00   [strat=opponent_aware_diagnostic]
      R13  buy $ 55,196.73   sel     $60,000.00   [strat=opponent_aware_diagnostic]
      R14  buy $ 28,713.73   sel     $45,000.00   [strat=opponent_aware_diagnostic]
      R15  buy $  5,277.20   sel     $35,000.00   [strat=opponent_aware_diagnostic]
      R16  buy $  5,786.18   sel     $25,000.00   [strat=opponent_aware_diagnostic]
   run 2 done in 8.3 min

   run 3/30 on 2014 Mercedes-Benz S550  seed=20660422
      R 1  buy $ 42,688.87   sel     $55,000.00   [strat=opponent_aware_diagnostic] *
      R 2  buy $ 46,902.23   sel     $52,500.00   [strat=opponent_aware_diagnostic]
      R 3  buy $ 25,567.91   sel     $50,000.00   [strat=opponent_aware_diagnostic]
      R 4  buy $ 46,047.78   sel     $48,500.00   [strat=opponent_aware_diagnostic]
      R 5  buy $ 13,958.38   sel     $47,000.00   [strat=opponent_aware_diagnostic]
      R 6  buy $  3,358.61   sel     $46,500.00   [strat=opponent_aware_diagnostic]
      R 7  buy $ 17,917.43   sel     $45,000.00   [strat=opponent_aware_diagnostic]
      R 8  buy $ 15,615.94   sel     $44,000.00   [strat=opponent_aware_diagnostic]
      R 9  buy $    493.29   sel     $44,000.00   [strat=opponent_aware_diagnostic]
      R10  buy $  5,700.68   sel     $44,000.00   [strat=opponent_aware_diagnostic]
      R11  buy $  1,359.51   sel     $44,000.00   [strat=opponent_aware_diagnostic]
      R12  buy $ 18,922.82   sel     $42,500.00   [strat=opponent_aware_diagnostic]
      R13  buy $ 17,441.90   sel     $40,000.00   [strat=opponent_aware_diagnostic]
      R14  buy $  5,919.11   sel     $39,000.00   [strat=opponent_aware_diagnostic]
      R15  buy $ 15,060.32   sel     $38,000.00   [strat=opponent_aware_diagnostic]
      R16  buy $  1,793.93   sel     $37,000.00   [strat=opponent_aware_diagnostic]
   run 3 done in 8.8 min

   run 4/30 on 2014 Mercedes-Benz S550  seed=20660423
      R 1  buy $ 45,065.20   sel     $49,500.00   [strat=opponent_aware_diagnostic] *
      R 2  buy $ 39,315.53   sel     $47,500.00   [strat=opponent_aware_diagnostic]
      R 3  buy $  8,447.39   sel     $46,000.00   [strat=opponent_aware_diagnostic]
      R 4  buy $ 19,060.62   sel     $19,500.00   [strat=opponent_aware_diagnostic]
      R 5  buy $ 14,418.01   sel     $19,200.00   [strat=opponent_aware_diagnostic]
      R 6  buy $  6,420.06   sel     $19,200.00   [strat=opponent_aware_diagnostic]
      R 7  buy $ 16,644.28   sel     $19,200.00   [strat=opponent_aware_diagnostic]
      R 8  buy $  4,528.42   sel     $19,200.00   [strat=opponent_aware_diagnostic]
      R 9  buy $ 18,240.51   sel     $19,100.00   [strat=opponent_aware_diagnostic]
      R10  buy $ 16,127.96   sel     $19,000.00   [strat=opponent_aware_diagnostic]
      R11  buy $ 14,866.68   sel     $19,000.00   [strat=opponent_aware_diagnostic]
      R12  buy $  1,944.30   sel     $19,000.00   [strat=opponent_aware_diagnostic]
      R13  buy $  5,395.86   sel     $19,000.00   [strat=opponent_aware_diagnostic]
      R14  buy $ 18,830.64   sel     $19,000.00   [strat=opponent_aware_diagnostic]
      R15  buy $  9,944.34   sel     $19,000.00   [strat=opponent_aware_diagnostic]
      R16  buy $  4,004.50   sel     $19,000.00   [strat=opponent_aware_diagnostic]
   run 4 done in 9.3 min

   run 5/30 on 2014 Mercedes-Benz S550  seed=20660424
      R 1  buy $ 25,919.43   sel     $30,995.00   [strat=opponent_aware_diagnostic] *
      R 2  buy $ 30,803.79   sel     $30,895.00   [strat=opponent_aware_diagnostic]
      R 3  buy $  2,935.31   sel     $30,500.00   [strat=opponent_aware_diagnostic]
      R 4  buy $ 27,424.74   sel     $29,995.00   [strat=opponent_aware_diagnostic]
      R 5  buy $ 21,139.52   sel     $28,500.00   [strat=opponent_aware_diagnostic]
      R 6  buy $  2,739.12   sel     $27,500.00   [strat=opponent_aware_diagnostic]
      R 7  buy $ 15,392.56   sel     $26,500.00   [strat=opponent_aware_diagnostic]
      R 8  buy $ 25,804.97   sel     $25,995.00   [strat=opponent_aware_diagnostic]
      R 9  buy $  9,741.74   sel     $25,500.00   [strat=opponent_aware_diagnostic]
      R10  buy $ 14,470.29   sel     $24,500.00   [strat=opponent_aware_diagnostic]
      R11  buy $  8,363.83   sel     $23,500.00   [strat=opponent_aware_diagnostic]
      R12  buy $  6,936.86   sel     $22,500.00   [strat=opponent_aware_diagnostic]
      R13  buy $ 18,117.48   sel     $21,500.00   [strat=opponent_aware_diagnostic]
      R14  buy $ 13,983.15   sel     $20,000.00   [strat=opponent_aware_diagnostic]
      R15  buy $ 11,205.02   sel     $19,500.00   [strat=opponent_aware_diagnostic]
      R16  buy $  8,215.69   sel     $19,500.00   [strat=opponent_aware_diagnostic]
   run 5 done in 7.9 min

   run 6/30 on 2014 Mercedes-Benz S550  seed=20660425
      R 1  buy $    885.93   sel     $28,500.00   [strat=opponent_aware_diagnostic] *
      R 2  buy $  2,684.78   sel     $27,500.00   [strat=opponent_aware_diagnostic]
      R 3  buy $  4,372.22   sel     $27,500.00   [strat=opponent_aware_diagnostic]
      R 4  buy $  2,339.90   sel     $27,500.00   [strat=opponent_aware_diagnostic]
      R 5  buy $ 27,362.50   sel     $27,362.50   [strat=opponent_aware_diagnostic]
      R 6  buy $ 16,950.70   sel     $27,000.00   [strat=opponent_aware_diagnostic]
      R 7  buy $ 13,334.38   sel     $27,000.00   [strat=opponent_aware_diagnostic]
      R 8  buy $ 24,023.86   sel     $26,500.00   [strat=opponent_aware_diagnostic]
      R 9  buy $ 22,382.46   sel     $26,500.00   [strat=opponent_aware_diagnostic]
      R10  buy $ 10,345.97   sel     $25,500.00   [strat=opponent_aware_diagnostic]
      R11  buy $  3,833.54   sel     $25,500.00   [strat=opponent_aware_diagnostic]
      R12  buy $  8,856.15   sel     $25,500.00   [strat=opponent_aware_diagnostic]
      R13  buy $ 22,481.66   sel     $25,000.00   [strat=opponent_aware_diagnostic]
      R14  buy $ 21,738.65   sel     $24,500.00   [strat=opponent_aware_diagnostic]
      R15  buy $ 22,564.82   sel     $24,000.00   [strat=opponent_aware_diagnostic]
      R16  buy $ 18,967.27   sel     $23,500.00   [strat=opponent_aware_diagnostic]
   run 6 done in 7.7 min

   run 7/30 on 2014 Mercedes-Benz S550  seed=20660426
      R 1  buy $ 39,226.54   sel     $55,000.00   [strat=opponent_aware_diagnostic] *
      R 2  buy $ 13,951.65   sel     $52,000.00   [strat=opponent_aware_diagnostic]
      R 3  buy $ 16,966.88   sel     $50,000.00   [strat=opponent_aware_diagnostic]
      R 4  buy $ 46,250.24   sel     $48,000.00   [strat=opponent_aware_diagnostic]
      R 5  buy $ 42,428.83   sel     $45,000.00   [strat=opponent_aware_diagnostic]
      R 6  buy $  7,473.99   sel     $45,000.00   [strat=opponent_aware_diagnostic]
      R 7  buy $ 16,962.27   sel     $43,000.00   [strat=opponent_aware_diagnostic]
      R 8  buy $ 40,296.65   sel     $41,950.00   [strat=opponent_aware_diagnostic]
      R 9  buy $ 34,911.14   sel     $38,500.00   [strat=opponent_aware_diagnostic]
      R10  buy $ 15,448.50   sel     $38,500.00   [strat=opponent_aware_diagnostic]
      R11  buy $ 18,479.52   sel     $36,500.00   [strat=opponent_aware_diagnostic]
      R12  buy $  1,070.21   sel     $35,000.00   [strat=opponent_aware_diagnostic]
      R13  buy $ 24,878.57   sel     $32,500.00   [strat=opponent_aware_diagnostic]
      R14  buy $ 15,525.75   sel     $30,000.00   [strat=opponent_aware_diagnostic]
      R15  buy $ 15,056.37   sel     $27,000.00   [strat=opponent_aware_diagnostic]
      R16  buy $    875.51   sel     $25,000.00   [strat=opponent_aware_diagnostic]
   run 7 done in 11.1 min

   run 8/30 on 2014 Mercedes-Benz S550  seed=20660427
      R 1  buy $ 31,676.49   sel     $39,900.00   [strat=opponent_aware_diagnostic] *
      R 2  buy $  6,552.12   sel     $38,500.00   [strat=opponent_aware_diagnostic]
      R 3  buy $  7,726.85   sel     $38,500.00   [strat=opponent_aware_diagnostic]
      R 4  buy $ 16,163.05   sel     $34,900.00   [strat=opponent_aware_diagnostic]
      R 5  buy $ 20,113.73   sel     $32,900.00   [strat=opponent_aware_diagnostic]
      R 6  buy $ 28,962.46   sel     $30,900.00   [strat=opponent_aware_diagnostic]
      R 7  buy $ 14,457.88   sel     $29,500.00   [strat=opponent_aware_diagnostic]
      R 8  buy $ 12,095.90   sel     $29,500.00   [strat=opponent_aware_diagnostic]
      R 9  buy $  8,116.43   sel     $29,500.00   [strat=opponent_aware_diagnostic]
      R10  buy $  4,967.73   sel     $29,500.00   [strat=opponent_aware_diagnostic]
      R11  buy $ 20,032.19   sel     $27,900.00   [strat=opponent_aware_diagnostic]
      R12  buy $     22.38   sel     $26,500.00   [strat=opponent_aware_diagnostic]
      R13  buy $ 11,241.82   sel     $25,900.00   [strat=opponent_aware_diagnostic]
      R14  buy $  1,501.84   sel     $24,900.00   [strat=opponent_aware_diagnostic]
      R15  buy $  3,429.69   sel     $23,900.00   [strat=opponent_aware_diagnostic]
      R16  buy $ 21,098.72   sel     $22,500.00   [strat=opponent_aware_diagnostic]
   run 8 done in 10.5 min

   run 9/30 on 2014 Mercedes-Benz S550  seed=20660428
      R 1  buy $ 49,448.90   sel     $55,000.00   [strat=opponent_aware_diagnostic] *
      R 2  buy $ 35,414.80   sel     $54,500.00   [strat=opponent_aware_diagnostic]
      R 3  buy $ 34,060.96   sel     $53,900.00   [strat=opponent_aware_diagnostic]
      R 4  buy $  6,528.06   sel     $53,900.00   [strat=opponent_aware_diagnostic]
      R 5  buy $    416.32   sel     $53,900.00   [strat=opponent_aware_diagnostic]
      R 6  buy $ 38,739.35   sel     $53,500.00   [strat=opponent_aware_diagnostic]
      R 7  buy $ 45,599.07   sel     $53,000.00   [strat=opponent_aware_diagnostic]
      R 8  buy $  7,643.54   sel     $52,500.00   [strat=opponent_aware_diagnostic]
      R 9  buy $ 43,085.32   sel     $52,200.00   [strat=opponent_aware_diagnostic]
      R10  buy $ 25,726.88   sel     $51,900.00   [strat=opponent_aware_diagnostic]
      R11  buy $ 51,340.26   sel     $51,600.00   [strat=opponent_aware_diagnostic]
      R12  buy $ 26,262.02   sel     $51,500.00   [strat=opponent_aware_diagnostic]
      R13  buy $ 20,672.70   sel     $51,000.00   [strat=opponent_aware_diagnostic]
      R14  buy $ 14,977.46   sel     $50,500.00   [strat=opponent_aware_diagnostic]
      R15  buy $  1,403.72   sel     $50,500.00   [strat=opponent_aware_diagnostic]
      R16  buy $  8,566.41   sel     $50,000.00   [strat=opponent_aware_diagnostic]
   run 9 done in 7.8 min

   run 10/30 on 2014 Mercedes-Benz S550  seed=20660429
      R 1  buy $    553.40   sel     $28,500.00   [strat=opponent_aware_diagnostic] *
      R 2  buy $  6,658.87   sel     $27,900.00   [strat=opponent_aware_diagnostic]
      R 3  buy $ 24,775.95   sel     $27,000.00   [strat=opponent_aware_diagnostic]
      R 4  buy $ 14,668.32   sel     $26,500.00   [strat=opponent_aware_diagnostic]
      R 5  buy $ 20,833.14   sel     $26,000.00   [strat=opponent_aware_diagnostic]
      R 6  buy $  3,073.09   sel     $25,000.00   [strat=opponent_aware_diagnostic]
      R 7  buy $  2,633.62   sel     $24,500.00   [strat=opponent_aware_diagnostic]
      R 8  buy $  5,066.40   sel     $24,500.00   [strat=opponent_aware_diagnostic]
      R 9  buy $  2,319.26   sel     $24,500.00   [strat=opponent_aware_diagnostic]
      R10  buy $ 16,349.75   sel     $24,000.00   [strat=opponent_aware_diagnostic]
      R11  buy $ 22,317.38   sel     $23,000.00   [strat=opponent_aware_diagnostic]
      R12  buy $  6,164.70   sel     $22,500.00   [strat=opponent_aware_diagnostic]
      R13  buy $     31.18   sel     $22,000.00   [strat=opponent_aware_diagnostic]
      R14  buy $  9,624.74   sel     $22,000.00   [strat=opponent_aware_diagnostic]
      R15  buy $ 21,831.45   sel     $21,831.45   [strat=opponent_aware_diagnostic]
      R16  buy $ 13,692.63   sel     $22,000.00   [strat=opponent_aware_diagnostic]
   run 10 done in 8.4 min

   run 11/30 on 2014 Mercedes-Benz S550  seed=20660430
      R 1  buy $ 22,077.65   sel     $24,900.00   [strat=opponent_aware_diagnostic] *
      R 2  buy $ 20,977.54   sel     $24,500.00   [strat=opponent_aware_diagnostic]
      R 3  buy $ 14,212.02   sel     $23,500.00   [strat=opponent_aware_diagnostic]
      R 4  buy $ 14,445.15   sel     $21,500.00   [strat=opponent_aware_diagnostic]
      R 5  buy $  2,817.90   sel     $20,500.00   [strat=opponent_aware_diagnostic]
      R 6  buy $ 14,449.60   sel     $20,000.00   [strat=opponent_aware_diagnostic]
      R 7  buy $  7,252.19   sel     $19,500.00   [strat=opponent_aware_diagnostic]
      R 8  buy $  7,180.57   sel     $19,500.00   [strat=opponent_aware_diagnostic]
      R 9  buy $ 19,388.09   sel     $19,388.09   [strat=opponent_aware_diagnostic]
      R10  buy $  7,186.93   sel     $19,500.00   [strat=opponent_aware_diagnostic]
      R11  buy $ 12,934.36   sel     $19,300.00   [strat=opponent_aware_diagnostic]
      R12  buy $  3,942.55   sel     $19,200.00   [strat=opponent_aware_diagnostic]
      R13  buy $  3,120.21   sel     $19,200.00   [strat=opponent_aware_diagnostic]
      R14  buy $ 15,095.06   sel     $19,100.00   [strat=opponent_aware_diagnostic]
      R15  buy $  7,405.41   sel     $19,000.00   [strat=opponent_aware_diagnostic]
      R16  buy $ 18,642.56   sel     $19,000.00   [strat=opponent_aware_diagnostic]
   run 11 done in 10.6 min

   run 12/30 on 2014 Mercedes-Benz S550  seed=20660431
      R 1  buy $ 35,252.10   sel     $38,995.00   [strat=opponent_aware_diagnostic] *
      R 2  buy $    725.65   sel     $38,995.00   [strat=opponent_aware_diagnostic]
      R 3  buy $  2,696.89   sel     $38,995.00   [strat=opponent_aware_diagnostic]
      R 4  buy $ 28,597.85   sel     $34,500.00   [strat=opponent_aware_diagnostic]
      R 5  buy $ 29,266.15   sel     $32,000.00   [strat=opponent_aware_diagnostic]
      R 6  buy $ 13,394.94   sel     $31,500.00   [strat=opponent_aware_diagnostic]
      R 7  buy $  9,659.40   sel     $30,000.00   [strat=opponent_aware_diagnostic]
      R 8  buy $  5,358.24   sel     $29,500.00   [strat=opponent_aware_diagnostic]
      R 9  buy $  6,624.11   sel     $29,500.00   [strat=opponent_aware_diagnostic]
      R10  buy $  1,636.42   sel     $28,000.00   [strat=opponent_aware_diagnostic]
      R11  buy $ 10,475.98   sel     $28,000.00   [strat=opponent_aware_diagnostic]
      R12  buy $ 12,454.72   sel     $28,000.00   [strat=opponent_aware_diagnostic]
      R13  buy $  7,804.88   sel     $27,500.00   [strat=opponent_aware_diagnostic]
      R14  buy $ 12,488.75   sel     $26,500.00   [strat=opponent_aware_diagnostic]
      R15  buy $ 25,036.83   sel     $25,500.00   [strat=opponent_aware_diagnostic]
      R16  buy $ 23,001.42   sel     $24,500.00   [strat=opponent_aware_diagnostic]
   run 12 done in 8.0 min

   run 13/30 on 2014 Mercedes-Benz S550  seed=20660432
      R 1  buy $ 54,856.70   sel     $58,995.00   [strat=opponent_aware_diagnostic] *
      R 2  buy $  8,900.29   sel     $58,995.00   [strat=opponent_aware_diagnostic]
      R 3  buy $ 51,571.99   sel     $56,500.00   [strat=opponent_aware_diagnostic]
      R 4  buy $ 52,926.80   sel     $54,995.00   [strat=opponent_aware_diagnostic]
      R 5  buy $ 38,044.64   sel     $54,500.00   [strat=opponent_aware_diagnostic]
      R 6  buy $ 29,144.29   sel     $54,000.00   [strat=opponent_aware_diagnostic]
      R 7  buy $ 12,459.66   sel     $53,500.00   [strat=opponent_aware_diagnostic]
      R 8  buy $ 28,140.24   sel     $53,000.00   [strat=opponent_aware_diagnostic]
      R 9  buy $  8,410.66   sel     $52,500.00   [strat=opponent_aware_diagnostic]
      R10  buy $ 13,751.96   sel     $51,000.00   [strat=opponent_aware_diagnostic]
      R11  buy $  8,930.88   sel     $50,000.00   [strat=opponent_aware_diagnostic]
      R12  buy $  5,041.58   sel     $49,500.00   [strat=opponent_aware_diagnostic]
      R13  buy $ 34,727.21   sel     $42,500.00   [strat=opponent_aware_diagnostic]
      R14  buy $ 26,238.72   sel     $36,500.00   [strat=opponent_aware_diagnostic]
      R15  buy $ 33,507.25   sel     $34,500.00   [strat=opponent_aware_diagnostic]
      R16  buy $  5,765.90   sel     $40,000.00   [strat=opponent_aware_diagnostic]
   run 13 done in 8.6 min

   run 14/30 on 2014 Mercedes-Benz S550  seed=20660433
      R 1  buy $ 64,737.90   sel     $79,995.00   [strat=opponent_aware_diagnostic] *
      R 2  buy $ 28,927.63   sel     $74,995.00   [strat=opponent_aware_diagnostic]
      R 3  buy $ 54,122.84   sel     $69,995.00   [strat=opponent_aware_diagnostic]
      R 4  buy $ 49,559.07   sel     $66,995.00   [strat=opponent_aware_diagnostic]
      R 5  buy $  6,722.19   sel     $66,995.00   [strat=opponent_aware_diagnostic]
      R 6  buy $  4,394.21   sel     $65,995.00   [strat=opponent_aware_diagnostic]
      R 7  buy $ 49,504.48   sel     $59,995.00   [strat=opponent_aware_diagnostic]
      R 8  buy $ 53,592.65   sel     $58,995.00   [strat=opponent_aware_diagnostic]
      R 9  buy $  4,537.31   sel     $58,995.00   [strat=opponent_aware_diagnostic]
      R10  buy $ 33,862.88   sel     $57,995.00   [strat=opponent_aware_diagnostic]
      R11  buy $ 26,464.75   sel     $57,495.00   [strat=opponent_aware_diagnostic]
      R12  buy $ 40,895.96   sel     $52,995.00   [strat=opponent_aware_diagnostic]
      R13  buy $  9,816.65   sel     $51,995.00   [strat=opponent_aware_diagnostic]
      R14  buy $ 37,530.23   sel     $47,995.00   [strat=opponent_aware_diagnostic]
      R15  buy $ 16,576.90   sel     $44,995.00   [strat=opponent_aware_diagnostic]
      R16  buy $ 20,149.95   sel     $39,995.00   [strat=opponent_aware_diagnostic]
   run 14 done in 9.7 min

   run 15/30 on 2014 Mercedes-Benz S550  seed=20660434
      R 1  buy $ 93,317.50   sel     $95,500.00   [strat=opponent_aware_diagnostic] *
      R 2  buy $  9,836.96   sel     $94,500.00   [strat=opponent_aware_diagnostic]
      R 3  buy $ 92,082.66   sel     $93,800.00   [strat=opponent_aware_diagnostic]
      R 4  buy $ 73,037.16   sel     $91,500.00   [strat=opponent_aware_diagnostic]
      R 5  buy $ 18,287.41   sel     $91,000.00   [strat=opponent_aware_diagnostic]
      R 6  buy $ 49,712.51   sel     $85,000.00   [strat=opponent_aware_diagnostic]
      R 7  buy $ 24,332.86   sel     $82,500.00   [strat=opponent_aware_diagnostic]
      R 8  buy $ 60,151.32   sel     $80,000.00   [strat=opponent_aware_diagnostic]
      R 9  buy $  4,558.81   sel     $75,000.00   [strat=opponent_aware_diagnostic]
      R10  buy $ 71,426.31   sel     $73,213.16   [strat=opponent_aware_diagnostic]
      R11  buy $ 47,226.43   sel     $65,000.00   [strat=opponent_aware_diagnostic]
      R12  buy $  1,039.84   sel     $50,000.00   [strat=opponent_aware_diagnostic]
      R13  buy $  9,006.16   sel     $45,000.00   [strat=opponent_aware_diagnostic]
      R14  buy $ 22,740.29   sel     $22,740.29   [strat=opponent_aware_diagnostic]
      R15  buy $ 19,882.78   sel     $20,500.00   [strat=opponent_aware_diagnostic]
      R16  buy $  5,615.60   sel     $19,500.00   [strat=opponent_aware_diagnostic]
   run 15 done in 7.8 min

   run 16/30 on 2014 Mercedes-Benz S550  seed=20660435
      R 1  buy $ 75,572.34   sel     $92,500.00   [strat=opponent_aware_diagnostic] *
      R 2  buy $ 27,607.16   sel     $90,000.00   [strat=opponent_aware_diagnostic]
      R 3  buy $ 57,570.50   sel     $87,500.00   [strat=opponent_aware_diagnostic]
      R 4  buy $ 48,020.35   sel     $85,000.00   [strat=opponent_aware_diagnostic]
      R 5  buy $ 71,299.87   sel     $83,000.00   [strat=opponent_aware_diagnostic]
      R 6  buy $ 55,734.21   sel     $83,000.00   [strat=opponent_aware_diagnostic]
      R 7  buy $ 24,652.09   sel     $83,000.00   [strat=opponent_aware_diagnostic]
      R 8  buy $ 25,823.29   sel     $82,000.00   [strat=opponent_aware_diagnostic]
      R 9  buy $  2,597.17   sel     $81,500.00   [strat=opponent_aware_diagnostic]
      R10  buy $ 64,028.82   sel     $80,000.00   [strat=opponent_aware_diagnostic]
      R11  buy $  7,132.53   sel     $79,000.00   [strat=opponent_aware_diagnostic]
      R12  buy $  7,416.91   sel     $78,000.00   [strat=opponent_aware_diagnostic]
      R13  buy $ 58,531.03   sel     $77,000.00   [strat=opponent_aware_diagnostic]
      R14  buy $ 16,848.07   sel     $75,000.00   [strat=opponent_aware_diagnostic]
      R15  buy $  7,939.54   sel     $74,000.00   [strat=opponent_aware_diagnostic]
      R16  buy $ 73,411.15   sel     $73,800.00   [strat=opponent_aware_diagnostic]
   run 16 done in 7.6 min

   run 17/30 on 2014 Mercedes-Benz S550  seed=20660436
      R 1  buy $ 88,650.79   sel     $94,000.00   [strat=opponent_aware_diagnostic] *
      R 2  buy $ 86,220.47   sel     $92,500.00   [strat=opponent_aware_diagnostic]
      R 3  buy $ 47,671.99   sel     $91,500.00   [strat=opponent_aware_diagnostic]
      R 4  buy $ 20,329.43   sel     $91,000.00   [strat=opponent_aware_diagnostic]
      R 5  buy $ 35,369.92   sel     $90,500.00   [strat=opponent_aware_diagnostic]
      R 6  buy $ 15,862.83   sel     $90,500.00   [strat=opponent_aware_diagnostic]
      R 7  buy $  5,869.68   sel     $90,000.00   [strat=opponent_aware_diagnostic]
      R 8  buy $ 43,401.43   sel     $89,500.00   [strat=opponent_aware_diagnostic]
      R 9  buy $ 49,590.18   sel     $88,000.00   [strat=opponent_aware_diagnostic]
      R10  buy $ 12,732.10   sel     $87,500.00   [strat=opponent_aware_diagnostic]
      R11  buy $ 54,033.97   sel     $86,500.00   [strat=opponent_aware_diagnostic]
      R12  buy $ 40,270.49   sel     $86,000.00   [strat=opponent_aware_diagnostic]
      R13  buy $ 25,025.21   sel     $85,500.00   [strat=opponent_aware_diagnostic]
      R14  buy $ 28,948.57   sel     $85,000.00   [strat=opponent_aware_diagnostic]
      R15  buy $ 59,935.40   sel     $84,000.00   [strat=opponent_aware_diagnostic]
      R16  buy $ 55,135.54   sel     $83,500.00   [strat=opponent_aware_diagnostic]
   run 17 done in 7.9 min

   run 18/30 on 2014 Mercedes-Benz S550  seed=20660437
      R 1  buy $ 82,624.30   sel     $91,950.00   [strat=opponent_aware_diagnostic] *
      R 2  buy $ 19,062.05   sel     $88,000.00   [strat=opponent_aware_diagnostic]
      R 3  buy $ 66,578.50   sel     $85,000.00   [strat=opponent_aware_diagnostic]
      R 4  buy $ 28,745.72   sel     $83,000.00   [strat=opponent_aware_diagnostic]
      R 5  buy $ 42,188.68   sel     $80,000.00   [strat=opponent_aware_diagnostic]
      R 6  buy $ 32,698.48   sel     $75,000.00   [strat=opponent_aware_diagnostic]
      R 7  buy $ 44,025.18   sel     $65,000.00   [strat=opponent_aware_diagnostic]
      R 8  buy $  3,327.67   sel     $60,000.00   [strat=opponent_aware_diagnostic]
      R 9  buy $  3,492.43   sel     $55,000.00   [strat=opponent_aware_diagnostic]
      R10  buy $ 27,478.80   sel     $45,000.00   [strat=opponent_aware_diagnostic]
      R11  buy $ 28,472.88   sel     $40,000.00   [strat=opponent_aware_diagnostic]
      R12  buy $ 11,099.85   sel     $35,000.00   [strat=opponent_aware_diagnostic]
      R13  buy $  7,904.49   sel     PARSE-FAIL   [strat=opponent_aware_diagnostic]
      R14  buy $ 33,235.74   sel     $34,000.00   [strat=opponent_aware_diagnostic]
      R15  buy $  5,264.34   sel     $30,000.00   [strat=opponent_aware_diagnostic]
      R16  buy $    910.86   sel     $25,000.00   [strat=opponent_aware_diagnostic]
   run 18 done in 8.0 min

   run 19/30 on 2014 Mercedes-Benz S550  seed=20660438
      R 1  buy $ 49,983.36   sel     $85,000.00   [strat=opponent_aware_diagnostic] *
      R 2  buy $  3,258.13   sel     $84,500.00   [strat=opponent_aware_diagnostic]
      R 3  buy $ 61,498.69   sel     $79,800.00   [strat=opponent_aware_diagnostic]
      R 4  buy $ 53,617.05   sel     $79,000.00   [strat=opponent_aware_diagnostic]
      R 5  buy $ 24,250.36   sel     $78,500.00   [strat=opponent_aware_diagnostic]
      R 6  buy $ 53,886.42   sel     $74,500.00   [strat=opponent_aware_diagnostic]
      R 7  buy $ 39,815.56   sel     $45,000.00   [strat=opponent_aware_diagnostic]
      R 8  buy $ 40,935.09   sel     $42,000.00   [strat=opponent_aware_diagnostic]
      R 9  buy $ 30,904.98   sel     $38,000.00   [strat=opponent_aware_diagnostic]
      R10  buy $ 31,744.82   sel     $37,500.00   [strat=opponent_aware_diagnostic]
      R11  buy $ 36,308.80   sel     $36,500.00   [strat=opponent_aware_diagnostic]
      R12  buy $ 10,212.49   sel     $35,000.00   [strat=opponent_aware_diagnostic]
      R13  buy $ 19,129.23   sel     $19,129.23   [strat=opponent_aware_diagnostic]
      R14  buy $ 10,136.70   sel     $19,129.23   [strat=opponent_aware_diagnostic]
      R15  buy $  3,183.90   sel     $19,129.23   [strat=opponent_aware_diagnostic]
      R16  buy $  3,858.34   sel     $19,500.00   [strat=opponent_aware_diagnostic]
   run 19 done in 7.4 min

   run 20/30 on 2014 Mercedes-Benz S550  seed=20660439
      R 1  buy $ 46,124.30   sel     $52,800.00   [strat=opponent_aware_diagnostic] *
      R 2  buy $ 28,954.99   sel     $51,800.00   [strat=opponent_aware_diagnostic]
      R 3  buy $ 37,335.72   sel     $50,500.00   [strat=opponent_aware_diagnostic]
      R 4  buy $  4,894.90   sel     $49,500.00   [strat=opponent_aware_diagnostic]
      R 5  buy $ 39,803.03   sel     $48,900.00   [strat=opponent_aware_diagnostic]
      R 6  buy $    387.10   sel     $48,900.00   [strat=opponent_aware_diagnostic]
      R 7  buy $  3,691.65   sel     $48,900.00   [strat=opponent_aware_diagnostic]
      R 8  buy $ 35,061.47   sel     $47,500.00   [strat=opponent_aware_diagnostic]
      R 9  buy $ 22,230.04   sel     $44,900.00   [strat=opponent_aware_diagnostic]
      R10  buy $ 41,761.84   sel     $43,500.00   [strat=opponent_aware_diagnostic]
      R11  buy $ 25,123.98   sel     $42,000.00   [strat=opponent_aware_diagnostic]
      R12  buy $ 37,205.71   sel     $40,500.00   [strat=opponent_aware_diagnostic]
      R13  buy $ 32,641.83   sel     $39,500.00   [strat=opponent_aware_diagnostic]
      R14  buy $ 11,445.47   sel     $39,000.00   [strat=opponent_aware_diagnostic]
      R15  buy $  8,129.46   sel     $39,000.00   [strat=opponent_aware_diagnostic]
      R16  buy $ 30,021.79   sel     $36,000.00   [strat=opponent_aware_diagnostic]
   run 20 done in 7.1 min

   run 21/30 on 2014 Mercedes-Benz S550  seed=20660440
      R 1  buy $  4,990.82   sel     $28,500.00   [strat=opponent_aware_diagnostic] *
      R 2  buy $ 11,431.23   sel     $28,500.00   [strat=opponent_aware_diagnostic]
      R 3  buy $  1,067.34   sel     $27,500.00   [strat=opponent_aware_diagnostic]
      R 4  buy $ 23,785.22   sel     $26,500.00   [strat=opponent_aware_diagnostic]
      R 5  buy $ 12,908.52   sel     $25,500.00   [strat=opponent_aware_diagnostic]
      R 6  buy $  3,091.00   sel     $25,000.00   [strat=opponent_aware_diagnostic]
      R 7  buy $ 19,286.13   sel     $23,000.00   [strat=opponent_aware_diagnostic]
      R 8  buy $  8,179.62   sel     $22,500.00   [strat=opponent_aware_diagnostic]
      R 9  buy $  1,046.78   sel     $22,500.00   [strat=opponent_aware_diagnostic]
      R10  buy $  9,287.93   sel     $21,500.00   [strat=opponent_aware_diagnostic]
      R11  buy $  6,911.85   sel     $20,000.00   [strat=opponent_aware_diagnostic]
      R12  buy $  8,502.77   sel     $20,000.00   [strat=opponent_aware_diagnostic]
      R13  buy $ 18,897.27   sel     $19,500.00   [strat=opponent_aware_diagnostic]
      R14  buy $ 16,526.92   sel     $19,250.00   [strat=opponent_aware_diagnostic]
      R15  buy $  3,945.50   sel     $19,100.00   [strat=opponent_aware_diagnostic]
      R16  buy $  2,913.98   sel     $19,100.00   [strat=opponent_aware_diagnostic]
   run 21 done in 8.2 min

   run 22/30 on 2014 Mercedes-Benz S550  seed=20660441
      R 1  buy $ 26,562.04   sel     $34,950.00   [strat=opponent_aware_diagnostic] *
      R 2  buy $  8,586.52   sel     $33,950.00   [strat=opponent_aware_diagnostic]
      R 3  buy $ 29,301.93   sel     $31,900.00   [strat=opponent_aware_diagnostic]
      R 4  buy $ 12,396.52   sel     $31,000.00   [strat=opponent_aware_diagnostic]
      R 5  buy $  6,153.90   sel     $30,000.00   [strat=opponent_aware_diagnostic]
      R 6  buy $ 17,654.05   sel     $29,000.00   [strat=opponent_aware_diagnostic]
      R 7  buy $  4,268.31   sel     $28,500.00   [strat=opponent_aware_diagnostic]
      R 8  buy $ 13,936.47   sel     $27,500.00   [strat=opponent_aware_diagnostic]
      R 9  buy $ 14,622.09   sel     $27,000.00   [strat=opponent_aware_diagnostic]
      R10  buy $ 25,493.69   sel     $26,250.00   [strat=opponent_aware_diagnostic]
      R11  buy $  4,209.77   sel     $25,750.00   [strat=opponent_aware_diagnostic]
      R12  buy $ 25,221.50   sel     $25,500.00   [strat=opponent_aware_diagnostic]
      R13  buy $ 22,644.14   sel     $25,000.00   [strat=opponent_aware_diagnostic]
      R14  buy $  4,953.35   sel     $24,500.00   [strat=opponent_aware_diagnostic]
      R15  buy $ 10,301.86   sel     $24,000.00   [strat=opponent_aware_diagnostic]
      R16  buy $  7,304.28   sel     $23,500.00   [strat=opponent_aware_diagnostic]
   run 22 done in 7.5 min

   run 23/30 on 2014 Mercedes-Benz S550  seed=20660442
      R 1  buy $ 44,180.35   sel     $47,500.00   [strat=opponent_aware_diagnostic] *
      R 2  buy $ 11,668.60   sel     $46,000.00   [strat=opponent_aware_diagnostic]
      R 3  buy $  8,100.83   sel     $45,500.00   [strat=opponent_aware_diagnostic]
      R 4  buy $  3,216.35   sel     $44,500.00   [strat=opponent_aware_diagnostic]
      R 5  buy $ 23,432.08   sel     $43,900.00   [strat=opponent_aware_diagnostic]
      R 6  buy $ 42,158.89   sel     $43,000.00   [strat=opponent_aware_diagnostic]
      R 7  buy $ 17,430.42   sel     $42,500.00   [strat=opponent_aware_diagnostic]
      R 8  buy $    206.62   sel     $42,500.00   [strat=opponent_aware_diagnostic]
      R 9  buy $ 24,492.01   sel     $38,500.00   [strat=opponent_aware_diagnostic]
      R10  buy $ 16,266.17   sel     $35,000.00   [strat=opponent_aware_diagnostic]
      R11  buy $ 22,157.28   sel     $32,500.00   [strat=opponent_aware_diagnostic]
      R12  buy $ 30,709.69   sel     $31,600.00   [strat=opponent_aware_diagnostic]
      R13  buy $ 25,101.19   sel     $29,500.00   [strat=opponent_aware_diagnostic]
      R14  buy $ 24,648.36   sel     $27,000.00   [strat=opponent_aware_diagnostic]
      R15  buy $ 17,454.91   sel     $25,500.00   [strat=opponent_aware_diagnostic]
      R16  buy $  9,856.87   sel     $24,000.00   [strat=opponent_aware_diagnostic]
   run 23 done in 7.5 min

   run 24/30 on 2014 Mercedes-Benz S550  seed=20660443
      R 1  buy $    768.51   sel     $89,999.99   [strat=opponent_aware_diagnostic] *
      R 2  buy $ 51,865.09   sel     $75,000.00   [strat=opponent_aware_diagnostic]
      R 3  buy $ 35,296.73   sel     $68,500.00   [strat=opponent_aware_diagnostic]
      R 4  buy $ 41,073.03   sel     $65,000.00   [strat=opponent_aware_diagnostic]
      R 5  buy $ 14,525.17   sel     $59,999.99   [strat=opponent_aware_diagnostic]
      R 6  buy $ 31,173.28   sel     $55,000.00   [strat=opponent_aware_diagnostic]
      R 7  buy $ 25,687.46   sel     $47,500.00   [strat=opponent_aware_diagnostic]
      R 8  buy $ 35,229.61   sel     $40,000.00   [strat=opponent_aware_diagnostic]
      R 9  buy $ 20,067.96   sel     PARSE-FAIL   [strat=opponent_aware_diagnostic]
      R10  buy $ 37,540.28   sel     $38,000.00   [strat=opponent_aware_diagnostic]
      R11  buy $  5,871.68   sel     $29,999.00   [strat=opponent_aware_diagnostic]
      R12  buy $ 16,784.84   sel     $19,500.00   [strat=opponent_aware_diagnostic]
      R13  buy $  9,159.25   sel     $20,500.00   [strat=opponent_aware_diagnostic]
      R14  buy $ 18,211.84   sel     $19,999.00   [strat=opponent_aware_diagnostic]
      R15  buy $ 14,912.81   sel     $22,500.00   [strat=opponent_aware_diagnostic]
      R16  buy $  1,406.95   sel     PARSE-FAIL   [strat=opponent_aware_diagnostic]
   run 24 done in 6.0 min

   run 25/30 on 2014 Mercedes-Benz S550  seed=20660444
      R 1  buy $ 16,108.33   sel     $24,995.00   [strat=opponent_aware_diagnostic] *
      R 2  buy $  1,058.69   sel     $24,995.00   [strat=opponent_aware_diagnostic]
      R 3  buy $ 15,329.86   sel     $23,500.00   [strat=opponent_aware_diagnostic]
      R 4  buy $ 12,105.89   sel     $22,800.00   [strat=opponent_aware_diagnostic]
      R 5  buy $  8,129.92   sel     $22,500.00   [strat=opponent_aware_diagnostic]
      R 6  buy $  9,203.68   sel     $22,000.00   [strat=opponent_aware_diagnostic]
      R 7  buy $  5,631.87   sel     $21,500.00   [strat=opponent_aware_diagnostic]
      R 8  buy $  5,188.29   sel     $21,000.00   [strat=opponent_aware_diagnostic]
      R 9  buy $  2,611.09   sel     $20,000.00   [strat=opponent_aware_diagnostic]
      R10  buy $  8,673.41   sel     $19,500.00   [strat=opponent_aware_diagnostic]
      R11  buy $ 16,154.12   sel     $19,250.00   [strat=opponent_aware_diagnostic]
      R12  buy $  8,501.44   sel     $19,100.00   [strat=opponent_aware_diagnostic]
      R13  buy $    567.69   sel     $19,000.00   [strat=opponent_aware_diagnostic]
      R14  buy $  7,146.24   sel     $19,000.00   [strat=opponent_aware_diagnostic]
      R15  buy $  9,825.39   sel     $18,500.00   [strat=opponent_aware_diagnostic]
      R16  buy $  6,848.79   sel     $19,000.00   [strat=opponent_aware_diagnostic]
   run 25 done in 10.4 min

   run 26/30 on 2014 Mercedes-Benz S550  seed=20660445
      R 1  buy $  7,722.44   sel     $38,000.00   [strat=opponent_aware_diagnostic] *
      R 2  buy $    235.45   sel     $38,000.00   [strat=opponent_aware_diagnostic]
      R 3  buy $ 31,760.08   sel     $36,000.00   [strat=opponent_aware_diagnostic]
      R 4  buy $ 16,743.22   sel     $34,000.00   [strat=opponent_aware_diagnostic]
      R 5  buy $ 22,084.64   sel     $32,500.00   [strat=opponent_aware_diagnostic]
      R 6  buy $  7,249.98   sel     $30,000.00   [strat=opponent_aware_diagnostic]
      R 7  buy $  1,712.74   sel     $29,000.00   [strat=opponent_aware_diagnostic]
      R 8  buy $ 10,812.25   sel     $28,500.00   [strat=opponent_aware_diagnostic]
      R 9  buy $  7,876.92   sel     $27,000.00   [strat=opponent_aware_diagnostic]
      R10  buy $ 18,927.13   sel     $26,000.00   [strat=opponent_aware_diagnostic]
      R11  buy $  5,964.44   sel     $25,000.00   [strat=opponent_aware_diagnostic]
      R12  buy $  1,825.22   sel     $24,500.00   [strat=opponent_aware_diagnostic]
      R13  buy $ 24,109.07   sel     $24,109.07   [strat=opponent_aware_diagnostic]
      R14  buy $ 20,236.42   sel     $22,000.00   [strat=opponent_aware_diagnostic]
      R15  buy $    856.11   sel     $21,000.00   [strat=opponent_aware_diagnostic]
      R16  buy $  6,181.19   sel     $20,500.00   [strat=opponent_aware_diagnostic]
   run 26 done in 7.5 min

   run 27/30 on 2014 Mercedes-Benz S550  seed=20660446
      R 1  buy $ 12,569.10   sel     $24,500.00   [strat=opponent_aware_diagnostic] *
      R 2  buy $ 22,151.88   sel     $23,500.00   [strat=opponent_aware_diagnostic]
      R 3  buy $ 12,560.90   sel     $22,900.00   [strat=opponent_aware_diagnostic]
      R 4  buy $  6,141.64   sel     $22,800.00   [strat=opponent_aware_diagnostic]
      R 5  buy $  8,363.00   sel     $22,500.00   [strat=opponent_aware_diagnostic]
      R 6  buy $  1,379.40   sel     $22,000.00   [strat=opponent_aware_diagnostic]
      R 7  buy $  3,978.50   sel     $22,000.00   [strat=opponent_aware_diagnostic]
      R 8  buy $  3,867.92   sel     $22,000.00   [strat=opponent_aware_diagnostic]
      R 9  buy $    472.49   sel     $21,500.00   [strat=opponent_aware_diagnostic]
      R10  buy $ 12,530.33   sel     $21,000.00   [strat=opponent_aware_diagnostic]
      R11  buy $  5,062.02   sel     $20,000.00   [strat=opponent_aware_diagnostic]
      R12  buy $  6,240.19   sel     $20,000.00   [strat=opponent_aware_diagnostic]
      R13  buy $ 14,428.13   sel     $19,500.00   [strat=opponent_aware_diagnostic]
      R14  buy $ 14,355.57   sel     $19,250.00   [strat=opponent_aware_diagnostic]
      R15  buy $ 10,276.82   sel     $19,000.00   [strat=opponent_aware_diagnostic]
      R16  buy $ 11,427.51   sel     $19,250.00   [strat=opponent_aware_diagnostic]
   run 27 done in 7.7 min

   run 28/30 on 2014 Mercedes-Benz S550  seed=20660447
      R 1  buy $  4,649.75   sel     $29,750.00   [strat=opponent_aware_diagnostic] *
      R 2  buy $ 29,393.53   sel     $29,750.00   [strat=opponent_aware_diagnostic]
      R 3  buy $  8,475.36   sel     $29,500.00   [strat=opponent_aware_diagnostic]
      R 4  buy $ 19,026.09   sel     $28,500.00   [strat=opponent_aware_diagnostic]
      R 5  buy $ 19,741.93   sel     $24,500.00   [strat=opponent_aware_diagnostic]
      R 6  buy $ 18,704.05   sel     $23,000.00   [strat=opponent_aware_diagnostic]
      R 7  buy $  1,783.09   sel     $22,000.00   [strat=opponent_aware_diagnostic]
      R 8  buy $ 14,184.42   sel     $21,500.00   [strat=opponent_aware_diagnostic]
      R 9  buy $  9,974.63   sel     $20,500.00   [strat=opponent_aware_diagnostic]
      R10  buy $ 10,446.25   sel     $19,500.00   [strat=opponent_aware_diagnostic]
      R11  buy $  9,719.95   sel     $19,250.00   [strat=opponent_aware_diagnostic]
      R12  buy $ 11,124.21   sel     $19,000.00   [strat=opponent_aware_diagnostic]
      R13  buy $ 12,372.49   sel     $19,000.00   [strat=opponent_aware_diagnostic]
      R14  buy $  1,451.70   sel     $19,000.00   [strat=opponent_aware_diagnostic]
      R15  buy $  8,020.59   sel     $19,000.00   [strat=opponent_aware_diagnostic]
      R16  buy $ 11,424.68   sel     $19,000.00   [strat=opponent_aware_diagnostic]
   run 28 done in 7.7 min

   run 29/30 on 2014 Mercedes-Benz S550  seed=20660448
      R 1  buy $ 53,307.45   sel     $82,500.00   [strat=opponent_aware_diagnostic] *
      R 2  buy $ 35,926.18   sel     $79,995.00   [strat=opponent_aware_diagnostic]
      R 3  buy $ 13,341.15   sel     $79,995.00   [strat=opponent_aware_diagnostic]
      R 4  buy $ 36,980.21   sel     $42,500.00   [strat=opponent_aware_diagnostic]
      R 5  buy $  1,152.22   sel     $42,500.00   [strat=opponent_aware_diagnostic]
      R 6  buy $ 18,847.32   sel     $39,999.00   [strat=opponent_aware_diagnostic]
      R 7  buy $    963.48   sel     $39,500.00   [strat=opponent_aware_diagnostic]
      R 8  buy $    908.60   sel     $35,000.00   [strat=opponent_aware_diagnostic]
      R 9  buy $    218.68   sel     $34,500.00   [strat=opponent_aware_diagnostic]
      R10  buy $  2,765.73   sel     $25,000.00   [strat=opponent_aware_diagnostic]
      R11  buy $ 23,074.90   sel     $24,500.00   [strat=opponent_aware_diagnostic]
      R12  buy $  6,198.50   sel     PARSE-FAIL   [strat=opponent_aware_diagnostic]
      R13  buy $ 18,876.27   sel     $21,000.00   [strat=opponent_aware_diagnostic]
      R14  buy $ 20,241.08   sel     $20,500.00   [strat=opponent_aware_diagnostic]
      R15  buy $  5,785.99   sel     $19,500.00   [strat=opponent_aware_diagnostic]
      R16  buy $  8,752.72   sel     $19,250.00   [strat=opponent_aware_diagnostic]
   run 29 done in 8.5 min

   run 30/30 on 2014 Mercedes-Benz S550  seed=20660449
      R 1  buy $ 21,290.55   sel     $27,450.00   [strat=opponent_aware_diagnostic] *
      R 2  buy $ 23,594.56   sel     $26,500.00   [strat=opponent_aware_diagnostic]
      R 3  buy $ 10,630.86   sel     $26,500.00   [strat=opponent_aware_diagnostic]
      R 4  buy $ 13,895.52   sel     $26,500.00   [strat=opponent_aware_diagnostic]
      R 5  buy $ 12,772.81   sel     $26,500.00   [strat=opponent_aware_diagnostic]
      R 6  buy $ 23,444.66   sel     $25,500.00   [strat=opponent_aware_diagnostic]
      R 7  buy $ 20,567.23   sel     $25,500.00   [strat=opponent_aware_diagnostic]
      R 8  buy $  6,865.87   sel     $25,500.00   [strat=opponent_aware_diagnostic]
      R 9  buy $ 11,392.93   sel     $24,500.00   [strat=opponent_aware_diagnostic]
      R10  buy $ 12,812.34   sel     $24,000.00   [strat=opponent_aware_diagnostic]
      R11  buy $ 16,618.70   sel     $22,500.00   [strat=opponent_aware_diagnostic]
      R12  buy $ 15,430.48   sel     $21,500.00   [strat=opponent_aware_diagnostic]
      R13  buy $ 16,359.16   sel     $20,000.00   [strat=opponent_aware_diagnostic]
      R14  buy $ 11,169.65   sel     $20,000.00   [strat=opponent_aware_diagnostic]
      R15  buy $ 12,640.24   sel     $19,500.00   [strat=opponent_aware_diagnostic]
      R16  buy $  3,916.89   sel     $19,000.00   [strat=opponent_aware_diagnostic]
   run 30 done in 5.7 min

   ---> checkpoint: car 1/5 done in 248.2 min; total so far 248.2 min; saved 30 runs to exp04_fixed_opponent_aware_diagnostic.json

--- CAR 2/5: 2016 Cadillac CTS 3.6 Luxury  (M=$45,000.00  cost=$15,750.00  cost/M=35.00%) ---

   run 1/30 on 2016 Cadillac CTS 3.6 Luxury  seed=20661420
      R 1  buy $ 36,389.66   sel     $42,499.00   [strat=opponent_aware_diagnostic] *
      R 2  buy $ 37,891.33   sel     $41,999.00   [strat=opponent_aware_diagnostic]
      R 3  buy $ 27,200.79   sel     $41,999.00   [strat=opponent_aware_diagnostic]
      R 4  buy $  9,082.31   sel     $41,500.00   [strat=opponent_aware_diagnostic]
      R 5  buy $ 28,148.94   sel     $40,999.00   [strat=opponent_aware_diagnostic]
      R 6  buy $ 32,560.10   sel     $37,500.00   [strat=opponent_aware_diagnostic]
      R 7  buy $ 27,506.32   sel     $36,500.00   [strat=opponent_aware_diagnostic]
      R 8  buy $  4,964.56   sel     $36,500.00   [strat=opponent_aware_diagnostic]
      R 9  buy $ 17,726.66   sel     $36,000.00   [strat=opponent_aware_diagnostic]
      R10  buy $  8,566.82   sel     $35,500.00   [strat=opponent_aware_diagnostic]
      R11  buy $ 10,491.94   sel     $34,000.00   [strat=opponent_aware_diagnostic]
      R12  buy $ 22,425.02   sel     $33,500.00   [strat=opponent_aware_diagnostic]
      R13  buy $ 17,944.72   sel     $29,999.00   [strat=opponent_aware_diagnostic]
      R14  buy $ 12,683.10   sel     $27,500.00   [strat=opponent_aware_diagnostic]
      R15  buy $ 17,043.45   sel     $18,500.00   [strat=opponent_aware_diagnostic]
      R16  buy $    939.15   sel     $18,000.00   [strat=opponent_aware_diagnostic]
   run 1 done in 5.9 min

   run 2/30 on 2016 Cadillac CTS 3.6 Luxury  seed=20661421
      R 1  buy $ 29,845.19   sel     $38,995.00   [strat=opponent_aware_diagnostic] *
      R 2  buy $ 31,899.55   sel     $37,500.00   [strat=opponent_aware_diagnostic]
      R 3  buy $  3,546.24   sel     $37,500.00   [strat=opponent_aware_diagnostic]
      R 4  buy $ 34,595.43   sel     $36,500.00   [strat=opponent_aware_diagnostic]
      R 5  buy $ 21,934.97   sel     $36,000.00   [strat=opponent_aware_diagnostic]
      R 6  buy $  9,515.70   sel     $35,500.00   [strat=opponent_aware_diagnostic]
      R 7  buy $ 18,451.19   sel     $34,500.00   [strat=opponent_aware_diagnostic]
      R 8  buy $ 22,747.08   sel     $32,500.00   [strat=opponent_aware_diagnostic]
      R 9  buy $ 16,492.39   sel     $32,000.00   [strat=opponent_aware_diagnostic]
      R10  buy $ 21,618.78   sel     $30,000.00   [strat=opponent_aware_diagnostic]
      R11  buy $  2,478.87   sel     $29,500.00   [strat=opponent_aware_diagnostic]
      R12  buy $ 18,780.86   sel     $26,000.00   [strat=opponent_aware_diagnostic]
      R13  buy $  9,695.91   sel     $24,500.00   [strat=opponent_aware_diagnostic]
      R14  buy $  4,395.05   sel     $22,000.00   [strat=opponent_aware_diagnostic]
      R15  buy $  9,550.69   sel     $19,500.00   [strat=opponent_aware_diagnostic]
      R16  buy $  3,304.79   sel     $18,000.00   [strat=opponent_aware_diagnostic]
   run 2 done in 8.2 min

   run 3/30 on 2016 Cadillac CTS 3.6 Luxury  seed=20661422
      R 1  buy $ 44,035.85   sel     $44,500.00   [strat=opponent_aware_diagnostic] *
      R 2  buy $ 12,057.44   sel     $44,000.00   [strat=opponent_aware_diagnostic]
      R 3  buy $  3,574.49   sel     $44,000.00   [strat=opponent_aware_diagnostic]
      R 4  buy $ 25,951.75   sel     $39,000.00   [strat=opponent_aware_diagnostic]
      R 5  buy $  1,464.19   sel     $38,000.00   [strat=opponent_aware_diagnostic]
      R 6  buy $ 31,360.98   sel     $37,500.00   [strat=opponent_aware_diagnostic]
      R 7  buy $ 16,281.08   sel     $28,000.00   [strat=opponent_aware_diagnostic]
      R 8  buy $ 13,583.22   sel     $27,500.00   [strat=opponent_aware_diagnostic]
      R 9  buy $    709.32   sel     $24,999.00   [strat=opponent_aware_diagnostic]
      R10  buy $  9,957.02   sel     $22,500.00   [strat=opponent_aware_diagnostic]
      R11  buy $  7,847.94   sel     $21,500.00   [strat=opponent_aware_diagnostic]
      R12  buy $ 15,472.60   sel     $20,000.00   [strat=opponent_aware_diagnostic]
      R13  buy $ 12,010.89   sel     $18,500.00   [strat=opponent_aware_diagnostic]
      R14  buy $ 15,039.82   sel     $18,000.00   [strat=opponent_aware_diagnostic]
      R15  buy $  5,628.49   sel     $17,500.00   [strat=opponent_aware_diagnostic]
      R16  buy $ 12,215.94   sel     $17,500.00   [strat=opponent_aware_diagnostic]
   run 3 done in 8.1 min

   run 4/30 on 2016 Cadillac CTS 3.6 Luxury  seed=20661423
      R 1  buy $ 30,033.55   sel     $37,999.00   [strat=opponent_aware_diagnostic] *
      R 2  buy $ 34,452.99   sel     $36,999.00   [strat=opponent_aware_diagnostic]
      R 3  buy $  7,296.89   sel     $36,499.00   [strat=opponent_aware_diagnostic]
      R 4  buy $  6,388.95   sel     $35,999.00   [strat=opponent_aware_diagnostic]
      R 5  buy $ 10,558.55   sel     $35,899.00   [strat=opponent_aware_diagnostic]
      R 6  buy $ 23,198.51   sel     $35,799.00   [strat=opponent_aware_diagnostic]
      R 7  buy $ 14,812.13   sel     $35,499.00   [strat=opponent_aware_diagnostic]
      R 8  buy $  5,148.87   sel     $35,000.00   [strat=opponent_aware_diagnostic]
      R 9  buy $ 26,457.18   sel     $34,000.00   [strat=opponent_aware_diagnostic]
      R10  buy $  6,634.69   sel     $33,000.00   [strat=opponent_aware_diagnostic]
      R11  buy $  7,944.16   sel     $32,500.00   [strat=opponent_aware_diagnostic]
      R12  buy $ 24,794.97   sel     $30,000.00   [strat=opponent_aware_diagnostic]
      R13  buy $  1,108.14   sel     $28,000.00   [strat=opponent_aware_diagnostic]
      R14  buy $ 21,051.41   sel     $26,500.00   [strat=opponent_aware_diagnostic]
      R15  buy $ 23,059.14   sel     $25,000.00   [strat=opponent_aware_diagnostic]
      R16  buy $  9,591.23   sel     $24,500.00   [strat=opponent_aware_diagnostic]
   run 4 done in 6.9 min

   run 5/30 on 2016 Cadillac CTS 3.6 Luxury  seed=20661424
      R 1  buy $ 20,282.10   sel     $26,900.00   [strat=opponent_aware_diagnostic] *
      R 2  buy $  4,569.23   sel     $26,900.00   [strat=opponent_aware_diagnostic]
      R 3  buy $ 22,182.33   sel     $25,950.00   [strat=opponent_aware_diagnostic]
      R 4  buy $ 19,122.65   sel     $24,500.00   [strat=opponent_aware_diagnostic]
      R 5  buy $ 23,809.76   sel     $24,200.00   [strat=opponent_aware_diagnostic]
      R 6  buy $ 16,627.14   sel     $23,500.00   [strat=opponent_aware_diagnostic]
      R 7  buy $ 15,332.91   sel     $22,000.00   [strat=opponent_aware_diagnostic]
      R 8  buy $  7,004.91   sel     $15,000.00   [strat=opponent_aware_diagnostic]
      R 9  buy $  4,865.81   sel     $16,500.00   [strat=opponent_aware_diagnostic]
      R10  buy $  6,853.02   sel     $15,500.00   [strat=opponent_aware_diagnostic]
      R11  buy $  7,327.39   sel     $16,000.00   [strat=opponent_aware_diagnostic]
      R12  buy $  5,113.93   sel     $16,000.00   [strat=opponent_aware_diagnostic]
      R13  buy $  5,562.42   sel     $16,000.00   [strat=opponent_aware_diagnostic]
      R14  buy $  6,387.06   sel     $16,000.00   [strat=opponent_aware_diagnostic]
      R15  buy $  9,953.80   sel     $16,000.00   [strat=opponent_aware_diagnostic]
      R16  buy $  3,477.67   sel     $16,000.00   [strat=opponent_aware_diagnostic]
   run 5 done in 7.5 min

   run 6/30 on 2016 Cadillac CTS 3.6 Luxury  seed=20661425
      R 1  buy $ 27,983.43   sel     $29,995.00   [strat=opponent_aware_diagnostic] *
      R 2  buy $ 27,083.72   sel     $28,995.00   [strat=opponent_aware_diagnostic]
      R 3  buy $ 24,947.33   sel     $28,495.00   [strat=opponent_aware_diagnostic]
      R 4  buy $ 18,813.76   sel     $27,995.00   [strat=opponent_aware_diagnostic]
      R 5  buy $  8,657.42   sel     $27,500.00   [strat=opponent_aware_diagnostic]
      R 6  buy $ 24,808.97   sel     $25,995.00   [strat=opponent_aware_diagnostic]
      R 7  buy $ 17,456.28   sel     $25,995.00   [strat=opponent_aware_diagnostic]
      R 8  buy $  1,104.69   sel     $25,995.00   [strat=opponent_aware_diagnostic]
      R 9  buy $  9,221.43   sel     $25,500.00   [strat=opponent_aware_diagnostic]
      R10  buy $  2,990.06   sel     $25,500.00   [strat=opponent_aware_diagnostic]
      R11  buy $ 22,479.86   sel     $24,995.00   [strat=opponent_aware_diagnostic]
      R12  buy $ 18,168.77   sel     $24,500.00   [strat=opponent_aware_diagnostic]
      R13  buy $ 19,410.59   sel     $23,995.00   [strat=opponent_aware_diagnostic]
      R14  buy $ 17,276.74   sel     $23,500.00   [strat=opponent_aware_diagnostic]
      R15  buy $  4,753.45   sel     $22,500.00   [strat=opponent_aware_diagnostic]
      R16  buy $ 18,440.72   sel     $19,500.00   [strat=opponent_aware_diagnostic]
   run 6 done in 5.8 min

   run 7/30 on 2016 Cadillac CTS 3.6 Luxury  seed=20661426
      R 1  buy $ 41,718.51   sel     $43,995.00   [strat=opponent_aware_diagnostic] *
      R 2  buy $ 34,313.51   sel     $42,500.00   [strat=opponent_aware_diagnostic]
      R 3  buy $  8,408.13   sel     $42,500.00   [strat=opponent_aware_diagnostic]
      R 4  buy $ 12,408.38   sel     $42,000.00   [strat=opponent_aware_diagnostic]
      R 5  buy $ 31,639.62   sel     $37,995.00   [strat=opponent_aware_diagnostic]
      R 6  buy $ 13,756.71   sel     $36,500.00   [strat=opponent_aware_diagnostic]
      R 7  buy $ 16,825.29   sel     $35,500.00   [strat=opponent_aware_diagnostic]
      R 8  buy $ 26,426.03   sel     $30,000.00   [strat=opponent_aware_diagnostic]
      R 9  buy $ 23,401.11   sel     $26,500.00   [strat=opponent_aware_diagnostic]
      R10  buy $  5,008.27   sel     $22,500.00   [strat=opponent_aware_diagnostic]
      R11  buy $    227.82   sel     $20,000.00   [strat=opponent_aware_diagnostic]
      R12  buy $ 15,024.40   sel     $19,500.00   [strat=opponent_aware_diagnostic]
      R13  buy $  9,862.35   sel     $18,750.00   [strat=opponent_aware_diagnostic]
      R14  buy $ 10,580.34   sel     $17,000.00   [strat=opponent_aware_diagnostic]
      R15  buy $     87.17   sel     $17,000.00   [strat=opponent_aware_diagnostic]
      R16  buy $ 14,978.31   sel     $16,500.00   [strat=opponent_aware_diagnostic]
   run 7 done in 6.5 min

   run 8/30 on 2016 Cadillac CTS 3.6 Luxury  seed=20661427
      R 1  buy $ 26,166.17   sel     $31,995.00   [strat=opponent_aware_diagnostic] *
      R 2  buy $ 16,951.38   sel     $28,995.00   [strat=opponent_aware_diagnostic]
      R 3  buy $ 10,091.14   sel     $26,500.00   [strat=opponent_aware_diagnostic]
      R 4  buy $  2,712.06   sel     $27,000.00   [strat=opponent_aware_diagnostic]
      R 5  buy $ 17,738.06   sel     $24,995.00   [strat=opponent_aware_diagnostic]
      R 6  buy $  9,077.75   sel     $23,500.00   [strat=opponent_aware_diagnostic]
      R 7  buy $  7,951.69   sel     $22,500.00   [strat=opponent_aware_diagnostic]
      R 8  buy $    877.43   sel     $21,500.00   [strat=opponent_aware_diagnostic]
      R 9  buy $  7,661.70   sel     $20,500.00   [strat=opponent_aware_diagnostic]
      R10  buy $ 14,601.23   sel     $19,500.00   [strat=opponent_aware_diagnostic]
      R11  buy $  7,215.10   sel     $18,500.00   [strat=opponent_aware_diagnostic]
      R12  buy $ 14,525.77   sel     $17,000.00   [strat=opponent_aware_diagnostic]
      R13  buy $  7,944.54   sel     $16,500.00   [strat=opponent_aware_diagnostic]
      R14  buy $ 10,385.19   sel     $15,500.00   [strat=opponent_aware_diagnostic]
      R15  buy $ 10,889.72   sel     $15,900.00   [strat=opponent_aware_diagnostic]
      R16  buy $ 10,029.90   sel     $15,900.00   [strat=opponent_aware_diagnostic]
   run 8 done in 7.8 min

   run 9/30 on 2016 Cadillac CTS 3.6 Luxury  seed=20661428
      R 1  buy $  5,576.64   sel     $19,000.00   [strat=opponent_aware_diagnostic] *
      R 2  buy $  2,598.04   sel     $18,500.00   [strat=opponent_aware_diagnostic]
      R 3  buy $ 18,305.32   sel     $18,305.32   [strat=opponent_aware_diagnostic]
      R 4  buy $ 14,221.24   sel     $18,000.00   [strat=opponent_aware_diagnostic]
      R 5  buy $  8,204.01   sel     $17,500.00   [strat=opponent_aware_diagnostic]
      R 6  buy $ 14,525.26   sel     $17,250.00   [strat=opponent_aware_diagnostic]
      R 7  buy $ 15,741.48   sel     $16,500.00   [strat=opponent_aware_diagnostic]
      R 8  buy $  5,747.13   sel     $16,000.00   [strat=opponent_aware_diagnostic]
      R 9  buy $  2,926.73   sel     $15,995.00   [strat=opponent_aware_diagnostic]
      R10  buy $  6,837.11   sel     $15,750.00   [strat=opponent_aware_diagnostic]
      R11  buy $  3,470.90   sel     $15,750.00   [strat=opponent_aware_diagnostic]
      R12  buy $ 13,204.00   sel     $15,750.00   [strat=opponent_aware_diagnostic]
      R13  buy $  8,405.88   sel     $15,750.00   [strat=opponent_aware_diagnostic]
      R14  buy $    717.06   sel     $15,750.00   [strat=opponent_aware_diagnostic]
      R15  buy $ 12,048.75   sel     $15,750.00   [strat=opponent_aware_diagnostic]
      R16  buy $  8,664.53   sel     $15,750.00   [strat=opponent_aware_diagnostic]
   run 9 done in 6.9 min

   run 10/30 on 2016 Cadillac CTS 3.6 Luxury  seed=20661429
      R 1  buy $ 20,387.02   sel     $26,500.00   [strat=opponent_aware_diagnostic] *
      R 2  buy $ 23,827.90   sel     $25,000.00   [strat=opponent_aware_diagnostic]
      R 3  buy $ 10,099.68   sel     $24,500.00   [strat=opponent_aware_diagnostic]
      R 4  buy $  1,815.28   sel     $24,200.00   [strat=opponent_aware_diagnostic]
      R 5  buy $ 10,393.16   sel     $23,900.00   [strat=opponent_aware_diagnostic]
      R 6  buy $  1,109.87   sel     $23,800.00   [strat=opponent_aware_diagnostic]
      R 7  buy $  9,574.70   sel     $22,500.00   [strat=opponent_aware_diagnostic]
      R 8  buy $    244.62   sel     $19,999.00   [strat=opponent_aware_diagnostic]
      R 9  buy $  4,570.04   sel     $19,500.00   [strat=opponent_aware_diagnostic]
      R10  buy $  5,697.84   sel     $19,000.00   [strat=opponent_aware_diagnostic]
      R11  buy $ 16,684.05   sel     $17,000.00   [strat=opponent_aware_diagnostic]
      R12  buy $  1,003.54   sel     $16,500.00   [strat=opponent_aware_diagnostic]
      R13  buy $    815.01   sel     $16,500.00   [strat=opponent_aware_diagnostic]
      R14  buy $  1,808.80   sel     $16,000.00   [strat=opponent_aware_diagnostic]
      R15  buy $      4.53   sel     $15,900.00   [strat=opponent_aware_diagnostic]
      R16  buy $ 15,310.40   sel     $15,800.00   [strat=opponent_aware_diagnostic]
   run 10 done in 5.8 min

   run 11/30 on 2016 Cadillac CTS 3.6 Luxury  seed=20661430
      R 1  buy $ 30,109.49   sel     $32,499.00   [strat=opponent_aware_diagnostic] *
      R 2  buy $ 14,869.86   sel     $28,995.00   [strat=opponent_aware_diagnostic]
      R 3  buy $  7,085.75   sel     $28,500.00   [strat=opponent_aware_diagnostic]
      R 4  buy $  6,841.20   sel     $28,000.00   [strat=opponent_aware_diagnostic]
      R 5  buy $     88.13   sel     $27,500.00   [strat=opponent_aware_diagnostic]
      R 6  buy $ 24,096.82   sel     $26,995.00   [strat=opponent_aware_diagnostic]
      R 7  buy $ 12,612.11   sel     $25,500.00   [strat=opponent_aware_diagnostic]
      R 8  buy $  7,572.43   sel     $24,995.00   [strat=opponent_aware_diagnostic]
      R 9  buy $ 23,367.36   sel     $24,000.00   [strat=opponent_aware_diagnostic]
      R10  buy $ 10,369.19   sel     $24,500.00   [strat=opponent_aware_diagnostic]
      R11  buy $  3,804.15   sel     $23,999.00   [strat=opponent_aware_diagnostic]
      R12  buy $ 10,322.78   sel     $23,500.00   [strat=opponent_aware_diagnostic]
      R13  buy $ 14,092.42   sel     $22,999.00   [strat=opponent_aware_diagnostic]
      R14  buy $ 11,897.87   sel     $22,500.00   [strat=opponent_aware_diagnostic]
      R15  buy $ 12,839.92   sel     $21,999.00   [strat=opponent_aware_diagnostic]
      R16  buy $ 17,888.04   sel     $20,500.00   [strat=opponent_aware_diagnostic]
   run 11 done in 6.5 min

   run 12/30 on 2016 Cadillac CTS 3.6 Luxury  seed=20661431
      R 1  buy $  2,263.08   sel     $23,999.00   [strat=opponent_aware_diagnostic] *
      R 2  buy $    462.09   sel     $23,500.00   [strat=opponent_aware_diagnostic]
      R 3  buy $  2,795.76   sel     $23,000.00   [strat=opponent_aware_diagnostic]
      R 4  buy $ 21,059.63   sel     $22,500.00   [strat=opponent_aware_diagnostic]
      R 5  buy $    623.72   sel     $22,000.00   [strat=opponent_aware_diagnostic]
      R 6  buy $ 20,683.76   sel     $21,500.00   [strat=opponent_aware_diagnostic]
      R 7  buy $ 10,567.36   sel     $21,000.00   [strat=opponent_aware_diagnostic]
      R 8  buy $  7,373.57   sel     $21,000.00   [strat=opponent_aware_diagnostic]
      R 9  buy $  9,457.88   sel     $20,500.00   [strat=opponent_aware_diagnostic]
      R10  buy $ 16,305.87   sel     $20,000.00   [strat=opponent_aware_diagnostic]
      R11  buy $  5,940.18   sel     $20,000.00   [strat=opponent_aware_diagnostic]
      R12  buy $ 11,024.90   sel     $19,000.00   [strat=opponent_aware_diagnostic]
      R13  buy $ 13,879.40   sel     $18,500.00   [strat=opponent_aware_diagnostic]
      R14  buy $  1,537.46   sel     $18,500.00   [strat=opponent_aware_diagnostic]
      R15  buy $  7,753.30   sel     $18,000.00   [strat=opponent_aware_diagnostic]
      R16  buy $  8,110.54   sel     $17,500.00   [strat=opponent_aware_diagnostic]
   run 12 done in 8.2 min

   run 13/30 on 2016 Cadillac CTS 3.6 Luxury  seed=20661432
      R 1  buy $ 22,184.30   sel     $25,000.00   [strat=opponent_aware_diagnostic] *
      R 2  buy $ 19,651.73   sel     $24,500.00   [strat=opponent_aware_diagnostic]
      R 3  buy $ 22,463.46   sel     $24,000.00   [strat=opponent_aware_diagnostic]
      R 4  buy $ 15,318.66   sel     $23,750.00   [strat=opponent_aware_diagnostic]
      R 5  buy $ 18,958.39   sel     $22,500.00   [strat=opponent_aware_diagnostic]
      R 6  buy $  8,262.77   sel     $21,000.00   [strat=opponent_aware_diagnostic]
      R 7  buy $ 20,809.85   sel     $20,809.85   [strat=opponent_aware_diagnostic]
      R 8  buy $ 15,361.19   sel     $20,500.00   [strat=opponent_aware_diagnostic]
      R 9  buy $  3,098.65   sel     $19,750.00   [strat=opponent_aware_diagnostic]
      R10  buy $ 19,157.91   sel     $19,500.00   [strat=opponent_aware_diagnostic]
      R11  buy $ 19,140.18   sel     $19,200.00   [strat=opponent_aware_diagnostic]
      R12  buy $  1,381.79   sel     $19,000.00   [strat=opponent_aware_diagnostic]
      R13  buy $    694.41   sel     $19,000.00   [strat=opponent_aware_diagnostic]
      R14  buy $ 11,392.19   sel     $18,500.00   [strat=opponent_aware_diagnostic]
      R15  buy $  4,791.21   sel     $18,000.00   [strat=opponent_aware_diagnostic]
      R16  buy $  5,944.14   sel     $17,500.00   [strat=opponent_aware_diagnostic]
   run 13 done in 6.5 min

   run 14/30 on 2016 Cadillac CTS 3.6 Luxury  seed=20661433
      R 1  buy $ 19,592.99   sel     $24,500.00   [strat=opponent_aware_diagnostic] *
      R 2  buy $ 24,427.99   sel     $24,450.00   [strat=opponent_aware_diagnostic]
      R 3  buy $  4,048.20   sel     $24,427.99   [strat=opponent_aware_diagnostic]
      R 4  buy $    651.29   sel     $24,427.99   [strat=opponent_aware_diagnostic]
      R 5  buy $  1,844.12   sel     $24,427.99   [strat=opponent_aware_diagnostic]
      R 6  buy $ 17,306.25   sel     $22,500.00   [strat=opponent_aware_diagnostic]
      R 7  buy $  9,938.38   sel     $21,000.00   [strat=opponent_aware_diagnostic]
      R 8  buy $ 15,246.52   sel     $19,500.00   [strat=opponent_aware_diagnostic]
      R 9  buy $ 13,184.54   sel     $18,000.00   [strat=opponent_aware_diagnostic]
      R10  buy $ 12,135.90   sel     $18,000.00   [strat=opponent_aware_diagnostic]
      R11  buy $ 12,108.07   sel     $18,000.00   [strat=opponent_aware_diagnostic]
      R12  buy $ 15,076.84   sel     $16,500.00   [strat=opponent_aware_diagnostic]
      R13  buy $ 12,894.27   sel     $16,000.00   [strat=opponent_aware_diagnostic]
      R14  buy $    871.78   sel     $16,000.00   [strat=opponent_aware_diagnostic]
      R15  buy $  5,063.91   sel     $16,000.00   [strat=opponent_aware_diagnostic]
      R16  buy $ 13,954.13   sel     $15,500.00   [strat=opponent_aware_diagnostic]
   run 14 done in 7.3 min

   run 15/30 on 2016 Cadillac CTS 3.6 Luxury  seed=20661434
      R 1  buy $ 25,168.82   sel     $29,995.00   [strat=opponent_aware_diagnostic] *
      R 2  buy $ 17,373.64   sel     $27,500.00   [strat=opponent_aware_diagnostic]
      R 3  buy $  3,438.30   sel     $25,000.00   [strat=opponent_aware_diagnostic]
      R 4  buy $  6,693.36   sel     $24,000.00   [strat=opponent_aware_diagnostic]
      R 5  buy $  3,022.57   sel     $22,000.00   [strat=opponent_aware_diagnostic]
      R 6  buy $ 16,576.10   sel     $18,995.00   [strat=opponent_aware_diagnostic]
      R 7  buy $ 11,530.04   sel     $17,500.00   [strat=opponent_aware_diagnostic]
      R 8  buy $ 14,980.56   sel     $16,500.00   [strat=opponent_aware_diagnostic]
      R 9  buy $  4,386.29   sel     $17,000.00   [strat=opponent_aware_diagnostic]
      R10  buy $  1,877.57   sel     $16,000.00   [strat=opponent_aware_diagnostic]
      R11  buy $ 15,311.08   sel     $15,900.00   [strat=opponent_aware_diagnostic]
      R12  buy $  6,766.08   sel     $15,800.00   [strat=opponent_aware_diagnostic]
      R13  buy $  3,772.34   sel     $15,800.00   [strat=opponent_aware_diagnostic]
      R14  buy $  3,457.33   sel     $15,800.00   [strat=opponent_aware_diagnostic]
      R15  buy $ 14,018.39   sel     $15,800.00   [strat=opponent_aware_diagnostic]
      R16  buy $  9,848.67   sel     $15,800.00   [strat=opponent_aware_diagnostic]
   run 15 done in 10.0 min

   run 16/30 on 2016 Cadillac CTS 3.6 Luxury  seed=20661435
      R 1  buy $ 40,432.92   sel     $44,500.00   [strat=opponent_aware_diagnostic] *
      R 2  buy $ 18,228.06   sel     $42,750.00   [strat=opponent_aware_diagnostic]
      R 3  buy $  6,156.83   sel     $41,500.00   [strat=opponent_aware_diagnostic]
      R 4  buy $ 26,511.83   sel     $38,000.00   [strat=opponent_aware_diagnostic]
      R 5  buy $ 13,237.76   sel     $37,500.00   [strat=opponent_aware_diagnostic]
      R 6  buy $ 16,784.41   sel     $35,000.00   [strat=opponent_aware_diagnostic]
      R 7  buy $ 21,634.39   sel     $30,000.00   [strat=opponent_aware_diagnostic]
      R 8  buy $ 13,736.18   sel     $28,000.00   [strat=opponent_aware_diagnostic]
      R 9  buy $  5,381.66   sel     $25,000.00   [strat=opponent_aware_diagnostic]
      R10  buy $ 18,304.44   sel     $20,000.00   [strat=opponent_aware_diagnostic]
      R11  buy $  6,936.14   sel     $22,500.00   [strat=opponent_aware_diagnostic]
      R12  buy $ 20,706.54   sel     $21,500.00   [strat=opponent_aware_diagnostic]
      R13  buy $ 15,066.83   sel     $20,000.00   [strat=opponent_aware_diagnostic]
      R14  buy $  1,663.41   sel     $19,500.00   [strat=opponent_aware_diagnostic]
      R15  buy $ 19,251.79   sel     $19,251.79   [strat=opponent_aware_diagnostic]
      R16  buy $    108.87   sel     $19,000.00   [strat=opponent_aware_diagnostic]
   run 16 done in 6.7 min

   run 17/30 on 2016 Cadillac CTS 3.6 Luxury  seed=20661436
      R 1  buy $ 35,157.47   sel     $38,500.00   [strat=opponent_aware_diagnostic] *
      R 2  buy $ 30,940.08   sel     $37,500.00   [strat=opponent_aware_diagnostic]
      R 3  buy $ 25,308.63   sel     $36,500.00   [strat=opponent_aware_diagnostic]
      R 4  buy $ 22,725.09   sel     $36,000.00   [strat=opponent_aware_diagnostic]
      R 5  buy $ 29,116.78   sel     $35,500.00   [strat=opponent_aware_diagnostic]
      R 6  buy $ 30,619.59   sel     $34,500.00   [strat=opponent_aware_diagnostic]
      R 7  buy $ 15,260.50   sel     $34,000.00   [strat=opponent_aware_diagnostic]
      R 8  buy $  1,187.47   sel     $34,000.00   [strat=opponent_aware_diagnostic]
      R 9  buy $  6,524.42   sel     $33,000.00   [strat=opponent_aware_diagnostic]
      R10  buy $ 31,498.14   sel     $32,500.00   [strat=opponent_aware_diagnostic]
      R11  buy $ 10,596.97   sel     $31,998.00   [strat=opponent_aware_diagnostic]
      R12  buy $ 13,599.33   sel     $31,500.00   [strat=opponent_aware_diagnostic]
      R13  buy $ 16,336.31   sel     $31,000.00   [strat=opponent_aware_diagnostic]
      R14  buy $ 27,407.29   sel     $29,500.00   [strat=opponent_aware_diagnostic]
      R15  buy $ 11,970.96   sel     $28,500.00   [strat=opponent_aware_diagnostic]
      R16  buy $ 20,957.17   sel     $28,000.00   [strat=opponent_aware_diagnostic]
   run 17 done in 6.9 min

   run 18/30 on 2016 Cadillac CTS 3.6 Luxury  seed=20661437
      R 1  buy $  4,345.16   sel     $28,500.00   [strat=opponent_aware_diagnostic] *
      R 2  buy $ 11,611.45   sel     $27,900.00   [strat=opponent_aware_diagnostic]
      R 3  buy $ 10,813.59   sel     $27,500.00   [strat=opponent_aware_diagnostic]
      R 4  buy $  2,357.12   sel     $19,995.00   [strat=opponent_aware_diagnostic]
      R 5  buy $ 10,848.03   sel     $17,995.00   [strat=opponent_aware_diagnostic]
      R 6  buy $  8,045.03   sel     $16,995.00   [strat=opponent_aware_diagnostic]
      R 7  buy $ 11,163.82   sel     $15,995.00   [strat=opponent_aware_diagnostic]
      R 8  buy $  9,493.70   sel     $15,800.00   [strat=opponent_aware_diagnostic]
      R 9  buy $ 10,279.85   sel     $15,750.00   [strat=opponent_aware_diagnostic]
      R10  buy $  5,658.58   sel     $15,750.00   [strat=opponent_aware_diagnostic]
      R11  buy $ 15,636.94   sel     $15,750.00   [strat=opponent_aware_diagnostic]
      R12  buy $  2,105.44   sel     $15,750.00   [strat=opponent_aware_diagnostic]
      R13  buy $     98.95   sel     $15,750.00   [strat=opponent_aware_diagnostic]
      R14  buy $ 10,976.88   sel     $15,750.00   [strat=opponent_aware_diagnostic]
      R15  buy $ 15,108.63   sel     $15,750.00   [strat=opponent_aware_diagnostic]
      R16  buy $  8,337.54   sel     $15,750.00   [strat=opponent_aware_diagnostic]
   run 18 done in 7.0 min

   run 19/30 on 2016 Cadillac CTS 3.6 Luxury  seed=20661438
      R 1  buy $ 27,261.59   sel     $29,500.00   [strat=opponent_aware_diagnostic] *
      R 2  buy $  6,357.13   sel     $28,500.00   [strat=opponent_aware_diagnostic]
      R 3  buy $ 12,608.39   sel     $27,500.00   [strat=opponent_aware_diagnostic]
      R 4  buy $ 25,982.23   sel     $26,900.00   [strat=opponent_aware_diagnostic]
      R 5  buy $  4,829.08   sel     $26,500.00   [strat=opponent_aware_diagnostic]
      R 6  buy $ 26,435.56   sel     $26,435.56   [strat=opponent_aware_diagnostic]
      R 7  buy $ 19,833.98   sel     $25,500.00   [strat=opponent_aware_diagnostic]
      R 8  buy $ 14,537.37   sel     $24,900.00   [strat=opponent_aware_diagnostic]
      R 9  buy $  6,640.81   sel     $23,500.00   [strat=opponent_aware_diagnostic]
      R10  buy $ 17,867.41   sel     $20,500.00   [strat=opponent_aware_diagnostic]
      R11  buy $ 16,935.40   sel     $18,500.00   [strat=opponent_aware_diagnostic]
      R12  buy $ 17,965.79   sel     $18,200.00   [strat=opponent_aware_diagnostic]
      R13  buy $ 13,408.26   sel     $17,500.00   [strat=opponent_aware_diagnostic]
      R14  buy $ 16,732.39   sel     $17,000.00   [strat=opponent_aware_diagnostic]
      R15  buy $  8,470.59   sel     $16,500.00   [strat=opponent_aware_diagnostic]
      R16  buy $  3,086.24   sel     $16,500.00   [strat=opponent_aware_diagnostic]
   run 19 done in 9.6 min

   run 20/30 on 2016 Cadillac CTS 3.6 Luxury  seed=20661439
      R 1  buy $ 12,571.12   sel     $17,499.00   [strat=opponent_aware_diagnostic] *
      R 2  buy $ 11,227.31   sel     $16,500.00   [strat=opponent_aware_diagnostic]
      R 3  buy $  1,654.05   sel     $16,500.00   [strat=opponent_aware_diagnostic]
      R 4  buy $ 13,919.18   sel     $15,500.00   [strat=opponent_aware_diagnostic]
      R 5  buy $  7,623.13   sel     $15,900.00   [strat=opponent_aware_diagnostic]
      R 6  buy $ 15,836.99   sel     $15,836.99   [strat=opponent_aware_diagnostic]
      R 7  buy $     54.20   sel     $15,836.99   [strat=opponent_aware_diagnostic]
      R 8  buy $    190.90   sel     $15,836.99   [strat=opponent_aware_diagnostic]
      R 9  buy $  2,472.88   sel     $15,836.99   [strat=opponent_aware_diagnostic]
      R10  buy $  1,423.11   sel     $15,836.99   [strat=opponent_aware_diagnostic]
      R11  buy $  3,709.10   sel     $15,836.99   [strat=opponent_aware_diagnostic]
      R12  buy $  3,442.66   sel     $15,836.99   [strat=opponent_aware_diagnostic]
      R13  buy $    182.19   sel     $15,836.99   [strat=opponent_aware_diagnostic]
      R14  buy $  3,399.55   sel     $15,836.99   [strat=opponent_aware_diagnostic]
      R15  buy $ 13,295.38   sel     $15,500.00   [strat=opponent_aware_diagnostic]
      R16  buy $ 13,876.42   sel     $15,500.00   [strat=opponent_aware_diagnostic]
   run 20 done in 6.4 min

   run 21/30 on 2016 Cadillac CTS 3.6 Luxury  seed=20661440
      R 1  buy $  9,567.76   sel     $14,990.00   [strat=opponent_aware_diagnostic] *
      R 2  buy $ 11,974.52   sel     $14,000.00   [strat=opponent_aware_diagnostic]
      R 3  buy $  4,722.78   sel     $13,850.00   [strat=opponent_aware_diagnostic]
      R 4  buy $ 11,048.65   sel     $13,600.00   [strat=opponent_aware_diagnostic]
      R 5  buy $  8,854.85   sel     $13,500.00   [strat=opponent_aware_diagnostic]
      R 6  buy $  2,645.91   sel     $13,500.00   [strat=opponent_aware_diagnostic]
      R 7  buy $  3,432.77   sel     $15,999.00   [strat=opponent_aware_diagnostic]
      R 8  buy $  7,393.34   sel     $15,800.00   [strat=opponent_aware_diagnostic]
      R 9  buy $  3,215.25   sel     $15,800.00   [strat=opponent_aware_diagnostic]
      R10  buy $  9,644.53   sel     $15,800.00   [strat=opponent_aware_diagnostic]
      R11  buy $ 15,088.98   sel     $15,400.00   [strat=opponent_aware_diagnostic]
      R12  buy $  5,344.99   sel     $15,800.00   [strat=opponent_aware_diagnostic]
      R13  buy $ 10,067.93   sel     $15,800.00   [strat=opponent_aware_diagnostic]
      R14  buy $  3,408.41   sel     $15,800.00   [strat=opponent_aware_diagnostic]
      R15  buy $  3,935.77   sel     $15,800.00   [strat=opponent_aware_diagnostic]
      R16  buy $ 10,192.88   sel     $15,800.00   [strat=opponent_aware_diagnostic]
   run 21 done in 8.0 min

   run 22/30 on 2016 Cadillac CTS 3.6 Luxury  seed=20661441
      R 1  buy $ 14,895.97   sel     $16,495.97   [strat=opponent_aware_diagnostic] *
      R 2  buy $ 14,122.18   sel     $15,895.97   [strat=opponent_aware_diagnostic]
      R 3  buy $  3,376.07   sel     $15,695.97   [strat=opponent_aware_diagnostic]
      R 4  buy $  5,489.32   sel     $15,895.97   [strat=opponent_aware_diagnostic]
      R 5  buy $  8,648.18   sel     $15,495.97   [strat=opponent_aware_diagnostic]
      R 6  buy $  4,903.94   sel     $15,295.97   [strat=opponent_aware_diagnostic]
      R 7  buy $  6,065.71   sel     $15,795.97   [strat=opponent_aware_diagnostic]
      R 8  buy $  9,953.35   sel     $15,495.97   [strat=opponent_aware_diagnostic]
      R 9  buy $  6,770.38   sel     $15,750.00   [strat=opponent_aware_diagnostic]
      R10  buy $  8,338.43   sel     $15,750.00   [strat=opponent_aware_diagnostic]
      R11  buy $  3,613.19   sel     $15,750.00   [strat=opponent_aware_diagnostic]
      R12  buy $  3,421.77   sel     $15,750.00   [strat=opponent_aware_diagnostic]
      R13  buy $ 11,818.98   sel     $15,500.00   [strat=opponent_aware_diagnostic]
      R14  buy $ 10,095.28   sel     $15,250.00   [strat=opponent_aware_diagnostic]
      R15  buy $ 14,515.98   sel     $15,000.00   [strat=opponent_aware_diagnostic]
      R16  buy $ 12,511.48   sel     $14,875.00   [strat=opponent_aware_diagnostic]
   run 22 done in 6.4 min

   run 23/30 on 2016 Cadillac CTS 3.6 Luxury  seed=20661442
      R 1  buy $ 25,078.18   sel     $26,999.00   [strat=opponent_aware_diagnostic] *
      R 2  buy $ 13,231.88   sel     $25,500.00   [strat=opponent_aware_diagnostic]
      R 3  buy $ 15,979.56   sel     $24,900.00   [strat=opponent_aware_diagnostic]
      R 4  buy $  8,024.44   sel     $24,500.00   [strat=opponent_aware_diagnostic]
      R 5  buy $ 22,292.36   sel     $23,500.00   [strat=opponent_aware_diagnostic]
      R 6  buy $  8,390.19   sel     $22,500.00   [strat=opponent_aware_diagnostic]
      R 7  buy $ 16,787.05   sel     $21,500.00   [strat=opponent_aware_diagnostic]
      R 8  buy $ 20,883.19   sel     $21,000.00   [strat=opponent_aware_diagnostic]
      R 9  buy $ 15,271.11   sel     $20,500.00   [strat=opponent_aware_diagnostic]
      R10  buy $  5,744.22   sel     $20,500.00   [strat=opponent_aware_diagnostic]
      R11  buy $ 15,117.38   sel     $18,000.00   [strat=opponent_aware_diagnostic]
      R12  buy $    643.99   sel     $17,500.00   [strat=opponent_aware_diagnostic]
      R13  buy $  9,725.07   sel     $16,500.00   [strat=opponent_aware_diagnostic]
      R14  buy $  5,920.31   sel     $16,000.00   [strat=opponent_aware_diagnostic]
      R15  buy $  4,058.21   sel     $15,800.00   [strat=opponent_aware_diagnostic]
      R16  buy $  1,814.91   sel     $15,850.00   [strat=opponent_aware_diagnostic]
   run 23 done in 7.1 min

   run 24/30 on 2016 Cadillac CTS 3.6 Luxury  seed=20661443
      R 1  buy $ 35,638.87   sel     $42,500.00   [strat=opponent_aware_diagnostic] *
      R 2  buy $  3,200.27   sel     $42,500.00   [strat=opponent_aware_diagnostic]
      R 3  buy $  6,907.35   sel     $42,500.00   [strat=opponent_aware_diagnostic]
      R 4  buy $ 38,135.52   sel     $41,500.00   [strat=opponent_aware_diagnostic]
      R 5  buy $ 24,052.20   sel     $40,000.00   [strat=opponent_aware_diagnostic]
      R 6  buy $  8,478.47   sel     $40,000.00   [strat=opponent_aware_diagnostic]
      R 7  buy $ 15,292.42   sel     $40,000.00   [strat=opponent_aware_diagnostic]
      R 8  buy $ 12,376.73   sel     $40,000.00   [strat=opponent_aware_diagnostic]
      R 9  buy $ 21,507.16   sel     $39,000.00   [strat=opponent_aware_diagnostic]
      R10  buy $ 25,497.74   sel     $38,000.00   [strat=opponent_aware_diagnostic]
      R11  buy $ 27,499.28   sel     $35,000.00   [strat=opponent_aware_diagnostic]
      R12  buy $  8,316.57   sel     $35,000.00   [strat=opponent_aware_diagnostic]
      R13  buy $ 24,914.56   sel     $30,000.00   [strat=opponent_aware_diagnostic]
      R14  buy $ 21,499.08   sel     $26,999.00   [strat=opponent_aware_diagnostic]
      R15  buy $  7,148.64   sel     $25,500.00   [strat=opponent_aware_diagnostic]
      R16  buy $ 18,817.95   sel     $18,817.95   [strat=opponent_aware_diagnostic]
   run 24 done in 6.9 min

   run 25/30 on 2016 Cadillac CTS 3.6 Luxury  seed=20661444
      R 1  buy $  8,413.90   sel     $19,999.99   [strat=opponent_aware_diagnostic] *
      R 2  buy $  3,790.14   sel     $18,500.00   [strat=opponent_aware_diagnostic]
      R 3  buy $  6,706.63   sel     $17,500.00   [strat=opponent_aware_diagnostic]
      R 4  buy $    768.69   sel     $16,999.00   [strat=opponent_aware_diagnostic]
      R 5  buy $ 15,273.18   sel     $16,499.00   [strat=opponent_aware_diagnostic]
      R 6  buy $ 10,276.59   sel     $15,999.00   [strat=opponent_aware_diagnostic]
      R 7  buy $ 14,747.78   sel     $15,799.00   [strat=opponent_aware_diagnostic]
      R 8  buy $  3,075.58   sel     $15,799.00   [strat=opponent_aware_diagnostic]
      R 9  buy $  9,103.83   sel     $15,799.00   [strat=opponent_aware_diagnostic]
      R10  buy $ 10,594.69   sel     $15,799.00   [strat=opponent_aware_diagnostic]
      R11  buy $  7,162.74   sel     $15,750.00   [strat=opponent_aware_diagnostic]
      R12  buy $ 13,746.94   sel     $15,750.00   [strat=opponent_aware_diagnostic]
      R13  buy $  5,372.49   sel     $15,750.00   [strat=opponent_aware_diagnostic]
      R14  buy $    835.66   sel     $15,750.00   [strat=opponent_aware_diagnostic]
      R15  buy $    802.29   sel     $15,750.00   [strat=opponent_aware_diagnostic]
      R16  buy $  4,265.15   sel     $15,750.00   [strat=opponent_aware_diagnostic]
   run 25 done in 7.4 min

   run 26/30 on 2016 Cadillac CTS 3.6 Luxury  seed=20661445
      R 1  buy $ 11,918.73   sel     $18,995.00   [strat=opponent_aware_diagnostic] *
      R 2  buy $  4,391.81   sel     $18,995.00   [strat=opponent_aware_diagnostic]
      R 3  buy $  2,062.60   sel     $18,500.00   [strat=opponent_aware_diagnostic]
      R 4  buy $ 11,758.62   sel     $17,500.00   [strat=opponent_aware_diagnostic]
      R 5  buy $ 10,887.49   sel     $16,995.00   [strat=opponent_aware_diagnostic]
      R 6  buy $  9,482.20   sel     $16,500.00   [strat=opponent_aware_diagnostic]
      R 7  buy $ 11,232.93   sel     $16,200.00   [strat=opponent_aware_diagnostic]
      R 8  buy $ 10,948.97   sel     $16,000.00   [strat=opponent_aware_diagnostic]
      R 9  buy $  2,948.06   sel     $15,900.00   [strat=opponent_aware_diagnostic]
      R10  buy $  5,936.93   sel     $15,850.00   [strat=opponent_aware_diagnostic]
      R11  buy $ 15,522.92   sel     $15,800.00   [strat=opponent_aware_diagnostic]
      R12  buy $  3,531.48   sel     $15,795.00   [strat=opponent_aware_diagnostic]
      R13  buy $ 11,681.84   sel     $15,795.00   [strat=opponent_aware_diagnostic]
      R14  buy $  8,479.66   sel     $15,795.00   [strat=opponent_aware_diagnostic]
      R15  buy $ 12,403.14   sel     $15,795.00   [strat=opponent_aware_diagnostic]
      R16  buy $    607.67   sel     $15,795.00   [strat=opponent_aware_diagnostic]
   run 26 done in 7.7 min

   run 27/30 on 2016 Cadillac CTS 3.6 Luxury  seed=20661446
      R 1  buy $ 18,662.46   sel     $24,500.00   [strat=opponent_aware_diagnostic] *
      R 2  buy $ 13,552.30   sel     $23,900.00   [strat=opponent_aware_diagnostic]
      R 3  buy $ 23,157.11   sel     $23,600.00   [strat=opponent_aware_diagnostic]
      R 4  buy $ 14,894.67   sel     $23,300.00   [strat=opponent_aware_diagnostic]
      R 5  buy $  5,035.22   sel     $23,000.00   [strat=opponent_aware_diagnostic]
      R 6  buy $ 22,145.79   sel     $22,600.00   [strat=opponent_aware_diagnostic]
      R 7  buy $  4,273.73   sel     $22,000.00   [strat=opponent_aware_diagnostic]
      R 8  buy $ 19,373.79   sel     $20,500.00   [strat=opponent_aware_diagnostic]
      R 9  buy $ 14,218.14   sel     $19,900.00   [strat=opponent_aware_diagnostic]
      R10  buy $  7,392.12   sel     $19,500.00   [strat=opponent_aware_diagnostic]
      R11  buy $ 17,937.79   sel     $18,700.00   [strat=opponent_aware_diagnostic]
      R12  buy $  4,356.20   sel     $18,000.00   [strat=opponent_aware_diagnostic]
      R13  buy $ 10,649.32   sel     $17,500.00   [strat=opponent_aware_diagnostic]
      R14  buy $  7,702.51   sel     $17,250.00   [strat=opponent_aware_diagnostic]
      R15  buy $    542.18   sel     $16,750.00   [strat=opponent_aware_diagnostic]
      R16  buy $ 11,569.15   sel     $16,500.00   [strat=opponent_aware_diagnostic]
   run 27 done in 6.5 min

   run 28/30 on 2016 Cadillac CTS 3.6 Luxury  seed=20661447
      R 1  buy $  4,226.10   sel     PARSE-FAIL   [strat=opponent_aware_diagnostic] *
      R 2  buy $  3,649.55   sel     $18,500.00   [strat=opponent_aware_diagnostic]
      R 3  buy $ 12,408.06   sel     $15,999.00   [strat=opponent_aware_diagnostic]
      R 4  buy $ 13,045.95   sel     $15,250.00   [strat=opponent_aware_diagnostic]
      R 5  buy $ 12,234.25   sel     $15,800.00   [strat=opponent_aware_diagnostic]
      R 6  buy $ 13,480.96   sel     $15,500.00   [strat=opponent_aware_diagnostic]
      R 7  buy $  5,787.26   sel     $15,500.00   [strat=opponent_aware_diagnostic]
      R 8  buy $  8,320.86   sel     $15,800.00   [strat=opponent_aware_diagnostic]
      R 9  buy $ 10,552.28   sel     $15,500.00   [strat=opponent_aware_diagnostic]
      R10  buy $  1,394.03   sel     $15,500.00   [strat=opponent_aware_diagnostic]
      R11  buy $ 11,834.29   sel     $15,800.00   [strat=opponent_aware_diagnostic]
      R12  buy $  6,754.54   sel     $15,800.00   [strat=opponent_aware_diagnostic]
      R13  buy $  4,511.15   sel     $15,800.00   [strat=opponent_aware_diagnostic]
      R14  buy $  2,696.24   sel     $15,800.00   [strat=opponent_aware_diagnostic]
      R15  buy $  5,416.31   sel     $15,750.00   [strat=opponent_aware_diagnostic]
      R16  buy $  4,264.22   sel     $15,750.00   [strat=opponent_aware_diagnostic]
   run 28 done in 7.8 min

   run 29/30 on 2016 Cadillac CTS 3.6 Luxury  seed=20661448
      R 1  buy $ 16,777.54   sel     $19,500.00   [strat=opponent_aware_diagnostic] *
      R 2  buy $ 18,631.24   sel     $18,900.00   [strat=opponent_aware_diagnostic]
      R 3  buy $ 14,589.82   sel     $18,750.00   [strat=opponent_aware_diagnostic]
      R 4  buy $  7,250.91   sel     $18,500.00   [strat=opponent_aware_diagnostic]
      R 5  buy $  6,157.38   sel     $18,500.00   [strat=opponent_aware_diagnostic]
      R 6  buy $ 10,871.07   sel     $18,000.00   [strat=opponent_aware_diagnostic]
      R 7  buy $  9,574.64   sel     $18,000.00   [strat=opponent_aware_diagnostic]
      R 8  buy $  7,324.21   sel     $17,500.00   [strat=opponent_aware_diagnostic]
      R 9  buy $  1,465.56   sel     $17,000.00   [strat=opponent_aware_diagnostic]
      R10  buy $  9,445.67   sel     $16,500.00   [strat=opponent_aware_diagnostic]
      R11  buy $ 14,468.88   sel     $16,000.00   [strat=opponent_aware_diagnostic]
      R12  buy $ 10,829.16   sel     $15,900.00   [strat=opponent_aware_diagnostic]
      R13  buy $  9,631.83   sel     $15,800.00   [strat=opponent_aware_diagnostic]
      R14  buy $  5,972.45   sel     $15,800.00   [strat=opponent_aware_diagnostic]
      R15  buy $  6,737.49   sel     $15,800.00   [strat=opponent_aware_diagnostic]
      R16  buy $  7,198.94   sel     $15,800.00   [strat=opponent_aware_diagnostic]
   run 29 done in 6.0 min

   run 30/30 on 2016 Cadillac CTS 3.6 Luxury  seed=20661449
      R 1  buy $ 20,085.02   sel     $22,499.00   [strat=opponent_aware_diagnostic] *
      R 2  buy $ 16,269.59   sel     $21,999.00   [strat=opponent_aware_diagnostic]
      R 3  buy $ 16,397.74   sel     $20,500.00   [strat=opponent_aware_diagnostic]
      R 4  buy $  3,542.17   sel     $20,500.00   [strat=opponent_aware_diagnostic]
      R 5  buy $ 20,432.49   sel     $20,432.49   [strat=opponent_aware_diagnostic]
      R 6  buy $  1,512.47   sel     $20,432.49   [strat=opponent_aware_diagnostic]
      R 7  buy $ 12,754.39   sel     $19,999.00   [strat=opponent_aware_diagnostic]
      R 8  buy $ 18,785.44   sel     $19,499.00   [strat=opponent_aware_diagnostic]
      R 9  buy $ 10,652.02   sel     $19,000.00   [strat=opponent_aware_diagnostic]
      R10  buy $  8,634.13   sel     $18,500.00   [strat=opponent_aware_diagnostic]
      R11  buy $  3,637.26   sel     $18,500.00   [strat=opponent_aware_diagnostic]
      R12  buy $ 12,831.59   sel     $17,500.00   [strat=opponent_aware_diagnostic]
      R13  buy $ 14,443.97   sel     $16,500.00   [strat=opponent_aware_diagnostic]
      R14  buy $ 10,301.99   sel     $15,999.00   [strat=opponent_aware_diagnostic]
      R15  buy $ 13,983.49   sel     $15,899.00   [strat=opponent_aware_diagnostic]
      R16  buy $ 12,707.49   sel     $15,800.00   [strat=opponent_aware_diagnostic]
   run 30 done in 7.2 min

   ---> checkpoint: car 2/5 done in 215.4 min; total so far 463.7 min; saved 60 runs to exp04_fixed_opponent_aware_diagnostic.json

--- CAR 3/5: 2019 Honda Accord Sport 1.5T  (M=$28,000.00  cost=$14,000.00  cost/M=50.00%) ---

   run 1/30 on 2019 Honda Accord Sport 1.5T  seed=20662420
      R 1  buy $ 26,226.54   sel     $27,500.00   [strat=opponent_aware_diagnostic] *
      R 2  buy $ 24,536.79   sel     $26,500.00   [strat=opponent_aware_diagnostic]
      R 3  buy $ 24,417.61   sel     $26,000.00   [strat=opponent_aware_diagnostic]
      R 4  buy $ 24,686.18   sel     $26,000.00   [strat=opponent_aware_diagnostic]
      R 5  buy $ 25,482.24   sel     $25,750.00   [strat=opponent_aware_diagnostic]
      R 6  buy $ 15,301.26   sel     $25,750.00   [strat=opponent_aware_diagnostic]
      R 7  buy $ 10,863.47   sel     $25,750.00   [strat=opponent_aware_diagnostic]
      R 8  buy $  5,346.20   sel     $25,750.00   [strat=opponent_aware_diagnostic]
      R 9  buy $ 11,988.23   sel     $25,750.00   [strat=opponent_aware_diagnostic]
      R10  buy $ 21,561.58   sel     $25,000.00   [strat=opponent_aware_diagnostic]
      R11  buy $ 23,092.53   sel     $24,500.00   [strat=opponent_aware_diagnostic]
      R12  buy $ 11,417.48   sel     $24,500.00   [strat=opponent_aware_diagnostic]
      R13  buy $ 11,659.75   sel     $24,500.00   [strat=opponent_aware_diagnostic]
      R14  buy $ 15,269.29   sel     $23,500.00   [strat=opponent_aware_diagnostic]
      R15  buy $ 15,151.25   sel     $21,500.00   [strat=opponent_aware_diagnostic]
      R16  buy $ 20,334.35   sel     $21,000.00   [strat=opponent_aware_diagnostic]
   run 1 done in 7.7 min

   run 2/30 on 2019 Honda Accord Sport 1.5T  seed=20662421
      R 1  buy $ 22,253.04   sel     $26,500.00   [strat=opponent_aware_diagnostic] *
      R 2  buy $  4,077.67   sel     $24,500.00   [strat=opponent_aware_diagnostic]
      R 3  buy $ 20,810.38   sel     $22,500.00   [strat=opponent_aware_diagnostic]
      R 4  buy $  9,199.96   sel     $21,000.00   [strat=opponent_aware_diagnostic]
      R 5  buy $ 10,142.89   sel     $20,000.00   [strat=opponent_aware_diagnostic]
      R 6  buy $  7,005.57   sel     $19,500.00   [strat=opponent_aware_diagnostic]
      R 7  buy $  3,241.37   sel     $19,500.00   [strat=opponent_aware_diagnostic]
      R 8  buy $ 12,550.70   sel     $18,500.00   [strat=opponent_aware_diagnostic]
      R 9  buy $  9,509.28   sel     $16,500.00   [strat=opponent_aware_diagnostic]
      R10  buy $  9,450.30   sel     $15,500.00   [strat=opponent_aware_diagnostic]
      R11  buy $ 10,406.69   sel     $14,500.00   [strat=opponent_aware_diagnostic]
      R12  buy $    877.43   sel     $14,250.00   [strat=opponent_aware_diagnostic]
      R13  buy $  8,755.48   sel     $14,000.00   [strat=opponent_aware_diagnostic]
      R14  buy $ 12,377.21   sel     $14,000.00   [strat=opponent_aware_diagnostic]
      R15  buy $  9,429.11   sel     $14,000.00   [strat=opponent_aware_diagnostic]
      R16  buy $  9,917.86   sel     $14,000.00   [strat=opponent_aware_diagnostic]
   run 2 done in 9.1 min

   run 3/30 on 2019 Honda Accord Sport 1.5T  seed=20662422
      R 1  buy $ 17,197.25   sel     $24,995.00   [strat=opponent_aware_diagnostic] *
      R 2  buy $  5,910.26   sel     $24,850.00   [strat=opponent_aware_diagnostic]
      R 3  buy $ 23,127.10   sel     $24,000.00   [strat=opponent_aware_diagnostic]
      R 4  buy $  8,459.98   sel     $23,500.00   [strat=opponent_aware_diagnostic]
      R 5  buy $    526.82   sel     $23,500.00   [strat=opponent_aware_diagnostic]
      R 6  buy $    465.40   sel     $23,500.00   [strat=opponent_aware_diagnostic]
      R 7  buy $  4,560.86   sel     $23,500.00   [strat=opponent_aware_diagnostic]
      R 8  buy $  1,490.36   sel     $23,500.00   [strat=opponent_aware_diagnostic]
      R 9  buy $  5,968.33   sel     $23,500.00   [strat=opponent_aware_diagnostic]
      R10  buy $  6,445.62   sel     $23,500.00   [strat=opponent_aware_diagnostic]
      R11  buy $ 21,319.41   sel     $22,500.00   [strat=opponent_aware_diagnostic]
      R12  buy $ 10,829.21   sel     $22,000.00   [strat=opponent_aware_diagnostic]
      R13  buy $  2,506.04   sel     $21,500.00   [strat=opponent_aware_diagnostic]
      R14  buy $ 11,527.35   sel     $20,000.00   [strat=opponent_aware_diagnostic]
      R15  buy $    115.03   sel     $19,500.00   [strat=opponent_aware_diagnostic]
      R16  buy $ 15,523.43   sel     $17,500.00   [strat=opponent_aware_diagnostic]
   run 3 done in 7.7 min

   run 4/30 on 2019 Honda Accord Sport 1.5T  seed=20662423
      R 1  buy $ 10,631.57   sel     $25,995.00   [strat=opponent_aware_diagnostic] *
      R 2  buy $ 22,696.83   sel     $24,500.00   [strat=opponent_aware_diagnostic]
      R 3  buy $  8,004.32   sel     $24,400.00   [strat=opponent_aware_diagnostic]
      R 4  buy $ 14,809.69   sel     $23,500.00   [strat=opponent_aware_diagnostic]
      R 5  buy $ 21,457.09   sel     $23,000.00   [strat=opponent_aware_diagnostic]
      R 6  buy $ 19,536.65   sel     $22,000.00   [strat=opponent_aware_diagnostic]
      R 7  buy $  4,414.27   sel     $22,000.00   [strat=opponent_aware_diagnostic]
      R 8  buy $ 11,398.06   sel     $22,000.00   [strat=opponent_aware_diagnostic]
      R 9  buy $ 12,770.12   sel     $21,500.00   [strat=opponent_aware_diagnostic]
      R10  buy $ 21,345.61   sel     $21,400.00   [strat=opponent_aware_diagnostic]
      R11  buy $  5,987.54   sel     $21,500.00   [strat=opponent_aware_diagnostic]
      R12  buy $ 15,493.17   sel     $18,500.00   [strat=opponent_aware_diagnostic]
      R13  buy $ 13,555.72   sel     $16,500.00   [strat=opponent_aware_diagnostic]
      R14  buy $  5,749.85   sel     $16,000.00   [strat=opponent_aware_diagnostic]
      R15  buy $ 14,667.53   sel     $15,500.00   [strat=opponent_aware_diagnostic]
      R16  buy $ 12,960.47   sel     $15,000.00   [strat=opponent_aware_diagnostic]
   run 4 done in 7.2 min

   run 5/30 on 2019 Honda Accord Sport 1.5T  seed=20662424
      R 1  buy $ 16,126.63   sel     $18,995.00   [strat=opponent_aware_diagnostic] *
      R 2  buy $ 14,089.23   sel     $17,995.00   [strat=opponent_aware_diagnostic]
      R 3  buy $ 12,844.51   sel     $17,500.00   [strat=opponent_aware_diagnostic]
      R 4  buy $ 12,288.00   sel     $17,000.00   [strat=opponent_aware_diagnostic]
      R 5  buy $  3,055.30   sel     $17,000.00   [strat=opponent_aware_diagnostic]
      R 6  buy $  6,028.32   sel     $16,500.00   [strat=opponent_aware_diagnostic]
      R 7  buy $  2,692.96   sel     $15,500.00   [strat=opponent_aware_diagnostic]
      R 8  buy $ 11,554.08   sel     $15,500.00   [strat=opponent_aware_diagnostic]
      R 9  buy $ 10,661.79   sel     $15,500.00   [strat=opponent_aware_diagnostic]
      R10  buy $ 15,279.44   sel     $15,279.44   [strat=opponent_aware_diagnostic]
      R11  buy $ 12,860.53   sel     $15,279.44   [strat=opponent_aware_diagnostic]
      R12  buy $  1,094.20   sel     $15,279.44   [strat=opponent_aware_diagnostic]
      R13  buy $ 12,014.43   sel     $15,279.44   [strat=opponent_aware_diagnostic]
      R14  buy $  2,533.27   sel     $14,900.00   [strat=opponent_aware_diagnostic]
      R15  buy $ 14,034.58   sel     $14,034.58   [strat=opponent_aware_diagnostic]
      R16  buy $ 10,536.63   sel     $14,200.00   [strat=opponent_aware_diagnostic]
   run 5 done in 8.2 min

   run 6/30 on 2019 Honda Accord Sport 1.5T  seed=20662425
      R 1  buy $  2,961.30   sel     $25,999.00   [strat=opponent_aware_diagnostic] *
      R 2  buy $  9,280.55   sel     $24,999.00   [strat=opponent_aware_diagnostic]
      R 3  buy $ 18,448.70   sel     $23,999.00   [strat=opponent_aware_diagnostic]
      R 4  buy $  4,418.49   sel     $22,999.00   [strat=opponent_aware_diagnostic]
      R 5  buy $    588.76   sel     $22,500.00   [strat=opponent_aware_diagnostic]
      R 6  buy $  6,200.51   sel     $21,500.00   [strat=opponent_aware_diagnostic]
      R 7  buy $ 11,677.62   sel     $20,999.00   [strat=opponent_aware_diagnostic]
      R 8  buy $  5,420.21   sel     $20,500.00   [strat=opponent_aware_diagnostic]
      R 9  buy $ 13,857.93   sel     $19,999.00   [strat=opponent_aware_diagnostic]
      R10  buy $ 17,548.29   sel     $18,500.00   [strat=opponent_aware_diagnostic]
      R11  buy $ 12,603.78   sel     $17,500.00   [strat=opponent_aware_diagnostic]
      R12  buy $ 15,421.86   sel     $16,500.00   [strat=opponent_aware_diagnostic]
      R13  buy $  6,245.49   sel     $15,999.00   [strat=opponent_aware_diagnostic]
      R14  buy $  8,259.65   sel     $15,500.00   [strat=opponent_aware_diagnostic]
      R15  buy $  3,547.59   sel     $15,000.00   [strat=opponent_aware_diagnostic]
      R16  buy $  6,521.52   sel     $14,500.00   [strat=opponent_aware_diagnostic]
   run 6 done in 7.6 min

   run 7/30 on 2019 Honda Accord Sport 1.5T  seed=20662426
      R 1  buy $  6,611.22   sel     $24,995.00   [strat=opponent_aware_diagnostic] *
      R 2  buy $  1,869.93   sel     $24,850.00   [strat=opponent_aware_diagnostic]
      R 3  buy $ 19,893.42   sel     $24,500.00   [strat=opponent_aware_diagnostic]
      R 4  buy $ 15,117.76   sel     $24,000.00   [strat=opponent_aware_diagnostic]
      R 5  buy $  5,162.14   sel     $23,500.00   [strat=opponent_aware_diagnostic]
      R 6  buy $ 16,717.29   sel     $23,000.00   [strat=opponent_aware_diagnostic]
      R 7  buy $ 22,962.84   sel     $22,981.42   [strat=opponent_aware_diagnostic]
      R 8  buy $  2,249.50   sel     $22,500.00   [strat=opponent_aware_diagnostic]
      R 9  buy $ 10,863.32   sel     $21,500.00   [strat=opponent_aware_diagnostic]
      R10  buy $  6,350.59   sel     $21,000.00   [strat=opponent_aware_diagnostic]
      R11  buy $  4,112.88   sel     $20,500.00   [strat=opponent_aware_diagnostic]
      R12  buy $  2,683.78   sel     $20,000.00   [strat=opponent_aware_diagnostic]
      R13  buy $ 18,444.01   sel     $19,500.00   [strat=opponent_aware_diagnostic]
      R14  buy $    570.12   sel     $20,000.00   [strat=opponent_aware_diagnostic]
      R15  buy $  4,721.15   sel     $19,000.00   [strat=opponent_aware_diagnostic]
      R16  buy $ 17,933.67   sel     $18,500.00   [strat=opponent_aware_diagnostic]
   run 7 done in 8.5 min

   run 8/30 on 2019 Honda Accord Sport 1.5T  seed=20662427
      R 1  buy $ 23,608.75   sel     $27,500.00   [strat=opponent_aware_diagnostic] *
      R 2  buy $  5,373.44   sel     $27,000.00   [strat=opponent_aware_diagnostic]
      R 3  buy $  3,444.37   sel     $26,500.00   [strat=opponent_aware_diagnostic]
      R 4  buy $ 17,326.43   sel     $25,000.00   [strat=opponent_aware_diagnostic]
      R 5  buy $    798.85   sel     $24,500.00   [strat=opponent_aware_diagnostic]
      R 6  buy $ 14,972.89   sel     $19,500.00   [strat=opponent_aware_diagnostic]
      R 7  buy $  2,828.76   sel     $17,500.00   [strat=opponent_aware_diagnostic]
      R 8  buy $ 10,505.70   sel     $16,000.00   [strat=opponent_aware_diagnostic]
      R 9  buy $  5,901.09   sel     $15,000.00   [strat=opponent_aware_diagnostic]
      R10  buy $  5,036.59   sel     $14,500.00   [strat=opponent_aware_diagnostic]
      R11  buy $ 14,337.63   sel     $14,337.63   [strat=opponent_aware_diagnostic]
      R12  buy $ 14,006.09   sel     $14,500.00   [strat=opponent_aware_diagnostic]
      R13  buy $  4,185.51   sel     $14,500.00   [strat=opponent_aware_diagnostic]
      R14  buy $  1,209.91   sel     $14,300.00   [strat=opponent_aware_diagnostic]
      R15  buy $ 10,877.31   sel     $13,500.00   [strat=opponent_aware_diagnostic]
      R16  buy $  4,184.28   sel     $13,000.00   [strat=opponent_aware_diagnostic]
   run 8 done in 6.8 min

   run 9/30 on 2019 Honda Accord Sport 1.5T  seed=20662428
      R 1  buy $ 17,600.59   sel     $22,500.00   [strat=opponent_aware_diagnostic] *
      R 2  buy $  1,372.78   sel     $22,500.00   [strat=opponent_aware_diagnostic]
      R 3  buy $  9,429.17   sel     $21,500.00   [strat=opponent_aware_diagnostic]
      R 4  buy $ 12,222.45   sel     $20,500.00   [strat=opponent_aware_diagnostic]
      R 5  buy $  8,873.15   sel     $19,500.00   [strat=opponent_aware_diagnostic]
      R 6  buy $ 17,153.43   sel     $18,327.00   [strat=opponent_aware_diagnostic]
      R 7  buy $  8,005.96   sel     $17,500.00   [strat=opponent_aware_diagnostic]
      R 8  buy $  3,485.52   sel     $17,000.00   [strat=opponent_aware_diagnostic]
      R 9  buy $  4,454.77   sel     $17,000.00   [strat=opponent_aware_diagnostic]
      R10  buy $  1,186.17   sel     $17,000.00   [strat=opponent_aware_diagnostic]
      R11  buy $  2,302.53   sel     $17,000.00   [strat=opponent_aware_diagnostic]
      R12  buy $  7,712.09   sel     $17,000.00   [strat=opponent_aware_diagnostic]
      R13  buy $  9,314.84   sel     $16,900.00   [strat=opponent_aware_diagnostic]
      R14  buy $    516.43   sel     $16,900.00   [strat=opponent_aware_diagnostic]
      R15  buy $    993.67   sel     $16,800.00   [strat=opponent_aware_diagnostic]
      R16  buy $ 13,383.87   sel     $16,500.00   [strat=opponent_aware_diagnostic]
   run 9 done in 7.0 min

   run 10/30 on 2019 Honda Accord Sport 1.5T  seed=20662429
      R 1  buy $ 26,355.42   sel     $27,800.00   [strat=opponent_aware_diagnostic] *
      R 2  buy $ 13,429.67   sel     $27,000.00   [strat=opponent_aware_diagnostic]
      R 3  buy $ 20,441.21   sel     $26,000.00   [strat=opponent_aware_diagnostic]
      R 4  buy $  4,009.67   sel     $25,500.00   [strat=opponent_aware_diagnostic]
      R 5  buy $ 13,112.17   sel     $25,000.00   [strat=opponent_aware_diagnostic]
      R 6  buy $ 10,068.91   sel     $24,500.00   [strat=opponent_aware_diagnostic]
      R 7  buy $ 10,387.91   sel     $24,000.00   [strat=opponent_aware_diagnostic]
      R 8  buy $ 20,953.89   sel     $23,000.00   [strat=opponent_aware_diagnostic]
      R 9  buy $ 15,880.84   sel     $22,000.00   [strat=opponent_aware_diagnostic]
      R10  buy $ 17,333.48   sel     $21,500.00   [strat=opponent_aware_diagnostic]
      R11  buy $  5,309.42   sel     $21,000.00   [strat=opponent_aware_diagnostic]
      R12  buy $  8,817.65   sel     $20,000.00   [strat=opponent_aware_diagnostic]
      R13  buy $  5,416.72   sel     $18,500.00   [strat=opponent_aware_diagnostic]
      R14  buy $  9,838.31   sel     $17,500.00   [strat=opponent_aware_diagnostic]
      R15  buy $ 17,020.02   sel     $17,020.02   [strat=opponent_aware_diagnostic]
      R16  buy $    806.28   sel     $17,000.00   [strat=opponent_aware_diagnostic]
   run 10 done in 10.8 min

   run 11/30 on 2019 Honda Accord Sport 1.5T  seed=20662430
      R 1  buy $  1,924.86   sel     $25,500.00   [strat=opponent_aware_diagnostic] *
      R 2  buy $ 12,426.53   sel     $24,500.00   [strat=opponent_aware_diagnostic]
      R 3  buy $  3,459.67   sel     $24,500.00   [strat=opponent_aware_diagnostic]
      R 4  buy $ 18,262.14   sel     $23,500.00   [strat=opponent_aware_diagnostic]
      R 5  buy $  1,242.03   sel     $23,500.00   [strat=opponent_aware_diagnostic]
      R 6  buy $  8,099.94   sel     $23,500.00   [strat=opponent_aware_diagnostic]
      R 7  buy $  7,297.81   sel     $23,000.00   [strat=opponent_aware_diagnostic]
      R 8  buy $  6,001.57   sel     $22,500.00   [strat=opponent_aware_diagnostic]
      R 9  buy $  2,295.31   sel     $20,000.00   [strat=opponent_aware_diagnostic]
      R10  buy $  6,855.78   sel     $19,500.00   [strat=opponent_aware_diagnostic]
      R11  buy $ 10,419.22   sel     $17,500.00   [strat=opponent_aware_diagnostic]
      R12  buy $ 13,802.86   sel     $16,000.00   [strat=opponent_aware_diagnostic]
      R13  buy $  6,189.33   sel     $15,500.00   [strat=opponent_aware_diagnostic]
      R14  buy $ 11,793.98   sel     $15,000.00   [strat=opponent_aware_diagnostic]
      R15  buy $  9,598.77   sel     $15,000.00   [strat=opponent_aware_diagnostic]
      R16  buy $ 14,011.50   sel     $14,500.00   [strat=opponent_aware_diagnostic]
   run 11 done in 10.9 min

   run 12/30 on 2019 Honda Accord Sport 1.5T  seed=20662431
      R 1  buy $  2,871.22   sel     $27,000.00   [strat=opponent_aware_diagnostic] *
      R 2  buy $ 15,204.42   sel     $26,000.00   [strat=opponent_aware_diagnostic]
      R 3  buy $ 15,922.33   sel     $24,500.00   [strat=opponent_aware_diagnostic]
      R 4  buy $  9,274.22   sel     $23,000.00   [strat=opponent_aware_diagnostic]
      R 5  buy $  7,651.53   sel     $22,500.00   [strat=opponent_aware_diagnostic]
      R 6  buy $ 16,164.23   sel     $22,000.00   [strat=opponent_aware_diagnostic]
      R 7  buy $  5,491.04   sel     $22,000.00   [strat=opponent_aware_diagnostic]
      R 8  buy $ 19,117.03   sel     $21,000.00   [strat=opponent_aware_diagnostic]
      R 9  buy $ 19,697.13   sel     $20,500.00   [strat=opponent_aware_diagnostic]
      R10  buy $  9,813.83   sel     $21,000.00   [strat=opponent_aware_diagnostic]
      R11  buy $ 15,306.97   sel     $15,306.97   [strat=opponent_aware_diagnostic]
      R12  buy $  3,406.54   sel     $21,000.00   [strat=opponent_aware_diagnostic]
      R13  buy $  9,336.18   sel     $20,000.00   [strat=opponent_aware_diagnostic]
      R14  buy $  7,253.94   sel     $20,000.00   [strat=opponent_aware_diagnostic]
      R15  buy $    914.10   sel     $18,000.00   [strat=opponent_aware_diagnostic]
      R16  buy $    345.11   sel     $17,500.00   [strat=opponent_aware_diagnostic]
   run 12 done in 7.6 min

   run 13/30 on 2019 Honda Accord Sport 1.5T  seed=20662432
      R 1  buy $  6,303.29   sel     $26,995.00   [strat=opponent_aware_diagnostic] *
      R 2  buy $ 17,948.06   sel     $23,995.00   [strat=opponent_aware_diagnostic]
      R 3  buy $  3,436.01   sel     $21,995.00   [strat=opponent_aware_diagnostic]
      R 4  buy $ 16,984.88   sel     $20,995.00   [strat=opponent_aware_diagnostic]
      R 5  buy $  8,565.89   sel     $20,500.00   [strat=opponent_aware_diagnostic]
      R 6  buy $  9,228.40   sel     $19,995.00   [strat=opponent_aware_diagnostic]
      R 7  buy $    681.85   sel     $19,500.00   [strat=opponent_aware_diagnostic]
      R 8  buy $  2,496.56   sel     $19,000.00   [strat=opponent_aware_diagnostic]
      R 9  buy $ 12,116.46   sel     $16,995.00   [strat=opponent_aware_diagnostic]
      R10  buy $  9,792.84   sel     $15,995.00   [strat=opponent_aware_diagnostic]
      R11  buy $  5,699.05   sel     $15,500.00   [strat=opponent_aware_diagnostic]
      R12  buy $  5,874.84   sel     $14,995.00   [strat=opponent_aware_diagnostic]
      R13  buy $ 10,518.11   sel     $14,500.00   [strat=opponent_aware_diagnostic]
      R14  buy $ 12,417.30   sel     $14,250.00   [strat=opponent_aware_diagnostic]
      R15  buy $  7,846.80   sel     $14,200.00   [strat=opponent_aware_diagnostic]
      R16  buy $ 11,236.26   sel     $14,100.00   [strat=opponent_aware_diagnostic]
   run 13 done in 10.2 min

   run 14/30 on 2019 Honda Accord Sport 1.5T  seed=20662433
      R 1  buy $  4,362.57   sel     $24,995.00   [strat=opponent_aware_diagnostic] *
      R 2  buy $  8,422.18   sel     $23,500.00   [strat=opponent_aware_diagnostic]
      R 3  buy $  6,510.41   sel     $22,000.00   [strat=opponent_aware_diagnostic]
      R 4  buy $  4,771.45   sel     $22,000.00   [strat=opponent_aware_diagnostic]
      R 5  buy $ 17,375.53   sel     $19,500.00   [strat=opponent_aware_diagnostic]
      R 6  buy $ 13,012.76   sel     $18,500.00   [strat=opponent_aware_diagnostic]
      R 7  buy $  6,398.50   sel     $17,500.00   [strat=opponent_aware_diagnostic]
      R 8  buy $ 10,045.50   sel     $16,500.00   [strat=opponent_aware_diagnostic]
      R 9  buy $ 16,198.68   sel     $16,500.00   [strat=opponent_aware_diagnostic]
      R10  buy $  2,045.75   sel     $16,000.00   [strat=opponent_aware_diagnostic]
      R11  buy $  8,133.73   sel     $15,500.00   [strat=opponent_aware_diagnostic]
      R12  buy $  4,182.75   sel     $15,000.00   [strat=opponent_aware_diagnostic]
      R13  buy $ 11,569.66   sel     $14,500.00   [strat=opponent_aware_diagnostic]
      R14  buy $  9,240.00   sel     $14,000.00   [strat=opponent_aware_diagnostic]
      R15  buy $  6,930.83   sel     $14,000.00   [strat=opponent_aware_diagnostic]
      R16  buy $    914.97   sel     $13,500.00   [strat=opponent_aware_diagnostic]
   run 14 done in 9.4 min

   run 15/30 on 2019 Honda Accord Sport 1.5T  seed=20662434
      R 1  buy $ 17,548.01   sel     $24,995.99   [strat=opponent_aware_diagnostic] *
      R 2  buy $ 17,819.95   sel     $24,500.00   [strat=opponent_aware_diagnostic]
      R 3  buy $ 20,772.62   sel     $23,500.00   [strat=opponent_aware_diagnostic]
      R 4  buy $ 22,975.02   sel     $23,200.00   [strat=opponent_aware_diagnostic]
      R 5  buy $ 16,665.78   sel     $22,500.00   [strat=opponent_aware_diagnostic]
      R 6  buy $ 19,120.98   sel     $21,500.00   [strat=opponent_aware_diagnostic]
      R 7  buy $  8,712.77   sel     $21,500.00   [strat=opponent_aware_diagnostic]
      R 8  buy $ 16,713.06   sel     $21,000.00   [strat=opponent_aware_diagnostic]
      R 9  buy $ 15,072.54   sel     $20,500.00   [strat=opponent_aware_diagnostic]
      R10  buy $  2,172.43   sel     $20,000.00   [strat=opponent_aware_diagnostic]
      R11  buy $    557.07   sel     $20,000.00   [strat=opponent_aware_diagnostic]
      R12  buy $ 15,322.19   sel     $18,500.00   [strat=opponent_aware_diagnostic]
      R13  buy $  1,467.62   sel     $18,500.00   [strat=opponent_aware_diagnostic]
      R14  buy $  7,929.10   sel     $18,000.00   [strat=opponent_aware_diagnostic]
      R15  buy $ 11,837.43   sel     $18,000.00   [strat=opponent_aware_diagnostic]
      R16  buy $  7,371.54   sel     $17,500.00   [strat=opponent_aware_diagnostic]
   run 15 done in 8.2 min

   run 16/30 on 2019 Honda Accord Sport 1.5T  seed=20662435
      R 1  buy $ 14,027.84   sel     $26,500.00   [strat=opponent_aware_diagnostic] *
      R 2  buy $  5,336.98   sel     $25,900.00   [strat=opponent_aware_diagnostic]
      R 3  buy $ 14,049.43   sel     $25,750.00   [strat=opponent_aware_diagnostic]
      R 4  buy $ 24,692.01   sel     $25,500.00   [strat=opponent_aware_diagnostic]
      R 5  buy $ 15,224.25   sel     $25,500.00   [strat=opponent_aware_diagnostic]
      R 6  buy $  2,956.62   sel     $25,500.00   [strat=opponent_aware_diagnostic]
      R 7  buy $ 23,477.02   sel     $25,000.00   [strat=opponent_aware_diagnostic]
      R 8  buy $ 11,429.56   sel     $24,500.00   [strat=opponent_aware_diagnostic]
      R 9  buy $  7,976.02   sel     $23,477.02   [strat=opponent_aware_diagnostic]
      R10  buy $ 11,529.25   sel     $23,000.00   [strat=opponent_aware_diagnostic]
      R11  buy $  7,389.87   sel     $22,500.00   [strat=opponent_aware_diagnostic]
      R12  buy $  8,615.52   sel     $22,000.00   [strat=opponent_aware_diagnostic]
      R13  buy $ 17,128.06   sel     $19,500.00   [strat=opponent_aware_diagnostic]
      R14  buy $  9,174.58   sel     $18,000.00   [strat=opponent_aware_diagnostic]
      R15  buy $  2,504.32   sel     $17,500.00   [strat=opponent_aware_diagnostic]
      R16  buy $  3,358.54   sel     $16,500.00   [strat=opponent_aware_diagnostic]
   run 16 done in 9.0 min

   run 17/30 on 2019 Honda Accord Sport 1.5T  seed=20662436
      R 1  buy $  3,545.81   sel     $25,500.00   [strat=opponent_aware_diagnostic] *
      R 2  buy $ 14,872.71   sel     $22,500.00   [strat=opponent_aware_diagnostic]
      R 3  buy $ 14,556.57   sel     $21,000.00   [strat=opponent_aware_diagnostic]
      R 4  buy $ 10,251.24   sel     $20,500.00   [strat=opponent_aware_diagnostic]
      R 5  buy $  6,934.60   sel     $19,500.00   [strat=opponent_aware_diagnostic]
      R 6  buy $  6,605.47   sel     $19,000.00   [strat=opponent_aware_diagnostic]
      R 7  buy $  5,521.12   sel     $18,000.00   [strat=opponent_aware_diagnostic]
      R 8  buy $ 16,979.12   sel     $17,250.00   [strat=opponent_aware_diagnostic]
      R 9  buy $  2,287.98   sel     $17,250.00   [strat=opponent_aware_diagnostic]
      R10  buy $  7,766.98   sel     $17,250.00   [strat=opponent_aware_diagnostic]
      R11  buy $ 12,285.21   sel     $16,000.00   [strat=opponent_aware_diagnostic]
      R12  buy $ 10,989.24   sel     $16,000.00   [strat=opponent_aware_diagnostic]
      R13  buy $  9,677.42   sel     $15,500.00   [strat=opponent_aware_diagnostic]
      R14  buy $ 13,598.76   sel     $14,900.00   [strat=opponent_aware_diagnostic]
      R15  buy $  8,847.02   sel     $14,500.00   [strat=opponent_aware_diagnostic]
      R16  buy $  9,019.95   sel     $14,300.00   [strat=opponent_aware_diagnostic]
   run 17 done in 11.0 min

   run 18/30 on 2019 Honda Accord Sport 1.5T  seed=20662437
      R 1  buy $    399.31   sel     $25,500.00   [strat=opponent_aware_diagnostic] *
      R 2  buy $ 22,168.50   sel     $24,000.00   [strat=opponent_aware_diagnostic]
      R 3  buy $ 13,939.59   sel     $24,000.00   [strat=opponent_aware_diagnostic]
      R 4  buy $ 22,031.37   sel     $23,500.00   [strat=opponent_aware_diagnostic]
      R 5  buy $ 22,997.54   sel     $23,250.00   [strat=opponent_aware_diagnostic]
      R 6  buy $  2,272.20   sel     $23,250.00   [strat=opponent_aware_diagnostic]
      R 7  buy $ 14,830.15   sel     $20,000.00   [strat=opponent_aware_diagnostic]
      R 8  buy $ 13,833.80   sel     $19,500.00   [strat=opponent_aware_diagnostic]
      R 9  buy $ 16,449.39   sel     $17,500.00   [strat=opponent_aware_diagnostic]
      R10  buy $ 13,221.72   sel     $16,000.00   [strat=opponent_aware_diagnostic]
      R11  buy $    568.18   sel     $15,500.00   [strat=opponent_aware_diagnostic]
      R12  buy $ 14,177.33   sel     $14,800.00   [strat=opponent_aware_diagnostic]
      R13  buy $  3,360.71   sel     $14,500.00   [strat=opponent_aware_diagnostic]
      R14  buy $  7,544.31   sel     $14,300.00   [strat=opponent_aware_diagnostic]
      R15  buy $  6,927.03   sel     $14,250.00   [strat=opponent_aware_diagnostic]
      R16  buy $  3,009.04   sel     $14,250.00   [strat=opponent_aware_diagnostic]
   run 18 done in 10.5 min

   run 19/30 on 2019 Honda Accord Sport 1.5T  seed=20662438
      R 1  buy $ 19,747.31   sel     $25,500.00   [strat=opponent_aware_diagnostic] *
      R 2  buy $ 19,817.42   sel     $24,500.00   [strat=opponent_aware_diagnostic]
      R 3  buy $ 14,476.69   sel     $23,999.00   [strat=opponent_aware_diagnostic]
      R 4  buy $ 19,688.15   sel     $23,500.00   [strat=opponent_aware_diagnostic]
      R 5  buy $ 16,040.19   sel     $22,999.00   [strat=opponent_aware_diagnostic]
      R 6  buy $ 15,051.20   sel     $22,500.00   [strat=opponent_aware_diagnostic]
      R 7  buy $ 17,021.08   sel     $22,000.00   [strat=opponent_aware_diagnostic]
      R 8  buy $  7,068.72   sel     $21,500.00   [strat=opponent_aware_diagnostic]
      R 9  buy $ 16,245.12   sel     $19,999.00   [strat=opponent_aware_diagnostic]
      R10  buy $  5,273.24   sel     $19,500.00   [strat=opponent_aware_diagnostic]
      R11  buy $  9,416.86   sel     $19,000.00   [strat=opponent_aware_diagnostic]
      R12  buy $ 11,816.16   sel     $18,500.00   [strat=opponent_aware_diagnostic]
      R13  buy $  2,844.28   sel     $17,500.00   [strat=opponent_aware_diagnostic]
      R14  buy $ 10,013.75   sel     $16,500.00   [strat=opponent_aware_diagnostic]
      R15  buy $  6,962.67   sel     $15,999.00   [strat=opponent_aware_diagnostic]
      R16  buy $ 12,373.37   sel     $15,500.00   [strat=opponent_aware_diagnostic]
   run 19 done in 8.9 min

   run 20/30 on 2019 Honda Accord Sport 1.5T  seed=20662439
      R 1  buy $ 16,805.41   sel     $18,500.00   [strat=opponent_aware_diagnostic] *
      R 2  buy $ 16,714.57   sel     $18,250.00   [strat=opponent_aware_diagnostic]
      R 3  buy $ 15,707.43   sel     $17,800.00   [strat=opponent_aware_diagnostic]
      R 4  buy $ 13,455.33   sel     $17,500.00   [strat=opponent_aware_diagnostic]
      R 5  buy $    191.20   sel     $17,250.00   [strat=opponent_aware_diagnostic]
      R 6  buy $  1,744.48   sel     $17,000.00   [strat=opponent_aware_diagnostic]
      R 7  buy $  1,141.17   sel     $16,500.00   [strat=opponent_aware_diagnostic]
      R 8  buy $  6,648.75   sel     $16,250.00   [strat=opponent_aware_diagnostic]
      R 9  buy $ 13,747.34   sel     $16,000.00   [strat=opponent_aware_diagnostic]
      R10  buy $    115.80   sel     $15,999.00   [strat=opponent_aware_diagnostic]
      R11  buy $  6,603.78   sel     $15,999.00   [strat=opponent_aware_diagnostic]
      R12  buy $ 15,045.22   sel     $15,500.00   [strat=opponent_aware_diagnostic]
      R13  buy $  6,227.70   sel     $15,250.00   [strat=opponent_aware_diagnostic]
      R14  buy $ 13,361.49   sel     $14,800.00   [strat=opponent_aware_diagnostic]
      R15  buy $  5,086.62   sel     $14,500.00   [strat=opponent_aware_diagnostic]
      R16  buy $  2,905.13   sel     $14,250.00   [strat=opponent_aware_diagnostic]
   run 20 done in 8.3 min

   run 21/30 on 2019 Honda Accord Sport 1.5T  seed=20662440
      R 1  buy $ 15,712.47   sel     $24,995.00   [strat=opponent_aware_diagnostic] *
      R 2  buy $ 15,869.51   sel     $23,500.00   [strat=opponent_aware_diagnostic]
      R 3  buy $  2,553.44   sel     $22,500.00   [strat=opponent_aware_diagnostic]
      R 4  buy $ 15,312.04   sel     $19,999.00   [strat=opponent_aware_diagnostic]
      R 5  buy $ 10,724.60   sel     $18,500.00   [strat=opponent_aware_diagnostic]
      R 6  buy $  3,524.35   sel     $17,250.00   [strat=opponent_aware_diagnostic]
      R 7  buy $ 15,998.21   sel     $16,500.00   [strat=opponent_aware_diagnostic]
      R 8  buy $  7,886.01   sel     $16,000.00   [strat=opponent_aware_diagnostic]
      R 9  buy $  8,174.24   sel     $15,900.00   [strat=opponent_aware_diagnostic]
      R10  buy $  2,242.82   sel     $15,900.00   [strat=opponent_aware_diagnostic]
      R11  buy $ 12,038.67   sel     $15,500.00   [strat=opponent_aware_diagnostic]
      R12  buy $  3,534.11   sel     $15,500.00   [strat=opponent_aware_diagnostic]
      R13  buy $  6,066.43   sel     $15,250.00   [strat=opponent_aware_diagnostic]
      R14  buy $  4,931.89   sel     $15,000.00   [strat=opponent_aware_diagnostic]
      R15  buy $  3,968.02   sel     $14,500.00   [strat=opponent_aware_diagnostic]
      R16  buy $  2,640.12   sel     $14,500.00   [strat=opponent_aware_diagnostic]
   run 21 done in 9.3 min

   run 22/30 on 2019 Honda Accord Sport 1.5T  seed=20662441
      R 1  buy $ 19,523.61   sel     $24,999.99   [strat=opponent_aware_diagnostic] *
      R 2  buy $ 18,237.48   sel     $23,500.00   [strat=opponent_aware_diagnostic]
      R 3  buy $  6,658.17   sel     $23,500.00   [strat=opponent_aware_diagnostic]
      R 4  buy $ 21,876.04   sel     $22,688.00   [strat=opponent_aware_diagnostic]
      R 5  buy $ 21,276.89   sel     $22,000.00   [strat=opponent_aware_diagnostic]
      R 6  buy $ 16,432.61   sel     $21,500.00   [strat=opponent_aware_diagnostic]
      R 7  buy $ 15,886.08   sel     $20,500.00   [strat=opponent_aware_diagnostic]
      R 8  buy $ 18,941.88   sel     $19,750.00   [strat=opponent_aware_diagnostic]
      R 9  buy $ 16,329.77   sel     $18,500.00   [strat=opponent_aware_diagnostic]
      R10  buy $ 14,017.99   sel     $17,999.99   [strat=opponent_aware_diagnostic]
      R11  buy $  7,596.11   sel     $17,500.00   [strat=opponent_aware_diagnostic]
      R12  buy $  7,005.93   sel     $17,500.00   [strat=opponent_aware_diagnostic]
      R13  buy $ 16,774.36   sel     $17,250.00   [strat=opponent_aware_diagnostic]
      R14  buy $ 12,902.33   sel     $17,000.00   [strat=opponent_aware_diagnostic]
      R15  buy $    139.50   sel     $17,000.00   [strat=opponent_aware_diagnostic]
      R16  buy $  6,455.28   sel     $16,500.00   [strat=opponent_aware_diagnostic]
   run 22 done in 8.1 min

   run 23/30 on 2019 Honda Accord Sport 1.5T  seed=20662442
      R 1  buy $ 21,563.79   sel     $25,999.99   [strat=opponent_aware_diagnostic] *
      R 2  buy $ 12,933.03   sel     $25,500.00   [strat=opponent_aware_diagnostic]
      R 3  buy $ 24,162.67   sel     $24,850.00   [strat=opponent_aware_diagnostic]
      R 4  buy $ 11,312.04   sel     $24,500.00   [strat=opponent_aware_diagnostic]
      R 5  buy $ 16,087.36   sel     $22,500.00   [strat=opponent_aware_diagnostic]
      R 6  buy $  2,224.22   sel     $22,000.00   [strat=opponent_aware_diagnostic]
      R 7  buy $ 18,101.77   sel     $21,500.00   [strat=opponent_aware_diagnostic]
      R 8  buy $ 19,131.14   sel     $20,500.00   [strat=opponent_aware_diagnostic]
      R 9  buy $ 15,605.30   sel     $19,999.99   [strat=opponent_aware_diagnostic]
      R10  buy $ 14,736.62   sel     $18,500.00   [strat=opponent_aware_diagnostic]
      R11  buy $  7,687.15   sel     $18,000.00   [strat=opponent_aware_diagnostic]
      R12  buy $ 17,117.56   sel     $17,500.00   [strat=opponent_aware_diagnostic]
      R13  buy $  7,609.29   sel     $17,000.00   [strat=opponent_aware_diagnostic]
      R14  buy $ 16,464.86   sel     $16,750.00   [strat=opponent_aware_diagnostic]
      R15  buy $ 11,217.71   sel     $16,000.00   [strat=opponent_aware_diagnostic]
      R16  buy $  8,836.54   sel     $15,500.00   [strat=opponent_aware_diagnostic]
   run 23 done in 9.2 min

   run 24/30 on 2019 Honda Accord Sport 1.5T  seed=20662443
      R 1  buy $  8,060.49   sel     $25,900.00   [strat=opponent_aware_diagnostic] *
      R 2  buy $ 19,293.97   sel     $24,500.00   [strat=opponent_aware_diagnostic]
      R 3  buy $  7,974.76   sel     $23,900.00   [strat=opponent_aware_diagnostic]
      R 4  buy $ 11,236.67   sel     $23,500.00   [strat=opponent_aware_diagnostic]
      R 5  buy $ 18,969.20   sel     $22,500.00   [strat=opponent_aware_diagnostic]
      R 6  buy $    557.71   sel     $22,000.00   [strat=opponent_aware_diagnostic]
      R 7  buy $ 15,554.94   sel     $19,500.00   [strat=opponent_aware_diagnostic]
      R 8  buy $  9,199.14   sel     $18,500.00   [strat=opponent_aware_diagnostic]
      R 9  buy $ 16,102.63   sel     $17,500.00   [strat=opponent_aware_diagnostic]
      R10  buy $  7,707.69   sel     $16,500.00   [strat=opponent_aware_diagnostic]
      R11  buy $  4,345.88   sel     $15,500.00   [strat=opponent_aware_diagnostic]
      R12  buy $  4,167.17   sel     $15,500.00   [strat=opponent_aware_diagnostic]
      R13  buy $ 11,199.71   sel     $15,000.00   [strat=opponent_aware_diagnostic]
      R14  buy $  4,327.93   sel     $14,500.00   [strat=opponent_aware_diagnostic]
      R15  buy $ 10,386.88   sel     $14,250.00   [strat=opponent_aware_diagnostic]
      R16  buy $  2,671.57   sel     $14,000.00   [strat=opponent_aware_diagnostic]
   run 24 done in 9.9 min

   run 25/30 on 2019 Honda Accord Sport 1.5T  seed=20662444
      R 1  buy $ 26,172.86   sel     $27,495.00   [strat=opponent_aware_diagnostic] *
      R 2  buy $ 22,840.73   sel     $25,995.00   [strat=opponent_aware_diagnostic]
      R 3  buy $ 10,995.17   sel     $25,500.00   [strat=opponent_aware_diagnostic]
      R 4  buy $ 13,267.42   sel     $24,500.00   [strat=opponent_aware_diagnostic]
      R 5  buy $ 14,333.35   sel     $24,500.00   [strat=opponent_aware_diagnostic]
      R 6  buy $ 22,436.68   sel     $24,000.00   [strat=opponent_aware_diagnostic]
      R 7  buy $ 16,883.53   sel     $23,500.00   [strat=opponent_aware_diagnostic]
      R 8  buy $  6,208.75   sel     $23,000.00   [strat=opponent_aware_diagnostic]
      R 9  buy $  7,321.75   sel     $22,750.00   [strat=opponent_aware_diagnostic]
      R10  buy $ 15,859.87   sel     $22,000.00   [strat=opponent_aware_diagnostic]
      R11  buy $  2,989.99   sel     $21,000.00   [strat=opponent_aware_diagnostic]
      R12  buy $ 15,954.52   sel     $21,000.00   [strat=opponent_aware_diagnostic]
      R13  buy $  1,176.31   sel     $21,000.00   [strat=opponent_aware_diagnostic]
      R14  buy $  5,253.04   sel     $21,000.00   [strat=opponent_aware_diagnostic]
      R15  buy $ 14,719.16   sel     $20,000.00   [strat=opponent_aware_diagnostic]
      R16  buy $ 12,453.62   sel     $19,000.00   [strat=opponent_aware_diagnostic]
   run 25 done in 7.9 min

   run 26/30 on 2019 Honda Accord Sport 1.5T  seed=20662445
      R 1  buy $ 18,997.05   sel     $21,500.00   [strat=opponent_aware_diagnostic] *
      R 2  buy $  5,034.62   sel     $21,500.00   [strat=opponent_aware_diagnostic]
      R 3  buy $  6,591.64   sel     $21,500.00   [strat=opponent_aware_diagnostic]
      R 4  buy $  1,866.71   sel     $21,500.00   [strat=opponent_aware_diagnostic]
      R 5  buy $ 16,022.82   sel     $20,500.00   [strat=opponent_aware_diagnostic]
      R 6  buy $  1,558.20   sel     $19,999.00   [strat=opponent_aware_diagnostic]
      R 7  buy $ 14,066.17   sel     $18,500.00   [strat=opponent_aware_diagnostic]
      R 8  buy $  4,926.63   sel     $17,000.00   [strat=opponent_aware_diagnostic]
      R 9  buy $  9,259.02   sel     $16,500.00   [strat=opponent_aware_diagnostic]
      R10  buy $ 12,356.93   sel     $15,500.00   [strat=opponent_aware_diagnostic]
      R11  buy $ 11,831.59   sel     $15,500.00   [strat=opponent_aware_diagnostic]
      R12  buy $ 10,320.36   sel     $15,000.00   [strat=opponent_aware_diagnostic]
      R13  buy $  9,143.61   sel     PARSE-FAIL   [strat=opponent_aware_diagnostic]
      R14  buy $ 12,410.00   sel     $14,500.00   [strat=opponent_aware_diagnostic]
      R15  buy $  7,719.79   sel     $14,000.00   [strat=opponent_aware_diagnostic]
      R16  buy $ 10,320.78   sel     $14,000.00   [strat=opponent_aware_diagnostic]
   run 26 done in 7.5 min

   run 27/30 on 2019 Honda Accord Sport 1.5T  seed=20662446
      R 1  buy $ 26,435.65   sel     $27,995.00   [strat=opponent_aware_diagnostic] *
      R 2  buy $ 24,419.22   sel     $27,500.00   [strat=opponent_aware_diagnostic]
      R 3  buy $    987.65   sel     $26,000.00   [strat=opponent_aware_diagnostic]
      R 4  buy $  1,060.47   sel     $25,500.00   [strat=opponent_aware_diagnostic]
      R 5  buy $  6,564.59   sel     $25,000.00   [strat=opponent_aware_diagnostic]
      R 6  buy $ 21,855.50   sel     $24,500.00   [strat=opponent_aware_diagnostic]
      R 7  buy $ 18,717.91   sel     $23,500.00   [strat=opponent_aware_diagnostic]
      R 8  buy $ 14,815.69   sel     $22,500.00   [strat=opponent_aware_diagnostic]
      R 9  buy $  1,540.62   sel     $21,000.00   [strat=opponent_aware_diagnostic]
      R10  buy $ 14,924.63   sel     $20,000.00   [strat=opponent_aware_diagnostic]
      R11  buy $ 13,151.77   sel     $19,000.00   [strat=opponent_aware_diagnostic]
      R12  buy $  5,760.69   sel     $19,000.00   [strat=opponent_aware_diagnostic]
      R13  buy $ 11,549.03   sel     $18,500.00   [strat=opponent_aware_diagnostic]
      R14  buy $    210.78   sel     $18,000.00   [strat=opponent_aware_diagnostic]
      R15  buy $ 17,504.57   sel     $17,750.00   [strat=opponent_aware_diagnostic]
      R16  buy $ 11,982.98   sel     $17,000.00   [strat=opponent_aware_diagnostic]
   run 27 done in 7.0 min

   run 28/30 on 2019 Honda Accord Sport 1.5T  seed=20662447
      R 1  buy $  8,959.04   sel     $24,500.00   [strat=opponent_aware_diagnostic] *
      R 2  buy $ 20,952.25   sel     $22,750.00   [strat=opponent_aware_diagnostic]
      R 3  buy $ 16,200.86   sel     $21,000.00   [strat=opponent_aware_diagnostic]
      R 4  buy $ 13,870.91   sel     $19,500.00   [strat=opponent_aware_diagnostic]
      R 5  buy $  6,973.39   sel     $19,500.00   [strat=opponent_aware_diagnostic]
      R 6  buy $  4,971.50   sel     $19,500.00   [strat=opponent_aware_diagnostic]
      R 7  buy $ 10,058.89   sel     $18,500.00   [strat=opponent_aware_diagnostic]
      R 8  buy $  1,582.53   sel     $18,500.00   [strat=opponent_aware_diagnostic]
      R 9  buy $ 10,431.16   sel     $17,500.00   [strat=opponent_aware_diagnostic]
      R10  buy $ 11,072.45   sel     $16,900.00   [strat=opponent_aware_diagnostic]
      R11  buy $  1,566.21   sel     $16,900.00   [strat=opponent_aware_diagnostic]
      R12  buy $  4,849.65   sel     $16,900.00   [strat=opponent_aware_diagnostic]
      R13  buy $  8,076.44   sel     $15,900.00   [strat=opponent_aware_diagnostic]
      R14  buy $ 12,533.14   sel     $15,500.00   [strat=opponent_aware_diagnostic]
      R15  buy $  8,157.92   sel     $14,900.00   [strat=opponent_aware_diagnostic]
      R16  buy $  9,002.17   sel     $14,500.00   [strat=opponent_aware_diagnostic]
   run 28 done in 11.7 min

   run 29/30 on 2019 Honda Accord Sport 1.5T  seed=20662448
      R 1  buy $    190.64   sel     $25,999.00   [strat=opponent_aware_diagnostic] *
      R 2  buy $ 19,962.33   sel     $24,500.00   [strat=opponent_aware_diagnostic]
      R 3  buy $ 17,503.38   sel     $23,900.00   [strat=opponent_aware_diagnostic]
      R 4  buy $  5,853.02   sel     $23,500.00   [strat=opponent_aware_diagnostic]
      R 5  buy $ 17,460.73   sel     $22,900.00   [strat=opponent_aware_diagnostic]
      R 6  buy $ 14,778.76   sel     $22,500.00   [strat=opponent_aware_diagnostic]
      R 7  buy $  6,219.06   sel     $22,500.00   [strat=opponent_aware_diagnostic]
      R 8  buy $ 18,285.75   sel     $21,500.00   [strat=opponent_aware_diagnostic]
      R 9  buy $ 18,706.35   sel     $19,500.00   [strat=opponent_aware_diagnostic]
      R10  buy $    465.83   sel     $19,250.00   [strat=opponent_aware_diagnostic]
      R11  buy $ 10,271.18   sel     $19,000.00   [strat=opponent_aware_diagnostic]
      R12  buy $ 10,244.32   sel     $18,850.00   [strat=opponent_aware_diagnostic]
      R13  buy $ 15,155.07   sel     $18,000.00   [strat=opponent_aware_diagnostic]
      R14  buy $ 10,011.49   sel     $17,500.00   [strat=opponent_aware_diagnostic]
      R15  buy $ 16,844.19   sel     $17,250.00   [strat=opponent_aware_diagnostic]
      R16  buy $    157.74   sel     $17,000.00   [strat=opponent_aware_diagnostic]
   run 29 done in 6.7 min

   run 30/30 on 2019 Honda Accord Sport 1.5T  seed=20662449
      R 1  buy $ 20,918.60   sel     $25,500.00   [strat=opponent_aware_diagnostic] *
      R 2  buy $ 13,757.02   sel     $24,000.00   [strat=opponent_aware_diagnostic]
      R 3  buy $  9,378.53   sel     $22,500.00   [strat=opponent_aware_diagnostic]
      R 4  buy $  8,523.91   sel     $21,500.00   [strat=opponent_aware_diagnostic]
      R 5  buy $ 14,242.24   sel     $20,000.00   [strat=opponent_aware_diagnostic]
      R 6  buy $  7,426.54   sel     $19,000.00   [strat=opponent_aware_diagnostic]
      R 7  buy $ 16,162.30   sel     $16,162.30   [strat=opponent_aware_diagnostic]
      R 8  buy $ 15,365.81   sel     $15,800.00   [strat=opponent_aware_diagnostic]
      R 9  buy $ 15,231.43   sel     $15,500.00   [strat=opponent_aware_diagnostic]
      R10  buy $  9,238.19   sel     $15,000.00   [strat=opponent_aware_diagnostic]
      R11  buy $  5,588.24   sel     $14,800.00   [strat=opponent_aware_diagnostic]
      R12  buy $  9,699.62   sel     $14,500.00   [strat=opponent_aware_diagnostic]
      R13  buy $  4,120.43   sel     $14,400.00   [strat=opponent_aware_diagnostic]
      R14  buy $  7,877.51   sel     $14,300.00   [strat=opponent_aware_diagnostic]
      R15  buy $  6,004.02   sel     $14,200.00   [strat=opponent_aware_diagnostic]
      R16  buy $  7,939.10   sel     $14,100.00   [strat=opponent_aware_diagnostic]
   run 30 done in 8.1 min

   ---> checkpoint: car 3/5 done in 259.9 min; total so far 723.6 min; saved 90 runs to exp04_fixed_opponent_aware_diagnostic.json

--- CAR 4/5: 2022 Toyota RAV4 XLE AWD  (M=$32,000.00  cost=$20,800.00  cost/M=65.00%) ---

   run 1/30 on 2022 Toyota RAV4 XLE AWD  seed=20663420
      R 1  buy $  5,721.19   sel     $31,000.00   [strat=opponent_aware_diagnostic] *
      R 2  buy $ 17,185.70   sel     $28,500.00   [strat=opponent_aware_diagnostic]
      R 3  buy $ 17,001.19   sel     $27,500.00   [strat=opponent_aware_diagnostic]
      R 4  buy $    678.75   sel     $27,500.00   [strat=opponent_aware_diagnostic]
      R 5  buy $ 22,523.10   sel     $26,000.00   [strat=opponent_aware_diagnostic]
      R 6  buy $  1,599.18   sel     $26,000.00   [strat=opponent_aware_diagnostic]
      R 7  buy $ 14,510.08   sel     $24,000.00   [strat=opponent_aware_diagnostic]
      R 8  buy $  5,482.31   sel     $23,261.50   [strat=opponent_aware_diagnostic]
      R 9  buy $ 16,445.45   sel     $22,000.00   [strat=opponent_aware_diagnostic]
      R10  buy $ 13,750.71   sel     $21,500.00   [strat=opponent_aware_diagnostic]
      R11  buy $  6,929.10   sel     $21,000.00   [strat=opponent_aware_diagnostic]
      R12  buy $ 15,191.76   sel     $20,000.00   [strat=opponent_aware_diagnostic]
      R13  buy $  5,335.69   sel     $20,000.00   [strat=opponent_aware_diagnostic]
      R14  buy $ 18,328.27   sel     $20,000.00   [strat=opponent_aware_diagnostic]
      R15  buy $ 16,274.54   sel     $20,800.00   [strat=opponent_aware_diagnostic]
      R16  buy $ 18,810.27   sel     $20,800.00   [strat=opponent_aware_diagnostic]
   run 1 done in 9.6 min

   run 2/30 on 2022 Toyota RAV4 XLE AWD  seed=20663421
      R 1  buy $  8,971.67   sel     $29,995.00   [strat=opponent_aware_diagnostic] *
      R 2  buy $ 19,312.76   sel     $27,500.00   [strat=opponent_aware_diagnostic]
      R 3  buy $  2,831.28   sel     $26,500.00   [strat=opponent_aware_diagnostic]
      R 4  buy $ 21,849.60   sel     $25,500.00   [strat=opponent_aware_diagnostic]
      R 5  buy $  6,431.30   sel     $24,900.00   [strat=opponent_aware_diagnostic]
      R 6  buy $ 24,698.24   sel     $24,698.24   [strat=opponent_aware_diagnostic]
      R 7  buy $  9,703.81   sel     $24,500.00   [strat=opponent_aware_diagnostic]
      R 8  buy $  4,330.05   sel     $24,250.00   [strat=opponent_aware_diagnostic]
      R 9  buy $  2,721.75   sel     $23,500.00   [strat=opponent_aware_diagnostic]
      R10  buy $ 22,407.16   sel     $23,000.00   [strat=opponent_aware_diagnostic]
      R11  buy $ 19,178.17   sel     $22,000.00   [strat=opponent_aware_diagnostic]
      R12  buy $  8,940.88   sel     $23,000.00   [strat=opponent_aware_diagnostic]
      R13  buy $ 11,809.70   sel     $21,000.00   [strat=opponent_aware_diagnostic]
      R14  buy $    297.82   sel     $21,000.00   [strat=opponent_aware_diagnostic]
      R15  buy $ 11,936.09   sel     $20,900.00   [strat=opponent_aware_diagnostic]
      R16  buy $    274.20   sel     $20,500.00   [strat=opponent_aware_diagnostic]
   run 2 done in 8.1 min

   run 3/30 on 2022 Toyota RAV4 XLE AWD  seed=20663422
      R 1  buy $ 21,560.16   sel     $24,999.00   [strat=opponent_aware_diagnostic] *
      R 2  buy $  8,475.82   sel     $24,500.00   [strat=opponent_aware_diagnostic]
      R 3  buy $ 18,990.56   sel     $23,999.00   [strat=opponent_aware_diagnostic]
      R 4  buy $ 21,780.83   sel     $23,500.00   [strat=opponent_aware_diagnostic]
      R 5  buy $ 18,324.44   sel     $23,000.00   [strat=opponent_aware_diagnostic]
      R 6  buy $  3,212.75   sel     $22,500.00   [strat=opponent_aware_diagnostic]
      R 7  buy $  6,164.66   sel     $22,500.00   [strat=opponent_aware_diagnostic]
      R 8  buy $ 21,869.45   sel     $21,869.45   [strat=opponent_aware_diagnostic]
      R 9  buy $ 11,793.75   sel     $21,869.45   [strat=opponent_aware_diagnostic]
      R10  buy $  3,711.66   sel     $21,869.45   [strat=opponent_aware_diagnostic]
      R11  buy $  8,743.35   sel     $21,500.00   [strat=opponent_aware_diagnostic]
      R12  buy $ 17,010.49   sel     $21,500.00   [strat=opponent_aware_diagnostic]
      R13  buy $  7,206.64   sel     $21,000.00   [strat=opponent_aware_diagnostic]
      R14  buy $ 16,611.35   sel     $20,500.00   [strat=opponent_aware_diagnostic]
      R15  buy $ 14,303.70   sel     $20,900.00   [strat=opponent_aware_diagnostic]
      R16  buy $ 15,487.26   sel     $20,500.00   [strat=opponent_aware_diagnostic]
   run 3 done in 7.6 min

   run 4/30 on 2022 Toyota RAV4 XLE AWD  seed=20663423
      R 1  buy $  7,480.44   sel     $30,000.00   [strat=opponent_aware_diagnostic] *
      R 2  buy $ 27,134.61   sel     $29,500.00   [strat=opponent_aware_diagnostic]
      R 3  buy $ 28,489.10   sel     $28,995.00   [strat=opponent_aware_diagnostic]
      R 4  buy $    884.22   sel     $28,800.00   [strat=opponent_aware_diagnostic]
      R 5  buy $ 21,526.54   sel     $28,300.00   [strat=opponent_aware_diagnostic]
      R 6  buy $  2,488.95   sel     $27,500.00   [strat=opponent_aware_diagnostic]
      R 7  buy $ 21,436.14   sel     $26,000.00   [strat=opponent_aware_diagnostic]
      R 8  buy $ 15,542.48   sel     $25,500.00   [strat=opponent_aware_diagnostic]
      R 9  buy $  2,574.87   sel     $25,000.00   [strat=opponent_aware_diagnostic]
      R10  buy $  8,358.95   sel     $24,500.00   [strat=opponent_aware_diagnostic]
      R11  buy $ 20,976.53   sel     $23,000.00   [strat=opponent_aware_diagnostic]
      R12  buy $ 19,787.70   sel     $22,500.00   [strat=opponent_aware_diagnostic]
      R13  buy $  6,074.77   sel     $22,500.00   [strat=opponent_aware_diagnostic]
      R14  buy $ 11,687.00   sel     $22,250.00   [strat=opponent_aware_diagnostic]
      R15  buy $  2,839.99   sel     $22,000.00   [strat=opponent_aware_diagnostic]
      R16  buy $  5,558.42   sel     $22,000.00   [strat=opponent_aware_diagnostic]
   run 4 done in 7.8 min

   run 5/30 on 2022 Toyota RAV4 XLE AWD  seed=20663424
      R 1  buy $  2,499.98   sel     $30,995.00   [strat=opponent_aware_diagnostic] *
      R 2  buy $ 21,004.58   sel     $27,995.00   [strat=opponent_aware_diagnostic]
      R 3  buy $  2,089.38   sel     $27,995.00   [strat=opponent_aware_diagnostic]
      R 4  buy $ 14,443.88   sel     $26,500.00   [strat=opponent_aware_diagnostic]
      R 5  buy $ 10,947.57   sel     $25,500.00   [strat=opponent_aware_diagnostic]
      R 6  buy $ 21,544.93   sel     $24,995.00   [strat=opponent_aware_diagnostic]
      R 7  buy $  2,286.08   sel     $24,995.00   [strat=opponent_aware_diagnostic]
      R 8  buy $ 20,441.67   sel     $22,995.00   [strat=opponent_aware_diagnostic]
      R 9  buy $ 16,681.13   sel     $22,495.00   [strat=opponent_aware_diagnostic]
      R10  buy $    870.45   sel     $22,495.00   [strat=opponent_aware_diagnostic]
      R11  buy $ 15,915.47   sel     $21,995.00   [strat=opponent_aware_diagnostic]
      R12  buy $ 11,642.94   sel     $21,500.00   [strat=opponent_aware_diagnostic]
      R13  buy $  5,008.87   sel     $21,500.00   [strat=opponent_aware_diagnostic]
      R14  buy $ 16,390.93   sel     $20,995.00   [strat=opponent_aware_diagnostic]
      R15  buy $  8,245.64   sel     $20,500.00   [strat=opponent_aware_diagnostic]
      R16  buy $ 15,179.82   sel     $20,995.00   [strat=opponent_aware_diagnostic]
   run 5 done in 8.8 min

   run 6/30 on 2022 Toyota RAV4 XLE AWD  seed=20663425
      R 1  buy $ 31,866.66   sel     $32,500.00   [strat=opponent_aware_diagnostic] *
      R 2  buy $ 15,954.36   sel     $32,750.00   [strat=opponent_aware_diagnostic]
      R 3  buy $ 27,040.46   sel     $32,250.00   [strat=opponent_aware_diagnostic]
      R 4  buy $ 28,261.71   sel     $31,500.00   [strat=opponent_aware_diagnostic]
      R 5  buy $ 24,788.81   sel     $30,750.00   [strat=opponent_aware_diagnostic]
      R 6  buy $  7,412.87   sel     $29,500.00   [strat=opponent_aware_diagnostic]
      R 7  buy $ 19,625.69   sel     $28,500.00   [strat=opponent_aware_diagnostic]
      R 8  buy $     84.73   sel     $28,500.00   [strat=opponent_aware_diagnostic]
      R 9  buy $ 21,542.99   sel     $27,500.00   [strat=opponent_aware_diagnostic]
      R10  buy $ 15,804.30   sel     $25,000.00   [strat=opponent_aware_diagnostic]
      R11  buy $ 18,219.78   sel     $22,000.00   [strat=opponent_aware_diagnostic]
      R12  buy $  7,603.19   sel     $21,000.00   [strat=opponent_aware_diagnostic]
      R13  buy $ 14,979.51   sel     $20,900.00   [strat=opponent_aware_diagnostic]
      R14  buy $ 18,983.72   sel     $20,500.00   [strat=opponent_aware_diagnostic]
      R15  buy $    459.43   sel     $20,800.00   [strat=opponent_aware_diagnostic]
      R16  buy $ 13,499.07   sel     $20,850.00   [strat=opponent_aware_diagnostic]
   run 6 done in 9.8 min

   run 7/30 on 2022 Toyota RAV4 XLE AWD  seed=20663426
      R 1  buy $ 14,217.87   sel     $30,995.00   [strat=opponent_aware_diagnostic] *
      R 2  buy $ 30,313.35   sel     $30,800.00   [strat=opponent_aware_diagnostic]
      R 3  buy $ 20,026.40   sel     $30,600.00   [strat=opponent_aware_diagnostic]
      R 4  buy $ 16,701.59   sel     $30,400.00   [strat=opponent_aware_diagnostic]
      R 5  buy $ 21,044.39   sel     $27,900.00   [strat=opponent_aware_diagnostic]
      R 6  buy $ 15,387.18   sel     PARSE-FAIL   [strat=opponent_aware_diagnostic]
      R 7  buy $ 25,312.55   sel     $26,500.00   [strat=opponent_aware_diagnostic]
      R 8  buy $ 17,704.48   sel     $25,900.00   [strat=opponent_aware_diagnostic]
      R 9  buy $ 25,610.61   sel     $25,700.00   [strat=opponent_aware_diagnostic]
      R10  buy $ 14,700.15   sel     $25,500.00   [strat=opponent_aware_diagnostic]
      R11  buy $ 18,258.06   sel     $25,300.00   [strat=opponent_aware_diagnostic]
      R12  buy $ 19,604.35   sel     $24,500.00   [strat=opponent_aware_diagnostic]
      R13  buy $ 19,497.63   sel     $23,000.00   [strat=opponent_aware_diagnostic]
      R14  buy $ 22,291.89   sel     $22,800.00   [strat=opponent_aware_diagnostic]
      R15  buy $ 10,003.26   sel     $22,000.00   [strat=opponent_aware_diagnostic]
      R16  buy $    551.37   sel     $22,000.00   [strat=opponent_aware_diagnostic]
   run 7 done in 7.9 min

   run 8/30 on 2022 Toyota RAV4 XLE AWD  seed=20663427
      R 1  buy $  3,972.19   sel     $29,500.00   [strat=opponent_aware_diagnostic] *
      R 2  buy $    710.32   sel     $29,500.00   [strat=opponent_aware_diagnostic]
      R 3  buy $ 29,258.48   sel     $29,400.00   [strat=opponent_aware_diagnostic]
      R 4  buy $ 14,084.88   sel     $28,900.00   [strat=opponent_aware_diagnostic]
      R 5  buy $    422.87   sel     $28,800.00   [strat=opponent_aware_diagnostic]
      R 6  buy $  4,435.43   sel     $28,800.00   [strat=opponent_aware_diagnostic]
      R 7  buy $  9,009.13   sel     $28,600.00   [strat=opponent_aware_diagnostic]
      R 8  buy $  7,155.04   sel     $28,600.00   [strat=opponent_aware_diagnostic]
      R 9  buy $ 27,238.96   sel     $28,200.00   [strat=opponent_aware_diagnostic]
      R10  buy $ 11,637.57   sel     $27,800.00   [strat=opponent_aware_diagnostic]
      R11  buy $ 14,206.86   sel     $26,500.00   [strat=opponent_aware_diagnostic]
      R12  buy $  6,820.69   sel     $26,500.00   [strat=opponent_aware_diagnostic]
      R13  buy $ 14,242.49   sel     $25,900.00   [strat=opponent_aware_diagnostic]
      R14  buy $ 10,047.26   sel     $25,500.00   [strat=opponent_aware_diagnostic]
      R15  buy $ 12,922.88   sel     $24,900.00   [strat=opponent_aware_diagnostic]
      R16  buy $  6,721.70   sel     $24,500.00   [strat=opponent_aware_diagnostic]
   run 8 done in 7.9 min

   run 9/30 on 2022 Toyota RAV4 XLE AWD  seed=20663428
      R 1  buy $ 18,862.19   sel     $27,500.00   [strat=opponent_aware_diagnostic] *
      R 2  buy $  1,109.14   sel     $26,500.00   [strat=opponent_aware_diagnostic]
      R 3  buy $ 16,350.53   sel     $25,500.00   [strat=opponent_aware_diagnostic]
      R 4  buy $  2,262.51   sel     $25,000.00   [strat=opponent_aware_diagnostic]
      R 5  buy $ 10,037.42   sel     $25,000.00   [strat=opponent_aware_diagnostic]
      R 6  buy $ 18,504.03   sel     $24,500.00   [strat=opponent_aware_diagnostic]
      R 7  buy $     60.39   sel     $24,500.00   [strat=opponent_aware_diagnostic]
      R 8  buy $  5,813.87   sel     $24,000.00   [strat=opponent_aware_diagnostic]
      R 9  buy $ 11,184.76   sel     $23,900.00   [strat=opponent_aware_diagnostic]
      R10  buy $ 16,399.02   sel     $23,500.00   [strat=opponent_aware_diagnostic]
      R11  buy $     59.81   sel     $23,250.00   [strat=opponent_aware_diagnostic]
      R12  buy $ 21,604.73   sel     $22,500.00   [strat=opponent_aware_diagnostic]
      R13  buy $  3,885.06   sel     $22,000.00   [strat=opponent_aware_diagnostic]
      R14  buy $ 11,960.07   sel     $21,750.00   [strat=opponent_aware_diagnostic]
      R15  buy $ 17,336.28   sel     $21,500.00   [strat=opponent_aware_diagnostic]
      R16  buy $ 10,852.85   sel     $21,400.00   [strat=opponent_aware_diagnostic]
   run 9 done in 7.1 min

   run 10/30 on 2022 Toyota RAV4 XLE AWD  seed=20663429
      R 1  buy $ 20,046.27   sel     $29,999.00   [strat=opponent_aware_diagnostic] *
      R 2  buy $ 23,103.44   sel     $28,500.00   [strat=opponent_aware_diagnostic]
      R 3  buy $ 15,479.71   sel     $27,500.00   [strat=opponent_aware_diagnostic]
      R 4  buy $  5,332.64   sel     $26,999.00   [strat=opponent_aware_diagnostic]
      R 5  buy $     19.76   sel     $26,499.00   [strat=opponent_aware_diagnostic]
      R 6  buy $ 19,113.33   sel     $25,999.00   [strat=opponent_aware_diagnostic]
      R 7  buy $ 19,209.56   sel     $25,500.00   [strat=opponent_aware_diagnostic]
      R 8  buy $  1,768.79   sel     $25,000.00   [strat=opponent_aware_diagnostic]
      R 9  buy $  8,889.17   sel     $24,500.00   [strat=opponent_aware_diagnostic]
      R10  buy $ 13,099.47   sel     $23,000.00   [strat=opponent_aware_diagnostic]
      R11  buy $ 22,613.15   sel     $22,800.00   [strat=opponent_aware_diagnostic]
      R12  buy $  1,159.14   sel     $21,500.00   [strat=opponent_aware_diagnostic]
      R13  buy $ 15,397.35   sel     $21,500.00   [strat=opponent_aware_diagnostic]
      R14  buy $  3,580.39   sel     $21,500.00   [strat=opponent_aware_diagnostic]
      R15  buy $    192.52   sel     $21,000.00   [strat=opponent_aware_diagnostic]
      R16  buy $  3,253.19   sel     $21,000.00   [strat=opponent_aware_diagnostic]
   run 10 done in 10.0 min

   run 11/30 on 2022 Toyota RAV4 XLE AWD  seed=20663430
      R 1  buy $ 16,784.47   sel     $28,995.00   [strat=opponent_aware_diagnostic] *
      R 2  buy $ 14,445.79   sel     $27,500.00   [strat=opponent_aware_diagnostic]
      R 3  buy $ 19,209.84   sel     $26,000.00   [strat=opponent_aware_diagnostic]
      R 4  buy $ 10,381.37   sel     $25,000.00   [strat=opponent_aware_diagnostic]
      R 5  buy $ 22,823.72   sel     $24,000.00   [strat=opponent_aware_diagnostic]
      R 6  buy $ 15,807.19   sel     $23,000.00   [strat=opponent_aware_diagnostic]
      R 7  buy $ 20,063.07   sel     $22,000.00   [strat=opponent_aware_diagnostic]
      R 8  buy $    339.66   sel     $21,000.00   [strat=opponent_aware_diagnostic]
      R 9  buy $  7,969.25   sel     $20,500.00   [strat=opponent_aware_diagnostic]
      R10  buy $ 15,166.85   sel     $20,900.00   [strat=opponent_aware_diagnostic]
      R11  buy $  7,711.50   sel     $20,500.00   [strat=opponent_aware_diagnostic]
      R12  buy $ 18,576.00   sel     $20,400.00   [strat=opponent_aware_diagnostic]
      R13  buy $  4,946.10   sel     $20,300.00   [strat=opponent_aware_diagnostic]
      R14  buy $ 17,474.41   sel     $20,800.00   [strat=opponent_aware_diagnostic]
      R15  buy $  4,916.17   sel     $20,800.00   [strat=opponent_aware_diagnostic]
      R16  buy $  9,585.96   sel     $20,700.00   [strat=opponent_aware_diagnostic]
   run 11 done in 10.8 min

   run 12/30 on 2022 Toyota RAV4 XLE AWD  seed=20663431
      R 1  buy $ 22,697.59   sel     $29,995.00   [strat=opponent_aware_diagnostic] *
      R 2  buy $  7,798.32   sel     $29,995.00   [strat=opponent_aware_diagnostic]
      R 3  buy $ 25,459.64   sel     $28,500.00   [strat=opponent_aware_diagnostic]
      R 4  buy $ 18,101.36   sel     $28,500.00   [strat=opponent_aware_diagnostic]
      R 5  buy $  8,269.76   sel     $27,999.00   [strat=opponent_aware_diagnostic]
      R 6  buy $  8,741.44   sel     $27,500.00   [strat=opponent_aware_diagnostic]
      R 7  buy $ 18,013.71   sel     $27,500.00   [strat=opponent_aware_diagnostic]
      R 8  buy $ 20,452.90   sel     $26,000.00   [strat=opponent_aware_diagnostic]
      R 9  buy $ 19,053.15   sel     $26,000.00   [strat=opponent_aware_diagnostic]
      R10  buy $  4,037.96   sel     $25,500.00   [strat=opponent_aware_diagnostic]
      R11  buy $ 22,381.44   sel     $24,999.00   [strat=opponent_aware_diagnostic]
      R12  buy $ 19,581.98   sel     $24,500.00   [strat=opponent_aware_diagnostic]
      R13  buy $  3,240.95   sel     $24,000.00   [strat=opponent_aware_diagnostic]
      R14  buy $  3,373.77   sel     $23,500.00   [strat=opponent_aware_diagnostic]
      R15  buy $ 15,147.14   sel     $23,000.00   [strat=opponent_aware_diagnostic]
      R16  buy $  2,573.02   sel     $22,000.00   [strat=opponent_aware_diagnostic]
   run 12 done in 7.9 min

   run 13/30 on 2022 Toyota RAV4 XLE AWD  seed=20663432
      R 1  buy $ 11,273.37   sel     $31,500.00   [strat=opponent_aware_diagnostic] *
      R 2  buy $  9,777.21   sel     $31,500.00   [strat=opponent_aware_diagnostic]
      R 3  buy $ 22,403.87   sel     $29,500.00   [strat=opponent_aware_diagnostic]
      R 4  buy $ 19,500.00   sel     $28,000.00   [strat=opponent_aware_diagnostic]
      R 5  buy $ 20,983.34   sel     $27,500.00   [strat=opponent_aware_diagnostic]
      R 6  buy $ 25,948.00   sel     $26,700.00   [strat=opponent_aware_diagnostic]
      R 7  buy $ 15,204.75   sel     $26,700.00   [strat=opponent_aware_diagnostic]
      R 8  buy $ 21,490.35   sel     $24,500.00   [strat=opponent_aware_diagnostic]
      R 9  buy $  9,936.80   sel     $24,000.00   [strat=opponent_aware_diagnostic]
      R10  buy $ 11,028.24   sel     $23,500.00   [strat=opponent_aware_diagnostic]
      R11  buy $ 12,466.80   sel     $23,000.00   [strat=opponent_aware_diagnostic]
      R12  buy $ 18,005.06   sel     $22,500.00   [strat=opponent_aware_diagnostic]
      R13  buy $  1,166.33   sel     $22,000.00   [strat=opponent_aware_diagnostic]
      R14  buy $  7,807.79   sel     $21,500.00   [strat=opponent_aware_diagnostic]
      R15  buy $  4,076.19   sel     $21,000.00   [strat=opponent_aware_diagnostic]
      R16  buy $ 12,061.30   sel     $21,000.00   [strat=opponent_aware_diagnostic]
   run 13 done in 7.8 min

   run 14/30 on 2022 Toyota RAV4 XLE AWD  seed=20663433
      R 1  buy $  7,525.14   sel     $30,995.00   [strat=opponent_aware_diagnostic] *
      R 2  buy $ 21,223.08   sel     $27,995.00   [strat=opponent_aware_diagnostic]
      R 3  buy $ 13,359.05   sel     $26,995.00   [strat=opponent_aware_diagnostic]
      R 4  buy $ 25,163.35   sel     $25,995.00   [strat=opponent_aware_diagnostic]
      R 5  buy $  8,064.26   sel     $25,500.00   [strat=opponent_aware_diagnostic]
      R 6  buy $ 18,984.29   sel     $24,900.00   [strat=opponent_aware_diagnostic]
      R 7  buy $ 14,062.01   sel     $24,500.00   [strat=opponent_aware_diagnostic]
      R 8  buy $ 10,844.08   sel     $24,500.00   [strat=opponent_aware_diagnostic]
      R 9  buy $ 10,555.98   sel     $23,900.00   [strat=opponent_aware_diagnostic]
      R10  buy $  9,456.78   sel     $23,500.00   [strat=opponent_aware_diagnostic]
      R11  buy $  9,883.58   sel     $23,000.00   [strat=opponent_aware_diagnostic]
      R12  buy $ 15,464.49   sel     $22,500.00   [strat=opponent_aware_diagnostic]
      R13  buy $ 11,708.57   sel     $22,000.00   [strat=opponent_aware_diagnostic]
      R14  buy $ 17,520.67   sel     $21,500.00   [strat=opponent_aware_diagnostic]
      R15  buy $  8,986.78   sel     $20,900.00   [strat=opponent_aware_diagnostic]
      R16  buy $  1,851.63   sel     $20,800.00   [strat=opponent_aware_diagnostic]
   run 14 done in 9.8 min

   run 15/30 on 2022 Toyota RAV4 XLE AWD  seed=20663434
      R 1  buy $ 29,489.92   sel     $31,500.00   [strat=opponent_aware_diagnostic] *
      R 2  buy $ 21,351.46   sel     $30,750.00   [strat=opponent_aware_diagnostic]
      R 3  buy $ 26,586.53   sel     $30,000.00   [strat=opponent_aware_diagnostic]
      R 4  buy $  7,826.96   sel     $29,500.00   [strat=opponent_aware_diagnostic]
      R 5  buy $ 17,661.93   sel     $28,500.00   [strat=opponent_aware_diagnostic]
      R 6  buy $ 24,331.72   sel     $27,000.00   [strat=opponent_aware_diagnostic]
      R 7  buy $ 16,674.57   sel     $26,250.00   [strat=opponent_aware_diagnostic]
      R 8  buy $  5,970.84   sel     $25,500.00   [strat=opponent_aware_diagnostic]
      R 9  buy $ 17,750.10   sel     $24,500.00   [strat=opponent_aware_diagnostic]
      R10  buy $ 22,179.81   sel     $23,340.00   [strat=opponent_aware_diagnostic]
      R11  buy $  8,190.01   sel     $23,000.00   [strat=opponent_aware_diagnostic]
      R12  buy $  4,489.08   sel     $22,500.00   [strat=opponent_aware_diagnostic]
      R13  buy $  2,982.58   sel     $21,500.00   [strat=opponent_aware_diagnostic]
      R14  buy $ 17,692.64   sel     $21,000.00   [strat=opponent_aware_diagnostic]
      R15  buy $  9,195.68   sel     $21,000.00   [strat=opponent_aware_diagnostic]
      R16  buy $ 17,998.51   sel     $20,900.00   [strat=opponent_aware_diagnostic]
   run 15 done in 11.7 min

   run 16/30 on 2022 Toyota RAV4 XLE AWD  seed=20663435
      R 1  buy $  7,463.37   sel     $31,000.00   [strat=opponent_aware_diagnostic] *
      R 2  buy $  9,013.06   sel     $29,500.00   [strat=opponent_aware_diagnostic]
      R 3  buy $    692.15   sel     $28,500.00   [strat=opponent_aware_diagnostic]
      R 4  buy $  5,412.58   sel     $27,500.00   [strat=opponent_aware_diagnostic]
      R 5  buy $ 16,522.94   sel     $26,000.00   [strat=opponent_aware_diagnostic]
      R 6  buy $ 17,500.99   sel     $24,500.00   [strat=opponent_aware_diagnostic]
      R 7  buy $ 15,808.53   sel     $24,000.00   [strat=opponent_aware_diagnostic]
      R 8  buy $ 20,837.12   sel     $22,000.00   [strat=opponent_aware_diagnostic]
      R 9  buy $  4,852.98   sel     $21,500.00   [strat=opponent_aware_diagnostic]
      R10  buy $  8,057.24   sel     $21,500.00   [strat=opponent_aware_diagnostic]
      R11  buy $ 15,591.04   sel     $21,500.00   [strat=opponent_aware_diagnostic]
      R12  buy $  4,825.88   sel     $21,000.00   [strat=opponent_aware_diagnostic]
      R13  buy $    905.01   sel     $21,000.00   [strat=opponent_aware_diagnostic]
      R14  buy $ 16,320.64   sel     $21,000.00   [strat=opponent_aware_diagnostic]
      R15  buy $ 14,916.46   sel     $21,000.00   [strat=opponent_aware_diagnostic]
      R16  buy $  9,539.13   sel     $21,000.00   [strat=opponent_aware_diagnostic]
   run 16 done in 7.8 min

   run 17/30 on 2022 Toyota RAV4 XLE AWD  seed=20663436
      R 1  buy $ 18,057.37   sel     $27,995.00   [strat=opponent_aware_diagnostic] *
      R 2  buy $  2,057.26   sel     $26,500.00   [strat=opponent_aware_diagnostic]
      R 3  buy $ 11,037.47   sel     $25,995.00   [strat=opponent_aware_diagnostic]
      R 4  buy $  7,136.17   sel     $25,500.00   [strat=opponent_aware_diagnostic]
      R 5  buy $    295.08   sel     $25,000.00   [strat=opponent_aware_diagnostic]
      R 6  buy $    859.43   sel     $24,995.00   [strat=opponent_aware_diagnostic]
      R 7  buy $  6,816.53   sel     $24,500.00   [strat=opponent_aware_diagnostic]
      R 8  buy $  3,231.20   sel     $24,000.00   [strat=opponent_aware_diagnostic]
      R 9  buy $ 12,049.83   sel     $23,500.00   [strat=opponent_aware_diagnostic]
      R10  buy $ 22,935.64   sel     $23,200.00   [strat=opponent_aware_diagnostic]
      R11  buy $ 10,967.19   sel     $23,000.00   [strat=opponent_aware_diagnostic]
      R12  buy $  6,908.01   sel     $22,800.00   [strat=opponent_aware_diagnostic]
      R13  buy $ 18,478.24   sel     $22,500.00   [strat=opponent_aware_diagnostic]
      R14  buy $  3,751.96   sel     $22,000.00   [strat=opponent_aware_diagnostic]
      R15  buy $    200.23   sel     $21,800.00   [strat=opponent_aware_diagnostic]
      R16  buy $ 13,965.11   sel     $21,500.00   [strat=opponent_aware_diagnostic]
   run 17 done in 7.8 min

   run 18/30 on 2022 Toyota RAV4 XLE AWD  seed=20663437
      R 1  buy $ 17,178.85   sel     $30,995.00   [strat=opponent_aware_diagnostic] *
      R 2  buy $  3,948.69   sel     $30,500.00   [strat=opponent_aware_diagnostic]
      R 3  buy $ 22,873.86   sel     $29,800.00   [strat=opponent_aware_diagnostic]
      R 4  buy $ 18,394.65   sel     $29,500.00   [strat=opponent_aware_diagnostic]
      R 5  buy $    501.49   sel     $29,000.00   [strat=opponent_aware_diagnostic]
      R 6  buy $ 27,012.06   sel     $28,500.00   [strat=opponent_aware_diagnostic]
      R 7  buy $  3,139.82   sel     $28,000.00   [strat=opponent_aware_diagnostic]
      R 8  buy $  9,419.87   sel     $27,500.00   [strat=opponent_aware_diagnostic]
      R 9  buy $    675.23   sel     $27,000.00   [strat=opponent_aware_diagnostic]
      R10  buy $ 11,075.91   sel     $26,500.00   [strat=opponent_aware_diagnostic]
      R11  buy $ 20,568.95   sel     $25,500.00   [strat=opponent_aware_diagnostic]
      R12  buy $ 11,609.30   sel     $24,000.00   [strat=opponent_aware_diagnostic]
      R13  buy $  6,251.95   sel     $24,000.00   [strat=opponent_aware_diagnostic]
      R14  buy $  8,408.23   sel     $24,000.00   [strat=opponent_aware_diagnostic]
      R15  buy $ 19,786.13   sel     $23,000.00   [strat=opponent_aware_diagnostic]
      R16  buy $ 15,796.17   sel     $22,000.00   [strat=opponent_aware_diagnostic]
   run 18 done in 9.9 min

   run 19/30 on 2022 Toyota RAV4 XLE AWD  seed=20663438
      R 1  buy $ 22,721.46   sel     $26,500.00   [strat=opponent_aware_diagnostic] *
      R 2  buy $  9,799.94   sel     $25,999.00   [strat=opponent_aware_diagnostic]
      R 3  buy $ 21,035.69   sel     $24,500.00   [strat=opponent_aware_diagnostic]
      R 4  buy $ 16,777.53   sel     $23,999.00   [strat=opponent_aware_diagnostic]
      R 5  buy $ 14,981.30   sel     $23,500.00   [strat=opponent_aware_diagnostic]
      R 6  buy $ 13,883.30   sel     $22,500.00   [strat=opponent_aware_diagnostic]
      R 7  buy $ 15,452.69   sel     $21,500.00   [strat=opponent_aware_diagnostic]
      R 8  buy $ 17,170.83   sel     $20,999.00   [strat=opponent_aware_diagnostic]
      R 9  buy $  3,988.03   sel     $20,999.00   [strat=opponent_aware_diagnostic]
      R10  buy $  8,170.27   sel     $20,900.00   [strat=opponent_aware_diagnostic]
      R11  buy $ 14,695.34   sel     $20,500.00   [strat=opponent_aware_diagnostic]
      R12  buy $  8,628.09   sel     $20,499.00   [strat=opponent_aware_diagnostic]
      R13  buy $ 13,940.25   sel     $21,999.00   [strat=opponent_aware_diagnostic]
      R14  buy $ 16,415.58   sel     $21,500.00   [strat=opponent_aware_diagnostic]
      R15  buy $ 10,267.67   sel     $20,999.00   [strat=opponent_aware_diagnostic]
      R16  buy $  5,701.86   sel     $20,900.00   [strat=opponent_aware_diagnostic]
   run 19 done in 11.6 min

   run 20/30 on 2022 Toyota RAV4 XLE AWD  seed=20663439
      R 1  buy $ 24,354.87   sel     $29,995.00   [strat=opponent_aware_diagnostic] *
      R 2  buy $ 20,623.96   sel     $28,500.00   [strat=opponent_aware_diagnostic]
      R 3  buy $  6,642.60   sel     $27,900.00   [strat=opponent_aware_diagnostic]
      R 4  buy $    339.27   sel     $27,850.00   [strat=opponent_aware_diagnostic]
      R 5  buy $ 15,449.40   sel     $27,850.00   [strat=opponent_aware_diagnostic]
      R 6  buy $ 22,050.64   sel     $26,500.00   [strat=opponent_aware_diagnostic]
      R 7  buy $  6,880.43   sel     $25,999.00   [strat=opponent_aware_diagnostic]
      R 8  buy $ 18,854.72   sel     $24,900.00   [strat=opponent_aware_diagnostic]
      R 9  buy $ 10,300.53   sel     $23,900.00   [strat=opponent_aware_diagnostic]
      R10  buy $ 11,814.85   sel     $22,050.00   [strat=opponent_aware_diagnostic]
      R11  buy $  1,851.63   sel     $21,900.00   [strat=opponent_aware_diagnostic]
      R12  buy $  7,778.84   sel     $21,500.00   [strat=opponent_aware_diagnostic]
      R13  buy $  7,906.12   sel     $21,000.00   [strat=opponent_aware_diagnostic]
      R14  buy $  7,533.73   sel     $20,800.00   [strat=opponent_aware_diagnostic]
      R15  buy $  5,276.01   sel     $20,800.00   [strat=opponent_aware_diagnostic]
      R16  buy $ 15,959.88   sel     $20,500.00   [strat=opponent_aware_diagnostic]
   run 20 done in 11.1 min

   run 21/30 on 2022 Toyota RAV4 XLE AWD  seed=20663440
      R 1  buy $ 24,890.76   sel     $29,000.00   [strat=opponent_aware_diagnostic] *
      R 2  buy $ 23,150.00   sel     $27,500.00   [strat=opponent_aware_diagnostic]
      R 3  buy $ 20,981.03   sel     $26,500.00   [strat=opponent_aware_diagnostic]
      R 4  buy $ 11,708.74   sel     $25,000.00   [strat=opponent_aware_diagnostic]
      R 5  buy $ 18,691.66   sel     $24,500.00   [strat=opponent_aware_diagnostic]
      R 6  buy $  4,791.53   sel     $24,000.00   [strat=opponent_aware_diagnostic]
      R 7  buy $ 15,780.33   sel     $23,500.00   [strat=opponent_aware_diagnostic]
      R 8  buy $ 14,642.07   sel     $23,000.00   [strat=opponent_aware_diagnostic]
      R 9  buy $  4,606.68   sel     $22,500.00   [strat=opponent_aware_diagnostic]
      R10  buy $  4,642.08   sel     $22,000.00   [strat=opponent_aware_diagnostic]
      R11  buy $ 20,340.34   sel     $21,500.00   [strat=opponent_aware_diagnostic]
      R12  buy $ 13,328.09   sel     $21,500.00   [strat=opponent_aware_diagnostic]
      R13  buy $ 16,821.41   sel     $21,000.00   [strat=opponent_aware_diagnostic]
      R14  buy $  2,829.59   sel     $21,000.00   [strat=opponent_aware_diagnostic]
      R15  buy $ 17,646.72   sel     $20,500.00   [strat=opponent_aware_diagnostic]
      R16  buy $ 10,499.50   sel     $20,000.00   [strat=opponent_aware_diagnostic]
   run 21 done in 9.5 min

   run 22/30 on 2022 Toyota RAV4 XLE AWD  seed=20663441
      R 1  buy $  2,827.95   sel     $31,500.00   [strat=opponent_aware_diagnostic] *
      R 2  buy $ 18,184.43   sel     $30,500.00   [strat=opponent_aware_diagnostic]
      R 3  buy $  5,880.57   sel     $29,999.00   [strat=opponent_aware_diagnostic]
      R 4  buy $ 21,512.94   sel     $29,499.00   [strat=opponent_aware_diagnostic]
      R 5  buy $ 10,759.59   sel     $29,000.00   [strat=opponent_aware_diagnostic]
      R 6  buy $  2,902.21   sel     $28,999.00   [strat=opponent_aware_diagnostic]
      R 7  buy $  2,452.41   sel     $28,500.00   [strat=opponent_aware_diagnostic]
      R 8  buy $ 24,598.13   sel     $27,995.00   [strat=opponent_aware_diagnostic]
      R 9  buy $ 22,822.59   sel     $26,500.00   [strat=opponent_aware_diagnostic]
      R10  buy $ 25,143.90   sel     $25,999.00   [strat=opponent_aware_diagnostic]
      R11  buy $ 17,289.25   sel     $25,500.00   [strat=opponent_aware_diagnostic]
      R12  buy $ 13,279.76   sel     $25,250.00   [strat=opponent_aware_diagnostic]
      R13  buy $ 17,061.59   sel     $24,999.00   [strat=opponent_aware_diagnostic]
      R14  buy $ 22,998.78   sel     $23,999.00   [strat=opponent_aware_diagnostic]
      R15  buy $  5,066.52   sel     $23,500.00   [strat=opponent_aware_diagnostic]
      R16  buy $    967.64   sel     $23,500.00   [strat=opponent_aware_diagnostic]
   run 22 done in 8.0 min

   run 23/30 on 2022 Toyota RAV4 XLE AWD  seed=20663442
      R 1  buy $ 12,087.19   sel     $30,000.00   [strat=opponent_aware_diagnostic] *
      R 2  buy $  5,592.82   sel     $29,500.00   [strat=opponent_aware_diagnostic]
      R 3  buy $ 19,302.12   sel     $28,500.00   [strat=opponent_aware_diagnostic]
      R 4  buy $ 26,747.94   sel     $27,500.00   [strat=opponent_aware_diagnostic]
      R 5  buy $  2,339.87   sel     $27,500.00   [strat=opponent_aware_diagnostic]
      R 6  buy $ 17,406.99   sel     $27,500.00   [strat=opponent_aware_diagnostic]
      R 7  buy $ 21,365.36   sel     $25,000.00   [strat=opponent_aware_diagnostic]
      R 8  buy $  9,402.81   sel     $25,000.00   [strat=opponent_aware_diagnostic]
      R 9  buy $ 22,012.21   sel     $23,500.00   [strat=opponent_aware_diagnostic]
      R10  buy $ 20,355.51   sel     $22,500.00   [strat=opponent_aware_diagnostic]
      R11  buy $  2,461.73   sel     $22,500.00   [strat=opponent_aware_diagnostic]
      R12  buy $  8,155.05   sel     $22,000.00   [strat=opponent_aware_diagnostic]
      R13  buy $    112.90   sel     $22,000.00   [strat=opponent_aware_diagnostic]
      R14  buy $ 11,156.29   sel     $21,000.00   [strat=opponent_aware_diagnostic]
      R15  buy $  6,412.15   sel     $21,000.00   [strat=opponent_aware_diagnostic]
      R16  buy $ 19,966.41   sel     PARSE-FAIL   [strat=opponent_aware_diagnostic]
   run 23 done in 9.8 min

   run 24/30 on 2022 Toyota RAV4 XLE AWD  seed=20663443
      R 1  buy $  7,326.61   sel     $29,500.00   [strat=opponent_aware_diagnostic] *
      R 2  buy $ 23,597.19   sel     $28,750.00   [strat=opponent_aware_diagnostic]
      R 3  buy $  1,279.46   sel     $28,750.00   [strat=opponent_aware_diagnostic]
      R 4  buy $ 16,197.28   sel     $27,500.00   [strat=opponent_aware_diagnostic]
      R 5  buy $ 21,547.95   sel     $26,500.00   [strat=opponent_aware_diagnostic]
      R 6  buy $ 21,827.59   sel     $25,000.00   [strat=opponent_aware_diagnostic]
      R 7  buy $ 12,305.25   sel     $24,500.00   [strat=opponent_aware_diagnostic]
      R 8  buy $  5,989.00   sel     $23,500.00   [strat=opponent_aware_diagnostic]
      R 9  buy $  4,955.02   sel     $23,000.00   [strat=opponent_aware_diagnostic]
      R10  buy $ 14,601.87   sel     $22,500.00   [strat=opponent_aware_diagnostic]
      R11  buy $ 14,525.12   sel     $22,000.00   [strat=opponent_aware_diagnostic]
      R12  buy $  2,448.72   sel     $21,500.00   [strat=opponent_aware_diagnostic]
      R13  buy $  2,623.69   sel     $21,000.00   [strat=opponent_aware_diagnostic]
      R14  buy $  3,751.36   sel     $21,000.00   [strat=opponent_aware_diagnostic]
      R15  buy $  5,869.46   sel     $20,900.00   [strat=opponent_aware_diagnostic]
      R16  buy $  6,809.30   sel     $20,900.00   [strat=opponent_aware_diagnostic]
   run 24 done in 8.8 min

   run 25/30 on 2022 Toyota RAV4 XLE AWD  seed=20663444
      R 1  buy $  6,722.40   sel     $30,500.00   [strat=opponent_aware_diagnostic] *
      R 2  buy $  8,862.52   sel     $29,900.00   [strat=opponent_aware_diagnostic]
      R 3  buy $ 17,645.66   sel     $27,500.00   [strat=opponent_aware_diagnostic]
      R 4  buy $  8,638.47   sel     $27,000.00   [strat=opponent_aware_diagnostic]
      R 5  buy $  3,555.22   sel     $26,500.00   [strat=opponent_aware_diagnostic]
      R 6  buy $ 15,350.58   sel     $25,500.00   [strat=opponent_aware_diagnostic]
      R 7  buy $ 15,178.93   sel     $24,500.00   [strat=opponent_aware_diagnostic]
      R 8  buy $ 10,211.54   sel     $23,500.00   [strat=opponent_aware_diagnostic]
      R 9  buy $  7,254.88   sel     $22,500.00   [strat=opponent_aware_diagnostic]
      R10  buy $ 15,430.71   sel     $22,000.00   [strat=opponent_aware_diagnostic]
      R11  buy $  7,901.34   sel     $21,500.00   [strat=opponent_aware_diagnostic]
      R12  buy $ 19,968.34   sel     $21,500.00   [strat=opponent_aware_diagnostic]
      R13  buy $ 11,896.11   sel     $21,000.00   [strat=opponent_aware_diagnostic]
      R14  buy $ 14,668.51   sel     $20,900.00   [strat=opponent_aware_diagnostic]
      R15  buy $  6,300.79   sel     $20,800.01   [strat=opponent_aware_diagnostic]
      R16  buy $  5,521.93   sel     $20,800.00   [strat=opponent_aware_diagnostic]
   run 25 done in 10.6 min

   run 26/30 on 2022 Toyota RAV4 XLE AWD  seed=20663445
      R 1  buy $ 30,927.00   sel     $31,700.00   [strat=opponent_aware_diagnostic] *
      R 2  buy $    886.42   sel     $31,500.00   [strat=opponent_aware_diagnostic]
      R 3  buy $ 21,973.81   sel     $30,500.00   [strat=opponent_aware_diagnostic]
      R 4  buy $ 18,071.33   sel     $28,500.00   [strat=opponent_aware_diagnostic]
      R 5  buy $ 24,276.38   sel     $27,500.00   [strat=opponent_aware_diagnostic]
      R 6  buy $ 18,291.73   sel     $27,500.00   [strat=opponent_aware_diagnostic]
      R 7  buy $ 14,048.91   sel     $26,000.00   [strat=opponent_aware_diagnostic]
      R 8  buy $     98.21   sel     $26,000.00   [strat=opponent_aware_diagnostic]
      R 9  buy $  5,200.49   sel     $25,500.00   [strat=opponent_aware_diagnostic]
      R10  buy $ 11,956.05   sel     $24,999.00   [strat=opponent_aware_diagnostic]
      R11  buy $  9,431.94   sel     $24,500.00   [strat=opponent_aware_diagnostic]
      R12  buy $  3,310.29   sel     $24,000.00   [strat=opponent_aware_diagnostic]
      R13  buy $  2,465.86   sel     $23,500.00   [strat=opponent_aware_diagnostic]
      R14  buy $  4,080.34   sel     $22,000.00   [strat=opponent_aware_diagnostic]
      R15  buy $  4,333.38   sel     $21,500.00   [strat=opponent_aware_diagnostic]
      R16  buy $  9,616.29   sel     $21,000.00   [strat=opponent_aware_diagnostic]
   run 26 done in 10.0 min

   run 27/30 on 2022 Toyota RAV4 XLE AWD  seed=20663446
      R 1  buy $ 17,548.53   sel     $30,500.00   [strat=opponent_aware_diagnostic] *
      R 2  buy $ 11,162.26   sel     $29,500.00   [strat=opponent_aware_diagnostic]
      R 3  buy $ 14,469.28   sel     $28,500.00   [strat=opponent_aware_diagnostic]
      R 4  buy $ 18,823.63   sel     $27,900.00   [strat=opponent_aware_diagnostic]
      R 5  buy $ 27,466.45   sel     $27,466.45   [strat=opponent_aware_diagnostic]
      R 6  buy $ 18,112.48   sel     $27,900.00   [strat=opponent_aware_diagnostic]
      R 7  buy $ 19,299.60   sel     $27,466.45   [strat=opponent_aware_diagnostic]
      R 8  buy $ 22,383.73   sel     $27,500.00   [strat=opponent_aware_diagnostic]
      R 9  buy $ 14,191.60   sel     $27,499.00   [strat=opponent_aware_diagnostic]
      R10  buy $ 14,620.32   sel     $26,999.00   [strat=opponent_aware_diagnostic]
      R11  buy $ 10,864.09   sel     $26,500.00   [strat=opponent_aware_diagnostic]
      R12  buy $ 20,548.23   sel     $26,250.00   [strat=opponent_aware_diagnostic]
      R13  buy $ 18,880.06   sel     $25,999.00   [strat=opponent_aware_diagnostic]
      R14  buy $ 25,908.19   sel     $25,908.19   [strat=opponent_aware_diagnostic]
      R15  buy $ 20,690.91   sel     $23,300.00   [strat=opponent_aware_diagnostic]
      R16  buy $ 13,690.81   sel     $22,000.00   [strat=opponent_aware_diagnostic]
   run 27 done in 9.7 min

   run 28/30 on 2022 Toyota RAV4 XLE AWD  seed=20663447
      R 1  buy $ 20,430.02   sel     $29,500.00   [strat=opponent_aware_diagnostic] *
      R 2  buy $  1,907.04   sel     $29,500.00   [strat=opponent_aware_diagnostic]
      R 3  buy $  8,282.66   sel     $29,500.00   [strat=opponent_aware_diagnostic]
      R 4  buy $ 11,635.45   sel     $29,500.00   [strat=opponent_aware_diagnostic]
      R 5  buy $    365.37   sel     $29,500.00   [strat=opponent_aware_diagnostic]
      R 6  buy $ 20,787.03   sel     $29,500.00   [strat=opponent_aware_diagnostic]
      R 7  buy $  1,374.45   sel     $29,500.00   [strat=opponent_aware_diagnostic]
      R 8  buy $ 11,269.08   sel     $28,900.00   [strat=opponent_aware_diagnostic]
      R 9  buy $  3,783.44   sel     $28,800.00   [strat=opponent_aware_diagnostic]
      R10  buy $ 16,225.49   sel     $28,600.00   [strat=opponent_aware_diagnostic]
      R11  buy $  1,710.88   sel     $28,600.00   [strat=opponent_aware_diagnostic]
      R12  buy $ 11,790.62   sel     $27,500.00   [strat=opponent_aware_diagnostic]
      R13  buy $ 13,000.98   sel     $26,500.00   [strat=opponent_aware_diagnostic]
      R14  buy $  2,113.07   sel     $26,500.00   [strat=opponent_aware_diagnostic]
      R15  buy $ 17,825.28   sel     $25,500.00   [strat=opponent_aware_diagnostic]
      R16  buy $ 10,730.50   sel     $24,900.00   [strat=opponent_aware_diagnostic]
   run 28 done in 7.8 min

   run 29/30 on 2022 Toyota RAV4 XLE AWD  seed=20663448
      R 1  buy $  6,359.50   sel     $31,500.00   [strat=opponent_aware_diagnostic] *
      R 2  buy $ 18,706.69   sel     $30,500.00   [strat=opponent_aware_diagnostic]
      R 3  buy $ 17,872.65   sel     $29,900.00   [strat=opponent_aware_diagnostic]
      R 4  buy $ 23,812.53   sel     $29,400.00   [strat=opponent_aware_diagnostic]
      R 5  buy $  6,590.29   sel     $29,000.00   [strat=opponent_aware_diagnostic]
      R 6  buy $  2,926.85   sel     $28,500.00   [strat=opponent_aware_diagnostic]
      R 7  buy $ 16,076.93   sel     $27,900.00   [strat=opponent_aware_diagnostic]
      R 8  buy $ 13,593.70   sel     $27,500.00   [strat=opponent_aware_diagnostic]
      R 9  buy $  4,992.57   sel     $27,000.00   [strat=opponent_aware_diagnostic]
      R10  buy $ 10,846.07   sel     $26,500.00   [strat=opponent_aware_diagnostic]
      R11  buy $ 11,940.74   sel     $26,000.00   [strat=opponent_aware_diagnostic]
      R12  buy $ 20,865.75   sel     $24,000.00   [strat=opponent_aware_diagnostic]
      R13  buy $ 18,721.11   sel     $23,500.00   [strat=opponent_aware_diagnostic]
      R14  buy $ 13,065.72   sel     $22,500.00   [strat=opponent_aware_diagnostic]
      R15  buy $  7,214.90   sel     $21,500.00   [strat=opponent_aware_diagnostic]
      R16  buy $  1,346.17   sel     $21,000.00   [strat=opponent_aware_diagnostic]
   run 29 done in 8.8 min

   run 30/30 on 2022 Toyota RAV4 XLE AWD  seed=20663449
      R 1  buy $ 19,176.55   sel     $27,995.00   [strat=opponent_aware_diagnostic] *
      R 2  buy $  6,425.30   sel     $27,995.00   [strat=opponent_aware_diagnostic]
      R 3  buy $ 24,916.56   sel     $27,495.00   [strat=opponent_aware_diagnostic]
      R 4  buy $ 13,386.01   sel     $26,995.00   [strat=opponent_aware_diagnostic]
      R 5  buy $ 17,200.41   sel     $26,495.00   [strat=opponent_aware_diagnostic]
      R 6  buy $ 24,840.79   sel     $25,500.00   [strat=opponent_aware_diagnostic]
      R 7  buy $  3,069.23   sel     $25,000.00   [strat=opponent_aware_diagnostic]
      R 8  buy $ 23,150.12   sel     $24,500.00   [strat=opponent_aware_diagnostic]
      R 9  buy $ 11,122.28   sel     $24,000.00   [strat=opponent_aware_diagnostic]
      R10  buy $ 22,017.19   sel     $23,500.00   [strat=opponent_aware_diagnostic]
      R11  buy $ 18,049.75   sel     $22,500.00   [strat=opponent_aware_diagnostic]
      R12  buy $ 17,690.39   sel     $21,500.00   [strat=opponent_aware_diagnostic]
      R13  buy $  5,865.35   sel     $21,000.00   [strat=opponent_aware_diagnostic]
      R14  buy $ 10,815.83   sel     $20,900.00   [strat=opponent_aware_diagnostic]
      R15  buy $ 18,084.15   sel     $20,500.00   [strat=opponent_aware_diagnostic]
      R16  buy $  4,060.89   sel     $20,500.00   [strat=opponent_aware_diagnostic]
   run 30 done in 9.5 min

   ---> checkpoint: car 4/5 done in 273.4 min; total so far 996.9 min; saved 120 runs to exp04_fixed_opponent_aware_diagnostic.json

--- CAR 5/5: 2023 Ford Mustang GT Premium  (M=$45,000.00  cost=$36,000.00  cost/M=80.00%) ---

   run 1/30 on 2023 Ford Mustang GT Premium  seed=20664420
      R 1  buy $  1,723.20   sel     $44,500.00   [strat=opponent_aware_diagnostic] *
      R 2  buy $  3,402.37   sel     $43,500.00   [strat=opponent_aware_diagnostic]
      R 3  buy $ 14,079.97   sel     $42,000.00   [strat=opponent_aware_diagnostic]
      R 4  buy $  1,071.29   sel     $41,500.00   [strat=opponent_aware_diagnostic]
      R 5  buy $  4,981.90   sel     $41,500.00   [strat=opponent_aware_diagnostic]
      R 6  buy $ 22,980.27   sel     $40,500.00   [strat=opponent_aware_diagnostic]
      R 7  buy $ 14,973.49   sel     $40,000.00   [strat=opponent_aware_diagnostic]
      R 8  buy $ 19,652.51   sel     $39,500.00   [strat=opponent_aware_diagnostic]
      R 9  buy $ 38,214.69   sel     $38,900.00   [strat=opponent_aware_diagnostic]
      R10  buy $ 13,577.44   sel     $38,500.00   [strat=opponent_aware_diagnostic]
      R11  buy $ 23,172.60   sel     $38,000.00   [strat=opponent_aware_diagnostic]
      R12  buy $ 25,660.22   sel     $37,500.00   [strat=opponent_aware_diagnostic]
      R13  buy $ 34,645.63   sel     $36,500.00   [strat=opponent_aware_diagnostic]
      R14  buy $  8,578.29   sel     $36,500.00   [strat=opponent_aware_diagnostic]
      R15  buy $ 12,391.86   sel     $36,500.00   [strat=opponent_aware_diagnostic]
      R16  buy $ 24,934.38   sel     $36,500.00   [strat=opponent_aware_diagnostic]
   run 1 done in 8.6 min

   run 2/30 on 2023 Ford Mustang GT Premium  seed=20664421
      R 1  buy $ 34,956.93   sel     PARSE-FAIL   [strat=opponent_aware_diagnostic] *
      R 2  buy $ 10,098.49   sel     $43,500.00   [strat=opponent_aware_diagnostic]
      R 3  buy $ 16,299.91   sel     $42,500.00   [strat=opponent_aware_diagnostic]
      R 4  buy $ 13,394.21   sel     $42,500.00   [strat=opponent_aware_diagnostic]
      R 5  buy $ 15,354.66   sel     $42,500.00   [strat=opponent_aware_diagnostic]
      R 6  buy $ 20,859.48   sel     $42,500.00   [strat=opponent_aware_diagnostic]
      R 7  buy $ 35,153.53   sel     $39,500.00   [strat=opponent_aware_diagnostic]
      R 8  buy $ 24,311.44   sel     $38,500.00   [strat=opponent_aware_diagnostic]
      R 9  buy $  1,174.95   sel     $38,500.00   [strat=opponent_aware_diagnostic]
      R10  buy $ 26,264.57   sel     $38,000.00   [strat=opponent_aware_diagnostic]
      R11  buy $ 19,906.99   sel     $37,500.00   [strat=opponent_aware_diagnostic]
      R12  buy $ 23,462.01   sel     $37,000.00   [strat=opponent_aware_diagnostic]
      R13  buy $ 17,476.98   sel     $36,500.00   [strat=opponent_aware_diagnostic]
      R14  buy $ 11,811.07   sel     $36,250.00   [strat=opponent_aware_diagnostic]
      R15  buy $  3,148.28   sel     $36,250.00   [strat=opponent_aware_diagnostic]
      R16  buy $ 15,707.44   sel     $36,000.00   [strat=opponent_aware_diagnostic]
   run 2 done in 8.3 min

   run 3/30 on 2023 Ford Mustang GT Premium  seed=20664422
      R 1  buy $ 43,032.06   sel     $44,500.00   [strat=opponent_aware_diagnostic] *
      R 2  buy $ 39,345.32   sel     $44,000.00   [strat=opponent_aware_diagnostic]
      R 3  buy $ 39,783.00   sel     $43,500.00   [strat=opponent_aware_diagnostic]
      R 4  buy $ 43,021.18   sel     $43,250.00   [strat=opponent_aware_diagnostic]
      R 5  buy $  1,245.07   sel     $43,000.00   [strat=opponent_aware_diagnostic]
      R 6  buy $ 21,134.33   sel     $42,500.00   [strat=opponent_aware_diagnostic]
      R 7  buy $ 16,957.47   sel     $42,000.00   [strat=opponent_aware_diagnostic]
      R 8  buy $ 24,359.65   sel     $41,500.00   [strat=opponent_aware_diagnostic]
      R 9  buy $  8,873.14   sel     $40,000.00   [strat=opponent_aware_diagnostic]
      R10  buy $ 23,575.34   sel     $43,250.00   [strat=opponent_aware_diagnostic]
      R11  buy $ 41,592.26   sel     $42,421.13   [strat=opponent_aware_diagnostic]
      R12  buy $  6,769.47   sel     $40,000.00   [strat=opponent_aware_diagnostic]
      R13  buy $ 23,142.39   sel     $40,000.00   [strat=opponent_aware_diagnostic]
      R14  buy $ 10,079.40   sel     PARSE-FAIL   [strat=opponent_aware_diagnostic]
      R15  buy $  6,312.77   sel     $39,500.00   [strat=opponent_aware_diagnostic]
      R16  buy $ 36,958.68   sel     $36,958.68   [strat=opponent_aware_diagnostic]
   run 3 done in 7.8 min

   run 4/30 on 2023 Ford Mustang GT Premium  seed=20664423
      R 1  buy $ 13,781.97   sel     $44,500.00   [strat=opponent_aware_diagnostic] *
      R 2  buy $ 27,491.53   sel     $42,000.00   [strat=opponent_aware_diagnostic]
      R 3  buy $ 41,712.90   sel     $42,000.00   [strat=opponent_aware_diagnostic]
      R 4  buy $ 16,065.90   sel     $42,000.00   [strat=opponent_aware_diagnostic]
      R 5  buy $ 31,613.34   sel     $42,000.00   [strat=opponent_aware_diagnostic]
      R 6  buy $ 18,021.77   sel     $42,000.00   [strat=opponent_aware_diagnostic]
      R 7  buy $ 32,614.94   sel     $42,000.00   [strat=opponent_aware_diagnostic]
      R 8  buy $ 23,737.03   sel     $42,000.00   [strat=opponent_aware_diagnostic]
      R 9  buy $  8,159.18   sel     $42,000.00   [strat=opponent_aware_diagnostic]
      R10  buy $ 40,046.51   sel     $41,500.00   [strat=opponent_aware_diagnostic]
      R11  buy $ 23,746.56   sel     $41,000.00   [strat=opponent_aware_diagnostic]
      R12  buy $  2,024.22   sel     $41,000.00   [strat=opponent_aware_diagnostic]
      R13  buy $ 14,387.06   sel     $41,000.00   [strat=opponent_aware_diagnostic]
      R14  buy $ 23,144.05   sel     $40,500.00   [strat=opponent_aware_diagnostic]
      R15  buy $  1,572.55   sel     $40,500.00   [strat=opponent_aware_diagnostic]
      R16  buy $ 23,495.81   sel     $40,000.00   [strat=opponent_aware_diagnostic]
   run 4 done in 7.5 min

   run 5/30 on 2023 Ford Mustang GT Premium  seed=20664424
      R 1  buy $ 14,507.69   sel     $42,500.00   [strat=opponent_aware_diagnostic] *
      R 2  buy $ 34,617.29   sel     $39,995.00   [strat=opponent_aware_diagnostic]
      R 3  buy $ 38,441.63   sel     $39,500.00   [strat=opponent_aware_diagnostic]
      R 4  buy $ 32,920.25   sel     $39,500.00   [strat=opponent_aware_diagnostic]
      R 5  buy $ 22,710.87   sel     $39,500.00   [strat=opponent_aware_diagnostic]
      R 6  buy $ 22,446.06   sel     $39,000.00   [strat=opponent_aware_diagnostic]
      R 7  buy $ 29,904.51   sel     $38,000.00   [strat=opponent_aware_diagnostic]
      R 8  buy $ 10,776.80   sel     $37,500.00   [strat=opponent_aware_diagnostic]
      R 9  buy $  8,083.61   sel     $37,500.00   [strat=opponent_aware_diagnostic]
      R10  buy $ 10,199.88   sel     $37,000.00   [strat=opponent_aware_diagnostic]
      R11  buy $  8,579.68   sel     $36,500.00   [strat=opponent_aware_diagnostic]
      R12  buy $  2,728.46   sel     $36,000.00   [strat=opponent_aware_diagnostic]
      R13  buy $ 21,519.07   sel     $36,000.00   [strat=opponent_aware_diagnostic]
      R14  buy $ 34,237.84   sel     $35,500.00   [strat=opponent_aware_diagnostic]
      R15  buy $ 28,763.47   sel     $36,000.00   [strat=opponent_aware_diagnostic]
      R16  buy $ 30,946.17   sel     $35,500.00   [strat=opponent_aware_diagnostic]
   run 5 done in 10.0 min

   run 6/30 on 2023 Ford Mustang GT Premium  seed=20664425
      R 1  buy $ 11,672.36   sel     $44,900.00   [strat=opponent_aware_diagnostic] *
      R 2  buy $ 35,381.87   sel     $42,500.00   [strat=opponent_aware_diagnostic]
      R 3  buy $  7,689.24   sel     $42,000.00   [strat=opponent_aware_diagnostic]
      R 4  buy $ 22,743.81   sel     $41,500.00   [strat=opponent_aware_diagnostic]
      R 5  buy $ 40,116.63   sel     $40,808.32   [strat=opponent_aware_diagnostic]
      R 6  buy $ 11,188.20   sel     $41,200.00   [strat=opponent_aware_diagnostic]
      R 7  buy $ 33,588.78   sel     $40,000.00   [strat=opponent_aware_diagnostic]
      R 8  buy $ 39,753.53   sel     $39,753.53   [strat=opponent_aware_diagnostic]
      R 9  buy $ 26,418.68   sel     $39,000.00   [strat=opponent_aware_diagnostic]
      R10  buy $  6,956.32   sel     $38,500.00   [strat=opponent_aware_diagnostic]
      R11  buy $ 12,278.33   sel     $38,000.00   [strat=opponent_aware_diagnostic]
      R12  buy $ 31,915.68   sel     $37,000.00   [strat=opponent_aware_diagnostic]
      R13  buy $ 10,341.45   sel     $37,500.00   [strat=opponent_aware_diagnostic]
      R14  buy $ 29,170.09   sel     $36,500.00   [strat=opponent_aware_diagnostic]
      R15  buy $ 18,816.59   sel     $36,000.00   [strat=opponent_aware_diagnostic]
      R16  buy $  7,285.59   sel     $36,000.00   [strat=opponent_aware_diagnostic]
   run 6 done in 9.7 min

   run 7/30 on 2023 Ford Mustang GT Premium  seed=20664426
      R 1  buy $ 39,083.26   sel     $44,500.00   [strat=opponent_aware_diagnostic] *
      R 2  buy $  2,802.23   sel     $43,000.00   [strat=opponent_aware_diagnostic]
      R 3  buy $ 36,148.92   sel     $38,500.00   [strat=opponent_aware_diagnostic]
      R 4  buy $ 17,831.33   sel     $38,500.00   [strat=opponent_aware_diagnostic]
      R 5  buy $ 30,301.35   sel     $37,000.00   [strat=opponent_aware_diagnostic]
      R 6  buy $  9,580.29   sel     $36,500.00   [strat=opponent_aware_diagnostic]
      R 7  buy $ 30,947.52   sel     $35,995.00   [strat=opponent_aware_diagnostic]
      R 8  buy $ 28,895.80   sel     $35,500.00   [strat=opponent_aware_diagnostic]
      R 9  buy $    702.66   sel     $35,500.00   [strat=opponent_aware_diagnostic]
      R10  buy $ 15,698.33   sel     $36,000.00   [strat=opponent_aware_diagnostic]
      R11  buy $ 22,578.50   sel     $36,500.00   [strat=opponent_aware_diagnostic]
      R12  buy $  3,124.76   sel     $36,500.00   [strat=opponent_aware_diagnostic]
      R13  buy $  9,780.84   sel     $35,999.00   [strat=opponent_aware_diagnostic]
      R14  buy $ 31,430.16   sel     $36,000.00   [strat=opponent_aware_diagnostic]
      R15  buy $ 15,462.65   sel     $36,000.00   [strat=opponent_aware_diagnostic]
      R16  buy $ 22,700.62   sel     $36,000.00   [strat=opponent_aware_diagnostic]
   run 7 done in 14.3 min

   run 8/30 on 2023 Ford Mustang GT Premium  seed=20664427
      R 1  buy $ 42,585.81   sel     $44,500.00   [strat=opponent_aware_diagnostic] *
      R 2  buy $ 11,165.18   sel     $44,500.00   [strat=opponent_aware_diagnostic]
      R 3  buy $ 36,113.62   sel     $42,000.00   [strat=opponent_aware_diagnostic]
      R 4  buy $ 30,004.24   sel     $41,500.00   [strat=opponent_aware_diagnostic]
      R 5  buy $ 38,865.91   sel     $40,000.00   [strat=opponent_aware_diagnostic]
      R 6  buy $ 26,983.77   sel     $40,000.00   [strat=opponent_aware_diagnostic]
      R 7  buy $ 25,077.82   sel     $39,500.00   [strat=opponent_aware_diagnostic]
      R 8  buy $ 38,978.26   sel     $38,978.26   [strat=opponent_aware_diagnostic]
      R 9  buy $  8,187.59   sel     $38,500.00   [strat=opponent_aware_diagnostic]
      R10  buy $  2,135.14   sel     $38,000.00   [strat=opponent_aware_diagnostic]
      R11  buy $ 20,734.94   sel     $38,000.00   [strat=opponent_aware_diagnostic]
      R12  buy $ 30,576.40   sel     $37,500.00   [strat=opponent_aware_diagnostic]
      R13  buy $ 34,937.92   sel     $37,000.00   [strat=opponent_aware_diagnostic]
      R14  buy $ 20,419.78   sel     $36,500.00   [strat=opponent_aware_diagnostic]
      R15  buy $ 20,255.84   sel     $36,000.00   [strat=opponent_aware_diagnostic]
      R16  buy $ 29,762.82   sel     $35,500.00   [strat=opponent_aware_diagnostic]
   run 8 done in 6.9 min

   run 9/30 on 2023 Ford Mustang GT Premium  seed=20664428
      R 1  buy $  6,206.77   sel     $41,995.00   [strat=opponent_aware_diagnostic] *
      R 2  buy $  1,814.93   sel     $41,995.00   [strat=opponent_aware_diagnostic]
      R 3  buy $ 25,954.01   sel     $39,995.00   [strat=opponent_aware_diagnostic]
      R 4  buy $ 23,342.76   sel     $38,500.00   [strat=opponent_aware_diagnostic]
      R 5  buy $ 21,391.51   sel     $38,000.00   [strat=opponent_aware_diagnostic]
      R 6  buy $ 33,593.01   sel     $37,000.00   [strat=opponent_aware_diagnostic]
      R 7  buy $ 11,748.93   sel     $36,500.00   [strat=opponent_aware_diagnostic]
      R 8  buy $ 19,969.97   sel     $36,250.00   [strat=opponent_aware_diagnostic]
      R 9  buy $ 20,893.62   sel     $36,000.00   [strat=opponent_aware_diagnostic]
      R10  buy $  4,042.28   sel     $36,000.00   [strat=opponent_aware_diagnostic]
      R11  buy $  4,764.45   sel     $36,000.00   [strat=opponent_aware_diagnostic]
      R12  buy $  2,535.99   sel     $36,000.00   [strat=opponent_aware_diagnostic]
      R13  buy $  7,404.94   sel     $36,000.00   [strat=opponent_aware_diagnostic]
      R14  buy $  2,203.77   sel     $36,000.00   [strat=opponent_aware_diagnostic]
      R15  buy $ 19,466.10   sel     $36,000.00   [strat=opponent_aware_diagnostic]
      R16  buy $ 28,356.60   sel     $36,000.00   [strat=opponent_aware_diagnostic]
   run 9 done in 8.7 min

   run 10/30 on 2023 Ford Mustang GT Premium  seed=20664429
      R 1  buy $ 39,224.66   sel     $43,500.00   [strat=opponent_aware_diagnostic] *
      R 2  buy $ 43,402.06   sel     $43,402.06   [strat=opponent_aware_diagnostic]
      R 3  buy $ 35,506.88   sel     $42,500.00   [strat=opponent_aware_diagnostic]
      R 4  buy $ 10,315.17   sel     $42,500.00   [strat=opponent_aware_diagnostic]
      R 5  buy $  2,208.78   sel     $42,000.00   [strat=opponent_aware_diagnostic]
      R 6  buy $ 18,251.83   sel     $42,000.00   [strat=opponent_aware_diagnostic]
      R 7  buy $  1,605.45   sel     $41,500.00   [strat=opponent_aware_diagnostic]
      R 8  buy $ 38,666.38   sel     $41,000.00   [strat=opponent_aware_diagnostic]
      R 9  buy $ 20,811.71   sel     $40,500.00   [strat=opponent_aware_diagnostic]
      R10  buy $ 31,753.65   sel     $39,500.00   [strat=opponent_aware_diagnostic]
      R11  buy $ 12,002.68   sel     $39,000.00   [strat=opponent_aware_diagnostic]
      R12  buy $ 10,681.79   sel     $38,500.00   [strat=opponent_aware_diagnostic]
      R13  buy $ 11,886.72   sel     $38,500.00   [strat=opponent_aware_diagnostic]
      R14  buy $ 29,843.18   sel     $37,500.00   [strat=opponent_aware_diagnostic]
      R15  buy $ 34,178.18   sel     $37,000.00   [strat=opponent_aware_diagnostic]
      R16  buy $ 28,750.91   sel     $36,500.00   [strat=opponent_aware_diagnostic]
   run 10 done in 10.0 min

   run 11/30 on 2023 Ford Mustang GT Premium  seed=20664430
      R 1  buy $ 41,037.40   sel     $44,500.00   [strat=opponent_aware_diagnostic] *
      R 2  buy $  7,143.39   sel     $43,000.00   [strat=opponent_aware_diagnostic]
      R 3  buy $ 21,745.59   sel     $42,000.00   [strat=opponent_aware_diagnostic]
      R 4  buy $ 29,984.15   sel     $40,000.00   [strat=opponent_aware_diagnostic]
      R 5  buy $ 30,637.59   sel     $39,000.00   [strat=opponent_aware_diagnostic]
      R 6  buy $  4,634.31   sel     $39,000.00   [strat=opponent_aware_diagnostic]
      R 7  buy $  3,194.06   sel     $39,000.00   [strat=opponent_aware_diagnostic]
      R 8  buy $ 22,045.09   sel     $38,500.00   [strat=opponent_aware_diagnostic]
      R 9  buy $ 14,195.91   sel     $38,000.00   [strat=opponent_aware_diagnostic]
      R10  buy $ 28,568.22   sel     $37,500.00   [strat=opponent_aware_diagnostic]
      R11  buy $ 19,260.28   sel     $37,000.00   [strat=opponent_aware_diagnostic]
      R12  buy $ 29,715.26   sel     $36,500.00   [strat=opponent_aware_diagnostic]
      R13  buy $  5,167.39   sel     $36,400.00   [strat=opponent_aware_diagnostic]
      R14  buy $ 34,356.50   sel     $36,200.00   [strat=opponent_aware_diagnostic]
      R15  buy $  5,311.96   sel     $36,100.00   [strat=opponent_aware_diagnostic]
      R16  buy $ 35,356.54   sel     $36,000.00   [strat=opponent_aware_diagnostic]
   run 11 done in 7.2 min

   run 12/30 on 2023 Ford Mustang GT Premium  seed=20664431
      R 1  buy $ 28,789.14   sel     $42,500.00   [strat=opponent_aware_diagnostic] *
      R 2  buy $ 11,643.23   sel     $41,500.00   [strat=opponent_aware_diagnostic]
      R 3  buy $  6,505.66   sel     $41,000.00   [strat=opponent_aware_diagnostic]
      R 4  buy $ 17,038.75   sel     $40,500.00   [strat=opponent_aware_diagnostic]
      R 5  buy $  3,627.86   sel     $40,000.00   [strat=opponent_aware_diagnostic]
      R 6  buy $    151.22   sel     $39,500.00   [strat=opponent_aware_diagnostic]
      R 7  buy $ 29,079.47   sel     $39,000.00   [strat=opponent_aware_diagnostic]
      R 8  buy $  7,099.48   sel     $38,500.00   [strat=opponent_aware_diagnostic]
      R 9  buy $ 34,103.62   sel     $38,000.00   [strat=opponent_aware_diagnostic]
      R10  buy $  9,550.81   sel     $37,500.00   [strat=opponent_aware_diagnostic]
      R11  buy $  9,543.67   sel     $37,000.00   [strat=opponent_aware_diagnostic]
      R12  buy $ 36,546.53   sel     $36,546.53   [strat=opponent_aware_diagnostic]
      R13  buy $ 20,327.70   sel     $37,000.00   [strat=opponent_aware_diagnostic]
      R14  buy $    354.90   sel     $36,500.00   [strat=opponent_aware_diagnostic]
      R15  buy $  6,184.24   sel     $36,250.00   [strat=opponent_aware_diagnostic]
      R16  buy $ 19,670.13   sel     $36,200.00   [strat=opponent_aware_diagnostic]
   run 12 done in 8.2 min

   run 13/30 on 2023 Ford Mustang GT Premium  seed=20664432
      R 1  buy $ 22,201.70   sel     $44,500.00   [strat=opponent_aware_diagnostic] *
      R 2  buy $ 16,672.57   sel     $43,800.00   [strat=opponent_aware_diagnostic]
      R 3  buy $  2,482.73   sel     $43,600.00   [strat=opponent_aware_diagnostic]
      R 4  buy $ 29,600.48   sel     $43,000.00   [strat=opponent_aware_diagnostic]
      R 5  buy $ 36,048.28   sel     $42,500.00   [strat=opponent_aware_diagnostic]
      R 6  buy $  2,136.98   sel     $42,400.00   [strat=opponent_aware_diagnostic]
      R 7  buy $  8,168.84   sel     $42,000.00   [strat=opponent_aware_diagnostic]
      R 8  buy $ 17,180.70   sel     $41,000.00   [strat=opponent_aware_diagnostic]
      R 9  buy $ 10,646.11   sel     $39,500.00   [strat=opponent_aware_diagnostic]
      R10  buy $  6,825.23   sel     $39,000.00   [strat=opponent_aware_diagnostic]
      R11  buy $  8,436.78   sel     $38,500.00   [strat=opponent_aware_diagnostic]
      R12  buy $ 30,582.96   sel     $37,500.00   [strat=opponent_aware_diagnostic]
      R13  buy $  5,050.45   sel     $37,000.00   [strat=opponent_aware_diagnostic]
      R14  buy $  3,104.43   sel     $36,500.00   [strat=opponent_aware_diagnostic]
      R15  buy $ 13,529.28   sel     $36,000.00   [strat=opponent_aware_diagnostic]
      R16  buy $ 20,337.12   sel     $36,048.00   [strat=opponent_aware_diagnostic]
   run 13 done in 7.5 min

   run 14/30 on 2023 Ford Mustang GT Premium  seed=20664433
      R 1  buy $ 43,434.63   sel     $44,995.00   [strat=opponent_aware_diagnostic] *
      R 2  buy $ 42,453.59   sel     $43,995.00   [strat=opponent_aware_diagnostic]
      R 3  buy $ 20,359.05   sel     $43,500.00   [strat=opponent_aware_diagnostic]
      R 4  buy $ 17,828.61   sel     $42,999.00   [strat=opponent_aware_diagnostic]
      R 5  buy $ 14,375.51   sel     $42,999.00   [strat=opponent_aware_diagnostic]
      R 6  buy $ 25,748.60   sel     $42,500.00   [strat=opponent_aware_diagnostic]
      R 7  buy $ 38,426.21   sel     $41,500.00   [strat=opponent_aware_diagnostic]
      R 8  buy $ 27,634.38   sel     $42,000.00   [strat=opponent_aware_diagnostic]
      R 9  buy $ 30,370.23   sel     $40,500.00   [strat=opponent_aware_diagnostic]
      R10  buy $ 37,495.78   sel     $38,500.00   [strat=opponent_aware_diagnostic]
      R11  buy $ 10,393.21   sel     $40,500.00   [strat=opponent_aware_diagnostic]
      R12  buy $ 10,492.29   sel     $40,000.00   [strat=opponent_aware_diagnostic]
      R13  buy $ 12,229.29   sel     $39,000.00   [strat=opponent_aware_diagnostic]
      R14  buy $ 15,851.81   sel     $38,500.00   [strat=opponent_aware_diagnostic]
      R15  buy $ 33,310.60   sel     $38,000.00   [strat=opponent_aware_diagnostic]
      R16  buy $  1,197.89   sel     $37,500.00   [strat=opponent_aware_diagnostic]
   run 14 done in 7.5 min

   run 15/30 on 2023 Ford Mustang GT Premium  seed=20664434
      R 1  buy $ 14,389.93   sel     $42,500.00   [strat=opponent_aware_diagnostic] *
      R 2  buy $ 41,616.67   sel     $42,000.00   [strat=opponent_aware_diagnostic]
      R 3  buy $  4,786.76   sel     $42,000.00   [strat=opponent_aware_diagnostic]
      R 4  buy $ 22,053.01   sel     $42,000.00   [strat=opponent_aware_diagnostic]
      R 5  buy $  9,906.94   sel     $42,000.00   [strat=opponent_aware_diagnostic]
      R 6  buy $ 32,221.68   sel     $41,850.00   [strat=opponent_aware_diagnostic]
      R 7  buy $  1,640.25   sel     $41,500.00   [strat=opponent_aware_diagnostic]
      R 8  buy $ 18,485.45   sel     $41,000.00   [strat=opponent_aware_diagnostic]
      R 9  buy $ 28,415.35   sel     $40,500.00   [strat=opponent_aware_diagnostic]
      R10  buy $  5,224.15   sel     $40,500.00   [strat=opponent_aware_diagnostic]
      R11  buy $  3,699.26   sel     $40,500.00   [strat=opponent_aware_diagnostic]
      R12  buy $ 40,116.96   sel     $40,250.00   [strat=opponent_aware_diagnostic]
      R13  buy $  7,461.86   sel     $40,250.00   [strat=opponent_aware_diagnostic]
      R14  buy $ 26,748.71   sel     $40,000.00   [strat=opponent_aware_diagnostic]
      R15  buy $ 30,376.23   sel     $39,500.00   [strat=opponent_aware_diagnostic]
      R16  buy $ 12,287.06   sel     $39,000.00   [strat=opponent_aware_diagnostic]
   run 15 done in 7.9 min

   run 16/30 on 2023 Ford Mustang GT Premium  seed=20664435
      R 1  buy $ 24,020.76   sel     $44,000.00   [strat=opponent_aware_diagnostic] *
      R 2  buy $ 17,252.11   sel     $42,000.00   [strat=opponent_aware_diagnostic]
      R 3  buy $ 28,653.15   sel     $40,000.00   [strat=opponent_aware_diagnostic]
      R 4  buy $  8,165.10   sel     $39,500.00   [strat=opponent_aware_diagnostic]
      R 5  buy $ 16,876.94   sel     $39,000.00   [strat=opponent_aware_diagnostic]
      R 6  buy $ 21,612.90   sel     $38,500.00   [strat=opponent_aware_diagnostic]
      R 7  buy $  3,123.30   sel     $38,000.00   [strat=opponent_aware_diagnostic]
      R 8  buy $ 31,370.95   sel     $37,500.00   [strat=opponent_aware_diagnostic]
      R 9  buy $ 11,433.31   sel     $37,000.00   [strat=opponent_aware_diagnostic]
      R10  buy $ 11,854.46   sel     $36,500.00   [strat=opponent_aware_diagnostic]
      R11  buy $ 10,691.57   sel     $36,250.00   [strat=opponent_aware_diagnostic]
      R12  buy $  3,951.57   sel     $36,000.00   [strat=opponent_aware_diagnostic]
      R13  buy $ 11,638.51   sel     $36,000.00   [strat=opponent_aware_diagnostic]
      R14  buy $  9,501.16   sel     $36,000.00   [strat=opponent_aware_diagnostic]
      R15  buy $  9,113.30   sel     $36,000.00   [strat=opponent_aware_diagnostic]
      R16  buy $  6,396.43   sel     $36,200.00   [strat=opponent_aware_diagnostic]
   run 16 done in 9.7 min

   run 17/30 on 2023 Ford Mustang GT Premium  seed=20664436
      R 1  buy $  2,183.43   sel     $44,500.00   [strat=opponent_aware_diagnostic] *
      R 2  buy $ 40,200.07   sel     $43,800.00   [strat=opponent_aware_diagnostic]
      R 3  buy $  7,592.62   sel     $43,500.00   [strat=opponent_aware_diagnostic]
      R 4  buy $ 21,373.47   sel     $43,250.00   [strat=opponent_aware_diagnostic]
      R 5  buy $  4,742.22   sel     $43,250.00   [strat=opponent_aware_diagnostic]
      R 6  buy $ 13,924.47   sel     $43,000.00   [strat=opponent_aware_diagnostic]
      R 7  buy $  3,517.42   sel     $42,500.00   [strat=opponent_aware_diagnostic]
      R 8  buy $ 30,795.21   sel     $41,000.00   [strat=opponent_aware_diagnostic]
      R 9  buy $ 34,818.97   sel     $39,500.00   [strat=opponent_aware_diagnostic]
      R10  buy $ 21,407.31   sel     $38,500.00   [strat=opponent_aware_diagnostic]
      R11  buy $ 14,305.27   sel     $38,000.00   [strat=opponent_aware_diagnostic]
      R12  buy $ 11,407.70   sel     $37,500.00   [strat=opponent_aware_diagnostic]
      R13  buy $  8,198.69   sel     $37,000.00   [strat=opponent_aware_diagnostic]
      R14  buy $  9,042.23   sel     $36,500.00   [strat=opponent_aware_diagnostic]
      R15  buy $ 17,816.99   sel     $36,500.00   [strat=opponent_aware_diagnostic]
      R16  buy $ 19,735.55   sel     $36,500.00   [strat=opponent_aware_diagnostic]
   run 17 done in 8.5 min

   run 18/30 on 2023 Ford Mustang GT Premium  seed=20664437
      R 1  buy $ 24,937.38   sel     $41,995.00   [strat=opponent_aware_diagnostic] *
      R 2  buy $  3,780.89   sel     $40,500.00   [strat=opponent_aware_diagnostic]
      R 3  buy $ 38,199.47   sel     $39,500.00   [strat=opponent_aware_diagnostic]
      R 4  buy $  5,206.93   sel     $39,500.00   [strat=opponent_aware_diagnostic]
      R 5  buy $  8,781.68   sel     $39,500.00   [strat=opponent_aware_diagnostic]
      R 6  buy $ 32,787.14   sel     $39,000.00   [strat=opponent_aware_diagnostic]
      R 7  buy $ 16,476.18   sel     $38,500.00   [strat=opponent_aware_diagnostic]
      R 8  buy $ 37,007.56   sel     $37,750.00   [strat=opponent_aware_diagnostic]
      R 9  buy $ 10,673.44   sel     $37,500.00   [strat=opponent_aware_diagnostic]
      R10  buy $  7,961.85   sel     $37,250.00   [strat=opponent_aware_diagnostic]
      R11  buy $ 28,448.46   sel     $37,000.00   [strat=opponent_aware_diagnostic]
      R12  buy $ 10,611.99   sel     $36,750.00   [strat=opponent_aware_diagnostic]
      R13  buy $ 18,302.49   sel     $36,500.00   [strat=opponent_aware_diagnostic]
      R14  buy $ 33,251.50   sel     $36,250.00   [strat=opponent_aware_diagnostic]
      R15  buy $ 34,927.96   sel     $36,000.00   [strat=opponent_aware_diagnostic]
      R16  buy $ 20,278.01   sel     $36,000.00   [strat=opponent_aware_diagnostic]
   run 18 done in 6.8 min

   run 19/30 on 2023 Ford Mustang GT Premium  seed=20664438
      R 1  buy $ 19,188.67   sel     $44,500.00   [strat=opponent_aware_diagnostic] *
      R 2  buy $ 18,596.91   sel     $44,000.00   [strat=opponent_aware_diagnostic]
      R 3  buy $ 23,990.73   sel     $43,000.00   [strat=opponent_aware_diagnostic]
      R 4  buy $ 25,480.77   sel     $42,500.00   [strat=opponent_aware_diagnostic]
      R 5  buy $ 33,999.52   sel     $42,000.00   [strat=opponent_aware_diagnostic]
      R 6  buy $ 26,557.37   sel     $42,000.00   [strat=opponent_aware_diagnostic]
      R 7  buy $ 21,491.26   sel     $41,500.00   [strat=opponent_aware_diagnostic]
      R 8  buy $ 13,333.94   sel     $41,000.00   [strat=opponent_aware_diagnostic]
      R 9  buy $  4,787.17   sel     $40,500.00   [strat=opponent_aware_diagnostic]
      R10  buy $ 22,703.65   sel     $40,000.00   [strat=opponent_aware_diagnostic]
      R11  buy $ 39,308.03   sel     $39,308.03   [strat=opponent_aware_diagnostic]
      R12  buy $ 23,943.71   sel     $39,000.00   [strat=opponent_aware_diagnostic]
      R13  buy $ 17,073.40   sel     $40,000.00   [strat=opponent_aware_diagnostic]
      R14  buy $    862.44   sel     $39,000.00   [strat=opponent_aware_diagnostic]
      R15  buy $ 24,511.99   sel     $38,500.00   [strat=opponent_aware_diagnostic]
      R16  buy $ 21,991.45   sel     $38,000.00   [strat=opponent_aware_diagnostic]
   run 19 done in 8.3 min

   run 20/30 on 2023 Ford Mustang GT Premium  seed=20664439
      R 1  buy $ 35,841.34   sel     $39,500.00   [strat=opponent_aware_diagnostic] *
      R 2  buy $ 27,965.61   sel     $39,500.00   [strat=opponent_aware_diagnostic]
      R 3  buy $ 21,192.52   sel     $38,500.00   [strat=opponent_aware_diagnostic]
      R 4  buy $ 14,170.16   sel     $38,500.00   [strat=opponent_aware_diagnostic]
      R 5  buy $  7,710.94   sel     $38,000.00   [strat=opponent_aware_diagnostic]
      R 6  buy $  2,316.79   sel     $37,999.99   [strat=opponent_aware_diagnostic]
      R 7  buy $ 25,155.85   sel     $37,500.00   [strat=opponent_aware_diagnostic]
      R 8  buy $  6,410.72   sel     $37,500.00   [strat=opponent_aware_diagnostic]
      R 9  buy $ 37,285.82   sel     $37,285.82   [strat=opponent_aware_diagnostic]
      R10  buy $ 11,467.50   sel     $37,000.00   [strat=opponent_aware_diagnostic]
      R11  buy $  2,892.98   sel     $36,900.00   [strat=opponent_aware_diagnostic]
      R12  buy $  3,026.07   sel     $36,800.00   [strat=opponent_aware_diagnostic]
      R13  buy $ 15,202.38   sel     $36,700.00   [strat=opponent_aware_diagnostic]
      R14  buy $ 27,822.96   sel     $36,600.00   [strat=opponent_aware_diagnostic]
      R15  buy $ 11,807.16   sel     $36,500.00   [strat=opponent_aware_diagnostic]
      R16  buy $ 31,089.76   sel     $36,400.00   [strat=opponent_aware_diagnostic]
   run 20 done in 7.4 min

   run 21/30 on 2023 Ford Mustang GT Premium  seed=20664440
      R 1  buy $ 32,072.08   sel     $44,500.00   [strat=opponent_aware_diagnostic] *
      R 2  buy $ 25,721.01   sel     $44,000.00   [strat=opponent_aware_diagnostic]
      R 3  buy $ 36,712.42   sel     $42,500.00   [strat=opponent_aware_diagnostic]
      R 4  buy $ 29,093.24   sel     $41,000.00   [strat=opponent_aware_diagnostic]
      R 5  buy $  2,582.21   sel     $40,000.00   [strat=opponent_aware_diagnostic]
      R 6  buy $ 31,842.67   sel     $39,500.00   [strat=opponent_aware_diagnostic]
      R 7  buy $  7,583.18   sel     $39,000.00   [strat=opponent_aware_diagnostic]
      R 8  buy $ 24,564.23   sel     $38,500.00   [strat=opponent_aware_diagnostic]
      R 9  buy $ 38,143.26   sel     $38,000.00   [strat=opponent_aware_diagnostic]
      R10  buy $ 31,547.97   sel     $37,500.00   [strat=opponent_aware_diagnostic]
      R11  buy $ 28,744.73   sel     $36,500.00   [strat=opponent_aware_diagnostic]
      R12  buy $ 30,361.73   sel     $36,400.00   [strat=opponent_aware_diagnostic]
      R13  buy $ 20,430.66   sel     $35,900.00   [strat=opponent_aware_diagnostic]
      R14  buy $ 13,746.14   sel     $35,500.00   [strat=opponent_aware_diagnostic]
      R15  buy $  3,542.50   sel     $36,000.00   [strat=opponent_aware_diagnostic]
      R16  buy $ 10,969.29   sel     $36,000.00   [strat=opponent_aware_diagnostic]
   run 21 done in 8.4 min

   run 22/30 on 2023 Ford Mustang GT Premium  seed=20664441
      R 1  buy $ 13,756.47   sel     $44,500.00   [strat=opponent_aware_diagnostic] *
      R 2  buy $  9,042.31   sel     $43,000.00   [strat=opponent_aware_diagnostic]
      R 3  buy $ 32,588.19   sel     $41,500.00   [strat=opponent_aware_diagnostic]
      R 4  buy $ 11,603.11   sel     $40,500.00   [strat=opponent_aware_diagnostic]
      R 5  buy $ 37,185.64   sel     $39,500.00   [strat=opponent_aware_diagnostic]
      R 6  buy $ 22,950.77   sel     $38,500.00   [strat=opponent_aware_diagnostic]
      R 7  buy $     67.75   sel     $38,500.00   [strat=opponent_aware_diagnostic]
      R 8  buy $ 37,887.80   sel     $38,500.00   [strat=opponent_aware_diagnostic]
      R 9  buy $  9,873.06   sel     $38,000.00   [strat=opponent_aware_diagnostic]
      R10  buy $  9,689.63   sel     $38,500.00   [strat=opponent_aware_diagnostic]
      R11  buy $  7,037.81   sel     $38,500.00   [strat=opponent_aware_diagnostic]
      R12  buy $ 33,011.98   sel     $38,000.00   [strat=opponent_aware_diagnostic]
      R13  buy $ 22,005.19   sel     $37,800.00   [strat=opponent_aware_diagnostic]
      R14  buy $ 37,332.52   sel     $37,500.00   [strat=opponent_aware_diagnostic]
      R15  buy $ 21,859.42   sel     $37,500.00   [strat=opponent_aware_diagnostic]
      R16  buy $ 10,713.44   sel     $37,500.00   [strat=opponent_aware_diagnostic]
   run 22 done in 7.8 min

   run 23/30 on 2023 Ford Mustang GT Premium  seed=20664442
      R 1  buy $ 21,466.58   sel     $44,000.00   [strat=opponent_aware_diagnostic] *
      R 2  buy $ 36,138.58   sel     $39,500.00   [strat=opponent_aware_diagnostic]
      R 3  buy $ 36,934.01   sel     $38,900.00   [strat=opponent_aware_diagnostic]
      R 4  buy $ 30,946.97   sel     $38,900.00   [strat=opponent_aware_diagnostic]
      R 5  buy $ 14,675.93   sel     $38,900.00   [strat=opponent_aware_diagnostic]
      R 6  buy $ 19,080.98   sel     $38,500.00   [strat=opponent_aware_diagnostic]
      R 7  buy $  2,418.05   sel     $38,500.00   [strat=opponent_aware_diagnostic]
      R 8  buy $ 12,335.16   sel     $38,500.00   [strat=opponent_aware_diagnostic]
      R 9  buy $ 16,083.58   sel     $38,000.00   [strat=opponent_aware_diagnostic]
      R10  buy $ 16,553.05   sel     $37,500.00   [strat=opponent_aware_diagnostic]
      R11  buy $ 36,950.63   sel     $37,200.00   [strat=opponent_aware_diagnostic]
      R12  buy $ 12,421.11   sel     $37,000.00   [strat=opponent_aware_diagnostic]
      R13  buy $ 30,284.17   sel     $37,000.00   [strat=opponent_aware_diagnostic]
      R14  buy $ 31,923.35   sel     $36,500.00   [strat=opponent_aware_diagnostic]
      R15  buy $ 14,636.64   sel     $36,500.00   [strat=opponent_aware_diagnostic]
      R16  buy $ 18,731.19   sel     $36,500.00   [strat=opponent_aware_diagnostic]
   run 23 done in 7.1 min

   run 24/30 on 2023 Ford Mustang GT Premium  seed=20664443
      R 1  buy $ 32,281.47   sel     $39,900.00   [strat=opponent_aware_diagnostic] *
      R 2  buy $ 29,819.61   sel     $39,500.00   [strat=opponent_aware_diagnostic]
      R 3  buy $  2,532.75   sel     $39,000.00   [strat=opponent_aware_diagnostic]
      R 4  buy $ 27,580.42   sel     $38,500.00   [strat=opponent_aware_diagnostic]
      R 5  buy $  4,964.83   sel     $38,000.00   [strat=opponent_aware_diagnostic]
      R 6  buy $ 24,668.85   sel     $37,000.00   [strat=opponent_aware_diagnostic]
      R 7  buy $  5,237.30   sel     $37,000.00   [strat=opponent_aware_diagnostic]
      R 8  buy $ 36,285.79   sel     $36,650.00   [strat=opponent_aware_diagnostic]
      R 9  buy $  2,907.19   sel     $36,650.00   [strat=opponent_aware_diagnostic]
      R10  buy $ 34,671.86   sel     $36,500.00   [strat=opponent_aware_diagnostic]
      R11  buy $ 28,878.33   sel     $36,200.00   [strat=opponent_aware_diagnostic]
      R12  buy $ 25,171.76   sel     $36,000.00   [strat=opponent_aware_diagnostic]
      R13  buy $ 35,772.71   sel     $35,772.71   [strat=opponent_aware_diagnostic]
      R14  buy $ 34,899.28   sel     $36,000.00   [strat=opponent_aware_diagnostic]
      R15  buy $  6,140.45   sel     $36,000.00   [strat=opponent_aware_diagnostic]
      R16  buy $ 10,113.17   sel     $36,500.00   [strat=opponent_aware_diagnostic]
   run 24 done in 8.4 min

   run 25/30 on 2023 Ford Mustang GT Premium  seed=20664444
      R 1  buy $ 25,280.57   sel     $42,500.00   [strat=opponent_aware_diagnostic] *
      R 2  buy $ 13,662.91   sel     $42,000.00   [strat=opponent_aware_diagnostic]
      R 3  buy $ 15,890.10   sel     $41,000.00   [strat=opponent_aware_diagnostic]
      R 4  buy $ 12,202.67   sel     $40,500.00   [strat=opponent_aware_diagnostic]
      R 5  buy $ 17,685.31   sel     $40,000.00   [strat=opponent_aware_diagnostic]
      R 6  buy $  3,070.42   sel     $40,000.00   [strat=opponent_aware_diagnostic]
      R 7  buy $  6,020.20   sel     $39,500.00   [strat=opponent_aware_diagnostic]
      R 8  buy $ 11,420.13   sel     $39,500.00   [strat=opponent_aware_diagnostic]
      R 9  buy $  2,067.44   sel     $39,500.00   [strat=opponent_aware_diagnostic]
      R10  buy $ 30,712.78   sel     $39,000.00   [strat=opponent_aware_diagnostic]
      R11  buy $ 16,183.65   sel     $38,500.00   [strat=opponent_aware_diagnostic]
      R12  buy $    941.72   sel     $38,500.00   [strat=opponent_aware_diagnostic]
      R13  buy $ 15,319.79   sel     $38,000.00   [strat=opponent_aware_diagnostic]
      R14  buy $ 10,342.37   sel     $38,000.00   [strat=opponent_aware_diagnostic]
      R15  buy $ 22,580.42   sel     $37,500.00   [strat=opponent_aware_diagnostic]
      R16  buy $ 22,346.70   sel     $37,000.00   [strat=opponent_aware_diagnostic]
   run 25 done in 8.3 min

   run 26/30 on 2023 Ford Mustang GT Premium  seed=20664445
      R 1  buy $ 36,484.56   sel     $38,995.00   [strat=opponent_aware_diagnostic] *
      R 2  buy $ 38,980.93   sel     $38,990.00   [strat=opponent_aware_diagnostic]
      R 3  buy $ 18,982.91   sel     $38,500.00   [strat=opponent_aware_diagnostic]
      R 4  buy $  9,059.60   sel     $38,500.00   [strat=opponent_aware_diagnostic]
      R 5  buy $  6,760.21   sel     $38,000.00   [strat=opponent_aware_diagnostic]
      R 6  buy $ 11,157.11   sel     $38,000.00   [strat=opponent_aware_diagnostic]
      R 7  buy $ 28,256.21   sel     $37,500.00   [strat=opponent_aware_diagnostic]
      R 8  buy $ 28,386.43   sel     $37,000.00   [strat=opponent_aware_diagnostic]
      R 9  buy $ 16,015.39   sel     $36,500.00   [strat=opponent_aware_diagnostic]
      R10  buy $ 30,661.43   sel     $36,250.00   [strat=opponent_aware_diagnostic]
      R11  buy $ 19,292.97   sel     $36,000.00   [strat=opponent_aware_diagnostic]
      R12  buy $ 34,941.86   sel     $36,000.00   [strat=opponent_aware_diagnostic]
      R13  buy $  1,257.10   sel     $36,000.00   [strat=opponent_aware_diagnostic]
      R14  buy $  1,179.97   sel     $36,000.00   [strat=opponent_aware_diagnostic]
      R15  buy $  3,228.75   sel     $36,000.00   [strat=opponent_aware_diagnostic]
      R16  buy $  6,028.10   sel     $36,000.00   [strat=opponent_aware_diagnostic]
   run 26 done in 8.2 min

   run 27/30 on 2023 Ford Mustang GT Premium  seed=20664446
      R 1  buy $ 13,560.71   sel     $44,500.00   [strat=opponent_aware_diagnostic] *
      R 2  buy $ 44,287.52   sel     $44,400.00   [strat=opponent_aware_diagnostic]
      R 3  buy $ 39,483.13   sel     $43,900.00   [strat=opponent_aware_diagnostic]
      R 4  buy $ 21,703.19   sel     $43,500.00   [strat=opponent_aware_diagnostic]
      R 5  buy $ 36,064.87   sel     $38,500.00   [strat=opponent_aware_diagnostic]
      R 6  buy $  9,391.82   sel     $38,000.00   [strat=opponent_aware_diagnostic]
      R 7  buy $    492.26   sel     $38,000.00   [strat=opponent_aware_diagnostic]
      R 8  buy $ 36,412.80   sel     $37,000.00   [strat=opponent_aware_diagnostic]
      R 9  buy $  8,641.40   sel     $37,000.00   [strat=opponent_aware_diagnostic]
      R10  buy $ 10,888.10   sel     $37,000.00   [strat=opponent_aware_diagnostic]
      R11  buy $  6,117.93   sel     $37,000.00   [strat=opponent_aware_diagnostic]
      R12  buy $ 35,828.43   sel     $36,400.00   [strat=opponent_aware_diagnostic]
      R13  buy $ 18,703.72   sel     $36,400.00   [strat=opponent_aware_diagnostic]
      R14  buy $  4,124.86   sel     $36,000.00   [strat=opponent_aware_diagnostic]
      R15  buy $ 20,637.33   sel     $36,000.00   [strat=opponent_aware_diagnostic]
      R16  buy $ 18,179.80   sel     $36,000.00   [strat=opponent_aware_diagnostic]
   run 27 done in 7.0 min

   run 28/30 on 2023 Ford Mustang GT Premium  seed=20664447
      R 1  buy $ 40,549.72   sel     $44,500.00   [strat=opponent_aware_diagnostic] *
      R 2  buy $  3,820.78   sel     $43,500.00   [strat=opponent_aware_diagnostic]
      R 3  buy $ 29,935.75   sel     $42,500.00   [strat=opponent_aware_diagnostic]
      R 4  buy $ 27,489.89   sel     $41,500.00   [strat=opponent_aware_diagnostic]
      R 5  buy $ 33,787.90   sel     $40,000.00   [strat=opponent_aware_diagnostic]
      R 6  buy $  5,041.36   sel     $39,500.00   [strat=opponent_aware_diagnostic]
      R 7  buy $ 13,327.34   sel     $38,500.00   [strat=opponent_aware_diagnostic]
      R 8  buy $ 12,466.89   sel     $38,000.00   [strat=opponent_aware_diagnostic]
      R 9  buy $  2,290.56   sel     $37,500.00   [strat=opponent_aware_diagnostic]
      R10  buy $    960.76   sel     $37,000.00   [strat=opponent_aware_diagnostic]
      R11  buy $  6,200.26   sel     $36,500.00   [strat=opponent_aware_diagnostic]
      R12  buy $ 27,077.96   sel     $36,250.00   [strat=opponent_aware_diagnostic]
      R13  buy $ 22,135.37   sel     $36,200.00   [strat=opponent_aware_diagnostic]
      R14  buy $ 26,551.64   sel     $36,100.00   [strat=opponent_aware_diagnostic]
      R15  buy $ 20,667.05   sel     $36,000.00   [strat=opponent_aware_diagnostic]
      R16  buy $  2,384.04   sel     $36,000.00   [strat=opponent_aware_diagnostic]
   run 28 done in 8.6 min

   run 29/30 on 2023 Ford Mustang GT Premium  seed=20664448
      R 1  buy $ 40,635.04   sel     $44,500.00   [strat=opponent_aware_diagnostic] *
      R 2  buy $ 21,533.16   sel     $44,500.00   [strat=opponent_aware_diagnostic]
      R 3  buy $  3,067.50   sel     $44,500.00   [strat=opponent_aware_diagnostic]
      R 4  buy $ 30,228.97   sel     $43,900.00   [strat=opponent_aware_diagnostic]
      R 5  buy $ 13,254.64   sel     $43,900.00   [strat=opponent_aware_diagnostic]
      R 6  buy $ 26,950.08   sel     $43,500.00   [strat=opponent_aware_diagnostic]
      R 7  buy $ 26,914.99   sel     $43,250.00   [strat=opponent_aware_diagnostic]
      R 8  buy $ 29,780.87   sel     $43,000.00   [strat=opponent_aware_diagnostic]
      R 9  buy $ 31,714.37   sel     $42,500.00   [strat=opponent_aware_diagnostic]
      R10  buy $  5,075.69   sel     $42,500.00   [strat=opponent_aware_diagnostic]
      R11  buy $ 13,270.55   sel     $42,000.00   [strat=opponent_aware_diagnostic]
      R12  buy $ 31,725.31   sel     $41,500.00   [strat=opponent_aware_diagnostic]
      R13  buy $ 14,915.76   sel     $41,500.00   [strat=opponent_aware_diagnostic]
      R14  buy $  9,834.12   sel     $41,000.00   [strat=opponent_aware_diagnostic]
      R15  buy $ 38,805.02   sel     $39,900.00   [strat=opponent_aware_diagnostic]
      R16  buy $ 27,573.14   sel     $39,500.00   [strat=opponent_aware_diagnostic]
   run 29 done in 6.9 min

   run 30/30 on 2023 Ford Mustang GT Premium  seed=20664449
      R 1  buy $ 33,932.78   sel     $41,500.00   [strat=opponent_aware_diagnostic] *
      R 2  buy $  9,216.61   sel     $40,000.00   [strat=opponent_aware_diagnostic]
      R 3  buy $ 31,925.80   sel     $39,500.00   [strat=opponent_aware_diagnostic]
      R 4  buy $ 39,103.08   sel     $39,250.00   [strat=opponent_aware_diagnostic]
      R 5  buy $ 33,969.70   sel     $38,500.00   [strat=opponent_aware_diagnostic]
      R 6  buy $  1,875.04   sel     $38,500.00   [strat=opponent_aware_diagnostic]
      R 7  buy $ 13,033.35   sel     $38,000.00   [strat=opponent_aware_diagnostic]
      R 8  buy $ 30,854.30   sel     $37,500.00   [strat=opponent_aware_diagnostic]
      R 9  buy $ 20,998.63   sel     $37,500.00   [strat=opponent_aware_diagnostic]
      R10  buy $ 30,862.33   sel     $36,500.00   [strat=opponent_aware_diagnostic]
      R11  buy $ 18,556.89   sel     $36,500.00   [strat=opponent_aware_diagnostic]
      R12  buy $  6,286.29   sel     $36,500.00   [strat=opponent_aware_diagnostic]
      R13  buy $ 19,537.40   sel     $36,500.00   [strat=opponent_aware_diagnostic]
      R14  buy $ 18,719.83   sel     $36,500.00   [strat=opponent_aware_diagnostic]
      R15  buy $ 36,224.20   sel     $36,224.20   [strat=opponent_aware_diagnostic]
      R16  buy $ 29,292.98   sel     $36,224.20   [strat=opponent_aware_diagnostic]
   run 30 done in 7.7 min

   ---> checkpoint: car 5/5 done in 248.8 min; total so far 1245.8 min; saved 150 runs to exp04_fixed_opponent_aware_diagnostic.json

=== FINISH exp04_fixed_opponent_aware_diagnostic in 20.76 h (150 runs) -> results\exp04_fixed_opponent_aware_diagnostic.json ===
