=== START exp09_transitionB_rep1 ===
    pid         : 26416
    hostname    : LAPTOP-B4TE0NRA
    state_file  : state\exp09_transitionB_rep1.state.json
    schedule    : threephase__opponent_aware_diagnostic@1_market_expert_value_justifier@6_reciprocal_fairness_keeper@12
    adaptive    : True  (switches=[6, 12])
    n_rounds    : 16
    n_cars      : 5
    runs/car    : 30
    total runs  : 150  (total calls: 2400)
    model       : deepseek-reasoner  at https://api.deepseek.com
    base_seed   : 20260420
    output      : results\exp09_transitionB_rep1.json

--- CAR 1/5: 2014 Mercedes-Benz S550  (M=$96,000.00  cost=$19,000.00  cost/M=19.79%) ---

   run 1/30 on 2014 Mercedes-Benz S550  seed=21160420
      R 1  buy $ 34,067.97   sel     $39,500.00   [strat=opponent_aware_diagnostic] *
      R 2  buy $ 30,429.22   sel     $38,000.00   [strat=opponent_aware_diagnostic]
      R 3  buy $  3,831.50   sel     $38,000.00   [strat=opponent_aware_diagnostic]
      R 4  buy $ 22,985.45   sel     $35,000.00   [strat=opponent_aware_diagnostic]
      R 5  buy $ 31,998.61   sel     $33,500.00   [strat=opponent_aware_diagnostic]
      R 6  buy $  9,924.37   sel     $32,000.00   [strat=market_expert_value_justifier] *
      R 7  buy $ 29,846.97   sel     $31,500.00   [strat=market_expert_value_justifier]
      R 8  buy $ 15,400.57   sel     $30,500.00   [strat=market_expert_value_justifier]
      R 9  buy $ 29,656.20   sel     $30,000.00   [strat=market_expert_value_justifier]
      R10  buy $  5,895.33   sel     $29,500.00   [strat=market_expert_value_justifier]
      R11  buy $ 10,024.06   sel     $29,000.00   [strat=market_expert_value_justifier]
      R12  buy $ 17,258.60   sel     $28,500.00   [strat=reciprocal_fairness_keeper] *
      R13  buy $  8,889.05   sel     $28,000.00   [strat=reciprocal_fairness_keeper]
      R14  buy $ 17,667.42   sel     $26,000.00   [strat=reciprocal_fairness_keeper]
      R15  buy $ 10,688.38   sel     $25,000.00   [strat=reciprocal_fairness_keeper]
      R16  buy $  8,150.67   sel     $24,500.00   [strat=reciprocal_fairness_keeper]
   run 1 done in 7.7 min

   run 2/30 on 2014 Mercedes-Benz S550  seed=21160421
      R 1  buy $ 29,317.84   sel     $33,500.00   [strat=opponent_aware_diagnostic] *
      R 2  buy $ 11,815.85   sel     $32,000.00   [strat=opponent_aware_diagnostic]
      R 3  buy $  4,530.68   sel     $32,000.00   [strat=opponent_aware_diagnostic]
      R 4  buy $ 18,495.44   sel     $31,500.00   [strat=opponent_aware_diagnostic]
      R 5  buy $ 14,162.47   sel     $30,500.00   [strat=opponent_aware_diagnostic]
      R 6  buy $ 15,479.03   sel     $30,000.00   [strat=market_expert_value_justifier] *
      R 7  buy $ 25,141.89   sel     $29,500.00   [strat=market_expert_value_justifier]
      R 8  buy $ 10,783.98   sel     $29,000.00   [strat=market_expert_value_justifier]
      R 9  buy $    464.77   sel     $29,000.00   [strat=market_expert_value_justifier]
      R10  buy $ 26,001.22   sel     $28,500.00   [strat=market_expert_value_justifier]
      R11  buy $  1,213.49   sel     $28,000.00   [strat=market_expert_value_justifier]
      R12  buy $ 18,330.10   sel     $27,000.00   [strat=reciprocal_fairness_keeper] *
      R13  buy $    837.18   sel     $26,500.00   [strat=reciprocal_fairness_keeper]
      R14  buy $  4,966.10   sel     $26,000.00   [strat=reciprocal_fairness_keeper]
      R15  buy $ 23,214.85   sel     $25,500.00   [strat=reciprocal_fairness_keeper]
      R16  buy $    890.71   sel     $25,000.00   [strat=reciprocal_fairness_keeper]
   run 2 done in 7.1 min

   run 3/30 on 2014 Mercedes-Benz S550  seed=21160422
      R 1  buy $ 85,965.97   sel     $94,500.00   [strat=opponent_aware_diagnostic] *
      R 2  buy $ 38,163.97   sel     $92,500.00   [strat=opponent_aware_diagnostic]
      R 3  buy $ 81,314.21   sel     $90,000.00   [strat=opponent_aware_diagnostic]
      R 4  buy $ 73,311.05   sel     $88,500.00   [strat=opponent_aware_diagnostic]
      R 5  buy $ 62,259.07   sel     $87,000.00   [strat=opponent_aware_diagnostic]
      R 6  buy $  5,228.15   sel     $87,000.00   [strat=market_expert_value_justifier] *
      R 7  buy $ 11,697.39   sel     $87,000.00   [strat=market_expert_value_justifier]
      R 8  buy $ 79,785.67   sel     $85,000.00   [strat=market_expert_value_justifier]
      R 9  buy $ 41,720.95   sel     $84,000.00   [strat=market_expert_value_justifier]
      R10  buy $  4,894.52   sel     $83,500.00   [strat=market_expert_value_justifier]
      R11  buy $ 48,806.91   sel     $82,500.00   [strat=market_expert_value_justifier]
      R12  buy $ 67,954.12   sel     $80,000.00   [strat=reciprocal_fairness_keeper] *
      R13  buy $ 62,149.87   sel     $78,000.00   [strat=reciprocal_fairness_keeper]
      R14  buy $ 40,312.11   sel     $77,000.00   [strat=reciprocal_fairness_keeper]
      R15  buy $ 67,630.64   sel     $75,000.00   [strat=reciprocal_fairness_keeper]
      R16  buy $ 56,464.87   sel     $74,000.00   [strat=reciprocal_fairness_keeper]
   run 3 done in 8.2 min

   run 4/30 on 2014 Mercedes-Benz S550  seed=21160423
      R 1  buy $ 72,913.89   sel     $89,995.00   [strat=opponent_aware_diagnostic] *
      R 2  buy $  1,771.34   sel     $59,995.00   [strat=opponent_aware_diagnostic]
      R 3  buy $ 38,584.87   sel     $52,500.00   [strat=opponent_aware_diagnostic]
      R 4  buy $    440.45   sel     $49,995.00   [strat=opponent_aware_diagnostic]
      R 5  buy $ 33,911.31   sel     $37,500.00   [strat=opponent_aware_diagnostic]
      R 6  buy $ 25,802.07   sel     $29,995.00   [strat=market_expert_value_justifier] *
      R 7  buy $ 11,093.19   sel     $27,500.00   [strat=market_expert_value_justifier]
      R 8  buy $ 20,635.61   sel     $27,500.00   [strat=market_expert_value_justifier]
      R 9  buy $  6,011.36   sel     $27,500.00   [strat=market_expert_value_justifier]
      R10  buy $ 22,411.78   sel     $24,995.00   [strat=market_expert_value_justifier]
      R11  buy $  8,956.99   sel     $24,995.00   [strat=market_expert_value_justifier]
      R12  buy $ 23,009.35   sel     $24,500.00   [strat=reciprocal_fairness_keeper] *
      R13  buy $  1,840.46   sel     $24,500.00   [strat=reciprocal_fairness_keeper]
      R14  buy $  8,645.24   sel     $24,000.00   [strat=reciprocal_fairness_keeper]
      R15  buy $ 23,725.48   sel     $23,850.00   [strat=reciprocal_fairness_keeper]
      R16  buy $ 14,380.01   sel     $23,800.00   [strat=reciprocal_fairness_keeper]
   run 4 done in 7.4 min

   run 5/30 on 2014 Mercedes-Benz S550  seed=21160424
      R 1  buy $ 36,045.82   sel     PARSE-FAIL   [strat=opponent_aware_diagnostic] *
      R 2  buy $ 76,466.83   sel     $48,000.00   [strat=opponent_aware_diagnostic]
      R 3  buy $  9,701.82   sel     $47,500.00   [strat=opponent_aware_diagnostic]
      R 4  buy $  4,626.30   sel     $47,500.00   [strat=opponent_aware_diagnostic]
      R 5  buy $ 23,320.66   sel     $44,000.00   [strat=opponent_aware_diagnostic]
      R 6  buy $ 34,288.47   sel     $41,500.00   [strat=market_expert_value_justifier] *
      R 7  buy $ 10,386.25   sel     $41,000.00   [strat=market_expert_value_justifier]
      R 8  buy $ 26,347.31   sel     $39,500.00   [strat=market_expert_value_justifier]
      R 9  buy $  4,814.73   sel     $38,000.00   [strat=market_expert_value_justifier]
      R10  buy $ 17,415.63   sel     $36,500.00   [strat=market_expert_value_justifier]
      R11  buy $  2,990.70   sel     $35,000.00   [strat=market_expert_value_justifier]
      R12  buy $ 24,736.58   sel     $31,500.00   [strat=reciprocal_fairness_keeper] *
      R13  buy $ 20,285.74   sel     $27,500.00   [strat=reciprocal_fairness_keeper]
      R14  buy $ 13,468.80   sel     $23,000.00   [strat=reciprocal_fairness_keeper]
      R15  buy $  6,011.93   sel     $20,000.00   [strat=reciprocal_fairness_keeper]
      R16  buy $    455.40   sel     $20,000.00   [strat=reciprocal_fairness_keeper]
   run 5 done in 8.9 min

   run 6/30 on 2014 Mercedes-Benz S550  seed=21160425
      R 1  buy $ 26,983.02   sel     $31,995.00   [strat=opponent_aware_diagnostic] *
      R 2  buy $ 30,298.76   sel     $31,500.00   [strat=opponent_aware_diagnostic]
      R 3  buy $ 15,835.35   sel     $31,000.00   [strat=opponent_aware_diagnostic]
      R 4  buy $  8,942.33   sel     $31,000.00   [strat=opponent_aware_diagnostic]
      R 5  buy $  9,046.01   sel     $30,750.00   [strat=opponent_aware_diagnostic]
      R 6  buy $  2,309.90   sel     $30,500.00   [strat=market_expert_value_justifier] *
      R 7  buy $ 14,019.52   sel     $30,250.00   [strat=market_expert_value_justifier]
      R 8  buy $ 21,454.70   sel     $29,995.00   [strat=market_expert_value_justifier]
      R 9  buy $ 16,159.99   sel     $29,500.00   [strat=market_expert_value_justifier]
      R10  buy $  3,622.31   sel     $29,000.00   [strat=market_expert_value_justifier]
      R11  buy $ 28,091.31   sel     $28,995.00   [strat=market_expert_value_justifier]
      R12  buy $ 26,979.50   sel     $28,750.00   [strat=reciprocal_fairness_keeper] *
      R13  buy $ 24,352.61   sel     $27,500.00   [strat=reciprocal_fairness_keeper]
      R14  buy $ 17,607.15   sel     $27,250.00   [strat=reciprocal_fairness_keeper]
      R15  buy $ 21,358.88   sel     $26,500.00   [strat=reciprocal_fairness_keeper]
      R16  buy $ 13,980.02   sel     $25,995.00   [strat=reciprocal_fairness_keeper]
   run 6 done in 6.9 min

   run 7/30 on 2014 Mercedes-Benz S550  seed=21160426
      R 1  buy $ 86,329.52   sel     $94,500.00   [strat=opponent_aware_diagnostic] *
      R 2  buy $ 22,076.26   sel     $92,000.00   [strat=opponent_aware_diagnostic]
      R 3  buy $ 66,035.56   sel     $88,000.00   [strat=opponent_aware_diagnostic]
      R 4  buy $ 47,071.82   sel     $85,500.00   [strat=opponent_aware_diagnostic]
      R 5  buy $ 46,876.12   sel     $84,000.00   [strat=opponent_aware_diagnostic]
      R 6  buy $ 22,264.34   sel     $83,500.00   [strat=market_expert_value_justifier] *
      R 7  buy $  7,648.27   sel     $83,500.00   [strat=market_expert_value_justifier]
      R 8  buy $ 53,918.56   sel     $82,500.00   [strat=market_expert_value_justifier]
      R 9  buy $ 49,385.03   sel     $81,000.00   [strat=market_expert_value_justifier]
      R10  buy $  1,288.87   sel     $80,000.00   [strat=market_expert_value_justifier]
      R11  buy $ 76,466.16   sel     $78,000.00   [strat=market_expert_value_justifier]
      R12  buy $ 60,322.62   sel     $77,000.00   [strat=reciprocal_fairness_keeper] *
      R13  buy $ 36,523.71   sel     $76,000.00   [strat=reciprocal_fairness_keeper]
      R14  buy $ 32,313.06   sel     $76,000.00   [strat=reciprocal_fairness_keeper]
      R15  buy $ 40,892.31   sel     $75,000.00   [strat=reciprocal_fairness_keeper]
      R16  buy $ 66,507.10   sel     $73,500.00   [strat=reciprocal_fairness_keeper]
   run 7 done in 8.2 min

   run 8/30 on 2014 Mercedes-Benz S550  seed=21160427
      R 1  buy $ 78,377.98   sel     $94,500.00   [strat=opponent_aware_diagnostic] *
      R 2  buy $ 20,747.85   sel     $85,000.00   [strat=opponent_aware_diagnostic]
      R 3  buy $ 29,941.39   sel     $79,500.00   [strat=opponent_aware_diagnostic]
      R 4  buy $ 73,729.01   sel     $77,500.00   [strat=opponent_aware_diagnostic]
      R 5  buy $ 42,672.29   sel     $76,000.00   [strat=opponent_aware_diagnostic]
      R 6  buy $ 13,338.09   sel     $75,000.00   [strat=market_expert_value_justifier] *
      R 7  buy $ 37,103.30   sel     $74,500.00   [strat=market_expert_value_justifier]
      R 8  buy $  8,528.69   sel     $74,000.00   [strat=market_expert_value_justifier]
      R 9  buy $  2,951.19   sel     $74,000.00   [strat=market_expert_value_justifier]
      R10  buy $ 11,043.72   sel     $73,500.00   [strat=market_expert_value_justifier]
      R11  buy $ 21,421.50   sel     $73,000.00   [strat=market_expert_value_justifier]
      R12  buy $ 19,175.01   sel     $73,729.01   [strat=reciprocal_fairness_keeper] *
      R13  buy $ 13,295.55   sel     $73,500.00   [strat=reciprocal_fairness_keeper]
      R14  buy $ 12,648.15   sel     $74,000.00   [strat=reciprocal_fairness_keeper]
      R15  buy $ 36,507.24   sel     $73,729.01   [strat=reciprocal_fairness_keeper]
      R16  buy $  2,748.89   sel     $73,729.01   [strat=reciprocal_fairness_keeper]
   run 8 done in 10.1 min

   run 9/30 on 2014 Mercedes-Benz S550  seed=21160428
      R 1  buy $ 21,073.14   sel     $24,500.00   [strat=opponent_aware_diagnostic] *
      R 2  buy $ 21,713.02   sel     $23,900.00   [strat=opponent_aware_diagnostic]
      R 3  buy $ 17,930.18   sel     $23,500.00   [strat=opponent_aware_diagnostic]
      R 4  buy $ 12,718.91   sel     $22,500.00   [strat=opponent_aware_diagnostic]
      R 5  buy $  8,816.20   sel     $21,999.00   [strat=opponent_aware_diagnostic]
      R 6  buy $  1,561.59   sel     $21,999.00   [strat=market_expert_value_justifier] *
      R 7  buy $ 10,289.35   sel     $21,500.00   [strat=market_expert_value_justifier]
      R 8  buy $ 16,327.95   sel     $20,999.00   [strat=market_expert_value_justifier]
      R 9  buy $ 12,434.52   sel     $20,500.00   [strat=market_expert_value_justifier]
      R10  buy $ 17,846.01   sel     $19,999.00   [strat=market_expert_value_justifier]
      R11  buy $    597.64   sel     $20,500.00   [strat=market_expert_value_justifier]
      R12  buy $  6,487.16   sel     $20,500.00   [strat=reciprocal_fairness_keeper] *
      R13  buy $ 13,236.21   sel     $20,000.00   [strat=reciprocal_fairness_keeper]
      R14  buy $ 14,395.85   sel     $20,000.00   [strat=reciprocal_fairness_keeper]
      R15  buy $  6,272.82   sel     $20,500.00   [strat=reciprocal_fairness_keeper]
      R16  buy $ 13,662.48   sel     $19,999.00   [strat=reciprocal_fairness_keeper]
   run 9 done in 7.8 min

   run 10/30 on 2014 Mercedes-Benz S550  seed=21160429
      R 1  buy $ 68,399.99   sel     $77,999.00   [strat=opponent_aware_diagnostic] *
      R 2  buy $ 50,800.00   sel     $74,999.00   [strat=opponent_aware_diagnostic]
      R 3  buy $ 49,206.99   sel     $71,499.99   [strat=opponent_aware_diagnostic]
      R 4  buy $ 56,289.82   sel     $68,999.99   [strat=opponent_aware_diagnostic]
      R 5  buy $ 27,835.94   sel     $65,999.99   [strat=opponent_aware_diagnostic]
      R 6  buy $ 31,087.92   sel     $62,999.99   [strat=market_expert_value_justifier] *
      R 7  buy $ 42,989.10   sel     $59,999.99   [strat=market_expert_value_justifier]
      R 8  buy $ 49,605.24   sel     $57,499.99   [strat=market_expert_value_justifier]
      R 9  buy $  8,582.66   sel     $55,999.99   [strat=market_expert_value_justifier]
      R10  buy $ 19,008.37   sel     $54,999.99   [strat=market_expert_value_justifier]
      R11  buy $ 32,834.30   sel     $52,999.99   [strat=market_expert_value_justifier]
      R12  buy $ 51,647.91   sel     $52,000.00   [strat=reciprocal_fairness_keeper] *
      R13  buy $    340.39   sel     $54,999.99   [strat=reciprocal_fairness_keeper]
      R14  buy $ 38,216.86   sel     $52,999.99   [strat=reciprocal_fairness_keeper]
      R15  buy $ 25,349.98   sel     $49,999.99   [strat=reciprocal_fairness_keeper]
      R16  buy $ 20,595.23   sel     $44,999.99   [strat=reciprocal_fairness_keeper]
   run 10 done in 8.6 min

   run 11/30 on 2014 Mercedes-Benz S550  seed=21160430
      R 1  buy $ 71,675.05   sel     $84,900.00   [strat=opponent_aware_diagnostic] *
      R 2  buy $ 67,253.66   sel     $83,500.00   [strat=opponent_aware_diagnostic]
      R 3  buy $ 17,332.69   sel     $82,500.00   [strat=opponent_aware_diagnostic]
      R 4  buy $ 16,685.06   sel     $81,500.00   [strat=opponent_aware_diagnostic]
      R 5  buy $ 63,935.30   sel     $80,500.00   [strat=opponent_aware_diagnostic]
      R 6  buy $ 23,050.55   sel     $80,000.00   [strat=market_expert_value_justifier] *
      R 7  buy $ 48,901.18   sel     $79,500.00   [strat=market_expert_value_justifier]
      R 8  buy $ 54,116.35   sel     $78,500.00   [strat=market_expert_value_justifier]
      R 9  buy $ 34,303.90   sel     $78,000.00   [strat=market_expert_value_justifier]
      R10  buy $ 48,173.02   sel     $77,500.00   [strat=market_expert_value_justifier]
      R11  buy $ 43,226.84   sel     $77,000.00   [strat=market_expert_value_justifier]
      R12  buy $ 17,382.99   sel     $76,500.00   [strat=reciprocal_fairness_keeper] *
      R13  buy $ 33,877.98   sel     $75,500.00   [strat=reciprocal_fairness_keeper]
      R14  buy $ 27,073.82   sel     $74,500.00   [strat=reciprocal_fairness_keeper]
      R15  buy $    135.05   sel     $74,000.00   [strat=reciprocal_fairness_keeper]
      R16  buy $ 23,232.97   sel     $73,500.00   [strat=reciprocal_fairness_keeper]
   run 11 done in 8.3 min

   run 12/30 on 2014 Mercedes-Benz S550  seed=21160431
      R 1  buy $  1,459.92   sel     $65,000.00   [strat=opponent_aware_diagnostic] *
      R 2  buy $ 44,333.46   sel     $54,999.99   [strat=opponent_aware_diagnostic]
      R 3  buy $ 40,217.12   sel     $52,999.99   [strat=opponent_aware_diagnostic]
      R 4  buy $ 20,730.79   sel     $44,999.99   [strat=opponent_aware_diagnostic]
      R 5  buy $  5,778.32   sel     $44,999.99   [strat=opponent_aware_diagnostic]
      R 6  buy $ 25,273.86   sel     $39,999.99   [strat=market_expert_value_justifier] *
      R 7  buy $  2,934.56   sel     $38,999.99   [strat=market_expert_value_justifier]
      R 8  buy $ 23,011.42   sel     $37,999.99   [strat=market_expert_value_justifier]
      R 9  buy $  7,720.39   sel     $36,500.00   [strat=market_expert_value_justifier]
      R10  buy $ 36,430.09   sel     $36,465.00   [strat=market_expert_value_justifier]
      R11  buy $ 27,210.03   sel     $34,999.99   [strat=market_expert_value_justifier]
      R12  buy $ 29,756.84   sel     $32,999.99   [strat=reciprocal_fairness_keeper] *
      R13  buy $    455.51   sel     $32,999.99   [strat=reciprocal_fairness_keeper]
      R14  buy $ 28,359.73   sel     $31,999.99   [strat=reciprocal_fairness_keeper]
      R15  buy $  2,118.53   sel     $31,500.00   [strat=reciprocal_fairness_keeper]
      R16  buy $ 24,417.91   sel     $29,999.99   [strat=reciprocal_fairness_keeper]
   run 12 done in 10.2 min

   run 13/30 on 2014 Mercedes-Benz S550  seed=21160432
      R 1  buy $ 12,672.28   sel     $23,500.00   [strat=opponent_aware_diagnostic] *
      R 2  buy $ 20,626.73   sel     $22,800.00   [strat=opponent_aware_diagnostic]
      R 3  buy $ 11,865.55   sel     $22,800.00   [strat=opponent_aware_diagnostic]
      R 4  buy $ 12,472.40   sel     $22,800.00   [strat=opponent_aware_diagnostic]
      R 5  buy $ 13,763.36   sel     $21,500.00   [strat=opponent_aware_diagnostic]
      R 6  buy $ 13,066.33   sel     $20,800.00   [strat=market_expert_value_justifier] *
      R 7  buy $  6,683.51   sel     $20,500.00   [strat=market_expert_value_justifier]
      R 8  buy $  7,537.91   sel     $21,000.00   [strat=market_expert_value_justifier]
      R 9  buy $ 15,934.21   sel     $20,000.00   [strat=market_expert_value_justifier]
      R10  buy $ 13,604.54   sel     $20,000.00   [strat=market_expert_value_justifier]
      R11  buy $ 18,206.62   sel     $20,000.00   [strat=market_expert_value_justifier]
      R12  buy $  5,123.40   sel     $19,500.00   [strat=reciprocal_fairness_keeper] *
      R13  buy $ 18,840.44   sel     $19,200.00   [strat=reciprocal_fairness_keeper]
      R14  buy $  7,646.67   sel     $20,500.00   [strat=reciprocal_fairness_keeper]
      R15  buy $  7,644.03   sel     $19,800.00   [strat=reciprocal_fairness_keeper]
      R16  buy $  9,079.28   sel     $19,500.00   [strat=reciprocal_fairness_keeper]
   run 13 done in 7.9 min

   run 14/30 on 2014 Mercedes-Benz S550  seed=21160433
      R 1  buy $ 58,610.47   sel     $85,000.00   [strat=opponent_aware_diagnostic] *
      R 2  buy $ 14,612.54   sel     $82,000.00   [strat=opponent_aware_diagnostic]
      R 3  buy $ 77,895.42   sel     $80,500.00   [strat=opponent_aware_diagnostic]
      R 4  buy $ 21,928.45   sel     $78,000.00   [strat=opponent_aware_diagnostic]
      R 5  buy $ 20,318.66   sel     $77,500.00   [strat=opponent_aware_diagnostic]
      R 6  buy $ 76,244.95   sel     $77,000.00   [strat=market_expert_value_justifier] *
      R 7  buy $ 19,013.36   sel     $76,500.00   [strat=market_expert_value_justifier]
      R 8  buy $ 24,841.54   sel     $76,500.00   [strat=market_expert_value_justifier]
      R 9  buy $  4,283.87   sel     $76,500.00   [strat=market_expert_value_justifier]
      R10  buy $ 53,985.60   sel     $75,000.00   [strat=market_expert_value_justifier]
      R11  buy $  7,704.25   sel     $75,000.00   [strat=market_expert_value_justifier]
      R12  buy $ 53,967.70   sel     $72,000.00   [strat=reciprocal_fairness_keeper] *
      R13  buy $ 33,643.69   sel     $70,000.00   [strat=reciprocal_fairness_keeper]
      R14  buy $ 58,399.56   sel     $67,500.00   [strat=reciprocal_fairness_keeper]
      R15  buy $  9,111.17   sel     $67,000.00   [strat=reciprocal_fairness_keeper]
      R16  buy $ 17,028.84   sel     $66,500.00   [strat=reciprocal_fairness_keeper]
   run 14 done in 6.5 min

   run 15/30 on 2014 Mercedes-Benz S550  seed=21160434
      R 1  buy $ 15,186.48   sel     $24,999.00   [strat=opponent_aware_diagnostic] *
      R 2  buy $ 18,962.12   sel     $23,500.00   [strat=opponent_aware_diagnostic]
      R 3  buy $ 17,288.81   sel     $22,500.00   [strat=opponent_aware_diagnostic]
      R 4  buy $  1,013.89   sel     $22,500.00   [strat=opponent_aware_diagnostic]
      R 5  buy $ 19,630.37   sel     $19,630.37   [strat=opponent_aware_diagnostic]
      R 6  buy $ 13,141.36   sel     $19,630.37   [strat=market_expert_value_justifier] *
      R 7  buy $ 13,384.30   sel     $19,430.00   [strat=market_expert_value_justifier]
      R 8  buy $  2,150.84   sel     $19,430.00   [strat=market_expert_value_justifier]
      R 9  buy $ 14,566.13   sel     $19,200.00   [strat=market_expert_value_justifier]
      R10  buy $  2,593.68   sel     $19,200.00   [strat=market_expert_value_justifier]
      R11  buy $  4,962.52   sel     $19,200.00   [strat=market_expert_value_justifier]
      R12  buy $     95.81   sel     $19,200.00   [strat=reciprocal_fairness_keeper] *
      R13  buy $  9,348.16   sel     $19,200.00   [strat=reciprocal_fairness_keeper]
      R14  buy $ 16,460.40   sel     $19,000.00   [strat=reciprocal_fairness_keeper]
      R15  buy $    233.40   sel     $19,000.00   [strat=reciprocal_fairness_keeper]
      R16  buy $  3,483.07   sel     $19,200.00   [strat=reciprocal_fairness_keeper]
   run 15 done in 7.0 min

   run 16/30 on 2014 Mercedes-Benz S550  seed=21160435
      R 1  buy $ 15,700.41   sel     $22,500.00   [strat=opponent_aware_diagnostic] *
      R 2  buy $  5,387.55   sel     $22,000.00   [strat=opponent_aware_diagnostic]
      R 3  buy $ 11,285.11   sel     $21,500.00   [strat=opponent_aware_diagnostic]
      R 4  buy $ 13,676.35   sel     $21,000.00   [strat=opponent_aware_diagnostic]
      R 5  buy $ 12,452.25   sel     $20,500.00   [strat=opponent_aware_diagnostic]
      R 6  buy $  5,816.00   sel     $20,500.00   [strat=market_expert_value_justifier] *
      R 7  buy $ 13,228.82   sel     $20,500.00   [strat=market_expert_value_justifier]
      R 8  buy $ 18,341.63   sel     $20,250.00   [strat=market_expert_value_justifier]
      R 9  buy $  6,901.23   sel     $20,500.00   [strat=market_expert_value_justifier]
      R10  buy $ 13,750.84   sel     $20,000.00   [strat=market_expert_value_justifier]
      R11  buy $  8,497.48   sel     $19,900.00   [strat=market_expert_value_justifier]
      R12  buy $ 13,399.90   sel     $19,800.00   [strat=reciprocal_fairness_keeper] *
      R13  buy $ 15,018.81   sel     $19,600.00   [strat=reciprocal_fairness_keeper]
      R14  buy $ 14,737.84   sel     $19,600.00   [strat=reciprocal_fairness_keeper]
      R15  buy $  7,927.47   sel     $19,600.00   [strat=reciprocal_fairness_keeper]
      R16  buy $    599.68   sel     $19,500.00   [strat=reciprocal_fairness_keeper]
   run 16 done in 8.5 min

   run 17/30 on 2014 Mercedes-Benz S550  seed=21160436
      R 1  buy $ 69,884.65   sel     $89,995.00   [strat=opponent_aware_diagnostic] *
      R 2  buy $ 61,898.54   sel     $88,500.00   [strat=opponent_aware_diagnostic]
      R 3  buy $ 27,975.82   sel     $88,000.00   [strat=opponent_aware_diagnostic]
      R 4  buy $ 84,422.65   sel     $86,500.00   [strat=opponent_aware_diagnostic]
      R 5  buy $ 10,856.87   sel     $86,000.00   [strat=opponent_aware_diagnostic]
      R 6  buy $ 78,150.22   sel     $84,500.00   [strat=market_expert_value_justifier] *
      R 7  buy $ 12,420.79   sel     $83,500.00   [strat=market_expert_value_justifier]
      R 8  buy $ 45,902.89   sel     $82,000.00   [strat=market_expert_value_justifier]
      R 9  buy $ 28,851.44   sel     $81,500.00   [strat=market_expert_value_justifier]
      R10  buy $ 11,336.06   sel     $80,000.00   [strat=market_expert_value_justifier]
      R11  buy $ 59,920.27   sel     $79,500.00   [strat=market_expert_value_justifier]
      R12  buy $ 32,463.45   sel     $79,000.00   [strat=reciprocal_fairness_keeper] *
      R13  buy $ 48,365.05   sel     $78,500.00   [strat=reciprocal_fairness_keeper]
      R14  buy $ 37,217.01   sel     $78,000.00   [strat=reciprocal_fairness_keeper]
      R15  buy $ 15,298.89   sel     $77,500.00   [strat=reciprocal_fairness_keeper]
      R16  buy $ 17,464.85   sel     $77,000.00   [strat=reciprocal_fairness_keeper]
   run 17 done in 6.5 min

   run 18/30 on 2014 Mercedes-Benz S550  seed=21160437
      R 1  buy $ 10,032.68   sel     $28,500.00   [strat=opponent_aware_diagnostic] *
      R 2  buy $  7,647.43   sel     $26,750.00   [strat=opponent_aware_diagnostic]
      R 3  buy $  2,503.07   sel     $25,500.00   [strat=opponent_aware_diagnostic]
      R 4  buy $ 19,183.79   sel     $19,800.00   [strat=opponent_aware_diagnostic]
      R 5  buy $ 16,624.31   sel     $19,500.00   [strat=opponent_aware_diagnostic]
      R 6  buy $  4,183.35   sel     $19,500.00   [strat=market_expert_value_justifier] *
      R 7  buy $  3,980.63   sel     $19,500.00   [strat=market_expert_value_justifier]
      R 8  buy $ 11,063.07   sel     $19,500.00   [strat=market_expert_value_justifier]
      R 9  buy $    751.47   sel     $19,500.00   [strat=market_expert_value_justifier]
      R10  buy $     79.02   sel     $19,500.00   [strat=market_expert_value_justifier]
      R11  buy $ 12,806.50   sel     $19,500.00   [strat=market_expert_value_justifier]
      R12  buy $ 13,951.55   sel     $19,250.00   [strat=reciprocal_fairness_keeper] *
      R13  buy $ 13,519.77   sel     $19,200.00   [strat=reciprocal_fairness_keeper]
      R14  buy $    826.77   sel     $19,500.00   [strat=reciprocal_fairness_keeper]
      R15  buy $  3,068.70   sel     $19,500.00   [strat=reciprocal_fairness_keeper]
      R16  buy $ 18,047.49   sel     $19,100.00   [strat=reciprocal_fairness_keeper]
   run 18 done in 7.4 min

   run 19/30 on 2014 Mercedes-Benz S550  seed=21160438
      R 1  buy $ 23,189.25   sel     $24,900.00   [strat=opponent_aware_diagnostic] *
      R 2  buy $  2,456.44   sel     $24,500.00   [strat=opponent_aware_diagnostic]
      R 3  buy $ 18,067.46   sel     $23,500.00   [strat=opponent_aware_diagnostic]
      R 4  buy $ 14,450.16   sel     $23,000.00   [strat=opponent_aware_diagnostic]
      R 5  buy $ 20,514.07   sel     $22,000.00   [strat=opponent_aware_diagnostic]
      R 6  buy $  6,035.85   sel     $21,500.00   [strat=market_expert_value_justifier] *
      R 7  buy $ 16,195.38   sel     $20,500.00   [strat=market_expert_value_justifier]
      R 8  buy $ 18,144.82   sel     $19,900.00   [strat=market_expert_value_justifier]
      R 9  buy $ 15,272.66   sel     $19,500.00   [strat=market_expert_value_justifier]
      R10  buy $ 12,556.75   sel     $19,500.00   [strat=market_expert_value_justifier]
      R11  buy $ 13,015.95   sel     $19,500.00   [strat=market_expert_value_justifier]
      R12  buy $  5,996.54   sel     $19,500.00   [strat=reciprocal_fairness_keeper] *
      R13  buy $  4,651.98   sel     $19,500.00   [strat=reciprocal_fairness_keeper]
      R14  buy $ 14,320.56   sel     $19,250.00   [strat=reciprocal_fairness_keeper]
      R15  buy $ 19,114.92   sel     $19,114.92   [strat=reciprocal_fairness_keeper]
      R16  buy $    473.49   sel     $19,100.00   [strat=reciprocal_fairness_keeper]
   run 19 done in 8.5 min

   run 20/30 on 2014 Mercedes-Benz S550  seed=21160439
      R 1  buy $ 87,378.38   sel     $94,500.00   [strat=opponent_aware_diagnostic] *
      R 2  buy $ 49,387.88   sel     $92,000.00   [strat=opponent_aware_diagnostic]
      R 3  buy $ 66,997.74   sel     $89,500.00   [strat=opponent_aware_diagnostic]
      R 4  buy $ 48,768.06   sel     $87,500.00   [strat=opponent_aware_diagnostic]
      R 5  buy $ 28,526.52   sel     $86,000.00   [strat=opponent_aware_diagnostic]
      R 6  buy $ 33,347.91   sel     $84,500.00   [strat=market_expert_value_justifier] *
      R 7  buy $ 83,552.88   sel     $84,000.00   [strat=market_expert_value_justifier]
      R 8  buy $ 47,276.38   sel     $83,800.00   [strat=market_expert_value_justifier]
      R 9  buy $ 40,363.31   sel     $83,552.88   [strat=market_expert_value_justifier]
      R10  buy $ 33,525.09   sel     $83,552.88   [strat=market_expert_value_justifier]
      R11  buy $ 61,831.57   sel     $82,000.00   [strat=market_expert_value_justifier]
      R12  buy $ 10,265.85   sel     $81,500.00   [strat=reciprocal_fairness_keeper] *
      R13  buy $ 78,407.21   sel     $80,000.00   [strat=reciprocal_fairness_keeper]
      R14  buy $ 51,436.93   sel     $79,000.00   [strat=reciprocal_fairness_keeper]
      R15  buy $ 48,758.97   sel     $78,000.00   [strat=reciprocal_fairness_keeper]
      R16  buy $ 39,431.28   sel     $77,500.00   [strat=reciprocal_fairness_keeper]
   run 20 done in 6.5 min

   run 21/30 on 2014 Mercedes-Benz S550  seed=21160440
      R 1  buy $ 91,981.05   sel     $94,500.00   [strat=opponent_aware_diagnostic] *
      R 2  buy $ 67,100.18   sel     $92,500.00   [strat=opponent_aware_diagnostic]
      R 3  buy $ 34,299.04   sel     $89,000.00   [strat=opponent_aware_diagnostic]
      R 4  buy $    504.25   sel     $89,000.00   [strat=opponent_aware_diagnostic]
      R 5  buy $ 27,830.37   sel     $89,000.00   [strat=opponent_aware_diagnostic]
      R 6  buy $ 65,645.32   sel     $87,000.00   [strat=market_expert_value_justifier] *
      R 7  buy $ 45,234.26   sel     $85,000.00   [strat=market_expert_value_justifier]
      R 8  buy $ 59,435.48   sel     $83,000.00   [strat=market_expert_value_justifier]
      R 9  buy $ 43,082.87   sel     $81,500.00   [strat=market_expert_value_justifier]
      R10  buy $    430.87   sel     $81,500.00   [strat=market_expert_value_justifier]
      R11  buy $ 13,786.28   sel     $80,000.00   [strat=market_expert_value_justifier]
      R12  buy $ 67,567.39   sel     $78,000.00   [strat=reciprocal_fairness_keeper] *
      R13  buy $ 76,517.39   sel     $77,500.00   [strat=reciprocal_fairness_keeper]
      R14  buy $ 20,295.18   sel     $77,500.00   [strat=reciprocal_fairness_keeper]
      R15  buy $ 32,302.34   sel     $77,000.00   [strat=reciprocal_fairness_keeper]
      R16  buy $ 12,092.36   sel     $77,000.00   [strat=reciprocal_fairness_keeper]
   run 21 done in 7.2 min

   run 22/30 on 2014 Mercedes-Benz S550  seed=21160441
      R 1  buy $ 71,762.63   sel     $84,500.00   [strat=opponent_aware_diagnostic] *
      R 2  buy $ 23,621.47   sel     $78,500.00   [strat=opponent_aware_diagnostic]
      R 3  buy $ 10,852.46   sel     $72,000.00   [strat=opponent_aware_diagnostic]
      R 4  buy $ 21,395.30   sel     $55,000.00   [strat=opponent_aware_diagnostic]
      R 5  buy $ 48,263.95   sel     $52,000.00   [strat=opponent_aware_diagnostic]
      R 6  buy $ 47,710.48   sel     $51,000.00   [strat=market_expert_value_justifier] *
      R 7  buy $ 23,007.79   sel     $49,500.00   [strat=market_expert_value_justifier]
      R 8  buy $ 39,627.45   sel     $44,500.00   [strat=market_expert_value_justifier]
      R 9  buy $ 25,961.35   sel     $42,500.00   [strat=market_expert_value_justifier]
      R10  buy $ 10,644.24   sel     $40,000.00   [strat=market_expert_value_justifier]
      R11  buy $ 16,312.91   sel     $38,500.00   [strat=market_expert_value_justifier]
      R12  buy $  2,513.35   sel     $37,500.00   [strat=reciprocal_fairness_keeper] *
      R13  buy $ 34,678.87   sel     $36,000.00   [strat=reciprocal_fairness_keeper]
      R14  buy $ 24,903.20   sel     $32,000.00   [strat=reciprocal_fairness_keeper]
      R15  buy $  1,734.89   sel     $30,000.00   [strat=reciprocal_fairness_keeper]
      R16  buy $  6,703.48   sel     $25,000.00   [strat=reciprocal_fairness_keeper]
   run 22 done in 7.3 min

   run 23/30 on 2014 Mercedes-Benz S550  seed=21160442
      R 1  buy $ 15,671.68   sel     PARSE-FAIL   [strat=opponent_aware_diagnostic] *
      R 2  buy $    153.47   sel     $29,950.00   [strat=opponent_aware_diagnostic]
      R 3  buy $ 25,073.06   sel     $27,500.00   [strat=opponent_aware_diagnostic]
      R 4  buy $  9,238.95   sel     $26,000.00   [strat=opponent_aware_diagnostic]
      R 5  buy $ 24,767.13   sel     $25,500.00   [strat=opponent_aware_diagnostic]
      R 6  buy $ 23,403.21   sel     $24,900.00   [strat=market_expert_value_justifier] *
      R 7  buy $  1,894.89   sel     $24,500.00   [strat=market_expert_value_justifier]
      R 8  buy $ 22,329.29   sel     $24,000.00   [strat=market_expert_value_justifier]
      R 9  buy $    371.70   sel     $24,000.00   [strat=market_expert_value_justifier]
      R10  buy $ 14,960.52   sel     $23,500.00   [strat=market_expert_value_justifier]
      R11  buy $ 15,969.98   sel     $22,900.00   [strat=market_expert_value_justifier]
      R12  buy $ 14,556.37   sel     $22,500.00   [strat=reciprocal_fairness_keeper] *
      R13  buy $  4,368.85   sel     $22,000.00   [strat=reciprocal_fairness_keeper]
      R14  buy $  2,804.77   sel     $21,500.00   [strat=reciprocal_fairness_keeper]
      R15  buy $ 15,366.93   sel     $21,000.00   [strat=reciprocal_fairness_keeper]
      R16  buy $ 13,547.17   sel     $20,500.00   [strat=reciprocal_fairness_keeper]
   run 23 done in 6.1 min

   run 24/30 on 2014 Mercedes-Benz S550  seed=21160443
      R 1  buy $ 70,048.09   sel     $89,900.00   [strat=opponent_aware_diagnostic] *
      R 2  buy $ 29,983.57   sel     $79,900.00   [strat=opponent_aware_diagnostic]
      R 3  buy $ 29,281.40   sel     $59,900.00   [strat=opponent_aware_diagnostic]
      R 4  buy $ 19,711.78   sel     $58,500.00   [strat=opponent_aware_diagnostic]
      R 5  buy $ 14,054.49   sel     $20,000.00   [strat=opponent_aware_diagnostic]
      R 6  buy $ 13,786.97   sel     $20,000.00   [strat=market_expert_value_justifier] *
      R 7  buy $ 10,709.32   sel     $20,000.00   [strat=market_expert_value_justifier]
      R 8  buy $  9,899.23   sel     $20,000.00   [strat=market_expert_value_justifier]
      R 9  buy $  3,099.75   sel     $20,000.00   [strat=market_expert_value_justifier]
      R10  buy $ 13,127.52   sel     $20,000.00   [strat=market_expert_value_justifier]
      R11  buy $  9,233.92   sel     $20,000.00   [strat=market_expert_value_justifier]
      R12  buy $ 19,480.26   sel     $20,000.00   [strat=reciprocal_fairness_keeper] *
      R13  buy $ 19,857.60   sel     $19,857.60   [strat=reciprocal_fairness_keeper]
      R14  buy $ 11,396.42   sel     $20,000.00   [strat=reciprocal_fairness_keeper]
      R15  buy $  5,942.14   sel     $20,000.00   [strat=reciprocal_fairness_keeper]
      R16  buy $  1,641.48   sel     $20,000.00   [strat=reciprocal_fairness_keeper]
   run 24 done in 6.1 min

   run 25/30 on 2014 Mercedes-Benz S550  seed=21160444
      R 1  buy $  1,351.54   sel     $29,500.00   [strat=opponent_aware_diagnostic] *
      R 2  buy $ 19,111.90   sel     $28,750.00   [strat=opponent_aware_diagnostic]
      R 3  buy $  8,344.48   sel     $28,250.00   [strat=opponent_aware_diagnostic]
      R 4  buy $    986.44   sel     $28,000.00   [strat=opponent_aware_diagnostic]
      R 5  buy $ 15,592.33   sel     $27,500.00   [strat=opponent_aware_diagnostic]
      R 6  buy $ 19,530.67   sel     $27,000.00   [strat=market_expert_value_justifier] *
      R 7  buy $  4,498.46   sel     $26,500.00   [strat=market_expert_value_justifier]
      R 8  buy $ 25,464.03   sel     $26,000.00   [strat=market_expert_value_justifier]
      R 9  buy $ 25,982.75   sel     $25,982.75   [strat=market_expert_value_justifier]
      R10  buy $ 11,879.45   sel     $26,000.00   [strat=market_expert_value_justifier]
      R11  buy $ 25,385.65   sel     $25,800.00   [strat=market_expert_value_justifier]
      R12  buy $  9,002.03   sel     $26,000.00   [strat=reciprocal_fairness_keeper] *
      R13  buy $ 10,999.08   sel     $26,000.00   [strat=reciprocal_fairness_keeper]
      R14  buy $  9,168.19   sel     $26,000.00   [strat=reciprocal_fairness_keeper]
      R15  buy $ 22,849.49   sel     $25,000.00   [strat=reciprocal_fairness_keeper]
      R16  buy $ 16,610.95   sel     $24,000.00   [strat=reciprocal_fairness_keeper]
   run 25 done in 6.2 min

   run 26/30 on 2014 Mercedes-Benz S550  seed=21160445
      R 1  buy $ 45,299.81   sel     $48,999.00   [strat=opponent_aware_diagnostic] *
      R 2  buy $  4,019.10   sel     PARSE-FAIL   [strat=opponent_aware_diagnostic]
      R 3  buy $  6,546.38   sel     $47,999.00   [strat=opponent_aware_diagnostic]
      R 4  buy $ 27,328.10   sel     $44,999.00   [strat=opponent_aware_diagnostic]
      R 5  buy $ 38,438.57   sel     $42,999.00   [strat=opponent_aware_diagnostic]
      R 6  buy $ 40,759.08   sel     $42,000.00   [strat=market_expert_value_justifier] *
      R 7  buy $ 20,285.67   sel     $41,000.00   [strat=market_expert_value_justifier]
      R 8  buy $ 14,269.98   sel     $41,000.00   [strat=market_expert_value_justifier]
      R 9  buy $ 10,459.73   sel     $41,000.00   [strat=market_expert_value_justifier]
      R10  buy $ 31,362.94   sel     $39,500.00   [strat=market_expert_value_justifier]
      R11  buy $ 12,547.79   sel     $38,500.00   [strat=market_expert_value_justifier]
      R12  buy $  5,553.41   sel     $38,000.00   [strat=reciprocal_fairness_keeper] *
      R13  buy $ 32,673.98   sel     $36,500.00   [strat=reciprocal_fairness_keeper]
      R14  buy $  2,788.63   sel     $35,000.00   [strat=reciprocal_fairness_keeper]
      R15  buy $ 20,827.94   sel     $28,000.00   [strat=reciprocal_fairness_keeper]
      R16  buy $ 25,550.06   sel     $26,000.00   [strat=reciprocal_fairness_keeper]
   run 26 done in 8.7 min

   run 27/30 on 2014 Mercedes-Benz S550  seed=21160446
      R 1  buy $ 48,599.92   sel     $85,000.00   [strat=opponent_aware_diagnostic] *
      R 2  buy $ 55,818.84   sel     $81,500.00   [strat=opponent_aware_diagnostic]
      R 3  buy $ 78,679.78   sel     $80,500.00   [strat=opponent_aware_diagnostic]
      R 4  buy $  6,859.03   sel     $80,500.00   [strat=opponent_aware_diagnostic]
      R 5  buy $ 67,529.97   sel     $79,500.00   [strat=opponent_aware_diagnostic]
      R 6  buy $ 58,601.78   sel     $79,500.00   [strat=market_expert_value_justifier] *
      R 7  buy $ 69,127.66   sel     $77,500.00   [strat=market_expert_value_justifier]
      R 8  buy $ 39,010.18   sel     $75,000.00   [strat=market_expert_value_justifier]
      R 9  buy $ 39,500.43   sel     $74,500.00   [strat=market_expert_value_justifier]
      R10  buy $ 74,102.76   sel     $74,300.00   [strat=market_expert_value_justifier]
      R11  buy $ 45,913.77   sel     $75,500.00   [strat=market_expert_value_justifier]
      R12  buy $ 63,464.16   sel     $73,500.00   [strat=reciprocal_fairness_keeper] *
      R13  buy $ 19,432.44   sel     $72,500.00   [strat=reciprocal_fairness_keeper]
      R14  buy $ 24,732.27   sel     $73,500.00   [strat=reciprocal_fairness_keeper]
      R15  buy $  3,494.97   sel     $74,500.00   [strat=reciprocal_fairness_keeper]
      R16  buy $ 61,579.93   sel     $73,000.00   [strat=reciprocal_fairness_keeper]
   run 27 done in 7.8 min

   run 28/30 on 2014 Mercedes-Benz S550  seed=21160447
      R 1  buy $ 14,301.50   sel     $19,500.00   [strat=opponent_aware_diagnostic] *
      R 2  buy $ 19,211.06   sel     $19,450.00   [strat=opponent_aware_diagnostic]
      R 3  buy $  2,158.59   sel     $19,450.00   [strat=opponent_aware_diagnostic]
      R 4  buy $  5,905.69   sel     $19,450.00   [strat=opponent_aware_diagnostic]
      R 5  buy $  9,351.99   sel     $19,450.00   [strat=opponent_aware_diagnostic]
      R 6  buy $ 13,264.44   sel     $19,450.00   [strat=market_expert_value_justifier] *
      R 7  buy $ 15,175.71   sel     $19,450.00   [strat=market_expert_value_justifier]
      R 8  buy $  3,871.74   sel     $19,450.00   [strat=market_expert_value_justifier]
      R 9  buy $ 16,338.55   sel     $19,400.00   [strat=market_expert_value_justifier]
      R10  buy $    733.05   sel     $19,400.00   [strat=market_expert_value_justifier]
      R11  buy $  5,070.00   sel     $19,400.00   [strat=market_expert_value_justifier]
      R12  buy $  3,291.79   sel     $19,400.00   [strat=reciprocal_fairness_keeper] *
      R13  buy $  4,047.52   sel     $19,400.00   [strat=reciprocal_fairness_keeper]
      R14  buy $  4,199.07   sel     $19,400.00   [strat=reciprocal_fairness_keeper]
      R15  buy $  1,204.87   sel     $19,400.00   [strat=reciprocal_fairness_keeper]
      R16  buy $  9,940.24   sel     $19,400.00   [strat=reciprocal_fairness_keeper]
   run 28 done in 7.8 min

   run 29/30 on 2014 Mercedes-Benz S550  seed=21160448
      R 1  buy $ 23,862.08   sel     $28,500.00   [strat=opponent_aware_diagnostic] *
      R 2  buy $ 18,792.29   sel     $28,250.00   [strat=opponent_aware_diagnostic]
      R 3  buy $ 21,826.23   sel     $27,900.00   [strat=opponent_aware_diagnostic]
      R 4  buy $ 24,165.54   sel     $27,500.00   [strat=opponent_aware_diagnostic]
      R 5  buy $  7,713.44   sel     $27,250.00   [strat=opponent_aware_diagnostic]
      R 6  buy $  7,327.95   sel     $27,000.00   [strat=market_expert_value_justifier] *
      R 7  buy $ 12,512.16   sel     $27,000.00   [strat=market_expert_value_justifier]
      R 8  buy $ 22,437.20   sel     $26,500.00   [strat=market_expert_value_justifier]
      R 9  buy $ 16,138.40   sel     $26,000.00   [strat=market_expert_value_justifier]
      R10  buy $ 16,270.23   sel     $25,500.00   [strat=market_expert_value_justifier]
      R11  buy $ 15,985.60   sel     $25,000.00   [strat=market_expert_value_justifier]
      R12  buy $  1,018.91   sel     $25,000.00   [strat=reciprocal_fairness_keeper] *
      R13  buy $  9,948.35   sel     $25,000.00   [strat=reciprocal_fairness_keeper]
      R14  buy $ 15,705.26   sel     $24,500.00   [strat=reciprocal_fairness_keeper]
      R15  buy $  8,653.86   sel     $24,000.00   [strat=reciprocal_fairness_keeper]
      R16  buy $  8,659.57   sel     $23,500.00   [strat=reciprocal_fairness_keeper]
   run 29 done in 6.6 min

   run 30/30 on 2014 Mercedes-Benz S550  seed=21160449
      R 1  buy $ 68,345.16   sel     $84,500.00   [strat=opponent_aware_diagnostic] *
      R 2  buy $ 18,648.03   sel     $79,999.00   [strat=opponent_aware_diagnostic]
      R 3  buy $ 38,813.91   sel     $74,999.00   [strat=opponent_aware_diagnostic]
      R 4  buy $ 40,041.47   sel     $71,000.00   [strat=opponent_aware_diagnostic]
      R 5  buy $ 14,929.56   sel     $69,500.00   [strat=opponent_aware_diagnostic]
      R 6  buy $ 22,865.69   sel     $67,000.00   [strat=market_expert_value_justifier] *
      R 7  buy $    967.21   sel     $66,500.00   [strat=market_expert_value_justifier]
      R 8  buy $ 31,881.86   sel     $64,000.00   [strat=market_expert_value_justifier]
      R 9  buy $ 58,615.87   sel     $61,500.00   [strat=market_expert_value_justifier]
      R10  buy $ 40,487.61   sel     $59,000.00   [strat=market_expert_value_justifier]
      R11  buy $ 57,199.26   sel     $58,000.00   [strat=market_expert_value_justifier]
      R12  buy $ 28,937.33   sel     $57,500.00   [strat=reciprocal_fairness_keeper] *
      R13  buy $ 44,710.74   sel     $55,000.00   [strat=reciprocal_fairness_keeper]
      R14  buy $ 37,978.77   sel     $50,000.00   [strat=reciprocal_fairness_keeper]
      R15  buy $ 39,424.66   sel     $48,000.00   [strat=reciprocal_fairness_keeper]
      R16  buy $ 28,348.61   sel     $46,000.00   [strat=reciprocal_fairness_keeper]
   run 30 done in 8.4 min

   ---> checkpoint: car 1/5 done in 230.4 min; total so far 230.4 min; saved 30 runs to exp09_transitionB_rep1.json

--- CAR 2/5: 2016 Cadillac CTS 3.6 Luxury  (M=$45,000.00  cost=$15,750.00  cost/M=35.00%) ---

   run 1/30 on 2016 Cadillac CTS 3.6 Luxury  seed=21161420
      R 1  buy $ 16,981.41   sel     $18,500.00   [strat=opponent_aware_diagnostic] *
      R 2  buy $  1,129.97   sel     $17,500.00   [strat=opponent_aware_diagnostic]
      R 3  buy $  7,268.74   sel     $16,800.00   [strat=opponent_aware_diagnostic]
      R 4  buy $ 11,018.18   sel     $16,500.00   [strat=opponent_aware_diagnostic]
      R 5  buy $  2,213.01   sel     $16,250.00   [strat=opponent_aware_diagnostic]
      R 6  buy $  4,930.69   sel     $16,250.00   [strat=market_expert_value_justifier] *
      R 7  buy $  7,965.83   sel     $16,250.00   [strat=market_expert_value_justifier]
      R 8  buy $  9,616.53   sel     $16,250.00   [strat=market_expert_value_justifier]
      R 9  buy $ 13,988.58   sel     $16,250.00   [strat=market_expert_value_justifier]
      R10  buy $ 10,261.09   sel     $16,250.00   [strat=market_expert_value_justifier]
      R11  buy $  8,990.93   sel     $16,250.00   [strat=market_expert_value_justifier]
      R12  buy $  5,773.05   sel     $16,250.00   [strat=reciprocal_fairness_keeper] *
      R13  buy $  8,498.14   sel     $16,000.00   [strat=reciprocal_fairness_keeper]
      R14  buy $ 15,474.66   sel     $15,800.00   [strat=reciprocal_fairness_keeper]
      R15  buy $    804.21   sel     $16,250.00   [strat=reciprocal_fairness_keeper]
      R16  buy $  6,316.50   sel     $16,250.00   [strat=reciprocal_fairness_keeper]
   run 1 done in 9.8 min

   run 2/30 on 2016 Cadillac CTS 3.6 Luxury  seed=21161421
      R 1  buy $ 43,615.31   sel     $44,800.00   [strat=opponent_aware_diagnostic] *
      R 2  buy $ 27,573.90   sel     $43,000.00   [strat=opponent_aware_diagnostic]
      R 3  buy $ 33,721.48   sel     $41,500.00   [strat=opponent_aware_diagnostic]
      R 4  buy $ 38,064.48   sel     $40,000.00   [strat=opponent_aware_diagnostic]
      R 5  buy $ 33,158.83   sel     $37,500.00   [strat=opponent_aware_diagnostic]
      R 6  buy $  2,344.34   sel     $37,500.00   [strat=market_expert_value_justifier] *
      R 7  buy $  1,554.54   sel     $30,000.00   [strat=market_expert_value_justifier]
      R 8  buy $ 11,408.30   sel     $25,000.00   [strat=market_expert_value_justifier]
      R 9  buy $  5,775.02   sel     $18,500.00   [strat=market_expert_value_justifier]
      R10  buy $    479.53   sel     $18,500.00   [strat=market_expert_value_justifier]
      R11  buy $ 12,786.00   sel     $17,500.00   [strat=market_expert_value_justifier]
      R12  buy $  4,297.23   sel     $16,500.00   [strat=reciprocal_fairness_keeper] *
      R13  buy $  6,008.13   sel     $16,000.00   [strat=reciprocal_fairness_keeper]
      R14  buy $ 11,293.60   sel     $15,800.00   [strat=reciprocal_fairness_keeper]
      R15  buy $  8,271.78   sel     $15,800.00   [strat=reciprocal_fairness_keeper]
      R16  buy $    529.43   sel     $15,800.00   [strat=reciprocal_fairness_keeper]
   run 2 done in 6.9 min

   run 3/30 on 2016 Cadillac CTS 3.6 Luxury  seed=21161422
      R 1  buy $  2,360.72   sel     $39,900.00   [strat=opponent_aware_diagnostic] *
      R 2  buy $    718.42   sel     $39,900.00   [strat=opponent_aware_diagnostic]
      R 3  buy $ 21,377.65   sel     $29,500.00   [strat=opponent_aware_diagnostic]
      R 4  buy $ 21,369.13   sel     $22,500.00   [strat=opponent_aware_diagnostic]
      R 5  buy $    351.91   sel     $22,500.00   [strat=opponent_aware_diagnostic]
      R 6  buy $  2,009.82   sel     $22,500.00   [strat=market_expert_value_justifier] *
      R 7  buy $ 17,912.57   sel     $19,950.00   [strat=market_expert_value_justifier]
      R 8  buy $ 18,706.42   sel     $19,500.00   [strat=market_expert_value_justifier]
      R 9  buy $ 14,246.15   sel     $18,900.00   [strat=market_expert_value_justifier]
      R10  buy $  3,098.19   sel     $18,500.00   [strat=market_expert_value_justifier]
      R11  buy $  2,419.52   sel     $18,000.00   [strat=market_expert_value_justifier]
      R12  buy $ 13,095.46   sel     $18,000.00   [strat=reciprocal_fairness_keeper] *
      R13  buy $  4,719.94   sel     $18,000.00   [strat=reciprocal_fairness_keeper]
      R14  buy $  2,481.33   sel     $17,800.00   [strat=reciprocal_fairness_keeper]
      R15  buy $ 10,055.95   sel     $17,500.00   [strat=reciprocal_fairness_keeper]
      R16  buy $  8,704.54   sel     $17,000.00   [strat=reciprocal_fairness_keeper]
   run 3 done in 7.1 min

   run 4/30 on 2016 Cadillac CTS 3.6 Luxury  seed=21161423
      R 1  buy $ 40,448.01   sel     $42,995.00   [strat=opponent_aware_diagnostic] *
      R 2  buy $ 22,891.08   sel     $42,000.00   [strat=opponent_aware_diagnostic]
      R 3  buy $ 17,098.07   sel     $41,950.00   [strat=opponent_aware_diagnostic]
      R 4  buy $  9,500.91   sel     $41,900.00   [strat=opponent_aware_diagnostic]
      R 5  buy $ 20,973.27   sel     $41,500.00   [strat=opponent_aware_diagnostic]
      R 6  buy $    948.59   sel     $41,400.00   [strat=market_expert_value_justifier] *
      R 7  buy $ 27,347.59   sel     $41,200.00   [strat=market_expert_value_justifier]
      R 8  buy $ 39,723.27   sel     $40,500.00   [strat=market_expert_value_justifier]
      R 9  buy $ 19,583.05   sel     $40,250.00   [strat=market_expert_value_justifier]
      R10  buy $ 14,998.05   sel     $40,000.00   [strat=market_expert_value_justifier]
      R11  buy $ 38,406.71   sel     $39,000.00   [strat=market_expert_value_justifier]
      R12  buy $ 37,675.32   sel     $38,500.00   [strat=reciprocal_fairness_keeper] *
      R13  buy $ 17,644.69   sel     $38,500.00   [strat=reciprocal_fairness_keeper]
      R14  buy $ 13,895.88   sel     $38,000.00   [strat=reciprocal_fairness_keeper]
      R15  buy $ 35,392.27   sel     $37,000.00   [strat=reciprocal_fairness_keeper]
      R16  buy $  3,312.68   sel     $36,500.00   [strat=reciprocal_fairness_keeper]
   run 4 done in 6.3 min

   run 5/30 on 2016 Cadillac CTS 3.6 Luxury  seed=21161424
      R 1  buy $ 15,288.86   sel     $17,500.00   [strat=opponent_aware_diagnostic] *
      R 2  buy $ 14,917.69   sel     $16,995.00   [strat=opponent_aware_diagnostic]
      R 3  buy $ 15,780.06   sel     $16,500.00   [strat=opponent_aware_diagnostic]
      R 4  buy $ 13,509.09   sel     $16,250.00   [strat=opponent_aware_diagnostic]
      R 5  buy $  4,276.37   sel     $16,250.00   [strat=opponent_aware_diagnostic]
      R 6  buy $ 10,472.31   sel     $16,250.00   [strat=market_expert_value_justifier] *
      R 7  buy $ 12,350.78   sel     $16,000.00   [strat=market_expert_value_justifier]
      R 8  buy $ 11,537.47   sel     $16,000.00   [strat=market_expert_value_justifier]
      R 9  buy $  1,275.60   sel     $16,000.00   [strat=market_expert_value_justifier]
      R10  buy $  3,541.74   sel     $16,000.00   [strat=market_expert_value_justifier]
      R11  buy $  3,206.82   sel     $16,000.00   [strat=market_expert_value_justifier]
      R12  buy $ 10,883.65   sel     $16,000.00   [strat=reciprocal_fairness_keeper] *
      R13  buy $  2,130.31   sel     $16,000.00   [strat=reciprocal_fairness_keeper]
      R14  buy $  8,132.42   sel     $16,000.00   [strat=reciprocal_fairness_keeper]
      R15  buy $ 14,554.85   sel     $15,800.00   [strat=reciprocal_fairness_keeper]
      R16  buy $  8,538.60   sel     $15,800.00   [strat=reciprocal_fairness_keeper]
   run 5 done in 6.3 min

   run 6/30 on 2016 Cadillac CTS 3.6 Luxury  seed=21161425
      R 1  buy $ 26,688.37   sel     $29,999.99   [strat=opponent_aware_diagnostic] *
      R 2  buy $ 24,311.07   sel     $28,995.00   [strat=opponent_aware_diagnostic]
      R 3  buy $ 10,350.77   sel     $28,500.00   [strat=opponent_aware_diagnostic]
      R 4  buy $ 10,118.81   sel     $28,000.00   [strat=opponent_aware_diagnostic]
      R 5  buy $ 27,524.09   sel     $27,995.00   [strat=opponent_aware_diagnostic]
      R 6  buy $  6,399.19   sel     $27,900.00   [strat=market_expert_value_justifier] *
      R 7  buy $    650.62   sel     $27,895.00   [strat=market_expert_value_justifier]
      R 8  buy $ 26,362.89   sel     $27,495.00   [strat=market_expert_value_justifier]
      R 9  buy $ 22,772.48   sel     $26,995.00   [strat=market_expert_value_justifier]
      R10  buy $ 13,674.31   sel     $26,500.00   [strat=market_expert_value_justifier]
      R11  buy $  4,557.98   sel     $26,500.00   [strat=market_expert_value_justifier]
      R12  buy $ 15,995.24   sel     $26,250.00   [strat=reciprocal_fairness_keeper] *
      R13  buy $ 11,369.25   sel     $26,000.00   [strat=reciprocal_fairness_keeper]
      R14  buy $ 15,573.92   sel     $25,750.00   [strat=reciprocal_fairness_keeper]
      R15  buy $  4,279.53   sel     $25,500.00   [strat=reciprocal_fairness_keeper]
      R16  buy $ 22,532.74   sel     $25,000.00   [strat=reciprocal_fairness_keeper]
   run 6 done in 5.9 min

   run 7/30 on 2016 Cadillac CTS 3.6 Luxury  seed=21161426
      R 1  buy $ 27,308.03   sel     $34,000.00   [strat=opponent_aware_diagnostic] *
      R 2  buy $ 17,957.57   sel     $32,500.00   [strat=opponent_aware_diagnostic]
      R 3  buy $ 23,031.58   sel     $30,500.00   [strat=opponent_aware_diagnostic]
      R 4  buy $  2,949.49   sel     $28,500.00   [strat=opponent_aware_diagnostic]
      R 5  buy $  8,611.85   sel     $27,000.00   [strat=opponent_aware_diagnostic]
      R 6  buy $  1,809.75   sel     $25,500.00   [strat=market_expert_value_justifier] *
      R 7  buy $  4,724.25   sel     $24,000.00   [strat=market_expert_value_justifier]
      R 8  buy $  6,391.61   sel     $23,500.00   [strat=market_expert_value_justifier]
      R 9  buy $ 19,421.09   sel     $22,000.00   [strat=market_expert_value_justifier]
      R10  buy $ 14,725.73   sel     $21,500.00   [strat=market_expert_value_justifier]
      R11  buy $ 16,040.37   sel     $18,000.00   [strat=market_expert_value_justifier]
      R12  buy $  9,393.89   sel     $17,000.00   [strat=reciprocal_fairness_keeper] *
      R13  buy $  2,908.87   sel     $16,500.00   [strat=reciprocal_fairness_keeper]
      R14  buy $ 11,019.96   sel     $16,000.00   [strat=reciprocal_fairness_keeper]
      R15  buy $  4,666.82   sel     $15,800.00   [strat=reciprocal_fairness_keeper]
      R16  buy $ 12,529.89   sel     $15,500.00   [strat=reciprocal_fairness_keeper]
   run 7 done in 6.9 min

   run 8/30 on 2016 Cadillac CTS 3.6 Luxury  seed=21161427
      R 1  buy $  8,546.41   sel     $18,999.00   [strat=opponent_aware_diagnostic] *
      R 2  buy $ 12,965.28   sel     $16,495.00   [strat=opponent_aware_diagnostic]
      R 3  buy $  2,149.69   sel     $16,495.00   [strat=opponent_aware_diagnostic]
      R 4  buy $  9,654.04   sel     $15,995.00   [strat=opponent_aware_diagnostic]
      R 5  buy $  9,694.46   sel     $15,500.00   [strat=opponent_aware_diagnostic]
      R 6  buy $  1,309.15   sel     $15,500.00   [strat=market_expert_value_justifier] *
      R 7  buy $  8,881.61   sel     $15,750.00   [strat=market_expert_value_justifier]
      R 8  buy $ 11,020.43   sel     $15,500.00   [strat=market_expert_value_justifier]
      R 9  buy $ 10,412.78   sel     $15,750.00   [strat=market_expert_value_justifier]
      R10  buy $ 13,334.36   sel     $15,250.00   [strat=market_expert_value_justifier]
      R11  buy $  1,689.51   sel     $15,250.00   [strat=market_expert_value_justifier]
      R12  buy $  1,517.63   sel     $15,250.00   [strat=reciprocal_fairness_keeper] *
      R13  buy $ 13,464.94   sel     $15,750.00   [strat=reciprocal_fairness_keeper]
      R14  buy $  9,090.85   sel     $15,750.00   [strat=reciprocal_fairness_keeper]
      R15  buy $  5,780.83   sel     $15,750.00   [strat=reciprocal_fairness_keeper]
      R16  buy $  2,135.62   sel     $15,750.00   [strat=reciprocal_fairness_keeper]
   run 8 done in 8.3 min

   run 9/30 on 2016 Cadillac CTS 3.6 Luxury  seed=21161428
      R 1  buy $ 33,871.83   sel     $42,500.00   [strat=opponent_aware_diagnostic] *
      R 2  buy $  9,575.35   sel     $39,500.00   [strat=opponent_aware_diagnostic]
      R 3  buy $ 19,576.40   sel     $36,900.00   [strat=opponent_aware_diagnostic]
      R 4  buy $ 19,491.42   sel     $35,500.00   [strat=opponent_aware_diagnostic]
      R 5  buy $ 32,309.45   sel     $34,000.00   [strat=opponent_aware_diagnostic]
      R 6  buy $ 13,372.08   sel     $33,500.00   [strat=market_expert_value_justifier] *
      R 7  buy $ 31,959.51   sel     $32,900.00   [strat=market_expert_value_justifier]
      R 8  buy $ 26,796.82   sel     $31,000.00   [strat=market_expert_value_justifier]
      R 9  buy $ 16,361.36   sel     $30,500.00   [strat=market_expert_value_justifier]
      R10  buy $ 20,136.93   sel     $28,500.00   [strat=market_expert_value_justifier]
      R11  buy $ 12,293.18   sel     $27,900.00   [strat=market_expert_value_justifier]
      R12  buy $ 19,210.79   sel     $27,500.00   [strat=reciprocal_fairness_keeper] *
      R13  buy $ 19,043.81   sel     $27,000.00   [strat=reciprocal_fairness_keeper]
      R14  buy $ 20,727.81   sel     $26,500.00   [strat=reciprocal_fairness_keeper]
      R15  buy $  4,559.60   sel     $26,000.00   [strat=reciprocal_fairness_keeper]
      R16  buy $  3,262.51   sel     $25,500.00   [strat=reciprocal_fairness_keeper]
   run 9 done in 5.9 min

   run 10/30 on 2016 Cadillac CTS 3.6 Luxury  seed=21161429
      R 1  buy $  6,807.68   sel     $18,995.00   [strat=opponent_aware_diagnostic] *
      R 2  buy $  4,533.98   sel     $18,500.00   [strat=opponent_aware_diagnostic]
      R 3  buy $  7,318.86   sel     $18,200.00   [strat=opponent_aware_diagnostic]
      R 4  buy $  1,873.14   sel     $18,000.00   [strat=opponent_aware_diagnostic]
      R 5  buy $    439.84   sel     $17,800.00   [strat=opponent_aware_diagnostic]
      R 6  buy $ 12,108.80   sel     $17,500.00   [strat=market_expert_value_justifier] *
      R 7  buy $ 14,841.45   sel     $16,900.00   [strat=market_expert_value_justifier]
      R 8  buy $  4,878.00   sel     $16,800.00   [strat=market_expert_value_justifier]
      R 9  buy $ 14,340.71   sel     $16,500.00   [strat=market_expert_value_justifier]
      R10  buy $ 14,017.85   sel     $16,200.00   [strat=market_expert_value_justifier]
      R11  buy $    438.47   sel     $16,200.00   [strat=market_expert_value_justifier]
      R12  buy $  1,678.77   sel     $16,200.00   [strat=reciprocal_fairness_keeper] *
      R13  buy $ 10,060.18   sel     $16,000.00   [strat=reciprocal_fairness_keeper]
      R14  buy $  2,872.64   sel     $15,900.00   [strat=reciprocal_fairness_keeper]
      R15  buy $  9,715.04   sel     $15,800.00   [strat=reciprocal_fairness_keeper]
      R16  buy $ 15,180.95   sel     $15,500.00   [strat=reciprocal_fairness_keeper]
   run 10 done in 5.6 min

   run 11/30 on 2016 Cadillac CTS 3.6 Luxury  seed=21161430
      R 1  buy $ 25,652.20   sel     $31,995.00   [strat=opponent_aware_diagnostic] *
      R 2  buy $ 29,226.22   sel     $30,600.00   [strat=opponent_aware_diagnostic]
      R 3  buy $ 23,826.04   sel     $30,000.00   [strat=opponent_aware_diagnostic]
      R 4  buy $  2,651.61   sel     $29,500.00   [strat=opponent_aware_diagnostic]
      R 5  buy $ 15,873.72   sel     $29,000.00   [strat=opponent_aware_diagnostic]
      R 6  buy $ 15,098.40   sel     $28,500.00   [strat=market_expert_value_justifier] *
      R 7  buy $ 11,238.57   sel     $27,500.00   [strat=market_expert_value_justifier]
      R 8  buy $  4,959.62   sel     $27,000.00   [strat=market_expert_value_justifier]
      R 9  buy $ 13,029.97   sel     $26,500.00   [strat=market_expert_value_justifier]
      R10  buy $ 15,149.40   sel     $25,000.00   [strat=market_expert_value_justifier]
      R11  buy $ 24,426.50   sel     $24,500.00   [strat=market_expert_value_justifier]
      R12  buy $ 20,043.18   sel     $23,000.00   [strat=reciprocal_fairness_keeper] *
      R13  buy $ 11,891.95   sel     $22,000.00   [strat=reciprocal_fairness_keeper]
      R14  buy $  1,842.93   sel     $21,500.00   [strat=reciprocal_fairness_keeper]
      R15  buy $ 20,884.80   sel     $21,000.00   [strat=reciprocal_fairness_keeper]
      R16  buy $  4,827.23   sel     $21,000.00   [strat=reciprocal_fairness_keeper]
   run 11 done in 6.5 min

   run 12/30 on 2016 Cadillac CTS 3.6 Luxury  seed=21161431
      R 1  buy $ 31,533.83   sel     $39,995.00   [strat=opponent_aware_diagnostic] *
      R 2  buy $ 12,187.12   sel     $38,500.00   [strat=opponent_aware_diagnostic]
      R 3  buy $ 34,319.80   sel     $37,000.00   [strat=opponent_aware_diagnostic]
      R 4  buy $ 12,705.13   sel     $36,500.00   [strat=opponent_aware_diagnostic]
      R 5  buy $ 35,984.72   sel     $36,200.00   [strat=opponent_aware_diagnostic]
      R 6  buy $ 16,634.01   sel     $36,000.00   [strat=market_expert_value_justifier] *
      R 7  buy $ 10,140.69   sel     $35,500.00   [strat=market_expert_value_justifier]
      R 8  buy $ 12,560.85   sel     $35,000.00   [strat=market_expert_value_justifier]
      R 9  buy $ 31,510.67   sel     $33,500.00   [strat=market_expert_value_justifier]
      R10  buy $  2,009.36   sel     $32,500.00   [strat=market_expert_value_justifier]
      R11  buy $  4,562.18   sel     $31,500.00   [strat=market_expert_value_justifier]
      R12  buy $ 17,971.44   sel     $29,500.00   [strat=reciprocal_fairness_keeper] *
      R13  buy $ 15,855.48   sel     $27,500.00   [strat=reciprocal_fairness_keeper]
      R14  buy $  4,207.26   sel     $25,500.00   [strat=reciprocal_fairness_keeper]
      R15  buy $ 18,849.67   sel     $22,000.00   [strat=reciprocal_fairness_keeper]
      R16  buy $    322.86   sel     $20,500.00   [strat=reciprocal_fairness_keeper]
   run 12 done in 6.9 min

   run 13/30 on 2016 Cadillac CTS 3.6 Luxury  seed=21161432
      R 1  buy $ 17,657.28   sel     $19,500.00   [strat=opponent_aware_diagnostic] *
      R 2  buy $ 14,489.56   sel     $18,900.00   [strat=opponent_aware_diagnostic]
      R 3  buy $  7,710.19   sel     $18,000.00   [strat=opponent_aware_diagnostic]
      R 4  buy $ 14,648.27   sel     $17,500.00   [strat=opponent_aware_diagnostic]
      R 5  buy $  8,919.13   sel     $17,250.00   [strat=opponent_aware_diagnostic]
      R 6  buy $  2,229.06   sel     $17,000.00   [strat=market_expert_value_justifier] *
      R 7  buy $  3,145.26   sel     $17,000.00   [strat=market_expert_value_justifier]
      R 8  buy $  8,162.86   sel     $16,900.00   [strat=market_expert_value_justifier]
      R 9  buy $    539.35   sel     $16,900.00   [strat=market_expert_value_justifier]
      R10  buy $  5,462.94   sel     $16,800.00   [strat=market_expert_value_justifier]
      R11  buy $  7,121.42   sel     $16,700.00   [strat=market_expert_value_justifier]
      R12  buy $  3,222.10   sel     $16,600.00   [strat=reciprocal_fairness_keeper] *
      R13  buy $ 15,916.49   sel     $16,300.00   [strat=reciprocal_fairness_keeper]
      R14  buy $ 13,149.53   sel     $16,200.00   [strat=reciprocal_fairness_keeper]
      R15  buy $  2,776.10   sel     $16,100.00   [strat=reciprocal_fairness_keeper]
      R16  buy $ 12,533.44   sel     $16,000.00   [strat=reciprocal_fairness_keeper]
   run 13 done in 5.8 min

   run 14/30 on 2016 Cadillac CTS 3.6 Luxury  seed=21161433
      R 1  buy $  5,665.81   sel     $14,995.00   [strat=opponent_aware_diagnostic] *
      R 2  buy $ 12,657.36   sel     $14,495.00   [strat=opponent_aware_diagnostic]
      R 3  buy $  4,518.83   sel     $14,395.00   [strat=opponent_aware_diagnostic]
      R 4  buy $  1,350.64   sel     $14,395.00   [strat=opponent_aware_diagnostic]
      R 5  buy $  9,642.52   sel     $14,295.00   [strat=opponent_aware_diagnostic]
      R 6  buy $ 11,779.96   sel     $15,850.00   [strat=market_expert_value_justifier] *
      R 7  buy $  9,783.67   sel     $15,800.00   [strat=market_expert_value_justifier]
      R 8  buy $  3,771.65   sel     $15,800.00   [strat=market_expert_value_justifier]
      R 9  buy $ 10,313.13   sel     $15,750.00   [strat=market_expert_value_justifier]
      R10  buy $ 15,540.20   sel     $15,750.00   [strat=market_expert_value_justifier]
      R11  buy $  2,016.48   sel     $15,750.00   [strat=market_expert_value_justifier]
      R12  buy $ 13,628.07   sel     $15,750.00   [strat=reciprocal_fairness_keeper] *
      R13  buy $ 15,217.31   sel     $15,750.00   [strat=reciprocal_fairness_keeper]
      R14  buy $  8,049.19   sel     $15,750.00   [strat=reciprocal_fairness_keeper]
      R15  buy $  3,225.68   sel     $15,750.00   [strat=reciprocal_fairness_keeper]
      R16  buy $ 13,058.31   sel     $15,750.00   [strat=reciprocal_fairness_keeper]
   run 14 done in 6.9 min

   run 15/30 on 2016 Cadillac CTS 3.6 Luxury  seed=21161434
      R 1  buy $ 27,587.50   sel     $29,995.00   [strat=opponent_aware_diagnostic] *
      R 2  buy $ 20,743.32   sel     $28,500.00   [strat=opponent_aware_diagnostic]
      R 3  buy $  3,107.99   sel     $28,500.00   [strat=opponent_aware_diagnostic]
      R 4  buy $ 14,040.86   sel     $24,500.00   [strat=opponent_aware_diagnostic]
      R 5  buy $    737.98   sel     $22,000.00   [strat=opponent_aware_diagnostic]
      R 6  buy $    394.22   sel     $22,000.00   [strat=market_expert_value_justifier] *
      R 7  buy $ 18,136.89   sel     $21,500.00   [strat=market_expert_value_justifier]
      R 8  buy $  4,685.32   sel     $19,995.00   [strat=market_expert_value_justifier]
      R 9  buy $ 18,527.58   sel     $19,250.00   [strat=market_expert_value_justifier]
      R10  buy $ 10,135.80   sel     $18,500.00   [strat=market_expert_value_justifier]
      R11  buy $  5,920.59   sel     $18,000.00   [strat=market_expert_value_justifier]
      R12  buy $ 13,531.79   sel     $17,500.00   [strat=reciprocal_fairness_keeper] *
      R13  buy $  9,246.44   sel     $16,500.00   [strat=reciprocal_fairness_keeper]
      R14  buy $  6,633.64   sel     $16,500.00   [strat=reciprocal_fairness_keeper]
      R15  buy $  5,838.90   sel     $16,800.00   [strat=reciprocal_fairness_keeper]
      R16  buy $  5,448.76   sel     $16,500.00   [strat=reciprocal_fairness_keeper]
   run 15 done in 7.6 min

   run 16/30 on 2016 Cadillac CTS 3.6 Luxury  seed=21161435
      R 1  buy $    454.60   sel     $44,995.00   [strat=opponent_aware_diagnostic] *
      R 2  buy $ 17,114.89   sel     $38,995.00   [strat=opponent_aware_diagnostic]
      R 3  buy $  2,687.20   sel     $34,995.00   [strat=opponent_aware_diagnostic]
      R 4  buy $ 19,577.17   sel     $32,995.00   [strat=opponent_aware_diagnostic]
      R 5  buy $  5,684.78   sel     $31,995.00   [strat=opponent_aware_diagnostic]
      R 6  buy $  8,433.51   sel     $31,995.00   [strat=market_expert_value_justifier] *
      R 7  buy $  3,263.60   sel     $30,995.00   [strat=market_expert_value_justifier]
      R 8  buy $    202.70   sel     $30,500.00   [strat=market_expert_value_justifier]
      R 9  buy $ 26,217.78   sel     $29,995.00   [strat=market_expert_value_justifier]
      R10  buy $ 24,941.03   sel     $28,995.00   [strat=market_expert_value_justifier]
      R11  buy $ 18,440.88   sel     $27,995.00   [strat=market_expert_value_justifier]
      R12  buy $ 27,144.18   sel     $27,500.00   [strat=reciprocal_fairness_keeper] *
      R13  buy $    331.77   sel     $27,500.00   [strat=reciprocal_fairness_keeper]
      R14  buy $  4,502.26   sel     $27,500.00   [strat=reciprocal_fairness_keeper]
      R15  buy $  1,538.64   sel     $27,500.00   [strat=reciprocal_fairness_keeper]
      R16  buy $  4,994.51   sel     $27,500.00   [strat=reciprocal_fairness_keeper]
   run 16 done in 6.4 min

   run 17/30 on 2016 Cadillac CTS 3.6 Luxury  seed=21161436
      R 1  buy $ 31,636.45   sel     $38,995.00   [strat=opponent_aware_diagnostic] *
      R 2  buy $ 28,901.31   sel     $36,500.00   [strat=opponent_aware_diagnostic]
      R 3  buy $  1,984.89   sel     $35,000.00   [strat=opponent_aware_diagnostic]
      R 4  buy $ 21,864.61   sel     $33,500.00   [strat=opponent_aware_diagnostic]
      R 5  buy $ 16,444.75   sel     $32,000.00   [strat=opponent_aware_diagnostic]
      R 6  buy $ 26,474.85   sel     $30,500.00   [strat=market_expert_value_justifier] *
      R 7  buy $ 26,332.73   sel     $29,500.00   [strat=market_expert_value_justifier]
      R 8  buy $  2,920.24   sel     $28,500.00   [strat=market_expert_value_justifier]
      R 9  buy $ 19,568.72   sel     $27,500.00   [strat=market_expert_value_justifier]
      R10  buy $ 26,576.08   sel     $27,000.00   [strat=market_expert_value_justifier]
      R11  buy $ 12,129.53   sel     $26,500.00   [strat=market_expert_value_justifier]
      R12  buy $    466.66   sel     $26,500.00   [strat=reciprocal_fairness_keeper] *
      R13  buy $  9,057.04   sel     $26,000.00   [strat=reciprocal_fairness_keeper]
      R14  buy $ 22,216.52   sel     $24,500.00   [strat=reciprocal_fairness_keeper]
      R15  buy $ 13,215.67   sel     $23,500.00   [strat=reciprocal_fairness_keeper]
      R16  buy $  6,631.22   sel     $22,500.00   [strat=reciprocal_fairness_keeper]
   run 17 done in 5.7 min

   run 18/30 on 2016 Cadillac CTS 3.6 Luxury  seed=21161437
      R 1  buy $ 44,523.66   sel     $44,900.00   [strat=opponent_aware_diagnostic] *
      R 2  buy $ 29,762.22   sel     $44,500.00   [strat=opponent_aware_diagnostic]
      R 3  buy $ 16,084.55   sel     $44,500.00   [strat=opponent_aware_diagnostic]
      R 4  buy $ 25,050.55   sel     $35,000.00   [strat=opponent_aware_diagnostic]
      R 5  buy $ 27,858.83   sel     $33,500.00   [strat=opponent_aware_diagnostic]
      R 6  buy $  4,766.84   sel     $33,000.00   [strat=market_expert_value_justifier] *
      R 7  buy $    795.46   sel     $31,500.00   [strat=market_expert_value_justifier]
      R 8  buy $ 30,752.53   sel     $31,500.00   [strat=market_expert_value_justifier]
      R 9  buy $ 11,160.50   sel     $30,000.00   [strat=market_expert_value_justifier]
      R10  buy $ 12,227.72   sel     $30,000.00   [strat=market_expert_value_justifier]
      R11  buy $ 29,672.81   sel     $29,672.81   [strat=market_expert_value_justifier]
      R12  buy $ 28,331.32   sel     $29,500.00   [strat=reciprocal_fairness_keeper] *
      R13  buy $ 11,817.39   sel     $30,000.00   [strat=reciprocal_fairness_keeper]
      R14  buy $ 21,186.46   sel     $27,500.00   [strat=reciprocal_fairness_keeper]
      R15  buy $ 22,686.50   sel     $27,000.00   [strat=reciprocal_fairness_keeper]
      R16  buy $ 14,509.63   sel     $26,000.00   [strat=reciprocal_fairness_keeper]
   run 18 done in 5.7 min

   run 19/30 on 2016 Cadillac CTS 3.6 Luxury  seed=21161438
      R 1  buy $  5,024.67   sel     $35,500.00   [strat=opponent_aware_diagnostic] *
      R 2  buy $ 13,755.51   sel     $24,500.00   [strat=opponent_aware_diagnostic]
      R 3  buy $  5,537.55   sel     $19,500.00   [strat=opponent_aware_diagnostic]
      R 4  buy $ 10,566.64   sel     $16,500.00   [strat=opponent_aware_diagnostic]
      R 5  buy $ 15,395.81   sel     $16,200.00   [strat=opponent_aware_diagnostic]
      R 6  buy $  4,143.33   sel     $16,200.00   [strat=market_expert_value_justifier] *
      R 7  buy $ 11,172.75   sel     $16,200.00   [strat=market_expert_value_justifier]
      R 8  buy $  4,361.59   sel     $16,000.00   [strat=market_expert_value_justifier]
      R 9  buy $  4,047.79   sel     $16,000.00   [strat=market_expert_value_justifier]
      R10  buy $  6,097.26   sel     $16,000.00   [strat=market_expert_value_justifier]
      R11  buy $  4,343.44   sel     $16,000.00   [strat=market_expert_value_justifier]
      R12  buy $ 13,062.29   sel     $16,000.00   [strat=reciprocal_fairness_keeper] *
      R13  buy $  9,266.70   sel     $16,000.00   [strat=reciprocal_fairness_keeper]
      R14  buy $  9,799.86   sel     $16,000.00   [strat=reciprocal_fairness_keeper]
      R15  buy $  8,361.93   sel     $16,000.00   [strat=reciprocal_fairness_keeper]
      R16  buy $  9,053.37   sel     $15,800.00   [strat=reciprocal_fairness_keeper]
   run 19 done in 6.8 min

   run 20/30 on 2016 Cadillac CTS 3.6 Luxury  seed=21161439
      R 1  buy $ 39,144.71   sel     $42,500.00   [strat=opponent_aware_diagnostic] *
      R 2  buy $ 18,687.61   sel     $38,500.00   [strat=opponent_aware_diagnostic]
      R 3  buy $ 31,513.11   sel     $36,500.00   [strat=opponent_aware_diagnostic]
      R 4  buy $  6,684.92   sel     $34,900.00   [strat=opponent_aware_diagnostic]
      R 5  buy $ 33,730.75   sel     $34,250.00   [strat=opponent_aware_diagnostic]
      R 6  buy $  7,140.52   sel     $34,000.00   [strat=market_expert_value_justifier] *
      R 7  buy $ 19,767.73   sel     $33,500.00   [strat=market_expert_value_justifier]
      R 8  buy $ 22,840.49   sel     $31,500.00   [strat=market_expert_value_justifier]
      R 9  buy $ 11,748.45   sel     $30,000.00   [strat=market_expert_value_justifier]
      R10  buy $  1,107.15   sel     $28,500.00   [strat=market_expert_value_justifier]
      R11  buy $ 20,283.58   sel     $27,500.00   [strat=market_expert_value_justifier]
      R12  buy $  4,474.59   sel     $27,500.00   [strat=reciprocal_fairness_keeper] *
      R13  buy $ 26,672.02   sel     $27,000.00   [strat=reciprocal_fairness_keeper]
      R14  buy $  1,304.71   sel     $27,000.00   [strat=reciprocal_fairness_keeper]
      R15  buy $ 23,118.64   sel     $26,000.00   [strat=reciprocal_fairness_keeper]
      R16  buy $ 22,402.33   sel     $25,500.00   [strat=reciprocal_fairness_keeper]
   run 20 done in 5.5 min

   run 21/30 on 2016 Cadillac CTS 3.6 Luxury  seed=21161440
      R 1  buy $  8,956.43   sel     $11,995.00   [strat=opponent_aware_diagnostic] *
      R 2  buy $  7,432.44   sel     $11,500.00   [strat=opponent_aware_diagnostic]
      R 3  buy $    544.05   sel     $10,500.00   [strat=opponent_aware_diagnostic]
      R 4  buy $  2,291.43   sel     $10,200.00   [strat=opponent_aware_diagnostic]
      R 5  buy $  6,600.47   sel     $10,000.00   [strat=opponent_aware_diagnostic]
      R 6  buy $  7,414.59   sel      $9,800.00   [strat=market_expert_value_justifier] *
      R 7  buy $  6,951.91   sel      $9,500.00   [strat=market_expert_value_justifier]
      R 8  buy $  1,767.86   sel      $9,500.00   [strat=market_expert_value_justifier]
      R 9  buy $  8,096.97   sel      $9,500.00   [strat=market_expert_value_justifier]
      R10  buy $  7,673.99   sel      $9,500.00   [strat=market_expert_value_justifier]
      R11  buy $  3,869.39   sel      $9,500.00   [strat=market_expert_value_justifier]
      R12  buy $  7,070.27   sel      $9,400.00   [strat=reciprocal_fairness_keeper] *
      R13  buy $  8,669.02   sel      $9,300.00   [strat=reciprocal_fairness_keeper]
      R14  buy $  2,210.95   sel      $9,300.00   [strat=reciprocal_fairness_keeper]
      R15  buy $  2,677.48   sel      $9,200.00   [strat=reciprocal_fairness_keeper]
      R16  buy $  4,231.63   sel      $9,100.00   [strat=reciprocal_fairness_keeper]
   run 21 done in 9.2 min

   run 22/30 on 2016 Cadillac CTS 3.6 Luxury  seed=21161441
      R 1  buy $ 44,833.22   sel     $46,995.00   [strat=opponent_aware_diagnostic] *
      R 2  buy $ 42,734.39   sel     $45,750.00   [strat=opponent_aware_diagnostic]
      R 3  buy $  7,045.81   sel     $44,500.00   [strat=opponent_aware_diagnostic]
      R 4  buy $ 21,356.95   sel     $44,500.00   [strat=opponent_aware_diagnostic]
      R 5  buy $ 38,527.88   sel     $43,000.00   [strat=opponent_aware_diagnostic]
      R 6  buy $ 14,566.68   sel     $43,000.00   [strat=market_expert_value_justifier] *
      R 7  buy $ 33,178.40   sel     $41,500.00   [strat=market_expert_value_justifier]
      R 8  buy $  4,946.31   sel     $41,500.00   [strat=market_expert_value_justifier]
      R 9  buy $  8,048.90   sel     $41,500.00   [strat=market_expert_value_justifier]
      R10  buy $ 23,421.23   sel     $38,000.00   [strat=market_expert_value_justifier]
      R11  buy $  2,120.51   sel     $38,000.00   [strat=market_expert_value_justifier]
      R12  buy $  9,906.36   sel     $37,000.00   [strat=reciprocal_fairness_keeper] *
      R13  buy $  8,754.83   sel     $36,500.00   [strat=reciprocal_fairness_keeper]
      R14  buy $  1,741.62   sel     $36,000.00   [strat=reciprocal_fairness_keeper]
      R15  buy $ 19,438.32   sel     $35,000.00   [strat=reciprocal_fairness_keeper]
      R16  buy $  4,953.09   sel     $35,000.00   [strat=reciprocal_fairness_keeper]
   run 22 done in 7.0 min

   run 23/30 on 2016 Cadillac CTS 3.6 Luxury  seed=21161442
      R 1  buy $ 10,946.14   sel     $18,499.00   [strat=opponent_aware_diagnostic] *
      R 2  buy $ 12,518.43   sel     $17,750.00   [strat=opponent_aware_diagnostic]
      R 3  buy $  5,622.17   sel     $17,250.00   [strat=opponent_aware_diagnostic]
      R 4  buy $  9,966.00   sel     $16,995.00   [strat=opponent_aware_diagnostic]
      R 5  buy $ 13,697.02   sel     $16,500.00   [strat=opponent_aware_diagnostic]
      R 6  buy $ 11,180.59   sel     $16,250.00   [strat=market_expert_value_justifier] *
      R 7  buy $ 11,206.22   sel     $16,000.00   [strat=market_expert_value_justifier]
      R 8  buy $  2,631.27   sel     $16,000.00   [strat=market_expert_value_justifier]
      R 9  buy $ 11,763.90   sel     $15,900.00   [strat=market_expert_value_justifier]
      R10  buy $  5,400.15   sel     $15,850.00   [strat=market_expert_value_justifier]
      R11  buy $  1,194.62   sel     $15,850.00   [strat=market_expert_value_justifier]
      R12  buy $  2,297.65   sel     $15,800.00   [strat=reciprocal_fairness_keeper] *
      R13  buy $    332.75   sel     $15,800.00   [strat=reciprocal_fairness_keeper]
      R14  buy $  4,795.29   sel     $15,775.00   [strat=reciprocal_fairness_keeper]
      R15  buy $ 10,153.47   sel     $15,775.00   [strat=reciprocal_fairness_keeper]
      R16  buy $  5,583.42   sel     $15,775.00   [strat=reciprocal_fairness_keeper]
   run 23 done in 6.7 min

   run 24/30 on 2016 Cadillac CTS 3.6 Luxury  seed=21161443
      R 1  buy $ 15,978.93   sel     $16,500.00   [strat=opponent_aware_diagnostic] *
      R 2  buy $ 11,059.35   sel     $16,500.00   [strat=opponent_aware_diagnostic]
      R 3  buy $  3,516.34   sel     $16,500.00   [strat=opponent_aware_diagnostic]
      R 4  buy $ 13,854.28   sel     $16,250.00   [strat=opponent_aware_diagnostic]
      R 5  buy $ 15,355.90   sel     $16,000.00   [strat=opponent_aware_diagnostic]
      R 6  buy $  7,852.23   sel     $15,900.00   [strat=market_expert_value_justifier] *
      R 7  buy $    811.67   sel     $15,900.00   [strat=market_expert_value_justifier]
      R 8  buy $  5,047.85   sel     $15,850.00   [strat=market_expert_value_justifier]
      R 9  buy $ 14,238.92   sel     $15,800.00   [strat=market_expert_value_justifier]
      R10  buy $    604.97   sel     $15,750.00   [strat=market_expert_value_justifier]
      R11  buy $ 13,427.56   sel     $15,750.00   [strat=market_expert_value_justifier]
      R12  buy $  5,243.70   sel     PARSE-FAIL   [strat=reciprocal_fairness_keeper] *
      R13  buy $ 10,950.83   sel     $15,700.00   [strat=reciprocal_fairness_keeper]
      R14  buy $ 10,268.98   sel     $15,700.00   [strat=reciprocal_fairness_keeper]
      R15  buy $ 14,070.65   sel     $15,700.00   [strat=reciprocal_fairness_keeper]
      R16  buy $ 10,416.12   sel     $15,700.00   [strat=reciprocal_fairness_keeper]
   run 24 done in 4.5 min

   run 25/30 on 2016 Cadillac CTS 3.6 Luxury  seed=21161444
      R 1  buy $ 41,123.47   sel     $44,500.00   [strat=opponent_aware_diagnostic] *
      R 2  buy $ 25,027.21   sel     $43,000.00   [strat=opponent_aware_diagnostic]
      R 3  buy $  4,568.38   sel     $42,000.00   [strat=opponent_aware_diagnostic]
      R 4  buy $ 15,756.97   sel     $41,500.00   [strat=opponent_aware_diagnostic]
      R 5  buy $ 39,319.18   sel     $40,500.00   [strat=opponent_aware_diagnostic]
      R 6  buy $ 34,453.41   sel     $39,900.00   [strat=market_expert_value_justifier] *
      R 7  buy $  6,833.89   sel     $39,900.00   [strat=market_expert_value_justifier]
      R 8  buy $ 18,307.28   sel     $38,500.00   [strat=market_expert_value_justifier]
      R 9  buy $ 24,416.16   sel     $37,900.00   [strat=market_expert_value_justifier]
      R10  buy $ 20,698.06   sel     $36,900.00   [strat=market_expert_value_justifier]
      R11  buy $  7,686.07   sel     $36,500.00   [strat=market_expert_value_justifier]
      R12  buy $ 20,159.23   sel     $35,900.00   [strat=reciprocal_fairness_keeper] *
      R13  buy $ 14,073.81   sel     $36,500.00   [strat=reciprocal_fairness_keeper]
      R14  buy $ 20,261.17   sel     $34,900.00   [strat=reciprocal_fairness_keeper]
      R15  buy $ 19,532.81   sel     $29,500.00   [strat=reciprocal_fairness_keeper]
      R16  buy $ 12,904.80   sel     $28,500.00   [strat=reciprocal_fairness_keeper]
   run 25 done in 6.8 min

   run 26/30 on 2016 Cadillac CTS 3.6 Luxury  seed=21161445
      R 1  buy $ 31,768.99   sel     $34,500.00   [strat=opponent_aware_diagnostic] *
      R 2  buy $ 28,075.00   sel     $32,500.00   [strat=opponent_aware_diagnostic]
      R 3  buy $ 31,760.93   sel     $31,999.00   [strat=opponent_aware_diagnostic]
      R 4  buy $ 22,587.28   sel     $31,500.00   [strat=opponent_aware_diagnostic]
      R 5  buy $ 15,493.73   sel     $30,000.00   [strat=opponent_aware_diagnostic]
      R 6  buy $ 14,490.62   sel     $29,500.00   [strat=market_expert_value_justifier] *
      R 7  buy $ 10,023.04   sel     $29,000.00   [strat=market_expert_value_justifier]
      R 8  buy $  3,580.08   sel     $28,500.00   [strat=market_expert_value_justifier]
      R 9  buy $ 13,075.55   sel     $28,000.00   [strat=market_expert_value_justifier]
      R10  buy $ 19,078.77   sel     $27,500.00   [strat=market_expert_value_justifier]
      R11  buy $ 25,771.70   sel     $26,500.00   [strat=market_expert_value_justifier]
      R12  buy $  3,330.92   sel     $26,000.00   [strat=reciprocal_fairness_keeper] *
      R13  buy $ 21,506.94   sel     $25,000.00   [strat=reciprocal_fairness_keeper]
      R14  buy $  7,485.62   sel     $24,500.00   [strat=reciprocal_fairness_keeper]
      R15  buy $  3,942.25   sel     $24,000.00   [strat=reciprocal_fairness_keeper]
      R16  buy $ 15,222.65   sel     $23,500.00   [strat=reciprocal_fairness_keeper]
   run 26 done in 6.9 min

   run 27/30 on 2016 Cadillac CTS 3.6 Luxury  seed=21161446
      R 1  buy $ 41,634.72   sel     $44,500.00   [strat=opponent_aware_diagnostic] *
      R 2  buy $ 21,656.99   sel     $43,900.00   [strat=opponent_aware_diagnostic]
      R 3  buy $  2,550.47   sel     $43,500.00   [strat=opponent_aware_diagnostic]
      R 4  buy $ 11,561.60   sel     $42,500.00   [strat=opponent_aware_diagnostic]
      R 5  buy $ 13,962.59   sel     $39,900.00   [strat=opponent_aware_diagnostic]
      R 6  buy $  1,084.65   sel     $39,500.00   [strat=market_expert_value_justifier] *
      R 7  buy $ 33,552.67   sel     $37,500.00   [strat=market_expert_value_justifier]
      R 8  buy $ 19,433.35   sel     $36,500.00   [strat=market_expert_value_justifier]
      R 9  buy $ 32,205.18   sel     $34,500.00   [strat=market_expert_value_justifier]
      R10  buy $  4,622.99   sel     $34,000.00   [strat=market_expert_value_justifier]
      R11  buy $  4,311.50   sel     $34,000.00   [strat=market_expert_value_justifier]
      R12  buy $  9,777.35   sel     $33,500.00   [strat=reciprocal_fairness_keeper] *
      R13  buy $ 25,187.17   sel     $32,500.00   [strat=reciprocal_fairness_keeper]
      R14  buy $ 23,904.66   sel     $31,500.00   [strat=reciprocal_fairness_keeper]
      R15  buy $ 14,611.26   sel     $30,000.00   [strat=reciprocal_fairness_keeper]
      R16  buy $ 27,894.46   sel     $29,500.00   [strat=reciprocal_fairness_keeper]
   run 27 done in 5.5 min

   run 28/30 on 2016 Cadillac CTS 3.6 Luxury  seed=21161447
      R 1  buy $  8,539.04   sel     $21,999.00   [strat=opponent_aware_diagnostic] *
      R 2  buy $ 15,708.24   sel     $19,500.00   [strat=opponent_aware_diagnostic]
      R 3  buy $ 12,841.95   sel     $18,000.00   [strat=opponent_aware_diagnostic]
      R 4  buy $ 12,777.68   sel     $17,500.00   [strat=opponent_aware_diagnostic]
      R 5  buy $ 13,178.15   sel     $16,500.00   [strat=opponent_aware_diagnostic]
      R 6  buy $ 15,902.35   sel     $16,200.00   [strat=market_expert_value_justifier] *
      R 7  buy $  6,896.69   sel     $16,200.00   [strat=market_expert_value_justifier]
      R 8  buy $ 16,035.93   sel     $16,100.00   [strat=market_expert_value_justifier]
      R 9  buy $  9,249.75   sel     $16,000.00   [strat=market_expert_value_justifier]
      R10  buy $ 11,309.27   sel     $16,000.00   [strat=market_expert_value_justifier]
      R11  buy $  7,805.79   sel     $16,000.00   [strat=market_expert_value_justifier]
      R12  buy $    476.24   sel     $16,000.00   [strat=reciprocal_fairness_keeper] *
      R13  buy $ 11,854.98   sel     $16,000.00   [strat=reciprocal_fairness_keeper]
      R14  buy $  3,264.75   sel     $16,000.00   [strat=reciprocal_fairness_keeper]
      R15  buy $     47.89   sel     $16,000.00   [strat=reciprocal_fairness_keeper]
      R16  buy $  1,576.92   sel     $16,000.00   [strat=reciprocal_fairness_keeper]
   run 28 done in 5.9 min

   run 29/30 on 2016 Cadillac CTS 3.6 Luxury  seed=21161448
      R 1  buy $ 21,281.99   sel     $23,500.00   [strat=opponent_aware_diagnostic] *
      R 2  buy $  3,660.49   sel     $22,900.00   [strat=opponent_aware_diagnostic]
      R 3  buy $ 20,489.66   sel     $22,500.00   [strat=opponent_aware_diagnostic]
      R 4  buy $  7,201.52   sel     $22,000.00   [strat=opponent_aware_diagnostic]
      R 5  buy $  5,477.71   sel     $22,000.00   [strat=opponent_aware_diagnostic]
      R 6  buy $ 15,994.55   sel     $20,500.00   [strat=market_expert_value_justifier] *
      R 7  buy $    381.32   sel     $20,500.00   [strat=market_expert_value_justifier]
      R 8  buy $ 16,294.94   sel     $19,000.00   [strat=market_expert_value_justifier]
      R 9  buy $ 10,670.78   sel     $18,500.00   [strat=market_expert_value_justifier]
      R10  buy $  3,678.16   sel     $18,000.00   [strat=market_expert_value_justifier]
      R11  buy $ 12,615.72   sel     $17,500.00   [strat=market_expert_value_justifier]
      R12  buy $  1,229.92   sel     $17,500.00   [strat=reciprocal_fairness_keeper] *
      R13  buy $  4,578.67   sel     $17,000.00   [strat=reciprocal_fairness_keeper]
      R14  buy $  2,724.14   sel     $16,500.00   [strat=reciprocal_fairness_keeper]
      R15  buy $  4,372.86   sel     $16,250.00   [strat=reciprocal_fairness_keeper]
      R16  buy $ 14,570.54   sel     $16,000.00   [strat=reciprocal_fairness_keeper]
   run 29 done in 6.1 min

   run 30/30 on 2016 Cadillac CTS 3.6 Luxury  seed=21161449
      R 1  buy $ 10,767.57   sel     $16,500.00   [strat=opponent_aware_diagnostic] *
      R 2  buy $  7,710.96   sel     $16,500.00   [strat=opponent_aware_diagnostic]
      R 3  buy $ 12,234.98   sel     $16,500.00   [strat=opponent_aware_diagnostic]
      R 4  buy $  5,434.10   sel     $16,500.00   [strat=opponent_aware_diagnostic]
      R 5  buy $  2,533.85   sel     $16,500.00   [strat=opponent_aware_diagnostic]
      R 6  buy $ 13,734.80   sel     $16,500.00   [strat=market_expert_value_justifier] *
      R 7  buy $ 10,015.11   sel     $16,500.00   [strat=market_expert_value_justifier]
      R 8  buy $ 13,966.87   sel     $16,200.00   [strat=market_expert_value_justifier]
      R 9  buy $  8,074.61   sel     $16,000.00   [strat=market_expert_value_justifier]
      R10  buy $ 13,111.78   sel     $15,800.00   [strat=market_expert_value_justifier]
      R11  buy $ 14,471.71   sel     $15,800.00   [strat=market_expert_value_justifier]
      R12  buy $  8,430.39   sel     $15,800.00   [strat=reciprocal_fairness_keeper] *
      R13  buy $  6,286.77   sel     $15,800.00   [strat=reciprocal_fairness_keeper]
      R14  buy $ 15,725.27   sel     $15,800.00   [strat=reciprocal_fairness_keeper]
      R15  buy $ 14,096.96   sel     $15,800.00   [strat=reciprocal_fairness_keeper]
      R16  buy $  8,760.32   sel     $15,800.00   [strat=reciprocal_fairness_keeper]
   run 30 done in 6.3 min

   ---> checkpoint: car 2/5 done in 197.7 min; total so far 428.0 min; saved 60 runs to exp09_transitionB_rep1.json

--- CAR 3/5: 2019 Honda Accord Sport 1.5T  (M=$28,000.00  cost=$14,000.00  cost/M=50.00%) ---

   run 1/30 on 2019 Honda Accord Sport 1.5T  seed=21162420
      R 1  buy $ 24,273.38   sel     $27,500.00   [strat=opponent_aware_diagnostic] *
      R 2  buy $ 15,094.47   sel     $26,500.00   [strat=opponent_aware_diagnostic]
      R 3  buy $ 11,177.69   sel     $25,000.00   [strat=opponent_aware_diagnostic]
      R 4  buy $ 19,233.44   sel     $24,500.00   [strat=opponent_aware_diagnostic]
      R 5  buy $  6,850.14   sel     $24,000.00   [strat=opponent_aware_diagnostic]
      R 6  buy $  6,802.02   sel     $23,500.00   [strat=market_expert_value_justifier] *
      R 7  buy $ 22,029.77   sel     $23,000.00   [strat=market_expert_value_justifier]
      R 8  buy $ 19,181.46   sel     $22,500.00   [strat=market_expert_value_justifier]
      R 9  buy $  1,655.21   sel     $22,500.00   [strat=market_expert_value_justifier]
      R10  buy $ 15,523.60   sel     $22,000.00   [strat=market_expert_value_justifier]
      R11  buy $  5,942.19   sel     $22,000.00   [strat=market_expert_value_justifier]
      R12  buy $  5,304.44   sel     $22,029.77   [strat=reciprocal_fairness_keeper] *
      R13  buy $ 19,012.44   sel     $21,500.00   [strat=reciprocal_fairness_keeper]
      R14  buy $ 11,522.52   sel     $20,000.00   [strat=reciprocal_fairness_keeper]
      R15  buy $ 14,820.65   sel     $19,000.00   [strat=reciprocal_fairness_keeper]
      R16  buy $ 14,006.89   sel     $16,500.00   [strat=reciprocal_fairness_keeper]
   run 1 done in 8.4 min

   run 2/30 on 2019 Honda Accord Sport 1.5T  seed=21162421
      R 1  buy $ 16,932.48   sel     $25,900.00   [strat=opponent_aware_diagnostic] *
      R 2  buy $ 24,105.27   sel     $24,895.00   [strat=opponent_aware_diagnostic]
      R 3  buy $ 20,081.56   sel     $23,500.00   [strat=opponent_aware_diagnostic]
      R 4  buy $  2,340.02   sel     $23,500.00   [strat=opponent_aware_diagnostic]
      R 5  buy $ 10,958.23   sel     $23,500.00   [strat=opponent_aware_diagnostic]
      R 6  buy $ 18,006.65   sel     $22,000.00   [strat=market_expert_value_justifier] *
      R 7  buy $ 10,489.22   sel     $21,500.00   [strat=market_expert_value_justifier]
      R 8  buy $ 12,309.39   sel     $20,000.00   [strat=market_expert_value_justifier]
      R 9  buy $ 10,889.79   sel     $20,000.00   [strat=market_expert_value_justifier]
      R10  buy $  2,191.28   sel     $19,750.00   [strat=market_expert_value_justifier]
      R11  buy $  6,877.06   sel     $19,500.00   [strat=market_expert_value_justifier]
      R12  buy $ 13,683.09   sel     $19,000.00   [strat=reciprocal_fairness_keeper] *
      R13  buy $  9,881.26   sel     $18,500.00   [strat=reciprocal_fairness_keeper]
      R14  buy $ 12,970.85   sel     $18,250.00   [strat=reciprocal_fairness_keeper]
      R15  buy $  3,737.54   sel     $18,500.00   [strat=reciprocal_fairness_keeper]
      R16  buy $  6,471.00   sel     $18,000.00   [strat=reciprocal_fairness_keeper]
   run 2 done in 5.9 min

   run 3/30 on 2019 Honda Accord Sport 1.5T  seed=21162422
      R 1  buy $ 22,399.20   sel     $25,999.00   [strat=opponent_aware_diagnostic] *
      R 2  buy $  9,698.95   sel     $25,999.00   [strat=opponent_aware_diagnostic]
      R 3  buy $ 12,053.40   sel     $24,999.00   [strat=opponent_aware_diagnostic]
      R 4  buy $ 13,943.88   sel     $23,500.00   [strat=opponent_aware_diagnostic]
      R 5  buy $  1,930.14   sel     $22,000.00   [strat=opponent_aware_diagnostic]
      R 6  buy $  1,482.18   sel     $21,500.00   [strat=market_expert_value_justifier] *
      R 7  buy $ 12,072.64   sel     $20,999.00   [strat=market_expert_value_justifier]
      R 8  buy $ 20,014.74   sel     $20,500.00   [strat=market_expert_value_justifier]
      R 9  buy $ 14,367.83   sel     $19,999.00   [strat=market_expert_value_justifier]
      R10  buy $  5,961.14   sel     $19,999.00   [strat=market_expert_value_justifier]
      R11  buy $  1,065.17   sel     $19,500.00   [strat=market_expert_value_justifier]
      R12  buy $ 12,201.80   sel     $18,999.00   [strat=reciprocal_fairness_keeper] *
      R13  buy $  6,750.79   sel     $18,500.00   [strat=reciprocal_fairness_keeper]
      R14  buy $  8,674.29   sel     $18,000.00   [strat=reciprocal_fairness_keeper]
      R15  buy $    175.25   sel     $17,500.00   [strat=reciprocal_fairness_keeper]
      R16  buy $  6,053.18   sel     $17,250.00   [strat=reciprocal_fairness_keeper]
   run 3 done in 7.6 min

   run 4/30 on 2019 Honda Accord Sport 1.5T  seed=21162423
      R 1  buy $ 15,508.54   sel     $23,500.00   [strat=opponent_aware_diagnostic] *
      R 2  buy $  2,200.72   sel     $22,000.00   [strat=opponent_aware_diagnostic]
      R 3  buy $ 19,895.88   sel     $21,500.00   [strat=opponent_aware_diagnostic]
      R 4  buy $ 12,482.53   sel     $21,000.00   [strat=opponent_aware_diagnostic]
      R 5  buy $  6,041.82   sel     $21,000.00   [strat=opponent_aware_diagnostic]
      R 6  buy $ 19,581.74   sel     $20,500.00   [strat=market_expert_value_justifier] *
      R 7  buy $ 11,369.60   sel     $20,000.00   [strat=market_expert_value_justifier]
      R 8  buy $  4,137.77   sel     $20,000.00   [strat=market_expert_value_justifier]
      R 9  buy $  8,577.88   sel     $19,500.00   [strat=market_expert_value_justifier]
      R10  buy $  1,789.35   sel     $19,000.00   [strat=market_expert_value_justifier]
      R11  buy $ 16,175.47   sel     $18,000.00   [strat=market_expert_value_justifier]
      R12  buy $  2,852.36   sel     $17,500.00   [strat=reciprocal_fairness_keeper] *
      R13  buy $  4,243.10   sel     $17,500.00   [strat=reciprocal_fairness_keeper]
      R14  buy $ 14,680.03   sel     $16,000.00   [strat=reciprocal_fairness_keeper]
      R15  buy $ 14,820.80   sel     $15,500.00   [strat=reciprocal_fairness_keeper]
      R16  buy $  8,440.35   sel     $15,000.00   [strat=reciprocal_fairness_keeper]
   run 4 done in 6.1 min

   run 5/30 on 2019 Honda Accord Sport 1.5T  seed=21162424
      R 1  buy $ 21,342.48   sel     $25,999.99   [strat=opponent_aware_diagnostic] *
      R 2  buy $ 25,943.96   sel     $25,999.99   [strat=opponent_aware_diagnostic]
      R 3  buy $ 15,218.40   sel     $25,899.00   [strat=opponent_aware_diagnostic]
      R 4  buy $ 15,838.00   sel     $25,899.00   [strat=opponent_aware_diagnostic]
      R 5  buy $    839.36   sel     $25,899.00   [strat=opponent_aware_diagnostic]
      R 6  buy $ 16,256.81   sel     $25,899.00   [strat=market_expert_value_justifier] *
      R 7  buy $ 13,874.24   sel     $25,899.00   [strat=market_expert_value_justifier]
      R 8  buy $    819.85   sel     $25,899.00   [strat=market_expert_value_justifier]
      R 9  buy $ 12,409.50   sel     $25,899.00   [strat=market_expert_value_justifier]
      R10  buy $ 23,638.30   sel     $25,799.00   [strat=market_expert_value_justifier]
      R11  buy $  3,477.65   sel     $25,799.00   [strat=market_expert_value_justifier]
      R12  buy $ 16,387.30   sel     $25,799.00   [strat=reciprocal_fairness_keeper] *
      R13  buy $ 25,729.98   sel     $25,729.98   [strat=reciprocal_fairness_keeper]
      R14  buy $  2,115.87   sel     $25,799.00   [strat=reciprocal_fairness_keeper]
      R15  buy $ 17,893.11   sel     $25,799.00   [strat=reciprocal_fairness_keeper]
      R16  buy $ 12,571.00   sel     $25,699.00   [strat=reciprocal_fairness_keeper]
   run 5 done in 5.0 min

   run 6/30 on 2019 Honda Accord Sport 1.5T  seed=21162425
      R 1  buy $ 22,589.15   sel     $26,500.00   [strat=opponent_aware_diagnostic] *
      R 2  buy $  5,722.15   sel     $25,500.00   [strat=opponent_aware_diagnostic]
      R 3  buy $  4,953.31   sel     $24,999.00   [strat=opponent_aware_diagnostic]
      R 4  buy $ 23,140.85   sel     $23,999.00   [strat=opponent_aware_diagnostic]
      R 5  buy $  2,147.81   sel     $23,999.00   [strat=opponent_aware_diagnostic]
      R 6  buy $  7,493.96   sel     $23,500.00   [strat=market_expert_value_justifier] *
      R 7  buy $  6,548.16   sel     $23,000.00   [strat=market_expert_value_justifier]
      R 8  buy $  8,860.61   sel     $22,500.00   [strat=market_expert_value_justifier]
      R 9  buy $ 16,132.86   sel     $21,500.00   [strat=market_expert_value_justifier]
      R10  buy $  8,250.03   sel     $21,000.00   [strat=market_expert_value_justifier]
      R11  buy $  4,126.12   sel     $20,500.00   [strat=market_expert_value_justifier]
      R12  buy $  4,169.20   sel     $20,500.00   [strat=reciprocal_fairness_keeper] *
      R13  buy $  5,283.01   sel     $20,250.00   [strat=reciprocal_fairness_keeper]
      R14  buy $    283.39   sel     $20,000.00   [strat=reciprocal_fairness_keeper]
      R15  buy $  6,062.84   sel     $20,000.00   [strat=reciprocal_fairness_keeper]
      R16  buy $ 19,547.98   sel     $19,547.98   [strat=reciprocal_fairness_keeper]
   run 6 done in 7.6 min

   run 7/30 on 2019 Honda Accord Sport 1.5T  seed=21162426
      R 1  buy $  7,159.53   sel     $23,500.00   [strat=opponent_aware_diagnostic] *
      R 2  buy $ 22,412.89   sel     $22,900.00   [strat=opponent_aware_diagnostic]
      R 3  buy $  1,073.85   sel     $22,500.00   [strat=opponent_aware_diagnostic]
      R 4  buy $  1,733.47   sel     $22,500.00   [strat=opponent_aware_diagnostic]
      R 5  buy $  7,850.65   sel     $22,000.00   [strat=opponent_aware_diagnostic]
      R 6  buy $  9,193.82   sel     $21,500.00   [strat=market_expert_value_justifier] *
      R 7  buy $ 18,709.51   sel     $20,500.00   [strat=market_expert_value_justifier]
      R 8  buy $    486.91   sel     $20,000.00   [strat=market_expert_value_justifier]
      R 9  buy $ 15,568.07   sel     $18,500.00   [strat=market_expert_value_justifier]
      R10  buy $     58.40   sel     $17,900.00   [strat=market_expert_value_justifier]
      R11  buy $  3,420.62   sel     $17,500.00   [strat=market_expert_value_justifier]
      R12  buy $ 10,627.93   sel     $17,000.00   [strat=reciprocal_fairness_keeper] *
      R13  buy $  1,350.23   sel     $16,500.00   [strat=reciprocal_fairness_keeper]
      R14  buy $ 14,507.62   sel     $16,000.00   [strat=reciprocal_fairness_keeper]
      R15  buy $ 11,163.03   sel     $15,500.00   [strat=reciprocal_fairness_keeper]
      R16  buy $ 12,165.36   sel     $14,500.00   [strat=reciprocal_fairness_keeper]
   run 7 done in 6.9 min

   run 8/30 on 2019 Honda Accord Sport 1.5T  seed=21162427
      R 1  buy $  8,541.67   sel     $18,500.00   [strat=opponent_aware_diagnostic] *
      R 2  buy $ 12,624.81   sel     $16,800.00   [strat=opponent_aware_diagnostic]
      R 3  buy $  8,278.68   sel     $16,200.00   [strat=opponent_aware_diagnostic]
      R 4  buy $ 15,866.28   sel     $16,033.14   [strat=opponent_aware_diagnostic]
      R 5  buy $  3,226.15   sel     $15,950.00   [strat=opponent_aware_diagnostic]
      R 6  buy $  5,218.50   sel     $15,900.00   [strat=market_expert_value_justifier] *
      R 7  buy $  1,026.58   sel     $15,900.00   [strat=market_expert_value_justifier]
      R 8  buy $  9,699.47   sel     $15,900.00   [strat=market_expert_value_justifier]
      R 9  buy $ 12,456.90   sel     $15,800.00   [strat=market_expert_value_justifier]
      R10  buy $ 10,870.05   sel     $15,500.00   [strat=market_expert_value_justifier]
      R11  buy $  3,747.27   sel     $15,400.00   [strat=market_expert_value_justifier]
      R12  buy $  7,404.31   sel     $15,300.00   [strat=reciprocal_fairness_keeper] *
      R13  buy $  6,155.86   sel     $15,300.00   [strat=reciprocal_fairness_keeper]
      R14  buy $  1,097.33   sel     $15,200.00   [strat=reciprocal_fairness_keeper]
      R15  buy $  4,768.49   sel     $15,200.00   [strat=reciprocal_fairness_keeper]
      R16  buy $ 12,257.63   sel     $14,900.00   [strat=reciprocal_fairness_keeper]
   run 8 done in 6.8 min

   run 9/30 on 2019 Honda Accord Sport 1.5T  seed=21162428
      R 1  buy $ 20,386.16   sel     $26,500.00   [strat=opponent_aware_diagnostic] *
      R 2  buy $ 13,833.07   sel     $25,900.00   [strat=opponent_aware_diagnostic]
      R 3  buy $  7,360.57   sel     $25,500.00   [strat=opponent_aware_diagnostic]
      R 4  buy $ 11,225.26   sel     $25,000.00   [strat=opponent_aware_diagnostic]
      R 5  buy $ 18,113.64   sel     $24,500.00   [strat=opponent_aware_diagnostic]
      R 6  buy $ 14,364.08   sel     $24,000.00   [strat=market_expert_value_justifier] *
      R 7  buy $ 18,588.62   sel     $22,500.00   [strat=market_expert_value_justifier]
      R 8  buy $  9,174.13   sel     $22,000.00   [strat=market_expert_value_justifier]
      R 9  buy $ 14,269.30   sel     $19,500.00   [strat=market_expert_value_justifier]
      R10  buy $  7,842.92   sel     $18,000.00   [strat=market_expert_value_justifier]
      R11  buy $ 16,797.05   sel     $17,500.00   [strat=market_expert_value_justifier]
      R12  buy $  2,084.67   sel     $17,000.00   [strat=reciprocal_fairness_keeper] *
      R13  buy $  4,856.76   sel     $16,500.00   [strat=reciprocal_fairness_keeper]
      R14  buy $ 13,741.66   sel     $15,500.00   [strat=reciprocal_fairness_keeper]
      R15  buy $  1,210.95   sel     $15,000.00   [strat=reciprocal_fairness_keeper]
      R16  buy $  4,184.37   sel     $14,500.00   [strat=reciprocal_fairness_keeper]
   run 9 done in 8.4 min

   run 10/30 on 2019 Honda Accord Sport 1.5T  seed=21162429
      R 1  buy $  2,562.98   sel     $25,000.00   [strat=opponent_aware_diagnostic] *
      R 2  buy $  7,058.42   sel     $24,500.00   [strat=opponent_aware_diagnostic]
      R 3  buy $ 16,473.95   sel     $23,500.00   [strat=opponent_aware_diagnostic]
      R 4  buy $ 10,713.59   sel     $22,500.00   [strat=opponent_aware_diagnostic]
      R 5  buy $ 21,127.36   sel     $22,000.00   [strat=opponent_aware_diagnostic]
      R 6  buy $ 20,021.14   sel     $21,000.00   [strat=market_expert_value_justifier] *
      R 7  buy $  7,024.58   sel     $20,500.00   [strat=market_expert_value_justifier]
      R 8  buy $ 13,358.51   sel     $20,000.00   [strat=market_expert_value_justifier]
      R 9  buy $  9,294.27   sel     $20,000.00   [strat=market_expert_value_justifier]
      R10  buy $  9,102.28   sel     $20,000.00   [strat=market_expert_value_justifier]
      R11  buy $ 11,056.67   sel     $20,000.00   [strat=market_expert_value_justifier]
      R12  buy $  1,576.95   sel     $20,000.00   [strat=reciprocal_fairness_keeper] *
      R13  buy $    943.88   sel     $20,000.00   [strat=reciprocal_fairness_keeper]
      R14  buy $  2,128.71   sel     $19,500.00   [strat=reciprocal_fairness_keeper]
      R15  buy $ 18,938.28   sel     $19,250.00   [strat=reciprocal_fairness_keeper]
      R16  buy $ 13,951.31   sel     $19,000.00   [strat=reciprocal_fairness_keeper]
   run 10 done in 6.5 min

   run 11/30 on 2019 Honda Accord Sport 1.5T  seed=21162430
      R 1  buy $ 24,480.75   sel     $26,500.00   [strat=opponent_aware_diagnostic] *
      R 2  buy $ 17,107.64   sel     $25,500.00   [strat=opponent_aware_diagnostic]
      R 3  buy $ 18,930.05   sel     $24,000.00   [strat=opponent_aware_diagnostic]
      R 4  buy $ 22,458.34   sel     $23,500.00   [strat=opponent_aware_diagnostic]
      R 5  buy $  3,094.00   sel     $22,500.00   [strat=opponent_aware_diagnostic]
      R 6  buy $  9,739.26   sel     $22,000.00   [strat=market_expert_value_justifier] *
      R 7  buy $  4,764.87   sel     $21,500.00   [strat=market_expert_value_justifier]
      R 8  buy $ 17,210.76   sel     $20,000.00   [strat=market_expert_value_justifier]
      R 9  buy $ 18,554.10   sel     $19,000.00   [strat=market_expert_value_justifier]
      R10  buy $  3,377.34   sel     $18,500.00   [strat=market_expert_value_justifier]
      R11  buy $ 11,169.23   sel     $17,500.00   [strat=market_expert_value_justifier]
      R12  buy $ 16,328.71   sel     $17,000.00   [strat=reciprocal_fairness_keeper] *
      R13  buy $  3,319.82   sel     $16,500.00   [strat=reciprocal_fairness_keeper]
      R14  buy $ 13,250.65   sel     $16,000.00   [strat=reciprocal_fairness_keeper]
      R15  buy $ 10,006.12   sel     $15,500.00   [strat=reciprocal_fairness_keeper]
      R16  buy $  3,612.57   sel     $15,000.00   [strat=reciprocal_fairness_keeper]
   run 11 done in 7.0 min

   run 12/30 on 2019 Honda Accord Sport 1.5T  seed=21162431
      R 1  buy $  9,181.52   sel     $22,500.00   [strat=opponent_aware_diagnostic] *
      R 2  buy $ 15,457.25   sel     $20,500.00   [strat=opponent_aware_diagnostic]
      R 3  buy $    870.14   sel     $19,900.00   [strat=opponent_aware_diagnostic]
      R 4  buy $  6,052.18   sel     $19,900.00   [strat=opponent_aware_diagnostic]
      R 5  buy $  5,895.23   sel     $19,900.00   [strat=opponent_aware_diagnostic]
      R 6  buy $ 13,903.50   sel     $19,500.00   [strat=market_expert_value_justifier] *
      R 7  buy $  9,408.02   sel     $19,250.00   [strat=market_expert_value_justifier]
      R 8  buy $     99.77   sel     $19,250.00   [strat=market_expert_value_justifier]
      R 9  buy $    875.78   sel     $19,250.00   [strat=market_expert_value_justifier]
      R10  buy $    689.64   sel     $19,250.00   [strat=market_expert_value_justifier]
      R11  buy $  4,685.90   sel     $19,250.00   [strat=market_expert_value_justifier]
      R12  buy $ 11,762.33   sel     $19,000.00   [strat=reciprocal_fairness_keeper] *
      R13  buy $ 16,729.16   sel     $18,750.00   [strat=reciprocal_fairness_keeper]
      R14  buy $ 10,525.21   sel     $18,500.00   [strat=reciprocal_fairness_keeper]
      R15  buy $  3,877.62   sel     $18,500.00   [strat=reciprocal_fairness_keeper]
      R16  buy $  2,456.10   sel     $18,500.00   [strat=reciprocal_fairness_keeper]
   run 12 done in 5.4 min

   run 13/30 on 2019 Honda Accord Sport 1.5T  seed=21162432
      R 1  buy $  8,093.43   sel     $25,500.00   [strat=opponent_aware_diagnostic] *
      R 2  buy $ 18,556.15   sel     $24,000.00   [strat=opponent_aware_diagnostic]
      R 3  buy $  2,845.96   sel     $23,500.00   [strat=opponent_aware_diagnostic]
      R 4  buy $ 18,008.83   sel     $21,500.00   [strat=opponent_aware_diagnostic]
      R 5  buy $  8,012.90   sel     $20,000.00   [strat=opponent_aware_diagnostic]
      R 6  buy $  5,613.47   sel     $19,500.00   [strat=market_expert_value_justifier] *
      R 7  buy $ 11,402.45   sel     $19,000.00   [strat=market_expert_value_justifier]
      R 8  buy $     11.53   sel     $19,000.00   [strat=market_expert_value_justifier]
      R 9  buy $ 17,078.34   sel     $17,500.00   [strat=market_expert_value_justifier]
      R10  buy $  6,119.58   sel     $18,500.00   [strat=market_expert_value_justifier]
      R11  buy $  3,549.36   sel     $17,500.00   [strat=market_expert_value_justifier]
      R12  buy $  4,322.79   sel     $17,000.00   [strat=reciprocal_fairness_keeper] *
      R13  buy $  7,996.50   sel     $17,000.00   [strat=reciprocal_fairness_keeper]
      R14  buy $  6,463.75   sel     $17,000.00   [strat=reciprocal_fairness_keeper]
      R15  buy $  4,955.16   sel     $17,000.00   [strat=reciprocal_fairness_keeper]
      R16  buy $  8,946.86   sel     $17,000.00   [strat=reciprocal_fairness_keeper]
   run 13 done in 7.3 min

   run 14/30 on 2019 Honda Accord Sport 1.5T  seed=21162433
      R 1  buy $  2,343.54   sel     $26,500.00   [strat=opponent_aware_diagnostic] *
      R 2  buy $ 24,072.49   sel     $25,500.00   [strat=opponent_aware_diagnostic]
      R 3  buy $  6,880.75   sel     $25,500.00   [strat=opponent_aware_diagnostic]
      R 4  buy $ 10,805.48   sel     $25,000.00   [strat=opponent_aware_diagnostic]
      R 5  buy $ 17,529.61   sel     $22,500.00   [strat=opponent_aware_diagnostic]
      R 6  buy $  1,078.88   sel     $22,000.00   [strat=market_expert_value_justifier] *
      R 7  buy $ 16,043.95   sel     $21,500.00   [strat=market_expert_value_justifier]
      R 8  buy $ 19,289.94   sel     $21,000.00   [strat=market_expert_value_justifier]
      R 9  buy $  6,016.55   sel     $20,500.00   [strat=market_expert_value_justifier]
      R10  buy $  7,784.98   sel     $20,000.00   [strat=market_expert_value_justifier]
      R11  buy $ 14,469.59   sel     $19,500.00   [strat=market_expert_value_justifier]
      R12  buy $  2,911.77   sel     $19,000.00   [strat=reciprocal_fairness_keeper] *
      R13  buy $  6,916.11   sel     $18,500.00   [strat=reciprocal_fairness_keeper]
      R14  buy $ 14,433.85   sel     $17,500.00   [strat=reciprocal_fairness_keeper]
      R15  buy $  6,678.58   sel     $16,900.00   [strat=reciprocal_fairness_keeper]
      R16  buy $  5,065.10   sel     $16,500.00   [strat=reciprocal_fairness_keeper]
   run 14 done in 6.6 min

   run 15/30 on 2019 Honda Accord Sport 1.5T  seed=21162434
      R 1  buy $  9,226.17   sel     $13,500.00   [strat=opponent_aware_diagnostic] *
      R 2  buy $  4,707.65   sel     $13,000.00   [strat=opponent_aware_diagnostic]
      R 3  buy $  7,036.72   sel     $12,800.00   [strat=opponent_aware_diagnostic]
      R 4  buy $  6,797.91   sel     $12,600.00   [strat=opponent_aware_diagnostic]
      R 5  buy $ 10,152.87   sel     $14,500.00   [strat=opponent_aware_diagnostic]
      R 6  buy $  1,321.21   sel     $14,500.00   [strat=market_expert_value_justifier] *
      R 7  buy $ 10,984.92   sel     $13,500.00   [strat=market_expert_value_justifier]
      R 8  buy $    707.53   sel     $14,500.00   [strat=market_expert_value_justifier]
      R 9  buy $  4,787.22   sel     $14,500.00   [strat=market_expert_value_justifier]
      R10  buy $ 14,337.78   sel     $14,337.78   [strat=market_expert_value_justifier]
      R11  buy $  6,702.63   sel     $14,500.00   [strat=market_expert_value_justifier]
      R12  buy $  6,567.07   sel     $14,500.00   [strat=reciprocal_fairness_keeper] *
      R13  buy $  5,637.57   sel     $14,400.00   [strat=reciprocal_fairness_keeper]
      R14  buy $  5,765.23   sel     $14,500.00   [strat=reciprocal_fairness_keeper]
      R15  buy $  7,387.21   sel     $14,500.00   [strat=reciprocal_fairness_keeper]
      R16  buy $  8,888.72   sel     $14,500.00   [strat=reciprocal_fairness_keeper]
   run 15 done in 7.4 min

   run 16/30 on 2019 Honda Accord Sport 1.5T  seed=21162435
      R 1  buy $ 12,909.29   sel     $26,499.99   [strat=opponent_aware_diagnostic] *
      R 2  buy $ 22,081.37   sel     $25,499.99   [strat=opponent_aware_diagnostic]
      R 3  buy $  1,353.39   sel     $24,999.99   [strat=opponent_aware_diagnostic]
      R 4  buy $  8,682.92   sel     $24,499.99   [strat=opponent_aware_diagnostic]
      R 5  buy $  5,657.37   sel     $23,999.99   [strat=opponent_aware_diagnostic]
      R 6  buy $ 11,918.07   sel     $23,500.00   [strat=market_expert_value_justifier] *
      R 7  buy $ 21,949.33   sel     $23,000.00   [strat=market_expert_value_justifier]
      R 8  buy $ 20,947.99   sel     $23,000.00   [strat=market_expert_value_justifier]
      R 9  buy $ 15,113.60   sel     $22,500.00   [strat=market_expert_value_justifier]
      R10  buy $ 16,446.23   sel     $22,000.00   [strat=market_expert_value_justifier]
      R11  buy $     42.75   sel     $22,000.00   [strat=market_expert_value_justifier]
      R12  buy $  6,597.24   sel     $21,800.00   [strat=reciprocal_fairness_keeper] *
      R13  buy $  6,414.05   sel     $21,500.00   [strat=reciprocal_fairness_keeper]
      R14  buy $ 16,806.62   sel     $21,000.00   [strat=reciprocal_fairness_keeper]
      R15  buy $ 20,710.41   sel     $20,900.00   [strat=reciprocal_fairness_keeper]
      R16  buy $ 11,207.73   sel     $20,900.00   [strat=reciprocal_fairness_keeper]
   run 16 done in 8.0 min

   run 17/30 on 2019 Honda Accord Sport 1.5T  seed=21162436
      R 1  buy $  2,640.34   sel     $25,500.00   [strat=opponent_aware_diagnostic] *
      R 2  buy $ 20,258.20   sel     $23,500.00   [strat=opponent_aware_diagnostic]
      R 3  buy $  6,666.94   sel     $22,500.00   [strat=opponent_aware_diagnostic]
      R 4  buy $  8,048.74   sel     $22,000.00   [strat=opponent_aware_diagnostic]
      R 5  buy $  2,583.98   sel     $21,500.00   [strat=opponent_aware_diagnostic]
      R 6  buy $  7,673.31   sel     $21,000.00   [strat=market_expert_value_justifier] *
      R 7  buy $  8,626.93   sel     $21,000.00   [strat=market_expert_value_justifier]
      R 8  buy $ 20,462.69   sel     $20,800.00   [strat=market_expert_value_justifier]
      R 9  buy $ 13,379.74   sel     $20,000.00   [strat=market_expert_value_justifier]
      R10  buy $  9,892.53   sel     $20,000.00   [strat=market_expert_value_justifier]
      R11  buy $ 11,522.98   sel     $19,500.00   [strat=market_expert_value_justifier]
      R12  buy $  1,042.30   sel     $19,500.00   [strat=reciprocal_fairness_keeper] *
      R13  buy $  6,924.85   sel     $19,000.00   [strat=reciprocal_fairness_keeper]
      R14  buy $ 13,072.79   sel     $18,500.00   [strat=reciprocal_fairness_keeper]
      R15  buy $    734.03   sel     $18,500.00   [strat=reciprocal_fairness_keeper]
      R16  buy $ 17,078.27   sel     $17,800.00   [strat=reciprocal_fairness_keeper]
   run 17 done in 7.3 min

   run 18/30 on 2019 Honda Accord Sport 1.5T  seed=21162437
      R 1  buy $  7,028.01   sel     $24,500.00   [strat=opponent_aware_diagnostic] *
      R 2  buy $ 15,961.11   sel     $22,750.00   [strat=opponent_aware_diagnostic]
      R 3  buy $ 13,500.42   sel     $21,500.00   [strat=opponent_aware_diagnostic]
      R 4  buy $ 10,051.66   sel     $20,500.00   [strat=opponent_aware_diagnostic]
      R 5  buy $ 17,282.68   sel     $19,500.00   [strat=opponent_aware_diagnostic]
      R 6  buy $  3,198.52   sel     $19,000.00   [strat=market_expert_value_justifier] *
      R 7  buy $ 15,991.34   sel     $18,500.00   [strat=market_expert_value_justifier]
      R 8  buy $ 16,275.13   sel     $18,000.00   [strat=market_expert_value_justifier]
      R 9  buy $  2,087.30   sel     $17,500.00   [strat=market_expert_value_justifier]
      R10  buy $  9,316.95   sel     $17,250.00   [strat=market_expert_value_justifier]
      R11  buy $ 11,470.20   sel     $17,000.00   [strat=market_expert_value_justifier]
      R12  buy $  3,909.81   sel     $16,900.00   [strat=reciprocal_fairness_keeper] *
      R13  buy $ 15,302.47   sel     $16,300.00   [strat=reciprocal_fairness_keeper]
      R14  buy $  7,321.32   sel     $16,200.00   [strat=reciprocal_fairness_keeper]
      R15  buy $ 14,136.93   sel     $15,500.00   [strat=reciprocal_fairness_keeper]
      R16  buy $ 10,542.26   sel     $15,000.00   [strat=reciprocal_fairness_keeper]
   run 18 done in 8.6 min

   run 19/30 on 2019 Honda Accord Sport 1.5T  seed=21162438
      R 1  buy $  4,190.32   sel     $27,500.00   [strat=opponent_aware_diagnostic] *
      R 2  buy $ 25,418.31   sel     $26,500.00   [strat=opponent_aware_diagnostic]
      R 3  buy $  3,832.78   sel     $26,250.00   [strat=opponent_aware_diagnostic]
      R 4  buy $ 18,118.94   sel     $25,500.00   [strat=opponent_aware_diagnostic]
      R 5  buy $  7,231.92   sel     $25,000.00   [strat=opponent_aware_diagnostic]
      R 6  buy $  8,430.76   sel     $25,000.00   [strat=market_expert_value_justifier] *
      R 7  buy $ 12,230.79   sel     $24,500.00   [strat=market_expert_value_justifier]
      R 8  buy $ 20,886.37   sel     $24,000.00   [strat=market_expert_value_justifier]
      R 9  buy $  1,404.21   sel     $23,500.00   [strat=market_expert_value_justifier]
      R10  buy $ 11,397.66   sel     $23,000.00   [strat=market_expert_value_justifier]
      R11  buy $  1,581.49   sel     $22,000.00   [strat=market_expert_value_justifier]
      R12  buy $ 16,466.59   sel     $21,000.00   [strat=reciprocal_fairness_keeper] *
      R13  buy $  3,168.26   sel     $20,500.00   [strat=reciprocal_fairness_keeper]
      R14  buy $ 16,267.51   sel     $18,500.00   [strat=reciprocal_fairness_keeper]
      R15  buy $  9,020.95   sel     $18,500.00   [strat=reciprocal_fairness_keeper]
      R16  buy $ 10,086.36   sel     $18,500.00   [strat=reciprocal_fairness_keeper]
   run 19 done in 7.0 min

   run 20/30 on 2019 Honda Accord Sport 1.5T  seed=21162439
      R 1  buy $ 13,894.16   sel     $15,995.00   [strat=opponent_aware_diagnostic] *
      R 2  buy $  9,899.77   sel     $15,495.00   [strat=opponent_aware_diagnostic]
      R 3  buy $ 13,451.64   sel     $15,250.00   [strat=opponent_aware_diagnostic]
      R 4  buy $  8,616.02   sel     $15,000.00   [strat=opponent_aware_diagnostic]
      R 5  buy $  1,337.90   sel     $15,000.00   [strat=opponent_aware_diagnostic]
      R 6  buy $ 13,371.41   sel     $15,000.00   [strat=market_expert_value_justifier] *
      R 7  buy $  4,918.17   sel     $15,000.00   [strat=market_expert_value_justifier]
      R 8  buy $  5,289.84   sel     $15,000.00   [strat=market_expert_value_justifier]
      R 9  buy $ 12,084.31   sel     $15,000.00   [strat=market_expert_value_justifier]
      R10  buy $ 10,746.84   sel     $15,000.00   [strat=market_expert_value_justifier]
      R11  buy $  2,515.30   sel     $15,000.00   [strat=market_expert_value_justifier]
      R12  buy $    288.21   sel     $15,000.00   [strat=reciprocal_fairness_keeper] *
      R13  buy $  4,440.66   sel     $15,000.00   [strat=reciprocal_fairness_keeper]
      R14  buy $ 14,994.73   sel     $14,994.73   [strat=reciprocal_fairness_keeper]
      R15  buy $ 14,565.57   sel     $14,780.00   [strat=reciprocal_fairness_keeper]
      R16  buy $     27.36   sel     $14,780.00   [strat=reciprocal_fairness_keeper]
   run 20 done in 6.0 min

   run 21/30 on 2019 Honda Accord Sport 1.5T  seed=21162440
      R 1  buy $  2,212.49   sel     $26,500.00   [strat=opponent_aware_diagnostic] *
      R 2  buy $ 17,911.76   sel     $25,500.00   [strat=opponent_aware_diagnostic]
      R 3  buy $ 18,382.18   sel     $24,500.00   [strat=opponent_aware_diagnostic]
      R 4  buy $ 22,516.77   sel     $23,500.00   [strat=opponent_aware_diagnostic]
      R 5  buy $ 18,862.63   sel     $23,000.00   [strat=opponent_aware_diagnostic]
      R 6  buy $ 14,840.32   sel     $23,000.00   [strat=market_expert_value_justifier] *
      R 7  buy $ 14,379.00   sel     $23,000.00   [strat=market_expert_value_justifier]
      R 8  buy $  1,503.76   sel     $23,000.00   [strat=market_expert_value_justifier]
      R 9  buy $  5,614.71   sel     $23,000.00   [strat=market_expert_value_justifier]
      R10  buy $ 16,882.15   sel     $23,000.00   [strat=market_expert_value_justifier]
      R11  buy $ 21,163.61   sel     $23,000.00   [strat=market_expert_value_justifier]
      R12  buy $  7,153.32   sel     $23,000.00   [strat=reciprocal_fairness_keeper] *
      R13  buy $    310.53   sel     $23,000.00   [strat=reciprocal_fairness_keeper]
      R14  buy $ 19,208.64   sel     $23,000.00   [strat=reciprocal_fairness_keeper]
      R15  buy $ 19,465.59   sel     $22,800.00   [strat=reciprocal_fairness_keeper]
      R16  buy $  4,560.53   sel     $22,800.00   [strat=reciprocal_fairness_keeper]
   run 21 done in 8.5 min

   run 22/30 on 2019 Honda Accord Sport 1.5T  seed=21162441
      R 1  buy $ 23,262.80   sel     $26,000.00   [strat=opponent_aware_diagnostic] *
      R 2  buy $ 14,507.64   sel     $25,500.00   [strat=opponent_aware_diagnostic]
      R 3  buy $ 10,477.45   sel     $24,500.00   [strat=opponent_aware_diagnostic]
      R 4  buy $  2,708.33   sel     $24,000.00   [strat=opponent_aware_diagnostic]
      R 5  buy $ 16,920.75   sel     $23,500.00   [strat=opponent_aware_diagnostic]
      R 6  buy $ 13,359.11   sel     $23,000.00   [strat=market_expert_value_justifier] *
      R 7  buy $ 11,336.97   sel     $22,500.00   [strat=market_expert_value_justifier]
      R 8  buy $  5,783.67   sel     $22,000.00   [strat=market_expert_value_justifier]
      R 9  buy $ 10,476.15   sel     $21,500.00   [strat=market_expert_value_justifier]
      R10  buy $ 18,330.17   sel     $20,000.00   [strat=market_expert_value_justifier]
      R11  buy $  8,210.59   sel     $19,500.00   [strat=market_expert_value_justifier]
      R12  buy $ 16,241.50   sel     $18,000.00   [strat=reciprocal_fairness_keeper] *
      R13  buy $  5,150.23   sel     $17,500.00   [strat=reciprocal_fairness_keeper]
      R14  buy $ 13,258.44   sel     $17,000.00   [strat=reciprocal_fairness_keeper]
      R15  buy $  2,985.94   sel     $16,800.00   [strat=reciprocal_fairness_keeper]
      R16  buy $  3,155.90   sel     $16,500.00   [strat=reciprocal_fairness_keeper]
   run 22 done in 8.1 min

   run 23/30 on 2019 Honda Accord Sport 1.5T  seed=21162442
      R 1  buy $ 18,071.96   sel     $24,000.00   [strat=opponent_aware_diagnostic] *
      R 2  buy $ 11,971.29   sel     $22,500.00   [strat=opponent_aware_diagnostic]
      R 3  buy $ 11,976.32   sel     $22,500.00   [strat=opponent_aware_diagnostic]
      R 4  buy $ 16,869.61   sel     $19,500.00   [strat=opponent_aware_diagnostic]
      R 5  buy $  6,264.07   sel     $19,500.00   [strat=opponent_aware_diagnostic]
      R 6  buy $ 10,749.79   sel     $19,500.00   [strat=market_expert_value_justifier] *
      R 7  buy $ 14,504.13   sel     $17,500.00   [strat=market_expert_value_justifier]
      R 8  buy $ 14,343.16   sel     $16,900.00   [strat=market_expert_value_justifier]
      R 9  buy $  6,512.37   sel     $16,500.00   [strat=market_expert_value_justifier]
      R10  buy $  9,315.33   sel     $16,500.00   [strat=market_expert_value_justifier]
      R11  buy $  4,300.11   sel     $16,500.00   [strat=market_expert_value_justifier]
      R12  buy $ 10,410.16   sel     $16,500.00   [strat=reciprocal_fairness_keeper] *
      R13  buy $  5,971.27   sel     $16,500.00   [strat=reciprocal_fairness_keeper]
      R14  buy $  2,049.35   sel     $16,500.00   [strat=reciprocal_fairness_keeper]
      R15  buy $  7,999.78   sel     $16,500.00   [strat=reciprocal_fairness_keeper]
      R16  buy $  2,742.37   sel     $16,500.00   [strat=reciprocal_fairness_keeper]
   run 23 done in 7.5 min

   run 24/30 on 2019 Honda Accord Sport 1.5T  seed=21162443
      R 1  buy $ 10,482.51   sel     $19,500.00   [strat=opponent_aware_diagnostic] *
      R 2  buy $  7,671.86   sel     $18,250.00   [strat=opponent_aware_diagnostic]
      R 3  buy $  8,555.86   sel     $17,500.00   [strat=opponent_aware_diagnostic]
      R 4  buy $  6,227.66   sel     $16,900.00   [strat=opponent_aware_diagnostic]
      R 5  buy $  1,822.40   sel     $16,900.00   [strat=opponent_aware_diagnostic]
      R 6  buy $ 12,491.26   sel     $16,500.00   [strat=market_expert_value_justifier] *
      R 7  buy $ 10,406.95   sel     $16,500.00   [strat=market_expert_value_justifier]
      R 8  buy $  7,254.79   sel     $16,500.00   [strat=market_expert_value_justifier]
      R 9  buy $  9,973.26   sel     $16,500.00   [strat=market_expert_value_justifier]
      R10  buy $  3,754.32   sel     $16,500.00   [strat=market_expert_value_justifier]
      R11  buy $ 14,882.96   sel     $15,900.00   [strat=market_expert_value_justifier]
      R12  buy $  2,427.65   sel     $15,500.00   [strat=reciprocal_fairness_keeper] *
      R13  buy $  9,924.50   sel     $15,400.00   [strat=reciprocal_fairness_keeper]
      R14  buy $  5,266.82   sel     $15,300.00   [strat=reciprocal_fairness_keeper]
      R15  buy $ 10,942.36   sel     $15,200.00   [strat=reciprocal_fairness_keeper]
      R16  buy $  3,388.91   sel     $15,000.00   [strat=reciprocal_fairness_keeper]
   run 24 done in 6.2 min

   run 25/30 on 2019 Honda Accord Sport 1.5T  seed=21162444
      R 1  buy $  7,380.01   sel     $24,750.00   [strat=opponent_aware_diagnostic] *
      R 2  buy $ 12,598.60   sel     $21,500.00   [strat=opponent_aware_diagnostic]
      R 3  buy $ 19,109.52   sel     $20,500.00   [strat=opponent_aware_diagnostic]
      R 4  buy $ 15,733.53   sel     $19,500.00   [strat=opponent_aware_diagnostic]
      R 5  buy $  5,801.60   sel     $19,500.00   [strat=opponent_aware_diagnostic]
      R 6  buy $  1,046.57   sel     $19,500.00   [strat=market_expert_value_justifier] *
      R 7  buy $    119.23   sel     $18,500.00   [strat=market_expert_value_justifier]
      R 8  buy $  4,861.78   sel     $16,500.00   [strat=market_expert_value_justifier]
      R 9  buy $ 14,986.10   sel     $14,986.10   [strat=market_expert_value_justifier]
      R10  buy $    346.15   sel     $16,500.00   [strat=market_expert_value_justifier]
      R11  buy $ 13,359.11   sel     $15,500.00   [strat=market_expert_value_justifier]
      R12  buy $ 15,001.29   sel     $15,001.29   [strat=reciprocal_fairness_keeper] *
      R13  buy $ 14,037.41   sel     $14,037.41   [strat=reciprocal_fairness_keeper]
      R14  buy $  2,195.19   sel     $16,500.00   [strat=reciprocal_fairness_keeper]
      R15  buy $  8,424.51   sel     $14,500.00   [strat=reciprocal_fairness_keeper]
      R16  buy $  5,547.49   sel     $14,200.00   [strat=reciprocal_fairness_keeper]
   run 25 done in 6.1 min

   run 26/30 on 2019 Honda Accord Sport 1.5T  seed=21162445
      R 1  buy $  7,998.89   sel     $27,500.00   [strat=opponent_aware_diagnostic] *
      R 2  buy $ 17,327.28   sel     $25,500.00   [strat=opponent_aware_diagnostic]
      R 3  buy $ 10,338.32   sel     $24,000.00   [strat=opponent_aware_diagnostic]
      R 4  buy $ 11,319.04   sel     $23,500.00   [strat=opponent_aware_diagnostic]
      R 5  buy $  2,365.57   sel     $23,000.00   [strat=opponent_aware_diagnostic]
      R 6  buy $  2,495.82   sel     $22,500.00   [strat=market_expert_value_justifier] *
      R 7  buy $ 21,437.49   sel     $22,000.00   [strat=market_expert_value_justifier]
      R 8  buy $ 19,675.73   sel     $21,500.00   [strat=market_expert_value_justifier]
      R 9  buy $ 11,975.49   sel     $21,000.00   [strat=market_expert_value_justifier]
      R10  buy $    780.20   sel     $21,000.00   [strat=market_expert_value_justifier]
      R11  buy $ 14,931.88   sel     $20,000.00   [strat=market_expert_value_justifier]
      R12  buy $  1,370.68   sel     $19,500.00   [strat=reciprocal_fairness_keeper] *
      R13  buy $  6,452.61   sel     $19,500.00   [strat=reciprocal_fairness_keeper]
      R14  buy $ 14,688.72   sel     $17,500.00   [strat=reciprocal_fairness_keeper]
      R15  buy $ 16,285.05   sel     $17,000.00   [strat=reciprocal_fairness_keeper]
      R16  buy $ 11,808.74   sel     $16,500.00   [strat=reciprocal_fairness_keeper]
   run 26 done in 9.3 min

   run 27/30 on 2019 Honda Accord Sport 1.5T  seed=21162446
      R 1  buy $ 14,053.05   sel     PARSE-FAIL   [strat=opponent_aware_diagnostic] *
      R 2  buy $ 19,588.79   sel     $22,299.99   [strat=opponent_aware_diagnostic]
      R 3  buy $ 12,028.80   sel     $21,599.99   [strat=opponent_aware_diagnostic]
      R 4  buy $ 12,168.04   sel     $21,499.99   [strat=opponent_aware_diagnostic]
      R 5  buy $  5,998.25   sel     $21,000.00   [strat=opponent_aware_diagnostic]
      R 6  buy $  5,327.41   sel     $20,999.00   [strat=market_expert_value_justifier] *
      R 7  buy $  4,632.04   sel     $20,900.00   [strat=market_expert_value_justifier]
      R 8  buy $  7,930.31   sel     $20,800.00   [strat=market_expert_value_justifier]
      R 9  buy $  1,407.44   sel     $20,750.00   [strat=market_expert_value_justifier]
      R10  buy $    641.13   sel     $20,700.00   [strat=market_expert_value_justifier]
      R11  buy $  6,066.53   sel     $20,600.00   [strat=market_expert_value_justifier]
      R12  buy $  5,426.86   sel     $20,500.00   [strat=reciprocal_fairness_keeper] *
      R13  buy $  7,766.55   sel     $20,400.00   [strat=reciprocal_fairness_keeper]
      R14  buy $  5,526.83   sel     $20,300.00   [strat=reciprocal_fairness_keeper]
      R15  buy $    884.98   sel     $20,250.00   [strat=reciprocal_fairness_keeper]
      R16  buy $  9,561.61   sel     $20,000.00   [strat=reciprocal_fairness_keeper]
   run 27 done in 7.6 min

   run 28/30 on 2019 Honda Accord Sport 1.5T  seed=21162447
      R 1  buy $  7,583.28   sel     $24,995.00   [strat=opponent_aware_diagnostic] *
      R 2  buy $ 22,810.82   sel     $23,995.00   [strat=opponent_aware_diagnostic]
      R 3  buy $ 21,254.96   sel     $23,500.00   [strat=opponent_aware_diagnostic]
      R 4  buy $ 21,703.31   sel     $22,900.00   [strat=opponent_aware_diagnostic]
      R 5  buy $  2,552.70   sel     $22,900.00   [strat=opponent_aware_diagnostic]
      R 6  buy $ 15,539.42   sel     $21,500.00   [strat=market_expert_value_justifier] *
      R 7  buy $ 17,884.26   sel     $20,500.00   [strat=market_expert_value_justifier]
      R 8  buy $  4,384.14   sel     $19,995.00   [strat=market_expert_value_justifier]
      R 9  buy $    475.72   sel     $19,500.00   [strat=market_expert_value_justifier]
      R10  buy $  3,317.03   sel     $18,500.00   [strat=market_expert_value_justifier]
      R11  buy $ 13,170.00   sel     $17,500.00   [strat=market_expert_value_justifier]
      R12  buy $ 10,886.84   sel     $16,500.00   [strat=reciprocal_fairness_keeper] *
      R13  buy $  1,225.35   sel     $16,000.00   [strat=reciprocal_fairness_keeper]
      R14  buy $  1,560.00   sel     $15,000.00   [strat=reciprocal_fairness_keeper]
      R15  buy $  1,430.86   sel     $16,500.00   [strat=reciprocal_fairness_keeper]
      R16  buy $ 12,399.55   sel     $15,500.00   [strat=reciprocal_fairness_keeper]
   run 28 done in 8.3 min

   run 29/30 on 2019 Honda Accord Sport 1.5T  seed=21162448
      R 1  buy $ 23,403.91   sel     $25,599.91   [strat=opponent_aware_diagnostic] *
      R 2  buy $ 13,094.37   sel     $24,999.00   [strat=opponent_aware_diagnostic]
      R 3  buy $ 11,011.63   sel     $24,499.00   [strat=opponent_aware_diagnostic]
      R 4  buy $ 13,174.52   sel     $24,499.00   [strat=opponent_aware_diagnostic]
      R 5  buy $ 11,474.23   sel     $24,499.00   [strat=opponent_aware_diagnostic]
      R 6  buy $  6,184.12   sel     $23,999.00   [strat=market_expert_value_justifier] *
      R 7  buy $ 22,695.79   sel     $23,499.00   [strat=market_expert_value_justifier]
      R 8  buy $  7,545.01   sel     $23,499.00   [strat=market_expert_value_justifier]
      R 9  buy $ 12,040.30   sel     $23,000.00   [strat=market_expert_value_justifier]
      R10  buy $    426.77   sel     $23,000.00   [strat=market_expert_value_justifier]
      R11  buy $  7,211.18   sel     $22,800.00   [strat=market_expert_value_justifier]
      R12  buy $  3,291.54   sel     $22,500.00   [strat=reciprocal_fairness_keeper] *
      R13  buy $  3,295.69   sel     $22,000.00   [strat=reciprocal_fairness_keeper]
      R14  buy $ 10,748.68   sel     $22,000.00   [strat=reciprocal_fairness_keeper]
      R15  buy $  1,765.77   sel     $22,000.00   [strat=reciprocal_fairness_keeper]
      R16  buy $  4,582.94   sel     $22,000.00   [strat=reciprocal_fairness_keeper]
   run 29 done in 7.7 min

   run 30/30 on 2019 Honda Accord Sport 1.5T  seed=21162449
      R 1  buy $ 11,859.38   sel     $18,499.00   [strat=opponent_aware_diagnostic] *
      R 2  buy $    301.54   sel     $17,999.00   [strat=opponent_aware_diagnostic]
      R 3  buy $ 14,123.34   sel     $16,499.00   [strat=opponent_aware_diagnostic]
      R 4  buy $  8,201.96   sel     $15,999.00   [strat=opponent_aware_diagnostic]
      R 5  buy $  3,663.77   sel     $15,499.00   [strat=opponent_aware_diagnostic]
      R 6  buy $  9,728.66   sel     $14,999.00   [strat=market_expert_value_justifier] *
      R 7  buy $    955.46   sel     $14,899.00   [strat=market_expert_value_justifier]
      R 8  buy $    349.61   sel     $14,850.00   [strat=market_expert_value_justifier]
      R 9  buy $  6,131.58   sel     $14,750.00   [strat=market_expert_value_justifier]
      R10  buy $ 14,449.01   sel     $14,500.00   [strat=market_expert_value_justifier]
      R11  buy $ 10,496.56   sel     $14,400.00   [strat=market_expert_value_justifier]
      R12  buy $ 10,020.02   sel     $14,300.00   [strat=reciprocal_fairness_keeper] *
      R13  buy $    615.50   sel     $14,250.00   [strat=reciprocal_fairness_keeper]
      R14  buy $ 13,498.74   sel     $14,200.00   [strat=reciprocal_fairness_keeper]
      R15  buy $  3,077.75   sel     $14,150.00   [strat=reciprocal_fairness_keeper]
      R16  buy $  5,368.50   sel     $14,100.00   [strat=reciprocal_fairness_keeper]
   run 30 done in 7.8 min

   ---> checkpoint: car 3/5 done in 217.0 min; total so far 645.0 min; saved 90 runs to exp09_transitionB_rep1.json

--- CAR 4/5: 2022 Toyota RAV4 XLE AWD  (M=$32,000.00  cost=$20,800.00  cost/M=65.00%) ---

   run 1/30 on 2022 Toyota RAV4 XLE AWD  seed=21163420
      R 1  buy $ 26,167.79   sel     $30,995.00   [strat=opponent_aware_diagnostic] *
      R 2  buy $ 12,059.34   sel     $30,250.00   [strat=opponent_aware_diagnostic]
      R 3  buy $  3,735.72   sel     $29,500.00   [strat=opponent_aware_diagnostic]
      R 4  buy $  1,745.28   sel     $28,900.00   [strat=opponent_aware_diagnostic]
      R 5  buy $  3,053.99   sel     $28,900.00   [strat=opponent_aware_diagnostic]
      R 6  buy $ 21,777.73   sel     $28,500.00   [strat=market_expert_value_justifier] *
      R 7  buy $ 14,901.68   sel     $27,900.00   [strat=market_expert_value_justifier]
      R 8  buy $ 21,504.30   sel     $26,500.00   [strat=market_expert_value_justifier]
      R 9  buy $  6,826.87   sel     $25,900.00   [strat=market_expert_value_justifier]
      R10  buy $  1,082.30   sel     $25,500.00   [strat=market_expert_value_justifier]
      R11  buy $  9,450.94   sel     $25,250.00   [strat=market_expert_value_justifier]
      R12  buy $  6,217.93   sel     $24,900.00   [strat=reciprocal_fairness_keeper] *
      R13  buy $  1,119.78   sel     $24,500.00   [strat=reciprocal_fairness_keeper]
      R14  buy $ 20,095.29   sel     $23,500.00   [strat=reciprocal_fairness_keeper]
      R15  buy $  7,773.48   sel     $23,000.00   [strat=reciprocal_fairness_keeper]
      R16  buy $    924.26   sel     $22,500.00   [strat=reciprocal_fairness_keeper]
   run 1 done in 7.7 min

   run 2/30 on 2022 Toyota RAV4 XLE AWD  seed=21163421
      R 1  buy $ 17,312.65   sel     $30,995.00   [strat=opponent_aware_diagnostic] *
      R 2  buy $ 21,547.86   sel     $29,995.00   [strat=opponent_aware_diagnostic]
      R 3  buy $ 24,497.34   sel     $28,995.00   [strat=opponent_aware_diagnostic]
      R 4  buy $  2,964.85   sel     $28,995.00   [strat=opponent_aware_diagnostic]
      R 5  buy $ 12,797.43   sel     $28,995.00   [strat=opponent_aware_diagnostic]
      R 6  buy $ 19,467.09   sel     $27,995.00   [strat=market_expert_value_justifier] *
      R 7  buy $ 11,850.16   sel     $26,995.00   [strat=market_expert_value_justifier]
      R 8  buy $  2,945.48   sel     $26,995.00   [strat=market_expert_value_justifier]
      R 9  buy $ 13,783.69   sel     $25,995.00   [strat=market_expert_value_justifier]
      R10  buy $    655.32   sel     $24,995.00   [strat=market_expert_value_justifier]
      R11  buy $ 20,308.74   sel     $24,995.00   [strat=market_expert_value_justifier]
      R12  buy $ 24,329.86   sel     $24,650.00   [strat=reciprocal_fairness_keeper] *
      R13  buy $ 15,159.09   sel     $24,500.00   [strat=reciprocal_fairness_keeper]
      R14  buy $  4,581.12   sel     $24,500.00   [strat=reciprocal_fairness_keeper]
      R15  buy $  3,265.03   sel     $24,500.00   [strat=reciprocal_fairness_keeper]
      R16  buy $ 16,762.59   sel     $24,300.00   [strat=reciprocal_fairness_keeper]
   run 2 done in 9.4 min

   run 3/30 on 2022 Toyota RAV4 XLE AWD  seed=21163422
      R 1  buy $  6,740.01   sel     $29,000.00   [strat=opponent_aware_diagnostic] *
      R 2  buy $ 21,825.09   sel     $28,500.00   [strat=opponent_aware_diagnostic]
      R 3  buy $ 18,530.90   sel     $27,800.00   [strat=opponent_aware_diagnostic]
      R 4  buy $  4,705.72   sel     $27,500.00   [strat=opponent_aware_diagnostic]
      R 5  buy $ 20,325.52   sel     $26,500.00   [strat=opponent_aware_diagnostic]
      R 6  buy $ 22,344.33   sel     $25,500.00   [strat=market_expert_value_justifier] *
      R 7  buy $ 13,404.98   sel     $24,500.00   [strat=market_expert_value_justifier]
      R 8  buy $ 24,378.53   sel     $24,450.00   [strat=market_expert_value_justifier]
      R 9  buy $ 15,340.29   sel     $24,000.00   [strat=market_expert_value_justifier]
      R10  buy $  2,073.23   sel     $23,500.00   [strat=market_expert_value_justifier]
      R11  buy $  2,117.51   sel     $23,500.00   [strat=market_expert_value_justifier]
      R12  buy $  9,034.59   sel     $23,500.00   [strat=reciprocal_fairness_keeper] *
      R13  buy $ 14,077.77   sel     $23,000.00   [strat=reciprocal_fairness_keeper]
      R14  buy $  5,514.35   sel     $23,000.00   [strat=reciprocal_fairness_keeper]
      R15  buy $ 11,914.45   sel     $22,500.00   [strat=reciprocal_fairness_keeper]
      R16  buy $  9,846.65   sel     $22,000.00   [strat=reciprocal_fairness_keeper]
   run 3 done in 7.3 min

   run 4/30 on 2022 Toyota RAV4 XLE AWD  seed=21163423
      R 1  buy $  5,702.05   sel     $31,500.00   [strat=opponent_aware_diagnostic] *
      R 2  buy $ 29,422.69   sel     PARSE-FAIL   [strat=opponent_aware_diagnostic]
      R 3  buy $ 12,890.95   sel     $30,500.00   [strat=opponent_aware_diagnostic]
      R 4  buy $ 21,512.06   sel     $28,000.00   [strat=opponent_aware_diagnostic]
      R 5  buy $ 19,814.72   sel     $26,500.00   [strat=opponent_aware_diagnostic]
      R 6  buy $  2,709.16   sel     $25,000.00   [strat=market_expert_value_justifier] *
      R 7  buy $ 12,098.32   sel     $24,000.00   [strat=market_expert_value_justifier]
      R 8  buy $ 14,904.27   sel     $23,500.00   [strat=market_expert_value_justifier]
      R 9  buy $  8,334.91   sel     $23,500.00   [strat=market_expert_value_justifier]
      R10  buy $    279.11   sel     $23,500.00   [strat=market_expert_value_justifier]
      R11  buy $ 21,443.11   sel     $22,000.00   [strat=market_expert_value_justifier]
      R12  buy $ 11,655.22   sel     $22,000.00   [strat=reciprocal_fairness_keeper] *
      R13  buy $  1,754.63   sel     $22,000.00   [strat=reciprocal_fairness_keeper]
      R14  buy $     28.77   sel     $22,000.00   [strat=reciprocal_fairness_keeper]
      R15  buy $ 19,173.27   sel     $21,000.00   [strat=reciprocal_fairness_keeper]
      R16  buy $ 20,193.80   sel     $20,900.00   [strat=reciprocal_fairness_keeper]
   run 4 done in 7.0 min

   run 5/30 on 2022 Toyota RAV4 XLE AWD  seed=21163424
      R 1  buy $ 18,107.81   sel     $29,995.00   [strat=opponent_aware_diagnostic] *
      R 2  buy $  2,064.16   sel     $29,995.00   [strat=opponent_aware_diagnostic]
      R 3  buy $    161.81   sel     $29,500.00   [strat=opponent_aware_diagnostic]
      R 4  buy $  1,296.26   sel     $28,900.00   [strat=opponent_aware_diagnostic]
      R 5  buy $    361.21   sel     $27,500.00   [strat=opponent_aware_diagnostic]
      R 6  buy $  5,850.51   sel     $26,500.00   [strat=market_expert_value_justifier] *
      R 7  buy $ 15,289.29   sel     $24,900.00   [strat=market_expert_value_justifier]
      R 8  buy $  6,252.72   sel     $24,500.00   [strat=market_expert_value_justifier]
      R 9  buy $ 15,888.67   sel     $23,900.00   [strat=market_expert_value_justifier]
      R10  buy $  1,029.83   sel     $23,500.00   [strat=market_expert_value_justifier]
      R11  buy $ 12,842.52   sel     $23,200.00   [strat=market_expert_value_justifier]
      R12  buy $ 19,815.83   sel     $22,000.00   [strat=reciprocal_fairness_keeper] *
      R13  buy $ 17,086.34   sel     $21,500.00   [strat=reciprocal_fairness_keeper]
      R14  buy $  4,685.79   sel     $21,000.00   [strat=reciprocal_fairness_keeper]
      R15  buy $ 13,023.33   sel     $20,500.00   [strat=reciprocal_fairness_keeper]
      R16  buy $     11.05   sel     $21,000.00   [strat=reciprocal_fairness_keeper]
   run 5 done in 6.5 min

   run 6/30 on 2022 Toyota RAV4 XLE AWD  seed=21163425
      R 1  buy $  9,876.41   sel     $30,995.00   [strat=opponent_aware_diagnostic] *
      R 2  buy $ 23,369.89   sel     $28,500.00   [strat=opponent_aware_diagnostic]
      R 3  buy $  4,139.41   sel     $27,995.00   [strat=opponent_aware_diagnostic]
      R 4  buy $ 12,665.12   sel     $26,500.00   [strat=opponent_aware_diagnostic]
      R 5  buy $  7,382.37   sel     $25,900.00   [strat=opponent_aware_diagnostic]
      R 6  buy $ 16,085.15   sel     $24,999.00   [strat=market_expert_value_justifier] *
      R 7  buy $ 22,375.33   sel     $24,500.00   [strat=market_expert_value_justifier]
      R 8  buy $ 18,091.59   sel     $24,000.00   [strat=market_expert_value_justifier]
      R 9  buy $  2,451.30   sel     $24,999.00   [strat=market_expert_value_justifier]
      R10  buy $ 24,721.59   sel     $24,721.59   [strat=market_expert_value_justifier]
      R11  buy $ 12,735.21   sel     $24,721.59   [strat=market_expert_value_justifier]
      R12  buy $  1,014.50   sel     $24,721.59   [strat=reciprocal_fairness_keeper] *
      R13  buy $ 17,640.62   sel     $24,500.00   [strat=reciprocal_fairness_keeper]
      R14  buy $  7,508.43   sel     $24,000.00   [strat=reciprocal_fairness_keeper]
      R15  buy $ 21,838.46   sel     $23,500.00   [strat=reciprocal_fairness_keeper]
      R16  buy $ 23,050.65   sel     $23,050.65   [strat=reciprocal_fairness_keeper]
   run 6 done in 6.9 min

   run 7/30 on 2022 Toyota RAV4 XLE AWD  seed=21163426
      R 1  buy $ 26,902.28   sel     $31,500.00   [strat=opponent_aware_diagnostic] *
      R 2  buy $ 14,574.13   sel     $31,500.00   [strat=opponent_aware_diagnostic]
      R 3  buy $ 20,498.22   sel     $30,000.00   [strat=opponent_aware_diagnostic]
      R 4  buy $ 18,542.07   sel     $29,500.00   [strat=opponent_aware_diagnostic]
      R 5  buy $ 28,456.15   sel     $28,900.00   [strat=opponent_aware_diagnostic]
      R 6  buy $ 19,176.63   sel     $28,800.00   [strat=market_expert_value_justifier] *
      R 7  buy $ 11,276.64   sel     $28,600.00   [strat=market_expert_value_justifier]
      R 8  buy $ 22,082.47   sel     $28,400.00   [strat=market_expert_value_justifier]
      R 9  buy $  4,522.96   sel     $28,400.00   [strat=market_expert_value_justifier]
      R10  buy $  5,170.97   sel     $28,400.00   [strat=market_expert_value_justifier]
      R11  buy $  1,388.79   sel     $28,400.00   [strat=market_expert_value_justifier]
      R12  buy $ 23,445.99   sel     $27,000.00   [strat=reciprocal_fairness_keeper] *
      R13  buy $  1,793.95   sel     $27,000.00   [strat=reciprocal_fairness_keeper]
      R14  buy $  7,452.28   sel     $25,000.00   [strat=reciprocal_fairness_keeper]
      R15  buy $  8,605.86   sel     $25,000.00   [strat=reciprocal_fairness_keeper]
      R16  buy $  2,913.96   sel     $25,000.00   [strat=reciprocal_fairness_keeper]
   run 7 done in 8.5 min

   run 8/30 on 2022 Toyota RAV4 XLE AWD  seed=21163427
      R 1  buy $ 22,799.72   sel     $30,995.00   [strat=opponent_aware_diagnostic] *
      R 2  buy $ 19,828.07   sel     $27,995.00   [strat=opponent_aware_diagnostic]
      R 3  buy $  1,625.60   sel     $27,500.00   [strat=opponent_aware_diagnostic]
      R 4  buy $ 21,486.06   sel     $25,995.00   [strat=opponent_aware_diagnostic]
      R 5  buy $  3,785.23   sel     $25,995.00   [strat=opponent_aware_diagnostic]
      R 6  buy $  9,266.59   sel     $25,500.00   [strat=market_expert_value_justifier] *
      R 7  buy $  9,344.67   sel     $25,250.00   [strat=market_expert_value_justifier]
      R 8  buy $  8,925.91   sel     $24,995.00   [strat=market_expert_value_justifier]
      R 9  buy $    507.44   sel     $24,500.00   [strat=market_expert_value_justifier]
      R10  buy $  2,206.05   sel     $24,000.00   [strat=market_expert_value_justifier]
      R11  buy $  5,598.44   sel     $23,500.00   [strat=market_expert_value_justifier]
      R12  buy $ 10,952.73   sel     $22,500.00   [strat=reciprocal_fairness_keeper] *
      R13  buy $    595.81   sel     $22,000.00   [strat=reciprocal_fairness_keeper]
      R14  buy $ 15,980.42   sel     $21,500.00   [strat=reciprocal_fairness_keeper]
      R15  buy $ 10,620.91   sel     $21,000.00   [strat=reciprocal_fairness_keeper]
      R16  buy $ 12,591.65   sel     $20,500.00   [strat=reciprocal_fairness_keeper]
   run 8 done in 7.3 min

   run 9/30 on 2022 Toyota RAV4 XLE AWD  seed=21163428
      R 1  buy $ 14,427.55   sel     $29,500.00   [strat=opponent_aware_diagnostic] *
      R 2  buy $ 26,939.54   sel     $28,900.00   [strat=opponent_aware_diagnostic]
      R 3  buy $ 10,914.72   sel     $28,500.00   [strat=opponent_aware_diagnostic]
      R 4  buy $  2,944.04   sel     $28,000.00   [strat=opponent_aware_diagnostic]
      R 5  buy $ 13,431.49   sel     $26,500.00   [strat=opponent_aware_diagnostic]
      R 6  buy $ 24,408.28   sel     $25,500.00   [strat=market_expert_value_justifier] *
      R 7  buy $  5,449.34   sel     $25,000.00   [strat=market_expert_value_justifier]
      R 8  buy $ 16,845.11   sel     $24,500.00   [strat=market_expert_value_justifier]
      R 9  buy $  6,478.81   sel     $23,900.00   [strat=market_expert_value_justifier]
      R10  buy $ 22,287.48   sel     $23,500.00   [strat=market_expert_value_justifier]
      R11  buy $  3,943.08   sel     $23,000.00   [strat=market_expert_value_justifier]
      R12  buy $  8,385.01   sel     $22,900.00   [strat=reciprocal_fairness_keeper] *
      R13  buy $ 19,118.00   sel     $22,500.00   [strat=reciprocal_fairness_keeper]
      R14  buy $  6,756.13   sel     $22,000.00   [strat=reciprocal_fairness_keeper]
      R15  buy $ 15,702.45   sel     $21,800.00   [strat=reciprocal_fairness_keeper]
      R16  buy $ 14,954.89   sel     $21,500.00   [strat=reciprocal_fairness_keeper]
   run 9 done in 7.2 min

   run 10/30 on 2022 Toyota RAV4 XLE AWD  seed=21163429
      R 1  buy $ 22,847.37   sel     $30,995.00   [strat=opponent_aware_diagnostic] *
      R 2  buy $ 22,665.97   sel     $30,595.00   [strat=opponent_aware_diagnostic]
      R 3  buy $ 13,552.89   sel     $30,295.00   [strat=opponent_aware_diagnostic]
      R 4  buy $  1,428.09   sel     $30,495.00   [strat=opponent_aware_diagnostic]
      R 5  buy $ 21,537.17   sel     $29,995.00   [strat=opponent_aware_diagnostic]
      R 6  buy $  1,114.64   sel     $29,795.00   [strat=market_expert_value_justifier] *
      R 7  buy $  7,401.60   sel     $29,595.00   [strat=market_expert_value_justifier]
      R 8  buy $  3,663.64   sel     $29,395.00   [strat=market_expert_value_justifier]
      R 9  buy $  1,724.59   sel     $29,195.00   [strat=market_expert_value_justifier]
      R10  buy $ 13,654.88   sel     $28,995.00   [strat=market_expert_value_justifier]
      R11  buy $  4,100.14   sel     $28,795.00   [strat=market_expert_value_justifier]
      R12  buy $    785.55   sel     $28,495.00   [strat=reciprocal_fairness_keeper] *
      R13  buy $ 11,709.74   sel     $27,995.00   [strat=reciprocal_fairness_keeper]
      R14  buy $ 17,315.63   sel     $27,495.00   [strat=reciprocal_fairness_keeper]
      R15  buy $  8,033.79   sel     $26,995.00   [strat=reciprocal_fairness_keeper]
      R16  buy $  3,438.30   sel     $26,795.00   [strat=reciprocal_fairness_keeper]
   run 10 done in 7.0 min

   run 11/30 on 2022 Toyota RAV4 XLE AWD  seed=21163430
      R 1  buy $  5,913.79   sel     $31,500.00   [strat=opponent_aware_diagnostic] *
      R 2  buy $ 31,321.74   sel     $31,321.74   [strat=opponent_aware_diagnostic]
      R 3  buy $ 11,084.17   sel     $31,321.74   [strat=opponent_aware_diagnostic]
      R 4  buy $  4,900.82   sel     $31,321.74   [strat=opponent_aware_diagnostic]
      R 5  buy $ 13,696.53   sel     $31,321.74   [strat=opponent_aware_diagnostic]
      R 6  buy $ 22,084.58   sel     $30,000.00   [strat=market_expert_value_justifier] *
      R 7  buy $ 29,752.32   sel     $29,752.32   [strat=market_expert_value_justifier]
      R 8  buy $ 18,602.50   sel     $29,500.00   [strat=market_expert_value_justifier]
      R 9  buy $  5,158.22   sel     $29,500.00   [strat=market_expert_value_justifier]
      R10  buy $ 12,662.10   sel     $28,500.00   [strat=market_expert_value_justifier]
      R11  buy $ 16,280.80   sel     $27,500.00   [strat=market_expert_value_justifier]
      R12  buy $ 26,313.02   sel     $26,800.00   [strat=reciprocal_fairness_keeper] *
      R13  buy $ 13,054.97   sel     $26,000.00   [strat=reciprocal_fairness_keeper]
      R14  buy $ 23,151.22   sel     $24,800.00   [strat=reciprocal_fairness_keeper]
      R15  buy $ 16,423.34   sel     $24,500.00   [strat=reciprocal_fairness_keeper]
      R16  buy $  5,374.26   sel     $24,500.00   [strat=reciprocal_fairness_keeper]
   run 11 done in 7.1 min

   run 12/30 on 2022 Toyota RAV4 XLE AWD  seed=21163431
      R 1  buy $ 31,828.42   sel     $31,900.00   [strat=opponent_aware_diagnostic] *
      R 2  buy $ 12,403.80   sel     $31,900.00   [strat=opponent_aware_diagnostic]
      R 3  buy $ 30,547.44   sel     $31,400.00   [strat=opponent_aware_diagnostic]
      R 4  buy $ 29,402.00   sel     $30,900.00   [strat=opponent_aware_diagnostic]
      R 5  buy $  1,670.37   sel     $30,500.00   [strat=opponent_aware_diagnostic]
      R 6  buy $ 25,776.83   sel     $29,500.00   [strat=market_expert_value_justifier] *
      R 7  buy $ 20,475.48   sel     $28,500.00   [strat=market_expert_value_justifier]
      R 8  buy $ 20,940.55   sel     $27,900.00   [strat=market_expert_value_justifier]
      R 9  buy $ 16,961.68   sel     $27,500.00   [strat=market_expert_value_justifier]
      R10  buy $ 23,347.88   sel     $26,500.00   [strat=market_expert_value_justifier]
      R11  buy $  7,056.33   sel     $26,000.00   [strat=market_expert_value_justifier]
      R12  buy $ 20,102.94   sel     $25,500.00   [strat=reciprocal_fairness_keeper] *
      R13  buy $  4,291.39   sel     $26,500.00   [strat=reciprocal_fairness_keeper]
      R14  buy $ 23,579.59   sel     $25,000.00   [strat=reciprocal_fairness_keeper]
      R15  buy $ 13,267.11   sel     $24,500.00   [strat=reciprocal_fairness_keeper]
      R16  buy $ 12,982.12   sel     $24,500.00   [strat=reciprocal_fairness_keeper]
   run 12 done in 6.5 min

   run 13/30 on 2022 Toyota RAV4 XLE AWD  seed=21163432
      R 1  buy $ 26,027.27   sel     $30,995.00   [strat=opponent_aware_diagnostic] *
      R 2  buy $ 13,018.94   sel     $30,500.00   [strat=opponent_aware_diagnostic]
      R 3  buy $  9,461.17   sel     $30,000.00   [strat=opponent_aware_diagnostic]
      R 4  buy $ 15,628.38   sel     $29,750.00   [strat=opponent_aware_diagnostic]
      R 5  buy $ 27,099.21   sel     $29,000.00   [strat=opponent_aware_diagnostic]
      R 6  buy $    142.58   sel     $28,750.00   [strat=market_expert_value_justifier] *
      R 7  buy $ 26,433.94   sel     $28,000.00   [strat=market_expert_value_justifier]
      R 8  buy $ 17,271.74   sel     $27,750.00   [strat=market_expert_value_justifier]
      R 9  buy $ 11,273.57   sel     $27,500.00   [strat=market_expert_value_justifier]
      R10  buy $ 21,371.65   sel     $27,000.00   [strat=market_expert_value_justifier]
      R11  buy $ 14,473.98   sel     $26,750.00   [strat=market_expert_value_justifier]
      R12  buy $ 21,320.53   sel     $26,500.00   [strat=reciprocal_fairness_keeper] *
      R13  buy $ 20,403.81   sel     $26,250.00   [strat=reciprocal_fairness_keeper]
      R14  buy $  6,766.99   sel     $26,000.00   [strat=reciprocal_fairness_keeper]
      R15  buy $ 14,113.26   sel     $25,750.00   [strat=reciprocal_fairness_keeper]
      R16  buy $ 15,428.22   sel     $25,500.00   [strat=reciprocal_fairness_keeper]
   run 13 done in 6.9 min

   run 14/30 on 2022 Toyota RAV4 XLE AWD  seed=21163433
      R 1  buy $ 17,263.67   sel     $28,500.00   [strat=opponent_aware_diagnostic] *
      R 2  buy $    323.51   sel     $28,500.00   [strat=opponent_aware_diagnostic]
      R 3  buy $ 28,124.00   sel     $28,312.00   [strat=opponent_aware_diagnostic]
      R 4  buy $ 28,037.19   sel     $28,174.60   [strat=opponent_aware_diagnostic]
      R 5  buy $  9,740.86   sel     $28,174.60   [strat=opponent_aware_diagnostic]
      R 6  buy $ 24,594.13   sel     $27,900.00   [strat=market_expert_value_justifier] *
      R 7  buy $ 16,237.40   sel     $27,500.00   [strat=market_expert_value_justifier]
      R 8  buy $    263.46   sel     $27,250.00   [strat=market_expert_value_justifier]
      R 9  buy $ 16,441.54   sel     $26,500.00   [strat=market_expert_value_justifier]
      R10  buy $ 25,882.91   sel     $26,191.00   [strat=market_expert_value_justifier]
      R11  buy $  6,256.84   sel     $26,191.00   [strat=market_expert_value_justifier]
      R12  buy $ 15,653.78   sel     $26,191.00   [strat=reciprocal_fairness_keeper] *
      R13  buy $ 25,960.83   sel     $26,076.00   [strat=reciprocal_fairness_keeper]
      R14  buy $ 18,892.83   sel     $26,000.00   [strat=reciprocal_fairness_keeper]
      R15  buy $ 22,680.08   sel     $25,500.00   [strat=reciprocal_fairness_keeper]
      R16  buy $  8,203.86   sel     $25,500.00   [strat=reciprocal_fairness_keeper]
   run 14 done in 6.0 min

   run 15/30 on 2022 Toyota RAV4 XLE AWD  seed=21163434
      R 1  buy $ 25,147.84   sel     $29,995.00   [strat=opponent_aware_diagnostic] *
      R 2  buy $ 14,860.00   sel     $29,995.00   [strat=opponent_aware_diagnostic]
      R 3  buy $ 11,787.81   sel     $29,500.00   [strat=opponent_aware_diagnostic]
      R 4  buy $ 18,642.79   sel     $29,000.00   [strat=opponent_aware_diagnostic]
      R 5  buy $ 13,103.86   sel     $28,500.00   [strat=opponent_aware_diagnostic]
      R 6  buy $ 11,893.32   sel     $28,000.00   [strat=market_expert_value_justifier] *
      R 7  buy $  7,126.06   sel     $27,500.00   [strat=market_expert_value_justifier]
      R 8  buy $ 22,830.86   sel     $26,500.00   [strat=market_expert_value_justifier]
      R 9  buy $  7,136.92   sel     $26,000.00   [strat=market_expert_value_justifier]
      R10  buy $ 15,474.59   sel     $25,500.00   [strat=market_expert_value_justifier]
      R11  buy $  1,828.86   sel     $25,000.00   [strat=market_expert_value_justifier]
      R12  buy $ 14,432.15   sel     $24,500.00   [strat=reciprocal_fairness_keeper] *
      R13  buy $  4,316.69   sel     $24,000.00   [strat=reciprocal_fairness_keeper]
      R14  buy $ 12,105.08   sel     $24,500.00   [strat=reciprocal_fairness_keeper]
      R15  buy $ 11,622.69   sel     $23,500.00   [strat=reciprocal_fairness_keeper]
      R16  buy $ 17,827.11   sel     $23,000.00   [strat=reciprocal_fairness_keeper]
   run 15 done in 8.2 min

   run 16/30 on 2022 Toyota RAV4 XLE AWD  seed=21163435
      R 1  buy $ 20,579.03   sel     $28,500.00   [strat=opponent_aware_diagnostic] *
      R 2  buy $  2,952.89   sel     $27,900.00   [strat=opponent_aware_diagnostic]
      R 3  buy $  2,624.68   sel     $27,500.00   [strat=opponent_aware_diagnostic]
      R 4  buy $  1,387.81   sel     $23,900.00   [strat=opponent_aware_diagnostic]
      R 5  buy $ 20,684.88   sel     $22,250.00   [strat=opponent_aware_diagnostic]
      R 6  buy $ 16,722.48   sel     $21,750.00   [strat=market_expert_value_justifier] *
      R 7  buy $ 13,742.42   sel     $21,250.00   [strat=market_expert_value_justifier]
      R 8  buy $  7,690.45   sel     $20,900.00   [strat=market_expert_value_justifier]
      R 9  buy $  9,331.24   sel     $20,850.00   [strat=market_expert_value_justifier]
      R10  buy $  6,257.20   sel     $20,800.00   [strat=market_expert_value_justifier]
      R11  buy $  9,552.90   sel     $20,800.00   [strat=market_expert_value_justifier]
      R12  buy $  6,596.94   sel     $20,800.00   [strat=reciprocal_fairness_keeper] *
      R13  buy $  9,269.11   sel     $20,800.00   [strat=reciprocal_fairness_keeper]
      R14  buy $  3,428.32   sel     $20,750.00   [strat=reciprocal_fairness_keeper]
      R15  buy $  3,751.58   sel     $20,800.00   [strat=reciprocal_fairness_keeper]
      R16  buy $ 20,466.29   sel     $20,700.00   [strat=reciprocal_fairness_keeper]
   run 16 done in 6.5 min

   run 17/30 on 2022 Toyota RAV4 XLE AWD  seed=21163436
      R 1  buy $ 24,730.47   sel     $30,500.00   [strat=opponent_aware_diagnostic] *
      R 2  buy $  6,157.99   sel     $30,500.00   [strat=opponent_aware_diagnostic]
      R 3  buy $  1,439.04   sel     $30,500.00   [strat=opponent_aware_diagnostic]
      R 4  buy $ 12,248.16   sel     $29,900.00   [strat=opponent_aware_diagnostic]
      R 5  buy $ 22,007.17   sel     $28,500.00   [strat=opponent_aware_diagnostic]
      R 6  buy $ 10,210.52   sel     $27,900.00   [strat=market_expert_value_justifier] *
      R 7  buy $  4,654.82   sel     $27,900.00   [strat=market_expert_value_justifier]
      R 8  buy $  7,441.57   sel     $27,500.00   [strat=market_expert_value_justifier]
      R 9  buy $ 26,502.92   sel     $27,000.00   [strat=market_expert_value_justifier]
      R10  buy $ 10,156.11   sel     $27,000.00   [strat=market_expert_value_justifier]
      R11  buy $ 20,667.45   sel     $26,500.00   [strat=market_expert_value_justifier]
      R12  buy $ 20,115.02   sel     $25,900.00   [strat=reciprocal_fairness_keeper] *
      R13  buy $ 22,995.28   sel     $25,000.00   [strat=reciprocal_fairness_keeper]
      R14  buy $ 21,343.67   sel     $24,000.00   [strat=reciprocal_fairness_keeper]
      R15  buy $ 21,743.18   sel     $23,500.00   [strat=reciprocal_fairness_keeper]
      R16  buy $ 11,367.58   sel     $23,000.00   [strat=reciprocal_fairness_keeper]
   run 17 done in 6.8 min

   run 18/30 on 2022 Toyota RAV4 XLE AWD  seed=21163437
      R 1  buy $  2,269.68   sel     $31,500.00   [strat=opponent_aware_diagnostic] *
      R 2  buy $ 28,982.66   sel     $30,500.00   [strat=opponent_aware_diagnostic]
      R 3  buy $  9,578.12   sel     $30,000.00   [strat=opponent_aware_diagnostic]
      R 4  buy $ 23,959.99   sel     $27,500.00   [strat=opponent_aware_diagnostic]
      R 5  buy $  8,002.80   sel     $27,500.00   [strat=opponent_aware_diagnostic]
      R 6  buy $ 20,350.92   sel     $26,500.00   [strat=market_expert_value_justifier] *
      R 7  buy $ 13,595.55   sel     $25,500.00   [strat=market_expert_value_justifier]
      R 8  buy $  2,359.96   sel     $25,500.00   [strat=market_expert_value_justifier]
      R 9  buy $ 21,834.47   sel     $24,500.00   [strat=market_expert_value_justifier]
      R10  buy $ 19,956.49   sel     $24,000.00   [strat=market_expert_value_justifier]
      R11  buy $ 23,769.96   sel     $23,769.96   [strat=market_expert_value_justifier]
      R12  buy $ 18,963.77   sel     $23,500.00   [strat=reciprocal_fairness_keeper] *
      R13  buy $ 15,475.00   sel     $23,500.00   [strat=reciprocal_fairness_keeper]
      R14  buy $ 21,934.33   sel     $23,000.00   [strat=reciprocal_fairness_keeper]
      R15  buy $ 19,296.80   sel     $22,500.00   [strat=reciprocal_fairness_keeper]
      R16  buy $ 21,482.71   sel     $22,000.00   [strat=reciprocal_fairness_keeper]
   run 18 done in 7.1 min

   run 19/30 on 2022 Toyota RAV4 XLE AWD  seed=21163438
      R 1  buy $ 27,478.85   sel     $31,499.95   [strat=opponent_aware_diagnostic] *
      R 2  buy $ 28,975.62   sel     $30,999.95   [strat=opponent_aware_diagnostic]
      R 3  buy $ 21,412.80   sel     $30,499.95   [strat=opponent_aware_diagnostic]
      R 4  buy $  5,864.98   sel     $30,299.95   [strat=opponent_aware_diagnostic]
      R 5  buy $  2,099.70   sel     $30,099.95   [strat=opponent_aware_diagnostic]
      R 6  buy $ 13,845.34   sel     $29,999.95   [strat=market_expert_value_justifier] *
      R 7  buy $  1,014.93   sel     $29,899.95   [strat=market_expert_value_justifier]
      R 8  buy $ 26,979.94   sel     $29,599.95   [strat=market_expert_value_justifier]
      R 9  buy $ 22,338.52   sel     $29,499.95   [strat=market_expert_value_justifier]
      R10  buy $ 17,825.86   sel     $29,299.95   [strat=market_expert_value_justifier]
      R11  buy $ 11,361.24   sel     $29,199.95   [strat=market_expert_value_justifier]
      R12  buy $ 16,712.92   sel     $29,099.95   [strat=reciprocal_fairness_keeper] *
      R13  buy $  3,074.98   sel     $28,999.95   [strat=reciprocal_fairness_keeper]
      R14  buy $ 24,418.42   sel     $28,699.95   [strat=reciprocal_fairness_keeper]
      R15  buy $ 14,396.76   sel     $28,599.95   [strat=reciprocal_fairness_keeper]
      R16  buy $ 18,789.27   sel     $28,499.95   [strat=reciprocal_fairness_keeper]
   run 19 done in 8.0 min

   run 20/30 on 2022 Toyota RAV4 XLE AWD  seed=21163439
      R 1  buy $  7,368.33   sel     $31,500.00   [strat=opponent_aware_diagnostic] *
      R 2  buy $ 11,384.10   sel     $29,999.99   [strat=opponent_aware_diagnostic]
      R 3  buy $ 18,601.17   sel     $28,900.00   [strat=opponent_aware_diagnostic]
      R 4  buy $  2,125.10   sel     $28,900.00   [strat=opponent_aware_diagnostic]
      R 5  buy $  5,170.71   sel     PARSE-FAIL   [strat=opponent_aware_diagnostic]
      R 6  buy $ 19,936.25   sel     $28,500.00   [strat=market_expert_value_justifier] *
      R 7  buy $  4,698.85   sel     $28,500.00   [strat=market_expert_value_justifier]
      R 8  buy $ 16,016.93   sel     $28,500.00   [strat=market_expert_value_justifier]
      R 9  buy $  4,793.82   sel     $28,000.00   [strat=market_expert_value_justifier]
      R10  buy $  3,654.96   sel     $27,900.00   [strat=market_expert_value_justifier]
      R11  buy $  9,820.46   sel     $27,750.00   [strat=market_expert_value_justifier]
      R12  buy $  4,117.48   sel     $27,750.00   [strat=reciprocal_fairness_keeper] *
      R13  buy $ 20,819.85   sel     $27,500.00   [strat=reciprocal_fairness_keeper]
      R14  buy $  1,925.63   sel     $27,450.00   [strat=reciprocal_fairness_keeper]
      R15  buy $ 24,677.48   sel     $27,000.00   [strat=reciprocal_fairness_keeper]
      R16  buy $ 12,346.05   sel     $26,900.00   [strat=reciprocal_fairness_keeper]
   run 20 done in 6.5 min

   run 21/30 on 2022 Toyota RAV4 XLE AWD  seed=21163440
      R 1  buy $ 21,244.86   sel     $28,900.00   [strat=opponent_aware_diagnostic] *
      R 2  buy $  8,342.79   sel     $28,500.00   [strat=opponent_aware_diagnostic]
      R 3  buy $ 23,982.13   sel     $27,500.00   [strat=opponent_aware_diagnostic]
      R 4  buy $ 24,070.18   sel     $26,900.00   [strat=opponent_aware_diagnostic]
      R 5  buy $ 17,522.04   sel     $26,500.00   [strat=opponent_aware_diagnostic]
      R 6  buy $  2,136.66   sel     $26,500.00   [strat=market_expert_value_justifier] *
      R 7  buy $  3,547.96   sel     $26,500.00   [strat=market_expert_value_justifier]
      R 8  buy $ 23,699.02   sel     $25,000.00   [strat=market_expert_value_justifier]
      R 9  buy $ 10,725.77   sel     $24,500.00   [strat=market_expert_value_justifier]
      R10  buy $ 20,668.28   sel     $23,900.00   [strat=market_expert_value_justifier]
      R11  buy $ 20,634.18   sel     $23,500.00   [strat=market_expert_value_justifier]
      R12  buy $ 12,616.34   sel     $23,000.00   [strat=reciprocal_fairness_keeper] *
      R13  buy $ 12,188.95   sel     $23,000.00   [strat=reciprocal_fairness_keeper]
      R14  buy $  2,054.83   sel     $23,000.00   [strat=reciprocal_fairness_keeper]
      R15  buy $ 11,834.12   sel     $23,000.00   [strat=reciprocal_fairness_keeper]
      R16  buy $ 21,965.13   sel     $21,965.13   [strat=reciprocal_fairness_keeper]
   run 21 done in 8.8 min

   run 22/30 on 2022 Toyota RAV4 XLE AWD  seed=21163441
      R 1  buy $ 13,212.20   sel     $30,500.00   [strat=opponent_aware_diagnostic] *
      R 2  buy $ 24,032.33   sel     $29,500.00   [strat=opponent_aware_diagnostic]
      R 3  buy $ 12,794.35   sel     $28,500.00   [strat=opponent_aware_diagnostic]
      R 4  buy $  1,455.25   sel     $28,000.00   [strat=opponent_aware_diagnostic]
      R 5  buy $ 14,790.26   sel     $27,500.00   [strat=opponent_aware_diagnostic]
      R 6  buy $ 25,773.20   sel     $27,000.00   [strat=market_expert_value_justifier] *
      R 7  buy $  8,879.03   sel     $26,500.00   [strat=market_expert_value_justifier]
      R 8  buy $  4,475.27   sel     $26,000.00   [strat=market_expert_value_justifier]
      R 9  buy $ 24,401.26   sel     $25,000.00   [strat=market_expert_value_justifier]
      R10  buy $  4,405.57   sel     $25,000.00   [strat=market_expert_value_justifier]
      R11  buy $    973.14   sel     $24,500.00   [strat=market_expert_value_justifier]
      R12  buy $  8,669.16   sel     $24,400.00   [strat=reciprocal_fairness_keeper] *
      R13  buy $ 17,943.72   sel     $24,000.00   [strat=reciprocal_fairness_keeper]
      R14  buy $  5,332.86   sel     $24,000.00   [strat=reciprocal_fairness_keeper]
      R15  buy $ 11,654.64   sel     $24,000.00   [strat=reciprocal_fairness_keeper]
      R16  buy $  8,928.77   sel     $24,000.00   [strat=reciprocal_fairness_keeper]
   run 22 done in 8.6 min

   run 23/30 on 2022 Toyota RAV4 XLE AWD  seed=21163442
      R 1  buy $ 13,070.93   sel     $31,500.00   [strat=opponent_aware_diagnostic] *
      R 2  buy $ 14,401.58   sel     $30,500.00   [strat=opponent_aware_diagnostic]
      R 3  buy $  7,194.17   sel     $29,900.00   [strat=opponent_aware_diagnostic]
      R 4  buy $  3,675.82   sel     $29,500.00   [strat=opponent_aware_diagnostic]
      R 5  buy $ 21,507.07   sel     $26,000.00   [strat=opponent_aware_diagnostic]
      R 6  buy $ 16,309.10   sel     $25,500.00   [strat=market_expert_value_justifier] *
      R 7  buy $ 17,181.98   sel     $24,500.00   [strat=market_expert_value_justifier]
      R 8  buy $ 12,644.37   sel     $23,900.00   [strat=market_expert_value_justifier]
      R 9  buy $ 19,190.76   sel     $23,500.00   [strat=market_expert_value_justifier]
      R10  buy $  9,299.03   sel     $23,000.00   [strat=market_expert_value_justifier]
      R11  buy $  4,300.16   sel     $22,500.00   [strat=market_expert_value_justifier]
      R12  buy $ 21,515.16   sel     $21,515.16   [strat=reciprocal_fairness_keeper] *
      R13  buy $  6,831.61   sel     $22,500.00   [strat=reciprocal_fairness_keeper]
      R14  buy $  8,740.21   sel     $22,000.00   [strat=reciprocal_fairness_keeper]
      R15  buy $ 20,334.04   sel     $21,800.00   [strat=reciprocal_fairness_keeper]
      R16  buy $  3,712.28   sel     $21,800.00   [strat=reciprocal_fairness_keeper]
   run 23 done in 7.9 min

   run 24/30 on 2022 Toyota RAV4 XLE AWD  seed=21163443
      R 1  buy $ 25,894.08   sel     $30,500.00   [strat=opponent_aware_diagnostic] *
      R 2  buy $ 28,015.58   sel     $29,500.00   [strat=opponent_aware_diagnostic]
      R 3  buy $  5,460.14   sel     $28,800.00   [strat=opponent_aware_diagnostic]
      R 4  buy $ 24,676.63   sel     $28,800.00   [strat=opponent_aware_diagnostic]
      R 5  buy $  3,289.66   sel     $28,800.00   [strat=opponent_aware_diagnostic]
      R 6  buy $ 17,331.32   sel     $28,500.00   [strat=market_expert_value_justifier] *
      R 7  buy $ 20,008.94   sel     $28,300.00   [strat=market_expert_value_justifier]
      R 8  buy $ 15,596.29   sel     $28,000.00   [strat=market_expert_value_justifier]
      R 9  buy $ 27,840.41   sel     $27,840.41   [strat=market_expert_value_justifier]
      R10  buy $ 12,127.18   sel     $27,840.41   [strat=market_expert_value_justifier]
      R11  buy $ 24,067.96   sel     $27,400.00   [strat=market_expert_value_justifier]
      R12  buy $ 14,445.66   sel     $27,000.00   [strat=reciprocal_fairness_keeper] *
      R13  buy $  7,229.35   sel     $26,500.00   [strat=reciprocal_fairness_keeper]
      R14  buy $ 24,786.73   sel     $25,800.00   [strat=reciprocal_fairness_keeper]
      R15  buy $    839.23   sel     $25,500.00   [strat=reciprocal_fairness_keeper]
      R16  buy $  5,872.42   sel     $25,500.00   [strat=reciprocal_fairness_keeper]
   run 24 done in 8.7 min

   run 25/30 on 2022 Toyota RAV4 XLE AWD  seed=21163444
      R 1  buy $ 16,144.47   sel     $30,500.00   [strat=opponent_aware_diagnostic] *
      R 2  buy $ 19,929.85   sel     $28,500.00   [strat=opponent_aware_diagnostic]
      R 3  buy $ 22,105.21   sel     $27,900.00   [strat=opponent_aware_diagnostic]
      R 4  buy $ 11,449.39   sel     $27,900.00   [strat=opponent_aware_diagnostic]
      R 5  buy $ 16,980.45   sel     $27,500.00   [strat=opponent_aware_diagnostic]
      R 6  buy $ 15,416.64   sel     $27,000.00   [strat=market_expert_value_justifier] *
      R 7  buy $ 18,537.09   sel     $26,500.00   [strat=market_expert_value_justifier]
      R 8  buy $  3,419.57   sel     $26,000.00   [strat=market_expert_value_justifier]
      R 9  buy $ 23,892.19   sel     $25,500.00   [strat=market_expert_value_justifier]
      R10  buy $  5,483.97   sel     $25,000.00   [strat=market_expert_value_justifier]
      R11  buy $  9,231.30   sel     $25,000.00   [strat=market_expert_value_justifier]
      R12  buy $ 21,646.42   sel     $24,500.00   [strat=reciprocal_fairness_keeper] *
      R13  buy $ 11,716.61   sel     $24,000.00   [strat=reciprocal_fairness_keeper]
      R14  buy $  5,199.88   sel     $23,500.00   [strat=reciprocal_fairness_keeper]
      R15  buy $ 23,490.95   sel     $23,490.95   [strat=reciprocal_fairness_keeper]
      R16  buy $  2,475.73   sel     $24,000.00   [strat=reciprocal_fairness_keeper]
   run 25 done in 9.2 min

   run 26/30 on 2022 Toyota RAV4 XLE AWD  seed=21163445
      R 1  buy $ 20,121.19   sel     $31,500.00   [strat=opponent_aware_diagnostic] *
      R 2  buy $ 29,581.62   sel     $30,500.00   [strat=opponent_aware_diagnostic]
      R 3  buy $ 22,019.90   sel     $29,000.00   [strat=opponent_aware_diagnostic]
      R 4  buy $ 16,067.71   sel     $28,500.00   [strat=opponent_aware_diagnostic]
      R 5  buy $ 18,469.54   sel     $27,000.00   [strat=opponent_aware_diagnostic]
      R 6  buy $ 22,626.92   sel     $25,500.00   [strat=market_expert_value_justifier] *
      R 7  buy $ 11,627.22   sel     $24,000.00   [strat=market_expert_value_justifier]
      R 8  buy $ 14,409.55   sel     $23,000.00   [strat=market_expert_value_justifier]
      R 9  buy $ 16,420.15   sel     $22,000.00   [strat=market_expert_value_justifier]
      R10  buy $  1,216.30   sel     $21,500.00   [strat=market_expert_value_justifier]
      R11  buy $  3,390.92   sel     $21,000.00   [strat=market_expert_value_justifier]
      R12  buy $ 10,445.93   sel     $20,500.00   [strat=reciprocal_fairness_keeper] *
      R13  buy $ 12,548.14   sel     $21,000.00   [strat=reciprocal_fairness_keeper]
      R14  buy $  2,632.73   sel     $21,000.00   [strat=reciprocal_fairness_keeper]
      R15  buy $    132.52   sel     $20,800.00   [strat=reciprocal_fairness_keeper]
      R16  buy $ 14,993.11   sel     $20,900.00   [strat=reciprocal_fairness_keeper]
   run 26 done in 12.3 min

   run 27/30 on 2022 Toyota RAV4 XLE AWD  seed=21163446
      R 1  buy $ 12,627.85   sel     $30,995.00   [strat=opponent_aware_diagnostic] *
      R 2  buy $ 28,982.50   sel     $30,000.00   [strat=opponent_aware_diagnostic]
      R 3  buy $ 17,270.07   sel     $30,000.00   [strat=opponent_aware_diagnostic]
      R 4  buy $  7,497.33   sel     $29,500.00   [strat=opponent_aware_diagnostic]
      R 5  buy $  5,336.64   sel     $28,500.00   [strat=opponent_aware_diagnostic]
      R 6  buy $ 28,258.10   sel     $28,258.10   [strat=market_expert_value_justifier] *
      R 7  buy $  9,385.02   sel     $28,000.00   [strat=market_expert_value_justifier]
      R 8  buy $ 18,148.98   sel     $27,500.00   [strat=market_expert_value_justifier]
      R 9  buy $ 11,551.10   sel     $27,000.00   [strat=market_expert_value_justifier]
      R10  buy $ 21,345.33   sel     $26,500.00   [strat=market_expert_value_justifier]
      R11  buy $ 14,210.80   sel     $25,500.00   [strat=market_expert_value_justifier]
      R12  buy $ 12,237.76   sel     $24,500.00   [strat=reciprocal_fairness_keeper] *
      R13  buy $  6,939.43   sel     $24,500.00   [strat=reciprocal_fairness_keeper]
      R14  buy $ 10,318.07   sel     $24,000.00   [strat=reciprocal_fairness_keeper]
      R15  buy $    251.72   sel     $24,000.00   [strat=reciprocal_fairness_keeper]
      R16  buy $ 17,074.63   sel     $23,500.00   [strat=reciprocal_fairness_keeper]
   run 27 done in 8.5 min

   run 28/30 on 2022 Toyota RAV4 XLE AWD  seed=21163447
      R 1  buy $ 27,656.14   sel     $31,500.00   [strat=opponent_aware_diagnostic] *
      R 2  buy $  9,686.64   sel     $31,500.00   [strat=opponent_aware_diagnostic]
      R 3  buy $ 14,900.93   sel     $30,500.00   [strat=opponent_aware_diagnostic]
      R 4  buy $ 14,659.34   sel     $30,500.00   [strat=opponent_aware_diagnostic]
      R 5  buy $ 10,689.94   sel     $30,500.00   [strat=opponent_aware_diagnostic]
      R 6  buy $ 20,454.13   sel     $29,500.00   [strat=market_expert_value_justifier] *
      R 7  buy $ 16,097.42   sel     $28,500.00   [strat=market_expert_value_justifier]
      R 8  buy $  2,222.15   sel     $28,500.00   [strat=market_expert_value_justifier]
      R 9  buy $  4,313.03   sel     $28,500.00   [strat=market_expert_value_justifier]
      R10  buy $ 11,210.06   sel     $28,000.00   [strat=market_expert_value_justifier]
      R11  buy $ 19,646.63   sel     $27,500.00   [strat=market_expert_value_justifier]
      R12  buy $  1,514.05   sel     $27,000.00   [strat=reciprocal_fairness_keeper] *
      R13  buy $ 26,594.34   sel     $26,800.00   [strat=reciprocal_fairness_keeper]
      R14  buy $ 25,506.57   sel     $26,500.00   [strat=reciprocal_fairness_keeper]
      R15  buy $ 12,349.25   sel     $26,000.00   [strat=reciprocal_fairness_keeper]
      R16  buy $ 20,889.35   sel     $24,000.00   [strat=reciprocal_fairness_keeper]
   run 28 done in 8.9 min

   run 29/30 on 2022 Toyota RAV4 XLE AWD  seed=21163448
      R 1  buy $ 24,055.54   sel     $31,250.00   [strat=opponent_aware_diagnostic] *
      R 2  buy $ 25,855.83   sel     $30,500.00   [strat=opponent_aware_diagnostic]
      R 3  buy $ 18,199.07   sel     $29,750.00   [strat=opponent_aware_diagnostic]
      R 4  buy $ 17,076.25   sel     $29,750.00   [strat=opponent_aware_diagnostic]
      R 5  buy $ 11,151.49   sel     $29,500.00   [strat=opponent_aware_diagnostic]
      R 6  buy $ 11,488.29   sel     $28,500.00   [strat=market_expert_value_justifier] *
      R 7  buy $ 27,527.45   sel     $28,000.00   [strat=market_expert_value_justifier]
      R 8  buy $  8,806.81   sel     $28,000.00   [strat=market_expert_value_justifier]
      R 9  buy $  1,293.42   sel     $28,000.00   [strat=market_expert_value_justifier]
      R10  buy $ 26,457.14   sel     $27,750.00   [strat=market_expert_value_justifier]
      R11  buy $ 18,766.07   sel     $27,750.00   [strat=market_expert_value_justifier]
      R12  buy $  2,608.47   sel     $27,750.00   [strat=reciprocal_fairness_keeper] *
      R13  buy $ 22,929.96   sel     $27,250.00   [strat=reciprocal_fairness_keeper]
      R14  buy $  4,061.88   sel     $27,250.00   [strat=reciprocal_fairness_keeper]
      R15  buy $ 12,213.16   sel     $27,250.00   [strat=reciprocal_fairness_keeper]
      R16  buy $ 24,625.29   sel     $27,000.00   [strat=reciprocal_fairness_keeper]
   run 29 done in 8.7 min

   run 30/30 on 2022 Toyota RAV4 XLE AWD  seed=21163449
      R 1  buy $ 24,175.83   sel     $30,995.00   [strat=opponent_aware_diagnostic] *
      R 2  buy $ 13,383.59   sel     $29,995.00   [strat=opponent_aware_diagnostic]
      R 3  buy $  1,841.91   sel     $29,500.00   [strat=opponent_aware_diagnostic]
      R 4  buy $ 27,058.17   sel     $28,500.00   [strat=opponent_aware_diagnostic]
      R 5  buy $ 14,159.75   sel     $27,500.00   [strat=opponent_aware_diagnostic]
      R 6  buy $ 20,087.13   sel     $26,500.00   [strat=market_expert_value_justifier] *
      R 7  buy $ 15,359.24   sel     $25,500.00   [strat=market_expert_value_justifier]
      R 8  buy $ 17,504.59   sel     $25,500.00   [strat=market_expert_value_justifier]
      R 9  buy $  4,235.74   sel     $25,500.00   [strat=market_expert_value_justifier]
      R10  buy $ 23,673.53   sel     $25,500.00   [strat=market_expert_value_justifier]
      R11  buy $  1,694.26   sel     $25,500.00   [strat=market_expert_value_justifier]
      R12  buy $ 18,603.63   sel     $25,500.00   [strat=reciprocal_fairness_keeper] *
      R13  buy $ 21,392.06   sel     $25,500.00   [strat=reciprocal_fairness_keeper]
      R14  buy $ 22,216.51   sel     $25,000.00   [strat=reciprocal_fairness_keeper]
      R15  buy $  8,320.45   sel     $24,500.00   [strat=reciprocal_fairness_keeper]
      R16  buy $ 13,266.98   sel     $24,500.00   [strat=reciprocal_fairness_keeper]
   run 30 done in 6.9 min

   ---> checkpoint: car 4/5 done in 232.8 min; total so far 877.8 min; saved 120 runs to exp09_transitionB_rep1.json

--- CAR 5/5: 2023 Ford Mustang GT Premium  (M=$45,000.00  cost=$36,000.00  cost/M=80.00%) ---

   run 1/30 on 2023 Ford Mustang GT Premium  seed=21164420
      R 1  buy $  2,846.93   sel     $44,500.00   [strat=opponent_aware_diagnostic] *
      R 2  buy $ 42,556.21   sel     $43,750.00   [strat=opponent_aware_diagnostic]
      R 3  buy $ 32,202.56   sel     $43,250.00   [strat=opponent_aware_diagnostic]
      R 4  buy $  4,148.53   sel     $42,000.00   [strat=opponent_aware_diagnostic]
      R 5  buy $ 20,907.06   sel     $42,000.00   [strat=opponent_aware_diagnostic]
      R 6  buy $ 32,381.32   sel     $41,500.00   [strat=market_expert_value_justifier] *
      R 7  buy $ 30,049.35   sel     $40,500.00   [strat=market_expert_value_justifier]
      R 8  buy $ 20,482.60   sel     $39,900.00   [strat=market_expert_value_justifier]
      R 9  buy $ 27,311.59   sel     $39,900.00   [strat=market_expert_value_justifier]
      R10  buy $ 21,561.65   sel     $39,900.00   [strat=market_expert_value_justifier]
      R11  buy $ 25,244.80   sel     $39,900.00   [strat=market_expert_value_justifier]
      R12  buy $ 27,153.04   sel     $42,000.00   [strat=reciprocal_fairness_keeper] *
      R13  buy $ 30,828.56   sel     $42,000.00   [strat=reciprocal_fairness_keeper]
      R14  buy $ 25,553.87   sel     $42,000.00   [strat=reciprocal_fairness_keeper]
      R15  buy $ 16,951.89   sel     $45,000.00   [strat=reciprocal_fairness_keeper]
      R16  buy $ 14,215.69   sel     $41,000.00   [strat=reciprocal_fairness_keeper]
   run 1 done in 8.8 min

   run 2/30 on 2023 Ford Mustang GT Premium  seed=21164421
      R 1  buy $ 11,872.06   sel     $44,500.00   [strat=opponent_aware_diagnostic] *
      R 2  buy $ 21,908.91   sel     $42,999.00   [strat=opponent_aware_diagnostic]
      R 3  buy $ 14,203.83   sel     $42,500.00   [strat=opponent_aware_diagnostic]
      R 4  buy $ 32,364.52   sel     $41,500.00   [strat=opponent_aware_diagnostic]
      R 5  buy $ 10,192.38   sel     $41,500.00   [strat=opponent_aware_diagnostic]
      R 6  buy $ 33,480.55   sel     $40,999.00   [strat=market_expert_value_justifier] *
      R 7  buy $ 28,611.04   sel     $40,999.00   [strat=market_expert_value_justifier]
      R 8  buy $ 40,003.86   sel     $40,003.86   [strat=market_expert_value_justifier]
      R 9  buy $ 20,722.22   sel     $40,999.00   [strat=market_expert_value_justifier]
      R10  buy $  1,643.52   sel     $40,999.00   [strat=market_expert_value_justifier]
      R11  buy $ 36,335.14   sel     $38,000.00   [strat=market_expert_value_justifier]
      R12  buy $ 12,567.73   sel     $38,000.00   [strat=reciprocal_fairness_keeper] *
      R13  buy $ 25,330.57   sel     $37,500.00   [strat=reciprocal_fairness_keeper]
      R14  buy $ 36,165.14   sel     $36,165.14   [strat=reciprocal_fairness_keeper]
      R15  buy $ 31,463.13   sel     $36,500.00   [strat=reciprocal_fairness_keeper]
      R16  buy $ 30,228.88   sel     $36,250.00   [strat=reciprocal_fairness_keeper]
   run 2 done in 8.4 min

   run 3/30 on 2023 Ford Mustang GT Premium  seed=21164422
      R 1  buy $ 27,946.36   sel     $43,500.00   [strat=opponent_aware_diagnostic] *
      R 2  buy $ 27,154.67   sel     $43,000.00   [strat=opponent_aware_diagnostic]
      R 3  buy $ 31,874.48   sel     $42,500.00   [strat=opponent_aware_diagnostic]
      R 4  buy $ 36,817.38   sel     $41,500.00   [strat=opponent_aware_diagnostic]
      R 5  buy $ 27,737.45   sel     $41,500.00   [strat=opponent_aware_diagnostic]
      R 6  buy $ 39,464.45   sel     $40,000.00   [strat=market_expert_value_justifier] *
      R 7  buy $ 39,291.74   sel     $40,000.00   [strat=market_expert_value_justifier]
      R 8  buy $ 31,804.81   sel     $40,000.00   [strat=market_expert_value_justifier]
      R 9  buy $  5,567.79   sel     $40,000.00   [strat=market_expert_value_justifier]
      R10  buy $  7,731.26   sel     $40,000.00   [strat=market_expert_value_justifier]
      R11  buy $ 18,245.71   sel     $40,000.00   [strat=market_expert_value_justifier]
      R12  buy $  5,455.20   sel     $40,000.00   [strat=reciprocal_fairness_keeper] *
      R13  buy $ 34,376.03   sel     $39,500.00   [strat=reciprocal_fairness_keeper]
      R14  buy $  7,804.52   sel     $39,500.00   [strat=reciprocal_fairness_keeper]
      R15  buy $ 18,345.10   sel     $39,500.00   [strat=reciprocal_fairness_keeper]
      R16  buy $ 28,755.83   sel     $39,500.00   [strat=reciprocal_fairness_keeper]
   run 3 done in 9.2 min

   run 4/30 on 2023 Ford Mustang GT Premium  seed=21164423
      R 1  buy $ 21,695.35   sel     $42,500.00   [strat=opponent_aware_diagnostic] *
      R 2  buy $ 25,709.09   sel     $40,000.00   [strat=opponent_aware_diagnostic]
      R 3  buy $ 15,497.95   sel     $39,500.00   [strat=opponent_aware_diagnostic]
      R 4  buy $ 24,182.05   sel     $39,250.00   [strat=opponent_aware_diagnostic]
      R 5  buy $ 13,449.11   sel     $39,000.00   [strat=opponent_aware_diagnostic]
      R 6  buy $ 23,030.90   sel     $38,900.00   [strat=market_expert_value_justifier] *
      R 7  buy $ 20,353.95   sel     $38,800.00   [strat=market_expert_value_justifier]
      R 8  buy $  6,458.42   sel     $38,750.00   [strat=market_expert_value_justifier]
      R 9  buy $ 13,243.17   sel     $38,500.00   [strat=market_expert_value_justifier]
      R10  buy $ 21,513.24   sel     $38,000.00   [strat=market_expert_value_justifier]
      R11  buy $ 23,481.76   sel     $37,900.00   [strat=market_expert_value_justifier]
      R12  buy $ 16,955.42   sel     $37,850.00   [strat=reciprocal_fairness_keeper] *
      R13  buy $ 17,988.70   sel     $37,800.00   [strat=reciprocal_fairness_keeper]
      R14  buy $ 29,324.46   sel     $37,000.00   [strat=reciprocal_fairness_keeper]
      R15  buy $  2,400.24   sel     $36,900.00   [strat=reciprocal_fairness_keeper]
      R16  buy $ 36,264.31   sel     $36,600.00   [strat=reciprocal_fairness_keeper]
   run 4 done in 10.2 min

   run 5/30 on 2023 Ford Mustang GT Premium  seed=21164424
      R 1  buy $ 40,310.47   sel     $44,500.00   [strat=opponent_aware_diagnostic] *
      R 2  buy $ 29,948.57   sel     $43,500.00   [strat=opponent_aware_diagnostic]
      R 3  buy $ 12,356.35   sel     $42,750.00   [strat=opponent_aware_diagnostic]
      R 4  buy $ 36,812.21   sel     $41,500.00   [strat=opponent_aware_diagnostic]
      R 5  buy $ 30,653.73   sel     $40,750.00   [strat=opponent_aware_diagnostic]
      R 6  buy $ 35,574.60   sel     $39,500.00   [strat=market_expert_value_justifier] *
      R 7  buy $ 32,657.25   sel     $38,000.00   [strat=market_expert_value_justifier]
      R 8  buy $ 24,018.45   sel     $37,500.00   [strat=market_expert_value_justifier]
      R 9  buy $ 24,919.60   sel     $37,000.00   [strat=market_expert_value_justifier]
      R10  buy $  4,180.81   sel     $37,000.00   [strat=market_expert_value_justifier]
      R11  buy $  6,199.34   sel     $37,000.00   [strat=market_expert_value_justifier]
      R12  buy $ 11,128.05   sel     $37,000.00   [strat=reciprocal_fairness_keeper] *
      R13  buy $ 12,153.87   sel     $37,000.00   [strat=reciprocal_fairness_keeper]
      R14  buy $ 14,338.15   sel     $37,000.00   [strat=reciprocal_fairness_keeper]
      R15  buy $ 24,963.71   sel     $37,000.00   [strat=reciprocal_fairness_keeper]
      R16  buy $ 20,731.01   sel     $37,000.00   [strat=reciprocal_fairness_keeper]
   run 5 done in 9.9 min

   run 6/30 on 2023 Ford Mustang GT Premium  seed=21164425
      R 1  buy $    998.88   sel     $44,500.00   [strat=opponent_aware_diagnostic] *
      R 2  buy $ 42,367.45   sel     $43,833.73   [strat=opponent_aware_diagnostic]
      R 3  buy $ 28,823.55   sel     $43,000.00   [strat=opponent_aware_diagnostic]
      R 4  buy $ 36,440.04   sel     $42,000.00   [strat=opponent_aware_diagnostic]
      R 5  buy $ 33,277.43   sel     $40,000.00   [strat=opponent_aware_diagnostic]
      R 6  buy $  4,264.51   sel     $40,000.00   [strat=market_expert_value_justifier] *
      R 7  buy $ 15,290.09   sel     $40,000.00   [strat=market_expert_value_justifier]
      R 8  buy $ 19,279.20   sel     $39,500.00   [strat=market_expert_value_justifier]
      R 9  buy $ 21,803.77   sel     $38,000.00   [strat=market_expert_value_justifier]
      R10  buy $ 23,639.32   sel     $37,500.00   [strat=market_expert_value_justifier]
      R11  buy $ 35,473.65   sel     $37,000.00   [strat=market_expert_value_justifier]
      R12  buy $ 27,852.61   sel     $36,500.00   [strat=reciprocal_fairness_keeper] *
      R13  buy $ 26,787.60   sel     $36,500.00   [strat=reciprocal_fairness_keeper]
      R14  buy $ 21,194.18   sel     $36,500.00   [strat=reciprocal_fairness_keeper]
      R15  buy $  8,928.86   sel     $36,500.00   [strat=reciprocal_fairness_keeper]
      R16  buy $ 22,591.67   sel     $36,500.00   [strat=reciprocal_fairness_keeper]
   run 6 done in 8.9 min

   run 7/30 on 2023 Ford Mustang GT Premium  seed=21164426
      R 1  buy $ 42,985.89   sel     $44,500.00   [strat=opponent_aware_diagnostic] *
      R 2  buy $ 13,331.06   sel     $44,500.00   [strat=opponent_aware_diagnostic]
      R 3  buy $ 28,848.06   sel     $44,400.00   [strat=opponent_aware_diagnostic]
      R 4  buy $ 11,052.18   sel     $44,400.00   [strat=opponent_aware_diagnostic]
      R 5  buy $ 10,630.75   sel     $44,400.00   [strat=opponent_aware_diagnostic]
      R 6  buy $ 25,645.97   sel     $44,000.00   [strat=market_expert_value_justifier] *
      R 7  buy $  3,712.94   sel     $44,000.00   [strat=market_expert_value_justifier]
      R 8  buy $  8,398.75   sel     $44,000.00   [strat=market_expert_value_justifier]
      R 9  buy $ 40,043.01   sel     $42,500.00   [strat=market_expert_value_justifier]
      R10  buy $ 22,645.61   sel     $42,500.00   [strat=market_expert_value_justifier]
      R11  buy $ 14,437.19   sel     $42,500.00   [strat=market_expert_value_justifier]
      R12  buy $  1,076.12   sel     $42,500.00   [strat=reciprocal_fairness_keeper] *
      R13  buy $  2,460.06   sel     $42,500.00   [strat=reciprocal_fairness_keeper]
      R14  buy $  8,757.20   sel     $42,250.00   [strat=reciprocal_fairness_keeper]
      R15  buy $  9,324.18   sel     $42,250.00   [strat=reciprocal_fairness_keeper]
      R16  buy $  8,596.61   sel     $42,250.00   [strat=reciprocal_fairness_keeper]
   run 7 done in 8.2 min

   run 8/30 on 2023 Ford Mustang GT Premium  seed=21164427
      R 1  buy $ 43,450.84   sel     $44,500.00   [strat=opponent_aware_diagnostic] *
      R 2  buy $  4,426.84   sel     $44,500.00   [strat=opponent_aware_diagnostic]
      R 3  buy $ 10,428.16   sel     $44,500.00   [strat=opponent_aware_diagnostic]
      R 4  buy $ 25,000.76   sel     $42,500.00   [strat=opponent_aware_diagnostic]
      R 5  buy $    431.94   sel     $42,500.00   [strat=opponent_aware_diagnostic]
      R 6  buy $ 39,996.94   sel     $42,000.00   [strat=market_expert_value_justifier] *
      R 7  buy $ 23,742.15   sel     $42,000.00   [strat=market_expert_value_justifier]
      R 8  buy $ 14,607.46   sel     $41,500.00   [strat=market_expert_value_justifier]
      R 9  buy $  7,385.85   sel     $41,000.00   [strat=market_expert_value_justifier]
      R10  buy $  2,430.46   sel     $40,500.00   [strat=market_expert_value_justifier]
      R11  buy $  2,578.00   sel     $40,000.00   [strat=market_expert_value_justifier]
      R12  buy $ 11,710.69   sel     $40,000.00   [strat=reciprocal_fairness_keeper] *
      R13  buy $  5,531.38   sel     $40,000.00   [strat=reciprocal_fairness_keeper]
      R14  buy $ 16,678.24   sel     $40,000.00   [strat=reciprocal_fairness_keeper]
      R15  buy $  2,380.31   sel     $40,000.00   [strat=reciprocal_fairness_keeper]
      R16  buy $  7,901.65   sel     $40,000.00   [strat=reciprocal_fairness_keeper]
   run 8 done in 7.2 min

   run 9/30 on 2023 Ford Mustang GT Premium  seed=21164428
      R 1  buy $  1,964.92   sel     $46,995.00   [strat=opponent_aware_diagnostic] *
      R 2  buy $ 25,283.02   sel     $44,995.00   [strat=opponent_aware_diagnostic]
      R 3  buy $ 44,326.15   sel     $44,495.00   [strat=opponent_aware_diagnostic]
      R 4  buy $ 26,760.54   sel     $44,395.00   [strat=opponent_aware_diagnostic]
      R 5  buy $ 16,706.38   sel     $44,195.00   [strat=opponent_aware_diagnostic]
      R 6  buy $ 34,323.89   sel     $43,895.00   [strat=market_expert_value_justifier] *
      R 7  buy $ 23,946.27   sel     $43,500.00   [strat=market_expert_value_justifier]
      R 8  buy $ 29,560.00   sel     $43,000.00   [strat=market_expert_value_justifier]
      R 9  buy $ 23,553.32   sel     $42,500.00   [strat=market_expert_value_justifier]
      R10  buy $ 21,251.18   sel     $42,000.00   [strat=market_expert_value_justifier]
      R11  buy $ 27,868.12   sel     $41,500.00   [strat=market_expert_value_justifier]
      R12  buy $ 39,732.92   sel     $40,500.00   [strat=reciprocal_fairness_keeper] *
      R13  buy $ 23,827.13   sel     $40,000.00   [strat=reciprocal_fairness_keeper]
      R14  buy $ 18,430.54   sel     $40,000.00   [strat=reciprocal_fairness_keeper]
      R15  buy $ 19,012.14   sel     $39,500.00   [strat=reciprocal_fairness_keeper]
      R16  buy $ 20,185.25   sel     $39,500.00   [strat=reciprocal_fairness_keeper]
   run 9 done in 7.8 min

   run 10/30 on 2023 Ford Mustang GT Premium  seed=21164429
      R 1  buy $ 38,242.15   sel     $43,500.00   [strat=opponent_aware_diagnostic] *
      R 2  buy $ 17,889.69   sel     $42,500.00   [strat=opponent_aware_diagnostic]
      R 3  buy $ 26,905.77   sel     $41,000.00   [strat=opponent_aware_diagnostic]
      R 4  buy $ 32,337.16   sel     $39,500.00   [strat=opponent_aware_diagnostic]
      R 5  buy $ 36,294.75   sel     $37,500.00   [strat=opponent_aware_diagnostic]
      R 6  buy $ 15,906.05   sel     $36,500.00   [strat=market_expert_value_justifier] *
      R 7  buy $ 34,246.30   sel     $36,000.00   [strat=market_expert_value_justifier]
      R 8  buy $ 16,530.41   sel     $36,000.00   [strat=market_expert_value_justifier]
      R 9  buy $ 28,206.73   sel     $36,000.00   [strat=market_expert_value_justifier]
      R10  buy $ 28,609.51   sel     $36,000.00   [strat=market_expert_value_justifier]
      R11  buy $ 14,889.76   sel     $36,000.00   [strat=market_expert_value_justifier]
      R12  buy $ 14,865.18   sel     $36,000.00   [strat=reciprocal_fairness_keeper] *
      R13  buy $ 25,240.29   sel     $36,000.00   [strat=reciprocal_fairness_keeper]
      R14  buy $ 28,437.07   sel     $36,000.00   [strat=reciprocal_fairness_keeper]
      R15  buy $ 16,506.59   sel     $36,000.00   [strat=reciprocal_fairness_keeper]
      R16  buy $  1,008.30   sel     $36,000.00   [strat=reciprocal_fairness_keeper]
   run 10 done in 8.4 min

   run 11/30 on 2023 Ford Mustang GT Premium  seed=21164430
      R 1  buy $ 43,153.39   sel     $44,500.00   [strat=opponent_aware_diagnostic] *
      R 2  buy $ 32,036.15   sel     $44,000.00   [strat=opponent_aware_diagnostic]
      R 3  buy $ 23,529.93   sel     $43,500.00   [strat=opponent_aware_diagnostic]
      R 4  buy $ 19,146.12   sel     $43,000.00   [strat=opponent_aware_diagnostic]
      R 5  buy $ 30,589.36   sel     $42,500.00   [strat=opponent_aware_diagnostic]
      R 6  buy $ 17,462.85   sel     $42,500.00   [strat=market_expert_value_justifier] *
      R 7  buy $ 29,809.78   sel     $42,500.00   [strat=market_expert_value_justifier]
      R 8  buy $ 16,453.71   sel     $42,500.00   [strat=market_expert_value_justifier]
      R 9  buy $ 26,136.90   sel     $42,500.00   [strat=market_expert_value_justifier]
      R10  buy $ 25,294.37   sel     $42,500.00   [strat=market_expert_value_justifier]
      R11  buy $ 33,688.52   sel     $42,500.00   [strat=market_expert_value_justifier]
      R12  buy $ 17,680.88   sel     $42,500.00   [strat=reciprocal_fairness_keeper] *
      R13  buy $ 38,614.72   sel     $41,900.00   [strat=reciprocal_fairness_keeper]
      R14  buy $ 17,227.92   sel     $41,900.00   [strat=reciprocal_fairness_keeper]
      R15  buy $ 32,566.11   sel     $41,900.00   [strat=reciprocal_fairness_keeper]
      R16  buy $ 15,395.49   sel     $41,900.00   [strat=reciprocal_fairness_keeper]
   run 11 done in 7.6 min

   run 12/30 on 2023 Ford Mustang GT Premium  seed=21164431
      R 1  buy $ 32,059.28   sel     $37,999.00   [strat=opponent_aware_diagnostic] *
      R 2  buy $  1,546.77   sel     $37,999.00   [strat=opponent_aware_diagnostic]
      R 3  buy $  5,617.07   sel     $37,999.00   [strat=opponent_aware_diagnostic]
      R 4  buy $ 33,713.05   sel     $37,500.00   [strat=opponent_aware_diagnostic]
      R 5  buy $ 13,493.25   sel     $37,500.00   [strat=opponent_aware_diagnostic]
      R 6  buy $ 30,723.47   sel     $37,250.00   [strat=market_expert_value_justifier] *
      R 7  buy $ 13,658.71   sel     $37,250.00   [strat=market_expert_value_justifier]
      R 8  buy $  4,824.09   sel     $37,250.00   [strat=market_expert_value_justifier]
      R 9  buy $ 30,502.44   sel     $37,000.00   [strat=market_expert_value_justifier]
      R10  buy $ 20,102.69   sel     $37,000.00   [strat=market_expert_value_justifier]
      R11  buy $  9,598.88   sel     $37,000.00   [strat=market_expert_value_justifier]
      R12  buy $ 15,180.20   sel     $37,000.00   [strat=reciprocal_fairness_keeper] *
      R13  buy $ 30,564.03   sel     $36,750.00   [strat=reciprocal_fairness_keeper]
      R14  buy $ 27,416.04   sel     $36,500.00   [strat=reciprocal_fairness_keeper]
      R15  buy $ 29,428.44   sel     $36,250.00   [strat=reciprocal_fairness_keeper]
      R16  buy $ 28,536.12   sel     $36,250.00   [strat=reciprocal_fairness_keeper]
   run 12 done in 8.5 min

   run 13/30 on 2023 Ford Mustang GT Premium  seed=21164432
      R 1  buy $ 33,477.81   sel     $38,500.00   [strat=opponent_aware_diagnostic] *
      R 2  buy $ 37,081.89   sel     $38,000.00   [strat=opponent_aware_diagnostic]
      R 3  buy $ 25,613.11   sel     $38,000.00   [strat=opponent_aware_diagnostic]
      R 4  buy $ 13,627.88   sel     $38,000.00   [strat=opponent_aware_diagnostic]
      R 5  buy $ 26,214.90   sel     $38,000.00   [strat=opponent_aware_diagnostic]
      R 6  buy $  9,077.46   sel     $38,000.00   [strat=market_expert_value_justifier] *
      R 7  buy $ 16,952.84   sel     $38,000.00   [strat=market_expert_value_justifier]
      R 8  buy $ 14,909.26   sel     $38,000.00   [strat=market_expert_value_justifier]
      R 9  buy $ 26,213.86   sel     $38,000.00   [strat=market_expert_value_justifier]
      R10  buy $ 22,932.85   sel     $38,000.00   [strat=market_expert_value_justifier]
      R11  buy $ 20,001.80   sel     $37,500.00   [strat=market_expert_value_justifier]
      R12  buy $ 28,575.55   sel     $37,000.00   [strat=reciprocal_fairness_keeper] *
      R13  buy $  6,518.16   sel     $37,000.00   [strat=reciprocal_fairness_keeper]
      R14  buy $ 21,568.41   sel     $37,000.00   [strat=reciprocal_fairness_keeper]
      R15  buy $ 13,543.02   sel     $37,000.00   [strat=reciprocal_fairness_keeper]
      R16  buy $ 17,428.29   sel     $37,000.00   [strat=reciprocal_fairness_keeper]
   run 13 done in 9.4 min

   run 14/30 on 2023 Ford Mustang GT Premium  seed=21164433
      R 1  buy $ 40,655.70   sel     $44,500.00   [strat=opponent_aware_diagnostic] *
      R 2  buy $ 28,779.61   sel     $43,000.00   [strat=opponent_aware_diagnostic]
      R 3  buy $ 22,744.53   sel     $43,000.00   [strat=opponent_aware_diagnostic]
      R 4  buy $ 24,067.01   sel     $43,000.00   [strat=opponent_aware_diagnostic]
      R 5  buy $  5,087.16   sel     $43,000.00   [strat=opponent_aware_diagnostic]
      R 6  buy $ 17,488.27   sel     $42,500.00   [strat=market_expert_value_justifier] *
      R 7  buy $  4,245.82   sel     $42,000.00   [strat=market_expert_value_justifier]
      R 8  buy $ 19,016.23   sel     $42,000.00   [strat=market_expert_value_justifier]
      R 9  buy $  4,749.63   sel     $41,500.00   [strat=market_expert_value_justifier]
      R10  buy $  1,558.68   sel     $41,500.00   [strat=market_expert_value_justifier]
      R11  buy $ 41,144.08   sel     $41,300.00   [strat=market_expert_value_justifier]
      R12  buy $ 13,748.56   sel     $41,200.00   [strat=reciprocal_fairness_keeper] *
      R13  buy $    468.86   sel     $41,100.00   [strat=reciprocal_fairness_keeper]
      R14  buy $ 22,394.59   sel     $41,000.00   [strat=reciprocal_fairness_keeper]
      R15  buy $ 29,775.91   sel     $40,000.00   [strat=reciprocal_fairness_keeper]
      R16  buy $ 30,494.84   sel     $39,000.00   [strat=reciprocal_fairness_keeper]
   run 14 done in 8.4 min

   run 15/30 on 2023 Ford Mustang GT Premium  seed=21164434
      R 1  buy $ 11,548.37   sel     $43,995.00   [strat=opponent_aware_diagnostic] *
      R 2  buy $ 15,087.72   sel     $39,995.00   [strat=opponent_aware_diagnostic]
      R 3  buy $ 39,091.08   sel     $39,500.00   [strat=opponent_aware_diagnostic]
      R 4  buy $ 27,485.83   sel     $39,500.00   [strat=opponent_aware_diagnostic]
      R 5  buy $ 35,217.01   sel     $38,500.00   [strat=opponent_aware_diagnostic]
      R 6  buy $ 28,050.10   sel     $37,500.00   [strat=market_expert_value_justifier] *
      R 7  buy $  8,086.69   sel     $36,500.00   [strat=market_expert_value_justifier]
      R 8  buy $ 13,425.33   sel     $36,500.00   [strat=market_expert_value_justifier]
      R 9  buy $ 14,258.36   sel     $36,500.00   [strat=market_expert_value_justifier]
      R10  buy $ 20,734.57   sel     $36,500.00   [strat=market_expert_value_justifier]
      R11  buy $ 28,548.39   sel     $36,500.00   [strat=market_expert_value_justifier]
      R12  buy $ 14,486.92   sel     $36,500.00   [strat=reciprocal_fairness_keeper] *
      R13  buy $  8,204.03   sel     $36,500.00   [strat=reciprocal_fairness_keeper]
      R14  buy $ 10,693.78   sel     $36,500.00   [strat=reciprocal_fairness_keeper]
      R15  buy $  9,118.73   sel     $36,500.00   [strat=reciprocal_fairness_keeper]
      R16  buy $ 11,210.36   sel     $36,500.00   [strat=reciprocal_fairness_keeper]
   run 15 done in 8.5 min

   run 16/30 on 2023 Ford Mustang GT Premium  seed=21164435
      R 1  buy $  2,185.34   sel     $44,500.00   [strat=opponent_aware_diagnostic] *
      R 2  buy $ 34,810.35   sel     $43,500.00   [strat=opponent_aware_diagnostic]
      R 3  buy $  9,534.38   sel     $42,500.00   [strat=opponent_aware_diagnostic]
      R 4  buy $ 39,256.69   sel     $41,500.00   [strat=opponent_aware_diagnostic]
      R 5  buy $ 14,676.43   sel     $40,500.00   [strat=opponent_aware_diagnostic]
      R 6  buy $  6,396.97   sel     $40,000.00   [strat=market_expert_value_justifier] *
      R 7  buy $  7,498.66   sel     $40,000.00   [strat=market_expert_value_justifier]
      R 8  buy $  4,893.54   sel     $40,000.00   [strat=market_expert_value_justifier]
      R 9  buy $ 14,996.45   sel     $39,500.00   [strat=market_expert_value_justifier]
      R10  buy $ 29,583.97   sel     $39,000.00   [strat=market_expert_value_justifier]
      R11  buy $ 22,591.10   sel     $38,500.00   [strat=market_expert_value_justifier]
      R12  buy $ 37,623.33   sel     $38,000.00   [strat=reciprocal_fairness_keeper] *
      R13  buy $  9,899.09   sel     $37,500.00   [strat=reciprocal_fairness_keeper]
      R14  buy $  4,133.93   sel     $37,400.00   [strat=reciprocal_fairness_keeper]
      R15  buy $  1,306.72   sel     $37,300.00   [strat=reciprocal_fairness_keeper]
      R16  buy $ 11,347.28   sel     $37,200.00   [strat=reciprocal_fairness_keeper]
   run 16 done in 8.7 min

   run 17/30 on 2023 Ford Mustang GT Premium  seed=21164436
      R 1  buy $ 44,206.91   sel     $45,995.00   [strat=opponent_aware_diagnostic] *
      R 2  buy $ 41,085.22   sel     $44,500.00   [strat=opponent_aware_diagnostic]
      R 3  buy $ 21,898.26   sel     $42,000.00   [strat=opponent_aware_diagnostic]
      R 4  buy $ 28,664.53   sel     $41,500.00   [strat=opponent_aware_diagnostic]
      R 5  buy $ 11,900.16   sel     $40,000.00   [strat=opponent_aware_diagnostic]
      R 6  buy $ 36,028.67   sel     $36,028.67   [strat=market_expert_value_justifier] *
      R 7  buy $ 11,330.02   sel     $38,000.00   [strat=market_expert_value_justifier]
      R 8  buy $  4,378.62   sel     $38,000.00   [strat=market_expert_value_justifier]
      R 9  buy $ 17,445.18   sel     $37,500.00   [strat=market_expert_value_justifier]
      R10  buy $ 11,074.18   sel     $36,500.00   [strat=market_expert_value_justifier]
      R11  buy $ 30,575.46   sel     $36,500.00   [strat=market_expert_value_justifier]
      R12  buy $ 18,927.91   sel     $36,000.00   [strat=reciprocal_fairness_keeper] *
      R13  buy $  3,940.56   sel     $36,000.00   [strat=reciprocal_fairness_keeper]
      R14  buy $ 32,452.79   sel     $36,500.00   [strat=reciprocal_fairness_keeper]
      R15  buy $ 15,872.07   sel     $36,500.00   [strat=reciprocal_fairness_keeper]
      R16  buy $  7,957.55   sel     $36,000.00   [strat=reciprocal_fairness_keeper]
   run 17 done in 11.3 min

   run 18/30 on 2023 Ford Mustang GT Premium  seed=21164437
      R 1  buy $ 37,592.46   sel     $44,500.00   [strat=opponent_aware_diagnostic] *
      R 2  buy $ 37,856.29   sel     $43,500.00   [strat=opponent_aware_diagnostic]
      R 3  buy $  4,394.13   sel     $42,500.00   [strat=opponent_aware_diagnostic]
      R 4  buy $  6,887.45   sel     $41,500.00   [strat=opponent_aware_diagnostic]
      R 5  buy $ 32,231.65   sel     $40,500.00   [strat=opponent_aware_diagnostic]
      R 6  buy $ 17,354.80   sel     $39,500.00   [strat=market_expert_value_justifier] *
      R 7  buy $ 33,190.42   sel     $38,500.00   [strat=market_expert_value_justifier]
      R 8  buy $ 36,658.95   sel     $36,658.95   [strat=market_expert_value_justifier]
      R 9  buy $ 20,941.19   sel     $38,000.00   [strat=market_expert_value_justifier]
      R10  buy $ 36,269.74   sel     $36,500.00   [strat=market_expert_value_justifier]
      R11  buy $ 32,432.24   sel     $36,250.00   [strat=market_expert_value_justifier]
      R12  buy $  8,487.61   sel     $36,250.00   [strat=reciprocal_fairness_keeper] *
      R13  buy $ 14,902.56   sel     $36,250.00   [strat=reciprocal_fairness_keeper]
      R14  buy $ 25,208.46   sel     $36,000.00   [strat=reciprocal_fairness_keeper]
      R15  buy $  9,973.06   sel     $36,000.00   [strat=reciprocal_fairness_keeper]
      R16  buy $ 22,159.51   sel     $36,000.00   [strat=reciprocal_fairness_keeper]
   run 18 done in 8.4 min

   run 19/30 on 2023 Ford Mustang GT Premium  seed=21164438
      R 1  buy $ 40,723.39   sel     $45,000.00   [strat=opponent_aware_diagnostic] *
      R 2  buy $    815.63   sel     $44,500.00   [strat=opponent_aware_diagnostic]
      R 3  buy $ 30,904.17   sel     $43,500.00   [strat=opponent_aware_diagnostic]
      R 4  buy $ 26,919.00   sel     $42,500.00   [strat=opponent_aware_diagnostic]
      R 5  buy $ 14,697.84   sel     $42,000.00   [strat=opponent_aware_diagnostic]
      R 6  buy $ 29,697.44   sel     $41,500.00   [strat=market_expert_value_justifier] *
      R 7  buy $ 34,308.16   sel     $41,000.00   [strat=market_expert_value_justifier]
      R 8  buy $ 15,337.97   sel     $40,500.00   [strat=market_expert_value_justifier]
      R 9  buy $    273.35   sel     $40,500.00   [strat=market_expert_value_justifier]
      R10  buy $ 20,482.98   sel     $40,500.00   [strat=market_expert_value_justifier]
      R11  buy $ 10,602.54   sel     $40,000.00   [strat=market_expert_value_justifier]
      R12  buy $  2,694.04   sel     $40,000.00   [strat=reciprocal_fairness_keeper] *
      R13  buy $ 11,195.71   sel     $40,000.00   [strat=reciprocal_fairness_keeper]
      R14  buy $  9,492.26   sel     $40,000.00   [strat=reciprocal_fairness_keeper]
      R15  buy $ 30,224.62   sel     $39,000.00   [strat=reciprocal_fairness_keeper]
      R16  buy $ 26,554.38   sel     $38,500.00   [strat=reciprocal_fairness_keeper]
   run 19 done in 8.3 min

   run 20/30 on 2023 Ford Mustang GT Premium  seed=21164439
      R 1  buy $ 20,374.09   sel     $43,995.00   [strat=opponent_aware_diagnostic] *
      R 2  buy $  1,872.38   sel     $43,500.00   [strat=opponent_aware_diagnostic]
      R 3  buy $ 30,629.77   sel     $43,250.00   [strat=opponent_aware_diagnostic]
      R 4  buy $ 22,119.10   sel     $42,995.00   [strat=opponent_aware_diagnostic]
      R 5  buy $ 38,185.67   sel     $41,495.00   [strat=opponent_aware_diagnostic]
      R 6  buy $ 12,463.44   sel     $40,995.00   [strat=market_expert_value_justifier] *
      R 7  buy $  5,833.66   sel     $40,900.00   [strat=market_expert_value_justifier]
      R 8  buy $ 22,963.95   sel     $40,500.00   [strat=market_expert_value_justifier]
      R 9  buy $ 20,423.31   sel     $39,995.00   [strat=market_expert_value_justifier]
      R10  buy $ 17,458.14   sel     $39,900.00   [strat=market_expert_value_justifier]
      R11  buy $ 10,021.36   sel     $39,800.00   [strat=market_expert_value_justifier]
      R12  buy $ 24,407.22   sel     $39,800.00   [strat=reciprocal_fairness_keeper] *
      R13  buy $  1,557.68   sel     $39,900.00   [strat=reciprocal_fairness_keeper]
      R14  buy $ 27,211.07   sel     $39,500.00   [strat=reciprocal_fairness_keeper]
      R15  buy $  3,582.90   sel     $39,400.00   [strat=reciprocal_fairness_keeper]
      R16  buy $  2,074.17   sel     $39,300.00   [strat=reciprocal_fairness_keeper]
   run 20 done in 9.7 min

   run 21/30 on 2023 Ford Mustang GT Premium  seed=21164440
      R 1  buy $  9,793.54   sel     $44,500.00   [strat=opponent_aware_diagnostic] *
      R 2  buy $  9,850.32   sel     $44,000.00   [strat=opponent_aware_diagnostic]
      R 3  buy $ 24,943.12   sel     $42,500.00   [strat=opponent_aware_diagnostic]
      R 4  buy $ 26,805.20   sel     $41,500.00   [strat=opponent_aware_diagnostic]
      R 5  buy $ 25,415.28   sel     $40,000.00   [strat=opponent_aware_diagnostic]
      R 6  buy $ 29,906.81   sel     $39,000.00   [strat=market_expert_value_justifier] *
      R 7  buy $  3,629.14   sel     $39,000.00   [strat=market_expert_value_justifier]
      R 8  buy $  6,489.84   sel     $38,500.00   [strat=market_expert_value_justifier]
      R 9  buy $ 20,910.19   sel     $38,000.00   [strat=market_expert_value_justifier]
      R10  buy $  4,331.26   sel     $37,500.00   [strat=market_expert_value_justifier]
      R11  buy $ 23,298.02   sel     $37,000.00   [strat=market_expert_value_justifier]
      R12  buy $ 27,456.89   sel     $36,900.00   [strat=reciprocal_fairness_keeper] *
      R13  buy $ 24,900.20   sel     $36,900.00   [strat=reciprocal_fairness_keeper]
      R14  buy $ 13,246.14   sel     $36,500.00   [strat=reciprocal_fairness_keeper]
      R15  buy $  1,729.45   sel     $36,250.00   [strat=reciprocal_fairness_keeper]
      R16  buy $ 29,023.95   sel     $36,100.00   [strat=reciprocal_fairness_keeper]
   run 21 done in 8.3 min

   run 22/30 on 2023 Ford Mustang GT Premium  seed=21164441
      R 1  buy $ 22,179.83   sel     $43,500.00   [strat=opponent_aware_diagnostic] *
      R 2  buy $  4,418.00   sel     $42,500.00   [strat=opponent_aware_diagnostic]
      R 3  buy $ 26,047.63   sel     $42,000.00   [strat=opponent_aware_diagnostic]
      R 4  buy $  8,456.75   sel     PARSE-FAIL   [strat=opponent_aware_diagnostic]
      R 5  buy $ 37,594.91   sel     $40,500.00   [strat=opponent_aware_diagnostic]
      R 6  buy $ 18,862.77   sel     $39,500.00   [strat=market_expert_value_justifier] *
      R 7  buy $ 20,129.97   sel     $39,000.00   [strat=market_expert_value_justifier]
      R 8  buy $  3,158.80   sel     $39,000.00   [strat=market_expert_value_justifier]
      R 9  buy $ 12,163.57   sel     $39,000.00   [strat=market_expert_value_justifier]
      R10  buy $  8,012.35   sel     $38,500.00   [strat=market_expert_value_justifier]
      R11  buy $    364.84   sel     $38,000.00   [strat=market_expert_value_justifier]
      R12  buy $  6,313.00   sel     $38,000.00   [strat=reciprocal_fairness_keeper] *
      R13  buy $ 30,711.96   sel     $37,000.00   [strat=reciprocal_fairness_keeper]
      R14  buy $ 19,830.32   sel     $36,500.00   [strat=reciprocal_fairness_keeper]
      R15  buy $ 15,974.84   sel     $37,000.00   [strat=reciprocal_fairness_keeper]
      R16  buy $ 33,469.12   sel     $36,250.00   [strat=reciprocal_fairness_keeper]
   run 22 done in 7.2 min

   run 23/30 on 2023 Ford Mustang GT Premium  seed=21164442
      R 1  buy $ 16,589.91   sel     $43,500.00   [strat=opponent_aware_diagnostic] *
      R 2  buy $  5,509.11   sel     $42,000.00   [strat=opponent_aware_diagnostic]
      R 3  buy $ 16,959.21   sel     $41,500.00   [strat=opponent_aware_diagnostic]
      R 4  buy $ 24,424.89   sel     $41,000.00   [strat=opponent_aware_diagnostic]
      R 5  buy $  4,876.62   sel     $40,500.00   [strat=opponent_aware_diagnostic]
      R 6  buy $ 25,018.92   sel     $40,000.00   [strat=market_expert_value_justifier] *
      R 7  buy $ 27,963.38   sel     $39,500.00   [strat=market_expert_value_justifier]
      R 8  buy $ 16,062.31   sel     $39,000.00   [strat=market_expert_value_justifier]
      R 9  buy $ 28,704.13   sel     $38,500.00   [strat=market_expert_value_justifier]
      R10  buy $ 36,765.43   sel     $38,000.00   [strat=market_expert_value_justifier]
      R11  buy $ 24,236.52   sel     $37,500.00   [strat=market_expert_value_justifier]
      R12  buy $ 18,724.36   sel     $37,000.00   [strat=reciprocal_fairness_keeper] *
      R13  buy $  1,288.50   sel     $36,500.00   [strat=reciprocal_fairness_keeper]
      R14  buy $ 12,885.25   sel     $36,250.00   [strat=reciprocal_fairness_keeper]
      R15  buy $ 29,466.23   sel     $36,000.00   [strat=reciprocal_fairness_keeper]
      R16  buy $ 23,725.84   sel     $36,000.00   [strat=reciprocal_fairness_keeper]
   run 23 done in 6.6 min

   run 24/30 on 2023 Ford Mustang GT Premium  seed=21164443
      R 1  buy $ 26,752.73   sel     $42,500.00   [strat=opponent_aware_diagnostic] *
      R 2  buy $ 15,299.14   sel     $41,000.00   [strat=opponent_aware_diagnostic]
      R 3  buy $ 21,866.25   sel     $39,500.00   [strat=opponent_aware_diagnostic]
      R 4  buy $  1,945.48   sel     $39,000.00   [strat=opponent_aware_diagnostic]
      R 5  buy $ 31,822.64   sel     $38,500.00   [strat=opponent_aware_diagnostic]
      R 6  buy $ 33,344.76   sel     $38,000.00   [strat=market_expert_value_justifier] *
      R 7  buy $ 28,603.68   sel     $38,000.00   [strat=market_expert_value_justifier]
      R 8  buy $  6,666.15   sel     $38,000.00   [strat=market_expert_value_justifier]
      R 9  buy $ 27,819.63   sel     $38,000.00   [strat=market_expert_value_justifier]
      R10  buy $ 16,137.91   sel     $37,500.00   [strat=market_expert_value_justifier]
      R11  buy $ 37,174.20   sel     $37,174.20   [strat=market_expert_value_justifier]
      R12  buy $ 28,889.32   sel     $37,000.00   [strat=reciprocal_fairness_keeper] *
      R13  buy $ 13,667.18   sel     $37,000.00   [strat=reciprocal_fairness_keeper]
      R14  buy $ 36,560.11   sel     $36,560.11   [strat=reciprocal_fairness_keeper]
      R15  buy $ 36,056.77   sel     $36,056.77   [strat=reciprocal_fairness_keeper]
      R16  buy $ 23,087.71   sel     $37,000.00   [strat=reciprocal_fairness_keeper]
   run 24 done in 7.2 min

   run 25/30 on 2023 Ford Mustang GT Premium  seed=21164444
      R 1  buy $  9,506.81   sel     $44,500.00   [strat=opponent_aware_diagnostic] *
      R 2  buy $ 17,882.41   sel     $42,000.00   [strat=opponent_aware_diagnostic]
      R 3  buy $ 41,478.29   sel     $41,900.00   [strat=opponent_aware_diagnostic]
      R 4  buy $ 24,145.37   sel     $41,500.00   [strat=opponent_aware_diagnostic]
      R 5  buy $ 32,896.17   sel     $40,500.00   [strat=opponent_aware_diagnostic]
      R 6  buy $ 14,979.49   sel     $39,900.00   [strat=market_expert_value_justifier] *
      R 7  buy $  3,863.77   sel     $39,900.00   [strat=market_expert_value_justifier]
      R 8  buy $ 35,946.81   sel     $39,500.00   [strat=market_expert_value_justifier]
      R 9  buy $ 19,216.99   sel     $38,900.00   [strat=market_expert_value_justifier]
      R10  buy $ 21,560.00   sel     $38,000.00   [strat=market_expert_value_justifier]
      R11  buy $ 23,453.34   sel     $37,500.00   [strat=market_expert_value_justifier]
      R12  buy $ 12,205.43   sel     $37,000.00   [strat=reciprocal_fairness_keeper] *
      R13  buy $  1,675.29   sel     $37,000.00   [strat=reciprocal_fairness_keeper]
      R14  buy $ 25,073.07   sel     $37,000.00   [strat=reciprocal_fairness_keeper]
      R15  buy $ 17,695.66   sel     $36,500.00   [strat=reciprocal_fairness_keeper]
      R16  buy $ 31,011.39   sel     $36,000.00   [strat=reciprocal_fairness_keeper]
   run 25 done in 8.3 min

   run 26/30 on 2023 Ford Mustang GT Premium  seed=21164445
      R 1  buy $  1,733.80   sel     $44,500.00   [strat=opponent_aware_diagnostic] *
      R 2  buy $ 21,729.39   sel     $42,500.00   [strat=opponent_aware_diagnostic]
      R 3  buy $ 13,505.12   sel     $41,500.00   [strat=opponent_aware_diagnostic]
      R 4  buy $ 25,954.64   sel     $40,000.00   [strat=opponent_aware_diagnostic]
      R 5  buy $ 30,754.81   sel     $38,500.00   [strat=opponent_aware_diagnostic]
      R 6  buy $  4,851.33   sel     $37,500.00   [strat=market_expert_value_justifier] *
      R 7  buy $ 11,136.85   sel     $37,000.00   [strat=market_expert_value_justifier]
      R 8  buy $  5,089.22   sel     $36,500.00   [strat=market_expert_value_justifier]
      R 9  buy $ 15,902.04   sel     $36,500.00   [strat=market_expert_value_justifier]
      R10  buy $ 13,590.59   sel     $36,500.00   [strat=market_expert_value_justifier]
      R11  buy $  3,049.69   sel     $36,500.00   [strat=market_expert_value_justifier]
      R12  buy $  9,186.44   sel     $36,500.00   [strat=reciprocal_fairness_keeper] *
      R13  buy $ 36,155.49   sel     $36,155.49   [strat=reciprocal_fairness_keeper]
      R14  buy $ 27,509.87   sel     $36,500.00   [strat=reciprocal_fairness_keeper]
      R15  buy $  6,990.75   sel     $36,500.00   [strat=reciprocal_fairness_keeper]
      R16  buy $ 33,526.18   sel     $36,500.00   [strat=reciprocal_fairness_keeper]
   run 26 done in 5.5 min

   run 27/30 on 2023 Ford Mustang GT Premium  seed=21164446
      R 1  buy $ 16,967.75   sel     $42,500.00   [strat=opponent_aware_diagnostic] *
      R 2  buy $  9,849.45   sel     $41,000.00   [strat=opponent_aware_diagnostic]
      R 3  buy $ 24,493.67   sel     $39,500.00   [strat=opponent_aware_diagnostic]
      R 4  buy $  9,856.45   sel     $38,500.00   [strat=opponent_aware_diagnostic]
      R 5  buy $ 21,593.75   sel     $37,500.00   [strat=opponent_aware_diagnostic]
      R 6  buy $ 13,790.86   sel     $36,900.00   [strat=market_expert_value_justifier] *
      R 7  buy $  4,304.80   sel     $36,900.00   [strat=market_expert_value_justifier]
      R 8  buy $ 35,444.54   sel     $36,500.00   [strat=market_expert_value_justifier]
      R 9  buy $ 35,599.50   sel     $36,250.00   [strat=market_expert_value_justifier]
      R10  buy $  1,256.57   sel     $36,000.00   [strat=market_expert_value_justifier]
      R11  buy $  4,529.01   sel     $36,000.00   [strat=market_expert_value_justifier]
      R12  buy $ 20,623.02   sel     $36,000.00   [strat=reciprocal_fairness_keeper] *
      R13  buy $ 25,976.90   sel     $36,000.00   [strat=reciprocal_fairness_keeper]
      R14  buy $ 30,252.64   sel     $36,100.00   [strat=reciprocal_fairness_keeper]
      R15  buy $ 20,632.02   sel     $36,100.00   [strat=reciprocal_fairness_keeper]
      R16  buy $ 12,064.46   sel     $36,100.00   [strat=reciprocal_fairness_keeper]
   run 27 done in 9.4 min

   run 28/30 on 2023 Ford Mustang GT Premium  seed=21164447
      R 1  buy $  2,869.55   sel     $44,500.00   [strat=opponent_aware_diagnostic] *
      R 2  buy $  7,448.17   sel     $43,500.00   [strat=opponent_aware_diagnostic]
      R 3  buy $  5,666.61   sel     $42,500.00   [strat=opponent_aware_diagnostic]
      R 4  buy $ 42,366.48   sel     $42,400.00   [strat=opponent_aware_diagnostic]
      R 5  buy $  2,223.61   sel     $42,400.00   [strat=opponent_aware_diagnostic]
      R 6  buy $ 17,861.33   sel     $42,200.00   [strat=market_expert_value_justifier] *
      R 7  buy $ 22,964.96   sel     $42,200.00   [strat=market_expert_value_justifier]
      R 8  buy $ 16,056.44   sel     $42,200.00   [strat=market_expert_value_justifier]
      R 9  buy $ 25,261.62   sel     $42,200.00   [strat=market_expert_value_justifier]
      R10  buy $ 32,343.41   sel     $42,200.00   [strat=market_expert_value_justifier]
      R11  buy $ 22,262.35   sel     $42,200.00   [strat=market_expert_value_justifier]
      R12  buy $ 39,748.72   sel     $40,974.36   [strat=reciprocal_fairness_keeper] *
      R13  buy $ 22,315.97   sel     $40,974.36   [strat=reciprocal_fairness_keeper]
      R14  buy $ 34,444.89   sel     $40,500.00   [strat=reciprocal_fairness_keeper]
      R15  buy $ 12,199.41   sel     $40,500.00   [strat=reciprocal_fairness_keeper]
      R16  buy $ 22,288.94   sel     $40,500.00   [strat=reciprocal_fairness_keeper]
   run 28 done in 6.1 min

   run 29/30 on 2023 Ford Mustang GT Premium  seed=21164448
      R 1  buy $ 44,137.95   sel     $47,995.00   [strat=opponent_aware_diagnostic] *
      R 2  buy $ 27,998.58   sel     $46,500.00   [strat=opponent_aware_diagnostic]
      R 3  buy $ 21,496.21   sel     $45,500.00   [strat=opponent_aware_diagnostic]
      R 4  buy $ 44,361.61   sel     $44,800.00   [strat=opponent_aware_diagnostic]
      R 5  buy $ 43,695.48   sel     $44,300.00   [strat=opponent_aware_diagnostic]
      R 6  buy $ 34,538.08   sel     $44,300.00   [strat=market_expert_value_justifier] *
      R 7  buy $  5,860.49   sel     $44,300.00   [strat=market_expert_value_justifier]
      R 8  buy $ 17,991.77   sel     $44,000.00   [strat=market_expert_value_justifier]
      R 9  buy $ 27,971.64   sel     $44,000.00   [strat=market_expert_value_justifier]
      R10  buy $ 20,124.31   sel     $43,500.00   [strat=market_expert_value_justifier]
      R11  buy $ 29,550.27   sel     $42,500.00   [strat=market_expert_value_justifier]
      R12  buy $ 27,490.01   sel     $42,000.00   [strat=reciprocal_fairness_keeper] *
      R13  buy $ 34,501.17   sel     $41,500.00   [strat=reciprocal_fairness_keeper]
      R14  buy $ 17,643.72   sel     $41,000.00   [strat=reciprocal_fairness_keeper]
      R15  buy $  2,900.48   sel     $41,500.00   [strat=reciprocal_fairness_keeper]
      R16  buy $ 27,601.46   sel     $41,000.00   [strat=reciprocal_fairness_keeper]
   run 29 done in 8.4 min

   run 30/30 on 2023 Ford Mustang GT Premium  seed=21164449
      R 1  buy $ 40,314.06   sel     $44,995.00   [strat=opponent_aware_diagnostic] *
      R 2  buy $  2,024.14   sel     $44,995.00   [strat=opponent_aware_diagnostic]
      R 3  buy $    392.50   sel     $44,500.00   [strat=opponent_aware_diagnostic]
      R 4  buy $ 14,363.09   sel     $44,000.00   [strat=opponent_aware_diagnostic]
      R 5  buy $ 10,123.92   sel     $44,000.00   [strat=opponent_aware_diagnostic]
      R 6  buy $ 11,511.08   sel     $43,500.00   [strat=market_expert_value_justifier] *
      R 7  buy $ 13,364.47   sel     $43,500.00   [strat=market_expert_value_justifier]
      R 8  buy $  2,223.02   sel     $43,500.00   [strat=market_expert_value_justifier]
      R 9  buy $  3,089.17   sel     $43,500.00   [strat=market_expert_value_justifier]
      R10  buy $  8,505.17   sel     $43,500.00   [strat=market_expert_value_justifier]
      R11  buy $ 11,864.82   sel     $43,500.00   [strat=market_expert_value_justifier]
      R12  buy $ 23,510.27   sel     $43,500.00   [strat=reciprocal_fairness_keeper] *
      R13  buy $ 17,801.23   sel     $43,500.00   [strat=reciprocal_fairness_keeper]
      R14  buy $  6,556.82   sel     $43,500.00   [strat=reciprocal_fairness_keeper]
      R15  buy $ 25,153.13   sel     $43,500.00   [strat=reciprocal_fairness_keeper]
      R16  buy $  5,024.44   sel     $43,500.00   [strat=reciprocal_fairness_keeper]
   run 30 done in 5.9 min

   ---> checkpoint: car 5/5 done in 248.9 min; total so far 1126.7 min; saved 150 runs to exp09_transitionB_rep1.json

=== FINISH exp09_transitionB_rep1 in 18.78 h (150 runs) -> results\exp09_transitionB_rep1.json ===
