=== START exp10_transitionB_rep2 ===
    pid         : 9660
    hostname    : LAPTOP-B4TE0NRA
    state_file  : state\exp10_transitionB_rep2.state.json
    schedule    : threephase__opponent_aware_diagnostic@1_market_expert_value_justifier@6_reciprocal_fairness_keeper@12
    adaptive    : True  (switches=[6, 12])
    n_rounds    : 16
    n_cars      : 5
    runs/car    : 30
    total runs  : 150  (total calls: 2400)
    model       : deepseek-reasoner  at https://api.deepseek.com
    base_seed   : 20260420
    output      : results\exp10_transitionB_rep2.json

--- CAR 1/5: 2014 Mercedes-Benz S550  (M=$96,000.00  cost=$19,000.00  cost/M=19.79%) ---

   run 1/30 on 2014 Mercedes-Benz S550  seed=21260420
      R 1  buy $ 40,647.01   sel     $52,000.00   [strat=opponent_aware_diagnostic] *
      R 2  buy $  9,375.82   sel     $49,500.00   [strat=opponent_aware_diagnostic]
      R 3  buy $ 14,982.27   sel     $44,500.00   [strat=opponent_aware_diagnostic]
      R 4  buy $ 10,691.94   sel     $43,000.00   [strat=opponent_aware_diagnostic]
      R 5  buy $ 18,825.81   sel     $25,000.00   [strat=opponent_aware_diagnostic]
      R 6  buy $  5,449.61   sel     $24,000.00   [strat=market_expert_value_justifier] *
      R 7  buy $  8,361.12   sel     $23,500.00   [strat=market_expert_value_justifier]
      R 8  buy $ 10,790.80   sel     $23,000.00   [strat=market_expert_value_justifier]
      R 9  buy $  8,145.35   sel     $22,500.00   [strat=market_expert_value_justifier]
      R10  buy $ 13,285.96   sel     $21,000.00   [strat=market_expert_value_justifier]
      R11  buy $  7,650.91   sel     $20,500.00   [strat=market_expert_value_justifier]
      R12  buy $  4,955.56   sel     $19,500.00   [strat=reciprocal_fairness_keeper] *
      R13  buy $  2,563.97   sel     $18,500.00   [strat=reciprocal_fairness_keeper]
      R14  buy $  8,317.38   sel     $18,500.00   [strat=reciprocal_fairness_keeper]
      R15  buy $  8,210.56   sel     $19,000.00   [strat=reciprocal_fairness_keeper]
      R16  buy $  5,447.77   sel     $19,000.00   [strat=reciprocal_fairness_keeper]
   run 1 done in 10.5 min

   run 2/30 on 2014 Mercedes-Benz S550  seed=21260421
      R 1  buy $ 62,052.32   sel     $75,000.00   [strat=opponent_aware_diagnostic] *
      R 2  buy $ 46,021.72   sel     $69,000.00   [strat=opponent_aware_diagnostic]
      R 3  buy $ 24,538.23   sel     $59,000.00   [strat=opponent_aware_diagnostic]
      R 4  buy $ 39,601.17   sel     $52,000.00   [strat=opponent_aware_diagnostic]
      R 5  buy $ 49,543.19   sel     $52,000.00   [strat=opponent_aware_diagnostic]
      R 6  buy $ 23,936.76   sel     $50,000.00   [strat=market_expert_value_justifier] *
      R 7  buy $ 43,802.36   sel     $43,802.36   [strat=market_expert_value_justifier]
      R 8  buy $ 18,699.10   sel     $40,000.00   [strat=market_expert_value_justifier]
      R 9  buy $ 33,611.93   sel     $38,500.00   [strat=market_expert_value_justifier]
      R10  buy $  7,058.50   sel     $35,000.00   [strat=market_expert_value_justifier]
      R11  buy $  5,776.84   sel     $30,000.00   [strat=market_expert_value_justifier]
      R12  buy $  4,473.69   sel     $30,000.00   [strat=reciprocal_fairness_keeper] *
      R13  buy $ 27,708.14   sel     $28,500.00   [strat=reciprocal_fairness_keeper]
      R14  buy $ 19,263.16   sel     $26,500.00   [strat=reciprocal_fairness_keeper]
      R15  buy $  2,652.56   sel     $26,500.00   [strat=reciprocal_fairness_keeper]
      R16  buy $ 20,037.10   sel     $24,000.00   [strat=reciprocal_fairness_keeper]
   run 2 done in 9.7 min

   run 3/30 on 2014 Mercedes-Benz S550  seed=21260422
      R 1  buy $ 10,200.98   sel     $25,999.00   [strat=opponent_aware_diagnostic] *
      R 2  buy $ 13,994.53   sel     $24,500.00   [strat=opponent_aware_diagnostic]
      R 3  buy $ 22,488.76   sel     $23,999.00   [strat=opponent_aware_diagnostic]
      R 4  buy $ 12,745.24   sel     $23,999.00   [strat=opponent_aware_diagnostic]
      R 5  buy $ 21,674.22   sel     $22,400.00   [strat=opponent_aware_diagnostic]
      R 6  buy $ 12,139.15   sel     $22,400.00   [strat=market_expert_value_justifier] *
      R 7  buy $ 15,437.78   sel     $21,900.00   [strat=market_expert_value_justifier]
      R 8  buy $ 11,906.15   sel     $21,900.00   [strat=market_expert_value_justifier]
      R 9  buy $ 19,212.74   sel     $20,500.00   [strat=market_expert_value_justifier]
      R10  buy $ 17,156.32   sel     $19,999.00   [strat=market_expert_value_justifier]
      R11  buy $ 10,834.95   sel     $19,999.00   [strat=market_expert_value_justifier]
      R12  buy $ 13,641.07   sel     $19,500.00   [strat=reciprocal_fairness_keeper] *
      R13  buy $ 15,733.33   sel     $19,250.00   [strat=reciprocal_fairness_keeper]
      R14  buy $  6,850.77   sel     $19,250.00   [strat=reciprocal_fairness_keeper]
      R15  buy $ 10,509.26   sel     $19,250.00   [strat=reciprocal_fairness_keeper]
      R16  buy $ 18,884.93   sel     $19,100.00   [strat=reciprocal_fairness_keeper]
   run 3 done in 6.9 min

   run 4/30 on 2014 Mercedes-Benz S550  seed=21260423
      R 1  buy $ 18,119.10   sel     $21,500.00   [strat=opponent_aware_diagnostic] *
      R 2  buy $ 18,691.74   sel     $21,300.00   [strat=opponent_aware_diagnostic]
      R 3  buy $  1,915.56   sel     $20,800.00   [strat=opponent_aware_diagnostic]
      R 4  buy $    988.19   sel     $19,900.00   [strat=opponent_aware_diagnostic]
      R 5  buy $  5,331.18   sel     $19,900.00   [strat=opponent_aware_diagnostic]
      R 6  buy $  1,136.36   sel     $19,900.00   [strat=market_expert_value_justifier] *
      R 7  buy $  9,068.68   sel     $19,500.00   [strat=market_expert_value_justifier]
      R 8  buy $  3,177.18   sel     $19,500.00   [strat=market_expert_value_justifier]
      R 9  buy $ 11,206.79   sel     $19,200.00   [strat=market_expert_value_justifier]
      R10  buy $ 17,643.69   sel     $19,100.00   [strat=market_expert_value_justifier]
      R11  buy $ 18,930.38   sel     $19,050.00   [strat=market_expert_value_justifier]
      R12  buy $ 12,513.52   sel     $19,050.00   [strat=reciprocal_fairness_keeper] *
      R13  buy $ 11,334.70   sel     $19,050.00   [strat=reciprocal_fairness_keeper]
      R14  buy $  6,391.32   sel     $19,050.00   [strat=reciprocal_fairness_keeper]
      R15  buy $ 17,616.40   sel     $18,900.00   [strat=reciprocal_fairness_keeper]
      R16  buy $  5,243.38   sel     $18,900.00   [strat=reciprocal_fairness_keeper]
   run 4 done in 6.7 min

   run 5/30 on 2014 Mercedes-Benz S550  seed=21260424
      R 1  buy $ 14,067.83   sel     $24,500.00   [strat=opponent_aware_diagnostic] *
      R 2  buy $  2,825.78   sel     $23,500.00   [strat=opponent_aware_diagnostic]
      R 3  buy $ 16,767.84   sel     $22,500.00   [strat=opponent_aware_diagnostic]
      R 4  buy $  4,549.01   sel     $21,500.00   [strat=opponent_aware_diagnostic]
      R 5  buy $  1,739.78   sel     $22,500.00   [strat=opponent_aware_diagnostic]
      R 6  buy $ 16,624.75   sel     $21,500.00   [strat=market_expert_value_justifier] *
      R 7  buy $  1,990.85   sel     $21,500.00   [strat=market_expert_value_justifier]
      R 8  buy $  3,979.20   sel     $21,000.00   [strat=market_expert_value_justifier]
      R 9  buy $ 18,813.70   sel     $20,500.00   [strat=market_expert_value_justifier]
      R10  buy $  6,016.41   sel     $20,500.00   [strat=market_expert_value_justifier]
      R11  buy $ 18,347.54   sel     $20,000.00   [strat=market_expert_value_justifier]
      R12  buy $ 16,863.76   sel     $20,500.00   [strat=reciprocal_fairness_keeper] *
      R13  buy $ 10,269.38   sel     $20,500.00   [strat=reciprocal_fairness_keeper]
      R14  buy $ 17,329.96   sel     $20,500.00   [strat=reciprocal_fairness_keeper]
      R15  buy $ 10,435.98   sel     $20,500.00   [strat=reciprocal_fairness_keeper]
      R16  buy $ 11,686.73   sel     $20,500.00   [strat=reciprocal_fairness_keeper]
   run 5 done in 8.3 min

   run 6/30 on 2014 Mercedes-Benz S550  seed=21260425
      R 1  buy $ 20,149.61   sel     $24,500.00   [strat=opponent_aware_diagnostic] *
      R 2  buy $ 23,717.55   sel     $24,200.00   [strat=opponent_aware_diagnostic]
      R 3  buy $    913.08   sel     $24,000.00   [strat=opponent_aware_diagnostic]
      R 4  buy $ 20,315.39   sel     $23,200.00   [strat=opponent_aware_diagnostic]
      R 5  buy $  9,742.66   sel     $23,200.00   [strat=opponent_aware_diagnostic]
      R 6  buy $  9,108.33   sel     $23,200.00   [strat=market_expert_value_justifier] *
      R 7  buy $ 17,991.24   sel     $23,200.00   [strat=market_expert_value_justifier]
      R 8  buy $  2,330.86   sel     $23,200.00   [strat=market_expert_value_justifier]
      R 9  buy $ 10,904.05   sel     $23,200.00   [strat=market_expert_value_justifier]
      R10  buy $  2,304.19   sel     $22,800.00   [strat=market_expert_value_justifier]
      R11  buy $ 12,620.31   sel     $22,500.00   [strat=market_expert_value_justifier]
      R12  buy $ 13,943.12   sel     $22,000.00   [strat=reciprocal_fairness_keeper] *
      R13  buy $    563.76   sel     $22,000.00   [strat=reciprocal_fairness_keeper]
      R14  buy $ 13,358.79   sel     $22,500.00   [strat=reciprocal_fairness_keeper]
      R15  buy $ 20,730.96   sel     $21,500.00   [strat=reciprocal_fairness_keeper]
      R16  buy $ 21,292.33   sel     $21,400.00   [strat=reciprocal_fairness_keeper]
   run 6 done in 6.6 min

   run 7/30 on 2014 Mercedes-Benz S550  seed=21260426
      R 1  buy $ 81,689.69   sel     $94,500.00   [strat=opponent_aware_diagnostic] *
      R 2  buy $ 65,673.62   sel     $89,500.00   [strat=opponent_aware_diagnostic]
      R 3  buy $ 59,007.33   sel     $85,000.00   [strat=opponent_aware_diagnostic]
      R 4  buy $ 57,262.44   sel     $79,500.00   [strat=opponent_aware_diagnostic]
      R 5  buy $ 38,013.45   sel     $78,000.00   [strat=opponent_aware_diagnostic]
      R 6  buy $ 26,835.28   sel     $68,000.00   [strat=market_expert_value_justifier] *
      R 7  buy $ 14,081.27   sel     $65,000.00   [strat=market_expert_value_justifier]
      R 8  buy $ 46,390.38   sel     $62,000.00   [strat=market_expert_value_justifier]
      R 9  buy $ 27,193.80   sel     $60,000.00   [strat=market_expert_value_justifier]
      R10  buy $ 14,132.94   sel     $59,000.00   [strat=market_expert_value_justifier]
      R11  buy $ 56,081.66   sel     $58,000.00   [strat=market_expert_value_justifier]
      R12  buy $ 53,055.27   sel     $57,500.00   [strat=reciprocal_fairness_keeper] *
      R13  buy $ 14,989.72   sel     $57,000.00   [strat=reciprocal_fairness_keeper]
      R14  buy $ 15,305.90   sel     $57,000.00   [strat=reciprocal_fairness_keeper]
      R15  buy $ 19,921.51   sel     $57,000.00   [strat=reciprocal_fairness_keeper]
      R16  buy $ 43,216.67   sel     $55,000.00   [strat=reciprocal_fairness_keeper]
   run 7 done in 10.6 min

   run 8/30 on 2014 Mercedes-Benz S550  seed=21260427
      R 1  buy $ 40,212.46   sel     $45,995.00   [strat=opponent_aware_diagnostic] *
      R 2  buy $ 28,673.98   sel     $42,500.00   [strat=opponent_aware_diagnostic]
      R 3  buy $ 36,870.61   sel     $39,995.00   [strat=opponent_aware_diagnostic]
      R 4  buy $ 15,743.25   sel     $39,995.00   [strat=opponent_aware_diagnostic]
      R 5  buy $ 27,386.61   sel     $38,500.00   [strat=opponent_aware_diagnostic]
      R 6  buy $  4,001.95   sel     $36,995.00   [strat=market_expert_value_justifier] *
      R 7  buy $ 16,629.58   sel     $36,995.00   [strat=market_expert_value_justifier]
      R 8  buy $ 19,632.61   sel     $34,995.00   [strat=market_expert_value_justifier]
      R 9  buy $ 21,153.07   sel     $31,995.00   [strat=market_expert_value_justifier]
      R10  buy $  5,296.09   sel     $29,995.00   [strat=market_expert_value_justifier]
      R11  buy $ 21,679.65   sel     $27,995.00   [strat=market_expert_value_justifier]
      R12  buy $ 24,976.67   sel     $26,500.00   [strat=reciprocal_fairness_keeper] *
      R13  buy $ 19,144.36   sel     $25,500.00   [strat=reciprocal_fairness_keeper]
      R14  buy $  4,503.73   sel     $25,500.00   [strat=reciprocal_fairness_keeper]
      R15  buy $ 11,495.21   sel     $24,500.00   [strat=reciprocal_fairness_keeper]
      R16  buy $ 12,132.74   sel     $23,995.00   [strat=reciprocal_fairness_keeper]
   run 8 done in 11.1 min

   run 9/30 on 2014 Mercedes-Benz S550  seed=21260428
      R 1  buy $ 44,161.94   sel     $49,900.00   [strat=opponent_aware_diagnostic] *
      R 2  buy $  2,055.12   sel     $48,500.00   [strat=opponent_aware_diagnostic]
      R 3  buy $  3,383.93   sel     $47,500.00   [strat=opponent_aware_diagnostic]
      R 4  buy $ 40,456.60   sel     $46,000.00   [strat=opponent_aware_diagnostic]
      R 5  buy $ 38,310.70   sel     $43,500.00   [strat=opponent_aware_diagnostic]
      R 6  buy $  2,450.80   sel     $43,500.00   [strat=market_expert_value_justifier] *
      R 7  buy $ 33,989.03   sel     $42,000.00   [strat=market_expert_value_justifier]
      R 8  buy $ 37,093.13   sel     $40,500.00   [strat=market_expert_value_justifier]
      R 9  buy $ 35,911.37   sel     $39,000.00   [strat=market_expert_value_justifier]
      R10  buy $ 17,163.83   sel     $38,500.00   [strat=market_expert_value_justifier]
      R11  buy $ 19,930.56   sel     $38,000.00   [strat=market_expert_value_justifier]
      R12  buy $ 29,431.26   sel     $36,500.00   [strat=reciprocal_fairness_keeper] *
      R13  buy $ 13,199.88   sel     $36,000.00   [strat=reciprocal_fairness_keeper]
      R14  buy $  2,983.86   sel     $36,000.00   [strat=reciprocal_fairness_keeper]
      R15  buy $ 19,540.22   sel     $35,000.00   [strat=reciprocal_fairness_keeper]
      R16  buy $ 16,178.80   sel     $34,000.00   [strat=reciprocal_fairness_keeper]
   run 9 done in 8.0 min

   run 10/30 on 2014 Mercedes-Benz S550  seed=21260429
      R 1  buy $ 79,948.92   sel     $94,500.00   [strat=opponent_aware_diagnostic] *
      R 2  buy $ 69,737.09   sel     $92,500.00   [strat=opponent_aware_diagnostic]
      R 3  buy $ 92,403.45   sel     $92,403.45   [strat=opponent_aware_diagnostic]
      R 4  buy $ 54,333.13   sel     $89,500.00   [strat=opponent_aware_diagnostic]
      R 5  buy $ 32,495.71   sel     $88,000.00   [strat=opponent_aware_diagnostic]
      R 6  buy $ 61,889.93   sel     $85,000.00   [strat=market_expert_value_justifier] *
      R 7  buy $  4,089.98   sel     $84,500.00   [strat=market_expert_value_justifier]
      R 8  buy $ 32,720.15   sel     $83,000.00   [strat=market_expert_value_justifier]
      R 9  buy $ 79,684.34   sel     $79,684.34   [strat=market_expert_value_justifier]
      R10  buy $ 32,424.84   sel     $82,000.00   [strat=market_expert_value_justifier]
      R11  buy $ 48,560.44   sel     $80,000.00   [strat=market_expert_value_justifier]
      R12  buy $ 59,636.08   sel     $78,000.00   [strat=reciprocal_fairness_keeper] *
      R13  buy $ 56,386.40   sel     $77,500.00   [strat=reciprocal_fairness_keeper]
      R14  buy $  8,974.74   sel     $77,000.00   [strat=reciprocal_fairness_keeper]
      R15  buy $ 23,650.63   sel     $76,500.00   [strat=reciprocal_fairness_keeper]
      R16  buy $ 49,618.69   sel     $75,000.00   [strat=reciprocal_fairness_keeper]
   run 10 done in 7.0 min

   run 11/30 on 2014 Mercedes-Benz S550  seed=21260430
      R 1  buy $ 90,320.27   sel     $95,500.00   [strat=opponent_aware_diagnostic] *
      R 2  buy $ 87,200.68   sel     $94,800.00   [strat=opponent_aware_diagnostic]
      R 3  buy $ 16,655.42   sel     $94,000.00   [strat=opponent_aware_diagnostic]
      R 4  buy $ 77,549.53   sel     $93,500.00   [strat=opponent_aware_diagnostic]
      R 5  buy $ 62,708.32   sel     $92,500.00   [strat=opponent_aware_diagnostic]
      R 6  buy $ 44,962.06   sel     $91,500.00   [strat=market_expert_value_justifier] *
      R 7  buy $ 91,262.46   sel     $91,500.00   [strat=market_expert_value_justifier]
      R 8  buy $ 39,890.76   sel     $91,500.00   [strat=market_expert_value_justifier]
      R 9  buy $ 23,779.04   sel     $91,500.00   [strat=market_expert_value_justifier]
      R10  buy $ 50,015.53   sel     $90,500.00   [strat=market_expert_value_justifier]
      R11  buy $ 72,827.83   sel     $89,000.00   [strat=market_expert_value_justifier]
      R12  buy $ 49,184.46   sel     $88,500.00   [strat=reciprocal_fairness_keeper] *
      R13  buy $ 17,863.37   sel     $88,000.00   [strat=reciprocal_fairness_keeper]
      R14  buy $ 68,143.21   sel     $87,500.00   [strat=reciprocal_fairness_keeper]
      R15  buy $ 83,680.59   sel     $86,500.00   [strat=reciprocal_fairness_keeper]
      R16  buy $ 39,559.37   sel     $86,000.00   [strat=reciprocal_fairness_keeper]
   run 11 done in 7.6 min

   run 12/30 on 2014 Mercedes-Benz S550  seed=21260431
      R 1  buy $ 55,947.34   sel     $58,995.00   [strat=opponent_aware_diagnostic] *
      R 2  buy $ 41,489.82   sel     $57,995.00   [strat=opponent_aware_diagnostic]
      R 3  buy $  9,321.40   sel     $56,995.00   [strat=opponent_aware_diagnostic]
      R 4  buy $ 36,076.41   sel     $55,000.00   [strat=opponent_aware_diagnostic]
      R 5  buy $ 43,675.83   sel     $52,000.00   [strat=opponent_aware_diagnostic]
      R 6  buy $  7,773.23   sel     $49,500.00   [strat=market_expert_value_justifier] *
      R 7  buy $ 31,966.44   sel     $46,500.00   [strat=market_expert_value_justifier]
      R 8  buy $ 33,409.28   sel     $44,000.00   [strat=market_expert_value_justifier]
      R 9  buy $  5,110.64   sel     $42,500.00   [strat=market_expert_value_justifier]
      R10  buy $  2,691.90   sel     $41,500.00   [strat=market_expert_value_justifier]
      R11  buy $ 33,166.97   sel     $40,000.00   [strat=market_expert_value_justifier]
      R12  buy $ 17,527.15   sel     $39,000.00   [strat=reciprocal_fairness_keeper] *
      R13  buy $ 30,012.16   sel     $38,000.00   [strat=reciprocal_fairness_keeper]
      R14  buy $  8,141.00   sel     $37,500.00   [strat=reciprocal_fairness_keeper]
      R15  buy $ 21,347.54   sel     $35,000.00   [strat=reciprocal_fairness_keeper]
      R16  buy $ 17,505.30   sel     $34,000.00   [strat=reciprocal_fairness_keeper]
   run 12 done in 9.5 min

   run 13/30 on 2014 Mercedes-Benz S550  seed=21260432
      R 1  buy $ 14,200.20   sel     $28,995.00   [strat=opponent_aware_diagnostic] *
      R 2  buy $  2,773.62   sel     $27,500.00   [strat=opponent_aware_diagnostic]
      R 3  buy $ 21,927.43   sel     $25,995.00   [strat=opponent_aware_diagnostic]
      R 4  buy $    148.98   sel     $24,995.00   [strat=opponent_aware_diagnostic]
      R 5  buy $  5,858.66   sel     $24,500.00   [strat=opponent_aware_diagnostic]
      R 6  buy $ 21,889.45   sel     $23,995.00   [strat=market_expert_value_justifier] *
      R 7  buy $ 12,185.91   sel     $22,500.00   [strat=market_expert_value_justifier]
      R 8  buy $ 18,758.47   sel     $21,500.00   [strat=market_expert_value_justifier]
      R 9  buy $    190.62   sel     $21,000.00   [strat=market_expert_value_justifier]
      R10  buy $ 14,216.00   sel     $20,500.00   [strat=market_expert_value_justifier]
      R11  buy $ 15,001.03   sel     $19,500.00   [strat=market_expert_value_justifier]
      R12  buy $ 11,333.26   sel     $19,500.00   [strat=reciprocal_fairness_keeper] *
      R13  buy $ 14,568.29   sel     $19,250.00   [strat=reciprocal_fairness_keeper]
      R14  buy $ 10,362.36   sel     $19,200.00   [strat=reciprocal_fairness_keeper]
      R15  buy $ 10,883.73   sel     $19,150.00   [strat=reciprocal_fairness_keeper]
      R16  buy $ 14,338.41   sel     $19,100.00   [strat=reciprocal_fairness_keeper]
   run 13 done in 8.1 min

   run 14/30 on 2014 Mercedes-Benz S550  seed=21260433
      R 1  buy $ 75,060.51   sel     $89,995.00   [strat=opponent_aware_diagnostic] *
      R 2  buy $ 33,023.69   sel     $84,995.00   [strat=opponent_aware_diagnostic]
      R 3  buy $ 15,042.91   sel     $80,000.00   [strat=opponent_aware_diagnostic]
      R 4  buy $ 22,874.63   sel     $78,000.00   [strat=opponent_aware_diagnostic]
      R 5  buy $ 12,446.10   sel     $76,000.00   [strat=opponent_aware_diagnostic]
      R 6  buy $ 50,618.07   sel     $72,000.00   [strat=market_expert_value_justifier] *
      R 7  buy $ 42,345.24   sel     $69,995.00   [strat=market_expert_value_justifier]
      R 8  buy $ 69,347.48   sel     $69,347.48   [strat=market_expert_value_justifier]
      R 9  buy $ 43,842.28   sel     $68,000.00   [strat=market_expert_value_justifier]
      R10  buy $ 25,662.56   sel     $67,000.00   [strat=market_expert_value_justifier]
      R11  buy $ 60,841.73   sel     $64,995.00   [strat=market_expert_value_justifier]
      R12  buy $  6,931.25   sel     $64,995.00   [strat=reciprocal_fairness_keeper] *
      R13  buy $ 10,593.33   sel     $62,995.00   [strat=reciprocal_fairness_keeper]
      R14  buy $ 38,215.88   sel     $61,995.00   [strat=reciprocal_fairness_keeper]
      R15  buy $  7,135.70   sel     $59,995.00   [strat=reciprocal_fairness_keeper]
      R16  buy $  8,077.82   sel     $58,995.00   [strat=reciprocal_fairness_keeper]
   run 14 done in 8.0 min

   run 15/30 on 2014 Mercedes-Benz S550  seed=21260434
      R 1  buy $ 88,435.61   sel     $94,500.00   [strat=opponent_aware_diagnostic] *
      R 2  buy $ 66,484.94   sel     $92,000.00   [strat=opponent_aware_diagnostic]
      R 3  buy $ 82,391.90   sel     $89,500.00   [strat=opponent_aware_diagnostic]
      R 4  buy $ 31,567.43   sel     $89,500.00   [strat=opponent_aware_diagnostic]
      R 5  buy $ 56,043.70   sel     $87,000.00   [strat=opponent_aware_diagnostic]
      R 6  buy $ 18,347.20   sel     $87,000.00   [strat=market_expert_value_justifier] *
      R 7  buy $ 61,845.80   sel     $87,000.00   [strat=market_expert_value_justifier]
      R 8  buy $ 12,992.76   sel     $87,000.00   [strat=market_expert_value_justifier]
      R 9  buy $ 16,784.68   sel     $87,000.00   [strat=market_expert_value_justifier]
      R10  buy $ 35,041.33   sel     $87,000.00   [strat=market_expert_value_justifier]
      R11  buy $ 59,459.17   sel     $86,000.00   [strat=market_expert_value_justifier]
      R12  buy $ 48,443.24   sel     $86,000.00   [strat=reciprocal_fairness_keeper] *
      R13  buy $ 72,469.35   sel     $83,000.00   [strat=reciprocal_fairness_keeper]
      R14  buy $ 42,750.13   sel     $83,000.00   [strat=reciprocal_fairness_keeper]
      R15  buy $ 59,379.73   sel     $79,500.00   [strat=reciprocal_fairness_keeper]
      R16  buy $ 78,628.12   sel     $78,628.12   [strat=reciprocal_fairness_keeper]
   run 15 done in 7.0 min

   run 16/30 on 2014 Mercedes-Benz S550  seed=21260435
      R 1  buy $ 35,903.34   sel     $42,500.00   [strat=opponent_aware_diagnostic] *
      R 2  buy $  2,503.88   sel     $40,000.00   [strat=opponent_aware_diagnostic]
      R 3  buy $  4,057.43   sel     $29,999.00   [strat=opponent_aware_diagnostic]
      R 4  buy $ 23,065.56   sel     $27,500.00   [strat=opponent_aware_diagnostic]
      R 5  buy $  6,839.39   sel     $25,000.00   [strat=opponent_aware_diagnostic]
      R 6  buy $ 19,078.31   sel     $22,000.00   [strat=market_expert_value_justifier] *
      R 7  buy $  5,171.01   sel     $21,000.00   [strat=market_expert_value_justifier]
      R 8  buy $ 10,302.16   sel     $20,000.00   [strat=market_expert_value_justifier]
      R 9  buy $ 10,292.74   sel     $19,500.00   [strat=market_expert_value_justifier]
      R10  buy $ 12,819.14   sel     $19,500.00   [strat=market_expert_value_justifier]
      R11  buy $ 10,920.03   sel     $19,250.00   [strat=market_expert_value_justifier]
      R12  buy $  4,487.09   sel     $19,200.00   [strat=reciprocal_fairness_keeper] *
      R13  buy $  6,539.84   sel     $19,100.00   [strat=reciprocal_fairness_keeper]
      R14  buy $ 15,510.83   sel     $19,000.00   [strat=reciprocal_fairness_keeper]
      R15  buy $  7,521.78   sel     $19,000.00   [strat=reciprocal_fairness_keeper]
      R16  buy $ 13,387.05   sel     $19,000.00   [strat=reciprocal_fairness_keeper]
   run 16 done in 8.7 min

   run 17/30 on 2014 Mercedes-Benz S550  seed=21260436
      R 1  buy $ 51,085.36   sel     $68,500.00   [strat=opponent_aware_diagnostic] *
      R 2  buy $ 32,374.51   sel     $65,000.00   [strat=opponent_aware_diagnostic]
      R 3  buy $ 42,045.26   sel     $62,000.00   [strat=opponent_aware_diagnostic]
      R 4  buy $ 44,844.19   sel     $59,000.00   [strat=opponent_aware_diagnostic]
      R 5  buy $ 38,176.95   sel     $58,000.00   [strat=opponent_aware_diagnostic]
      R 6  buy $ 25,138.00   sel     $57,000.00   [strat=market_expert_value_justifier] *
      R 7  buy $ 36,205.91   sel     $56,000.00   [strat=market_expert_value_justifier]
      R 8  buy $ 39,577.31   sel     $55,000.00   [strat=market_expert_value_justifier]
      R 9  buy $ 39,325.82   sel     $54,000.00   [strat=market_expert_value_justifier]
      R10  buy $ 31,574.17   sel     $53,000.00   [strat=market_expert_value_justifier]
      R11  buy $ 42,303.96   sel     $52,000.00   [strat=market_expert_value_justifier]
      R12  buy $ 44,538.41   sel     $51,000.00   [strat=reciprocal_fairness_keeper] *
      R13  buy $ 50,321.14   sel     $50,500.00   [strat=reciprocal_fairness_keeper]
      R14  buy $ 19,019.29   sel     $52,000.00   [strat=reciprocal_fairness_keeper]
      R15  buy $ 48,966.16   sel     $50,000.00   [strat=reciprocal_fairness_keeper]
      R16  buy $ 34,977.65   sel     $52,000.00   [strat=reciprocal_fairness_keeper]
   run 17 done in 7.9 min

   run 18/30 on 2014 Mercedes-Benz S550  seed=21260437
      R 1  buy $ 32,985.45   sel     $38,500.00   [strat=opponent_aware_diagnostic] *
      R 2  buy $ 29,963.25   sel     $37,500.00   [strat=opponent_aware_diagnostic]
      R 3  buy $ 14,419.17   sel     $36,500.00   [strat=opponent_aware_diagnostic]
      R 4  buy $ 24,296.82   sel     $35,000.00   [strat=opponent_aware_diagnostic]
      R 5  buy $    998.42   sel     $34,500.00   [strat=opponent_aware_diagnostic]
      R 6  buy $ 13,889.93   sel     $33,000.00   [strat=market_expert_value_justifier] *
      R 7  buy $  3,101.89   sel     $32,500.00   [strat=market_expert_value_justifier]
      R 8  buy $ 27,364.53   sel     $29,995.00   [strat=market_expert_value_justifier]
      R 9  buy $ 17,835.70   sel     $28,995.00   [strat=market_expert_value_justifier]
      R10  buy $ 23,062.38   sel     $27,500.00   [strat=market_expert_value_justifier]
      R11  buy $  8,082.36   sel     $27,000.00   [strat=market_expert_value_justifier]
      R12  buy $ 14,167.37   sel     $25,000.00   [strat=reciprocal_fairness_keeper] *
      R13  buy $    212.63   sel     $24,500.00   [strat=reciprocal_fairness_keeper]
      R14  buy $ 18,441.58   sel     $24,000.00   [strat=reciprocal_fairness_keeper]
      R15  buy $  9,493.47   sel     $23,500.00   [strat=reciprocal_fairness_keeper]
      R16  buy $ 18,869.24   sel     $23,000.00   [strat=reciprocal_fairness_keeper]
   run 18 done in 8.4 min

   run 19/30 on 2014 Mercedes-Benz S550  seed=21260438
      R 1  buy $ 74,258.97   sel     $89,500.00   [strat=opponent_aware_diagnostic] *
      R 2  buy $ 70,356.24   sel     $88,000.00   [strat=opponent_aware_diagnostic]
      R 3  buy $ 69,655.20   sel     $87,500.00   [strat=opponent_aware_diagnostic]
      R 4  buy $ 41,690.40   sel     $87,000.00   [strat=opponent_aware_diagnostic]
      R 5  buy $ 17,395.27   sel     $86,000.00   [strat=opponent_aware_diagnostic]
      R 6  buy $  3,787.22   sel     $86,000.00   [strat=market_expert_value_justifier] *
      R 7  buy $ 79,842.63   sel     $85,500.00   [strat=market_expert_value_justifier]
      R 8  buy $ 13,963.08   sel     $85,500.00   [strat=market_expert_value_justifier]
      R 9  buy $ 80,765.42   sel     $82,500.00   [strat=market_expert_value_justifier]
      R10  buy $ 74,005.73   sel     $81,500.00   [strat=market_expert_value_justifier]
      R11  buy $ 27,250.82   sel     $28,500.00   [strat=market_expert_value_justifier]
      R12  buy $ 15,246.26   sel     $29,000.00   [strat=reciprocal_fairness_keeper] *
      R13  buy $  2,715.30   sel     $85,000.00   [strat=reciprocal_fairness_keeper]
      R14  buy $ 20,049.28   sel     $24,500.00   [strat=reciprocal_fairness_keeper]
      R15  buy $ 10,208.83   sel     $85,000.00   [strat=reciprocal_fairness_keeper]
      R16  buy $  7,060.53   sel     $85,000.00   [strat=reciprocal_fairness_keeper]
   run 19 done in 7.3 min

   run 20/30 on 2014 Mercedes-Benz S550  seed=21260439
      R 1  buy $  8,197.75   sel     $32,500.00   [strat=opponent_aware_diagnostic] *
      R 2  buy $ 28,645.59   sel     $31,500.00   [strat=opponent_aware_diagnostic]
      R 3  buy $ 15,494.41   sel     $30,500.00   [strat=opponent_aware_diagnostic]
      R 4  buy $ 28,247.40   sel     $30,000.00   [strat=opponent_aware_diagnostic]
      R 5  buy $ 18,800.96   sel     $29,500.00   [strat=opponent_aware_diagnostic]
      R 6  buy $ 28,845.20   sel     $29,000.00   [strat=market_expert_value_justifier] *
      R 7  buy $  2,863.97   sel     $29,000.00   [strat=market_expert_value_justifier]
      R 8  buy $  5,255.25   sel     $28,500.00   [strat=market_expert_value_justifier]
      R 9  buy $ 22,632.07   sel     $27,500.00   [strat=market_expert_value_justifier]
      R10  buy $ 19,382.90   sel     $25,500.00   [strat=market_expert_value_justifier]
      R11  buy $  2,712.53   sel     $25,000.00   [strat=market_expert_value_justifier]
      R12  buy $  5,262.35   sel     $24,500.00   [strat=reciprocal_fairness_keeper] *
      R13  buy $ 17,923.84   sel     $23,000.00   [strat=reciprocal_fairness_keeper]
      R14  buy $  1,240.75   sel     $22,500.00   [strat=reciprocal_fairness_keeper]
      R15  buy $ 22,094.50   sel     $22,094.50   [strat=reciprocal_fairness_keeper]
      R16  buy $  3,583.39   sel     $22,000.00   [strat=reciprocal_fairness_keeper]
   run 20 done in 5.5 min

   run 21/30 on 2014 Mercedes-Benz S550  seed=21260440
      R 1  buy $ 69,691.31   sel     $84,995.00   [strat=opponent_aware_diagnostic] *
      R 2  buy $ 47,270.75   sel     $83,995.00   [strat=opponent_aware_diagnostic]
      R 3  buy $ 21,526.28   sel     $83,995.00   [strat=opponent_aware_diagnostic]
      R 4  buy $ 68,824.45   sel     $82,500.00   [strat=opponent_aware_diagnostic]
      R 5  buy $ 26,631.13   sel     $81,500.00   [strat=opponent_aware_diagnostic]
      R 6  buy $ 39,112.61   sel     $81,000.00   [strat=market_expert_value_justifier] *
      R 7  buy $ 67,187.47   sel     $80,500.00   [strat=market_expert_value_justifier]
      R 8  buy $ 55,711.47   sel     $80,000.00   [strat=market_expert_value_justifier]
      R 9  buy $ 46,347.12   sel     $79,500.00   [strat=market_expert_value_justifier]
      R10  buy $    355.97   sel     $79,000.00   [strat=market_expert_value_justifier]
      R11  buy $ 53,999.28   sel     $78,000.00   [strat=market_expert_value_justifier]
      R12  buy $ 52,444.39   sel     $77,500.00   [strat=reciprocal_fairness_keeper] *
      R13  buy $ 16,601.78   sel     $77,000.00   [strat=reciprocal_fairness_keeper]
      R14  buy $  6,856.12   sel     $76,500.00   [strat=reciprocal_fairness_keeper]
      R15  buy $ 32,257.91   sel     $76,000.00   [strat=reciprocal_fairness_keeper]
      R16  buy $ 45,349.74   sel     $75,500.00   [strat=reciprocal_fairness_keeper]
   run 21 done in 6.3 min

   run 22/30 on 2014 Mercedes-Benz S550  seed=21260441
      R 1  buy $ 74,007.62   sel     $88,500.00   [strat=opponent_aware_diagnostic] *
      R 2  buy $ 69,908.93   sel     $86,000.00   [strat=opponent_aware_diagnostic]
      R 3  buy $ 50,879.56   sel     $84,500.00   [strat=opponent_aware_diagnostic]
      R 4  buy $ 60,656.71   sel     $82,000.00   [strat=opponent_aware_diagnostic]
      R 5  buy $ 29,235.40   sel     $80,000.00   [strat=opponent_aware_diagnostic]
      R 6  buy $ 73,200.69   sel     $78,500.00   [strat=market_expert_value_justifier] *
      R 7  buy $ 76,894.98   sel     $77,500.00   [strat=market_expert_value_justifier]
      R 8  buy $ 41,091.19   sel     $77,500.00   [strat=market_expert_value_justifier]
      R 9  buy $ 30,365.43   sel     $77,500.00   [strat=market_expert_value_justifier]
      R10  buy $ 17,382.38   sel     $77,500.00   [strat=market_expert_value_justifier]
      R11  buy $ 11,377.74   sel     $77,500.00   [strat=market_expert_value_justifier]
      R12  buy $ 48,645.99   sel     $76,000.00   [strat=reciprocal_fairness_keeper] *
      R13  buy $ 74,479.42   sel     $75,000.00   [strat=reciprocal_fairness_keeper]
      R14  buy $ 20,982.22   sel     $76,000.00   [strat=reciprocal_fairness_keeper]
      R15  buy $ 12,028.05   sel     $78,000.00   [strat=reciprocal_fairness_keeper]
      R16  buy $ 36,096.58   sel     $77,000.00   [strat=reciprocal_fairness_keeper]
   run 22 done in 7.7 min

   run 23/30 on 2014 Mercedes-Benz S550  seed=21260442
      R 1  buy $ 32,766.33   sel     $39,500.00   [strat=opponent_aware_diagnostic] *
      R 2  buy $ 23,545.15   sel     $37,500.00   [strat=opponent_aware_diagnostic]
      R 3  buy $  2,694.45   sel     $36,500.00   [strat=opponent_aware_diagnostic]
      R 4  buy $  4,990.21   sel     $35,000.00   [strat=opponent_aware_diagnostic]
      R 5  buy $ 22,412.53   sel     $31,900.00   [strat=opponent_aware_diagnostic]
      R 6  buy $ 29,251.28   sel     $30,500.00   [strat=market_expert_value_justifier] *
      R 7  buy $ 25,704.76   sel     $29,900.00   [strat=market_expert_value_justifier]
      R 8  buy $ 29,457.84   sel     $29,700.00   [strat=market_expert_value_justifier]
      R 9  buy $  4,166.35   sel     $29,700.00   [strat=market_expert_value_justifier]
      R10  buy $    374.81   sel     $29,500.00   [strat=market_expert_value_justifier]
      R11  buy $ 25,118.35   sel     $28,500.00   [strat=market_expert_value_justifier]
      R12  buy $ 28,455.32   sel     $28,455.32   [strat=reciprocal_fairness_keeper] *
      R13  buy $ 20,639.70   sel     PARSE-FAIL   [strat=reciprocal_fairness_keeper]
      R14  buy $    486.76   sel     $28,500.00   [strat=reciprocal_fairness_keeper]
      R15  buy $ 26,209.63   sel     $27,900.00   [strat=reciprocal_fairness_keeper]
      R16  buy $ 21,461.93   sel     $27,000.00   [strat=reciprocal_fairness_keeper]
   run 23 done in 6.4 min

   run 24/30 on 2014 Mercedes-Benz S550  seed=21260443
      R 1  buy $  9,683.51   sel     $28,500.00   [strat=opponent_aware_diagnostic] *
      R 2  buy $ 21,398.87   sel     $27,500.00   [strat=opponent_aware_diagnostic]
      R 3  buy $ 21,903.55   sel     $26,500.00   [strat=opponent_aware_diagnostic]
      R 4  buy $  9,358.27   sel     $26,000.00   [strat=opponent_aware_diagnostic]
      R 5  buy $ 17,439.89   sel     $25,500.00   [strat=opponent_aware_diagnostic]
      R 6  buy $  2,708.25   sel     $25,500.00   [strat=market_expert_value_justifier] *
      R 7  buy $ 13,429.23   sel     $25,000.00   [strat=market_expert_value_justifier]
      R 8  buy $ 16,841.00   sel     $24,500.00   [strat=market_expert_value_justifier]
      R 9  buy $ 11,151.81   sel     $24,000.00   [strat=market_expert_value_justifier]
      R10  buy $ 23,471.97   sel     $24,000.00   [strat=market_expert_value_justifier]
      R11  buy $  3,243.37   sel     $24,000.00   [strat=market_expert_value_justifier]
      R12  buy $ 21,761.96   sel     $23,000.00   [strat=reciprocal_fairness_keeper] *
      R13  buy $ 16,067.96   sel     $23,000.00   [strat=reciprocal_fairness_keeper]
      R14  buy $ 15,833.90   sel     $23,000.00   [strat=reciprocal_fairness_keeper]
      R15  buy $ 11,382.76   sel     $22,500.00   [strat=reciprocal_fairness_keeper]
      R16  buy $ 11,729.15   sel     $22,250.00   [strat=reciprocal_fairness_keeper]
   run 24 done in 6.6 min

   run 25/30 on 2014 Mercedes-Benz S550  seed=21260444
      R 1  buy $ 68,474.69   sel     $75,000.00   [strat=opponent_aware_diagnostic] *
      R 2  buy $ 54,345.58   sel     $72,500.00   [strat=opponent_aware_diagnostic]
      R 3  buy $ 16,726.66   sel     $70,000.00   [strat=opponent_aware_diagnostic]
      R 4  buy $ 14,103.09   sel     $68,000.00   [strat=opponent_aware_diagnostic]
      R 5  buy $ 56,788.43   sel     $66,000.00   [strat=opponent_aware_diagnostic]
      R 6  buy $  1,475.96   sel     $66,000.00   [strat=market_expert_value_justifier] *
      R 7  buy $ 60,156.24   sel     $64,000.00   [strat=market_expert_value_justifier]
      R 8  buy $ 44,452.83   sel     $62,000.00   [strat=market_expert_value_justifier]
      R 9  buy $ 15,752.30   sel     $61,500.00   [strat=market_expert_value_justifier]
      R10  buy $ 24,616.08   sel     $60,000.00   [strat=market_expert_value_justifier]
      R11  buy $ 23,228.35   sel     $59,000.00   [strat=market_expert_value_justifier]
      R12  buy $ 22,119.59   sel     $58,500.00   [strat=reciprocal_fairness_keeper] *
      R13  buy $ 19,263.34   sel     $58,000.00   [strat=reciprocal_fairness_keeper]
      R14  buy $  9,664.95   sel     $57,500.00   [strat=reciprocal_fairness_keeper]
      R15  buy $ 36,105.07   sel     $50,000.00   [strat=reciprocal_fairness_keeper]
      R16  buy $ 26,487.63   sel     $48,000.00   [strat=reciprocal_fairness_keeper]
   run 25 done in 7.5 min

   run 26/30 on 2014 Mercedes-Benz S550  seed=21260445
      R 1  buy $ 36,501.89   sel     $89,500.00   [strat=opponent_aware_diagnostic] *
      R 2  buy $ 74,143.32   sel     $86,500.00   [strat=opponent_aware_diagnostic]
      R 3  buy $ 77,227.76   sel     $82,000.00   [strat=opponent_aware_diagnostic]
      R 4  buy $ 46,064.87   sel     $80,500.00   [strat=opponent_aware_diagnostic]
      R 5  buy $ 32,854.07   sel     $80,500.00   [strat=opponent_aware_diagnostic]
      R 6  buy $ 51,701.35   sel     $77,500.00   [strat=market_expert_value_justifier] *
      R 7  buy $    483.63   sel     $75,000.00   [strat=market_expert_value_justifier]
      R 8  buy $ 10,447.34   sel     $72,500.00   [strat=market_expert_value_justifier]
      R 9  buy $ 59,185.43   sel     $69,500.00   [strat=market_expert_value_justifier]
      R10  buy $  7,859.61   sel     $67,500.00   [strat=market_expert_value_justifier]
      R11  buy $ 37,887.78   sel     $49,500.00   [strat=market_expert_value_justifier]
      R12  buy $ 16,337.81   sel     $47,500.00   [strat=reciprocal_fairness_keeper] *
      R13  buy $ 42,475.62   sel     $45,000.00   [strat=reciprocal_fairness_keeper]
      R14  buy $ 39,128.17   sel     $42,000.00   [strat=reciprocal_fairness_keeper]
      R15  buy $  4,455.87   sel     $40,000.00   [strat=reciprocal_fairness_keeper]
      R16  buy $ 39,203.92   sel     $39,600.00   [strat=reciprocal_fairness_keeper]
   run 26 done in 6.8 min

   run 27/30 on 2014 Mercedes-Benz S550  seed=21260446
      R 1  buy $ 65,985.72   sel     $92,500.00   [strat=opponent_aware_diagnostic] *
      R 2  buy $ 31,750.53   sel     $89,500.00   [strat=opponent_aware_diagnostic]
      R 3  buy $ 37,611.03   sel     $86,500.00   [strat=opponent_aware_diagnostic]
      R 4  buy $ 29,354.77   sel     $84,500.00   [strat=opponent_aware_diagnostic]
      R 5  buy $ 46,025.97   sel     $82,500.00   [strat=opponent_aware_diagnostic]
      R 6  buy $  6,469.36   sel     $79,500.00   [strat=market_expert_value_justifier] *
      R 7  buy $ 41,100.00   sel     $77,500.00   [strat=market_expert_value_justifier]
      R 8  buy $ 17,348.08   sel     $75,500.00   [strat=market_expert_value_justifier]
      R 9  buy $ 66,375.43   sel     $74,000.00   [strat=market_expert_value_justifier]
      R10  buy $ 24,296.63   sel     $72,000.00   [strat=market_expert_value_justifier]
      R11  buy $ 20,674.50   sel     $20,674.50   [strat=market_expert_value_justifier]
      R12  buy $ 17,724.48   sel     $19,500.00   [strat=reciprocal_fairness_keeper] *
      R13  buy $ 12,155.81   sel     $19,500.00   [strat=reciprocal_fairness_keeper]
      R14  buy $  9,339.46   sel     $19,500.00   [strat=reciprocal_fairness_keeper]
      R15  buy $ 17,282.98   sel     $19,300.00   [strat=reciprocal_fairness_keeper]
      R16  buy $    996.75   sel     $19,300.00   [strat=reciprocal_fairness_keeper]
   run 27 done in 7.9 min

   run 28/30 on 2014 Mercedes-Benz S550  seed=21260447
      R 1  buy $ 68,401.31   sel     $79,999.00   [strat=opponent_aware_diagnostic] *
      R 2  buy $ 55,821.00   sel     $74,500.00   [strat=opponent_aware_diagnostic]
      R 3  buy $ 68,473.51   sel     $71,500.00   [strat=opponent_aware_diagnostic]
      R 4  buy $ 53,939.29   sel     $68,000.00   [strat=opponent_aware_diagnostic]
      R 5  buy $ 22,695.50   sel     $67,500.00   [strat=opponent_aware_diagnostic]
      R 6  buy $ 59,701.73   sel     $64,999.00   [strat=market_expert_value_justifier] *
      R 7  buy $ 43,275.54   sel     $62,500.00   [strat=market_expert_value_justifier]
      R 8  buy $ 21,527.23   sel     $60,000.00   [strat=market_expert_value_justifier]
      R 9  buy $ 33,660.08   sel     $57,500.00   [strat=market_expert_value_justifier]
      R10  buy $  8,255.46   sel     $52,500.00   [strat=market_expert_value_justifier]
      R11  buy $  4,180.95   sel     $49,500.00   [strat=market_expert_value_justifier]
      R12  buy $ 14,022.98   sel     $47,500.00   [strat=reciprocal_fairness_keeper] *
      R13  buy $ 14,348.77   sel     $45,000.00   [strat=reciprocal_fairness_keeper]
      R14  buy $ 10,808.36   sel     $42,500.00   [strat=reciprocal_fairness_keeper]
      R15  buy $ 11,459.59   sel     $40,000.00   [strat=reciprocal_fairness_keeper]
      R16  buy $ 13,798.32   sel     $38,000.00   [strat=reciprocal_fairness_keeper]
   run 28 done in 6.7 min

   run 29/30 on 2014 Mercedes-Benz S550  seed=21260448
      R 1  buy $  3,088.65   sel     $37,000.00   [strat=opponent_aware_diagnostic] *
      R 2  buy $ 13,134.81   sel     $34,000.00   [strat=opponent_aware_diagnostic]
      R 3  buy $ 23,092.24   sel     $30,000.00   [strat=opponent_aware_diagnostic]
      R 4  buy $  2,116.29   sel     $30,000.00   [strat=opponent_aware_diagnostic]
      R 5  buy $  2,001.35   sel     $30,000.00   [strat=opponent_aware_diagnostic]
      R 6  buy $  6,596.46   sel     $30,000.00   [strat=market_expert_value_justifier] *
      R 7  buy $  5,112.97   sel     $30,000.00   [strat=market_expert_value_justifier]
      R 8  buy $ 29,661.18   sel     $29,661.18   [strat=market_expert_value_justifier]
      R 9  buy $ 22,966.34   sel     $30,000.00   [strat=market_expert_value_justifier]
      R10  buy $  9,900.14   sel     $28,000.00   [strat=market_expert_value_justifier]
      R11  buy $ 12,121.37   sel     $26,500.00   [strat=market_expert_value_justifier]
      R12  buy $  8,516.55   sel     $25,000.00   [strat=reciprocal_fairness_keeper] *
      R13  buy $ 10,775.29   sel     $25,000.00   [strat=reciprocal_fairness_keeper]
      R14  buy $  8,860.25   sel     $24,500.00   [strat=reciprocal_fairness_keeper]
      R15  buy $  8,530.16   sel     $24,000.00   [strat=reciprocal_fairness_keeper]
      R16  buy $ 13,223.43   sel     $23,500.00   [strat=reciprocal_fairness_keeper]
   run 29 done in 6.9 min

   run 30/30 on 2014 Mercedes-Benz S550  seed=21260449
      R 1  buy $ 21,959.62   sel     $27,500.00   [strat=opponent_aware_diagnostic] *
      R 2  buy $ 12,778.53   sel     $27,500.00   [strat=opponent_aware_diagnostic]
      R 3  buy $ 12,385.46   sel     $26,500.00   [strat=opponent_aware_diagnostic]
      R 4  buy $  9,988.57   sel     $25,000.00   [strat=opponent_aware_diagnostic]
      R 5  buy $ 14,336.00   sel     $25,000.00   [strat=opponent_aware_diagnostic]
      R 6  buy $  6,880.78   sel     $25,000.00   [strat=market_expert_value_justifier] *
      R 7  buy $ 20,605.09   sel     $24,500.00   [strat=market_expert_value_justifier]
      R 8  buy $ 13,082.78   sel     $23,500.00   [strat=market_expert_value_justifier]
      R 9  buy $  2,324.18   sel     $23,000.00   [strat=market_expert_value_justifier]
      R10  buy $ 22,619.83   sel     $22,619.83   [strat=market_expert_value_justifier]
      R11  buy $  8,663.12   sel     $22,000.00   [strat=market_expert_value_justifier]
      R12  buy $    947.66   sel     $21,500.00   [strat=reciprocal_fairness_keeper] *
      R13  buy $ 13,011.59   sel     $21,000.00   [strat=reciprocal_fairness_keeper]
      R14  buy $  7,315.94   sel     $20,500.00   [strat=reciprocal_fairness_keeper]
      R15  buy $  6,538.90   sel     $20,000.00   [strat=reciprocal_fairness_keeper]
      R16  buy $ 17,268.22   sel     $19,500.00   [strat=reciprocal_fairness_keeper]
   run 30 done in 7.9 min

   ---> checkpoint: car 1/5 done in 234.3 min; total so far 234.3 min; saved 30 runs to exp10_transitionB_rep2.json

--- CAR 2/5: 2016 Cadillac CTS 3.6 Luxury  (M=$45,000.00  cost=$15,750.00  cost/M=35.00%) ---

   run 1/30 on 2016 Cadillac CTS 3.6 Luxury  seed=21261420
      R 1  buy $ 41,219.38   sel     $43,999.00   [strat=opponent_aware_diagnostic] *
      R 2  buy $ 36,331.01   sel     $42,500.00   [strat=opponent_aware_diagnostic]
      R 3  buy $ 19,339.07   sel     $42,000.00   [strat=opponent_aware_diagnostic]
      R 4  buy $  3,698.31   sel     $42,000.00   [strat=opponent_aware_diagnostic]
      R 5  buy $ 10,910.67   sel     $41,000.00   [strat=opponent_aware_diagnostic]
      R 6  buy $ 40,973.50   sel     $40,973.50   [strat=market_expert_value_justifier] *
      R 7  buy $    605.39   sel     $40,973.50   [strat=market_expert_value_justifier]
      R 8  buy $ 31,289.87   sel     $38,000.00   [strat=market_expert_value_justifier]
      R 9  buy $ 32,909.58   sel     $35,000.00   [strat=market_expert_value_justifier]
      R10  buy $ 34,637.28   sel     $34,637.28   [strat=market_expert_value_justifier]
      R11  buy $ 12,125.59   sel     $33,000.00   [strat=market_expert_value_justifier]
      R12  buy $    539.98   sel     $33,000.00   [strat=reciprocal_fairness_keeper] *
      R13  buy $ 10,725.23   sel     $32,500.00   [strat=reciprocal_fairness_keeper]
      R14  buy $ 19,580.66   sel     $31,500.00   [strat=reciprocal_fairness_keeper]
      R15  buy $ 18,982.67   sel     $30,000.00   [strat=reciprocal_fairness_keeper]
      R16  buy $ 11,412.41   sel     $29,500.00   [strat=reciprocal_fairness_keeper]
   run 1 done in 6.4 min

   run 2/30 on 2016 Cadillac CTS 3.6 Luxury  seed=21261421
      R 1  buy $ 42,388.05   sel     $43,995.00   [strat=opponent_aware_diagnostic] *
      R 2  buy $ 21,799.02   sel     $43,500.00   [strat=opponent_aware_diagnostic]
      R 3  buy $ 11,769.80   sel     $43,000.00   [strat=opponent_aware_diagnostic]
      R 4  buy $ 24,424.06   sel     $34,995.00   [strat=opponent_aware_diagnostic]
      R 5  buy $ 26,523.49   sel     $32,500.00   [strat=opponent_aware_diagnostic]
      R 6  buy $ 28,802.53   sel     $31,500.00   [strat=market_expert_value_justifier] *
      R 7  buy $ 23,383.55   sel     $30,000.00   [strat=market_expert_value_justifier]
      R 8  buy $ 14,295.63   sel     $29,500.00   [strat=market_expert_value_justifier]
      R 9  buy $ 17,010.27   sel     $28,500.00   [strat=market_expert_value_justifier]
      R10  buy $ 27,331.07   sel     $27,995.00   [strat=market_expert_value_justifier]
      R11  buy $  8,533.67   sel     $27,500.00   [strat=market_expert_value_justifier]
      R12  buy $ 12,680.20   sel     $27,250.00   [strat=reciprocal_fairness_keeper] *
      R13  buy $ 12,150.14   sel     $27,000.00   [strat=reciprocal_fairness_keeper]
      R14  buy $ 26,785.07   sel     $26,895.00   [strat=reciprocal_fairness_keeper]
      R15  buy $  1,666.94   sel     $26,895.00   [strat=reciprocal_fairness_keeper]
      R16  buy $ 12,099.38   sel     PARSE-FAIL   [strat=reciprocal_fairness_keeper]
   run 2 done in 6.9 min

   run 3/30 on 2016 Cadillac CTS 3.6 Luxury  seed=21261422
      R 1  buy $ 29,732.61   sel     $34,500.00   [strat=opponent_aware_diagnostic] *
      R 2  buy $ 17,099.70   sel     $34,000.00   [strat=opponent_aware_diagnostic]
      R 3  buy $  9,079.36   sel     $33,500.00   [strat=opponent_aware_diagnostic]
      R 4  buy $  3,949.82   sel     $33,000.00   [strat=opponent_aware_diagnostic]
      R 5  buy $ 32,535.68   sel     $32,800.00   [strat=opponent_aware_diagnostic]
      R 6  buy $ 24,727.87   sel     $31,500.00   [strat=market_expert_value_justifier] *
      R 7  buy $ 21,570.46   sel     $30,500.00   [strat=market_expert_value_justifier]
      R 8  buy $ 19,573.75   sel     $28,900.00   [strat=market_expert_value_justifier]
      R 9  buy $ 27,502.87   sel     $27,900.00   [strat=market_expert_value_justifier]
      R10  buy $ 15,163.31   sel     $27,900.00   [strat=market_expert_value_justifier]
      R11  buy $  1,371.42   sel     $27,502.87   [strat=market_expert_value_justifier]
      R12  buy $ 24,088.80   sel     $26,500.00   [strat=reciprocal_fairness_keeper] *
      R13  buy $ 21,251.47   sel     $24,500.00   [strat=reciprocal_fairness_keeper]
      R14  buy $ 17,278.27   sel     $22,500.00   [strat=reciprocal_fairness_keeper]
      R15  buy $ 16,528.94   sel     $19,500.00   [strat=reciprocal_fairness_keeper]
      R16  buy $ 13,165.65   sel     $18,500.00   [strat=reciprocal_fairness_keeper]
   run 3 done in 7.4 min

   run 4/30 on 2016 Cadillac CTS 3.6 Luxury  seed=21261423
      R 1  buy $ 29,373.54   sel     $34,995.00   [strat=opponent_aware_diagnostic] *
      R 2  buy $ 27,942.44   sel     $33,995.00   [strat=opponent_aware_diagnostic]
      R 3  buy $ 19,785.14   sel     $32,500.00   [strat=opponent_aware_diagnostic]
      R 4  buy $ 25,177.47   sel     $31,500.00   [strat=opponent_aware_diagnostic]
      R 5  buy $ 22,365.92   sel     $30,500.00   [strat=opponent_aware_diagnostic]
      R 6  buy $ 11,162.22   sel     $30,000.00   [strat=market_expert_value_justifier] *
      R 7  buy $ 17,279.94   sel     $29,500.00   [strat=market_expert_value_justifier]
      R 8  buy $  3,172.49   sel     $29,500.00   [strat=market_expert_value_justifier]
      R 9  buy $ 13,517.81   sel     $28,500.00   [strat=market_expert_value_justifier]
      R10  buy $ 16,139.24   sel     $27,500.00   [strat=market_expert_value_justifier]
      R11  buy $ 20,124.59   sel     $25,000.00   [strat=market_expert_value_justifier]
      R12  buy $ 12,138.99   sel     $24,500.00   [strat=reciprocal_fairness_keeper] *
      R13  buy $ 22,000.54   sel     $24,000.00   [strat=reciprocal_fairness_keeper]
      R14  buy $ 19,900.59   sel     $23,000.00   [strat=reciprocal_fairness_keeper]
      R15  buy $ 10,598.03   sel     $22,500.00   [strat=reciprocal_fairness_keeper]
      R16  buy $  7,775.59   sel     $22,000.00   [strat=reciprocal_fairness_keeper]
   run 4 done in 8.2 min

   run 5/30 on 2016 Cadillac CTS 3.6 Luxury  seed=21261424
      R 1  buy $ 19,601.79   sel     $28,995.00   [strat=opponent_aware_diagnostic] *
      R 2  buy $ 17,679.84   sel     $26,500.00   [strat=opponent_aware_diagnostic]
      R 3  buy $  3,176.40   sel     $25,000.00   [strat=opponent_aware_diagnostic]
      R 4  buy $ 22,050.14   sel     $24,000.00   [strat=opponent_aware_diagnostic]
      R 5  buy $  8,728.01   sel     $23,500.00   [strat=opponent_aware_diagnostic]
      R 6  buy $ 16,433.78   sel     $22,500.00   [strat=market_expert_value_justifier] *
      R 7  buy $  8,556.05   sel     $21,750.00   [strat=market_expert_value_justifier]
      R 8  buy $ 20,208.23   sel     $21,000.00   [strat=market_expert_value_justifier]
      R 9  buy $  1,482.14   sel     $20,500.00   [strat=market_expert_value_justifier]
      R10  buy $  1,808.52   sel     $19,500.00   [strat=market_expert_value_justifier]
      R11  buy $  1,699.48   sel     $19,000.00   [strat=market_expert_value_justifier]
      R12  buy $  2,274.10   sel     $18,500.00   [strat=reciprocal_fairness_keeper] *
      R13  buy $    521.74   sel     $17,500.00   [strat=reciprocal_fairness_keeper]
      R14  buy $  2,274.09   sel     $17,250.00   [strat=reciprocal_fairness_keeper]
      R15  buy $ 16,562.45   sel     $16,800.00   [strat=reciprocal_fairness_keeper]
      R16  buy $ 16,459.93   sel     $16,600.00   [strat=reciprocal_fairness_keeper]
   run 5 done in 5.8 min

   run 6/30 on 2016 Cadillac CTS 3.6 Luxury  seed=21261425
      R 1  buy $ 13,347.18   sel     $17,995.00   [strat=opponent_aware_diagnostic] *
      R 2  buy $  5,109.97   sel     $17,500.00   [strat=opponent_aware_diagnostic]
      R 3  buy $ 13,014.91   sel     $16,500.00   [strat=opponent_aware_diagnostic]
      R 4  buy $  4,215.33   sel     $16,500.00   [strat=opponent_aware_diagnostic]
      R 5  buy $ 12,153.12   sel     $16,000.00   [strat=opponent_aware_diagnostic]
      R 6  buy $  1,854.25   sel     $15,900.00   [strat=market_expert_value_justifier] *
      R 7  buy $  5,773.72   sel     $15,900.00   [strat=market_expert_value_justifier]
      R 8  buy $  6,438.36   sel     $15,850.00   [strat=market_expert_value_justifier]
      R 9  buy $  6,442.74   sel     $15,850.00   [strat=market_expert_value_justifier]
      R10  buy $  7,809.77   sel     $15,800.00   [strat=market_expert_value_justifier]
      R11  buy $  2,597.64   sel     $15,800.00   [strat=market_expert_value_justifier]
      R12  buy $ 10,478.29   sel     $15,795.00   [strat=reciprocal_fairness_keeper] *
      R13  buy $  2,864.49   sel     $15,795.00   [strat=reciprocal_fairness_keeper]
      R14  buy $  1,146.99   sel     $15,790.00   [strat=reciprocal_fairness_keeper]
      R15  buy $  5,739.65   sel     $15,785.00   [strat=reciprocal_fairness_keeper]
      R16  buy $  2,185.36   sel     $15,780.00   [strat=reciprocal_fairness_keeper]
   run 6 done in 6.5 min

   run 7/30 on 2016 Cadillac CTS 3.6 Luxury  seed=21261426
      R 1  buy $ 21,115.24   sel     $23,000.00   [strat=opponent_aware_diagnostic] *
      R 2  buy $ 16,760.95   sel     $22,500.00   [strat=opponent_aware_diagnostic]
      R 3  buy $  6,525.09   sel     $22,000.00   [strat=opponent_aware_diagnostic]
      R 4  buy $ 10,836.39   sel     $21,500.00   [strat=opponent_aware_diagnostic]
      R 5  buy $ 20,410.26   sel     $21,000.00   [strat=opponent_aware_diagnostic]
      R 6  buy $  2,553.80   sel     $21,000.00   [strat=market_expert_value_justifier] *
      R 7  buy $ 11,148.51   sel     $20,500.00   [strat=market_expert_value_justifier]
      R 8  buy $  4,893.31   sel     $20,000.00   [strat=market_expert_value_justifier]
      R 9  buy $  3,254.20   sel     $19,500.00   [strat=market_expert_value_justifier]
      R10  buy $ 13,678.89   sel     $19,000.00   [strat=market_expert_value_justifier]
      R11  buy $  9,926.08   sel     $18,500.00   [strat=market_expert_value_justifier]
      R12  buy $ 15,613.48   sel     $17,000.00   [strat=reciprocal_fairness_keeper] *
      R13  buy $    810.53   sel     $16,500.00   [strat=reciprocal_fairness_keeper]
      R14  buy $  9,998.47   sel     $16,000.00   [strat=reciprocal_fairness_keeper]
      R15  buy $ 10,740.00   sel     $15,800.00   [strat=reciprocal_fairness_keeper]
      R16  buy $ 13,924.22   sel     $15,800.00   [strat=reciprocal_fairness_keeper]
   run 7 done in 6.9 min

   run 8/30 on 2016 Cadillac CTS 3.6 Luxury  seed=21261427
      R 1  buy $ 17,400.38   sel     $19,250.00   [strat=opponent_aware_diagnostic] *
      R 2  buy $  6,352.90   sel     $18,999.99   [strat=opponent_aware_diagnostic]
      R 3  buy $  4,524.19   sel     $18,500.00   [strat=opponent_aware_diagnostic]
      R 4  buy $  5,424.35   sel     $17,950.00   [strat=opponent_aware_diagnostic]
      R 5  buy $  8,470.80   sel     $17,500.00   [strat=opponent_aware_diagnostic]
      R 6  buy $ 14,278.80   sel     $17,250.00   [strat=market_expert_value_justifier] *
      R 7  buy $  8,420.07   sel     $16,995.00   [strat=market_expert_value_justifier]
      R 8  buy $    990.19   sel     $16,900.00   [strat=market_expert_value_justifier]
      R 9  buy $  9,566.61   sel     $16,895.00   [strat=market_expert_value_justifier]
      R10  buy $ 14,172.72   sel     $16,800.00   [strat=market_expert_value_justifier]
      R11  buy $  8,023.39   sel     $16,750.00   [strat=market_expert_value_justifier]
      R12  buy $  6,820.22   sel     $16,700.00   [strat=reciprocal_fairness_keeper] *
      R13  buy $  4,059.14   sel     $16,700.00   [strat=reciprocal_fairness_keeper]
      R14  buy $  9,616.83   sel     $16,500.00   [strat=reciprocal_fairness_keeper]
      R15  buy $ 11,685.17   sel     $16,250.00   [strat=reciprocal_fairness_keeper]
      R16  buy $  7,110.70   sel     $16,200.00   [strat=reciprocal_fairness_keeper]
   run 8 done in 5.8 min

   run 9/30 on 2016 Cadillac CTS 3.6 Luxury  seed=21261428
      R 1  buy $ 41,446.43   sel     $44,500.00   [strat=opponent_aware_diagnostic] *
      R 2  buy $  5,824.82   sel     $43,000.00   [strat=opponent_aware_diagnostic]
      R 3  buy $ 30,056.62   sel     $39,500.00   [strat=opponent_aware_diagnostic]
      R 4  buy $ 20,685.69   sel     $24,500.00   [strat=opponent_aware_diagnostic]
      R 5  buy $ 13,252.56   sel     $21,500.00   [strat=opponent_aware_diagnostic]
      R 6  buy $  8,915.82   sel     $19,000.00   [strat=market_expert_value_justifier] *
      R 7  buy $  1,615.81   sel     $18,500.00   [strat=market_expert_value_justifier]
      R 8  buy $  5,478.74   sel     $16,500.00   [strat=market_expert_value_justifier]
      R 9  buy $  5,118.34   sel     $15,900.00   [strat=market_expert_value_justifier]
      R10  buy $  2,941.86   sel     $15,800.00   [strat=market_expert_value_justifier]
      R11  buy $  5,434.83   sel     $15,800.00   [strat=market_expert_value_justifier]
      R12  buy $ 10,395.75   sel     $15,800.00   [strat=reciprocal_fairness_keeper] *
      R13  buy $  1,923.19   sel     $15,800.00   [strat=reciprocal_fairness_keeper]
      R14  buy $ 12,224.50   sel     $15,800.00   [strat=reciprocal_fairness_keeper]
      R15  buy $ 10,008.66   sel     $15,800.00   [strat=reciprocal_fairness_keeper]
      R16  buy $  6,703.24   sel     $15,800.00   [strat=reciprocal_fairness_keeper]
   run 9 done in 8.2 min

   run 10/30 on 2016 Cadillac CTS 3.6 Luxury  seed=21261429
      R 1  buy $ 42,317.35   sel     $44,500.00   [strat=opponent_aware_diagnostic] *
      R 2  buy $ 21,552.22   sel     $43,500.00   [strat=opponent_aware_diagnostic]
      R 3  buy $ 21,975.19   sel     $42,000.00   [strat=opponent_aware_diagnostic]
      R 4  buy $ 29,885.52   sel     $41,500.00   [strat=opponent_aware_diagnostic]
      R 5  buy $  3,584.39   sel     $41,000.00   [strat=opponent_aware_diagnostic]
      R 6  buy $  9,319.26   sel     $40,500.00   [strat=market_expert_value_justifier] *
      R 7  buy $ 35,165.99   sel     $37,500.00   [strat=market_expert_value_justifier]
      R 8  buy $ 28,500.66   sel     $36,000.00   [strat=market_expert_value_justifier]
      R 9  buy $ 25,073.01   sel     $35,000.00   [strat=market_expert_value_justifier]
      R10  buy $  5,981.34   sel     $34,000.00   [strat=market_expert_value_justifier]
      R11  buy $ 28,502.38   sel     $31,250.00   [strat=market_expert_value_justifier]
      R12  buy $ 22,472.23   sel     $30,000.00   [strat=reciprocal_fairness_keeper] *
      R13  buy $ 14,984.68   sel     $27,500.00   [strat=reciprocal_fairness_keeper]
      R14  buy $ 14,773.97   sel     $26,000.00   [strat=reciprocal_fairness_keeper]
      R15  buy $ 20,775.97   sel     $25,000.00   [strat=reciprocal_fairness_keeper]
      R16  buy $ 14,131.74   sel     $24,500.00   [strat=reciprocal_fairness_keeper]
   run 10 done in 6.0 min

   run 11/30 on 2016 Cadillac CTS 3.6 Luxury  seed=21261430
      R 1  buy $ 36,101.40   sel     $42,500.00   [strat=opponent_aware_diagnostic] *
      R 2  buy $ 30,255.53   sel     $41,000.00   [strat=opponent_aware_diagnostic]
      R 3  buy $ 34,033.87   sel     $39,500.00   [strat=opponent_aware_diagnostic]
      R 4  buy $  2,815.41   sel     $38,500.00   [strat=opponent_aware_diagnostic]
      R 5  buy $  7,822.12   sel     $37,500.00   [strat=opponent_aware_diagnostic]
      R 6  buy $ 20,325.20   sel     $36,500.00   [strat=market_expert_value_justifier] *
      R 7  buy $  3,473.23   sel     $36,000.00   [strat=market_expert_value_justifier]
      R 8  buy $ 31,230.80   sel     $35,500.00   [strat=market_expert_value_justifier]
      R 9  buy $  1,426.57   sel     $35,000.00   [strat=market_expert_value_justifier]
      R10  buy $ 24,306.87   sel     $34,500.00   [strat=market_expert_value_justifier]
      R11  buy $  3,165.12   sel     $34,500.00   [strat=market_expert_value_justifier]
      R12  buy $  3,240.27   sel     $34,500.00   [strat=reciprocal_fairness_keeper] *
      R13  buy $ 21,345.83   sel     $33,500.00   [strat=reciprocal_fairness_keeper]
      R14  buy $ 15,512.90   sel     $33,000.00   [strat=reciprocal_fairness_keeper]
      R15  buy $    422.30   sel     $33,000.00   [strat=reciprocal_fairness_keeper]
      R16  buy $ 27,959.87   sel     $32,000.00   [strat=reciprocal_fairness_keeper]
   run 11 done in 5.9 min

   run 12/30 on 2016 Cadillac CTS 3.6 Luxury  seed=21261431
      R 1  buy $ 21,529.10   sel     $23,995.00   [strat=opponent_aware_diagnostic] *
      R 2  buy $  8,060.88   sel     $23,995.00   [strat=opponent_aware_diagnostic]
      R 3  buy $ 15,364.20   sel     $23,995.00   [strat=opponent_aware_diagnostic]
      R 4  buy $  4,015.77   sel     $23,995.00   [strat=opponent_aware_diagnostic]
      R 5  buy $  7,070.14   sel     $23,995.00   [strat=opponent_aware_diagnostic]
      R 6  buy $ 15,416.68   sel     $23,995.00   [strat=market_expert_value_justifier] *
      R 7  buy $ 17,045.70   sel     $23,500.00   [strat=market_expert_value_justifier]
      R 8  buy $ 20,266.01   sel     $22,500.00   [strat=market_expert_value_justifier]
      R 9  buy $  5,926.67   sel     $22,500.00   [strat=market_expert_value_justifier]
      R10  buy $  5,209.99   sel     $22,000.00   [strat=market_expert_value_justifier]
      R11  buy $ 13,425.84   sel     $22,000.00   [strat=market_expert_value_justifier]
      R12  buy $  3,584.43   sel     $21,999.99   [strat=reciprocal_fairness_keeper] *
      R13  buy $ 16,907.85   sel     $19,500.00   [strat=reciprocal_fairness_keeper]
      R14  buy $  5,294.11   sel     $18,500.00   [strat=reciprocal_fairness_keeper]
      R15  buy $ 18,305.28   sel     $18,400.00   [strat=reciprocal_fairness_keeper]
      R16  buy $  1,071.72   sel     $18,500.00   [strat=reciprocal_fairness_keeper]
   run 12 done in 5.1 min

   run 13/30 on 2016 Cadillac CTS 3.6 Luxury  seed=21261432
      R 1  buy $  5,131.82   sel     $19,500.00   [strat=opponent_aware_diagnostic] *
      R 2  buy $ 15,057.20   sel     $18,500.00   [strat=opponent_aware_diagnostic]
      R 3  buy $    683.35   sel     $18,000.00   [strat=opponent_aware_diagnostic]
      R 4  buy $    583.93   sel     $17,500.00   [strat=opponent_aware_diagnostic]
      R 5  buy $  5,873.55   sel     $17,250.00   [strat=opponent_aware_diagnostic]
      R 6  buy $ 17,061.11   sel     $17,061.11   [strat=market_expert_value_justifier] *
      R 7  buy $ 12,773.96   sel     $16,900.00   [strat=market_expert_value_justifier]
      R 8  buy $ 15,677.60   sel     $16,500.00   [strat=market_expert_value_justifier]
      R 9  buy $ 15,264.91   sel     $16,300.00   [strat=market_expert_value_justifier]
      R10  buy $  2,016.84   sel     $16,000.00   [strat=market_expert_value_justifier]
      R11  buy $  4,870.29   sel     $16,000.00   [strat=market_expert_value_justifier]
      R12  buy $ 10,612.62   sel     $15,900.00   [strat=reciprocal_fairness_keeper] *
      R13  buy $ 12,972.71   sel     $15,800.00   [strat=reciprocal_fairness_keeper]
      R14  buy $ 14,727.49   sel     $15,600.00   [strat=reciprocal_fairness_keeper]
      R15  buy $ 14,736.04   sel     $15,400.00   [strat=reciprocal_fairness_keeper]
      R16  buy $  7,640.45   sel     $15,400.00   [strat=reciprocal_fairness_keeper]
   run 13 done in 4.7 min

   run 14/30 on 2016 Cadillac CTS 3.6 Luxury  seed=21261433
      R 1  buy $ 28,905.11   sel     $31,500.00   [strat=opponent_aware_diagnostic] *
      R 2  buy $ 18,417.58   sel     $30,500.00   [strat=opponent_aware_diagnostic]
      R 3  buy $ 21,183.75   sel     $29,900.00   [strat=opponent_aware_diagnostic]
      R 4  buy $  4,802.58   sel     $29,900.00   [strat=opponent_aware_diagnostic]
      R 5  buy $    772.56   sel     $29,900.00   [strat=opponent_aware_diagnostic]
      R 6  buy $  8,017.70   sel     $29,900.00   [strat=market_expert_value_justifier] *
      R 7  buy $  8,180.35   sel     $29,900.00   [strat=market_expert_value_justifier]
      R 8  buy $    469.79   sel     $29,900.00   [strat=market_expert_value_justifier]
      R 9  buy $  4,624.49   sel     $29,900.00   [strat=market_expert_value_justifier]
      R10  buy $ 14,131.63   sel     $29,900.00   [strat=market_expert_value_justifier]
      R11  buy $ 16,104.37   sel     $29,900.00   [strat=market_expert_value_justifier]
      R12  buy $ 21,226.43   sel     $27,500.00   [strat=reciprocal_fairness_keeper] *
      R13  buy $  9,212.79   sel     $27,500.00   [strat=reciprocal_fairness_keeper]
      R14  buy $ 20,947.01   sel     $26,500.00   [strat=reciprocal_fairness_keeper]
      R15  buy $ 24,271.56   sel     $25,500.00   [strat=reciprocal_fairness_keeper]
      R16  buy $ 21,375.08   sel     $25,000.00   [strat=reciprocal_fairness_keeper]
   run 14 done in 4.7 min

   run 15/30 on 2016 Cadillac CTS 3.6 Luxury  seed=21261434
      R 1  buy $ 28,946.62   sel     $34,500.00   [strat=opponent_aware_diagnostic] *
      R 2  buy $  8,098.63   sel     $32,000.00   [strat=opponent_aware_diagnostic]
      R 3  buy $ 25,787.15   sel     $29,000.00   [strat=opponent_aware_diagnostic]
      R 4  buy $  3,366.15   sel     $28,500.00   [strat=opponent_aware_diagnostic]
      R 5  buy $ 28,362.03   sel     $28,362.03   [strat=opponent_aware_diagnostic]
      R 6  buy $ 10,288.31   sel     $28,000.00   [strat=market_expert_value_justifier] *
      R 7  buy $ 14,288.13   sel     $27,500.00   [strat=market_expert_value_justifier]
      R 8  buy $  2,376.58   sel     $27,500.00   [strat=market_expert_value_justifier]
      R 9  buy $ 19,751.91   sel     $26,500.00   [strat=market_expert_value_justifier]
      R10  buy $ 25,290.71   sel     $26,000.00   [strat=market_expert_value_justifier]
      R11  buy $ 21,418.28   sel     $25,500.00   [strat=market_expert_value_justifier]
      R12  buy $ 10,176.20   sel     $25,000.00   [strat=reciprocal_fairness_keeper] *
      R13  buy $ 14,218.04   sel     $24,500.00   [strat=reciprocal_fairness_keeper]
      R14  buy $  6,209.03   sel     $24,000.00   [strat=reciprocal_fairness_keeper]
      R15  buy $ 19,776.77   sel     $22,500.00   [strat=reciprocal_fairness_keeper]
      R16  buy $ 15,901.79   sel     $22,000.00   [strat=reciprocal_fairness_keeper]
   run 15 done in 6.5 min

   run 16/30 on 2016 Cadillac CTS 3.6 Luxury  seed=21261435
      R 1  buy $ 18,210.30   sel     $21,500.00   [strat=opponent_aware_diagnostic] *
      R 2  buy $ 10,907.59   sel     $19,999.00   [strat=opponent_aware_diagnostic]
      R 3  buy $ 10,779.79   sel     $19,500.00   [strat=opponent_aware_diagnostic]
      R 4  buy $ 10,048.61   sel     $19,000.00   [strat=opponent_aware_diagnostic]
      R 5  buy $ 10,335.19   sel     $19,000.00   [strat=opponent_aware_diagnostic]
      R 6  buy $  2,563.72   sel     $19,000.00   [strat=market_expert_value_justifier] *
      R 7  buy $  2,716.72   sel     $19,000.00   [strat=market_expert_value_justifier]
      R 8  buy $ 14,108.35   sel     $18,500.00   [strat=market_expert_value_justifier]
      R 9  buy $  3,065.75   sel     $18,500.00   [strat=market_expert_value_justifier]
      R10  buy $  2,685.78   sel     $18,500.00   [strat=market_expert_value_justifier]
      R11  buy $ 13,683.87   sel     $17,500.00   [strat=market_expert_value_justifier]
      R12  buy $  1,395.49   sel     $17,500.00   [strat=reciprocal_fairness_keeper] *
      R13  buy $  2,415.81   sel     $17,500.00   [strat=reciprocal_fairness_keeper]
      R14  buy $ 16,891.89   sel     $17,250.00   [strat=reciprocal_fairness_keeper]
      R15  buy $  6,958.91   sel     $17,250.00   [strat=reciprocal_fairness_keeper]
      R16  buy $  7,714.46   sel     $17,000.00   [strat=reciprocal_fairness_keeper]
   run 16 done in 7.3 min

   run 17/30 on 2016 Cadillac CTS 3.6 Luxury  seed=21261436
      R 1  buy $ 37,614.35   sel     $43,500.00   [strat=opponent_aware_diagnostic] *
      R 2  buy $ 23,748.65   sel     $42,000.00   [strat=opponent_aware_diagnostic]
      R 3  buy $ 36,853.34   sel     $41,500.00   [strat=opponent_aware_diagnostic]
      R 4  buy $  2,270.05   sel     $41,500.00   [strat=opponent_aware_diagnostic]
      R 5  buy $ 29,975.83   sel     $38,500.00   [strat=opponent_aware_diagnostic]
      R 6  buy $ 34,480.59   sel     $37,000.00   [strat=market_expert_value_justifier] *
      R 7  buy $ 33,033.77   sel     $36,000.00   [strat=market_expert_value_justifier]
      R 8  buy $ 24,967.75   sel     $35,500.00   [strat=market_expert_value_justifier]
      R 9  buy $  6,846.27   sel     $35,000.00   [strat=market_expert_value_justifier]
      R10  buy $ 30,164.47   sel     $34,000.00   [strat=market_expert_value_justifier]
      R11  buy $ 18,338.12   sel     $33,500.00   [strat=market_expert_value_justifier]
      R12  buy $    705.65   sel     $33,500.00   [strat=reciprocal_fairness_keeper] *
      R13  buy $ 22,053.85   sel     $32,500.00   [strat=reciprocal_fairness_keeper]
      R14  buy $  8,452.21   sel     $32,000.00   [strat=reciprocal_fairness_keeper]
      R15  buy $  7,498.02   sel     $31,000.00   [strat=reciprocal_fairness_keeper]
      R16  buy $ 27,990.90   sel     $30,500.00   [strat=reciprocal_fairness_keeper]
   run 17 done in 5.5 min

   run 18/30 on 2016 Cadillac CTS 3.6 Luxury  seed=21261437
      R 1  buy $ 15,741.18   sel     $17,500.00   [strat=opponent_aware_diagnostic] *
      R 2  buy $ 14,348.10   sel     $17,000.00   [strat=opponent_aware_diagnostic]
      R 3  buy $ 15,980.28   sel     $16,500.00   [strat=opponent_aware_diagnostic]
      R 4  buy $  2,709.80   sel     $16,250.00   [strat=opponent_aware_diagnostic]
      R 5  buy $  2,265.97   sel     $16,000.00   [strat=opponent_aware_diagnostic]
      R 6  buy $    447.61   sel     $16,000.00   [strat=market_expert_value_justifier] *
      R 7  buy $  6,777.19   sel     $16,000.00   [strat=market_expert_value_justifier]
      R 8  buy $ 13,643.12   sel     $15,900.00   [strat=market_expert_value_justifier]
      R 9  buy $  1,275.12   sel     $15,900.00   [strat=market_expert_value_justifier]
      R10  buy $    519.70   sel     $15,900.00   [strat=market_expert_value_justifier]
      R11  buy $  9,223.41   sel     $15,900.00   [strat=market_expert_value_justifier]
      R12  buy $ 15,878.34   sel     $15,878.34   [strat=reciprocal_fairness_keeper] *
      R13  buy $ 10,744.96   sel     $15,900.00   [strat=reciprocal_fairness_keeper]
      R14  buy $  9,545.31   sel     $15,950.00   [strat=reciprocal_fairness_keeper]
      R15  buy $ 12,103.64   sel     $15,900.00   [strat=reciprocal_fairness_keeper]
      R16  buy $  7,823.49   sel     $15,950.00   [strat=reciprocal_fairness_keeper]
   run 18 done in 6.4 min

   run 19/30 on 2016 Cadillac CTS 3.6 Luxury  seed=21261438
      R 1  buy $ 20,067.03   sel     $24,500.00   [strat=opponent_aware_diagnostic] *
      R 2  buy $    521.86   sel     $23,900.00   [strat=opponent_aware_diagnostic]
      R 3  buy $ 17,277.37   sel     $22,500.00   [strat=opponent_aware_diagnostic]
      R 4  buy $  5,320.40   sel     $21,500.00   [strat=opponent_aware_diagnostic]
      R 5  buy $  2,495.97   sel     $21,500.00   [strat=opponent_aware_diagnostic]
      R 6  buy $  6,300.93   sel     $21,000.00   [strat=market_expert_value_justifier] *
      R 7  buy $  2,603.50   sel     $20,500.00   [strat=market_expert_value_justifier]
      R 8  buy $  2,882.50   sel     $19,999.00   [strat=market_expert_value_justifier]
      R 9  buy $  5,638.84   sel     $19,999.00   [strat=market_expert_value_justifier]
      R10  buy $ 17,604.99   sel     $19,250.00   [strat=market_expert_value_justifier]
      R11  buy $  6,165.17   sel     $18,999.00   [strat=market_expert_value_justifier]
      R12  buy $ 18,120.26   sel     $18,500.00   [strat=reciprocal_fairness_keeper] *
      R13  buy $ 14,251.43   sel     $17,999.00   [strat=reciprocal_fairness_keeper]
      R14  buy $  4,539.86   sel     $17,999.00   [strat=reciprocal_fairness_keeper]
      R15  buy $ 17,280.36   sel     $17,600.00   [strat=reciprocal_fairness_keeper]
      R16  buy $ 10,224.49   sel     $17,250.00   [strat=reciprocal_fairness_keeper]
   run 19 done in 6.6 min

   run 20/30 on 2016 Cadillac CTS 3.6 Luxury  seed=21261439
      R 1  buy $ 35,138.62   sel     $40,000.00   [strat=opponent_aware_diagnostic] *
      R 2  buy $ 38,030.19   sel     $39,000.00   [strat=opponent_aware_diagnostic]
      R 3  buy $ 13,760.16   sel     $38,500.00   [strat=opponent_aware_diagnostic]
      R 4  buy $ 34,997.52   sel     $37,500.00   [strat=opponent_aware_diagnostic]
      R 5  buy $ 21,762.75   sel     $36,000.00   [strat=opponent_aware_diagnostic]
      R 6  buy $ 35,277.47   sel     $35,500.00   [strat=market_expert_value_justifier] *
      R 7  buy $  7,374.43   sel     $34,000.00   [strat=market_expert_value_justifier]
      R 8  buy $  9,258.28   sel     $33,500.00   [strat=market_expert_value_justifier]
      R 9  buy $ 13,967.59   sel     $33,000.00   [strat=market_expert_value_justifier]
      R10  buy $    361.91   sel     $32,500.00   [strat=market_expert_value_justifier]
      R11  buy $ 25,906.49   sel     $31,000.00   [strat=market_expert_value_justifier]
      R12  buy $  5,009.55   sel     $31,000.00   [strat=reciprocal_fairness_keeper] *
      R13  buy $ 30,568.73   sel     $30,800.00   [strat=reciprocal_fairness_keeper]
      R14  buy $ 22,777.33   sel     $30,000.00   [strat=reciprocal_fairness_keeper]
      R15  buy $ 28,968.84   sel     $29,500.00   [strat=reciprocal_fairness_keeper]
      R16  buy $ 28,074.13   sel     $28,800.00   [strat=reciprocal_fairness_keeper]
   run 20 done in 5.0 min

   run 21/30 on 2016 Cadillac CTS 3.6 Luxury  seed=21261440
      R 1  buy $ 40,933.30   sel     $42,500.00   [strat=opponent_aware_diagnostic] *
      R 2  buy $ 31,834.38   sel     $41,500.00   [strat=opponent_aware_diagnostic]
      R 3  buy $ 26,092.49   sel     $39,500.00   [strat=opponent_aware_diagnostic]
      R 4  buy $ 32,442.87   sel     $37,500.00   [strat=opponent_aware_diagnostic]
      R 5  buy $ 31,376.77   sel     $36,500.00   [strat=opponent_aware_diagnostic]
      R 6  buy $ 20,341.26   sel     $35,000.00   [strat=market_expert_value_justifier] *
      R 7  buy $ 27,982.90   sel     $34,000.00   [strat=market_expert_value_justifier]
      R 8  buy $  4,836.80   sel     $34,000.00   [strat=market_expert_value_justifier]
      R 9  buy $ 20,791.47   sel     $33,000.00   [strat=market_expert_value_justifier]
      R10  buy $ 29,475.49   sel     $31,000.00   [strat=market_expert_value_justifier]
      R11  buy $ 25,858.01   sel     $30,500.00   [strat=market_expert_value_justifier]
      R12  buy $  9,428.22   sel     $30,000.00   [strat=reciprocal_fairness_keeper] *
      R13  buy $  2,948.74   sel     $29,500.00   [strat=reciprocal_fairness_keeper]
      R14  buy $ 26,775.65   sel     $28,000.00   [strat=reciprocal_fairness_keeper]
      R15  buy $ 26,535.39   sel     $27,000.00   [strat=reciprocal_fairness_keeper]
      R16  buy $ 14,021.02   sel     $26,500.00   [strat=reciprocal_fairness_keeper]
   run 21 done in 6.0 min

   run 22/30 on 2016 Cadillac CTS 3.6 Luxury  seed=21261441
      R 1  buy $ 32,380.30   sel     $40,000.00   [strat=opponent_aware_diagnostic] *
      R 2  buy $ 27,714.92   sel     $35,000.00   [strat=opponent_aware_diagnostic]
      R 3  buy $  9,248.54   sel     $33,500.00   [strat=opponent_aware_diagnostic]
      R 4  buy $ 13,203.30   sel     $31,500.00   [strat=opponent_aware_diagnostic]
      R 5  buy $ 14,546.17   sel     $30,000.00   [strat=opponent_aware_diagnostic]
      R 6  buy $ 16,530.76   sel     $28,500.00   [strat=market_expert_value_justifier] *
      R 7  buy $  2,494.93   sel     $28,000.00   [strat=market_expert_value_justifier]
      R 8  buy $ 12,455.35   sel     $26,000.00   [strat=market_expert_value_justifier]
      R 9  buy $ 17,694.17   sel     $22,000.00   [strat=market_expert_value_justifier]
      R10  buy $ 14,591.47   sel     $22,000.00   [strat=market_expert_value_justifier]
      R11  buy $  4,491.34   sel     $22,000.00   [strat=market_expert_value_justifier]
      R12  buy $ 18,446.65   sel     $20,500.00   [strat=reciprocal_fairness_keeper] *
      R13  buy $ 19,073.74   sel     $19,750.00   [strat=reciprocal_fairness_keeper]
      R14  buy $  5,139.31   sel     $20,000.00   [strat=reciprocal_fairness_keeper]
      R15  buy $  8,074.11   sel     $19,500.00   [strat=reciprocal_fairness_keeper]
      R16  buy $ 11,631.87   sel     $18,500.00   [strat=reciprocal_fairness_keeper]
   run 22 done in 7.0 min

   run 23/30 on 2016 Cadillac CTS 3.6 Luxury  seed=21261442
      R 1  buy $  3,815.37   sel     $34,500.00   [strat=opponent_aware_diagnostic] *
      R 2  buy $    598.97   sel     $34,500.00   [strat=opponent_aware_diagnostic]
      R 3  buy $  7,302.70   sel     $33,000.00   [strat=opponent_aware_diagnostic]
      R 4  buy $ 12,860.22   sel     $32,500.00   [strat=opponent_aware_diagnostic]
      R 5  buy $ 13,137.98   sel     $31,500.00   [strat=opponent_aware_diagnostic]
      R 6  buy $ 15,136.17   sel     $30,000.00   [strat=market_expert_value_justifier] *
      R 7  buy $ 16,878.59   sel     $28,500.00   [strat=market_expert_value_justifier]
      R 8  buy $  4,380.11   sel     $28,500.00   [strat=market_expert_value_justifier]
      R 9  buy $  9,077.59   sel     $27,500.00   [strat=market_expert_value_justifier]
      R10  buy $ 23,208.45   sel     $25,500.00   [strat=market_expert_value_justifier]
      R11  buy $  2,145.16   sel     $27,500.00   [strat=market_expert_value_justifier]
      R12  buy $  6,217.17   sel     $27,000.00   [strat=reciprocal_fairness_keeper] *
      R13  buy $ 14,834.79   sel     $26,500.00   [strat=reciprocal_fairness_keeper]
      R14  buy $ 23,236.72   sel     $25,000.00   [strat=reciprocal_fairness_keeper]
      R15  buy $    564.08   sel     $27,500.00   [strat=reciprocal_fairness_keeper]
      R16  buy $  4,801.15   sel     $27,500.00   [strat=reciprocal_fairness_keeper]
   run 23 done in 6.0 min

   run 24/30 on 2016 Cadillac CTS 3.6 Luxury  seed=21261443
      R 1  buy $ 33,781.75   sel     $39,999.00   [strat=opponent_aware_diagnostic] *
      R 2  buy $ 36,479.11   sel     $38,500.00   [strat=opponent_aware_diagnostic]
      R 3  buy $ 22,464.20   sel     $36,000.00   [strat=opponent_aware_diagnostic]
      R 4  buy $ 28,673.43   sel     $34,500.00   [strat=opponent_aware_diagnostic]
      R 5  buy $ 24,704.49   sel     $32,000.00   [strat=opponent_aware_diagnostic]
      R 6  buy $  1,003.10   sel     $32,000.00   [strat=market_expert_value_justifier] *
      R 7  buy $  6,825.53   sel     $32,000.00   [strat=market_expert_value_justifier]
      R 8  buy $ 16,713.26   sel     $30,500.00   [strat=market_expert_value_justifier]
      R 9  buy $ 22,343.29   sel     $28,000.00   [strat=market_expert_value_justifier]
      R10  buy $     22.87   sel     $26,500.00   [strat=market_expert_value_justifier]
      R11  buy $  6,887.30   sel     $25,500.00   [strat=market_expert_value_justifier]
      R12  buy $ 23,725.38   sel     $24,500.00   [strat=reciprocal_fairness_keeper] *
      R13  buy $  7,131.65   sel     $24,000.00   [strat=reciprocal_fairness_keeper]
      R14  buy $ 12,864.95   sel     $23,500.00   [strat=reciprocal_fairness_keeper]
      R15  buy $ 13,197.87   sel     $22,500.00   [strat=reciprocal_fairness_keeper]
      R16  buy $ 17,609.33   sel     $19,500.00   [strat=reciprocal_fairness_keeper]
   run 24 done in 7.0 min

   run 25/30 on 2016 Cadillac CTS 3.6 Luxury  seed=21261444
      R 1  buy $ 33,207.68   sel     $39,999.00   [strat=opponent_aware_diagnostic] *
      R 2  buy $  7,037.64   sel     $39,999.00   [strat=opponent_aware_diagnostic]
      R 3  buy $ 33,202.48   sel     $35,500.00   [strat=opponent_aware_diagnostic]
      R 4  buy $ 27,114.03   sel     $34,500.00   [strat=opponent_aware_diagnostic]
      R 5  buy $ 24,720.65   sel     $34,000.00   [strat=opponent_aware_diagnostic]
      R 6  buy $  7,716.01   sel     $33,500.00   [strat=market_expert_value_justifier] *
      R 7  buy $ 13,848.38   sel     $33,000.00   [strat=market_expert_value_justifier]
      R 8  buy $ 18,027.59   sel     $32,500.00   [strat=market_expert_value_justifier]
      R 9  buy $ 14,923.20   sel     PARSE-FAIL   [strat=market_expert_value_justifier]
      R10  buy $ 20,993.27   sel     $29,999.00   [strat=market_expert_value_justifier]
      R11  buy $  1,756.20   sel     $29,999.00   [strat=market_expert_value_justifier]
      R12  buy $ 28,287.64   sel     $28,900.00   [strat=reciprocal_fairness_keeper] *
      R13  buy $ 10,181.65   sel     $28,900.00   [strat=reciprocal_fairness_keeper]
      R14  buy $ 16,423.95   sel     $27,500.00   [strat=reciprocal_fairness_keeper]
      R15  buy $ 14,628.39   sel     $27,500.00   [strat=reciprocal_fairness_keeper]
      R16  buy $ 22,293.15   sel     $26,000.00   [strat=reciprocal_fairness_keeper]
   run 25 done in 6.2 min

   run 26/30 on 2016 Cadillac CTS 3.6 Luxury  seed=21261445
      R 1  buy $ 42,368.93   sel     $43,995.00   [strat=opponent_aware_diagnostic] *
      R 2  buy $ 24,750.70   sel     $42,500.00   [strat=opponent_aware_diagnostic]
      R 3  buy $  2,934.42   sel     $39,995.00   [strat=opponent_aware_diagnostic]
      R 4  buy $  7,200.57   sel     $39,995.00   [strat=opponent_aware_diagnostic]
      R 5  buy $ 15,294.27   sel     $37,995.00   [strat=opponent_aware_diagnostic]
      R 6  buy $ 32,234.88   sel     $36,500.00   [strat=market_expert_value_justifier] *
      R 7  buy $ 14,007.21   sel     $35,995.00   [strat=market_expert_value_justifier]
      R 8  buy $ 35,704.91   sel     $35,704.91   [strat=market_expert_value_justifier]
      R 9  buy $ 28,648.03   sel     $34,995.00   [strat=market_expert_value_justifier]
      R10  buy $ 29,031.79   sel     $34,495.00   [strat=market_expert_value_justifier]
      R11  buy $ 26,585.88   sel     $33,995.00   [strat=market_expert_value_justifier]
      R12  buy $ 17,476.74   sel     $33,500.00   [strat=reciprocal_fairness_keeper] *
      R13  buy $ 20,662.66   sel     $33,000.00   [strat=reciprocal_fairness_keeper]
      R14  buy $ 10,577.73   sel     $32,500.00   [strat=reciprocal_fairness_keeper]
      R15  buy $ 28,606.76   sel     $31,500.00   [strat=reciprocal_fairness_keeper]
      R16  buy $ 20,954.46   sel     $31,500.00   [strat=reciprocal_fairness_keeper]
   run 26 done in 4.5 min

   run 27/30 on 2016 Cadillac CTS 3.6 Luxury  seed=21261446
      R 1  buy $  4,793.52   sel     $23,500.00   [strat=opponent_aware_diagnostic] *
      R 2  buy $  4,280.44   sel     $22,900.00   [strat=opponent_aware_diagnostic]
      R 3  buy $ 19,701.25   sel     $22,500.00   [strat=opponent_aware_diagnostic]
      R 4  buy $ 16,151.62   sel     $21,900.00   [strat=opponent_aware_diagnostic]
      R 5  buy $  4,057.30   sel     $21,900.00   [strat=opponent_aware_diagnostic]
      R 6  buy $ 18,997.64   sel     $21,500.00   [strat=market_expert_value_justifier] *
      R 7  buy $  6,325.40   sel     $21,300.00   [strat=market_expert_value_justifier]
      R 8  buy $ 18,164.28   sel     $20,900.00   [strat=market_expert_value_justifier]
      R 9  buy $ 11,282.32   sel     $20,600.00   [strat=market_expert_value_justifier]
      R10  buy $  4,421.43   sel     $20,300.00   [strat=market_expert_value_justifier]
      R11  buy $ 16,130.15   sel     $19,900.00   [strat=market_expert_value_justifier]
      R12  buy $ 19,826.39   sel     $19,826.39   [strat=reciprocal_fairness_keeper] *
      R13  buy $ 17,261.59   sel     $19,826.39   [strat=reciprocal_fairness_keeper]
      R14  buy $ 18,786.62   sel     $19,826.39   [strat=reciprocal_fairness_keeper]
      R15  buy $ 18,053.83   sel     $19,826.39   [strat=reciprocal_fairness_keeper]
      R16  buy $  3,553.90   sel     $19,826.39   [strat=reciprocal_fairness_keeper]
   run 27 done in 5.6 min

   run 28/30 on 2016 Cadillac CTS 3.6 Luxury  seed=21261447
      R 1  buy $ 24,237.72   sel     $26,500.00   [strat=opponent_aware_diagnostic] *
      R 2  buy $  1,137.32   sel     $25,750.00   [strat=opponent_aware_diagnostic]
      R 3  buy $    887.55   sel     $25,500.00   [strat=opponent_aware_diagnostic]
      R 4  buy $  1,444.95   sel     $25,250.00   [strat=opponent_aware_diagnostic]
      R 5  buy $  4,077.32   sel     $25,000.00   [strat=opponent_aware_diagnostic]
      R 6  buy $ 21,447.94   sel     $24,750.00   [strat=market_expert_value_justifier] *
      R 7  buy $ 16,028.86   sel     $24,500.00   [strat=market_expert_value_justifier]
      R 8  buy $ 20,745.79   sel     $23,500.00   [strat=market_expert_value_justifier]
      R 9  buy $ 22,466.77   sel     $22,900.00   [strat=market_expert_value_justifier]
      R10  buy $  5,038.35   sel     $22,900.00   [strat=market_expert_value_justifier]
      R11  buy $ 20,346.78   sel     $22,000.00   [strat=market_expert_value_justifier]
      R12  buy $ 16,213.78   sel     $21,000.00   [strat=reciprocal_fairness_keeper] *
      R13  buy $  1,493.04   sel     $20,500.00   [strat=reciprocal_fairness_keeper]
      R14  buy $  2,154.81   sel     $20,500.00   [strat=reciprocal_fairness_keeper]
      R15  buy $  5,589.33   sel     $20,500.00   [strat=reciprocal_fairness_keeper]
      R16  buy $  2,320.51   sel     $20,500.00   [strat=reciprocal_fairness_keeper]
   run 28 done in 6.1 min

   run 29/30 on 2016 Cadillac CTS 3.6 Luxury  seed=21261448
      R 1  buy $ 13,570.07   sel     $16,500.00   [strat=opponent_aware_diagnostic] *
      R 2  buy $  8,865.49   sel     $15,999.00   [strat=opponent_aware_diagnostic]
      R 3  buy $    789.51   sel     $15,899.00   [strat=opponent_aware_diagnostic]
      R 4  buy $  9,477.04   sel     $15,799.00   [strat=opponent_aware_diagnostic]
      R 5  buy $  4,105.49   sel     $15,699.00   [strat=opponent_aware_diagnostic]
      R 6  buy $ 14,915.60   sel     $15,599.00   [strat=market_expert_value_justifier] *
      R 7  buy $ 13,758.22   sel     $15,850.00   [strat=market_expert_value_justifier]
      R 8  buy $  7,767.12   sel     $15,800.00   [strat=market_expert_value_justifier]
      R 9  buy $  2,930.16   sel     $15,795.00   [strat=market_expert_value_justifier]
      R10  buy $ 11,956.51   sel     $15,790.00   [strat=market_expert_value_justifier]
      R11  buy $  5,704.83   sel     $15,785.00   [strat=market_expert_value_justifier]
      R12  buy $ 13,190.23   sel     $15,780.00   [strat=reciprocal_fairness_keeper] *
      R13  buy $  6,928.85   sel     $15,780.00   [strat=reciprocal_fairness_keeper]
      R14  buy $ 11,904.65   sel     $15,775.00   [strat=reciprocal_fairness_keeper]
      R15  buy $    528.43   sel     $15,770.00   [strat=reciprocal_fairness_keeper]
      R16  buy $ 11,868.54   sel     $15,765.00   [strat=reciprocal_fairness_keeper]
   run 29 done in 8.9 min

   run 30/30 on 2016 Cadillac CTS 3.6 Luxury  seed=21261449
      R 1  buy $ 31,620.81   sel     $38,995.00   [strat=opponent_aware_diagnostic] *
      R 2  buy $ 22,863.69   sel     $37,500.00   [strat=opponent_aware_diagnostic]
      R 3  buy $  1,506.50   sel     $36,500.00   [strat=opponent_aware_diagnostic]
      R 4  buy $  7,918.43   sel     $35,000.00   [strat=opponent_aware_diagnostic]
      R 5  buy $ 33,268.03   sel     $34,000.00   [strat=opponent_aware_diagnostic]
      R 6  buy $    431.06   sel     $33,500.00   [strat=market_expert_value_justifier] *
      R 7  buy $ 26,142.76   sel     $31,000.00   [strat=market_expert_value_justifier]
      R 8  buy $ 22,842.95   sel     $30,000.00   [strat=market_expert_value_justifier]
      R 9  buy $ 10,430.10   sel     $29,000.00   [strat=market_expert_value_justifier]
      R10  buy $  8,649.25   sel     $28,000.00   [strat=market_expert_value_justifier]
      R11  buy $ 17,463.46   sel     $25,000.00   [strat=market_expert_value_justifier]
      R12  buy $  4,641.84   sel     $25,000.00   [strat=reciprocal_fairness_keeper] *
      R13  buy $  9,776.19   sel     $25,000.00   [strat=reciprocal_fairness_keeper]
      R14  buy $ 17,658.05   sel     $24,500.00   [strat=reciprocal_fairness_keeper]
      R15  buy $ 23,580.10   sel     $24,000.00   [strat=reciprocal_fairness_keeper]
      R16  buy $  5,860.85   sel     $23,500.00   [strat=reciprocal_fairness_keeper]
   run 30 done in 7.6 min

   ---> checkpoint: car 2/5 done in 190.5 min; total so far 424.9 min; saved 60 runs to exp10_transitionB_rep2.json

--- CAR 3/5: 2019 Honda Accord Sport 1.5T  (M=$28,000.00  cost=$14,000.00  cost/M=50.00%) ---

   run 1/30 on 2019 Honda Accord Sport 1.5T  seed=21262420
      R 1  buy $    331.79   sel     $24,500.00   [strat=opponent_aware_diagnostic] *
      R 2  buy $  4,281.50   sel     $22,750.00   [strat=opponent_aware_diagnostic]
      R 3  buy $ 12,027.13   sel     $21,500.00   [strat=opponent_aware_diagnostic]
      R 4  buy $ 20,977.58   sel     $21,000.00   [strat=opponent_aware_diagnostic]
      R 5  buy $ 13,166.87   sel     $20,500.00   [strat=opponent_aware_diagnostic]
      R 6  buy $    799.94   sel     $20,500.00   [strat=market_expert_value_justifier] *
      R 7  buy $ 18,988.93   sel     $19,750.00   [strat=market_expert_value_justifier]
      R 8  buy $     17.72   sel     $19,250.00   [strat=market_expert_value_justifier]
      R 9  buy $ 15,714.74   sel     $18,000.00   [strat=market_expert_value_justifier]
      R10  buy $    831.20   sel     $18,000.00   [strat=market_expert_value_justifier]
      R11  buy $  4,234.24   sel     $18,000.00   [strat=market_expert_value_justifier]
      R12  buy $  5,626.17   sel     $18,000.00   [strat=reciprocal_fairness_keeper] *
      R13  buy $ 12,347.10   sel     $17,000.00   [strat=reciprocal_fairness_keeper]
      R14  buy $  4,139.34   sel     $16,500.00   [strat=reciprocal_fairness_keeper]
      R15  buy $ 12,643.39   sel     $16,000.00   [strat=reciprocal_fairness_keeper]
      R16  buy $    582.65   sel     $15,500.00   [strat=reciprocal_fairness_keeper]
   run 1 done in 7.5 min

   run 2/30 on 2019 Honda Accord Sport 1.5T  seed=21262421
      R 1  buy $ 21,469.48   sel     $26,500.00   [strat=opponent_aware_diagnostic] *
      R 2  buy $  1,863.04   sel     $26,500.00   [strat=opponent_aware_diagnostic]
      R 3  buy $  9,437.80   sel     $25,000.00   [strat=opponent_aware_diagnostic]
      R 4  buy $  4,547.01   sel     $24,500.00   [strat=opponent_aware_diagnostic]
      R 5  buy $ 12,732.79   sel     $24,000.00   [strat=opponent_aware_diagnostic]
      R 6  buy $ 19,111.06   sel     $23,500.00   [strat=market_expert_value_justifier] *
      R 7  buy $ 21,658.33   sel     $23,200.00   [strat=market_expert_value_justifier]
      R 8  buy $  8,892.62   sel     $23,200.00   [strat=market_expert_value_justifier]
      R 9  buy $  1,980.04   sel     $23,200.00   [strat=market_expert_value_justifier]
      R10  buy $ 14,508.84   sel     $23,200.00   [strat=market_expert_value_justifier]
      R11  buy $ 15,257.47   sel     $22,500.00   [strat=market_expert_value_justifier]
      R12  buy $ 20,144.33   sel     $21,500.00   [strat=reciprocal_fairness_keeper] *
      R13  buy $    733.60   sel     $21,000.00   [strat=reciprocal_fairness_keeper]
      R14  buy $  7,033.53   sel     PARSE-FAIL   [strat=reciprocal_fairness_keeper]
      R15  buy $  1,290.62   sel     $20,500.00   [strat=reciprocal_fairness_keeper]
      R16  buy $ 11,447.58   sel     $19,500.00   [strat=reciprocal_fairness_keeper]
   run 2 done in 5.8 min

   run 3/30 on 2019 Honda Accord Sport 1.5T  seed=21262422
      R 1  buy $ 21,906.71   sel     $24,995.00   [strat=opponent_aware_diagnostic] *
      R 2  buy $ 12,181.80   sel     $24,995.00   [strat=opponent_aware_diagnostic]
      R 3  buy $ 12,197.07   sel     $24,995.00   [strat=opponent_aware_diagnostic]
      R 4  buy $ 18,201.33   sel     $23,500.00   [strat=opponent_aware_diagnostic]
      R 5  buy $  9,882.17   sel     $23,000.00   [strat=opponent_aware_diagnostic]
      R 6  buy $  2,972.98   sel     $22,500.00   [strat=market_expert_value_justifier] *
      R 7  buy $ 16,794.62   sel     $21,500.00   [strat=market_expert_value_justifier]
      R 8  buy $  7,076.56   sel     $20,999.00   [strat=market_expert_value_justifier]
      R 9  buy $ 12,580.32   sel     $20,500.00   [strat=market_expert_value_justifier]
      R10  buy $ 15,913.81   sel     $19,999.00   [strat=market_expert_value_justifier]
      R11  buy $  5,831.34   sel     $19,999.00   [strat=market_expert_value_justifier]
      R12  buy $  5,666.81   sel     $19,999.00   [strat=reciprocal_fairness_keeper] *
      R13  buy $ 14,865.05   sel     $19,999.00   [strat=reciprocal_fairness_keeper]
      R14  buy $ 15,484.83   sel     $19,500.00   [strat=reciprocal_fairness_keeper]
      R15  buy $  1,926.86   sel     $19,500.00   [strat=reciprocal_fairness_keeper]
      R16  buy $ 18,741.03   sel     $18,741.03   [strat=reciprocal_fairness_keeper]
   run 3 done in 5.0 min

   run 4/30 on 2019 Honda Accord Sport 1.5T  seed=21262423
      R 1  buy $ 17,153.67   sel     $22,500.00   [strat=opponent_aware_diagnostic] *
      R 2  buy $ 11,579.47   sel     $21,900.00   [strat=opponent_aware_diagnostic]
      R 3  buy $ 14,285.15   sel     $21,500.00   [strat=opponent_aware_diagnostic]
      R 4  buy $ 15,178.80   sel     $19,500.00   [strat=opponent_aware_diagnostic]
      R 5  buy $  8,241.33   sel     $19,500.00   [strat=opponent_aware_diagnostic]
      R 6  buy $  7,160.51   sel     $18,900.00   [strat=market_expert_value_justifier] *
      R 7  buy $ 17,670.10   sel     $18,200.00   [strat=market_expert_value_justifier]
      R 8  buy $  9,096.43   sel     $18,000.00   [strat=market_expert_value_justifier]
      R 9  buy $ 12,456.12   sel     $17,900.00   [strat=market_expert_value_justifier]
      R10  buy $ 11,767.75   sel     $17,800.00   [strat=market_expert_value_justifier]
      R11  buy $ 13,583.11   sel     $17,500.00   [strat=market_expert_value_justifier]
      R12  buy $ 11,755.97   sel     $17,500.00   [strat=reciprocal_fairness_keeper] *
      R13  buy $  4,367.27   sel     $17,500.00   [strat=reciprocal_fairness_keeper]
      R14  buy $ 12,119.20   sel     $17,300.00   [strat=reciprocal_fairness_keeper]
      R15  buy $ 11,446.92   sel     $17,400.00   [strat=reciprocal_fairness_keeper]
      R16  buy $ 12,400.11   sel     $17,200.00   [strat=reciprocal_fairness_keeper]
   run 4 done in 5.7 min

   run 5/30 on 2019 Honda Accord Sport 1.5T  seed=21262424
      R 1  buy $  3,406.76   sel     $25,200.00   [strat=opponent_aware_diagnostic] *
      R 2  buy $  4,981.34   sel     $24,000.00   [strat=opponent_aware_diagnostic]
      R 3  buy $ 13,097.29   sel     $22,500.00   [strat=opponent_aware_diagnostic]
      R 4  buy $ 14,218.11   sel     $20,500.00   [strat=opponent_aware_diagnostic]
      R 5  buy $ 17,069.54   sel     $19,500.00   [strat=opponent_aware_diagnostic]
      R 6  buy $  7,738.27   sel     $18,500.00   [strat=market_expert_value_justifier] *
      R 7  buy $  9,245.77   sel     $18,500.00   [strat=market_expert_value_justifier]
      R 8  buy $    477.95   sel     $18,500.00   [strat=market_expert_value_justifier]
      R 9  buy $ 13,051.22   sel     $18,500.00   [strat=market_expert_value_justifier]
      R10  buy $ 10,493.84   sel     $18,500.00   [strat=market_expert_value_justifier]
      R11  buy $  2,270.09   sel     $18,500.00   [strat=market_expert_value_justifier]
      R12  buy $ 17,706.53   sel     $18,000.00   [strat=reciprocal_fairness_keeper] *
      R13  buy $  5,100.56   sel     $18,000.00   [strat=reciprocal_fairness_keeper]
      R14  buy $  9,162.68   sel     $18,000.00   [strat=reciprocal_fairness_keeper]
      R15  buy $ 16,656.77   sel     $18,000.00   [strat=reciprocal_fairness_keeper]
      R16  buy $  6,226.77   sel     $18,000.00   [strat=reciprocal_fairness_keeper]
   run 5 done in 6.4 min

   run 6/30 on 2019 Honda Accord Sport 1.5T  seed=21262425
      R 1  buy $ 26,622.82   sel     $27,495.00   [strat=opponent_aware_diagnostic] *
      R 2  buy $ 22,822.29   sel     $25,995.00   [strat=opponent_aware_diagnostic]
      R 3  buy $ 15,423.74   sel     $24,995.00   [strat=opponent_aware_diagnostic]
      R 4  buy $ 15,894.99   sel     $23,995.00   [strat=opponent_aware_diagnostic]
      R 5  buy $ 14,115.24   sel     $23,500.00   [strat=opponent_aware_diagnostic]
      R 6  buy $ 11,735.50   sel     $22,995.00   [strat=market_expert_value_justifier] *
      R 7  buy $  4,863.38   sel     $22,800.00   [strat=market_expert_value_justifier]
      R 8  buy $ 14,975.24   sel     $22,000.00   [strat=market_expert_value_justifier]
      R 9  buy $ 17,209.75   sel     $22,000.00   [strat=market_expert_value_justifier]
      R10  buy $ 16,842.85   sel     $21,500.00   [strat=market_expert_value_justifier]
      R11  buy $  4,246.49   sel     $21,000.00   [strat=market_expert_value_justifier]
      R12  buy $  9,339.02   sel     $20,000.00   [strat=reciprocal_fairness_keeper] *
      R13  buy $  5,242.70   sel     $18,500.00   [strat=reciprocal_fairness_keeper]
      R14  buy $  9,748.21   sel     $18,000.00   [strat=reciprocal_fairness_keeper]
      R15  buy $  3,988.87   sel     $17,500.00   [strat=reciprocal_fairness_keeper]
      R16  buy $ 10,094.95   sel     $17,000.00   [strat=reciprocal_fairness_keeper]
   run 6 done in 7.7 min

   run 7/30 on 2019 Honda Accord Sport 1.5T  seed=21262426
      R 1  buy $ 27,852.35   sel     $27,900.00   [strat=opponent_aware_diagnostic] *
      R 2  buy $ 23,024.70   sel     $27,500.00   [strat=opponent_aware_diagnostic]
      R 3  buy $  9,435.29   sel     $27,400.00   [strat=opponent_aware_diagnostic]
      R 4  buy $ 19,527.13   sel     $26,800.00   [strat=opponent_aware_diagnostic]
      R 5  buy $ 18,524.77   sel     $26,200.00   [strat=opponent_aware_diagnostic]
      R 6  buy $  8,999.38   sel     $25,800.00   [strat=market_expert_value_justifier] *
      R 7  buy $ 12,749.69   sel     $25,500.00   [strat=market_expert_value_justifier]
      R 8  buy $  3,660.73   sel     $25,300.00   [strat=market_expert_value_justifier]
      R 9  buy $  4,896.77   sel     $25,000.00   [strat=market_expert_value_justifier]
      R10  buy $ 13,834.76   sel     $24,800.00   [strat=market_expert_value_justifier]
      R11  buy $ 19,444.37   sel     $24,500.00   [strat=market_expert_value_justifier]
      R12  buy $ 11,396.31   sel     $24,300.00   [strat=reciprocal_fairness_keeper] *
      R13  buy $  2,236.40   sel     $24,300.00   [strat=reciprocal_fairness_keeper]
      R14  buy $  4,337.87   sel     $24,300.00   [strat=reciprocal_fairness_keeper]
      R15  buy $ 16,485.79   sel     $23,800.00   [strat=reciprocal_fairness_keeper]
      R16  buy $ 11,852.51   sel     $23,750.00   [strat=reciprocal_fairness_keeper]
   run 7 done in 8.9 min

   run 8/30 on 2019 Honda Accord Sport 1.5T  seed=21262427
      R 1  buy $  5,462.39   sel     $23,500.00   [strat=opponent_aware_diagnostic] *
      R 2  buy $  2,961.22   sel     $21,800.00   [strat=opponent_aware_diagnostic]
      R 3  buy $    791.88   sel     $21,800.00   [strat=opponent_aware_diagnostic]
      R 4  buy $ 19,723.22   sel     $21,500.00   [strat=opponent_aware_diagnostic]
      R 5  buy $ 19,417.13   sel     $20,500.00   [strat=opponent_aware_diagnostic]
      R 6  buy $  6,105.57   sel     $20,000.00   [strat=market_expert_value_justifier] *
      R 7  buy $ 12,216.84   sel     $19,500.00   [strat=market_expert_value_justifier]
      R 8  buy $  4,845.68   sel     $19,500.00   [strat=market_expert_value_justifier]
      R 9  buy $ 18,656.49   sel     $19,100.00   [strat=market_expert_value_justifier]
      R10  buy $ 13,062.71   sel     $19,100.00   [strat=market_expert_value_justifier]
      R11  buy $  3,224.22   sel     $19,100.00   [strat=market_expert_value_justifier]
      R12  buy $  6,801.26   sel     $19,100.00   [strat=reciprocal_fairness_keeper] *
      R13  buy $ 11,659.92   sel     $19,000.00   [strat=reciprocal_fairness_keeper]
      R14  buy $ 18,755.88   sel     $18,755.88   [strat=reciprocal_fairness_keeper]
      R15  buy $ 12,814.89   sel     $18,900.00   [strat=reciprocal_fairness_keeper]
      R16  buy $  2,534.37   sel     $19,250.00   [strat=reciprocal_fairness_keeper]
   run 8 done in 6.7 min

   run 9/30 on 2019 Honda Accord Sport 1.5T  seed=21262428
      R 1  buy $ 13,290.93   sel     $15,995.00   [strat=opponent_aware_diagnostic] *
      R 2  buy $ 10,435.88   sel     $15,495.00   [strat=opponent_aware_diagnostic]
      R 3  buy $  2,084.44   sel     $15,495.00   [strat=opponent_aware_diagnostic]
      R 4  buy $  5,665.15   sel     $15,295.00   [strat=opponent_aware_diagnostic]
      R 5  buy $  5,031.82   sel     $15,295.00   [strat=opponent_aware_diagnostic]
      R 6  buy $  5,914.34   sel     $15,295.00   [strat=market_expert_value_justifier] *
      R 7  buy $  3,087.99   sel     $15,200.00   [strat=market_expert_value_justifier]
      R 8  buy $  1,137.65   sel     $15,200.00   [strat=market_expert_value_justifier]
      R 9  buy $  3,834.03   sel     $15,200.00   [strat=market_expert_value_justifier]
      R10  buy $  9,136.59   sel     $15,200.00   [strat=market_expert_value_justifier]
      R11  buy $  5,830.97   sel     $15,200.00   [strat=market_expert_value_justifier]
      R12  buy $  4,972.42   sel     $15,200.00   [strat=reciprocal_fairness_keeper] *
      R13  buy $  5,676.30   sel     $15,200.00   [strat=reciprocal_fairness_keeper]
      R14  buy $  9,267.32   sel     $15,000.00   [strat=reciprocal_fairness_keeper]
      R15  buy $ 13,957.72   sel     $14,800.00   [strat=reciprocal_fairness_keeper]
      R16  buy $ 14,156.28   sel     $14,500.00   [strat=reciprocal_fairness_keeper]
   run 9 done in 8.1 min

   run 10/30 on 2019 Honda Accord Sport 1.5T  seed=21262429
      R 1  buy $ 11,918.34   sel     $25,500.00   [strat=opponent_aware_diagnostic] *
      R 2  buy $    618.96   sel     $25,500.00   [strat=opponent_aware_diagnostic]
      R 3  buy $ 18,910.86   sel     $24,500.00   [strat=opponent_aware_diagnostic]
      R 4  buy $ 16,768.51   sel     $20,634.25   [strat=opponent_aware_diagnostic]
      R 5  buy $ 15,109.74   sel     $19,500.00   [strat=opponent_aware_diagnostic]
      R 6  buy $ 17,812.66   sel     $18,656.33   [strat=market_expert_value_justifier] *
      R 7  buy $  1,061.08   sel     $18,500.00   [strat=market_expert_value_justifier]
      R 8  buy $  9,553.73   sel     $18,000.00   [strat=market_expert_value_justifier]
      R 9  buy $  8,798.25   sel     $17,500.00   [strat=market_expert_value_justifier]
      R10  buy $ 11,680.60   sel     $16,500.00   [strat=market_expert_value_justifier]
      R11  buy $  8,245.53   sel     $15,500.00   [strat=market_expert_value_justifier]
      R12  buy $ 11,749.57   sel     $15,500.00   [strat=reciprocal_fairness_keeper] *
      R13  buy $ 13,765.67   sel     $14,500.00   [strat=reciprocal_fairness_keeper]
      R14  buy $  4,490.82   sel     $14,500.00   [strat=reciprocal_fairness_keeper]
      R15  buy $  8,221.28   sel     $14,500.00   [strat=reciprocal_fairness_keeper]
      R16  buy $  5,084.86   sel     $14,500.00   [strat=reciprocal_fairness_keeper]
   run 10 done in 8.2 min

   run 11/30 on 2019 Honda Accord Sport 1.5T  seed=21262430
      R 1  buy $  2,218.13   sel     $26,500.00   [strat=opponent_aware_diagnostic] *
      R 2  buy $ 16,618.60   sel     $24,900.00   [strat=opponent_aware_diagnostic]
      R 3  buy $    193.45   sel     $23,500.00   [strat=opponent_aware_diagnostic]
      R 4  buy $  3,279.19   sel     $22,900.00   [strat=opponent_aware_diagnostic]
      R 5  buy $  8,227.28   sel     $21,900.00   [strat=opponent_aware_diagnostic]
      R 6  buy $ 17,238.01   sel     $20,500.00   [strat=market_expert_value_justifier] *
      R 7  buy $  7,792.08   sel     $19,900.00   [strat=market_expert_value_justifier]
      R 8  buy $ 14,372.68   sel     $18,500.00   [strat=market_expert_value_justifier]
      R 9  buy $  5,684.50   sel     $17,900.00   [strat=market_expert_value_justifier]
      R10  buy $ 15,316.55   sel     $16,900.00   [strat=market_expert_value_justifier]
      R11  buy $  6,796.68   sel     $16,500.00   [strat=market_expert_value_justifier]
      R12  buy $    487.26   sel     $16,000.00   [strat=reciprocal_fairness_keeper] *
      R13  buy $  1,572.82   sel     $15,500.00   [strat=reciprocal_fairness_keeper]
      R14  buy $  6,087.62   sel     $15,000.00   [strat=reciprocal_fairness_keeper]
      R15  buy $  4,212.62   sel     $15,000.00   [strat=reciprocal_fairness_keeper]
      R16  buy $  2,031.06   sel     $15,000.00   [strat=reciprocal_fairness_keeper]
   run 11 done in 7.3 min

   run 12/30 on 2019 Honda Accord Sport 1.5T  seed=21262431
      R 1  buy $ 10,186.71   sel     $26,500.00   [strat=opponent_aware_diagnostic] *
      R 2  buy $ 10,276.24   sel     $25,999.00   [strat=opponent_aware_diagnostic]
      R 3  buy $ 19,194.02   sel     $25,500.00   [strat=opponent_aware_diagnostic]
      R 4  buy $ 17,545.12   sel     $24,999.00   [strat=opponent_aware_diagnostic]
      R 5  buy $ 16,431.65   sel     $24,900.00   [strat=opponent_aware_diagnostic]
      R 6  buy $ 17,431.10   sel     $24,850.00   [strat=market_expert_value_justifier] *
      R 7  buy $ 17,116.20   sel     $24,800.00   [strat=market_expert_value_justifier]
      R 8  buy $ 15,232.11   sel     $24,750.00   [strat=market_expert_value_justifier]
      R 9  buy $  4,383.09   sel     $24,700.00   [strat=market_expert_value_justifier]
      R10  buy $ 10,841.48   sel     $24,600.00   [strat=market_expert_value_justifier]
      R11  buy $ 12,656.25   sel     $24,500.00   [strat=market_expert_value_justifier]
      R12  buy $ 16,191.55   sel     $24,400.00   [strat=reciprocal_fairness_keeper] *
      R13  buy $ 17,455.34   sel     $24,300.00   [strat=reciprocal_fairness_keeper]
      R14  buy $ 10,553.68   sel     $24,200.00   [strat=reciprocal_fairness_keeper]
      R15  buy $  7,974.41   sel     $24,100.00   [strat=reciprocal_fairness_keeper]
      R16  buy $ 21,190.61   sel     $22,800.00   [strat=reciprocal_fairness_keeper]
   run 12 done in 6.9 min

   run 13/30 on 2019 Honda Accord Sport 1.5T  seed=21262432
      R 1  buy $  5,970.21   sel     $25,999.00   [strat=opponent_aware_diagnostic] *
      R 2  buy $  9,969.89   sel     $25,500.00   [strat=opponent_aware_diagnostic]
      R 3  buy $  6,646.05   sel     $25,000.00   [strat=opponent_aware_diagnostic]
      R 4  buy $  4,341.51   sel     $24,500.00   [strat=opponent_aware_diagnostic]
      R 5  buy $ 10,646.08   sel     $24,000.00   [strat=opponent_aware_diagnostic]
      R 6  buy $  9,627.36   sel     $24,000.00   [strat=market_expert_value_justifier] *
      R 7  buy $  3,003.46   sel     $24,000.00   [strat=market_expert_value_justifier]
      R 8  buy $ 18,295.53   sel     $23,000.00   [strat=market_expert_value_justifier]
      R 9  buy $  8,191.00   sel     $23,000.00   [strat=market_expert_value_justifier]
      R10  buy $  1,872.44   sel     $22,500.00   [strat=market_expert_value_justifier]
      R11  buy $  2,240.11   sel     $22,000.00   [strat=market_expert_value_justifier]
      R12  buy $  7,075.28   sel     $22,000.00   [strat=reciprocal_fairness_keeper] *
      R13  buy $  4,331.47   sel     $22,000.00   [strat=reciprocal_fairness_keeper]
      R14  buy $  1,693.44   sel     $22,000.00   [strat=reciprocal_fairness_keeper]
      R15  buy $ 12,965.48   sel     $21,500.00   [strat=reciprocal_fairness_keeper]
      R16  buy $ 14,430.75   sel     $21,000.00   [strat=reciprocal_fairness_keeper]
   run 13 done in 7.9 min

   run 14/30 on 2019 Honda Accord Sport 1.5T  seed=21262433
      R 1  buy $  6,921.54   sel     $25,500.00   [strat=opponent_aware_diagnostic] *
      R 2  buy $ 16,383.46   sel     $23,500.00   [strat=opponent_aware_diagnostic]
      R 3  buy $ 18,568.06   sel     $22,000.00   [strat=opponent_aware_diagnostic]
      R 4  buy $    168.50   sel     $21,000.00   [strat=opponent_aware_diagnostic]
      R 5  buy $ 18,862.52   sel     $20,500.00   [strat=opponent_aware_diagnostic]
      R 6  buy $ 15,774.28   sel     $19,500.00   [strat=market_expert_value_justifier] *
      R 7  buy $ 12,788.45   sel     $19,000.00   [strat=market_expert_value_justifier]
      R 8  buy $ 18,364.32   sel     $18,750.00   [strat=market_expert_value_justifier]
      R 9  buy $  9,730.62   sel     $18,500.00   [strat=market_expert_value_justifier]
      R10  buy $ 10,663.00   sel     $18,000.00   [strat=market_expert_value_justifier]
      R11  buy $  3,629.08   sel     $17,750.00   [strat=market_expert_value_justifier]
      R12  buy $ 12,918.78   sel     $17,500.00   [strat=reciprocal_fairness_keeper] *
      R13  buy $ 10,091.95   sel     $17,000.00   [strat=reciprocal_fairness_keeper]
      R14  buy $ 16,862.53   sel     $16,950.00   [strat=reciprocal_fairness_keeper]
      R15  buy $  3,008.94   sel     $16,900.00   [strat=reciprocal_fairness_keeper]
      R16  buy $  1,001.20   sel     $16,900.00   [strat=reciprocal_fairness_keeper]
   run 14 done in 8.1 min

   run 15/30 on 2019 Honda Accord Sport 1.5T  seed=21262434
      R 1  buy $ 22,461.61   sel     $25,995.00   [strat=opponent_aware_diagnostic] *
      R 2  buy $ 16,613.70   sel     $24,500.00   [strat=opponent_aware_diagnostic]
      R 3  buy $ 11,821.55   sel     $23,000.00   [strat=opponent_aware_diagnostic]
      R 4  buy $  1,101.06   sel     $22,500.00   [strat=opponent_aware_diagnostic]
      R 5  buy $ 14,998.76   sel     $21,500.00   [strat=opponent_aware_diagnostic]
      R 6  buy $  6,576.62   sel     $20,500.00   [strat=market_expert_value_justifier] *
      R 7  buy $ 14,061.62   sel     $19,500.00   [strat=market_expert_value_justifier]
      R 8  buy $  2,876.11   sel     $19,000.00   [strat=market_expert_value_justifier]
      R 9  buy $  3,324.05   sel     $18,500.00   [strat=market_expert_value_justifier]
      R10  buy $  7,576.24   sel     $17,500.00   [strat=market_expert_value_justifier]
      R11  buy $ 16,663.27   sel     $17,000.00   [strat=market_expert_value_justifier]
      R12  buy $ 16,183.73   sel     $16,800.00   [strat=reciprocal_fairness_keeper] *
      R13  buy $  8,470.60   sel     $16,500.00   [strat=reciprocal_fairness_keeper]
      R14  buy $  8,259.72   sel     $16,000.00   [strat=reciprocal_fairness_keeper]
      R15  buy $  3,962.12   sel     $15,500.00   [strat=reciprocal_fairness_keeper]
      R16  buy $  2,337.96   sel     $15,500.00   [strat=reciprocal_fairness_keeper]
   run 15 done in 6.3 min

   run 16/30 on 2019 Honda Accord Sport 1.5T  seed=21262435
      R 1  buy $  8,285.64   sel     $19,500.00   [strat=opponent_aware_diagnostic] *
      R 2  buy $ 17,836.89   sel     $18,800.00   [strat=opponent_aware_diagnostic]
      R 3  buy $ 15,062.30   sel     $18,500.00   [strat=opponent_aware_diagnostic]
      R 4  buy $ 10,380.35   sel     $18,500.00   [strat=opponent_aware_diagnostic]
      R 5  buy $    737.63   sel     $18,500.00   [strat=opponent_aware_diagnostic]
      R 6  buy $    867.52   sel     $18,250.00   [strat=market_expert_value_justifier] *
      R 7  buy $  3,037.15   sel     $17,500.00   [strat=market_expert_value_justifier]
      R 8  buy $  9,589.14   sel     $16,500.00   [strat=market_expert_value_justifier]
      R 9  buy $ 15,744.75   sel     $16,100.00   [strat=market_expert_value_justifier]
      R10  buy $ 13,689.98   sel     $15,900.00   [strat=market_expert_value_justifier]
      R11  buy $  3,853.21   sel     $15,500.00   [strat=market_expert_value_justifier]
      R12  buy $ 14,841.94   sel     $15,200.00   [strat=reciprocal_fairness_keeper] *
      R13  buy $ 15,156.83   sel     $15,156.83   [strat=reciprocal_fairness_keeper]
      R14  buy $  2,552.00   sel     $15,200.00   [strat=reciprocal_fairness_keeper]
      R15  buy $  7,464.07   sel     $15,200.00   [strat=reciprocal_fairness_keeper]
      R16  buy $  4,558.52   sel     $15,000.00   [strat=reciprocal_fairness_keeper]
   run 16 done in 6.1 min

   run 17/30 on 2019 Honda Accord Sport 1.5T  seed=21262436
      R 1  buy $ 13,940.05   sel     $16,995.00   [strat=opponent_aware_diagnostic] *
      R 2  buy $ 10,717.16   sel     $16,500.00   [strat=opponent_aware_diagnostic]
      R 3  buy $ 14,157.76   sel     $15,995.00   [strat=opponent_aware_diagnostic]
      R 4  buy $  5,289.90   sel     $15,750.00   [strat=opponent_aware_diagnostic]
      R 5  buy $ 12,550.55   sel     $14,995.00   [strat=opponent_aware_diagnostic]
      R 6  buy $  1,294.90   sel     $14,995.00   [strat=market_expert_value_justifier] *
      R 7  buy $  3,889.94   sel     $14,995.00   [strat=market_expert_value_justifier]
      R 8  buy $  6,497.42   sel     $14,995.00   [strat=market_expert_value_justifier]
      R 9  buy $ 12,167.77   sel     $14,995.00   [strat=market_expert_value_justifier]
      R10  buy $  9,222.66   sel     $14,500.00   [strat=market_expert_value_justifier]
      R11  buy $  6,981.89   sel     $14,500.00   [strat=market_expert_value_justifier]
      R12  buy $  9,014.94   sel     $14,500.00   [strat=reciprocal_fairness_keeper] *
      R13  buy $ 12,381.51   sel     $14,400.00   [strat=reciprocal_fairness_keeper]
      R14  buy $  2,475.68   sel     $14,400.00   [strat=reciprocal_fairness_keeper]
      R15  buy $ 10,909.26   sel     $14,400.00   [strat=reciprocal_fairness_keeper]
      R16  buy $  5,362.29   sel     $14,400.00   [strat=reciprocal_fairness_keeper]
   run 17 done in 9.1 min

   run 18/30 on 2019 Honda Accord Sport 1.5T  seed=21262437
      R 1  buy $ 21,136.04   sel     $25,995.00   [strat=opponent_aware_diagnostic] *
      R 2  buy $ 23,563.61   sel     $25,500.00   [strat=opponent_aware_diagnostic]
      R 3  buy $    884.60   sel     $25,500.00   [strat=opponent_aware_diagnostic]
      R 4  buy $  1,746.20   sel     $25,500.00   [strat=opponent_aware_diagnostic]
      R 5  buy $  6,539.61   sel     $25,000.00   [strat=opponent_aware_diagnostic]
      R 6  buy $ 16,844.79   sel     $23,500.00   [strat=market_expert_value_justifier] *
      R 7  buy $ 10,344.28   sel     $23,000.00   [strat=market_expert_value_justifier]
      R 8  buy $  7,812.71   sel     $23,000.00   [strat=market_expert_value_justifier]
      R 9  buy $ 17,496.44   sel     $22,500.00   [strat=market_expert_value_justifier]
      R10  buy $ 19,059.51   sel     $20,500.00   [strat=market_expert_value_justifier]
      R11  buy $ 20,422.70   sel     $20,422.70   [strat=market_expert_value_justifier]
      R12  buy $ 12,790.40   sel     $20,422.70   [strat=reciprocal_fairness_keeper] *
      R13  buy $  7,710.65   sel     $20,000.00   [strat=reciprocal_fairness_keeper]
      R14  buy $ 14,340.23   sel     $19,500.00   [strat=reciprocal_fairness_keeper]
      R15  buy $  1,505.22   sel     $20,500.00   [strat=reciprocal_fairness_keeper]
      R16  buy $  7,481.26   sel     $19,999.00   [strat=reciprocal_fairness_keeper]
   run 18 done in 9.2 min

   run 19/30 on 2019 Honda Accord Sport 1.5T  seed=21262438
      R 1  buy $  9,327.28   sel     $19,500.00   [strat=opponent_aware_diagnostic] *
      R 2  buy $  6,450.45   sel     $19,500.00   [strat=opponent_aware_diagnostic]
      R 3  buy $ 15,690.41   sel     $18,000.00   [strat=opponent_aware_diagnostic]
      R 4  buy $  9,804.86   sel     $17,500.00   [strat=opponent_aware_diagnostic]
      R 5  buy $ 16,602.57   sel     $17,000.00   [strat=opponent_aware_diagnostic]
      R 6  buy $  5,963.05   sel     $17,000.00   [strat=market_expert_value_justifier] *
      R 7  buy $  7,599.85   sel     $17,000.00   [strat=market_expert_value_justifier]
      R 8  buy $  7,173.61   sel     $17,000.00   [strat=market_expert_value_justifier]
      R 9  buy $  8,913.32   sel     $17,000.00   [strat=market_expert_value_justifier]
      R10  buy $ 14,173.23   sel     $17,000.00   [strat=market_expert_value_justifier]
      R11  buy $ 14,432.34   sel     $17,000.00   [strat=market_expert_value_justifier]
      R12  buy $ 14,529.57   sel     $16,000.00   [strat=reciprocal_fairness_keeper] *
      R13  buy $ 13,684.44   sel     $16,000.00   [strat=reciprocal_fairness_keeper]
      R14  buy $  1,296.25   sel     $16,000.00   [strat=reciprocal_fairness_keeper]
      R15  buy $  3,557.13   sel     $16,000.00   [strat=reciprocal_fairness_keeper]
      R16  buy $  5,312.82   sel     $16,000.00   [strat=reciprocal_fairness_keeper]
   run 19 done in 7.1 min

   run 20/30 on 2019 Honda Accord Sport 1.5T  seed=21262439
      R 1  buy $ 27,545.32   sel     $28,495.32   [strat=opponent_aware_diagnostic] *
      R 2  buy $ 20,102.41   sel     $27,895.32   [strat=opponent_aware_diagnostic]
      R 3  buy $ 12,399.48   sel     $27,500.00   [strat=opponent_aware_diagnostic]
      R 4  buy $ 11,304.76   sel     $27,000.00   [strat=opponent_aware_diagnostic]
      R 5  buy $    153.29   sel     $14,500.00   [strat=opponent_aware_diagnostic]
      R 6  buy $  7,824.15   sel     $14,250.00   [strat=market_expert_value_justifier] *
      R 7  buy $ 10,639.94   sel     $14,200.00   [strat=market_expert_value_justifier]
      R 8  buy $  2,360.55   sel     $14,100.00   [strat=market_expert_value_justifier]
      R 9  buy $ 10,697.38   sel     $14,000.00   [strat=market_expert_value_justifier]
      R10  buy $  1,107.35   sel     $14,000.00   [strat=market_expert_value_justifier]
      R11  buy $  3,694.79   sel     $14,100.00   [strat=market_expert_value_justifier]
      R12  buy $ 11,298.86   sel     $14,050.00   [strat=reciprocal_fairness_keeper] *
      R13  buy $    632.08   sel     $14,025.00   [strat=reciprocal_fairness_keeper]
      R14  buy $  1,237.45   sel     $14,025.00   [strat=reciprocal_fairness_keeper]
      R15  buy $ 12,927.11   sel     $14,015.00   [strat=reciprocal_fairness_keeper]
      R16  buy $  1,409.57   sel     $14,010.00   [strat=reciprocal_fairness_keeper]
   run 20 done in 10.0 min

   run 21/30 on 2019 Honda Accord Sport 1.5T  seed=21262440
      R 1  buy $ 17,709.75   sel     $24,995.00   [strat=opponent_aware_diagnostic] *
      R 2  buy $  4,120.94   sel     $22,500.00   [strat=opponent_aware_diagnostic]
      R 3  buy $  1,247.68   sel     $20,995.00   [strat=opponent_aware_diagnostic]
      R 4  buy $  2,115.10   sel     $19,500.00   [strat=opponent_aware_diagnostic]
      R 5  buy $ 15,916.57   sel     $18,995.00   [strat=opponent_aware_diagnostic]
      R 6  buy $ 14,081.23   sel     $17,500.00   [strat=market_expert_value_justifier] *
      R 7  buy $ 13,104.16   sel     $16,500.00   [strat=market_expert_value_justifier]
      R 8  buy $  8,860.34   sel     $15,500.00   [strat=market_expert_value_justifier]
      R 9  buy $ 10,581.16   sel     $15,500.00   [strat=market_expert_value_justifier]
      R10  buy $  6,320.68   sel     $15,500.00   [strat=market_expert_value_justifier]
      R11  buy $  4,695.61   sel     $15,500.00   [strat=market_expert_value_justifier]
      R12  buy $  5,070.18   sel     $15,500.00   [strat=reciprocal_fairness_keeper] *
      R13  buy $ 15,361.89   sel     $15,361.89   [strat=reciprocal_fairness_keeper]
      R14  buy $  9,772.19   sel     $15,500.00   [strat=reciprocal_fairness_keeper]
      R15  buy $  1,135.03   sel     $15,500.00   [strat=reciprocal_fairness_keeper]
      R16  buy $    979.77   sel     $15,500.00   [strat=reciprocal_fairness_keeper]
   run 21 done in 8.1 min

   run 22/30 on 2019 Honda Accord Sport 1.5T  seed=21262441
      R 1  buy $  5,591.85   sel     $22,500.00   [strat=opponent_aware_diagnostic] *
      R 2  buy $ 14,415.95   sel     $21,500.00   [strat=opponent_aware_diagnostic]
      R 3  buy $ 10,573.84   sel     $20,500.00   [strat=opponent_aware_diagnostic]
      R 4  buy $  3,924.90   sel     $19,900.00   [strat=opponent_aware_diagnostic]
      R 5  buy $  2,646.39   sel     $19,800.00   [strat=opponent_aware_diagnostic]
      R 6  buy $ 13,533.09   sel     $19,500.00   [strat=market_expert_value_justifier] *
      R 7  buy $ 16,305.41   sel     $19,000.00   [strat=market_expert_value_justifier]
      R 8  buy $ 10,738.76   sel     $18,500.00   [strat=market_expert_value_justifier]
      R 9  buy $ 11,170.48   sel     $18,000.00   [strat=market_expert_value_justifier]
      R10  buy $  7,883.04   sel     $17,500.00   [strat=market_expert_value_justifier]
      R11  buy $ 15,899.97   sel     $17,000.00   [strat=market_expert_value_justifier]
      R12  buy $  3,163.40   sel     $16,900.00   [strat=reciprocal_fairness_keeper] *
      R13  buy $  6,070.97   sel     $16,800.00   [strat=reciprocal_fairness_keeper]
      R14  buy $ 10,047.98   sel     $16,500.00   [strat=reciprocal_fairness_keeper]
      R15  buy $  3,821.85   sel     $16,450.00   [strat=reciprocal_fairness_keeper]
      R16  buy $  5,101.01   sel     $16,400.00   [strat=reciprocal_fairness_keeper]
   run 22 done in 8.9 min

   run 23/30 on 2019 Honda Accord Sport 1.5T  seed=21262442
      R 1  buy $ 12,386.57   sel     $25,995.00   [strat=opponent_aware_diagnostic] *
      R 2  buy $  4,839.00   sel     $24,995.00   [strat=opponent_aware_diagnostic]
      R 3  buy $  8,901.40   sel     $22,995.00   [strat=opponent_aware_diagnostic]
      R 4  buy $ 12,639.93   sel     $18,995.00   [strat=opponent_aware_diagnostic]
      R 5  buy $  7,978.61   sel     $16,995.00   [strat=opponent_aware_diagnostic]
      R 6  buy $ 14,618.37   sel     $15,995.00   [strat=market_expert_value_justifier] *
      R 7  buy $  6,959.27   sel     $15,495.00   [strat=market_expert_value_justifier]
      R 8  buy $  6,637.25   sel     $14,995.00   [strat=market_expert_value_justifier]
      R 9  buy $ 12,012.04   sel     $14,495.00   [strat=market_expert_value_justifier]
      R10  buy $ 13,016.34   sel     $14,300.00   [strat=market_expert_value_justifier]
      R11  buy $  7,719.26   sel     $14,200.00   [strat=market_expert_value_justifier]
      R12  buy $  9,882.09   sel     $14,100.00   [strat=reciprocal_fairness_keeper] *
      R13  buy $  8,980.78   sel     $14,050.00   [strat=reciprocal_fairness_keeper]
      R14  buy $  6,025.17   sel     $14,000.00   [strat=reciprocal_fairness_keeper]
      R15  buy $  9,499.08   sel     $14,050.00   [strat=reciprocal_fairness_keeper]
      R16  buy $  2,600.51   sel     $14,000.00   [strat=reciprocal_fairness_keeper]
   run 23 done in 9.6 min

   run 24/30 on 2019 Honda Accord Sport 1.5T  seed=21262443
      R 1  buy $ 15,639.97   sel     $19,995.00   [strat=opponent_aware_diagnostic] *
      R 2  buy $    709.01   sel     $19,995.00   [strat=opponent_aware_diagnostic]
      R 3  buy $  1,243.94   sel     $19,750.00   [strat=opponent_aware_diagnostic]
      R 4  buy $  4,491.12   sel     $19,500.00   [strat=opponent_aware_diagnostic]
      R 5  buy $ 12,270.93   sel     $19,250.00   [strat=opponent_aware_diagnostic]
      R 6  buy $  3,626.22   sel     $19,000.00   [strat=market_expert_value_justifier] *
      R 7  buy $    455.64   sel     $18,750.00   [strat=market_expert_value_justifier]
      R 8  buy $ 18,125.64   sel     $18,500.00   [strat=market_expert_value_justifier]
      R 9  buy $    225.75   sel     $18,500.00   [strat=market_expert_value_justifier]
      R10  buy $  5,368.11   sel     $18,500.00   [strat=market_expert_value_justifier]
      R11  buy $  2,482.30   sel     $18,500.00   [strat=market_expert_value_justifier]
      R12  buy $ 11,616.72   sel     $18,500.00   [strat=reciprocal_fairness_keeper] *
      R13  buy $  5,777.32   sel     $18,250.00   [strat=reciprocal_fairness_keeper]
      R14  buy $  9,379.72   sel     $18,000.00   [strat=reciprocal_fairness_keeper]
      R15  buy $ 12,886.88   sel     $17,750.00   [strat=reciprocal_fairness_keeper]
      R16  buy $  7,361.66   sel     $17,750.00   [strat=reciprocal_fairness_keeper]
   run 24 done in 7.7 min

   run 25/30 on 2019 Honda Accord Sport 1.5T  seed=21262444
      R 1  buy $  6,718.44   sel     $22,500.00   [strat=opponent_aware_diagnostic] *
      R 2  buy $ 11,422.43   sel     $19,500.00   [strat=opponent_aware_diagnostic]
      R 3  buy $  6,911.03   sel     $18,200.00   [strat=opponent_aware_diagnostic]
      R 4  buy $  1,798.08   sel     $17,500.00   [strat=opponent_aware_diagnostic]
      R 5  buy $  5,566.07   sel     $16,900.00   [strat=opponent_aware_diagnostic]
      R 6  buy $  6,540.28   sel     $16,500.00   [strat=market_expert_value_justifier] *
      R 7  buy $  2,876.80   sel     $16,500.00   [strat=market_expert_value_justifier]
      R 8  buy $ 14,191.52   sel     $15,900.00   [strat=market_expert_value_justifier]
      R 9  buy $  6,177.23   sel     $15,900.00   [strat=market_expert_value_justifier]
      R10  buy $  4,211.48   sel     $15,500.00   [strat=market_expert_value_justifier]
      R11  buy $  2,535.70   sel     $15,500.00   [strat=market_expert_value_justifier]
      R12  buy $ 14,454.37   sel     $14,900.00   [strat=reciprocal_fairness_keeper] *
      R13  buy $ 10,137.74   sel     $14,500.00   [strat=reciprocal_fairness_keeper]
      R14  buy $ 14,047.08   sel     $14,047.08   [strat=reciprocal_fairness_keeper]
      R15  buy $  5,081.76   sel     $14,500.00   [strat=reciprocal_fairness_keeper]
      R16  buy $  9,626.28   sel     $14,200.00   [strat=reciprocal_fairness_keeper]
   run 25 done in 7.7 min

   run 26/30 on 2019 Honda Accord Sport 1.5T  seed=21262445
      R 1  buy $    262.17   sel     $25,500.00   [strat=opponent_aware_diagnostic] *
      R 2  buy $ 18,836.45   sel     $24,500.00   [strat=opponent_aware_diagnostic]
      R 3  buy $  3,507.91   sel     $24,000.00   [strat=opponent_aware_diagnostic]
      R 4  buy $  1,838.85   sel     $23,500.00   [strat=opponent_aware_diagnostic]
      R 5  buy $ 20,412.07   sel     $21,500.00   [strat=opponent_aware_diagnostic]
      R 6  buy $ 21,153.80   sel     $22,500.00   [strat=market_expert_value_justifier] *
      R 7  buy $  6,783.81   sel     $22,000.00   [strat=market_expert_value_justifier]
      R 8  buy $  3,609.51   sel     $22,000.00   [strat=market_expert_value_justifier]
      R 9  buy $ 21,515.18   sel     $21,515.18   [strat=market_expert_value_justifier]
      R10  buy $ 17,785.14   sel     $21,000.00   [strat=market_expert_value_justifier]
      R11  buy $ 19,609.20   sel     $20,500.00   [strat=market_expert_value_justifier]
      R12  buy $    573.34   sel     $20,000.00   [strat=reciprocal_fairness_keeper] *
      R13  buy $  9,641.86   sel     $19,500.00   [strat=reciprocal_fairness_keeper]
      R14  buy $  5,036.22   sel     $18,500.00   [strat=reciprocal_fairness_keeper]
      R15  buy $  6,298.63   sel     $18,500.00   [strat=reciprocal_fairness_keeper]
      R16  buy $  4,254.25   sel     $18,500.00   [strat=reciprocal_fairness_keeper]
   run 26 done in 8.1 min

   run 27/30 on 2019 Honda Accord Sport 1.5T  seed=21262446
      R 1  buy $  4,248.53   sel     $25,500.00   [strat=opponent_aware_diagnostic] *
      R 2  buy $ 13,491.04   sel     $24,000.00   [strat=opponent_aware_diagnostic]
      R 3  buy $ 23,341.73   sel     $23,800.00   [strat=opponent_aware_diagnostic]
      R 4  buy $    505.39   sel     $23,800.00   [strat=opponent_aware_diagnostic]
      R 5  buy $ 13,731.01   sel     $23,000.00   [strat=opponent_aware_diagnostic]
      R 6  buy $ 20,855.02   sel     $22,500.00   [strat=market_expert_value_justifier] *
      R 7  buy $  3,429.24   sel     $22,000.00   [strat=market_expert_value_justifier]
      R 8  buy $  7,703.60   sel     $21,500.00   [strat=market_expert_value_justifier]
      R 9  buy $ 13,932.62   sel     $21,000.00   [strat=market_expert_value_justifier]
      R10  buy $  3,028.03   sel     $20,500.00   [strat=market_expert_value_justifier]
      R11  buy $ 11,508.56   sel     $19,500.00   [strat=market_expert_value_justifier]
      R12  buy $ 13,721.69   sel     $19,000.00   [strat=reciprocal_fairness_keeper] *
      R13  buy $  5,147.70   sel     $18,500.00   [strat=reciprocal_fairness_keeper]
      R14  buy $ 14,007.57   sel     $14,500.00   [strat=reciprocal_fairness_keeper]
      R15  buy $  7,322.51   sel     $14,500.00   [strat=reciprocal_fairness_keeper]
      R16  buy $ 13,499.06   sel     $14,250.00   [strat=reciprocal_fairness_keeper]
   run 27 done in 8.1 min

   run 28/30 on 2019 Honda Accord Sport 1.5T  seed=21262447
      R 1  buy $  3,147.86   sel     $26,000.00   [strat=opponent_aware_diagnostic] *
      R 2  buy $ 16,599.02   sel     $22,500.00   [strat=opponent_aware_diagnostic]
      R 3  buy $ 13,704.76   sel     $21,000.00   [strat=opponent_aware_diagnostic]
      R 4  buy $  2,834.18   sel     $19,000.00   [strat=opponent_aware_diagnostic]
      R 5  buy $  5,454.62   sel     $18,500.00   [strat=opponent_aware_diagnostic]
      R 6  buy $  6,996.76   sel     $17,000.00   [strat=market_expert_value_justifier] *
      R 7  buy $ 10,539.82   sel     $16,000.00   [strat=market_expert_value_justifier]
      R 8  buy $  5,489.78   sel     $15,500.00   [strat=market_expert_value_justifier]
      R 9  buy $  1,844.53   sel     $15,500.00   [strat=market_expert_value_justifier]
      R10  buy $ 14,955.80   sel     $14,955.80   [strat=market_expert_value_justifier]
      R11  buy $ 13,470.26   sel     $14,500.00   [strat=market_expert_value_justifier]
      R12  buy $ 13,156.61   sel     $14,400.00   [strat=reciprocal_fairness_keeper] *
      R13  buy $  6,478.99   sel     $14,400.00   [strat=reciprocal_fairness_keeper]
      R14  buy $ 11,246.66   sel     $14,300.00   [strat=reciprocal_fairness_keeper]
      R15  buy $  5,241.81   sel     $14,250.00   [strat=reciprocal_fairness_keeper]
      R16  buy $  7,904.07   sel     $14,250.00   [strat=reciprocal_fairness_keeper]
   run 28 done in 8.7 min

   run 29/30 on 2019 Honda Accord Sport 1.5T  seed=21262448
      R 1  buy $ 24,955.78   sel     $27,500.00   [strat=opponent_aware_diagnostic] *
      R 2  buy $ 16,803.13   sel     $27,000.00   [strat=opponent_aware_diagnostic]
      R 3  buy $ 21,801.89   sel     $25,500.00   [strat=opponent_aware_diagnostic]
      R 4  buy $  5,448.95   sel     $25,500.00   [strat=opponent_aware_diagnostic]
      R 5  buy $ 14,202.16   sel     $24,999.00   [strat=opponent_aware_diagnostic]
      R 6  buy $ 23,384.50   sel     $24,000.00   [strat=market_expert_value_justifier] *
      R 7  buy $  1,046.19   sel     $23,500.00   [strat=market_expert_value_justifier]
      R 8  buy $  8,883.55   sel     $23,000.00   [strat=market_expert_value_justifier]
      R 9  buy $ 21,054.09   sel     $22,000.00   [strat=market_expert_value_justifier]
      R10  buy $  8,509.01   sel     $21,500.00   [strat=market_expert_value_justifier]
      R11  buy $  4,268.39   sel     $21,000.00   [strat=market_expert_value_justifier]
      R12  buy $    660.35   sel     $20,500.00   [strat=reciprocal_fairness_keeper] *
      R13  buy $ 15,723.81   sel     $19,000.00   [strat=reciprocal_fairness_keeper]
      R14  buy $  8,375.86   sel     $18,500.00   [strat=reciprocal_fairness_keeper]
      R15  buy $ 12,748.77   sel     $17,500.00   [strat=reciprocal_fairness_keeper]
      R16  buy $ 14,988.53   sel     $16,500.00   [strat=reciprocal_fairness_keeper]
   run 29 done in 6.9 min

   run 30/30 on 2019 Honda Accord Sport 1.5T  seed=21262449
      R 1  buy $ 12,852.20   sel     $16,500.00   [strat=opponent_aware_diagnostic] *
      R 2  buy $  9,700.04   sel     $16,200.00   [strat=opponent_aware_diagnostic]
      R 3  buy $ 11,412.90   sel     $15,800.00   [strat=opponent_aware_diagnostic]
      R 4  buy $ 11,101.41   sel     $15,600.00   [strat=opponent_aware_diagnostic]
      R 5  buy $  6,001.39   sel     $15,500.00   [strat=opponent_aware_diagnostic]
      R 6  buy $  5,345.45   sel     $15,400.00   [strat=market_expert_value_justifier] *
      R 7  buy $ 10,763.18   sel     $15,300.00   [strat=market_expert_value_justifier]
      R 8  buy $  1,319.93   sel     $15,250.00   [strat=market_expert_value_justifier]
      R 9  buy $ 11,017.80   sel     $15,000.00   [strat=market_expert_value_justifier]
      R10  buy $  8,643.38   sel     $14,900.00   [strat=market_expert_value_justifier]
      R11  buy $  9,047.32   sel     $14,750.00   [strat=market_expert_value_justifier]
      R12  buy $ 10,659.63   sel     $14,500.00   [strat=reciprocal_fairness_keeper] *
      R13  buy $  3,978.06   sel     $14,250.00   [strat=reciprocal_fairness_keeper]
      R14  buy $  9,025.70   sel     $14,150.00   [strat=reciprocal_fairness_keeper]
      R15  buy $  4,977.78   sel     $14,100.00   [strat=reciprocal_fairness_keeper]
      R16  buy $ 13,517.13   sel     $14,000.00   [strat=reciprocal_fairness_keeper]
   run 30 done in 8.4 min

   ---> checkpoint: car 3/5 done in 230.0 min; total so far 654.9 min; saved 90 runs to exp10_transitionB_rep2.json

--- CAR 4/5: 2022 Toyota RAV4 XLE AWD  (M=$32,000.00  cost=$20,800.00  cost/M=65.00%) ---

   run 1/30 on 2022 Toyota RAV4 XLE AWD  seed=21263420
      R 1  buy $  1,658.13   sel     $29,995.00   [strat=opponent_aware_diagnostic] *
      R 2  buy $  1,745.44   sel     $29,500.00   [strat=opponent_aware_diagnostic]
      R 3  buy $ 20,990.22   sel     $28,500.00   [strat=opponent_aware_diagnostic]
      R 4  buy $ 19,646.59   sel     $27,500.00   [strat=opponent_aware_diagnostic]
      R 5  buy $ 21,802.85   sel     $26,500.00   [strat=opponent_aware_diagnostic]
      R 6  buy $ 18,779.62   sel     $24,500.00   [strat=market_expert_value_justifier] *
      R 7  buy $ 22,460.24   sel     $23,500.00   [strat=market_expert_value_justifier]
      R 8  buy $ 22,988.22   sel     $23,300.00   [strat=market_expert_value_justifier]
      R 9  buy $ 10,628.72   sel     $23,000.00   [strat=market_expert_value_justifier]
      R10  buy $  1,143.90   sel     $23,000.00   [strat=market_expert_value_justifier]
      R11  buy $  3,536.92   sel     $22,500.00   [strat=market_expert_value_justifier]
      R12  buy $  5,799.02   sel     $22,000.00   [strat=reciprocal_fairness_keeper] *
      R13  buy $ 19,070.44   sel     $21,000.00   [strat=reciprocal_fairness_keeper]
      R14  buy $ 11,186.45   sel     $21,000.00   [strat=reciprocal_fairness_keeper]
      R15  buy $  1,301.54   sel     $21,000.00   [strat=reciprocal_fairness_keeper]
      R16  buy $ 15,644.81   sel     $20,500.00   [strat=reciprocal_fairness_keeper]
   run 1 done in 8.5 min

   run 2/30 on 2022 Toyota RAV4 XLE AWD  seed=21263421
      R 1  buy $  3,804.94   sel     $30,000.00   [strat=opponent_aware_diagnostic] *
      R 2  buy $ 24,745.54   sel     $27,500.00   [strat=opponent_aware_diagnostic]
      R 3  buy $ 24,408.51   sel     $26,000.00   [strat=opponent_aware_diagnostic]
      R 4  buy $  5,424.42   sel     $26,000.00   [strat=opponent_aware_diagnostic]
      R 5  buy $ 22,116.36   sel     $25,500.00   [strat=opponent_aware_diagnostic]
      R 6  buy $    466.92   sel     $25,000.00   [strat=market_expert_value_justifier] *
      R 7  buy $ 18,050.74   sel     $24,000.00   [strat=market_expert_value_justifier]
      R 8  buy $  9,623.31   sel     $23,500.00   [strat=market_expert_value_justifier]
      R 9  buy $  8,794.29   sel     $22,500.00   [strat=market_expert_value_justifier]
      R10  buy $  5,028.67   sel     $22,000.00   [strat=market_expert_value_justifier]
      R11  buy $  6,757.36   sel     $21,500.00   [strat=market_expert_value_justifier]
      R12  buy $  4,256.51   sel     $21,500.00   [strat=reciprocal_fairness_keeper] *
      R13  buy $ 16,043.10   sel     $21,000.00   [strat=reciprocal_fairness_keeper]
      R14  buy $  2,500.55   sel     $21,000.00   [strat=reciprocal_fairness_keeper]
      R15  buy $  1,682.06   sel     $21,000.00   [strat=reciprocal_fairness_keeper]
      R16  buy $  9,176.10   sel     $20,500.00   [strat=reciprocal_fairness_keeper]
   run 2 done in 6.1 min

   run 3/30 on 2022 Toyota RAV4 XLE AWD  seed=21263422
      R 1  buy $ 19,858.54   sel     $28,499.00   [strat=opponent_aware_diagnostic] *
      R 2  buy $ 16,153.98   sel     $27,500.00   [strat=opponent_aware_diagnostic]
      R 3  buy $ 13,129.85   sel     $26,800.00   [strat=opponent_aware_diagnostic]
      R 4  buy $ 12,728.99   sel     $26,500.00   [strat=opponent_aware_diagnostic]
      R 5  buy $ 14,208.11   sel     $26,499.00   [strat=opponent_aware_diagnostic]
      R 6  buy $  1,814.93   sel     $26,400.00   [strat=market_expert_value_justifier] *
      R 7  buy $  2,350.72   sel     $26,200.00   [strat=market_expert_value_justifier]
      R 8  buy $    231.06   sel     $26,000.00   [strat=market_expert_value_justifier]
      R 9  buy $ 16,869.60   sel     $25,500.00   [strat=market_expert_value_justifier]
      R10  buy $ 18,568.98   sel     $25,250.00   [strat=market_expert_value_justifier]
      R11  buy $ 15,110.81   sel     $25,000.00   [strat=market_expert_value_justifier]
      R12  buy $ 11,971.29   sel     $24,900.00   [strat=reciprocal_fairness_keeper] *
      R13  buy $ 13,471.59   sel     $24,800.00   [strat=reciprocal_fairness_keeper]
      R14  buy $ 19,708.67   sel     $23,500.00   [strat=reciprocal_fairness_keeper]
      R15  buy $ 17,111.95   sel     $23,400.00   [strat=reciprocal_fairness_keeper]
      R16  buy $ 21,264.27   sel     $22,500.00   [strat=reciprocal_fairness_keeper]
   run 3 done in 7.1 min

   run 4/30 on 2022 Toyota RAV4 XLE AWD  seed=21263423
      R 1  buy $ 22,327.24   sel     $29,999.00   [strat=opponent_aware_diagnostic] *
      R 2  buy $    504.92   sel     $29,500.00   [strat=opponent_aware_diagnostic]
      R 3  buy $  4,218.13   sel     $28,900.00   [strat=opponent_aware_diagnostic]
      R 4  buy $  3,482.32   sel     $28,500.00   [strat=opponent_aware_diagnostic]
      R 5  buy $ 20,891.26   sel     $21,200.00   [strat=opponent_aware_diagnostic]
      R 6  buy $ 11,951.33   sel     $20,800.00   [strat=market_expert_value_justifier] *
      R 7  buy $ 19,868.78   sel     $20,800.00   [strat=market_expert_value_justifier]
      R 8  buy $  3,884.16   sel     $20,800.00   [strat=market_expert_value_justifier]
      R 9  buy $  7,340.54   sel     $20,800.00   [strat=market_expert_value_justifier]
      R10  buy $ 18,393.78   sel     $20,800.00   [strat=market_expert_value_justifier]
      R11  buy $ 12,834.79   sel     $20,800.00   [strat=market_expert_value_justifier]
      R12  buy $  8,568.54   sel     $20,800.00   [strat=reciprocal_fairness_keeper] *
      R13  buy $ 13,756.46   sel     $20,800.00   [strat=reciprocal_fairness_keeper]
      R14  buy $    837.58   sel     $20,800.00   [strat=reciprocal_fairness_keeper]
      R15  buy $ 11,557.18   sel     $20,800.00   [strat=reciprocal_fairness_keeper]
      R16  buy $ 16,038.36   sel     $20,800.00   [strat=reciprocal_fairness_keeper]
   run 4 done in 7.1 min

   run 5/30 on 2022 Toyota RAV4 XLE AWD  seed=21263424
      R 1  buy $  1,213.52   sel     $30,995.00   [strat=opponent_aware_diagnostic] *
      R 2  buy $ 19,349.07   sel     $28,995.00   [strat=opponent_aware_diagnostic]
      R 3  buy $    708.82   sel     $28,995.00   [strat=opponent_aware_diagnostic]
      R 4  buy $ 10,464.98   sel     $28,995.00   [strat=opponent_aware_diagnostic]
      R 5  buy $ 26,820.13   sel     $27,995.00   [strat=opponent_aware_diagnostic]
      R 6  buy $ 20,247.20   sel     $27,500.00   [strat=market_expert_value_justifier] *
      R 7  buy $  1,092.60   sel     $27,250.00   [strat=market_expert_value_justifier]
      R 8  buy $ 26,923.52   sel     $26,923.52   [strat=market_expert_value_justifier]
      R 9  buy $  3,251.89   sel     $27,000.00   [strat=market_expert_value_justifier]
      R10  buy $ 10,425.16   sel     $26,500.00   [strat=market_expert_value_justifier]
      R11  buy $ 22,256.05   sel     $25,900.00   [strat=market_expert_value_justifier]
      R12  buy $ 21,500.42   sel     $25,500.00   [strat=reciprocal_fairness_keeper] *
      R13  buy $ 23,277.34   sel     $24,900.00   [strat=reciprocal_fairness_keeper]
      R14  buy $  3,196.74   sel     $24,500.00   [strat=reciprocal_fairness_keeper]
      R15  buy $    587.49   sel     $24,500.00   [strat=reciprocal_fairness_keeper]
      R16  buy $ 13,238.67   sel     $24,000.00   [strat=reciprocal_fairness_keeper]
   run 5 done in 7.0 min

   run 6/30 on 2022 Toyota RAV4 XLE AWD  seed=21263425
      R 1  buy $ 27,673.86   sel     $30,500.00   [strat=opponent_aware_diagnostic] *
      R 2  buy $ 10,954.30   sel     $29,500.00   [strat=opponent_aware_diagnostic]
      R 3  buy $ 25,272.37   sel     $27,900.00   [strat=opponent_aware_diagnostic]
      R 4  buy $ 17,568.16   sel     $26,500.00   [strat=opponent_aware_diagnostic]
      R 5  buy $     39.82   sel     $26,500.00   [strat=opponent_aware_diagnostic]
      R 6  buy $ 18,367.87   sel     $25,900.00   [strat=market_expert_value_justifier] *
      R 7  buy $ 17,853.28   sel     $25,800.00   [strat=market_expert_value_justifier]
      R 8  buy $ 11,321.36   sel     $25,800.00   [strat=market_expert_value_justifier]
      R 9  buy $ 22,499.25   sel     $25,800.00   [strat=market_expert_value_justifier]
      R10  buy $  3,413.83   sel     $25,800.00   [strat=market_expert_value_justifier]
      R11  buy $  5,011.92   sel     $25,800.00   [strat=market_expert_value_justifier]
      R12  buy $  6,980.17   sel     $25,800.00   [strat=reciprocal_fairness_keeper] *
      R13  buy $ 22,243.16   sel     $25,500.00   [strat=reciprocal_fairness_keeper]
      R14  buy $ 16,793.36   sel     $25,400.00   [strat=reciprocal_fairness_keeper]
      R15  buy $ 15,712.51   sel     $25,300.00   [strat=reciprocal_fairness_keeper]
      R16  buy $ 17,844.09   sel     $25,300.00   [strat=reciprocal_fairness_keeper]
   run 6 done in 7.6 min

   run 7/30 on 2022 Toyota RAV4 XLE AWD  seed=21263426
      R 1  buy $ 14,149.11   sel     $28,500.00   [strat=opponent_aware_diagnostic] *
      R 2  buy $ 16,621.64   sel     $27,000.00   [strat=opponent_aware_diagnostic]
      R 3  buy $ 19,136.96   sel     $26,000.00   [strat=opponent_aware_diagnostic]
      R 4  buy $ 24,148.53   sel     $25,000.00   [strat=opponent_aware_diagnostic]
      R 5  buy $  6,105.05   sel     $24,500.00   [strat=opponent_aware_diagnostic]
      R 6  buy $     15.93   sel     $24,500.00   [strat=market_expert_value_justifier] *
      R 7  buy $  2,041.71   sel     $24,500.00   [strat=market_expert_value_justifier]
      R 8  buy $  3,611.59   sel     $24,500.00   [strat=market_expert_value_justifier]
      R 9  buy $  7,483.22   sel     PARSE-FAIL   [strat=market_expert_value_justifier]
      R10  buy $ 20,442.89   sel     $23,800.00   [strat=market_expert_value_justifier]
      R11  buy $ 17,296.34   sel     $23,500.00   [strat=market_expert_value_justifier]
      R12  buy $ 12,167.37   sel     $23,400.00   [strat=reciprocal_fairness_keeper] *
      R13  buy $ 16,627.19   sel     $23,200.00   [strat=reciprocal_fairness_keeper]
      R14  buy $ 16,819.61   sel     $23,000.00   [strat=reciprocal_fairness_keeper]
      R15  buy $ 20,317.75   sel     $22,500.00   [strat=reciprocal_fairness_keeper]
      R16  buy $  8,711.43   sel     $22,400.00   [strat=reciprocal_fairness_keeper]
   run 7 done in 7.4 min

   run 8/30 on 2022 Toyota RAV4 XLE AWD  seed=21263427
      R 1  buy $ 27,662.98   sel     $31,500.00   [strat=opponent_aware_diagnostic] *
      R 2  buy $ 16,335.88   sel     $30,750.00   [strat=opponent_aware_diagnostic]
      R 3  buy $ 14,090.02   sel     $30,000.00   [strat=opponent_aware_diagnostic]
      R 4  buy $ 10,912.43   sel     $30,000.00   [strat=opponent_aware_diagnostic]
      R 5  buy $ 25,232.50   sel     $29,500.00   [strat=opponent_aware_diagnostic]
      R 6  buy $ 16,164.00   sel     $29,000.00   [strat=market_expert_value_justifier] *
      R 7  buy $ 24,505.19   sel     $28,750.00   [strat=market_expert_value_justifier]
      R 8  buy $ 13,448.73   sel     $28,500.00   [strat=market_expert_value_justifier]
      R 9  buy $ 14,803.64   sel     $28,250.00   [strat=market_expert_value_justifier]
      R10  buy $ 14,365.82   sel     $28,200.00   [strat=market_expert_value_justifier]
      R11  buy $ 10,428.14   sel     $28,000.00   [strat=market_expert_value_justifier]
      R12  buy $ 17,031.01   sel     $28,000.00   [strat=reciprocal_fairness_keeper] *
      R13  buy $  8,727.54   sel     $28,000.00   [strat=reciprocal_fairness_keeper]
      R14  buy $ 11,975.38   sel     $28,000.00   [strat=reciprocal_fairness_keeper]
      R15  buy $ 22,215.57   sel     $27,000.00   [strat=reciprocal_fairness_keeper]
      R16  buy $  4,229.03   sel     $27,000.00   [strat=reciprocal_fairness_keeper]
   run 8 done in 8.7 min

   run 9/30 on 2022 Toyota RAV4 XLE AWD  seed=21263428
      R 1  buy $  7,112.19   sel     $29,500.00   [strat=opponent_aware_diagnostic] *
      R 2  buy $ 11,767.60   sel     $28,500.00   [strat=opponent_aware_diagnostic]
      R 3  buy $ 15,137.74   sel     $27,900.00   [strat=opponent_aware_diagnostic]
      R 4  buy $ 24,128.70   sel     $26,000.00   [strat=opponent_aware_diagnostic]
      R 5  buy $  2,730.98   sel     $25,500.00   [strat=opponent_aware_diagnostic]
      R 6  buy $ 11,130.50   sel     $25,500.00   [strat=market_expert_value_justifier] *
      R 7  buy $ 10,148.69   sel     $25,500.00   [strat=market_expert_value_justifier]
      R 8  buy $  1,288.30   sel     $25,500.00   [strat=market_expert_value_justifier]
      R 9  buy $ 24,864.58   sel     $25,250.00   [strat=market_expert_value_justifier]
      R10  buy $ 16,310.57   sel     $25,000.00   [strat=market_expert_value_justifier]
      R11  buy $ 24,769.56   sel     $24,900.00   [strat=market_expert_value_justifier]
      R12  buy $  3,464.19   sel     $24,900.00   [strat=reciprocal_fairness_keeper] *
      R13  buy $ 12,698.73   sel     $24,900.00   [strat=reciprocal_fairness_keeper]
      R14  buy $  5,946.92   sel     $24,850.00   [strat=reciprocal_fairness_keeper]
      R15  buy $ 15,165.33   sel     $24,800.00   [strat=reciprocal_fairness_keeper]
      R16  buy $  4,598.32   sel     $24,750.00   [strat=reciprocal_fairness_keeper]
   run 9 done in 8.1 min

   run 10/30 on 2022 Toyota RAV4 XLE AWD  seed=21263429
      R 1  buy $  3,463.39   sel     $30,995.00   [strat=opponent_aware_diagnostic] *
      R 2  buy $ 21,860.49   sel     $29,995.00   [strat=opponent_aware_diagnostic]
      R 3  buy $ 17,689.61   sel     $28,995.00   [strat=opponent_aware_diagnostic]
      R 4  buy $ 24,242.49   sel     $27,995.00   [strat=opponent_aware_diagnostic]
      R 5  buy $ 13,150.73   sel     $27,750.00   [strat=opponent_aware_diagnostic]
      R 6  buy $  1,641.29   sel     $27,500.00   [strat=market_expert_value_justifier] *
      R 7  buy $ 11,424.60   sel     $26,995.00   [strat=market_expert_value_justifier]
      R 8  buy $ 13,518.05   sel     $26,750.00   [strat=market_expert_value_justifier]
      R 9  buy $ 19,810.78   sel     $26,500.00   [strat=market_expert_value_justifier]
      R10  buy $ 19,292.93   sel     $25,995.00   [strat=market_expert_value_justifier]
      R11  buy $  4,253.25   sel     $25,750.00   [strat=market_expert_value_justifier]
      R12  buy $ 14,139.82   sel     $25,500.00   [strat=reciprocal_fairness_keeper] *
      R13  buy $  1,537.27   sel     $25,250.00   [strat=reciprocal_fairness_keeper]
      R14  buy $ 21,177.67   sel     $24,995.00   [strat=reciprocal_fairness_keeper]
      R15  buy $ 11,101.65   sel     $24,750.00   [strat=reciprocal_fairness_keeper]
      R16  buy $ 20,531.82   sel     $24,500.00   [strat=reciprocal_fairness_keeper]
   run 10 done in 6.6 min

   run 11/30 on 2022 Toyota RAV4 XLE AWD  seed=21263430
      R 1  buy $  1,160.40   sel     $31,250.00   [strat=opponent_aware_diagnostic] *
      R 2  buy $  9,258.80   sel     $30,500.00   [strat=opponent_aware_diagnostic]
      R 3  buy $  6,142.30   sel     $29,900.00   [strat=opponent_aware_diagnostic]
      R 4  buy $ 23,239.95   sel     $28,500.00   [strat=opponent_aware_diagnostic]
      R 5  buy $ 20,478.01   sel     $25,000.00   [strat=opponent_aware_diagnostic]
      R 6  buy $  8,444.68   sel     $24,000.00   [strat=market_expert_value_justifier] *
      R 7  buy $ 11,738.49   sel     $22,500.00   [strat=market_expert_value_justifier]
      R 8  buy $  7,030.28   sel     $22,000.00   [strat=market_expert_value_justifier]
      R 9  buy $ 13,648.69   sel     $21,500.00   [strat=market_expert_value_justifier]
      R10  buy $  5,829.94   sel     $21,000.00   [strat=market_expert_value_justifier]
      R11  buy $ 12,353.66   sel     $20,900.00   [strat=market_expert_value_justifier]
      R12  buy $  8,151.94   sel     $20,900.00   [strat=reciprocal_fairness_keeper] *
      R13  buy $ 11,513.42   sel     $20,850.00   [strat=reciprocal_fairness_keeper]
      R14  buy $ 13,600.99   sel     $20,825.00   [strat=reciprocal_fairness_keeper]
      R15  buy $ 12,540.04   sel     $20,815.00   [strat=reciprocal_fairness_keeper]
      R16  buy $  4,166.44   sel     $20,810.00   [strat=reciprocal_fairness_keeper]
   run 11 done in 10.3 min

   run 12/30 on 2022 Toyota RAV4 XLE AWD  seed=21263431
      R 1  buy $  9,061.38   sel     $29,500.00   [strat=opponent_aware_diagnostic] *
      R 2  buy $ 14,783.37   sel     $28,900.00   [strat=opponent_aware_diagnostic]
      R 3  buy $ 20,693.25   sel     $27,900.00   [strat=opponent_aware_diagnostic]
      R 4  buy $ 27,198.19   sel     $27,500.00   [strat=opponent_aware_diagnostic]
      R 5  buy $ 22,524.53   sel     $25,900.00   [strat=opponent_aware_diagnostic]
      R 6  buy $ 16,313.97   sel     $24,500.00   [strat=market_expert_value_justifier] *
      R 7  buy $  7,883.15   sel     $23,900.00   [strat=market_expert_value_justifier]
      R 8  buy $ 10,549.35   sel     $23,500.00   [strat=market_expert_value_justifier]
      R 9  buy $  9,788.24   sel     $23,500.00   [strat=market_expert_value_justifier]
      R10  buy $ 16,442.99   sel     $22,900.00   [strat=market_expert_value_justifier]
      R11  buy $ 16,727.57   sel     $22,500.00   [strat=market_expert_value_justifier]
      R12  buy $ 16,673.99   sel     $22,000.00   [strat=reciprocal_fairness_keeper] *
      R13  buy $  1,224.17   sel     $22,000.00   [strat=reciprocal_fairness_keeper]
      R14  buy $ 11,602.07   sel     $21,500.00   [strat=reciprocal_fairness_keeper]
      R15  buy $ 13,422.01   sel     $21,000.00   [strat=reciprocal_fairness_keeper]
      R16  buy $  5,558.61   sel     $20,800.00   [strat=reciprocal_fairness_keeper]
   run 12 done in 7.7 min

   run 13/30 on 2022 Toyota RAV4 XLE AWD  seed=21263432
      R 1  buy $  6,910.43   sel     $31,500.00   [strat=opponent_aware_diagnostic] *
      R 2  buy $ 10,630.06   sel     $30,000.00   [strat=opponent_aware_diagnostic]
      R 3  buy $ 17,633.35   sel     $28,500.00   [strat=opponent_aware_diagnostic]
      R 4  buy $    525.96   sel     $28,500.00   [strat=opponent_aware_diagnostic]
      R 5  buy $ 26,395.67   sel     $27,447.84   [strat=opponent_aware_diagnostic]
      R 6  buy $ 16,850.32   sel     $27,447.84   [strat=market_expert_value_justifier] *
      R 7  buy $    197.87   sel     $27,447.84   [strat=market_expert_value_justifier]
      R 8  buy $ 14,429.42   sel     $27,447.84   [strat=market_expert_value_justifier]
      R 9  buy $ 24,536.72   sel     $25,992.28   [strat=market_expert_value_justifier]
      R10  buy $    744.45   sel     $25,992.28   [strat=market_expert_value_justifier]
      R11  buy $ 16,045.31   sel     $25,500.00   [strat=market_expert_value_justifier]
      R12  buy $  6,483.55   sel     $25,500.00   [strat=reciprocal_fairness_keeper] *
      R13  buy $ 14,809.74   sel     $24,500.00   [strat=reciprocal_fairness_keeper]
      R14  buy $  7,268.31   sel     $24,500.00   [strat=reciprocal_fairness_keeper]
      R15  buy $ 19,380.16   sel     $22,500.00   [strat=reciprocal_fairness_keeper]
      R16  buy $ 13,436.41   sel     $21,500.00   [strat=reciprocal_fairness_keeper]
   run 13 done in 7.3 min

   run 14/30 on 2022 Toyota RAV4 XLE AWD  seed=21263433
      R 1  buy $  7,310.31   sel     $31,500.00   [strat=opponent_aware_diagnostic] *
      R 2  buy $ 12,666.50   sel     $29,500.00   [strat=opponent_aware_diagnostic]
      R 3  buy $ 12,154.25   sel     $28,000.00   [strat=opponent_aware_diagnostic]
      R 4  buy $ 14,505.90   sel     $27,500.00   [strat=opponent_aware_diagnostic]
      R 5  buy $  1,071.03   sel     $27,500.00   [strat=opponent_aware_diagnostic]
      R 6  buy $ 24,406.51   sel     $26,500.00   [strat=market_expert_value_justifier] *
      R 7  buy $ 12,266.82   sel     $25,500.00   [strat=market_expert_value_justifier]
      R 8  buy $  4,591.55   sel     $25,500.00   [strat=market_expert_value_justifier]
      R 9  buy $ 14,006.62   sel     $24,900.00   [strat=market_expert_value_justifier]
      R10  buy $  2,061.62   sel     $24,500.00   [strat=market_expert_value_justifier]
      R11  buy $  6,567.50   sel     $24,000.00   [strat=market_expert_value_justifier]
      R12  buy $ 23,006.64   sel     $23,500.00   [strat=reciprocal_fairness_keeper] *
      R13  buy $ 16,142.81   sel     $23,500.00   [strat=reciprocal_fairness_keeper]
      R14  buy $  3,817.37   sel     $23,500.00   [strat=reciprocal_fairness_keeper]
      R15  buy $  2,778.94   sel     $23,500.00   [strat=reciprocal_fairness_keeper]
      R16  buy $ 14,980.62   sel     $23,500.00   [strat=reciprocal_fairness_keeper]
   run 14 done in 5.9 min

   run 15/30 on 2022 Toyota RAV4 XLE AWD  seed=21263434
      R 1  buy $ 19,119.05   sel     $31,700.00   [strat=opponent_aware_diagnostic] *
      R 2  buy $ 31,080.15   sel     $31,500.00   [strat=opponent_aware_diagnostic]
      R 3  buy $ 14,351.05   sel     $31,500.00   [strat=opponent_aware_diagnostic]
      R 4  buy $ 18,810.58   sel     $31,500.00   [strat=opponent_aware_diagnostic]
      R 5  buy $ 10,111.24   sel     $31,200.00   [strat=opponent_aware_diagnostic]
      R 6  buy $ 18,437.08   sel     $31,200.00   [strat=market_expert_value_justifier] *
      R 7  buy $  1,173.98   sel     $31,200.00   [strat=market_expert_value_justifier]
      R 8  buy $  8,925.94   sel     $31,200.00   [strat=market_expert_value_justifier]
      R 9  buy $ 18,469.12   sel     $31,100.00   [strat=market_expert_value_justifier]
      R10  buy $ 13,565.80   sel     $30,900.00   [strat=market_expert_value_justifier]
      R11  buy $ 10,624.94   sel     $30,800.00   [strat=market_expert_value_justifier]
      R12  buy $ 25,135.81   sel     $30,500.00   [strat=reciprocal_fairness_keeper] *
      R13  buy $ 12,467.41   sel     $30,300.00   [strat=reciprocal_fairness_keeper]
      R14  buy $  9,231.64   sel     $30,100.00   [strat=reciprocal_fairness_keeper]
      R15  buy $  2,925.65   sel     PARSE-FAIL   [strat=reciprocal_fairness_keeper]
      R16  buy $ 29,940.10   sel     $30,000.00   [strat=reciprocal_fairness_keeper]
   run 15 done in 7.0 min

   run 16/30 on 2022 Toyota RAV4 XLE AWD  seed=21263435
      R 1  buy $  3,007.10   sel     $33,500.00   [strat=opponent_aware_diagnostic] *
      R 2  buy $ 13,326.74   sel     $29,999.00   [strat=opponent_aware_diagnostic]
      R 3  buy $ 22,756.51   sel     $28,500.00   [strat=opponent_aware_diagnostic]
      R 4  buy $  8,107.90   sel     $28,500.00   [strat=opponent_aware_diagnostic]
      R 5  buy $    699.30   sel     $28,500.00   [strat=opponent_aware_diagnostic]
      R 6  buy $  7,611.72   sel     $27,900.00   [strat=market_expert_value_justifier] *
      R 7  buy $  8,199.32   sel     $27,500.00   [strat=market_expert_value_justifier]
      R 8  buy $ 10,783.65   sel     $27,500.00   [strat=market_expert_value_justifier]
      R 9  buy $ 14,096.02   sel     $27,500.00   [strat=market_expert_value_justifier]
      R10  buy $ 27,466.39   sel     $27,466.39   [strat=market_expert_value_justifier]
      R11  buy $  1,781.86   sel     $27,500.00   [strat=market_expert_value_justifier]
      R12  buy $ 21,032.23   sel     $26,999.00   [strat=reciprocal_fairness_keeper] *
      R13  buy $ 14,458.35   sel     $26,500.00   [strat=reciprocal_fairness_keeper]
      R14  buy $  2,430.64   sel     $27,500.00   [strat=reciprocal_fairness_keeper]
      R15  buy $  2,115.36   sel     $27,500.00   [strat=reciprocal_fairness_keeper]
      R16  buy $  4,926.77   sel     $27,500.00   [strat=reciprocal_fairness_keeper]
   run 16 done in 7.3 min

   run 17/30 on 2022 Toyota RAV4 XLE AWD  seed=21263436
      R 1  buy $ 30,080.33   sel     $31,500.00   [strat=opponent_aware_diagnostic] *
      R 2  buy $ 18,122.07   sel     $30,500.00   [strat=opponent_aware_diagnostic]
      R 3  buy $  8,828.27   sel     $30,250.00   [strat=opponent_aware_diagnostic]
      R 4  buy $  1,952.45   sel     $30,000.00   [strat=opponent_aware_diagnostic]
      R 5  buy $ 20,064.12   sel     $29,500.00   [strat=opponent_aware_diagnostic]
      R 6  buy $ 24,770.75   sel     $29,000.00   [strat=market_expert_value_justifier] *
      R 7  buy $ 10,481.53   sel     $28,500.00   [strat=market_expert_value_justifier]
      R 8  buy $  9,750.58   sel     $27,500.00   [strat=market_expert_value_justifier]
      R 9  buy $ 25,884.67   sel     $27,000.00   [strat=market_expert_value_justifier]
      R10  buy $ 20,976.37   sel     $26,000.00   [strat=market_expert_value_justifier]
      R11  buy $ 22,502.45   sel     $24,500.00   [strat=market_expert_value_justifier]
      R12  buy $ 22,156.68   sel     $24,000.00   [strat=reciprocal_fairness_keeper] *
      R13  buy $  7,388.70   sel     $23,500.00   [strat=reciprocal_fairness_keeper]
      R14  buy $ 18,505.93   sel     $23,000.00   [strat=reciprocal_fairness_keeper]
      R15  buy $ 16,323.19   sel     $22,500.00   [strat=reciprocal_fairness_keeper]
      R16  buy $  2,726.61   sel     $22,000.00   [strat=reciprocal_fairness_keeper]
   run 17 done in 6.9 min

   run 18/30 on 2022 Toyota RAV4 XLE AWD  seed=21263437
      R 1  buy $ 24,361.31   sel     $29,500.00   [strat=opponent_aware_diagnostic] *
      R 2  buy $  5,919.18   sel     $28,900.00   [strat=opponent_aware_diagnostic]
      R 3  buy $ 18,110.09   sel     $28,500.00   [strat=opponent_aware_diagnostic]
      R 4  buy $  3,484.04   sel     $28,500.00   [strat=opponent_aware_diagnostic]
      R 5  buy $ 24,186.06   sel     $27,900.00   [strat=opponent_aware_diagnostic]
      R 6  buy $ 27,829.66   sel     $27,829.66   [strat=market_expert_value_justifier] *
      R 7  buy $  9,164.21   sel     $27,829.66   [strat=market_expert_value_justifier]
      R 8  buy $ 21,071.53   sel     $27,500.00   [strat=market_expert_value_justifier]
      R 9  buy $  4,379.37   sel     $27,000.00   [strat=market_expert_value_justifier]
      R10  buy $  4,966.72   sel     $27,000.00   [strat=market_expert_value_justifier]
      R11  buy $  4,456.51   sel     $27,000.00   [strat=market_expert_value_justifier]
      R12  buy $  9,300.67   sel     $27,000.00   [strat=reciprocal_fairness_keeper] *
      R13  buy $ 22,429.06   sel     $26,500.00   [strat=reciprocal_fairness_keeper]
      R14  buy $ 17,404.39   sel     $26,000.00   [strat=reciprocal_fairness_keeper]
      R15  buy $  1,152.45   sel     $26,000.00   [strat=reciprocal_fairness_keeper]
      R16  buy $  5,955.94   sel     $25,500.00   [strat=reciprocal_fairness_keeper]
   run 18 done in 8.0 min

   run 19/30 on 2022 Toyota RAV4 XLE AWD  seed=21263438
      R 1  buy $  1,847.17   sel     $30,995.00   [strat=opponent_aware_diagnostic] *
      R 2  buy $  5,585.24   sel     $29,500.00   [strat=opponent_aware_diagnostic]
      R 3  buy $ 10,217.83   sel     $28,500.00   [strat=opponent_aware_diagnostic]
      R 4  buy $ 19,232.48   sel     $27,500.00   [strat=opponent_aware_diagnostic]
      R 5  buy $ 14,698.61   sel     $26,000.00   [strat=opponent_aware_diagnostic]
      R 6  buy $ 18,113.46   sel     $25,500.00   [strat=market_expert_value_justifier] *
      R 7  buy $  8,633.76   sel     $25,000.00   [strat=market_expert_value_justifier]
      R 8  buy $  7,134.05   sel     $25,000.00   [strat=market_expert_value_justifier]
      R 9  buy $ 23,511.02   sel     $24,500.00   [strat=market_expert_value_justifier]
      R10  buy $ 23,267.14   sel     $24,000.00   [strat=market_expert_value_justifier]
      R11  buy $ 23,331.49   sel     $23,700.00   [strat=market_expert_value_justifier]
      R12  buy $ 21,311.54   sel     $23,000.00   [strat=reciprocal_fairness_keeper] *
      R13  buy $ 15,283.96   sel     $22,500.00   [strat=reciprocal_fairness_keeper]
      R14  buy $  1,954.78   sel     $22,000.00   [strat=reciprocal_fairness_keeper]
      R15  buy $  9,246.34   sel     $22,500.00   [strat=reciprocal_fairness_keeper]
      R16  buy $ 12,890.46   sel     $22,000.00   [strat=reciprocal_fairness_keeper]
   run 19 done in 7.3 min

   run 20/30 on 2022 Toyota RAV4 XLE AWD  seed=21263439
      R 1  buy $ 29,389.44   sel     $31,499.00   [strat=opponent_aware_diagnostic] *
      R 2  buy $  7,720.14   sel     $30,999.00   [strat=opponent_aware_diagnostic]
      R 3  buy $  6,992.69   sel     $30,999.00   [strat=opponent_aware_diagnostic]
      R 4  buy $  3,712.85   sel     $30,999.00   [strat=opponent_aware_diagnostic]
      R 5  buy $    590.20   sel     $30,750.00   [strat=opponent_aware_diagnostic]
      R 6  buy $ 25,812.81   sel     $30,250.00   [strat=market_expert_value_justifier] *
      R 7  buy $ 21,208.38   sel     $30,000.00   [strat=market_expert_value_justifier]
      R 8  buy $ 12,160.72   sel     $30,000.00   [strat=market_expert_value_justifier]
      R 9  buy $ 29,468.44   sel     $29,800.00   [strat=market_expert_value_justifier]
      R10  buy $ 19,609.45   sel     $29,800.00   [strat=market_expert_value_justifier]
      R11  buy $ 24,644.16   sel     $29,600.00   [strat=market_expert_value_justifier]
      R12  buy $ 15,946.63   sel     $29,500.00   [strat=reciprocal_fairness_keeper] *
      R13  buy $  4,141.79   sel     $29,400.00   [strat=reciprocal_fairness_keeper]
      R14  buy $ 15,650.15   sel     $29,300.00   [strat=reciprocal_fairness_keeper]
      R15  buy $  9,964.15   sel     $29,200.00   [strat=reciprocal_fairness_keeper]
      R16  buy $ 17,055.02   sel     $29,100.00   [strat=reciprocal_fairness_keeper]
   run 20 done in 7.7 min

   run 21/30 on 2022 Toyota RAV4 XLE AWD  seed=21263440
      R 1  buy $  3,913.50   sel     $30,500.00   [strat=opponent_aware_diagnostic] *
      R 2  buy $  3,036.23   sel     $30,500.00   [strat=opponent_aware_diagnostic]
      R 3  buy $ 25,062.91   sel     $28,500.00   [strat=opponent_aware_diagnostic]
      R 4  buy $ 20,499.27   sel     $27,000.00   [strat=opponent_aware_diagnostic]
      R 5  buy $ 13,796.98   sel     $26,500.00   [strat=opponent_aware_diagnostic]
      R 6  buy $  7,989.71   sel     $25,900.00   [strat=market_expert_value_justifier] *
      R 7  buy $ 20,315.98   sel     $25,900.00   [strat=market_expert_value_justifier]
      R 8  buy $  5,194.16   sel     $25,900.00   [strat=market_expert_value_justifier]
      R 9  buy $ 16,236.67   sel     $24,500.00   [strat=market_expert_value_justifier]
      R10  buy $  9,599.28   sel     $23,900.00   [strat=market_expert_value_justifier]
      R11  buy $ 20,608.41   sel     $22,250.00   [strat=market_expert_value_justifier]
      R12  buy $ 18,525.07   sel     $21,750.00   [strat=reciprocal_fairness_keeper] *
      R13  buy $ 13,347.54   sel     $21,500.00   [strat=reciprocal_fairness_keeper]
      R14  buy $ 17,187.34   sel     $21,250.00   [strat=reciprocal_fairness_keeper]
      R15  buy $  8,016.05   sel     $21,000.00   [strat=reciprocal_fairness_keeper]
      R16  buy $ 18,019.81   sel     $21,000.00   [strat=reciprocal_fairness_keeper]
   run 21 done in 9.5 min

   run 22/30 on 2022 Toyota RAV4 XLE AWD  seed=21263441
      R 1  buy $ 11,533.91   sel     $29,990.00   [strat=opponent_aware_diagnostic] *
      R 2  buy $ 21,428.89   sel     $28,500.00   [strat=opponent_aware_diagnostic]
      R 3  buy $  6,080.60   sel     $27,500.00   [strat=opponent_aware_diagnostic]
      R 4  buy $  3,517.82   sel     $27,000.00   [strat=opponent_aware_diagnostic]
      R 5  buy $ 26,496.44   sel     $26,750.00   [strat=opponent_aware_diagnostic]
      R 6  buy $ 24,097.70   sel     $25,500.00   [strat=market_expert_value_justifier] *
      R 7  buy $ 16,058.96   sel     $23,000.00   [strat=market_expert_value_justifier]
      R 8  buy $ 14,153.36   sel     $22,500.00   [strat=market_expert_value_justifier]
      R 9  buy $ 18,240.94   sel     $21,500.00   [strat=market_expert_value_justifier]
      R10  buy $ 17,281.58   sel     $21,000.00   [strat=market_expert_value_justifier]
      R11  buy $ 17,924.33   sel     $20,800.00   [strat=market_expert_value_justifier]
      R12  buy $ 20,567.80   sel     $20,800.00   [strat=reciprocal_fairness_keeper] *
      R13  buy $  9,876.30   sel     $20,800.00   [strat=reciprocal_fairness_keeper]
      R14  buy $ 10,965.99   sel     $20,800.00   [strat=reciprocal_fairness_keeper]
      R15  buy $  9,011.59   sel     $20,800.00   [strat=reciprocal_fairness_keeper]
      R16  buy $    104.18   sel     $20,800.00   [strat=reciprocal_fairness_keeper]
   run 22 done in 9.4 min

   run 23/30 on 2022 Toyota RAV4 XLE AWD  seed=21263442
      R 1  buy $ 10,827.18   sel     $30,995.00   [strat=opponent_aware_diagnostic] *
      R 2  buy $ 12,925.75   sel     $29,995.00   [strat=opponent_aware_diagnostic]
      R 3  buy $ 16,195.15   sel     $28,995.00   [strat=opponent_aware_diagnostic]
      R 4  buy $  2,040.81   sel     $27,995.00   [strat=opponent_aware_diagnostic]
      R 5  buy $  5,163.49   sel     $27,495.00   [strat=opponent_aware_diagnostic]
      R 6  buy $ 21,246.95   sel     $26,995.00   [strat=market_expert_value_justifier] *
      R 7  buy $ 14,135.16   sel     $26,495.00   [strat=market_expert_value_justifier]
      R 8  buy $ 26,009.31   sel     $26,009.31   [strat=market_expert_value_justifier]
      R 9  buy $ 16,913.47   sel     $26,009.31   [strat=market_expert_value_justifier]
      R10  buy $ 10,699.92   sel     $25,999.00   [strat=market_expert_value_justifier]
      R11  buy $ 17,183.59   sel     $25,899.00   [strat=market_expert_value_justifier]
      R12  buy $  8,676.37   sel     $25,499.00   [strat=reciprocal_fairness_keeper] *
      R13  buy $  2,495.16   sel     $25,499.00   [strat=reciprocal_fairness_keeper]
      R14  buy $  8,055.86   sel     $25,299.00   [strat=reciprocal_fairness_keeper]
      R15  buy $ 20,901.43   sel     $24,999.00   [strat=reciprocal_fairness_keeper]
      R16  buy $ 19,878.04   sel     $24,500.00   [strat=reciprocal_fairness_keeper]
   run 23 done in 8.0 min

   run 24/30 on 2022 Toyota RAV4 XLE AWD  seed=21263443
      R 1  buy $ 26,481.10   sel     PARSE-FAIL   [strat=opponent_aware_diagnostic] *
      R 2  buy $ 27,597.37   sel     $28,995.00   [strat=opponent_aware_diagnostic]
      R 3  buy $ 12,792.38   sel     $28,995.00   [strat=opponent_aware_diagnostic]
      R 4  buy $  1,629.43   sel     $28,995.00   [strat=opponent_aware_diagnostic]
      R 5  buy $ 27,716.04   sel     $28,500.00   [strat=opponent_aware_diagnostic]
      R 6  buy $    633.43   sel     $28,500.00   [strat=market_expert_value_justifier] *
      R 7  buy $ 28,420.03   sel     $28,420.03   [strat=market_expert_value_justifier]
      R 8  buy $ 27,804.01   sel     $27,804.01   [strat=market_expert_value_justifier]
      R 9  buy $ 26,848.32   sel     $27,500.00   [strat=market_expert_value_justifier]
      R10  buy $  2,235.13   sel     $27,500.00   [strat=market_expert_value_justifier]
      R11  buy $ 13,978.94   sel     $27,500.00   [strat=market_expert_value_justifier]
      R12  buy $  4,025.02   sel     $27,500.00   [strat=reciprocal_fairness_keeper] *
      R13  buy $ 10,413.61   sel     $27,500.00   [strat=reciprocal_fairness_keeper]
      R14  buy $  9,399.31   sel     $27,500.00   [strat=reciprocal_fairness_keeper]
      R15  buy $ 19,643.59   sel     $27,000.00   [strat=reciprocal_fairness_keeper]
      R16  buy $ 16,143.96   sel     $27,000.00   [strat=reciprocal_fairness_keeper]
   run 24 done in 6.6 min

   run 25/30 on 2022 Toyota RAV4 XLE AWD  seed=21263444
      R 1  buy $  4,841.27   sel     $31,500.00   [strat=opponent_aware_diagnostic] *
      R 2  buy $  3,743.47   sel     $31,000.00   [strat=opponent_aware_diagnostic]
      R 3  buy $ 28,830.30   sel     $29,500.00   [strat=opponent_aware_diagnostic]
      R 4  buy $ 28,324.11   sel     $29,000.00   [strat=opponent_aware_diagnostic]
      R 5  buy $  1,779.87   sel     $28,500.00   [strat=opponent_aware_diagnostic]
      R 6  buy $ 23,693.25   sel     $27,500.00   [strat=market_expert_value_justifier] *
      R 7  buy $ 18,173.65   sel     $27,000.00   [strat=market_expert_value_justifier]
      R 8  buy $  7,176.63   sel     $26,750.00   [strat=market_expert_value_justifier]
      R 9  buy $ 21,414.82   sel     $26,000.00   [strat=market_expert_value_justifier]
      R10  buy $ 23,939.77   sel     $25,500.00   [strat=market_expert_value_justifier]
      R11  buy $  1,451.43   sel     $25,000.00   [strat=market_expert_value_justifier]
      R12  buy $  3,737.47   sel     $25,000.00   [strat=reciprocal_fairness_keeper] *
      R13  buy $  9,687.13   sel     $24,900.00   [strat=reciprocal_fairness_keeper]
      R14  buy $ 10,280.67   sel     $24,800.00   [strat=reciprocal_fairness_keeper]
      R15  buy $ 11,131.19   sel     $24,700.00   [strat=reciprocal_fairness_keeper]
      R16  buy $  1,001.35   sel     $24,600.00   [strat=reciprocal_fairness_keeper]
   run 25 done in 8.9 min

   run 26/30 on 2022 Toyota RAV4 XLE AWD  seed=21263445
      R 1  buy $ 19,638.23   sel     $31,000.00   [strat=opponent_aware_diagnostic] *
      R 2  buy $  7,056.56   sel     $29,500.00   [strat=opponent_aware_diagnostic]
      R 3  buy $ 26,068.15   sel     $28,500.00   [strat=opponent_aware_diagnostic]
      R 4  buy $ 17,754.40   sel     $27,500.00   [strat=opponent_aware_diagnostic]
      R 5  buy $    774.38   sel     $27,500.00   [strat=opponent_aware_diagnostic]
      R 6  buy $  2,592.81   sel     $27,500.00   [strat=market_expert_value_justifier] *
      R 7  buy $ 19,742.28   sel     $27,500.00   [strat=market_expert_value_justifier]
      R 8  buy $  5,659.10   sel     $27,500.00   [strat=market_expert_value_justifier]
      R 9  buy $ 21,250.76   sel     $27,000.00   [strat=market_expert_value_justifier]
      R10  buy $ 11,654.59   sel     $26,000.00   [strat=market_expert_value_justifier]
      R11  buy $  6,838.16   sel     $25,500.00   [strat=market_expert_value_justifier]
      R12  buy $ 10,923.19   sel     $25,000.00   [strat=reciprocal_fairness_keeper] *
      R13  buy $ 17,278.69   sel     $24,000.00   [strat=reciprocal_fairness_keeper]
      R14  buy $  6,866.73   sel     $24,000.00   [strat=reciprocal_fairness_keeper]
      R15  buy $ 21,646.79   sel     $23,000.00   [strat=reciprocal_fairness_keeper]
      R16  buy $ 18,336.18   sel     $22,500.00   [strat=reciprocal_fairness_keeper]
   run 26 done in 7.8 min

   run 27/30 on 2022 Toyota RAV4 XLE AWD  seed=21263446
      R 1  buy $ 13,173.59   sel     $30,995.00   [strat=opponent_aware_diagnostic] *
      R 2  buy $ 24,242.34   sel     $29,500.00   [strat=opponent_aware_diagnostic]
      R 3  buy $ 14,342.63   sel     $29,000.00   [strat=opponent_aware_diagnostic]
      R 4  buy $ 10,152.40   sel     $29,000.00   [strat=opponent_aware_diagnostic]
      R 5  buy $ 15,046.36   sel     $28,500.00   [strat=opponent_aware_diagnostic]
      R 6  buy $ 13,173.50   sel     $28,500.00   [strat=market_expert_value_justifier] *
      R 7  buy $  6,195.18   sel     $28,500.00   [strat=market_expert_value_justifier]
      R 8  buy $ 13,493.05   sel     $28,500.00   [strat=market_expert_value_justifier]
      R 9  buy $  6,672.63   sel     $28,500.00   [strat=market_expert_value_justifier]
      R10  buy $ 19,265.55   sel     $27,500.00   [strat=market_expert_value_justifier]
      R11  buy $ 17,661.78   sel     $26,500.00   [strat=market_expert_value_justifier]
      R12  buy $ 16,611.88   sel     $26,000.00   [strat=reciprocal_fairness_keeper] *
      R13  buy $ 10,182.60   sel     $26,000.00   [strat=reciprocal_fairness_keeper]
      R14  buy $  3,629.04   sel     $26,000.00   [strat=reciprocal_fairness_keeper]
      R15  buy $ 20,799.06   sel     $25,500.00   [strat=reciprocal_fairness_keeper]
      R16  buy $ 18,620.20   sel     $25,000.00   [strat=reciprocal_fairness_keeper]
   run 27 done in 9.1 min

   run 28/30 on 2022 Toyota RAV4 XLE AWD  seed=21263447
      R 1  buy $ 10,895.34   sel     $29,995.00   [strat=opponent_aware_diagnostic] *
      R 2  buy $ 19,728.03   sel     $27,995.00   [strat=opponent_aware_diagnostic]
      R 3  buy $ 14,523.68   sel     $27,500.00   [strat=opponent_aware_diagnostic]
      R 4  buy $ 13,097.08   sel     $27,000.00   [strat=opponent_aware_diagnostic]
      R 5  buy $ 15,118.37   sel     $25,000.00   [strat=opponent_aware_diagnostic]
      R 6  buy $ 14,982.82   sel     $24,900.00   [strat=market_expert_value_justifier] *
      R 7  buy $ 13,542.09   sel     $24,900.00   [strat=market_expert_value_justifier]
      R 8  buy $ 20,916.04   sel     $23,500.00   [strat=market_expert_value_justifier]
      R 9  buy $  8,614.02   sel     $23,500.00   [strat=market_expert_value_justifier]
      R10  buy $ 16,974.97   sel     $22,000.00   [strat=market_expert_value_justifier]
      R11  buy $ 19,813.00   sel     $21,500.00   [strat=market_expert_value_justifier]
      R12  buy $ 10,936.10   sel     $21,000.00   [strat=reciprocal_fairness_keeper] *
      R13  buy $ 16,642.59   sel     $20,900.00   [strat=reciprocal_fairness_keeper]
      R14  buy $ 13,518.00   sel     $20,850.00   [strat=reciprocal_fairness_keeper]
      R15  buy $  4,032.35   sel     $20,850.00   [strat=reciprocal_fairness_keeper]
      R16  buy $  9,269.99   sel     $20,850.00   [strat=reciprocal_fairness_keeper]
   run 28 done in 7.5 min

   run 29/30 on 2022 Toyota RAV4 XLE AWD  seed=21263448
      R 1  buy $ 19,929.92   sel     $30,500.00   [strat=opponent_aware_diagnostic] *
      R 2  buy $ 12,008.65   sel     $29,500.00   [strat=opponent_aware_diagnostic]
      R 3  buy $  8,730.47   sel     $28,900.00   [strat=opponent_aware_diagnostic]
      R 4  buy $  9,517.74   sel     $28,500.00   [strat=opponent_aware_diagnostic]
      R 5  buy $  1,958.55   sel     $28,000.00   [strat=opponent_aware_diagnostic]
      R 6  buy $  8,826.04   sel     $27,900.00   [strat=market_expert_value_justifier] *
      R 7  buy $  7,674.88   sel     $27,500.00   [strat=market_expert_value_justifier]
      R 8  buy $ 24,428.68   sel     $26,500.00   [strat=market_expert_value_justifier]
      R 9  buy $ 17,478.25   sel     $25,500.00   [strat=market_expert_value_justifier]
      R10  buy $  6,900.97   sel     $25,000.00   [strat=market_expert_value_justifier]
      R11  buy $ 12,656.65   sel     $24,500.00   [strat=market_expert_value_justifier]
      R12  buy $ 13,308.95   sel     $23,500.00   [strat=reciprocal_fairness_keeper] *
      R13  buy $  5,966.30   sel     $23,000.00   [strat=reciprocal_fairness_keeper]
      R14  buy $    500.85   sel     $22,500.00   [strat=reciprocal_fairness_keeper]
      R15  buy $  5,886.69   sel     $22,000.00   [strat=reciprocal_fairness_keeper]
      R16  buy $  5,379.58   sel     $22,000.00   [strat=reciprocal_fairness_keeper]
   run 29 done in 7.9 min

   run 30/30 on 2022 Toyota RAV4 XLE AWD  seed=21263449
      R 1  buy $ 22,069.43   sel     $29,500.00   [strat=opponent_aware_diagnostic] *
      R 2  buy $ 10,410.98   sel     $28,900.00   [strat=opponent_aware_diagnostic]
      R 3  buy $ 25,458.64   sel     $27,500.00   [strat=opponent_aware_diagnostic]
      R 4  buy $  1,401.53   sel     $26,900.00   [strat=opponent_aware_diagnostic]
      R 5  buy $  4,945.60   sel     $26,500.00   [strat=opponent_aware_diagnostic]
      R 6  buy $ 16,159.10   sel     $25,900.00   [strat=market_expert_value_justifier] *
      R 7  buy $  6,796.03   sel     $25,500.00   [strat=market_expert_value_justifier]
      R 8  buy $ 15,034.75   sel     $25,300.00   [strat=market_expert_value_justifier]
      R 9  buy $  4,696.77   sel     $24,900.00   [strat=market_expert_value_justifier]
      R10  buy $ 20,368.18   sel     $24,500.00   [strat=market_expert_value_justifier]
      R11  buy $  5,526.17   sel     $24,000.00   [strat=market_expert_value_justifier]
      R12  buy $  9,454.05   sel     $23,800.00   [strat=reciprocal_fairness_keeper] *
      R13  buy $ 23,332.71   sel     $23,500.00   [strat=reciprocal_fairness_keeper]
      R14  buy $  7,079.61   sel     $23,400.00   [strat=reciprocal_fairness_keeper]
      R15  buy $ 10,557.77   sel     $23,300.00   [strat=reciprocal_fairness_keeper]
      R16  buy $  7,193.35   sel     $23,300.00   [strat=reciprocal_fairness_keeper]
   run 30 done in 9.4 min

   ---> checkpoint: car 4/5 done in 233.8 min; total so far 888.7 min; saved 120 runs to exp10_transitionB_rep2.json

--- CAR 5/5: 2023 Ford Mustang GT Premium  (M=$45,000.00  cost=$36,000.00  cost/M=80.00%) ---

   run 1/30 on 2023 Ford Mustang GT Premium  seed=21264420
      R 1  buy $ 22,414.94   sel     $42,500.00   [strat=opponent_aware_diagnostic] *
      R 2  buy $ 31,746.71   sel     $39,500.00   [strat=opponent_aware_diagnostic]
      R 3  buy $ 10,419.39   sel     $38,900.00   [strat=opponent_aware_diagnostic]
      R 4  buy $ 18,844.15   sel     $38,500.00   [strat=opponent_aware_diagnostic]
      R 5  buy $  6,753.91   sel     $38,200.00   [strat=opponent_aware_diagnostic]
      R 6  buy $ 25,924.67   sel     $38,000.00   [strat=market_expert_value_justifier] *
      R 7  buy $ 37,588.71   sel     $37,750.00   [strat=market_expert_value_justifier]
      R 8  buy $ 34,438.74   sel     $37,250.00   [strat=market_expert_value_justifier]
      R 9  buy $ 14,427.99   sel     $37,000.00   [strat=market_expert_value_justifier]
      R10  buy $  2,886.00   sel     $37,000.00   [strat=market_expert_value_justifier]
      R11  buy $ 15,540.07   sel     $36,500.00   [strat=market_expert_value_justifier]
      R12  buy $  3,863.01   sel     $36,300.00   [strat=reciprocal_fairness_keeper] *
      R13  buy $ 31,766.94   sel     $36,200.00   [strat=reciprocal_fairness_keeper]
      R14  buy $ 21,357.80   sel     $36,150.00   [strat=reciprocal_fairness_keeper]
      R15  buy $ 33,561.89   sel     $36,050.00   [strat=reciprocal_fairness_keeper]
      R16  buy $ 34,220.48   sel     $36,000.00   [strat=reciprocal_fairness_keeper]
   run 1 done in 8.4 min

   run 2/30 on 2023 Ford Mustang GT Premium  seed=21264421
      R 1  buy $ 39,637.29   sel     $43,900.00   [strat=opponent_aware_diagnostic] *
      R 2  buy $ 27,821.23   sel     $42,500.00   [strat=opponent_aware_diagnostic]
      R 3  buy $ 11,993.62   sel     $42,000.00   [strat=opponent_aware_diagnostic]
      R 4  buy $ 28,687.28   sel     $41,500.00   [strat=opponent_aware_diagnostic]
      R 5  buy $ 41,243.14   sel     $41,243.14   [strat=opponent_aware_diagnostic]
      R 6  buy $ 28,439.74   sel     $41,500.00   [strat=market_expert_value_justifier] *
      R 7  buy $ 39,414.68   sel     $40,000.00   [strat=market_expert_value_justifier]
      R 8  buy $ 11,851.29   sel     $40,000.00   [strat=market_expert_value_justifier]
      R 9  buy $  5,618.51   sel     $39,500.00   [strat=market_expert_value_justifier]
      R10  buy $ 38,643.41   sel     $39,000.00   [strat=market_expert_value_justifier]
      R11  buy $ 33,705.69   sel     $39,000.00   [strat=market_expert_value_justifier]
      R12  buy $ 28,790.67   sel     $38,500.00   [strat=reciprocal_fairness_keeper] *
      R13  buy $ 28,305.31   sel     $38,500.00   [strat=reciprocal_fairness_keeper]
      R14  buy $ 29,316.75   sel     $38,000.00   [strat=reciprocal_fairness_keeper]
      R15  buy $  8,934.00   sel     $38,500.00   [strat=reciprocal_fairness_keeper]
      R16  buy $ 34,841.81   sel     $37,500.00   [strat=reciprocal_fairness_keeper]
   run 2 done in 10.2 min

   run 3/30 on 2023 Ford Mustang GT Premium  seed=21264422
      R 1  buy $ 29,173.82   sel     $42,500.00   [strat=opponent_aware_diagnostic] *
      R 2  buy $  3,253.69   sel     $42,500.00   [strat=opponent_aware_diagnostic]
      R 3  buy $ 28,779.69   sel     $42,500.00   [strat=opponent_aware_diagnostic]
      R 4  buy $ 11,229.94   sel     $42,500.00   [strat=opponent_aware_diagnostic]
      R 5  buy $  1,775.19   sel     $41,500.00   [strat=opponent_aware_diagnostic]
      R 6  buy $ 16,003.36   sel     $41,500.00   [strat=market_expert_value_justifier] *
      R 7  buy $ 29,001.46   sel     $41,500.00   [strat=market_expert_value_justifier]
      R 8  buy $ 21,519.55   sel     $41,500.00   [strat=market_expert_value_justifier]
      R 9  buy $ 29,317.62   sel     $41,500.00   [strat=market_expert_value_justifier]
      R10  buy $ 10,944.18   sel     $41,500.00   [strat=market_expert_value_justifier]
      R11  buy $ 27,091.26   sel     $41,500.00   [strat=market_expert_value_justifier]
      R12  buy $  2,016.46   sel     $41,500.00   [strat=reciprocal_fairness_keeper] *
      R13  buy $ 36,159.00   sel     $39,500.00   [strat=reciprocal_fairness_keeper]
      R14  buy $ 21,920.22   sel     $39,500.00   [strat=reciprocal_fairness_keeper]
      R15  buy $ 21,962.07   sel     $39,500.00   [strat=reciprocal_fairness_keeper]
      R16  buy $ 37,604.83   sel     $38,500.00   [strat=reciprocal_fairness_keeper]
   run 3 done in 7.5 min

   run 4/30 on 2023 Ford Mustang GT Premium  seed=21264423
      R 1  buy $ 13,881.92   sel     $44,500.00   [strat=opponent_aware_diagnostic] *
      R 2  buy $ 27,883.18   sel     $42,999.00   [strat=opponent_aware_diagnostic]
      R 3  buy $ 21,395.94   sel     $42,500.00   [strat=opponent_aware_diagnostic]
      R 4  buy $ 26,969.47   sel     $42,000.00   [strat=opponent_aware_diagnostic]
      R 5  buy $ 16,917.09   sel     $42,000.00   [strat=opponent_aware_diagnostic]
      R 6  buy $ 23,350.82   sel     $41,500.00   [strat=market_expert_value_justifier] *
      R 7  buy $ 12,711.34   sel     $41,500.00   [strat=market_expert_value_justifier]
      R 8  buy $ 39,213.38   sel     $40,500.00   [strat=market_expert_value_justifier]
      R 9  buy $ 11,659.50   sel     $40,500.00   [strat=market_expert_value_justifier]
      R10  buy $  1,649.41   sel     $40,000.00   [strat=market_expert_value_justifier]
      R11  buy $ 15,387.79   sel     $40,000.00   [strat=market_expert_value_justifier]
      R12  buy $ 27,290.74   sel     $39,500.00   [strat=reciprocal_fairness_keeper] *
      R13  buy $ 10,291.65   sel     $39,000.00   [strat=reciprocal_fairness_keeper]
      R14  buy $ 28,900.03   sel     $38,500.00   [strat=reciprocal_fairness_keeper]
      R15  buy $ 22,507.50   sel     $38,000.00   [strat=reciprocal_fairness_keeper]
      R16  buy $  5,950.19   sel     $38,000.00   [strat=reciprocal_fairness_keeper]
   run 4 done in 9.1 min

   run 5/30 on 2023 Ford Mustang GT Premium  seed=21264424
      R 1  buy $ 33,428.04   sel     $39,995.00   [strat=opponent_aware_diagnostic] *
      R 2  buy $ 36,017.90   sel     $36,500.00   [strat=opponent_aware_diagnostic]
      R 3  buy $ 33,627.03   sel     $36,500.00   [strat=opponent_aware_diagnostic]
      R 4  buy $      0.96   sel     $36,500.00   [strat=opponent_aware_diagnostic]
      R 5  buy $ 19,466.26   sel     $36,500.00   [strat=opponent_aware_diagnostic]
      R 6  buy $ 13,444.68   sel     $36,500.00   [strat=market_expert_value_justifier] *
      R 7  buy $  7,813.07   sel     $36,500.00   [strat=market_expert_value_justifier]
      R 8  buy $ 29,349.44   sel     $36,500.00   [strat=market_expert_value_justifier]
      R 9  buy $ 32,914.63   sel     $36,500.00   [strat=market_expert_value_justifier]
      R10  buy $ 18,582.76   sel     $36,500.00   [strat=market_expert_value_justifier]
      R11  buy $ 33,766.67   sel     $36,000.00   [strat=market_expert_value_justifier]
      R12  buy $ 19,838.58   sel     $36,000.00   [strat=reciprocal_fairness_keeper] *
      R13  buy $ 26,105.68   sel     $36,000.00   [strat=reciprocal_fairness_keeper]
      R14  buy $ 17,467.56   sel     $36,500.00   [strat=reciprocal_fairness_keeper]
      R15  buy $ 25,139.07   sel     $36,500.00   [strat=reciprocal_fairness_keeper]
      R16  buy $  2,633.45   sel     $36,500.00   [strat=reciprocal_fairness_keeper]
   run 5 done in 9.1 min

   run 6/30 on 2023 Ford Mustang GT Premium  seed=21264425
      R 1  buy $ 10,713.35   sel     $41,000.00   [strat=opponent_aware_diagnostic] *
      R 2  buy $ 33,250.42   sel     $39,500.00   [strat=opponent_aware_diagnostic]
      R 3  buy $ 13,186.37   sel     $38,500.00   [strat=opponent_aware_diagnostic]
      R 4  buy $ 34,967.68   sel     $37,500.00   [strat=opponent_aware_diagnostic]
      R 5  buy $ 23,771.66   sel     $37,500.00   [strat=opponent_aware_diagnostic]
      R 6  buy $    185.82   sel     $37,500.00   [strat=market_expert_value_justifier] *
      R 7  buy $ 19,172.80   sel     $37,500.00   [strat=market_expert_value_justifier]
      R 8  buy $ 13,305.17   sel     $37,000.00   [strat=market_expert_value_justifier]
      R 9  buy $  9,054.61   sel     $36,500.00   [strat=market_expert_value_justifier]
      R10  buy $ 28,646.05   sel     $36,500.00   [strat=market_expert_value_justifier]
      R11  buy $ 21,345.00   sel     $36,500.00   [strat=market_expert_value_justifier]
      R12  buy $ 24,558.90   sel     $36,500.00   [strat=reciprocal_fairness_keeper] *
      R13  buy $ 28,325.54   sel     $36,500.00   [strat=reciprocal_fairness_keeper]
      R14  buy $ 32,558.61   sel     $36,000.00   [strat=reciprocal_fairness_keeper]
      R15  buy $ 11,229.28   sel     $36,500.00   [strat=reciprocal_fairness_keeper]
      R16  buy $ 32,489.32   sel     $36,500.00   [strat=reciprocal_fairness_keeper]
   run 6 done in 9.6 min

   run 7/30 on 2023 Ford Mustang GT Premium  seed=21264426
      R 1  buy $ 39,620.74   sel     $42,000.00   [strat=opponent_aware_diagnostic] *
      R 2  buy $ 35,468.13   sel     $41,500.00   [strat=opponent_aware_diagnostic]
      R 3  buy $  1,903.77   sel     $40,500.00   [strat=opponent_aware_diagnostic]
      R 4  buy $ 29,860.82   sel     $39,000.00   [strat=opponent_aware_diagnostic]
      R 5  buy $ 25,290.03   sel     $39,000.00   [strat=opponent_aware_diagnostic]
      R 6  buy $ 16,171.37   sel     $39,000.00   [strat=market_expert_value_justifier] *
      R 7  buy $ 27,178.58   sel     $39,000.00   [strat=market_expert_value_justifier]
      R 8  buy $ 31,612.74   sel     $39,000.00   [strat=market_expert_value_justifier]
      R 9  buy $  2,804.44   sel     $39,000.00   [strat=market_expert_value_justifier]
      R10  buy $ 35,602.83   sel     $38,500.00   [strat=market_expert_value_justifier]
      R11  buy $  5,011.85   sel     $38,500.00   [strat=market_expert_value_justifier]
      R12  buy $ 22,237.73   sel     $38,500.00   [strat=reciprocal_fairness_keeper] *
      R13  buy $ 21,013.19   sel     $38,500.00   [strat=reciprocal_fairness_keeper]
      R14  buy $ 35,670.13   sel     $38,500.00   [strat=reciprocal_fairness_keeper]
      R15  buy $ 33,759.07   sel     $38,500.00   [strat=reciprocal_fairness_keeper]
      R16  buy $  8,130.31   sel     $38,500.00   [strat=reciprocal_fairness_keeper]
   run 7 done in 8.4 min

   run 8/30 on 2023 Ford Mustang GT Premium  seed=21264427
      R 1  buy $ 18,688.37   sel     $44,500.00   [strat=opponent_aware_diagnostic] *
      R 2  buy $ 17,403.95   sel     $44,000.00   [strat=opponent_aware_diagnostic]
      R 3  buy $ 39,181.53   sel     $43,500.00   [strat=opponent_aware_diagnostic]
      R 4  buy $ 39,217.18   sel     $43,000.00   [strat=opponent_aware_diagnostic]
      R 5  buy $ 36,443.64   sel     $42,500.00   [strat=opponent_aware_diagnostic]
      R 6  buy $ 20,495.09   sel     $42,000.00   [strat=market_expert_value_justifier] *
      R 7  buy $  9,208.53   sel     $42,000.00   [strat=market_expert_value_justifier]
      R 8  buy $ 37,510.19   sel     $41,500.00   [strat=market_expert_value_justifier]
      R 9  buy $ 21,640.20   sel     $41,000.00   [strat=market_expert_value_justifier]
      R10  buy $ 25,063.15   sel     $40,500.00   [strat=market_expert_value_justifier]
      R11  buy $ 30,647.06   sel     $40,000.00   [strat=market_expert_value_justifier]
      R12  buy $    986.89   sel     $40,000.00   [strat=reciprocal_fairness_keeper] *
      R13  buy $ 33,879.54   sel     $40,000.00   [strat=reciprocal_fairness_keeper]
      R14  buy $ 35,389.77   sel     $39,000.00   [strat=reciprocal_fairness_keeper]
      R15  buy $ 35,068.02   sel     $39,000.00   [strat=reciprocal_fairness_keeper]
      R16  buy $ 16,963.88   sel     $39,000.00   [strat=reciprocal_fairness_keeper]
   run 8 done in 7.2 min

   run 9/30 on 2023 Ford Mustang GT Premium  seed=21264428
      R 1  buy $ 21,208.22   sel     $42,500.00   [strat=opponent_aware_diagnostic] *
      R 2  buy $  2,199.21   sel     $42,500.00   [strat=opponent_aware_diagnostic]
      R 3  buy $ 14,185.24   sel     $42,500.00   [strat=opponent_aware_diagnostic]
      R 4  buy $ 13,167.84   sel     $42,000.00   [strat=opponent_aware_diagnostic]
      R 5  buy $ 31,787.16   sel     $39,500.00   [strat=opponent_aware_diagnostic]
      R 6  buy $ 14,811.36   sel     $38,500.00   [strat=market_expert_value_justifier] *
      R 7  buy $ 24,105.51   sel     $38,500.00   [strat=market_expert_value_justifier]
      R 8  buy $ 32,067.39   sel     $37,500.00   [strat=market_expert_value_justifier]
      R 9  buy $ 32,013.45   sel     $36,500.00   [strat=market_expert_value_justifier]
      R10  buy $ 26,248.56   sel     $36,000.00   [strat=market_expert_value_justifier]
      R11  buy $ 10,781.40   sel     $36,000.00   [strat=market_expert_value_justifier]
      R12  buy $ 28,109.90   sel     $36,000.00   [strat=reciprocal_fairness_keeper] *
      R13  buy $    671.44   sel     $36,000.00   [strat=reciprocal_fairness_keeper]
      R14  buy $ 10,134.66   sel     $36,000.00   [strat=reciprocal_fairness_keeper]
      R15  buy $ 26,001.67   sel     $36,000.00   [strat=reciprocal_fairness_keeper]
      R16  buy $ 23,449.83   sel     $36,000.00   [strat=reciprocal_fairness_keeper]
   run 9 done in 9.3 min

   run 10/30 on 2023 Ford Mustang GT Premium  seed=21264429
      R 1  buy $ 41,164.47   sel     $44,500.00   [strat=opponent_aware_diagnostic] *
      R 2  buy $    617.28   sel     $43,000.00   [strat=opponent_aware_diagnostic]
      R 3  buy $  3,146.32   sel     $42,500.00   [strat=opponent_aware_diagnostic]
      R 4  buy $ 36,007.86   sel     $41,000.00   [strat=opponent_aware_diagnostic]
      R 5  buy $ 35,568.62   sel     $40,000.00   [strat=opponent_aware_diagnostic]
      R 6  buy $ 12,973.23   sel     $42,500.00   [strat=market_expert_value_justifier] *
      R 7  buy $ 31,413.15   sel     $39,995.00   [strat=market_expert_value_justifier]
      R 8  buy $ 32,158.12   sel     $39,500.00   [strat=market_expert_value_justifier]
      R 9  buy $  7,329.91   sel     $38,995.00   [strat=market_expert_value_justifier]
      R10  buy $ 29,517.84   sel     $38,500.00   [strat=market_expert_value_justifier]
      R11  buy $  9,849.33   sel     $38,000.00   [strat=market_expert_value_justifier]
      R12  buy $  3,675.01   sel     $38,000.00   [strat=reciprocal_fairness_keeper] *
      R13  buy $ 29,006.74   sel     $37,500.00   [strat=reciprocal_fairness_keeper]
      R14  buy $ 34,817.10   sel     $36,500.00   [strat=reciprocal_fairness_keeper]
      R15  buy $  9,441.75   sel     $36,500.00   [strat=reciprocal_fairness_keeper]
      R16  buy $  6,272.35   sel     $36,500.00   [strat=reciprocal_fairness_keeper]
   run 10 done in 6.9 min

   run 11/30 on 2023 Ford Mustang GT Premium  seed=21264430
      R 1  buy $ 39,186.01   sel     $44,500.00   [strat=opponent_aware_diagnostic] *
      R 2  buy $ 11,434.82   sel     $44,000.00   [strat=opponent_aware_diagnostic]
      R 3  buy $ 15,841.75   sel     $43,500.00   [strat=opponent_aware_diagnostic]
      R 4  buy $ 13,784.43   sel     $43,500.00   [strat=opponent_aware_diagnostic]
      R 5  buy $ 29,688.39   sel     $42,500.00   [strat=opponent_aware_diagnostic]
      R 6  buy $  4,785.86   sel     $42,500.00   [strat=market_expert_value_justifier] *
      R 7  buy $ 32,469.96   sel     $41,000.00   [strat=market_expert_value_justifier]
      R 8  buy $ 39,624.95   sel     $40,500.00   [strat=market_expert_value_justifier]
      R 9  buy $ 22,502.67   sel     $40,500.00   [strat=market_expert_value_justifier]
      R10  buy $ 33,332.39   sel     $39,000.00   [strat=market_expert_value_justifier]
      R11  buy $ 26,927.87   sel     $39,000.00   [strat=market_expert_value_justifier]
      R12  buy $ 30,232.39   sel     $38,500.00   [strat=reciprocal_fairness_keeper] *
      R13  buy $ 17,662.34   sel     $38,500.00   [strat=reciprocal_fairness_keeper]
      R14  buy $ 36,595.81   sel     $37,500.00   [strat=reciprocal_fairness_keeper]
      R15  buy $ 35,718.41   sel     $36,800.00   [strat=reciprocal_fairness_keeper]
      R16  buy $ 15,049.41   sel     $36,500.00   [strat=reciprocal_fairness_keeper]
   run 11 done in 8.5 min

   run 12/30 on 2023 Ford Mustang GT Premium  seed=21264431
      R 1  buy $ 42,862.02   sel     $44,995.00   [strat=opponent_aware_diagnostic] *
      R 2  buy $ 28,804.12   sel     $44,995.00   [strat=opponent_aware_diagnostic]
      R 3  buy $ 41,250.57   sel     $44,500.00   [strat=opponent_aware_diagnostic]
      R 4  buy $ 39,137.10   sel     $44,500.00   [strat=opponent_aware_diagnostic]
      R 5  buy $ 16,391.02   sel     $44,000.00   [strat=opponent_aware_diagnostic]
      R 6  buy $ 15,488.76   sel     $44,000.00   [strat=market_expert_value_justifier] *
      R 7  buy $  7,259.60   sel     $44,000.00   [strat=market_expert_value_justifier]
      R 8  buy $     51.79   sel     $44,000.00   [strat=market_expert_value_justifier]
      R 9  buy $ 32,918.55   sel     $43,500.00   [strat=market_expert_value_justifier]
      R10  buy $ 29,660.66   sel     $43,500.00   [strat=market_expert_value_justifier]
      R11  buy $ 11,694.67   sel     $43,000.00   [strat=market_expert_value_justifier]
      R12  buy $  8,629.74   sel     $42,500.00   [strat=reciprocal_fairness_keeper] *
      R13  buy $     34.75   sel     $42,500.00   [strat=reciprocal_fairness_keeper]
      R14  buy $ 17,816.35   sel     $42,500.00   [strat=reciprocal_fairness_keeper]
      R15  buy $ 14,777.45   sel     $42,500.00   [strat=reciprocal_fairness_keeper]
      R16  buy $ 34,639.22   sel     $41,750.00   [strat=reciprocal_fairness_keeper]
   run 12 done in 8.1 min

   run 13/30 on 2023 Ford Mustang GT Premium  seed=21264432
      R 1  buy $ 19,630.29   sel     $44,500.00   [strat=opponent_aware_diagnostic] *
      R 2  buy $ 18,109.69   sel     $43,500.00   [strat=opponent_aware_diagnostic]
      R 3  buy $ 30,730.22   sel     $42,000.00   [strat=opponent_aware_diagnostic]
      R 4  buy $  4,183.65   sel     $42,000.00   [strat=opponent_aware_diagnostic]
      R 5  buy $  7,295.81   sel     $42,000.00   [strat=opponent_aware_diagnostic]
      R 6  buy $ 35,368.22   sel     $41,500.00   [strat=market_expert_value_justifier] *
      R 7  buy $ 11,317.29   sel     $41,000.00   [strat=market_expert_value_justifier]
      R 8  buy $  1,969.51   sel     $41,000.00   [strat=market_expert_value_justifier]
      R 9  buy $ 28,019.25   sel     $40,500.00   [strat=market_expert_value_justifier]
      R10  buy $ 13,517.23   sel     $40,000.00   [strat=market_expert_value_justifier]
      R11  buy $  9,183.56   sel     $39,500.00   [strat=market_expert_value_justifier]
      R12  buy $ 18,735.81   sel     $39,000.00   [strat=reciprocal_fairness_keeper] *
      R13  buy $ 31,840.91   sel     $38,500.00   [strat=reciprocal_fairness_keeper]
      R14  buy $ 12,637.52   sel     $38,000.00   [strat=reciprocal_fairness_keeper]
      R15  buy $ 31,393.24   sel     $37,000.00   [strat=reciprocal_fairness_keeper]
      R16  buy $ 20,578.95   sel     $37,000.00   [strat=reciprocal_fairness_keeper]
   run 13 done in 8.1 min

   run 14/30 on 2023 Ford Mustang GT Premium  seed=21264433
      R 1  buy $ 30,200.73   sel     $39,995.00   [strat=opponent_aware_diagnostic] *
      R 2  buy $  6,146.51   sel     $38,500.00   [strat=opponent_aware_diagnostic]
      R 3  buy $ 18,970.20   sel     $37,500.00   [strat=opponent_aware_diagnostic]
      R 4  buy $  6,502.16   sel     $37,250.00   [strat=opponent_aware_diagnostic]
      R 5  buy $ 35,334.72   sel     $37,000.00   [strat=opponent_aware_diagnostic]
      R 6  buy $ 26,173.96   sel     $36,500.00   [strat=market_expert_value_justifier] *
      R 7  buy $  3,357.36   sel     $36,500.00   [strat=market_expert_value_justifier]
      R 8  buy $ 14,251.16   sel     $36,250.00   [strat=market_expert_value_justifier]
      R 9  buy $  5,936.41   sel     $36,250.00   [strat=market_expert_value_justifier]
      R10  buy $  2,894.42   sel     $36,250.00   [strat=market_expert_value_justifier]
      R11  buy $ 21,683.26   sel     $36,250.00   [strat=market_expert_value_justifier]
      R12  buy $ 19,952.26   sel     $36,200.00   [strat=reciprocal_fairness_keeper] *
      R13  buy $  2,732.13   sel     $36,250.00   [strat=reciprocal_fairness_keeper]
      R14  buy $ 16,269.60   sel     $36,250.00   [strat=reciprocal_fairness_keeper]
      R15  buy $ 19,404.63   sel     $36,250.00   [strat=reciprocal_fairness_keeper]
      R16  buy $ 33,368.66   sel     $36,200.00   [strat=reciprocal_fairness_keeper]
   run 14 done in 9.6 min

   run 15/30 on 2023 Ford Mustang GT Premium  seed=21264434
      R 1  buy $  3,062.02   sel     $38,500.00   [strat=opponent_aware_diagnostic] *
      R 2  buy $  2,446.47   sel     $38,500.00   [strat=opponent_aware_diagnostic]
      R 3  buy $ 30,598.95   sel     $37,999.00   [strat=opponent_aware_diagnostic]
      R 4  buy $  8,287.38   sel     $37,999.00   [strat=opponent_aware_diagnostic]
      R 5  buy $  2,424.50   sel     $37,999.00   [strat=opponent_aware_diagnostic]
      R 6  buy $ 37,192.47   sel     $37,192.47   [strat=market_expert_value_justifier] *
      R 7  buy $ 24,906.34   sel     $37,500.00   [strat=market_expert_value_justifier]
      R 8  buy $ 25,288.49   sel     $37,000.00   [strat=market_expert_value_justifier]
      R 9  buy $  9,941.29   sel     $37,000.00   [strat=market_expert_value_justifier]
      R10  buy $  2,941.20   sel     $37,000.00   [strat=market_expert_value_justifier]
      R11  buy $ 32,635.97   sel     $36,500.00   [strat=market_expert_value_justifier]
      R12  buy $ 16,212.94   sel     $36,500.00   [strat=reciprocal_fairness_keeper] *
      R13  buy $ 16,326.94   sel     $36,500.00   [strat=reciprocal_fairness_keeper]
      R14  buy $ 19,366.70   sel     $36,000.00   [strat=reciprocal_fairness_keeper]
      R15  buy $  1,352.56   sel     $36,000.00   [strat=reciprocal_fairness_keeper]
      R16  buy $ 35,510.26   sel     $36,000.00   [strat=reciprocal_fairness_keeper]
   run 15 done in 7.2 min

   run 16/30 on 2023 Ford Mustang GT Premium  seed=21264435
      R 1  buy $ 29,036.81   sel     $42,500.00   [strat=opponent_aware_diagnostic] *
      R 2  buy $ 10,023.32   sel     $42,000.00   [strat=opponent_aware_diagnostic]
      R 3  buy $ 30,997.26   sel     $40,500.00   [strat=opponent_aware_diagnostic]
      R 4  buy $ 36,318.09   sel     $38,400.00   [strat=opponent_aware_diagnostic]
      R 5  buy $    369.50   sel     $38,400.00   [strat=opponent_aware_diagnostic]
      R 6  buy $ 25,177.42   sel     $38,400.00   [strat=market_expert_value_justifier] *
      R 7  buy $  8,084.98   sel     $38,400.00   [strat=market_expert_value_justifier]
      R 8  buy $ 15,610.43   sel     $38,400.00   [strat=market_expert_value_justifier]
      R 9  buy $ 12,973.60   sel     $38,400.00   [strat=market_expert_value_justifier]
      R10  buy $  9,174.56   sel     $38,400.00   [strat=market_expert_value_justifier]
      R11  buy $ 15,142.41   sel     $38,400.00   [strat=market_expert_value_justifier]
      R12  buy $ 17,834.56   sel     $38,400.00   [strat=reciprocal_fairness_keeper] *
      R13  buy $ 32,116.05   sel     $37,359.00   [strat=reciprocal_fairness_keeper]
      R14  buy $ 18,617.89   sel     $37,000.00   [strat=reciprocal_fairness_keeper]
      R15  buy $ 17,496.01   sel     $37,000.00   [strat=reciprocal_fairness_keeper]
      R16  buy $ 14,593.30   sel     $36,500.00   [strat=reciprocal_fairness_keeper]
   run 16 done in 7.0 min

   run 17/30 on 2023 Ford Mustang GT Premium  seed=21264436
      R 1  buy $  6,684.95   sel     $44,500.00   [strat=opponent_aware_diagnostic] *
      R 2  buy $ 16,648.50   sel     $43,900.00   [strat=opponent_aware_diagnostic]
      R 3  buy $ 31,741.02   sel     $42,500.00   [strat=opponent_aware_diagnostic]
      R 4  buy $ 39,562.33   sel     $41,000.00   [strat=opponent_aware_diagnostic]
      R 5  buy $ 37,220.33   sel     $39,500.00   [strat=opponent_aware_diagnostic]
      R 6  buy $  5,688.92   sel     $38,900.00   [strat=market_expert_value_justifier] *
      R 7  buy $ 15,060.08   sel     $38,500.00   [strat=market_expert_value_justifier]
      R 8  buy $ 11,118.77   sel     $38,500.00   [strat=market_expert_value_justifier]
      R 9  buy $ 33,146.27   sel     $38,000.00   [strat=market_expert_value_justifier]
      R10  buy $  9,672.65   sel     $38,000.00   [strat=market_expert_value_justifier]
      R11  buy $ 29,140.34   sel     $37,000.00   [strat=market_expert_value_justifier]
      R12  buy $ 31,372.65   sel     $36,500.00   [strat=reciprocal_fairness_keeper] *
      R13  buy $ 28,955.89   sel     $36,000.00   [strat=reciprocal_fairness_keeper]
      R14  buy $  3,371.83   sel     $36,000.00   [strat=reciprocal_fairness_keeper]
      R15  buy $ 22,523.96   sel     $36,000.00   [strat=reciprocal_fairness_keeper]
      R16  buy $ 16,357.19   sel     $36,000.00   [strat=reciprocal_fairness_keeper]
   run 17 done in 8.6 min

   run 18/30 on 2023 Ford Mustang GT Premium  seed=21264437
      R 1  buy $ 38,568.03   sel     $43,000.00   [strat=opponent_aware_diagnostic] *
      R 2  buy $ 22,420.98   sel     $41,500.00   [strat=opponent_aware_diagnostic]
      R 3  buy $  8,089.35   sel     $41,000.00   [strat=opponent_aware_diagnostic]
      R 4  buy $ 37,161.96   sel     $39,500.00   [strat=opponent_aware_diagnostic]
      R 5  buy $ 11,699.07   sel     $39,000.00   [strat=opponent_aware_diagnostic]
      R 6  buy $  4,893.12   sel     $38,500.00   [strat=market_expert_value_justifier] *
      R 7  buy $  9,364.62   sel     $38,000.00   [strat=market_expert_value_justifier]
      R 8  buy $ 37,999.93   sel     $37,999.93   [strat=market_expert_value_justifier]
      R 9  buy $  5,721.31   sel     $37,999.93   [strat=market_expert_value_justifier]
      R10  buy $ 20,702.89   sel     $37,999.93   [strat=market_expert_value_justifier]
      R11  buy $ 29,636.51   sel     $37,900.00   [strat=market_expert_value_justifier]
      R12  buy $ 33,745.58   sel     $37,500.00   [strat=reciprocal_fairness_keeper] *
      R13  buy $ 33,534.06   sel     $37,250.00   [strat=reciprocal_fairness_keeper]
      R14  buy $ 25,396.01   sel     $37,250.00   [strat=reciprocal_fairness_keeper]
      R15  buy $ 32,270.40   sel     $37,000.00   [strat=reciprocal_fairness_keeper]
      R16  buy $  4,710.07   sel     $36,999.00   [strat=reciprocal_fairness_keeper]
   run 18 done in 8.5 min

   run 19/30 on 2023 Ford Mustang GT Premium  seed=21264438
      R 1  buy $  1,172.00   sel     $44,500.00   [strat=opponent_aware_diagnostic] *
      R 2  buy $ 17,253.23   sel     $42,500.00   [strat=opponent_aware_diagnostic]
      R 3  buy $ 33,900.47   sel     $41,500.00   [strat=opponent_aware_diagnostic]
      R 4  buy $ 31,510.73   sel     $40,900.00   [strat=opponent_aware_diagnostic]
      R 5  buy $ 27,961.34   sel     $40,900.00   [strat=opponent_aware_diagnostic]
      R 6  buy $ 16,352.55   sel     $40,900.00   [strat=market_expert_value_justifier] *
      R 7  buy $  4,739.02   sel     $40,900.00   [strat=market_expert_value_justifier]
      R 8  buy $ 14,511.42   sel     $40,900.00   [strat=market_expert_value_justifier]
      R 9  buy $ 40,063.57   sel     $40,063.57   [strat=market_expert_value_justifier]
      R10  buy $ 17,211.93   sel     $40,900.00   [strat=market_expert_value_justifier]
      R11  buy $ 36,890.36   sel     $39,900.00   [strat=market_expert_value_justifier]
      R12  buy $  9,005.68   sel     $39,900.00   [strat=reciprocal_fairness_keeper] *
      R13  buy $ 21,575.48   sel     $39,900.00   [strat=reciprocal_fairness_keeper]
      R14  buy $ 37,927.36   sel     $38,500.00   [strat=reciprocal_fairness_keeper]
      R15  buy $ 19,949.89   sel     $39,900.00   [strat=reciprocal_fairness_keeper]
      R16  buy $  4,591.46   sel     $39,900.00   [strat=reciprocal_fairness_keeper]
   run 19 done in 7.3 min

   run 20/30 on 2023 Ford Mustang GT Premium  seed=21264439
      R 1  buy $ 27,517.65   sel     $42,500.00   [strat=opponent_aware_diagnostic] *
      R 2  buy $ 20,335.56   sel     $41,500.00   [strat=opponent_aware_diagnostic]
      R 3  buy $ 17,989.34   sel     $40,000.00   [strat=opponent_aware_diagnostic]
      R 4  buy $ 31,065.91   sel     $39,000.00   [strat=opponent_aware_diagnostic]
      R 5  buy $ 11,298.29   sel     $38,500.00   [strat=opponent_aware_diagnostic]
      R 6  buy $  5,656.43   sel     $38,000.00   [strat=market_expert_value_justifier] *
      R 7  buy $ 30,295.02   sel     $37,500.00   [strat=market_expert_value_justifier]
      R 8  buy $  6,452.31   sel     $37,250.00   [strat=market_expert_value_justifier]
      R 9  buy $ 18,461.66   sel     $37,000.00   [strat=market_expert_value_justifier]
      R10  buy $ 22,123.89   sel     $36,900.00   [strat=market_expert_value_justifier]
      R11  buy $ 10,569.25   sel     $36,800.00   [strat=market_expert_value_justifier]
      R12  buy $ 28,959.82   sel     $36,500.00   [strat=reciprocal_fairness_keeper] *
      R13  buy $ 14,512.77   sel     $36,400.00   [strat=reciprocal_fairness_keeper]
      R14  buy $ 28,051.21   sel     $36,300.00   [strat=reciprocal_fairness_keeper]
      R15  buy $  2,801.00   sel     $36,200.00   [strat=reciprocal_fairness_keeper]
      R16  buy $  8,576.51   sel     $36,200.00   [strat=reciprocal_fairness_keeper]
   run 20 done in 8.7 min

   run 21/30 on 2023 Ford Mustang GT Premium  seed=21264440
      R 1  buy $ 32,379.50   sel     $39,995.00   [strat=opponent_aware_diagnostic] *
      R 2  buy $ 10,775.16   sel     $39,995.00   [strat=opponent_aware_diagnostic]
      R 3  buy $  9,109.10   sel     $39,995.00   [strat=opponent_aware_diagnostic]
      R 4  buy $ 27,763.24   sel     $38,500.00   [strat=opponent_aware_diagnostic]
      R 5  buy $ 15,647.22   sel     $38,000.00   [strat=opponent_aware_diagnostic]
      R 6  buy $ 15,387.89   sel     $37,500.00   [strat=market_expert_value_justifier] *
      R 7  buy $ 12,106.50   sel     $37,000.00   [strat=market_expert_value_justifier]
      R 8  buy $ 22,358.94   sel     $37,000.00   [strat=market_expert_value_justifier]
      R 9  buy $ 11,685.65   sel     $36,500.00   [strat=market_expert_value_justifier]
      R10  buy $ 19,044.02   sel     $36,250.00   [strat=market_expert_value_justifier]
      R11  buy $  8,829.91   sel     $36,200.00   [strat=market_expert_value_justifier]
      R12  buy $ 24,944.50   sel     $36,000.00   [strat=reciprocal_fairness_keeper] *
      R13  buy $ 35,236.37   sel     $36,100.00   [strat=reciprocal_fairness_keeper]
      R14  buy $ 24,599.70   sel     $36,100.00   [strat=reciprocal_fairness_keeper]
      R15  buy $  3,342.66   sel     $36,100.00   [strat=reciprocal_fairness_keeper]
      R16  buy $  8,182.48   sel     $36,100.00   [strat=reciprocal_fairness_keeper]
   run 21 done in 10.1 min

   run 22/30 on 2023 Ford Mustang GT Premium  seed=21264441
      R 1  buy $ 21,515.75   sel     $42,000.00   [strat=opponent_aware_diagnostic] *
      R 2  buy $ 23,881.08   sel     $39,999.00   [strat=opponent_aware_diagnostic]
      R 3  buy $ 34,961.67   sel     $38,500.00   [strat=opponent_aware_diagnostic]
      R 4  buy $  1,851.42   sel     $38,500.00   [strat=opponent_aware_diagnostic]
      R 5  buy $ 20,918.12   sel     $38,000.00   [strat=opponent_aware_diagnostic]
      R 6  buy $ 17,778.39   sel     $37,500.00   [strat=market_expert_value_justifier] *
      R 7  buy $ 24,440.54   sel     $37,000.00   [strat=market_expert_value_justifier]
      R 8  buy $ 25,617.36   sel     $37,000.00   [strat=market_expert_value_justifier]
      R 9  buy $ 29,774.78   sel     $36,500.00   [strat=market_expert_value_justifier]
      R10  buy $ 11,884.55   sel     $36,500.00   [strat=market_expert_value_justifier]
      R11  buy $ 20,563.99   sel     $36,500.00   [strat=market_expert_value_justifier]
      R12  buy $ 29,018.13   sel     $36,500.00   [strat=reciprocal_fairness_keeper] *
      R13  buy $ 17,772.94   sel     $36,500.00   [strat=reciprocal_fairness_keeper]
      R14  buy $  5,259.09   sel     $36,500.00   [strat=reciprocal_fairness_keeper]
      R15  buy $ 14,091.54   sel     $36,500.00   [strat=reciprocal_fairness_keeper]
      R16  buy $ 31,464.03   sel     $36,400.00   [strat=reciprocal_fairness_keeper]
   run 22 done in 9.0 min

   run 23/30 on 2023 Ford Mustang GT Premium  seed=21264442
      R 1  buy $ 27,333.66   sel     $41,500.00   [strat=opponent_aware_diagnostic] *
      R 2  buy $ 26,387.03   sel     $40,900.00   [strat=opponent_aware_diagnostic]
      R 3  buy $ 23,050.17   sel     $40,500.00   [strat=opponent_aware_diagnostic]
      R 4  buy $ 17,542.12   sel     $40,300.00   [strat=opponent_aware_diagnostic]
      R 5  buy $ 34,886.15   sel     $39,900.00   [strat=opponent_aware_diagnostic]
      R 6  buy $  7,126.66   sel     $39,900.00   [strat=market_expert_value_justifier] *
      R 7  buy $ 23,632.14   sel     $39,700.00   [strat=market_expert_value_justifier]
      R 8  buy $ 13,548.30   sel     $39,500.00   [strat=market_expert_value_justifier]
      R 9  buy $ 16,702.81   sel     $39,500.00   [strat=market_expert_value_justifier]
      R10  buy $ 37,119.19   sel     $38,500.00   [strat=market_expert_value_justifier]
      R11  buy $ 24,609.57   sel     $38,300.00   [strat=market_expert_value_justifier]
      R12  buy $ 26,156.27   sel     $38,000.00   [strat=reciprocal_fairness_keeper] *
      R13  buy $ 30,748.95   sel     PARSE-FAIL   [strat=reciprocal_fairness_keeper]
      R14  buy $ 24,112.48   sel     $37,500.00   [strat=reciprocal_fairness_keeper]
      R15  buy $ 17,425.62   sel     PARSE-FAIL   [strat=reciprocal_fairness_keeper]
      R16  buy $ 30,928.09   sel     $37,000.00   [strat=reciprocal_fairness_keeper]
   run 23 done in 5.9 min

   run 24/30 on 2023 Ford Mustang GT Premium  seed=21264443
      R 1  buy $ 26,382.08   sel     $42,500.00   [strat=opponent_aware_diagnostic] *
      R 2  buy $ 31,649.72   sel     $40,000.00   [strat=opponent_aware_diagnostic]
      R 3  buy $ 22,469.40   sel     $39,500.00   [strat=opponent_aware_diagnostic]
      R 4  buy $  7,368.33   sel     $39,000.00   [strat=opponent_aware_diagnostic]
      R 5  buy $ 27,485.97   sel     $38,500.00   [strat=opponent_aware_diagnostic]
      R 6  buy $ 36,153.27   sel     $38,000.00   [strat=market_expert_value_justifier] *
      R 7  buy $ 15,819.39   sel     $37,500.00   [strat=market_expert_value_justifier]
      R 8  buy $ 24,746.86   sel     $37,000.00   [strat=market_expert_value_justifier]
      R 9  buy $ 27,708.39   sel     $36,500.00   [strat=market_expert_value_justifier]
      R10  buy $ 16,909.17   sel     $36,500.00   [strat=market_expert_value_justifier]
      R11  buy $ 21,073.37   sel     $36,250.00   [strat=market_expert_value_justifier]
      R12  buy $  5,704.58   sel     $36,250.00   [strat=reciprocal_fairness_keeper] *
      R13  buy $ 32,358.18   sel     $36,000.00   [strat=reciprocal_fairness_keeper]
      R14  buy $  5,755.59   sel     $36,000.00   [strat=reciprocal_fairness_keeper]
      R15  buy $ 25,634.90   sel     $36,500.00   [strat=reciprocal_fairness_keeper]
      R16  buy $ 27,546.36   sel     $37,000.00   [strat=reciprocal_fairness_keeper]
   run 24 done in 10.4 min

   run 25/30 on 2023 Ford Mustang GT Premium  seed=21264444
      R 1  buy $ 22,305.43   sel     $41,500.00   [strat=opponent_aware_diagnostic] *
      R 2  buy $ 27,947.52   sel     $39,500.00   [strat=opponent_aware_diagnostic]
      R 3  buy $ 32,648.03   sel     $38,500.00   [strat=opponent_aware_diagnostic]
      R 4  buy $ 22,342.59   sel     $38,000.00   [strat=opponent_aware_diagnostic]
      R 5  buy $ 10,366.14   sel     $37,500.00   [strat=opponent_aware_diagnostic]
      R 6  buy $    809.01   sel     $37,250.00   [strat=market_expert_value_justifier] *
      R 7  buy $ 21,961.07   sel     $37,000.00   [strat=market_expert_value_justifier]
      R 8  buy $  6,694.20   sel     $37,000.00   [strat=market_expert_value_justifier]
      R 9  buy $ 27,075.26   sel     $36,750.00   [strat=market_expert_value_justifier]
      R10  buy $  7,484.84   sel     $36,500.00   [strat=market_expert_value_justifier]
      R11  buy $ 27,041.54   sel     $36,000.00   [strat=market_expert_value_justifier]
      R12  buy $ 15,429.00   sel     $36,000.00   [strat=reciprocal_fairness_keeper] *
      R13  buy $ 34,821.41   sel     $36,500.00   [strat=reciprocal_fairness_keeper]
      R14  buy $ 20,843.03   sel     $36,000.00   [strat=reciprocal_fairness_keeper]
      R15  buy $ 23,940.29   sel     $36,000.00   [strat=reciprocal_fairness_keeper]
      R16  buy $ 16,320.45   sel     $36,000.00   [strat=reciprocal_fairness_keeper]
   run 25 done in 6.8 min

   run 26/30 on 2023 Ford Mustang GT Premium  seed=21264445
      R 1  buy $ 26,317.56   sel     $42,500.00   [strat=opponent_aware_diagnostic] *
      R 2  buy $ 35,396.21   sel     $40,000.00   [strat=opponent_aware_diagnostic]
      R 3  buy $ 20,286.56   sel     $39,500.00   [strat=opponent_aware_diagnostic]
      R 4  buy $  4,806.55   sel     $39,500.00   [strat=opponent_aware_diagnostic]
      R 5  buy $  5,765.22   sel     $39,500.00   [strat=opponent_aware_diagnostic]
      R 6  buy $ 21,530.86   sel     $39,500.00   [strat=market_expert_value_justifier] *
      R 7  buy $ 24,941.24   sel     $39,500.00   [strat=market_expert_value_justifier]
      R 8  buy $  3,283.36   sel     $39,500.00   [strat=market_expert_value_justifier]
      R 9  buy $    824.54   sel     $39,500.00   [strat=market_expert_value_justifier]
      R10  buy $ 15,093.68   sel     $39,500.00   [strat=market_expert_value_justifier]
      R11  buy $ 27,141.78   sel     $39,500.00   [strat=market_expert_value_justifier]
      R12  buy $ 10,416.86   sel     $39,500.00   [strat=reciprocal_fairness_keeper] *
      R13  buy $ 29,406.59   sel     $39,500.00   [strat=reciprocal_fairness_keeper]
      R14  buy $ 33,285.00   sel     $38,500.00   [strat=reciprocal_fairness_keeper]
      R15  buy $ 17,154.27   sel     $38,000.00   [strat=reciprocal_fairness_keeper]
      R16  buy $ 29,525.30   sel     $37,500.00   [strat=reciprocal_fairness_keeper]
   run 26 done in 6.1 min

   run 27/30 on 2023 Ford Mustang GT Premium  seed=21264446
      R 1  buy $ 35,889.55   sel     $44,500.00   [strat=opponent_aware_diagnostic] *
      R 2  buy $ 31,857.82   sel     $42,995.00   [strat=opponent_aware_diagnostic]
      R 3  buy $ 41,966.78   sel     $42,495.00   [strat=opponent_aware_diagnostic]
      R 4  buy $  2,878.08   sel     $42,495.00   [strat=opponent_aware_diagnostic]
      R 5  buy $ 33,393.33   sel     $42,495.00   [strat=opponent_aware_diagnostic]
      R 6  buy $ 27,204.25   sel     $42,000.00   [strat=market_expert_value_justifier] *
      R 7  buy $ 38,871.97   sel     $41,000.00   [strat=market_expert_value_justifier]
      R 8  buy $  4,292.50   sel     $40,000.00   [strat=market_expert_value_justifier]
      R 9  buy $ 15,178.03   sel     $40,000.00   [strat=market_expert_value_justifier]
      R10  buy $ 15,943.65   sel     $40,000.00   [strat=market_expert_value_justifier]
      R11  buy $ 31,252.36   sel     $39,500.00   [strat=market_expert_value_justifier]
      R12  buy $ 10,178.24   sel     $39,500.00   [strat=reciprocal_fairness_keeper] *
      R13  buy $  5,998.22   sel     $39,000.00   [strat=reciprocal_fairness_keeper]
      R14  buy $ 10,530.14   sel     $39,000.00   [strat=reciprocal_fairness_keeper]
      R15  buy $  8,941.15   sel     $39,000.00   [strat=reciprocal_fairness_keeper]
      R16  buy $ 15,722.23   sel     $39,000.00   [strat=reciprocal_fairness_keeper]
   run 27 done in 7.0 min

   run 28/30 on 2023 Ford Mustang GT Premium  seed=21264447
      R 1  buy $ 21,834.13   sel     $38,500.00   [strat=opponent_aware_diagnostic] *
      R 2  buy $ 10,219.89   sel     $37,500.00   [strat=opponent_aware_diagnostic]
      R 3  buy $ 22,578.95   sel     $36,500.00   [strat=opponent_aware_diagnostic]
      R 4  buy $ 12,721.94   sel     $36,500.00   [strat=opponent_aware_diagnostic]
      R 5  buy $ 34,775.88   sel     $36,000.00   [strat=opponent_aware_diagnostic]
      R 6  buy $  5,130.69   sel     $36,000.00   [strat=market_expert_value_justifier] *
      R 7  buy $  2,272.77   sel     $36,000.00   [strat=market_expert_value_justifier]
      R 8  buy $ 18,819.34   sel     $36,000.00   [strat=market_expert_value_justifier]
      R 9  buy $ 27,276.82   sel     $36,000.00   [strat=market_expert_value_justifier]
      R10  buy $ 35,572.72   sel     $36,000.00   [strat=market_expert_value_justifier]
      R11  buy $ 31,994.42   sel     $36,000.00   [strat=market_expert_value_justifier]
      R12  buy $ 25,015.53   sel     $36,000.00   [strat=reciprocal_fairness_keeper] *
      R13  buy $  1,366.40   sel     $36,000.00   [strat=reciprocal_fairness_keeper]
      R14  buy $ 29,337.09   sel     $36,000.00   [strat=reciprocal_fairness_keeper]
      R15  buy $  8,365.32   sel     $36,000.00   [strat=reciprocal_fairness_keeper]
      R16  buy $  7,053.75   sel     $36,000.00   [strat=reciprocal_fairness_keeper]
   run 28 done in 7.1 min

   run 29/30 on 2023 Ford Mustang GT Premium  seed=21264448
      R 1  buy $ 40,372.97   sel     $43,500.00   [strat=opponent_aware_diagnostic] *
      R 2  buy $  9,552.75   sel     $42,000.00   [strat=opponent_aware_diagnostic]
      R 3  buy $  9,659.80   sel     $41,500.00   [strat=opponent_aware_diagnostic]
      R 4  buy $ 16,117.91   sel     $41,000.00   [strat=opponent_aware_diagnostic]
      R 5  buy $ 12,392.72   sel     $40,500.00   [strat=opponent_aware_diagnostic]
      R 6  buy $  3,045.33   sel     $40,500.00   [strat=market_expert_value_justifier] *
      R 7  buy $ 34,567.97   sel     $39,500.00   [strat=market_expert_value_justifier]
      R 8  buy $ 29,275.96   sel     $39,000.00   [strat=market_expert_value_justifier]
      R 9  buy $ 38,381.00   sel     $38,500.00   [strat=market_expert_value_justifier]
      R10  buy $ 10,780.21   sel     $38,500.00   [strat=market_expert_value_justifier]
      R11  buy $  3,189.88   sel     $38,500.00   [strat=market_expert_value_justifier]
      R12  buy $ 14,237.46   sel     $38,500.00   [strat=reciprocal_fairness_keeper] *
      R13  buy $  4,202.09   sel     $38,500.00   [strat=reciprocal_fairness_keeper]
      R14  buy $ 28,460.72   sel     $38,000.00   [strat=reciprocal_fairness_keeper]
      R15  buy $ 14,321.91   sel     $38,000.00   [strat=reciprocal_fairness_keeper]
      R16  buy $ 30,972.48   sel     $38,000.00   [strat=reciprocal_fairness_keeper]
   run 29 done in 6.1 min

   run 30/30 on 2023 Ford Mustang GT Premium  seed=21264449
      R 1  buy $ 43,381.27   sel     $44,500.00   [strat=opponent_aware_diagnostic] *
      R 2  buy $ 25,855.82   sel     $44,500.00   [strat=opponent_aware_diagnostic]
      R 3  buy $ 18,565.02   sel     $44,500.00   [strat=opponent_aware_diagnostic]
      R 4  buy $  2,523.01   sel     $44,500.00   [strat=opponent_aware_diagnostic]
      R 5  buy $  3,835.45   sel     $44,500.00   [strat=opponent_aware_diagnostic]
      R 6  buy $ 35,380.53   sel     $42,000.00   [strat=market_expert_value_justifier] *
      R 7  buy $ 30,298.94   sel     $41,500.00   [strat=market_expert_value_justifier]
      R 8  buy $ 29,834.96   sel     $41,500.00   [strat=market_expert_value_justifier]
      R 9  buy $ 12,666.79   sel     $40,000.00   [strat=market_expert_value_justifier]
      R10  buy $ 36,383.11   sel     $38,000.00   [strat=market_expert_value_justifier]
      R11  buy $ 25,562.63   sel     $37,500.00   [strat=market_expert_value_justifier]
      R12  buy $ 16,258.03   sel     $37,000.00   [strat=reciprocal_fairness_keeper] *
      R13  buy $ 20,336.47   sel     $36,500.00   [strat=reciprocal_fairness_keeper]
      R14  buy $ 12,746.00   sel     $36,800.00   [strat=reciprocal_fairness_keeper]
      R15  buy $ 14,688.29   sel     $36,500.00   [strat=reciprocal_fairness_keeper]
      R16  buy $ 24,801.35   sel     $36,200.00   [strat=reciprocal_fairness_keeper]
   run 30 done in 6.7 min

   ---> checkpoint: car 5/5 done in 242.7 min; total so far 1131.4 min; saved 150 runs to exp10_transitionB_rep2.json

=== FINISH exp10_transitionB_rep2 in 18.86 h (150 runs) -> results\exp10_transitionB_rep2.json ===
