=== START exp11_transitionB_rep3 ===
    pid         : 11320
    hostname    : LAPTOP-B4TE0NRA
    state_file  : state\exp11_transitionB_rep3.state.json
    schedule    : threephase__opponent_aware_diagnostic@1_market_expert_value_justifier@6_reciprocal_fairness_keeper@12
    adaptive    : True  (switches=[6, 12])
    n_rounds    : 16
    n_cars      : 5
    runs/car    : 30
    total runs  : 150  (total calls: 2400)
    model       : deepseek-reasoner  at https://api.deepseek.com
    base_seed   : 20260420
    output      : results\exp11_transitionB_rep3.json

--- CAR 1/5: 2014 Mercedes-Benz S550  (M=$96,000.00  cost=$19,000.00  cost/M=19.79%) ---

   run 1/30 on 2014 Mercedes-Benz S550  seed=21360420
      R 1  buy $ 85,197.22   sel     $90,000.00   [strat=opponent_aware_diagnostic] *
      R 2  buy $ 64,505.90   sel     $75,000.00   [strat=opponent_aware_diagnostic]
      R 3  buy $ 29,653.00   sel     $60,000.00   [strat=opponent_aware_diagnostic]
      R 4  buy $ 42,722.27   sel     $55,000.00   [strat=opponent_aware_diagnostic]
      R 5  buy $ 34,374.12   sel     $50,000.00   [strat=opponent_aware_diagnostic]
      R 6  buy $  8,550.60   sel     $50,000.00   [strat=market_expert_value_justifier] *
      R 7  buy $ 42,477.22   sel     $48,000.00   [strat=market_expert_value_justifier]
      R 8  buy $ 17,230.32   sel     $48,000.00   [strat=market_expert_value_justifier]
      R 9  buy $ 40,986.85   sel     $48,000.00   [strat=market_expert_value_justifier]
      R10  buy $ 36,238.97   sel     $48,000.00   [strat=market_expert_value_justifier]
      R11  buy $ 23,893.51   sel     $48,000.00   [strat=market_expert_value_justifier]
      R12  buy $ 16,160.29   sel     $48,000.00   [strat=reciprocal_fairness_keeper] *
      R13  buy $ 11,134.37   sel     $48,000.00   [strat=reciprocal_fairness_keeper]
      R14  buy $ 26,991.52   sel     $48,000.00   [strat=reciprocal_fairness_keeper]
      R15  buy $ 14,061.88   sel     $48,000.00   [strat=reciprocal_fairness_keeper]
      R16  buy $ 46,820.79   sel     $48,000.00   [strat=reciprocal_fairness_keeper]
   run 1 done in 7.3 min

   run 2/30 on 2014 Mercedes-Benz S550  seed=21360421
      R 1  buy $ 30,871.67   sel     $34,995.00   [strat=opponent_aware_diagnostic] *
      R 2  buy $ 17,527.26   sel     $33,500.00   [strat=opponent_aware_diagnostic]
      R 3  buy $ 20,668.71   sel     $32,000.00   [strat=opponent_aware_diagnostic]
      R 4  buy $ 19,926.79   sel     $31,000.00   [strat=opponent_aware_diagnostic]
      R 5  buy $ 25,820.85   sel     $29,500.00   [strat=opponent_aware_diagnostic]
      R 6  buy $ 28,017.89   sel     $28,750.00   [strat=market_expert_value_justifier] *
      R 7  buy $ 26,799.38   sel     $27,775.00   [strat=market_expert_value_justifier]
      R 8  buy $  6,079.25   sel     $27,500.00   [strat=market_expert_value_justifier]
      R 9  buy $ 20,829.83   sel     $26,000.00   [strat=market_expert_value_justifier]
      R10  buy $  8,194.34   sel     $25,500.00   [strat=market_expert_value_justifier]
      R11  buy $ 24,041.33   sel     $24,500.00   [strat=market_expert_value_justifier]
      R12  buy $  6,865.92   sel     $24,000.00   [strat=reciprocal_fairness_keeper] *
      R13  buy $ 16,738.60   sel     $23,500.00   [strat=reciprocal_fairness_keeper]
      R14  buy $  1,449.50   sel     $23,000.00   [strat=reciprocal_fairness_keeper]
      R15  buy $  2,121.29   sel     $23,000.00   [strat=reciprocal_fairness_keeper]
      R16  buy $ 19,109.79   sel     $22,000.00   [strat=reciprocal_fairness_keeper]
   run 2 done in 7.2 min

   run 3/30 on 2014 Mercedes-Benz S550  seed=21360422
      R 1  buy $     13.92   sel     $28,500.00   [strat=opponent_aware_diagnostic] *
      R 2  buy $ 26,293.79   sel     $27,500.00   [strat=opponent_aware_diagnostic]
      R 3  buy $ 25,246.46   sel     $27,000.00   [strat=opponent_aware_diagnostic]
      R 4  buy $ 20,980.90   sel     $26,500.00   [strat=opponent_aware_diagnostic]
      R 5  buy $ 20,170.56   sel     $24,000.00   [strat=opponent_aware_diagnostic]
      R 6  buy $  8,183.61   sel     $22,500.00   [strat=market_expert_value_justifier] *
      R 7  buy $ 14,972.96   sel     $19,500.00   [strat=market_expert_value_justifier]
      R 8  buy $ 18,961.10   sel     $19,300.00   [strat=market_expert_value_justifier]
      R 9  buy $ 17,204.13   sel     $19,000.00   [strat=market_expert_value_justifier]
      R10  buy $ 14,597.23   sel     $19,000.00   [strat=market_expert_value_justifier]
      R11  buy $ 18,160.82   sel     $19,000.00   [strat=market_expert_value_justifier]
      R12  buy $  2,977.58   sel     $19,000.00   [strat=reciprocal_fairness_keeper] *
      R13  buy $  3,266.89   sel     $19,000.00   [strat=reciprocal_fairness_keeper]
      R14  buy $ 16,942.60   sel     $19,000.00   [strat=reciprocal_fairness_keeper]
      R15  buy $  4,837.56   sel     $19,000.00   [strat=reciprocal_fairness_keeper]
      R16  buy $  9,515.31   sel     $19,000.00   [strat=reciprocal_fairness_keeper]
   run 3 done in 7.5 min

   run 4/30 on 2014 Mercedes-Benz S550  seed=21360423
      R 1  buy $ 36,438.19   sel     $51,500.00   [strat=opponent_aware_diagnostic] *
      R 2  buy $ 40,532.20   sel     $48,900.00   [strat=opponent_aware_diagnostic]
      R 3  buy $ 41,465.23   sel     $47,500.00   [strat=opponent_aware_diagnostic]
      R 4  buy $  9,836.87   sel     $46,000.00   [strat=opponent_aware_diagnostic]
      R 5  buy $  9,092.96   sel     $44,000.00   [strat=opponent_aware_diagnostic]
      R 6  buy $ 35,647.69   sel     $42,000.00   [strat=market_expert_value_justifier] *
      R 7  buy $  7,449.68   sel     $41,000.00   [strat=market_expert_value_justifier]
      R 8  buy $ 34,488.01   sel     $39,500.00   [strat=market_expert_value_justifier]
      R 9  buy $ 26,142.73   sel     $38,500.00   [strat=market_expert_value_justifier]
      R10  buy $ 23,912.27   sel     $35,000.00   [strat=market_expert_value_justifier]
      R11  buy $ 28,462.97   sel     $33,000.00   [strat=market_expert_value_justifier]
      R12  buy $ 22,708.74   sel     $30,000.00   [strat=reciprocal_fairness_keeper] *
      R13  buy $ 27,878.25   sel     $29,500.00   [strat=reciprocal_fairness_keeper]
      R14  buy $ 12,095.93   sel     $28,000.00   [strat=reciprocal_fairness_keeper]
      R15  buy $  2,549.08   sel     $27,500.00   [strat=reciprocal_fairness_keeper]
      R16  buy $ 25,762.49   sel     $26,500.00   [strat=reciprocal_fairness_keeper]
   run 4 done in 7.1 min

   run 5/30 on 2014 Mercedes-Benz S550  seed=21360424
      R 1  buy $ 65,530.82   sel     $80,000.00   [strat=opponent_aware_diagnostic] *
      R 2  buy $  3,513.55   sel     $75,000.00   [strat=opponent_aware_diagnostic]
      R 3  buy $ 33,634.44   sel     $50,000.00   [strat=opponent_aware_diagnostic]
      R 4  buy $ 37,914.12   sel     $45,000.00   [strat=opponent_aware_diagnostic]
      R 5  buy $ 34,477.42   sel     $42,000.00   [strat=opponent_aware_diagnostic]
      R 6  buy $ 13,612.15   sel     $40,000.00   [strat=market_expert_value_justifier] *
      R 7  buy $ 20,596.76   sel     $39,500.00   [strat=market_expert_value_justifier]
      R 8  buy $  8,473.55   sel     $38,500.00   [strat=market_expert_value_justifier]
      R 9  buy $ 27,381.22   sel     $35,000.00   [strat=market_expert_value_justifier]
      R10  buy $  9,622.11   sel     $34,500.00   [strat=market_expert_value_justifier]
      R11  buy $ 28,658.28   sel     $32,000.00   [strat=market_expert_value_justifier]
      R12  buy $  8,113.36   sel     $30,000.00   [strat=reciprocal_fairness_keeper] *
      R13  buy $ 26,852.74   sel     $28,500.00   [strat=reciprocal_fairness_keeper]
      R14  buy $  4,978.21   sel     $28,500.00   [strat=reciprocal_fairness_keeper]
      R15  buy $ 25,812.40   sel     $27,000.00   [strat=reciprocal_fairness_keeper]
      R16  buy $ 14,795.31   sel     $25,000.00   [strat=reciprocal_fairness_keeper]
   run 5 done in 9.0 min

   run 6/30 on 2014 Mercedes-Benz S550  seed=21360425
      R 1  buy $ 59,777.29   sel     $82,500.00   [strat=opponent_aware_diagnostic] *
      R 2  buy $ 70,622.14   sel     $81,250.00   [strat=opponent_aware_diagnostic]
      R 3  buy $ 24,166.24   sel     $80,000.00   [strat=opponent_aware_diagnostic]
      R 4  buy $ 54,999.09   sel     $79,500.00   [strat=opponent_aware_diagnostic]
      R 5  buy $ 15,617.80   sel     $79,000.00   [strat=opponent_aware_diagnostic]
      R 6  buy $ 50,721.74   sel     $78,500.00   [strat=market_expert_value_justifier] *
      R 7  buy $ 53,088.14   sel     $78,000.00   [strat=market_expert_value_justifier]
      R 8  buy $ 32,283.74   sel     $77,500.00   [strat=market_expert_value_justifier]
      R 9  buy $ 23,569.50   sel     $77,000.00   [strat=market_expert_value_justifier]
      R10  buy $ 35,164.03   sel     $76,500.00   [strat=market_expert_value_justifier]
      R11  buy $    590.13   sel     $76,000.00   [strat=market_expert_value_justifier]
      R12  buy $ 18,732.59   sel     $75,500.00   [strat=reciprocal_fairness_keeper] *
      R13  buy $  4,330.73   sel     $75,000.00   [strat=reciprocal_fairness_keeper]
      R14  buy $ 68,686.42   sel     $72,500.00   [strat=reciprocal_fairness_keeper]
      R15  buy $ 60,146.98   sel     $70,000.00   [strat=reciprocal_fairness_keeper]
      R16  buy $ 17,176.45   sel     $69,500.00   [strat=reciprocal_fairness_keeper]
   run 6 done in 6.3 min

   run 7/30 on 2014 Mercedes-Benz S550  seed=21360426
      R 1  buy $ 17,359.85   sel     $21,500.00   [strat=opponent_aware_diagnostic] *
      R 2  buy $  5,436.86   sel     $20,800.00   [strat=opponent_aware_diagnostic]
      R 3  buy $ 15,879.08   sel     $20,000.00   [strat=opponent_aware_diagnostic]
      R 4  buy $ 17,578.14   sel     $19,500.00   [strat=opponent_aware_diagnostic]
      R 5  buy $  4,149.31   sel     $19,500.00   [strat=opponent_aware_diagnostic]
      R 6  buy $ 11,221.22   sel     $19,400.00   [strat=market_expert_value_justifier] *
      R 7  buy $ 10,832.86   sel     $19,300.00   [strat=market_expert_value_justifier]
      R 8  buy $  1,244.60   sel     $19,300.00   [strat=market_expert_value_justifier]
      R 9  buy $  3,333.14   sel     $19,200.00   [strat=market_expert_value_justifier]
      R10  buy $  2,071.34   sel     $19,200.00   [strat=market_expert_value_justifier]
      R11  buy $ 13,590.50   sel     $19,200.00   [strat=market_expert_value_justifier]
      R12  buy $  7,475.76   sel     $19,200.00   [strat=reciprocal_fairness_keeper] *
      R13  buy $ 18,976.01   sel     $19,100.00   [strat=reciprocal_fairness_keeper]
      R14  buy $  1,332.08   sel     $19,200.00   [strat=reciprocal_fairness_keeper]
      R15  buy $ 11,554.89   sel     $19,200.00   [strat=reciprocal_fairness_keeper]
      R16  buy $ 13,601.65   sel     $19,200.00   [strat=reciprocal_fairness_keeper]
   run 7 done in 6.6 min

   run 8/30 on 2014 Mercedes-Benz S550  seed=21360427
      R 1  buy $ 38,522.25   sel     $52,000.00   [strat=opponent_aware_diagnostic] *
      R 2  buy $ 47,756.96   sel     $50,000.00   [strat=opponent_aware_diagnostic]
      R 3  buy $ 31,487.92   sel     $50,000.00   [strat=opponent_aware_diagnostic]
      R 4  buy $ 39,438.27   sel     $45,000.00   [strat=opponent_aware_diagnostic]
      R 5  buy $ 35,907.27   sel     $43,500.00   [strat=opponent_aware_diagnostic]
      R 6  buy $ 37,269.03   sel     $42,000.00   [strat=market_expert_value_justifier] *
      R 7  buy $  7,130.43   sel     $42,000.00   [strat=market_expert_value_justifier]
      R 8  buy $ 16,980.85   sel     $40,000.00   [strat=market_expert_value_justifier]
      R 9  buy $ 36,460.14   sel     $39,000.00   [strat=market_expert_value_justifier]
      R10  buy $ 14,450.90   sel     $38,500.00   [strat=market_expert_value_justifier]
      R11  buy $  6,112.08   sel     $38,500.00   [strat=market_expert_value_justifier]
      R12  buy $  2,391.06   sel     $38,500.00   [strat=reciprocal_fairness_keeper] *
      R13  buy $ 11,595.12   sel     $38,000.00   [strat=reciprocal_fairness_keeper]
      R14  buy $ 28,948.76   sel     $37,000.00   [strat=reciprocal_fairness_keeper]
      R15  buy $ 20,166.56   sel     $36,000.00   [strat=reciprocal_fairness_keeper]
      R16  buy $  6,151.59   sel     $35,500.00   [strat=reciprocal_fairness_keeper]
   run 8 done in 7.8 min

   run 9/30 on 2014 Mercedes-Benz S550  seed=21360428
      R 1  buy $ 65,270.98   sel     $78,500.00   [strat=opponent_aware_diagnostic] *
      R 2  buy $ 55,007.28   sel     $77,000.00   [strat=opponent_aware_diagnostic]
      R 3  buy $ 29,886.73   sel     $77,000.00   [strat=opponent_aware_diagnostic]
      R 4  buy $ 20,058.36   sel     $77,000.00   [strat=opponent_aware_diagnostic]
      R 5  buy $ 16,521.90   sel     $77,000.00   [strat=opponent_aware_diagnostic]
      R 6  buy $ 65,617.06   sel     $68,500.00   [strat=market_expert_value_justifier] *
      R 7  buy $ 21,762.47   sel     $68,500.00   [strat=market_expert_value_justifier]
      R 8  buy $ 51,517.26   sel     $62,000.00   [strat=market_expert_value_justifier]
      R 9  buy $ 28,223.27   sel     $61,500.00   [strat=market_expert_value_justifier]
      R10  buy $  4,363.74   sel     $61,500.00   [strat=market_expert_value_justifier]
      R11  buy $ 61,073.96   sel     $61,073.96   [strat=market_expert_value_justifier]
      R12  buy $ 47,810.10   sel     $61,000.00   [strat=reciprocal_fairness_keeper] *
      R13  buy $ 21,467.14   sel     $60,950.00   [strat=reciprocal_fairness_keeper]
      R14  buy $ 29,775.56   sel     $61,500.00   [strat=reciprocal_fairness_keeper]
      R15  buy $ 26,444.22   sel     $60,900.00   [strat=reciprocal_fairness_keeper]
      R16  buy $ 47,047.62   sel     $59,000.00   [strat=reciprocal_fairness_keeper]
   run 9 done in 8.6 min

   run 10/30 on 2014 Mercedes-Benz S550  seed=21360429
      R 1  buy $ 79,243.77   sel     $90,500.00   [strat=opponent_aware_diagnostic] *
      R 2  buy $ 30,370.69   sel     $90,500.00   [strat=opponent_aware_diagnostic]
      R 3  buy $ 73,276.34   sel     $85,500.00   [strat=opponent_aware_diagnostic]
      R 4  buy $ 85,022.66   sel     $85,250.00   [strat=opponent_aware_diagnostic]
      R 5  buy $ 65,067.03   sel     $83,000.00   [strat=opponent_aware_diagnostic]
      R 6  buy $ 51,686.09   sel     $83,000.00   [strat=market_expert_value_justifier] *
      R 7  buy $ 38,325.16   sel     $80,000.00   [strat=market_expert_value_justifier]
      R 8  buy $ 12,204.06   sel     $80,000.00   [strat=market_expert_value_justifier]
      R 9  buy $ 16,772.61   sel     $79,500.00   [strat=market_expert_value_justifier]
      R10  buy $  5,917.39   sel     $79,500.00   [strat=market_expert_value_justifier]
      R11  buy $ 36,064.68   sel     $79,500.00   [strat=market_expert_value_justifier]
      R12  buy $  5,877.91   sel     $79,500.00   [strat=reciprocal_fairness_keeper] *
      R13  buy $ 28,156.54   sel     $60,000.00   [strat=reciprocal_fairness_keeper]
      R14  buy $ 39,529.04   sel     $59,500.00   [strat=reciprocal_fairness_keeper]
      R15  buy $ 33,021.59   sel     $58,000.00   [strat=reciprocal_fairness_keeper]
      R16  buy $ 55,806.95   sel     $56,500.00   [strat=reciprocal_fairness_keeper]
   run 10 done in 7.3 min

   run 11/30 on 2014 Mercedes-Benz S550  seed=21360430
      R 1  buy $ 50,609.81   sel     $52,000.00   [strat=opponent_aware_diagnostic] *
      R 2  buy $ 37,671.02   sel     $47,000.00   [strat=opponent_aware_diagnostic]
      R 3  buy $ 38,215.77   sel     $46,000.00   [strat=opponent_aware_diagnostic]
      R 4  buy $ 19,064.42   sel     $45,000.00   [strat=opponent_aware_diagnostic]
      R 5  buy $  4,678.40   sel     $45,000.00   [strat=opponent_aware_diagnostic]
      R 6  buy $ 16,697.27   sel     $44,500.00   [strat=market_expert_value_justifier] *
      R 7  buy $ 29,332.92   sel     $44,000.00   [strat=market_expert_value_justifier]
      R 8  buy $ 40,372.55   sel     $42,000.00   [strat=market_expert_value_justifier]
      R 9  buy $ 32,133.26   sel     $41,000.00   [strat=market_expert_value_justifier]
      R10  buy $ 25,629.82   sel     $40,000.00   [strat=market_expert_value_justifier]
      R11  buy $  7,809.78   sel     $39,500.00   [strat=market_expert_value_justifier]
      R12  buy $ 31,616.23   sel     $39,000.00   [strat=reciprocal_fairness_keeper] *
      R13  buy $ 20,775.89   sel     $37,500.00   [strat=reciprocal_fairness_keeper]
      R14  buy $ 29,176.51   sel     $35,000.00   [strat=reciprocal_fairness_keeper]
      R15  buy $  1,413.08   sel     $34,000.00   [strat=reciprocal_fairness_keeper]
      R16  buy $  4,042.72   sel     $32,000.00   [strat=reciprocal_fairness_keeper]
   run 11 done in 9.4 min

   run 12/30 on 2014 Mercedes-Benz S550  seed=21360431
      R 1  buy $ 78,879.35   sel     $94,500.00   [strat=opponent_aware_diagnostic] *
      R 2  buy $ 86,697.87   sel     $92,500.00   [strat=opponent_aware_diagnostic]
      R 3  buy $ 13,650.02   sel     $92,000.00   [strat=opponent_aware_diagnostic]
      R 4  buy $ 50,261.22   sel     $92,000.00   [strat=opponent_aware_diagnostic]
      R 5  buy $ 33,552.25   sel     $92,000.00   [strat=opponent_aware_diagnostic]
      R 6  buy $ 52,673.72   sel     $90,000.00   [strat=market_expert_value_justifier] *
      R 7  buy $ 74,500.83   sel     $89,000.00   [strat=market_expert_value_justifier]
      R 8  buy $ 50,967.37   sel     $89,000.00   [strat=market_expert_value_justifier]
      R 9  buy $ 85,042.23   sel     $87,500.00   [strat=market_expert_value_justifier]
      R10  buy $  8,199.84   sel     $87,500.00   [strat=market_expert_value_justifier]
      R11  buy $ 80,569.76   sel     $85,000.00   [strat=market_expert_value_justifier]
      R12  buy $ 31,202.75   sel     $85,000.00   [strat=reciprocal_fairness_keeper] *
      R13  buy $ 63,921.35   sel     $85,000.00   [strat=reciprocal_fairness_keeper]
      R14  buy $ 36,898.97   sel     $85,000.00   [strat=reciprocal_fairness_keeper]
      R15  buy $ 72,937.60   sel     $83,000.00   [strat=reciprocal_fairness_keeper]
      R16  buy $ 53,205.67   sel     $82,000.00   [strat=reciprocal_fairness_keeper]
   run 12 done in 7.0 min

   run 13/30 on 2014 Mercedes-Benz S550  seed=21360432
      R 1  buy $ 25,378.32   sel     $29,500.00   [strat=opponent_aware_diagnostic] *
      R 2  buy $ 16,497.76   sel     $28,750.00   [strat=opponent_aware_diagnostic]
      R 3  buy $ 11,885.94   sel     $28,500.00   [strat=opponent_aware_diagnostic]
      R 4  buy $ 18,831.73   sel     $26,500.00   [strat=opponent_aware_diagnostic]
      R 5  buy $    291.46   sel     $26,500.00   [strat=opponent_aware_diagnostic]
      R 6  buy $  8,382.24   sel     $25,000.00   [strat=market_expert_value_justifier] *
      R 7  buy $ 13,076.12   sel     $24,000.00   [strat=market_expert_value_justifier]
      R 8  buy $ 17,399.11   sel     $23,500.00   [strat=market_expert_value_justifier]
      R 9  buy $ 18,887.08   sel     $23,000.00   [strat=market_expert_value_justifier]
      R10  buy $  4,877.07   sel     $22,500.00   [strat=market_expert_value_justifier]
      R11  buy $ 11,129.14   sel     $22,000.00   [strat=market_expert_value_justifier]
      R12  buy $  9,152.31   sel     $21,500.00   [strat=reciprocal_fairness_keeper] *
      R13  buy $ 12,235.05   sel     $21,500.00   [strat=reciprocal_fairness_keeper]
      R14  buy $    171.40   sel     $21,000.00   [strat=reciprocal_fairness_keeper]
      R15  buy $  6,327.92   sel     $20,500.00   [strat=reciprocal_fairness_keeper]
      R16  buy $ 16,866.30   sel     $19,500.00   [strat=reciprocal_fairness_keeper]
   run 13 done in 11.1 min

   run 14/30 on 2014 Mercedes-Benz S550  seed=21360433
      R 1  buy $ 16,157.49   sel     $24,995.00   [strat=opponent_aware_diagnostic] *
      R 2  buy $ 15,495.13   sel     $24,500.00   [strat=opponent_aware_diagnostic]
      R 3  buy $ 11,032.06   sel     $24,250.00   [strat=opponent_aware_diagnostic]
      R 4  buy $ 17,769.12   sel     $23,995.00   [strat=opponent_aware_diagnostic]
      R 5  buy $ 22,228.52   sel     $23,200.00   [strat=opponent_aware_diagnostic]
      R 6  buy $  6,769.99   sel     $23,200.00   [strat=market_expert_value_justifier] *
      R 7  buy $  5,315.19   sel     $23,200.00   [strat=market_expert_value_justifier]
      R 8  buy $  9,543.61   sel     $23,000.00   [strat=market_expert_value_justifier]
      R 9  buy $  8,485.59   sel     $23,000.00   [strat=market_expert_value_justifier]
      R10  buy $ 18,354.21   sel     $22,500.00   [strat=market_expert_value_justifier]
      R11  buy $ 13,678.66   sel     $22,000.00   [strat=market_expert_value_justifier]
      R12  buy $ 11,698.63   sel     $21,500.00   [strat=reciprocal_fairness_keeper] *
      R13  buy $ 17,175.52   sel     $21,000.00   [strat=reciprocal_fairness_keeper]
      R14  buy $  7,497.09   sel     $20,999.00   [strat=reciprocal_fairness_keeper]
      R15  buy $ 15,350.54   sel     $20,500.00   [strat=reciprocal_fairness_keeper]
      R16  buy $    303.20   sel     $21,000.00   [strat=reciprocal_fairness_keeper]
   run 14 done in 6.7 min

   run 15/30 on 2014 Mercedes-Benz S550  seed=21360434
      R 1  buy $ 48,481.86   sel     $52,995.00   [strat=opponent_aware_diagnostic] *
      R 2  buy $ 18,382.40   sel     $52,995.00   [strat=opponent_aware_diagnostic]
      R 3  buy $ 11,921.41   sel     $52,995.00   [strat=opponent_aware_diagnostic]
      R 4  buy $ 19,713.20   sel     $20,500.00   [strat=opponent_aware_diagnostic]
      R 5  buy $  7,453.87   sel     $19,500.00   [strat=opponent_aware_diagnostic]
      R 6  buy $ 18,226.46   sel     $19,000.00   [strat=market_expert_value_justifier] *
      R 7  buy $ 16,111.67   sel     $18,500.00   [strat=market_expert_value_justifier]
      R 8  buy $  8,845.74   sel     $18,500.00   [strat=market_expert_value_justifier]
      R 9  buy $ 11,559.34   sel     $18,500.00   [strat=market_expert_value_justifier]
      R10  buy $  6,891.35   sel     $18,500.00   [strat=market_expert_value_justifier]
      R11  buy $  5,938.40   sel     $19,000.00   [strat=market_expert_value_justifier]
      R12  buy $  7,509.84   sel     $19,000.00   [strat=reciprocal_fairness_keeper] *
      R13  buy $  4,517.73   sel     $19,000.00   [strat=reciprocal_fairness_keeper]
      R14  buy $  5,143.03   sel     $19,000.00   [strat=reciprocal_fairness_keeper]
      R15  buy $ 15,669.51   sel     $18,000.00   [strat=reciprocal_fairness_keeper]
      R16  buy $  3,626.35   sel     $19,000.00   [strat=reciprocal_fairness_keeper]
   run 15 done in 8.2 min

   run 16/30 on 2014 Mercedes-Benz S550  seed=21360435
      R 1  buy $ 74,602.29   sel     $89,995.00   [strat=opponent_aware_diagnostic] *
      R 2  buy $ 13,337.78   sel     $84,995.00   [strat=opponent_aware_diagnostic]
      R 3  buy $ 42,330.57   sel     $79,995.00   [strat=opponent_aware_diagnostic]
      R 4  buy $  9,490.18   sel     $74,995.00   [strat=opponent_aware_diagnostic]
      R 5  buy $ 62,784.73   sel     $69,995.00   [strat=opponent_aware_diagnostic]
      R 6  buy $ 21,915.70   sel     $67,995.00   [strat=market_expert_value_justifier] *
      R 7  buy $ 49,638.82   sel     $67,995.00   [strat=market_expert_value_justifier]
      R 8  buy $  4,862.88   sel     $64,995.00   [strat=market_expert_value_justifier]
      R 9  buy $ 41,209.39   sel     $62,995.00   [strat=market_expert_value_justifier]
      R10  buy $ 48,776.37   sel     $59,995.00   [strat=market_expert_value_justifier]
      R11  buy $ 50,093.05   sel     $57,995.00   [strat=market_expert_value_justifier]
      R12  buy $ 49,975.22   sel     $56,995.00   [strat=reciprocal_fairness_keeper] *
      R13  buy $ 21,458.34   sel     $54,995.00   [strat=reciprocal_fairness_keeper]
      R14  buy $ 33,840.01   sel     $51,995.00   [strat=reciprocal_fairness_keeper]
      R15  buy $ 40,741.72   sel     $49,995.00   [strat=reciprocal_fairness_keeper]
      R16  buy $ 22,380.13   sel     $48,995.00   [strat=reciprocal_fairness_keeper]
   run 16 done in 8.7 min

   run 17/30 on 2014 Mercedes-Benz S550  seed=21360436
      R 1  buy $ 80,719.88   sel     $82,999.00   [strat=opponent_aware_diagnostic] *
      R 2  buy $ 69,034.02   sel     $81,999.00   [strat=opponent_aware_diagnostic]
      R 3  buy $ 16,041.78   sel     $79,999.00   [strat=opponent_aware_diagnostic]
      R 4  buy $ 11,074.60   sel     $79,999.00   [strat=opponent_aware_diagnostic]
      R 5  buy $ 65,157.67   sel     $74,999.00   [strat=opponent_aware_diagnostic]
      R 6  buy $  9,798.73   sel     $74,999.00   [strat=market_expert_value_justifier] *
      R 7  buy $ 36,996.73   sel     $69,999.00   [strat=market_expert_value_justifier]
      R 8  buy $ 20,501.94   sel     $44,999.00   [strat=market_expert_value_justifier]
      R 9  buy $ 14,822.17   sel     $42,999.00   [strat=market_expert_value_justifier]
      R10  buy $ 38,194.60   sel     $40,600.00   [strat=market_expert_value_justifier]
      R11  buy $ 18,257.44   sel     $39,000.00   [strat=market_expert_value_justifier]
      R12  buy $ 27,186.57   sel     $34,999.00   [strat=reciprocal_fairness_keeper] *
      R13  buy $  3,406.91   sel     $34,999.00   [strat=reciprocal_fairness_keeper]
      R14  buy $ 10,284.67   sel     $34,999.00   [strat=reciprocal_fairness_keeper]
      R15  buy $ 28,511.60   sel     $31,999.00   [strat=reciprocal_fairness_keeper]
      R16  buy $    639.09   sel     $34,999.00   [strat=reciprocal_fairness_keeper]
   run 17 done in 9.1 min

   run 18/30 on 2014 Mercedes-Benz S550  seed=21360437
      R 1  buy $ 30,552.64   sel     $37,500.00   [strat=opponent_aware_diagnostic] *
      R 2  buy $ 28,920.53   sel     $37,500.00   [strat=opponent_aware_diagnostic]
      R 3  buy $ 20,536.31   sel     $35,000.00   [strat=opponent_aware_diagnostic]
      R 4  buy $ 12,801.68   sel     $32,500.00   [strat=opponent_aware_diagnostic]
      R 5  buy $  3,950.38   sel     $32,000.00   [strat=opponent_aware_diagnostic]
      R 6  buy $  5,424.46   sel     $32,000.00   [strat=market_expert_value_justifier] *
      R 7  buy $ 13,569.55   sel     $32,000.00   [strat=market_expert_value_justifier]
      R 8  buy $  1,971.74   sel     $32,000.00   [strat=market_expert_value_justifier]
      R 9  buy $  7,532.97   sel     $32,000.00   [strat=market_expert_value_justifier]
      R10  buy $ 30,205.42   sel     $31,000.00   [strat=market_expert_value_justifier]
      R11  buy $ 26,146.11   sel     $30,000.00   [strat=market_expert_value_justifier]
      R12  buy $ 20,019.68   sel     $29,500.00   [strat=reciprocal_fairness_keeper] *
      R13  buy $ 21,226.78   sel     $28,500.00   [strat=reciprocal_fairness_keeper]
      R14  buy $  5,495.92   sel     $28,000.00   [strat=reciprocal_fairness_keeper]
      R15  buy $     93.99   sel     $27,500.00   [strat=reciprocal_fairness_keeper]
      R16  buy $ 10,781.17   sel     PARSE-FAIL   [strat=reciprocal_fairness_keeper]
   run 18 done in 5.7 min

   run 19/30 on 2014 Mercedes-Benz S550  seed=21360438
      R 1  buy $ 60,445.12   sel     $89,500.00   [strat=opponent_aware_diagnostic] *
      R 2  buy $ 66,616.32   sel     $85,000.00   [strat=opponent_aware_diagnostic]
      R 3  buy $ 61,667.25   sel     $82,000.00   [strat=opponent_aware_diagnostic]
      R 4  buy $ 15,049.19   sel     $80,500.00   [strat=opponent_aware_diagnostic]
      R 5  buy $ 65,021.09   sel     $79,500.00   [strat=opponent_aware_diagnostic]
      R 6  buy $ 39,645.02   sel     $78,000.00   [strat=market_expert_value_justifier] *
      R 7  buy $ 45,494.15   sel     $77,500.00   [strat=market_expert_value_justifier]
      R 8  buy $ 53,570.35   sel     $75,500.00   [strat=market_expert_value_justifier]
      R 9  buy $  3,896.51   sel     $76,500.00   [strat=market_expert_value_justifier]
      R10  buy $ 74,568.87   sel     $75,500.00   [strat=market_expert_value_justifier]
      R11  buy $ 24,330.29   sel     $74,500.00   [strat=market_expert_value_justifier]
      R12  buy $ 21,439.99   sel     $74,000.00   [strat=reciprocal_fairness_keeper] *
      R13  buy $ 62,020.49   sel     $72,500.00   [strat=reciprocal_fairness_keeper]
      R14  buy $ 29,841.84   sel     $73,000.00   [strat=reciprocal_fairness_keeper]
      R15  buy $ 58,427.28   sel     $71,500.00   [strat=reciprocal_fairness_keeper]
      R16  buy $ 34,879.88   sel     $72,000.00   [strat=reciprocal_fairness_keeper]
   run 19 done in 7.5 min

   run 20/30 on 2014 Mercedes-Benz S550  seed=21360439
      R 1  buy $  6,411.31   sel     $34,900.00   [strat=opponent_aware_diagnostic] *
      R 2  buy $  9,792.61   sel     $32,500.00   [strat=opponent_aware_diagnostic]
      R 3  buy $  9,947.51   sel     $31,500.00   [strat=opponent_aware_diagnostic]
      R 4  buy $    861.76   sel     $30,000.00   [strat=opponent_aware_diagnostic]
      R 5  buy $ 24,488.30   sel     $28,500.00   [strat=opponent_aware_diagnostic]
      R 6  buy $ 26,069.13   sel     $27,500.00   [strat=market_expert_value_justifier] *
      R 7  buy $ 18,279.40   sel     $26,500.00   [strat=market_expert_value_justifier]
      R 8  buy $ 15,381.48   sel     $25,500.00   [strat=market_expert_value_justifier]
      R 9  buy $  8,631.62   sel     $24,500.00   [strat=market_expert_value_justifier]
      R10  buy $  3,065.15   sel     $23,900.00   [strat=market_expert_value_justifier]
      R11  buy $    565.82   sel     $23,000.00   [strat=market_expert_value_justifier]
      R12  buy $ 20,805.39   sel     $21,500.00   [strat=reciprocal_fairness_keeper] *
      R13  buy $  9,760.13   sel     $21,000.00   [strat=reciprocal_fairness_keeper]
      R14  buy $ 11,006.97   sel     $20,500.00   [strat=reciprocal_fairness_keeper]
      R15  buy $ 17,977.91   sel     $20,000.00   [strat=reciprocal_fairness_keeper]
      R16  buy $  8,784.50   sel     $19,500.00   [strat=reciprocal_fairness_keeper]
   run 20 done in 6.7 min

   run 21/30 on 2014 Mercedes-Benz S550  seed=21360440
      R 1  buy $  5,769.68   sel     $47,500.00   [strat=opponent_aware_diagnostic] *
      R 2  buy $ 35,234.29   sel     $44,000.00   [strat=opponent_aware_diagnostic]
      R 3  buy $ 42,006.96   sel     $43,500.00   [strat=opponent_aware_diagnostic]
      R 4  buy $ 19,540.14   sel     $42,500.00   [strat=opponent_aware_diagnostic]
      R 5  buy $ 42,227.73   sel     $42,800.00   [strat=opponent_aware_diagnostic]
      R 6  buy $  4,881.13   sel     $42,500.00   [strat=market_expert_value_justifier] *
      R 7  buy $ 21,528.67   sel     $42,500.00   [strat=market_expert_value_justifier]
      R 8  buy $    283.04   sel     $42,000.00   [strat=market_expert_value_justifier]
      R 9  buy $ 17,223.69   sel     $42,000.00   [strat=market_expert_value_justifier]
      R10  buy $ 15,930.43   sel     $42,000.00   [strat=market_expert_value_justifier]
      R11  buy $ 30,639.07   sel     $41,500.00   [strat=market_expert_value_justifier]
      R12  buy $ 23,772.36   sel     $41,500.00   [strat=reciprocal_fairness_keeper] *
      R13  buy $ 34,799.52   sel     $40,000.00   [strat=reciprocal_fairness_keeper]
      R14  buy $ 37,772.35   sel     $38,500.00   [strat=reciprocal_fairness_keeper]
      R15  buy $ 37,957.83   sel     $38,200.00   [strat=reciprocal_fairness_keeper]
      R16  buy $  2,730.25   sel     $38,200.00   [strat=reciprocal_fairness_keeper]
   run 21 done in 6.9 min

   run 22/30 on 2014 Mercedes-Benz S550  seed=21360441
      R 1  buy $ 42,580.10   sel     $48,500.00   [strat=opponent_aware_diagnostic] *
      R 2  buy $  7,362.82   sel     $48,500.00   [strat=opponent_aware_diagnostic]
      R 3  buy $ 16,817.61   sel     $44,500.00   [strat=opponent_aware_diagnostic]
      R 4  buy $ 19,737.54   sel     $42,000.00   [strat=opponent_aware_diagnostic]
      R 5  buy $    383.32   sel     $42,000.00   [strat=opponent_aware_diagnostic]
      R 6  buy $ 41,378.02   sel     $41,900.00   [strat=market_expert_value_justifier] *
      R 7  buy $ 14,178.36   sel     $41,500.00   [strat=market_expert_value_justifier]
      R 8  buy $  5,437.24   sel     $41,500.00   [strat=market_expert_value_justifier]
      R 9  buy $ 40,047.05   sel     $40,500.00   [strat=market_expert_value_justifier]
      R10  buy $ 16,480.73   sel     $40,500.00   [strat=market_expert_value_justifier]
      R11  buy $ 12,903.61   sel     $40,000.00   [strat=market_expert_value_justifier]
      R12  buy $ 15,970.26   sel     $40,000.00   [strat=reciprocal_fairness_keeper] *
      R13  buy $ 16,843.28   sel     $40,000.00   [strat=reciprocal_fairness_keeper]
      R14  buy $ 21,740.80   sel     $39,500.00   [strat=reciprocal_fairness_keeper]
      R15  buy $    551.93   sel     $40,000.00   [strat=reciprocal_fairness_keeper]
      R16  buy $ 31,031.90   sel     $38,000.00   [strat=reciprocal_fairness_keeper]
   run 22 done in 6.2 min

   run 23/30 on 2014 Mercedes-Benz S550  seed=21360442
      R 1  buy $ 89,291.29   sel     $94,000.00   [strat=opponent_aware_diagnostic] *
      R 2  buy $ 42,037.13   sel     $92,500.00   [strat=opponent_aware_diagnostic]
      R 3  buy $ 54,703.82   sel     $90,000.00   [strat=opponent_aware_diagnostic]
      R 4  buy $ 71,577.08   sel     $87,500.00   [strat=opponent_aware_diagnostic]
      R 5  buy $ 60,804.99   sel     $84,500.00   [strat=opponent_aware_diagnostic]
      R 6  buy $ 58,658.22   sel     $83,000.00   [strat=market_expert_value_justifier] *
      R 7  buy $ 45,992.70   sel     $82,500.00   [strat=market_expert_value_justifier]
      R 8  buy $ 37,715.90   sel     $80,000.00   [strat=market_expert_value_justifier]
      R 9  buy $ 22,225.03   sel     $79,000.00   [strat=market_expert_value_justifier]
      R10  buy $ 14,167.38   sel     $79,000.00   [strat=market_expert_value_justifier]
      R11  buy $ 64,218.61   sel     $78,000.00   [strat=market_expert_value_justifier]
      R12  buy $ 34,057.84   sel     $77,500.00   [strat=reciprocal_fairness_keeper] *
      R13  buy $ 27,301.15   sel     $77,500.00   [strat=reciprocal_fairness_keeper]
      R14  buy $ 61,468.65   sel     $75,000.00   [strat=reciprocal_fairness_keeper]
      R15  buy $ 74,386.46   sel     $74,386.46   [strat=reciprocal_fairness_keeper]
      R16  buy $ 36,491.17   sel     $74,386.46   [strat=reciprocal_fairness_keeper]
   run 23 done in 8.5 min

   run 24/30 on 2014 Mercedes-Benz S550  seed=21360443
      R 1  buy $ 56,964.21   sel     $74,995.00   [strat=opponent_aware_diagnostic] *
      R 2  buy $ 36,834.73   sel     $69,500.00   [strat=opponent_aware_diagnostic]
      R 3  buy $ 49,031.77   sel     $67,900.00   [strat=opponent_aware_diagnostic]
      R 4  buy $ 64,467.84   sel     $66,500.00   [strat=opponent_aware_diagnostic]
      R 5  buy $ 51,610.64   sel     $65,900.00   [strat=opponent_aware_diagnostic]
      R 6  buy $ 39,012.54   sel     $64,800.00   [strat=market_expert_value_justifier] *
      R 7  buy $ 32,481.92   sel     $64,500.00   [strat=market_expert_value_justifier]
      R 8  buy $ 12,888.21   sel     $64,000.00   [strat=market_expert_value_justifier]
      R 9  buy $ 15,050.91   sel     $63,500.00   [strat=market_expert_value_justifier]
      R10  buy $ 23,117.75   sel     $62,000.00   [strat=market_expert_value_justifier]
      R11  buy $ 39,256.10   sel     $61,000.00   [strat=market_expert_value_justifier]
      R12  buy $ 20,936.23   sel     $61,000.00   [strat=reciprocal_fairness_keeper] *
      R13  buy $ 58,482.90   sel     $59,500.00   [strat=reciprocal_fairness_keeper]
      R14  buy $ 43,744.95   sel     $59,000.00   [strat=reciprocal_fairness_keeper]
      R15  buy $ 38,394.39   sel     $58,500.00   [strat=reciprocal_fairness_keeper]
      R16  buy $ 43,904.55   sel     $58,000.00   [strat=reciprocal_fairness_keeper]
   run 24 done in 7.7 min

   run 25/30 on 2014 Mercedes-Benz S550  seed=21360444
      R 1  buy $ 11,267.60   sel     $24,995.00   [strat=opponent_aware_diagnostic] *
      R 2  buy $  9,028.46   sel     $24,500.00   [strat=opponent_aware_diagnostic]
      R 3  buy $ 24,187.02   sel     $24,300.00   [strat=opponent_aware_diagnostic]
      R 4  buy $  5,396.35   sel     $24,300.00   [strat=opponent_aware_diagnostic]
      R 5  buy $ 16,200.76   sel     $23,500.00   [strat=opponent_aware_diagnostic]
      R 6  buy $ 12,107.17   sel     $22,500.00   [strat=market_expert_value_justifier] *
      R 7  buy $ 21,051.39   sel     $21,800.00   [strat=market_expert_value_justifier]
      R 8  buy $ 16,176.56   sel     $21,800.00   [strat=market_expert_value_justifier]
      R 9  buy $ 18,489.37   sel     $20,500.00   [strat=market_expert_value_justifier]
      R10  buy $ 16,937.44   sel     $20,000.00   [strat=market_expert_value_justifier]
      R11  buy $  7,116.53   sel     $20,000.00   [strat=market_expert_value_justifier]
      R12  buy $  1,156.52   sel     $20,000.00   [strat=reciprocal_fairness_keeper] *
      R13  buy $ 10,759.88   sel     $20,000.00   [strat=reciprocal_fairness_keeper]
      R14  buy $  5,205.60   sel     $20,000.00   [strat=reciprocal_fairness_keeper]
      R15  buy $  7,821.00   sel     $20,000.00   [strat=reciprocal_fairness_keeper]
      R16  buy $  4,393.85   sel     $20,000.00   [strat=reciprocal_fairness_keeper]
   run 25 done in 7.2 min

   run 26/30 on 2014 Mercedes-Benz S550  seed=21360445
      R 1  buy $ 91,865.91   sel     $97,500.00   [strat=opponent_aware_diagnostic] *
      R 2  buy $ 62,294.81   sel     $92,000.00   [strat=opponent_aware_diagnostic]
      R 3  buy $ 86,750.15   sel     $90,000.00   [strat=opponent_aware_diagnostic]
      R 4  buy $ 78,780.40   sel     $86,000.00   [strat=opponent_aware_diagnostic]
      R 5  buy $ 49,789.16   sel     $75,000.00   [strat=opponent_aware_diagnostic]
      R 6  buy $ 45,658.42   sel     $72,000.00   [strat=market_expert_value_justifier] *
      R 7  buy $ 53,973.17   sel     $70,000.00   [strat=market_expert_value_justifier]
      R 8  buy $ 31,483.59   sel     $70,000.00   [strat=market_expert_value_justifier]
      R 9  buy $ 53,427.68   sel     $70,000.00   [strat=market_expert_value_justifier]
      R10  buy $ 56,929.23   sel     $70,000.00   [strat=market_expert_value_justifier]
      R11  buy $ 15,308.97   sel     $70,000.00   [strat=market_expert_value_justifier]
      R12  buy $ 61,133.73   sel     $68,000.00   [strat=reciprocal_fairness_keeper] *
      R13  buy $ 51,603.08   sel     $67,000.00   [strat=reciprocal_fairness_keeper]
      R14  buy $ 35,338.61   sel     $66,000.00   [strat=reciprocal_fairness_keeper]
      R15  buy $ 32,501.77   sel     $65,000.00   [strat=reciprocal_fairness_keeper]
      R16  buy $ 44,813.64   sel     $63,000.00   [strat=reciprocal_fairness_keeper]
   run 26 done in 6.2 min

   run 27/30 on 2014 Mercedes-Benz S550  seed=21360446
      R 1  buy $ 64,934.13   sel     $79,995.00   [strat=opponent_aware_diagnostic] *
      R 2  buy $ 38,741.67   sel     $77,995.00   [strat=opponent_aware_diagnostic]
      R 3  buy $ 61,645.02   sel     $76,500.00   [strat=opponent_aware_diagnostic]
      R 4  buy $ 65,359.11   sel     $75,000.00   [strat=opponent_aware_diagnostic]
      R 5  buy $ 49,005.96   sel     $74,000.00   [strat=opponent_aware_diagnostic]
      R 6  buy $ 16,595.29   sel     $73,000.00   [strat=market_expert_value_justifier] *
      R 7  buy $ 61,094.54   sel     $72,000.00   [strat=market_expert_value_justifier]
      R 8  buy $ 25,226.48   sel     $71,000.00   [strat=market_expert_value_justifier]
      R 9  buy $ 10,314.23   sel     $71,000.00   [strat=market_expert_value_justifier]
      R10  buy $ 57,851.48   sel     $69,000.00   [strat=market_expert_value_justifier]
      R11  buy $  5,510.49   sel     $68,000.00   [strat=market_expert_value_justifier]
      R12  buy $ 39,708.67   sel     $67,000.00   [strat=reciprocal_fairness_keeper] *
      R13  buy $ 18,041.21   sel     $66,000.00   [strat=reciprocal_fairness_keeper]
      R14  buy $ 40,146.00   sel     $65,000.00   [strat=reciprocal_fairness_keeper]
      R15  buy $ 36,691.73   sel     $64,000.00   [strat=reciprocal_fairness_keeper]
      R16  buy $ 32,210.21   sel     $63,500.00   [strat=reciprocal_fairness_keeper]
   run 27 done in 6.4 min

   run 28/30 on 2014 Mercedes-Benz S550  seed=21360447
      R 1  buy $ 85,337.29   sel     $94,500.00   [strat=opponent_aware_diagnostic] *
      R 2  buy $ 36,804.97   sel     $91,500.00   [strat=opponent_aware_diagnostic]
      R 3  buy $ 51,488.08   sel     $89,000.00   [strat=opponent_aware_diagnostic]
      R 4  buy $ 70,630.32   sel     $86,500.00   [strat=opponent_aware_diagnostic]
      R 5  buy $  3,335.59   sel     $79,500.00   [strat=opponent_aware_diagnostic]
      R 6  buy $ 57,810.58   sel     $75,000.00   [strat=market_expert_value_justifier] *
      R 7  buy $ 37,330.89   sel     $72,000.00   [strat=market_expert_value_justifier]
      R 8  buy $  5,642.15   sel     $69,500.00   [strat=market_expert_value_justifier]
      R 9  buy $ 53,084.50   sel     $67,000.00   [strat=market_expert_value_justifier]
      R10  buy $ 54,925.06   sel     $65,000.00   [strat=market_expert_value_justifier]
      R11  buy $ 60,646.11   sel     $63,500.00   [strat=market_expert_value_justifier]
      R12  buy $ 45,939.05   sel     $62,000.00   [strat=reciprocal_fairness_keeper] *
      R13  buy $ 27,009.17   sel     $61,000.00   [strat=reciprocal_fairness_keeper]
      R14  buy $ 39,802.28   sel     $60,000.00   [strat=reciprocal_fairness_keeper]
      R15  buy $  8,129.28   sel     $59,500.00   [strat=reciprocal_fairness_keeper]
      R16  buy $ 36,309.93   sel     $59,000.00   [strat=reciprocal_fairness_keeper]
   run 28 done in 9.6 min

   run 29/30 on 2014 Mercedes-Benz S550  seed=21360448
      R 1  buy $ 71,845.59   sel     $89,500.00   [strat=opponent_aware_diagnostic] *
      R 2  buy $ 74,576.44   sel     $86,000.00   [strat=opponent_aware_diagnostic]
      R 3  buy $  4,137.03   sel     $85,000.00   [strat=opponent_aware_diagnostic]
      R 4  buy $ 82,589.81   sel     $84,500.00   [strat=opponent_aware_diagnostic]
      R 5  buy $  6,424.08   sel     $84,500.00   [strat=opponent_aware_diagnostic]
      R 6  buy $ 52,502.55   sel     $83,500.00   [strat=market_expert_value_justifier] *
      R 7  buy $ 52,600.60   sel     $83,000.00   [strat=market_expert_value_justifier]
      R 8  buy $ 71,966.03   sel     $81,500.00   [strat=market_expert_value_justifier]
      R 9  buy $ 67,569.01   sel     $80,000.00   [strat=market_expert_value_justifier]
      R10  buy $ 17,833.73   sel     $80,000.00   [strat=market_expert_value_justifier]
      R11  buy $ 34,773.85   sel     $79,000.00   [strat=market_expert_value_justifier]
      R12  buy $ 27,408.77   sel     $78,500.00   [strat=reciprocal_fairness_keeper] *
      R13  buy $ 42,448.86   sel     $78,000.00   [strat=reciprocal_fairness_keeper]
      R14  buy $ 53,096.63   sel     $77,500.00   [strat=reciprocal_fairness_keeper]
      R15  buy $ 75,339.46   sel     $77,000.00   [strat=reciprocal_fairness_keeper]
      R16  buy $ 72,036.38   sel     $76,500.00   [strat=reciprocal_fairness_keeper]
   run 29 done in 7.8 min

   run 30/30 on 2014 Mercedes-Benz S550  seed=21360449
      R 1  buy $ 87,018.48   sel     $94,500.00   [strat=opponent_aware_diagnostic] *
      R 2  buy $ 70,431.32   sel     $89,000.00   [strat=opponent_aware_diagnostic]
      R 3  buy $ 13,725.40   sel     $85,000.00   [strat=opponent_aware_diagnostic]
      R 4  buy $ 66,278.24   sel     $82,500.00   [strat=opponent_aware_diagnostic]
      R 5  buy $ 19,561.37   sel     $75,000.00   [strat=opponent_aware_diagnostic]
      R 6  buy $ 59,039.55   sel     $72,500.00   [strat=market_expert_value_justifier] *
      R 7  buy $ 63,652.23   sel     $68,000.00   [strat=market_expert_value_justifier]
      R 8  buy $ 15,039.89   sel     $65,000.00   [strat=market_expert_value_justifier]
      R 9  buy $ 54,658.17   sel     $62,500.00   [strat=market_expert_value_justifier]
      R10  buy $ 62,475.85   sel     $62,475.85   [strat=market_expert_value_justifier]
      R11  buy $ 15,068.46   sel     $60,000.00   [strat=market_expert_value_justifier]
      R12  buy $  1,767.68   sel     $55,000.00   [strat=reciprocal_fairness_keeper] *
      R13  buy $ 50,057.29   sel     $52,500.00   [strat=reciprocal_fairness_keeper]
      R14  buy $ 34,462.93   sel     $48,000.00   [strat=reciprocal_fairness_keeper]
      R15  buy $  4,245.94   sel     $45,000.00   [strat=reciprocal_fairness_keeper]
      R16  buy $ 20,272.31   sel     $42,500.00   [strat=reciprocal_fairness_keeper]
   run 30 done in 6.3 min

   ---> checkpoint: car 1/5 done in 227.5 min; total so far 227.5 min; saved 30 runs to exp11_transitionB_rep3.json

--- CAR 2/5: 2016 Cadillac CTS 3.6 Luxury  (M=$45,000.00  cost=$15,750.00  cost/M=35.00%) ---

   run 1/30 on 2016 Cadillac CTS 3.6 Luxury  seed=21361420
      R 1  buy $  2,617.03   sel     $34,500.00   [strat=opponent_aware_diagnostic] *
      R 2  buy $  4,800.30   sel     $28,500.00   [strat=opponent_aware_diagnostic]
      R 3  buy $  9,458.41   sel     $24,500.00   [strat=opponent_aware_diagnostic]
      R 4  buy $  4,941.51   sel     $22,500.00   [strat=opponent_aware_diagnostic]
      R 5  buy $ 14,112.55   sel     $20,500.00   [strat=opponent_aware_diagnostic]
      R 6  buy $  1,376.11   sel     $19,500.00   [strat=market_expert_value_justifier] *
      R 7  buy $  6,648.70   sel     $18,500.00   [strat=market_expert_value_justifier]
      R 8  buy $ 14,485.82   sel     $17,500.00   [strat=market_expert_value_justifier]
      R 9  buy $ 15,047.55   sel     $17,000.00   [strat=market_expert_value_justifier]
      R10  buy $  1,602.15   sel     $17,000.00   [strat=market_expert_value_justifier]
      R11  buy $    741.76   sel     $17,000.00   [strat=market_expert_value_justifier]
      R12  buy $ 12,465.37   sel     $17,000.00   [strat=reciprocal_fairness_keeper] *
      R13  buy $  9,415.39   sel     $17,000.00   [strat=reciprocal_fairness_keeper]
      R14  buy $  6,383.00   sel     $17,000.00   [strat=reciprocal_fairness_keeper]
      R15  buy $ 12,510.29   sel     $17,000.00   [strat=reciprocal_fairness_keeper]
      R16  buy $  9,338.49   sel     $17,000.00   [strat=reciprocal_fairness_keeper]
   run 1 done in 8.4 min

   run 2/30 on 2016 Cadillac CTS 3.6 Luxury  seed=21361421
      R 1  buy $  7,302.99   sel     $41,500.00   [strat=opponent_aware_diagnostic] *
      R 2  buy $  3,408.31   sel     $41,500.00   [strat=opponent_aware_diagnostic]
      R 3  buy $ 39,955.66   sel     $40,995.00   [strat=opponent_aware_diagnostic]
      R 4  buy $ 19,303.26   sel     $40,995.00   [strat=opponent_aware_diagnostic]
      R 5  buy $  8,710.01   sel     $39,955.66   [strat=opponent_aware_diagnostic]
      R 6  buy $  3,087.98   sel     $39,955.66   [strat=market_expert_value_justifier] *
      R 7  buy $ 18,004.16   sel     $39,955.66   [strat=market_expert_value_justifier]
      R 8  buy $  4,233.65   sel     $39,955.66   [strat=market_expert_value_justifier]
      R 9  buy $  1,558.12   sel     $39,955.66   [strat=market_expert_value_justifier]
      R10  buy $ 10,145.12   sel     $39,955.66   [strat=market_expert_value_justifier]
      R11  buy $ 32,544.58   sel     $38,500.00   [strat=market_expert_value_justifier]
      R12  buy $ 29,231.26   sel     $36,500.00   [strat=reciprocal_fairness_keeper] *
      R13  buy $ 20,062.12   sel     $35,000.00   [strat=reciprocal_fairness_keeper]
      R14  buy $ 23,958.88   sel     $32,000.00   [strat=reciprocal_fairness_keeper]
      R15  buy $ 24,198.70   sel     $32,000.00   [strat=reciprocal_fairness_keeper]
      R16  buy $ 20,906.87   sel     $32,000.00   [strat=reciprocal_fairness_keeper]
   run 2 done in 7.2 min

   run 3/30 on 2016 Cadillac CTS 3.6 Luxury  seed=21361422
      R 1  buy $  4,595.96   sel     $39,999.00   [strat=opponent_aware_diagnostic] *
      R 2  buy $ 28,638.09   sel     $34,999.00   [strat=opponent_aware_diagnostic]
      R 3  buy $ 19,589.98   sel     $29,999.00   [strat=opponent_aware_diagnostic]
      R 4  buy $ 21,264.63   sel     $27,999.00   [strat=opponent_aware_diagnostic]
      R 5  buy $  3,784.37   sel     $25,999.00   [strat=opponent_aware_diagnostic]
      R 6  buy $ 24,933.38   sel     $25,499.00   [strat=market_expert_value_justifier] *
      R 7  buy $ 16,993.09   sel     $24,499.00   [strat=market_expert_value_justifier]
      R 8  buy $ 15,700.00   sel     $24,999.00   [strat=market_expert_value_justifier]
      R 9  buy $ 21,818.70   sel     $23,999.00   [strat=market_expert_value_justifier]
      R10  buy $ 18,626.13   sel     $21,999.00   [strat=market_expert_value_justifier]
      R11  buy $ 13,321.44   sel     $20,999.00   [strat=market_expert_value_justifier]
      R12  buy $ 13,107.19   sel     $19,999.00   [strat=reciprocal_fairness_keeper] *
      R13  buy $  1,134.89   sel     $19,499.00   [strat=reciprocal_fairness_keeper]
      R14  buy $ 13,938.50   sel     $18,999.00   [strat=reciprocal_fairness_keeper]
      R15  buy $ 16,846.55   sel     $18,499.00   [strat=reciprocal_fairness_keeper]
      R16  buy $  3,677.41   sel     $17,999.00   [strat=reciprocal_fairness_keeper]
   run 3 done in 6.0 min

   run 4/30 on 2016 Cadillac CTS 3.6 Luxury  seed=21361423
      R 1  buy $ 31,701.29   sel     $33,900.00   [strat=opponent_aware_diagnostic] *
      R 2  buy $    840.95   sel     $32,500.00   [strat=opponent_aware_diagnostic]
      R 3  buy $    318.94   sel     $32,000.00   [strat=opponent_aware_diagnostic]
      R 4  buy $ 21,757.32   sel     $29,500.00   [strat=opponent_aware_diagnostic]
      R 5  buy $ 12,639.18   sel     $27,500.00   [strat=opponent_aware_diagnostic]
      R 6  buy $ 19,086.74   sel     $25,500.00   [strat=market_expert_value_justifier] *
      R 7  buy $  4,312.55   sel     $24,500.00   [strat=market_expert_value_justifier]
      R 8  buy $ 16,837.76   sel     $24,000.00   [strat=market_expert_value_justifier]
      R 9  buy $ 19,380.63   sel     $23,500.00   [strat=market_expert_value_justifier]
      R10  buy $ 17,348.44   sel     $22,000.00   [strat=market_expert_value_justifier]
      R11  buy $  6,155.85   sel     $21,500.00   [strat=market_expert_value_justifier]
      R12  buy $  6,174.85   sel     $21,000.00   [strat=reciprocal_fairness_keeper] *
      R13  buy $ 18,687.95   sel     $19,500.00   [strat=reciprocal_fairness_keeper]
      R14  buy $  9,038.59   sel     $18,000.00   [strat=reciprocal_fairness_keeper]
      R15  buy $ 12,898.14   sel     $17,500.00   [strat=reciprocal_fairness_keeper]
      R16  buy $ 15,257.31   sel     $16,500.00   [strat=reciprocal_fairness_keeper]
   run 4 done in 5.9 min

   run 5/30 on 2016 Cadillac CTS 3.6 Luxury  seed=21361424
      R 1  buy $ 31,941.06   sel     $38,500.00   [strat=opponent_aware_diagnostic] *
      R 2  buy $ 18,435.91   sel     $36,250.00   [strat=opponent_aware_diagnostic]
      R 3  buy $ 16,630.27   sel     $34,500.00   [strat=opponent_aware_diagnostic]
      R 4  buy $    355.07   sel     $34,000.00   [strat=opponent_aware_diagnostic]
      R 5  buy $ 15,380.94   sel     $32,500.00   [strat=opponent_aware_diagnostic]
      R 6  buy $  7,764.02   sel     $31,500.00   [strat=market_expert_value_justifier] *
      R 7  buy $ 22,573.77   sel     $30,000.00   [strat=market_expert_value_justifier]
      R 8  buy $ 11,980.64   sel     $29,750.00   [strat=market_expert_value_justifier]
      R 9  buy $ 22,726.75   sel     $27,500.00   [strat=market_expert_value_justifier]
      R10  buy $ 13,351.90   sel     $25,000.00   [strat=market_expert_value_justifier]
      R11  buy $  7,414.78   sel     $24,500.00   [strat=market_expert_value_justifier]
      R12  buy $ 19,068.05   sel     $22,500.00   [strat=reciprocal_fairness_keeper] *
      R13  buy $  5,496.66   sel     $22,000.00   [strat=reciprocal_fairness_keeper]
      R14  buy $ 21,204.31   sel     $21,500.00   [strat=reciprocal_fairness_keeper]
      R15  buy $ 19,378.24   sel     $20,000.00   [strat=reciprocal_fairness_keeper]
      R16  buy $ 14,775.29   sel     $18,500.00   [strat=reciprocal_fairness_keeper]
   run 5 done in 7.1 min

   run 6/30 on 2016 Cadillac CTS 3.6 Luxury  seed=21361425
      R 1  buy $  8,949.35   sel     $18,499.00   [strat=opponent_aware_diagnostic] *
      R 2  buy $    324.99   sel     $18,499.00   [strat=opponent_aware_diagnostic]
      R 3  buy $ 15,269.57   sel     $17,599.00   [strat=opponent_aware_diagnostic]
      R 4  buy $  3,284.30   sel     $16,999.00   [strat=opponent_aware_diagnostic]
      R 5  buy $ 14,452.33   sel     $16,499.00   [strat=opponent_aware_diagnostic]
      R 6  buy $ 14,137.06   sel     $15,999.00   [strat=market_expert_value_justifier] *
      R 7  buy $ 14,342.84   sel     $15,999.00   [strat=market_expert_value_justifier]
      R 8  buy $ 12,288.67   sel     $15,999.00   [strat=market_expert_value_justifier]
      R 9  buy $ 14,252.73   sel     $15,999.00   [strat=market_expert_value_justifier]
      R10  buy $ 12,384.45   sel     $15,899.00   [strat=market_expert_value_justifier]
      R11  buy $  3,798.81   sel     $15,899.00   [strat=market_expert_value_justifier]
      R12  buy $ 13,002.01   sel     $15,849.00   [strat=reciprocal_fairness_keeper] *
      R13  buy $ 14,271.07   sel     $15,799.00   [strat=reciprocal_fairness_keeper]
      R14  buy $  4,916.70   sel     $15,795.00   [strat=reciprocal_fairness_keeper]
      R15  buy $    224.46   sel     $15,795.00   [strat=reciprocal_fairness_keeper]
      R16  buy $    639.73   sel     $15,795.00   [strat=reciprocal_fairness_keeper]
   run 6 done in 8.9 min

   run 7/30 on 2016 Cadillac CTS 3.6 Luxury  seed=21361426
      R 1  buy $ 33,439.40   sel     $39,999.00   [strat=opponent_aware_diagnostic] *
      R 2  buy $ 19,368.05   sel     $35,999.00   [strat=opponent_aware_diagnostic]
      R 3  buy $ 33,149.80   sel     $34,500.00   [strat=opponent_aware_diagnostic]
      R 4  buy $ 34,097.63   sel     $34,097.63   [strat=opponent_aware_diagnostic]
      R 5  buy $ 29,409.91   sel     $32,500.00   [strat=opponent_aware_diagnostic]
      R 6  buy $ 11,000.27   sel     $31,500.00   [strat=market_expert_value_justifier] *
      R 7  buy $ 17,779.20   sel     $30,000.00   [strat=market_expert_value_justifier]
      R 8  buy $ 19,030.89   sel     $29,500.00   [strat=market_expert_value_justifier]
      R 9  buy $ 21,740.69   sel     $27,500.00   [strat=market_expert_value_justifier]
      R10  buy $ 23,479.46   sel     $27,500.00   [strat=market_expert_value_justifier]
      R11  buy $  1,993.73   sel     $25,000.00   [strat=market_expert_value_justifier]
      R12  buy $  7,900.31   sel     $25,000.00   [strat=reciprocal_fairness_keeper] *
      R13  buy $  5,280.83   sel     $25,000.00   [strat=reciprocal_fairness_keeper]
      R14  buy $  4,646.83   sel     $24,500.00   [strat=reciprocal_fairness_keeper]
      R15  buy $ 12,134.63   sel     $23,500.00   [strat=reciprocal_fairness_keeper]
      R16  buy $ 21,360.85   sel     $22,500.00   [strat=reciprocal_fairness_keeper]
   run 7 done in 6.5 min

   run 8/30 on 2016 Cadillac CTS 3.6 Luxury  seed=21361427
      R 1  buy $ 17,680.08   sel     $19,995.00   [strat=opponent_aware_diagnostic] *
      R 2  buy $ 14,210.63   sel     $19,750.00   [strat=opponent_aware_diagnostic]
      R 3  buy $  6,379.37   sel     $19,500.00   [strat=opponent_aware_diagnostic]
      R 4  buy $ 17,536.65   sel     $18,500.00   [strat=opponent_aware_diagnostic]
      R 5  buy $ 12,976.66   sel     $18,000.00   [strat=opponent_aware_diagnostic]
      R 6  buy $  4,935.59   sel     $17,995.00   [strat=market_expert_value_justifier] *
      R 7  buy $  5,419.10   sel     $17,995.00   [strat=market_expert_value_justifier]
      R 8  buy $  8,174.84   sel     $17,995.00   [strat=market_expert_value_justifier]
      R 9  buy $  3,557.01   sel     $17,995.00   [strat=market_expert_value_justifier]
      R10  buy $ 11,856.00   sel     $17,500.00   [strat=market_expert_value_justifier]
      R11  buy $  8,308.90   sel     $17,000.00   [strat=market_expert_value_justifier]
      R12  buy $  1,974.51   sel     $16,500.00   [strat=reciprocal_fairness_keeper] *
      R13  buy $  2,440.71   sel     $16,500.00   [strat=reciprocal_fairness_keeper]
      R14  buy $ 14,400.08   sel     $16,000.00   [strat=reciprocal_fairness_keeper]
      R15  buy $  2,057.40   sel     $15,950.00   [strat=reciprocal_fairness_keeper]
      R16  buy $ 15,644.64   sel     $15,800.00   [strat=reciprocal_fairness_keeper]
   run 8 done in 7.3 min

   run 9/30 on 2016 Cadillac CTS 3.6 Luxury  seed=21361428
      R 1  buy $ 33,627.75   sel     $38,995.00   [strat=opponent_aware_diagnostic] *
      R 2  buy $ 27,323.81   sel     $37,500.00   [strat=opponent_aware_diagnostic]
      R 3  buy $ 12,429.18   sel     $36,500.00   [strat=opponent_aware_diagnostic]
      R 4  buy $ 20,538.11   sel     $32,000.00   [strat=opponent_aware_diagnostic]
      R 5  buy $  3,254.98   sel     $31,500.00   [strat=opponent_aware_diagnostic]
      R 6  buy $ 20,686.10   sel     $28,500.00   [strat=market_expert_value_justifier] *
      R 7  buy $ 17,786.31   sel     $26,500.00   [strat=market_expert_value_justifier]
      R 8  buy $ 21,425.85   sel     $24,500.00   [strat=market_expert_value_justifier]
      R 9  buy $ 10,659.44   sel     $23,000.00   [strat=market_expert_value_justifier]
      R10  buy $  8,660.79   sel     $22,000.00   [strat=market_expert_value_justifier]
      R11  buy $ 16,049.67   sel     $21,000.00   [strat=market_expert_value_justifier]
      R12  buy $ 18,619.21   sel     $19,800.00   [strat=reciprocal_fairness_keeper] *
      R13  buy $ 18,446.50   sel     $18,800.00   [strat=reciprocal_fairness_keeper]
      R14  buy $ 17,207.23   sel     $18,250.00   [strat=reciprocal_fairness_keeper]
      R15  buy $  1,876.98   sel     $18,000.00   [strat=reciprocal_fairness_keeper]
      R16  buy $  5,618.91   sel     $17,500.00   [strat=reciprocal_fairness_keeper]
   run 9 done in 6.8 min

   run 10/30 on 2016 Cadillac CTS 3.6 Luxury  seed=21361429
      R 1  buy $ 32,565.27   sel     $39,999.99   [strat=opponent_aware_diagnostic] *
      R 2  buy $ 22,857.79   sel     $38,500.00   [strat=opponent_aware_diagnostic]
      R 3  buy $ 15,514.99   sel     $37,999.99   [strat=opponent_aware_diagnostic]
      R 4  buy $ 26,406.64   sel     $36,500.00   [strat=opponent_aware_diagnostic]
      R 5  buy $ 26,254.21   sel     $35,999.00   [strat=opponent_aware_diagnostic]
      R 6  buy $ 21,221.99   sel     $35,500.00   [strat=market_expert_value_justifier] *
      R 7  buy $ 30,966.65   sel     $34,500.00   [strat=market_expert_value_justifier]
      R 8  buy $ 23,302.53   sel     $34,000.00   [strat=market_expert_value_justifier]
      R 9  buy $  3,124.86   sel     $33,500.00   [strat=market_expert_value_justifier]
      R10  buy $ 21,308.18   sel     $33,000.00   [strat=market_expert_value_justifier]
      R11  buy $ 17,300.12   sel     $32,500.00   [strat=market_expert_value_justifier]
      R12  buy $ 10,260.87   sel     $32,000.00   [strat=reciprocal_fairness_keeper] *
      R13  buy $  9,996.80   sel     $31,000.00   [strat=reciprocal_fairness_keeper]
      R14  buy $ 22,688.27   sel     $30,000.00   [strat=reciprocal_fairness_keeper]
      R15  buy $  7,918.69   sel     $29,500.00   [strat=reciprocal_fairness_keeper]
      R16  buy $ 23,159.44   sel     $28,000.00   [strat=reciprocal_fairness_keeper]
   run 10 done in 6.6 min

   run 11/30 on 2016 Cadillac CTS 3.6 Luxury  seed=21361430
      R 1  buy $ 27,603.25   sel     $28,500.00   [strat=opponent_aware_diagnostic] *
      R 2  buy $  2,346.88   sel     $27,800.00   [strat=opponent_aware_diagnostic]
      R 3  buy $ 22,967.42   sel     $27,500.00   [strat=opponent_aware_diagnostic]
      R 4  buy $ 12,273.96   sel     $26,500.00   [strat=opponent_aware_diagnostic]
      R 5  buy $ 18,923.59   sel     $25,500.00   [strat=opponent_aware_diagnostic]
      R 6  buy $  3,778.37   sel     $24,500.00   [strat=market_expert_value_justifier] *
      R 7  buy $ 17,245.35   sel     $22,500.00   [strat=market_expert_value_justifier]
      R 8  buy $  9,936.60   sel     $21,500.00   [strat=market_expert_value_justifier]
      R 9  buy $ 17,463.33   sel     $20,500.00   [strat=market_expert_value_justifier]
      R10  buy $  5,230.83   sel     $19,500.00   [strat=market_expert_value_justifier]
      R11  buy $  6,506.95   sel     $19,000.00   [strat=market_expert_value_justifier]
      R12  buy $  6,480.81   sel     $18,500.00   [strat=reciprocal_fairness_keeper] *
      R13  buy $  6,052.02   sel     $18,000.00   [strat=reciprocal_fairness_keeper]
      R14  buy $ 16,439.49   sel     $17,500.00   [strat=reciprocal_fairness_keeper]
      R15  buy $ 12,442.78   sel     $16,500.00   [strat=reciprocal_fairness_keeper]
      R16  buy $    892.89   sel     $16,500.00   [strat=reciprocal_fairness_keeper]
   run 11 done in 6.8 min

   run 12/30 on 2016 Cadillac CTS 3.6 Luxury  seed=21361431
      R 1  buy $  8,798.20   sel     $19,750.00   [strat=opponent_aware_diagnostic] *
      R 2  buy $  3,909.64   sel     $18,500.00   [strat=opponent_aware_diagnostic]
      R 3  buy $ 13,638.46   sel     $17,500.00   [strat=opponent_aware_diagnostic]
      R 4  buy $ 12,407.26   sel     $17,250.00   [strat=opponent_aware_diagnostic]
      R 5  buy $  3,774.22   sel     $16,999.00   [strat=opponent_aware_diagnostic]
      R 6  buy $  5,372.69   sel     $16,999.00   [strat=market_expert_value_justifier] *
      R 7  buy $ 10,693.12   sel     $16,999.00   [strat=market_expert_value_justifier]
      R 8  buy $ 13,076.01   sel     $16,999.00   [strat=market_expert_value_justifier]
      R 9  buy $  1,216.30   sel     $16,999.00   [strat=market_expert_value_justifier]
      R10  buy $  2,019.57   sel     $16,999.00   [strat=market_expert_value_justifier]
      R11  buy $  5,467.19   sel     $16,999.00   [strat=market_expert_value_justifier]
      R12  buy $ 10,579.29   sel     $16,999.00   [strat=reciprocal_fairness_keeper] *
      R13  buy $  6,563.14   sel     $16,999.00   [strat=reciprocal_fairness_keeper]
      R14  buy $ 12,993.30   sel     $16,499.00   [strat=reciprocal_fairness_keeper]
      R15  buy $  5,932.01   sel     $16,250.00   [strat=reciprocal_fairness_keeper]
      R16  buy $    258.98   sel     $16,250.00   [strat=reciprocal_fairness_keeper]
   run 12 done in 5.6 min

   run 13/30 on 2016 Cadillac CTS 3.6 Luxury  seed=21361432
      R 1  buy $  3,825.12   sel     $39,995.00   [strat=opponent_aware_diagnostic] *
      R 2  buy $ 35,400.83   sel     $38,500.00   [strat=opponent_aware_diagnostic]
      R 3  buy $ 24,005.93   sel     $37,800.00   [strat=opponent_aware_diagnostic]
      R 4  buy $ 13,034.79   sel     $37,500.00   [strat=opponent_aware_diagnostic]
      R 5  buy $  8,900.58   sel     $37,200.00   [strat=opponent_aware_diagnostic]
      R 6  buy $ 10,623.57   sel     $37,000.00   [strat=market_expert_value_justifier] *
      R 7  buy $ 11,311.14   sel     $37,000.00   [strat=market_expert_value_justifier]
      R 8  buy $ 20,336.80   sel     $37,000.00   [strat=market_expert_value_justifier]
      R 9  buy $ 20,183.79   sel     $37,000.00   [strat=market_expert_value_justifier]
      R10  buy $ 15,462.63   sel     $37,000.00   [strat=market_expert_value_justifier]
      R11  buy $ 26,732.45   sel     $37,000.00   [strat=market_expert_value_justifier]
      R12  buy $ 10,203.33   sel     $37,000.00   [strat=reciprocal_fairness_keeper] *
      R13  buy $ 33,721.39   sel     $35,500.00   [strat=reciprocal_fairness_keeper]
      R14  buy $ 27,558.97   sel     $35,500.00   [strat=reciprocal_fairness_keeper]
      R15  buy $ 33,380.57   sel     $35,000.00   [strat=reciprocal_fairness_keeper]
      R16  buy $    374.15   sel     $34,500.00   [strat=reciprocal_fairness_keeper]
   run 13 done in 6.9 min

   run 14/30 on 2016 Cadillac CTS 3.6 Luxury  seed=21361433
      R 1  buy $  1,258.84   sel     $27,750.00   [strat=opponent_aware_diagnostic] *
      R 2  buy $ 26,482.81   sel     $27,500.00   [strat=opponent_aware_diagnostic]
      R 3  buy $  2,649.43   sel     $27,250.00   [strat=opponent_aware_diagnostic]
      R 4  buy $ 14,720.34   sel     $26,500.00   [strat=opponent_aware_diagnostic]
      R 5  buy $  5,058.71   sel     $26,000.00   [strat=opponent_aware_diagnostic]
      R 6  buy $ 15,423.48   sel     $25,500.00   [strat=market_expert_value_justifier] *
      R 7  buy $ 15,604.41   sel     $24,999.00   [strat=market_expert_value_justifier]
      R 8  buy $ 15,261.76   sel     $24,500.00   [strat=market_expert_value_justifier]
      R 9  buy $ 24,304.36   sel     $24,400.00   [strat=market_expert_value_justifier]
      R10  buy $ 11,271.03   sel     $24,000.00   [strat=market_expert_value_justifier]
      R11  buy $    992.91   sel     $23,900.00   [strat=market_expert_value_justifier]
      R12  buy $  3,824.21   sel     $23,500.00   [strat=reciprocal_fairness_keeper] *
      R13  buy $  2,385.87   sel     $23,400.00   [strat=reciprocal_fairness_keeper]
      R14  buy $ 19,827.61   sel     $23,000.00   [strat=reciprocal_fairness_keeper]
      R15  buy $ 19,092.28   sel     $22,000.00   [strat=reciprocal_fairness_keeper]
      R16  buy $ 15,721.75   sel     $21,000.00   [strat=reciprocal_fairness_keeper]
   run 14 done in 4.9 min

   run 15/30 on 2016 Cadillac CTS 3.6 Luxury  seed=21361434
      R 1  buy $ 22,505.69   sel     $24,500.00   [strat=opponent_aware_diagnostic] *
      R 2  buy $ 15,156.42   sel     $23,800.00   [strat=opponent_aware_diagnostic]
      R 3  buy $ 20,057.98   sel     $23,500.00   [strat=opponent_aware_diagnostic]
      R 4  buy $ 10,498.62   sel     $23,000.00   [strat=opponent_aware_diagnostic]
      R 5  buy $  3,840.23   sel     $22,500.00   [strat=opponent_aware_diagnostic]
      R 6  buy $  8,322.04   sel     $22,500.00   [strat=market_expert_value_justifier] *
      R 7  buy $  9,007.92   sel     $22,500.00   [strat=market_expert_value_justifier]
      R 8  buy $ 14,166.47   sel     $22,500.00   [strat=market_expert_value_justifier]
      R 9  buy $ 20,056.14   sel     $22,000.00   [strat=market_expert_value_justifier]
      R10  buy $ 11,114.98   sel     $22,000.00   [strat=market_expert_value_justifier]
      R11  buy $ 21,529.81   sel     $21,529.81   [strat=market_expert_value_justifier]
      R12  buy $ 19,091.09   sel     $21,000.00   [strat=reciprocal_fairness_keeper] *
      R13  buy $  9,770.55   sel     $21,000.00   [strat=reciprocal_fairness_keeper]
      R14  buy $  8,498.54   sel     $20,500.00   [strat=reciprocal_fairness_keeper]
      R15  buy $  7,085.08   sel     $20,000.00   [strat=reciprocal_fairness_keeper]
      R16  buy $ 11,542.92   sel     $19,000.00   [strat=reciprocal_fairness_keeper]
   run 15 done in 5.5 min

   run 16/30 on 2016 Cadillac CTS 3.6 Luxury  seed=21361435
      R 1  buy $ 40,905.53   sel     $42,500.00   [strat=opponent_aware_diagnostic] *
      R 2  buy $  9,631.40   sel     $41,500.00   [strat=opponent_aware_diagnostic]
      R 3  buy $ 20,312.55   sel     $40,500.00   [strat=opponent_aware_diagnostic]
      R 4  buy $ 33,266.96   sel     $39,000.00   [strat=opponent_aware_diagnostic]
      R 5  buy $ 28,345.89   sel     $36,500.00   [strat=opponent_aware_diagnostic]
      R 6  buy $ 19,210.24   sel     $34,000.00   [strat=market_expert_value_justifier] *
      R 7  buy $ 21,412.76   sel     $34,000.00   [strat=market_expert_value_justifier]
      R 8  buy $ 18,317.68   sel     $34,000.00   [strat=market_expert_value_justifier]
      R 9  buy $ 29,989.47   sel     $32,500.00   [strat=market_expert_value_justifier]
      R10  buy $ 20,384.52   sel     $30,000.00   [strat=market_expert_value_justifier]
      R11  buy $  8,673.44   sel     $28,500.00   [strat=market_expert_value_justifier]
      R12  buy $    334.65   sel     $26,000.00   [strat=reciprocal_fairness_keeper] *
      R13  buy $ 14,984.24   sel     $24,500.00   [strat=reciprocal_fairness_keeper]
      R14  buy $  1,381.48   sel     $22,000.00   [strat=reciprocal_fairness_keeper]
      R15  buy $  1,872.54   sel     $20,500.00   [strat=reciprocal_fairness_keeper]
      R16  buy $  4,809.74   sel     $19,500.00   [strat=reciprocal_fairness_keeper]
   run 16 done in 8.5 min

   run 17/30 on 2016 Cadillac CTS 3.6 Luxury  seed=21361436
      R 1  buy $ 12,367.15   sel     $20,000.00   [strat=opponent_aware_diagnostic] *
      R 2  buy $ 16,572.74   sel     $19,500.00   [strat=opponent_aware_diagnostic]
      R 3  buy $  6,789.10   sel     $19,250.00   [strat=opponent_aware_diagnostic]
      R 4  buy $ 15,021.11   sel     $18,750.00   [strat=opponent_aware_diagnostic]
      R 5  buy $ 17,784.91   sel     $18,250.00   [strat=opponent_aware_diagnostic]
      R 6  buy $ 11,996.93   sel     $18,250.00   [strat=market_expert_value_justifier] *
      R 7  buy $    232.64   sel     $18,250.00   [strat=market_expert_value_justifier]
      R 8  buy $  5,952.16   sel     $18,000.00   [strat=market_expert_value_justifier]
      R 9  buy $ 17,960.51   sel     $17,960.51   [strat=market_expert_value_justifier]
      R10  buy $ 17,857.64   sel     $17,960.51   [strat=market_expert_value_justifier]
      R11  buy $  3,568.37   sel     $17,960.51   [strat=market_expert_value_justifier]
      R12  buy $  9,454.61   sel     $17,960.51   [strat=reciprocal_fairness_keeper] *
      R13  buy $  7,842.99   sel     $17,960.51   [strat=reciprocal_fairness_keeper]
      R14  buy $ 16,576.61   sel     $17,750.00   [strat=reciprocal_fairness_keeper]
      R15  buy $    570.79   sel     $17,500.00   [strat=reciprocal_fairness_keeper]
      R16  buy $  3,753.51   sel     $17,500.00   [strat=reciprocal_fairness_keeper]
   run 17 done in 5.3 min

   run 18/30 on 2016 Cadillac CTS 3.6 Luxury  seed=21361437
      R 1  buy $ 39,627.04   sel     $44,500.00   [strat=opponent_aware_diagnostic] *
      R 2  buy $  9,399.47   sel     $43,000.00   [strat=opponent_aware_diagnostic]
      R 3  buy $  2,902.20   sel     $42,000.00   [strat=opponent_aware_diagnostic]
      R 4  buy $  3,949.61   sel     $41,500.00   [strat=opponent_aware_diagnostic]
      R 5  buy $ 37,223.11   sel     $40,000.00   [strat=opponent_aware_diagnostic]
      R 6  buy $ 35,126.55   sel     $38,500.00   [strat=market_expert_value_justifier] *
      R 7  buy $ 15,372.99   sel     $37,000.00   [strat=market_expert_value_justifier]
      R 8  buy $ 35,746.56   sel     $36,500.00   [strat=market_expert_value_justifier]
      R 9  buy $  3,260.70   sel     $36,500.00   [strat=market_expert_value_justifier]
      R10  buy $ 24,280.27   sel     $34,500.00   [strat=market_expert_value_justifier]
      R11  buy $ 18,532.32   sel     $34,500.00   [strat=market_expert_value_justifier]
      R12  buy $ 12,151.71   sel     $33,500.00   [strat=reciprocal_fairness_keeper] *
      R13  buy $ 31,959.03   sel     $32,500.00   [strat=reciprocal_fairness_keeper]
      R14  buy $ 16,373.15   sel     $30,000.00   [strat=reciprocal_fairness_keeper]
      R15  buy $  7,515.69   sel     $32,000.00   [strat=reciprocal_fairness_keeper]
      R16  buy $ 21,257.04   sel     $28,500.00   [strat=reciprocal_fairness_keeper]
   run 18 done in 6.8 min

   run 19/30 on 2016 Cadillac CTS 3.6 Luxury  seed=21361438
      R 1  buy $ 29,440.05   sel     $34,995.00   [strat=opponent_aware_diagnostic] *
      R 2  buy $ 25,072.95   sel     $34,995.00   [strat=opponent_aware_diagnostic]
      R 3  buy $ 30,370.17   sel     $33,500.00   [strat=opponent_aware_diagnostic]
      R 4  buy $ 20,957.66   sel     $32,500.00   [strat=opponent_aware_diagnostic]
      R 5  buy $ 19,800.23   sel     $30,000.00   [strat=opponent_aware_diagnostic]
      R 6  buy $ 23,016.07   sel     $29,500.00   [strat=market_expert_value_justifier] *
      R 7  buy $ 23,131.93   sel     $29,000.00   [strat=market_expert_value_justifier]
      R 8  buy $ 11,596.52   sel     $28,500.00   [strat=market_expert_value_justifier]
      R 9  buy $ 15,109.88   sel     $28,000.00   [strat=market_expert_value_justifier]
      R10  buy $ 22,773.43   sel     $27,500.00   [strat=market_expert_value_justifier]
      R11  buy $ 22,595.28   sel     $27,000.00   [strat=market_expert_value_justifier]
      R12  buy $     22.63   sel     $26,000.00   [strat=reciprocal_fairness_keeper] *
      R13  buy $  2,631.81   sel     $25,500.00   [strat=reciprocal_fairness_keeper]
      R14  buy $ 21,836.45   sel     $25,000.00   [strat=reciprocal_fairness_keeper]
      R15  buy $  2,252.67   sel     $24,500.00   [strat=reciprocal_fairness_keeper]
      R16  buy $ 23,496.11   sel     $24,000.00   [strat=reciprocal_fairness_keeper]
   run 19 done in 6.8 min

   run 20/30 on 2016 Cadillac CTS 3.6 Luxury  seed=21361439
      R 1  buy $ 18,067.83   sel     $21,500.00   [strat=opponent_aware_diagnostic] *
      R 2  buy $ 20,729.13   sel     $21,000.00   [strat=opponent_aware_diagnostic]
      R 3  buy $  9,837.23   sel     $21,000.00   [strat=opponent_aware_diagnostic]
      R 4  buy $  5,507.22   sel     $20,500.00   [strat=opponent_aware_diagnostic]
      R 5  buy $  8,593.41   sel     $20,250.00   [strat=opponent_aware_diagnostic]
      R 6  buy $ 12,862.36   sel     $19,750.00   [strat=market_expert_value_justifier] *
      R 7  buy $ 11,416.05   sel     $19,500.00   [strat=market_expert_value_justifier]
      R 8  buy $ 12,618.57   sel     $19,000.00   [strat=market_expert_value_justifier]
      R 9  buy $    850.16   sel     $19,000.00   [strat=market_expert_value_justifier]
      R10  buy $ 16,461.14   sel     $16,461.14   [strat=market_expert_value_justifier]
      R11  buy $ 10,706.56   sel     $18,500.00   [strat=market_expert_value_justifier]
      R12  buy $ 15,297.46   sel     $17,500.00   [strat=reciprocal_fairness_keeper] *
      R13  buy $  2,463.68   sel     $18,000.00   [strat=reciprocal_fairness_keeper]
      R14  buy $ 13,788.08   sel     $17,000.00   [strat=reciprocal_fairness_keeper]
      R15  buy $  2,314.48   sel     $16,500.00   [strat=reciprocal_fairness_keeper]
      R16  buy $ 13,683.92   sel     $16,000.00   [strat=reciprocal_fairness_keeper]
   run 20 done in 6.4 min

   run 21/30 on 2016 Cadillac CTS 3.6 Luxury  seed=21361440
      R 1  buy $  2,822.23   sel     PARSE-FAIL   [strat=opponent_aware_diagnostic] *
      R 2  buy $ 17,275.63   sel     $18,500.00   [strat=opponent_aware_diagnostic]
      R 3  buy $ 13,462.78   sel     $18,500.00   [strat=opponent_aware_diagnostic]
      R 4  buy $  7,014.97   sel     $18,500.00   [strat=opponent_aware_diagnostic]
      R 5  buy $ 10,980.36   sel     $18,000.00   [strat=opponent_aware_diagnostic]
      R 6  buy $ 12,901.39   sel     $17,500.00   [strat=market_expert_value_justifier] *
      R 7  buy $  1,483.79   sel     $17,500.00   [strat=market_expert_value_justifier]
      R 8  buy $  1,573.27   sel     $17,500.00   [strat=market_expert_value_justifier]
      R 9  buy $ 15,249.71   sel     $17,000.00   [strat=market_expert_value_justifier]
      R10  buy $  9,006.29   sel     $16,500.00   [strat=market_expert_value_justifier]
      R11  buy $  8,753.28   sel     $15,999.00   [strat=market_expert_value_justifier]
      R12  buy $ 12,529.41   sel     $15,900.00   [strat=reciprocal_fairness_keeper] *
      R13  buy $ 11,203.12   sel     $15,800.00   [strat=reciprocal_fairness_keeper]
      R14  buy $  7,250.33   sel     $15,800.00   [strat=reciprocal_fairness_keeper]
      R15  buy $  6,286.55   sel     $15,900.00   [strat=reciprocal_fairness_keeper]
      R16  buy $ 11,174.71   sel     $15,800.00   [strat=reciprocal_fairness_keeper]
   run 21 done in 7.1 min

   run 22/30 on 2016 Cadillac CTS 3.6 Luxury  seed=21361441
      R 1  buy $  2,961.79   sel     $29,000.00   [strat=opponent_aware_diagnostic] *
      R 2  buy $ 14,961.22   sel     $24,500.00   [strat=opponent_aware_diagnostic]
      R 3  buy $  2,262.18   sel     $22,000.00   [strat=opponent_aware_diagnostic]
      R 4  buy $ 13,198.59   sel     $21,000.00   [strat=opponent_aware_diagnostic]
      R 5  buy $  1,268.76   sel     $21,000.00   [strat=opponent_aware_diagnostic]
      R 6  buy $ 17,460.96   sel     $20,000.00   [strat=market_expert_value_justifier] *
      R 7  buy $ 13,218.50   sel     $19,500.00   [strat=market_expert_value_justifier]
      R 8  buy $  3,316.52   sel     $19,000.00   [strat=market_expert_value_justifier]
      R 9  buy $  8,927.98   sel     $18,500.00   [strat=market_expert_value_justifier]
      R10  buy $ 14,949.95   sel     $18,000.00   [strat=market_expert_value_justifier]
      R11  buy $  3,383.84   sel     $17,500.00   [strat=market_expert_value_justifier]
      R12  buy $ 14,078.73   sel     $17,000.00   [strat=reciprocal_fairness_keeper] *
      R13  buy $    596.00   sel     $16,500.00   [strat=reciprocal_fairness_keeper]
      R14  buy $ 12,306.18   sel     $16,000.00   [strat=reciprocal_fairness_keeper]
      R15  buy $  8,645.29   sel     $16,000.00   [strat=reciprocal_fairness_keeper]
      R16  buy $ 15,988.49   sel     $15,988.49   [strat=reciprocal_fairness_keeper]
   run 22 done in 7.0 min

   run 23/30 on 2016 Cadillac CTS 3.6 Luxury  seed=21361442
      R 1  buy $ 28,504.80   sel     $35,500.00   [strat=opponent_aware_diagnostic] *
      R 2  buy $ 23,534.72   sel     $34,000.00   [strat=opponent_aware_diagnostic]
      R 3  buy $ 25,584.39   sel     $32,500.00   [strat=opponent_aware_diagnostic]
      R 4  buy $ 28,235.05   sel     $31,000.00   [strat=opponent_aware_diagnostic]
      R 5  buy $ 20,157.14   sel     $30,000.00   [strat=opponent_aware_diagnostic]
      R 6  buy $ 24,452.47   sel     $29,000.00   [strat=market_expert_value_justifier] *
      R 7  buy $ 15,793.33   sel     $28,500.00   [strat=market_expert_value_justifier]
      R 8  buy $ 10,006.67   sel     $27,500.00   [strat=market_expert_value_justifier]
      R 9  buy $ 18,950.63   sel     $25,000.00   [strat=market_expert_value_justifier]
      R10  buy $ 20,134.71   sel     $23,500.00   [strat=market_expert_value_justifier]
      R11  buy $  4,998.71   sel     $22,500.00   [strat=market_expert_value_justifier]
      R12  buy $ 18,625.14   sel     $21,000.00   [strat=reciprocal_fairness_keeper] *
      R13  buy $  2,459.80   sel     $20,000.00   [strat=reciprocal_fairness_keeper]
      R14  buy $ 10,524.18   sel     $20,000.00   [strat=reciprocal_fairness_keeper]
      R15  buy $ 13,697.61   sel     $20,000.00   [strat=reciprocal_fairness_keeper]
      R16  buy $ 19,328.12   sel     $19,328.12   [strat=reciprocal_fairness_keeper]
   run 23 done in 7.1 min

   run 24/30 on 2016 Cadillac CTS 3.6 Luxury  seed=21361443
      R 1  buy $ 17,461.47   sel     $19,250.00   [strat=opponent_aware_diagnostic] *
      R 2  buy $  7,162.87   sel     $18,750.00   [strat=opponent_aware_diagnostic]
      R 3  buy $  7,401.50   sel     $18,500.00   [strat=opponent_aware_diagnostic]
      R 4  buy $  4,886.55   sel     $18,000.00   [strat=opponent_aware_diagnostic]
      R 5  buy $  2,493.95   sel     $17,500.00   [strat=opponent_aware_diagnostic]
      R 6  buy $  9,079.67   sel     $16,900.00   [strat=market_expert_value_justifier] *
      R 7  buy $ 15,526.92   sel     $16,400.00   [strat=market_expert_value_justifier]
      R 8  buy $ 13,621.68   sel     $15,995.00   [strat=market_expert_value_justifier]
      R 9  buy $ 14,688.84   sel     $15,900.00   [strat=market_expert_value_justifier]
      R10  buy $  1,663.83   sel     $15,900.00   [strat=market_expert_value_justifier]
      R11  buy $ 10,617.41   sel     $15,900.00   [strat=market_expert_value_justifier]
      R12  buy $  7,439.62   sel     $15,800.00   [strat=reciprocal_fairness_keeper] *
      R13  buy $  6,500.89   sel     $15,700.00   [strat=reciprocal_fairness_keeper]
      R14  buy $ 12,753.72   sel     $15,600.00   [strat=reciprocal_fairness_keeper]
      R15  buy $  5,182.97   sel     $15,600.00   [strat=reciprocal_fairness_keeper]
      R16  buy $  7,403.65   sel     $15,900.00   [strat=reciprocal_fairness_keeper]
   run 24 done in 6.6 min

   run 25/30 on 2016 Cadillac CTS 3.6 Luxury  seed=21361444
      R 1  buy $ 24,600.45   sel     $28,500.00   [strat=opponent_aware_diagnostic] *
      R 2  buy $ 15,441.26   sel     $27,900.00   [strat=opponent_aware_diagnostic]
      R 3  buy $  6,346.30   sel     $26,500.00   [strat=opponent_aware_diagnostic]
      R 4  buy $ 21,472.64   sel     $25,500.00   [strat=opponent_aware_diagnostic]
      R 5  buy $ 22,919.28   sel     $24,500.00   [strat=opponent_aware_diagnostic]
      R 6  buy $  6,499.06   sel     $24,000.00   [strat=market_expert_value_justifier] *
      R 7  buy $  9,932.15   sel     $23,500.00   [strat=market_expert_value_justifier]
      R 8  buy $ 10,399.45   sel     $23,800.00   [strat=market_expert_value_justifier]
      R 9  buy $  5,796.70   sel     $23,800.00   [strat=market_expert_value_justifier]
      R10  buy $ 23,539.92   sel     $23,539.92   [strat=market_expert_value_justifier]
      R11  buy $ 13,642.36   sel     $24,000.00   [strat=market_expert_value_justifier]
      R12  buy $  8,442.11   sel     $23,500.00   [strat=reciprocal_fairness_keeper] *
      R13  buy $  7,244.91   sel     $23,500.00   [strat=reciprocal_fairness_keeper]
      R14  buy $ 13,603.12   sel     $23,400.00   [strat=reciprocal_fairness_keeper]
      R15  buy $ 22,801.01   sel     $23,200.00   [strat=reciprocal_fairness_keeper]
      R16  buy $  7,358.74   sel     $23,000.00   [strat=reciprocal_fairness_keeper]
   run 25 done in 5.1 min

   run 26/30 on 2016 Cadillac CTS 3.6 Luxury  seed=21361445
      R 1  buy $ 30,891.27   sel     $34,500.00   [strat=opponent_aware_diagnostic] *
      R 2  buy $ 25,342.73   sel     $32,750.00   [strat=opponent_aware_diagnostic]
      R 3  buy $ 22,095.00   sel     $31,500.00   [strat=opponent_aware_diagnostic]
      R 4  buy $  7,286.52   sel     $31,500.00   [strat=opponent_aware_diagnostic]
      R 5  buy $ 12,268.78   sel     $30,500.00   [strat=opponent_aware_diagnostic]
      R 6  buy $ 10,933.88   sel     $30,500.00   [strat=market_expert_value_justifier] *
      R 7  buy $  9,548.76   sel     $29,900.00   [strat=market_expert_value_justifier]
      R 8  buy $ 15,133.66   sel     $28,500.00   [strat=market_expert_value_justifier]
      R 9  buy $  2,306.90   sel     $27,500.00   [strat=market_expert_value_justifier]
      R10  buy $  2,169.08   sel     $26,900.00   [strat=market_expert_value_justifier]
      R11  buy $ 21,225.96   sel     $25,500.00   [strat=market_expert_value_justifier]
      R12  buy $ 22,666.04   sel     $24,500.00   [strat=reciprocal_fairness_keeper] *
      R13  buy $ 20,715.49   sel     $23,500.00   [strat=reciprocal_fairness_keeper]
      R14  buy $ 17,818.99   sel     $22,500.00   [strat=reciprocal_fairness_keeper]
      R15  buy $  7,383.12   sel     $21,500.00   [strat=reciprocal_fairness_keeper]
      R16  buy $ 16,641.87   sel     $19,500.00   [strat=reciprocal_fairness_keeper]
   run 26 done in 6.8 min

   run 27/30 on 2016 Cadillac CTS 3.6 Luxury  seed=21361446
      R 1  buy $ 15,716.83   sel     $16,500.00   [strat=opponent_aware_diagnostic] *
      R 2  buy $    131.33   sel     $16,250.00   [strat=opponent_aware_diagnostic]
      R 3  buy $ 14,327.14   sel     $15,983.42   [strat=opponent_aware_diagnostic]
      R 4  buy $  2,670.42   sel     $15,900.00   [strat=opponent_aware_diagnostic]
      R 5  buy $  6,715.51   sel     $15,850.00   [strat=opponent_aware_diagnostic]
      R 6  buy $  8,050.58   sel     $15,850.00   [strat=market_expert_value_justifier] *
      R 7  buy $  6,926.60   sel     $15,850.00   [strat=market_expert_value_justifier]
      R 8  buy $  1,113.41   sel     $15,850.00   [strat=market_expert_value_justifier]
      R 9  buy $  4,521.17   sel     $15,850.00   [strat=market_expert_value_justifier]
      R10  buy $ 11,988.75   sel     $15,800.00   [strat=market_expert_value_justifier]
      R11  buy $  9,339.10   sel     $15,800.00   [strat=market_expert_value_justifier]
      R12  buy $  3,582.89   sel     $15,800.00   [strat=reciprocal_fairness_keeper] *
      R13  buy $    385.01   sel     $15,800.00   [strat=reciprocal_fairness_keeper]
      R14  buy $    992.04   sel     $15,800.00   [strat=reciprocal_fairness_keeper]
      R15  buy $  7,642.30   sel     $15,800.00   [strat=reciprocal_fairness_keeper]
      R16  buy $  3,941.03   sel     $15,800.00   [strat=reciprocal_fairness_keeper]
   run 27 done in 7.1 min

   run 28/30 on 2016 Cadillac CTS 3.6 Luxury  seed=21361447
      R 1  buy $ 21,303.21   sel     $23,000.00   [strat=opponent_aware_diagnostic] *
      R 2  buy $ 11,389.36   sel     $22,500.00   [strat=opponent_aware_diagnostic]
      R 3  buy $ 11,533.78   sel     $21,800.00   [strat=opponent_aware_diagnostic]
      R 4  buy $  8,926.75   sel     $21,500.00   [strat=opponent_aware_diagnostic]
      R 5  buy $  2,133.41   sel     $21,000.00   [strat=opponent_aware_diagnostic]
      R 6  buy $ 11,764.99   sel     $20,500.00   [strat=market_expert_value_justifier] *
      R 7  buy $ 12,506.79   sel     $19,999.00   [strat=market_expert_value_justifier]
      R 8  buy $ 15,688.09   sel     $19,500.00   [strat=market_expert_value_justifier]
      R 9  buy $  7,108.39   sel     $18,500.00   [strat=market_expert_value_justifier]
      R10  buy $  8,656.53   sel     $18,400.00   [strat=market_expert_value_justifier]
      R11  buy $  1,699.41   sel     $18,000.00   [strat=market_expert_value_justifier]
      R12  buy $  9,663.58   sel     $17,500.00   [strat=reciprocal_fairness_keeper] *
      R13  buy $ 10,890.62   sel     $17,000.00   [strat=reciprocal_fairness_keeper]
      R14  buy $ 12,264.23   sel     $16,500.00   [strat=reciprocal_fairness_keeper]
      R15  buy $    940.31   sel     $16,250.00   [strat=reciprocal_fairness_keeper]
      R16  buy $ 12,809.92   sel     $16,000.00   [strat=reciprocal_fairness_keeper]
   run 28 done in 6.0 min

   run 29/30 on 2016 Cadillac CTS 3.6 Luxury  seed=21361448
      R 1  buy $ 38,737.28   sel     $44,250.00   [strat=opponent_aware_diagnostic] *
      R 2  buy $ 31,879.63   sel     $42,500.00   [strat=opponent_aware_diagnostic]
      R 3  buy $ 17,011.02   sel     $41,000.00   [strat=opponent_aware_diagnostic]
      R 4  buy $ 11,579.74   sel     $40,000.00   [strat=opponent_aware_diagnostic]
      R 5  buy $ 17,816.20   sel     $39,500.00   [strat=opponent_aware_diagnostic]
      R 6  buy $ 27,447.61   sel     $38,000.00   [strat=market_expert_value_justifier] *
      R 7  buy $     38.55   sel     $38,000.00   [strat=market_expert_value_justifier]
      R 8  buy $ 24,519.59   sel     $37,500.00   [strat=market_expert_value_justifier]
      R 9  buy $ 13,335.85   sel     $37,000.00   [strat=market_expert_value_justifier]
      R10  buy $ 22,998.32   sel     $36,500.00   [strat=market_expert_value_justifier]
      R11  buy $  9,895.52   sel     $35,000.00   [strat=market_expert_value_justifier]
      R12  buy $ 32,591.60   sel     $33,500.00   [strat=reciprocal_fairness_keeper] *
      R13  buy $  7,420.69   sel     $36,000.00   [strat=reciprocal_fairness_keeper]
      R14  buy $ 31,921.40   sel     $34,500.00   [strat=reciprocal_fairness_keeper]
      R15  buy $  2,664.15   sel     $38,000.00   [strat=reciprocal_fairness_keeper]
      R16  buy $ 32,905.26   sel     $34,000.00   [strat=reciprocal_fairness_keeper]
   run 29 done in 6.8 min

   run 30/30 on 2016 Cadillac CTS 3.6 Luxury  seed=21361449
      R 1  buy $  9,797.45   sel     $17,500.00   [strat=opponent_aware_diagnostic] *
      R 2  buy $ 13,916.47   sel     $16,800.00   [strat=opponent_aware_diagnostic]
      R 3  buy $  4,197.80   sel     $16,500.00   [strat=opponent_aware_diagnostic]
      R 4  buy $ 11,895.75   sel     $16,300.00   [strat=opponent_aware_diagnostic]
      R 5  buy $ 15,417.12   sel     $16,000.00   [strat=opponent_aware_diagnostic]
      R 6  buy $  7,141.40   sel     $16,000.00   [strat=market_expert_value_justifier] *
      R 7  buy $  4,948.21   sel     $16,000.00   [strat=market_expert_value_justifier]
      R 8  buy $  5,963.92   sel     $16,000.00   [strat=market_expert_value_justifier]
      R 9  buy $  7,628.21   sel     $16,000.00   [strat=market_expert_value_justifier]
      R10  buy $ 11,775.15   sel     $16,000.00   [strat=market_expert_value_justifier]
      R11  buy $  1,599.82   sel     $16,000.00   [strat=market_expert_value_justifier]
      R12  buy $    618.67   sel     $16,000.00   [strat=reciprocal_fairness_keeper] *
      R13  buy $ 15,685.52   sel     $15,800.00   [strat=reciprocal_fairness_keeper]
      R14  buy $  6,740.18   sel     $16,000.00   [strat=reciprocal_fairness_keeper]
      R15  buy $  7,947.60   sel     $16,000.00   [strat=reciprocal_fairness_keeper]
      R16  buy $  9,713.83   sel     $15,800.00   [strat=reciprocal_fairness_keeper]
   run 30 done in 6.5 min

   ---> checkpoint: car 2/5 done in 200.4 min; total so far 427.9 min; saved 60 runs to exp11_transitionB_rep3.json

--- CAR 3/5: 2019 Honda Accord Sport 1.5T  (M=$28,000.00  cost=$14,000.00  cost/M=50.00%) ---

   run 1/30 on 2019 Honda Accord Sport 1.5T  seed=21362420
      R 1  buy $ 25,377.40   sel     $27,500.00   [strat=opponent_aware_diagnostic] *
      R 2  buy $ 27,011.32   sel     $27,250.00   [strat=opponent_aware_diagnostic]
      R 3  buy $  9,432.59   sel     $27,250.00   [strat=opponent_aware_diagnostic]
      R 4  buy $ 20,501.65   sel     $25,500.00   [strat=opponent_aware_diagnostic]
      R 5  buy $ 16,161.54   sel     $24,500.00   [strat=opponent_aware_diagnostic]
      R 6  buy $ 17,993.40   sel     $23,800.00   [strat=market_expert_value_justifier] *
      R 7  buy $ 21,090.59   sel     $23,000.00   [strat=market_expert_value_justifier]
      R 8  buy $  8,971.37   sel     $22,500.00   [strat=market_expert_value_justifier]
      R 9  buy $ 17,350.57   sel     $22,000.00   [strat=market_expert_value_justifier]
      R10  buy $ 15,563.95   sel     $20,000.00   [strat=market_expert_value_justifier]
      R11  buy $  3,149.27   sel     $19,500.00   [strat=market_expert_value_justifier]
      R12  buy $  9,244.15   sel     $19,000.00   [strat=reciprocal_fairness_keeper] *
      R13  buy $ 11,268.54   sel     $18,500.00   [strat=reciprocal_fairness_keeper]
      R14  buy $    446.04   sel     $17,500.00   [strat=reciprocal_fairness_keeper]
      R15  buy $ 14,864.66   sel     $16,000.00   [strat=reciprocal_fairness_keeper]
      R16  buy $ 11,508.75   sel     $15,500.00   [strat=reciprocal_fairness_keeper]
   run 1 done in 6.0 min

   run 2/30 on 2019 Honda Accord Sport 1.5T  seed=21362421
      R 1  buy $ 19,692.49   sel     $26,500.00   [strat=opponent_aware_diagnostic] *
      R 2  buy $ 22,854.03   sel     $25,500.00   [strat=opponent_aware_diagnostic]
      R 3  buy $ 13,709.99   sel     $24,900.00   [strat=opponent_aware_diagnostic]
      R 4  buy $  2,170.89   sel     $24,500.00   [strat=opponent_aware_diagnostic]
      R 5  buy $ 20,623.88   sel     $24,000.00   [strat=opponent_aware_diagnostic]
      R 6  buy $ 17,373.66   sel     $23,500.00   [strat=market_expert_value_justifier] *
      R 7  buy $ 21,839.47   sel     $23,000.00   [strat=market_expert_value_justifier]
      R 8  buy $  2,404.71   sel     $22,500.00   [strat=market_expert_value_justifier]
      R 9  buy $  4,395.89   sel     $22,500.00   [strat=market_expert_value_justifier]
      R10  buy $ 13,643.20   sel     $21,500.00   [strat=market_expert_value_justifier]
      R11  buy $  7,503.92   sel     $21,000.00   [strat=market_expert_value_justifier]
      R12  buy $  9,950.49   sel     $20,500.00   [strat=reciprocal_fairness_keeper] *
      R13  buy $  8,105.49   sel     $20,000.00   [strat=reciprocal_fairness_keeper]
      R14  buy $    954.99   sel     $20,000.00   [strat=reciprocal_fairness_keeper]
      R15  buy $  2,839.38   sel     $20,000.00   [strat=reciprocal_fairness_keeper]
      R16  buy $ 13,162.42   sel     $18,500.00   [strat=reciprocal_fairness_keeper]
   run 2 done in 5.4 min

   run 3/30 on 2019 Honda Accord Sport 1.5T  seed=21362422
      R 1  buy $ 12,784.45   sel     $16,995.00   [strat=opponent_aware_diagnostic] *
      R 2  buy $ 15,107.68   sel     $16,495.00   [strat=opponent_aware_diagnostic]
      R 3  buy $  8,534.10   sel     $16,200.00   [strat=opponent_aware_diagnostic]
      R 4  buy $  6,166.70   sel     $16,200.00   [strat=opponent_aware_diagnostic]
      R 5  buy $ 14,908.55   sel     $15,800.00   [strat=opponent_aware_diagnostic]
      R 6  buy $ 11,116.57   sel     $15,600.00   [strat=market_expert_value_justifier] *
      R 7  buy $ 13,479.49   sel     $15,400.00   [strat=market_expert_value_justifier]
      R 8  buy $  5,053.48   sel     $15,400.00   [strat=market_expert_value_justifier]
      R 9  buy $    182.25   sel     $15,400.00   [strat=market_expert_value_justifier]
      R10  buy $ 10,794.33   sel     $15,200.00   [strat=market_expert_value_justifier]
      R11  buy $  8,935.43   sel     $15,000.00   [strat=market_expert_value_justifier]
      R12  buy $  6,714.93   sel     $15,000.00   [strat=reciprocal_fairness_keeper] *
      R13  buy $  9,278.86   sel     $14,800.00   [strat=reciprocal_fairness_keeper]
      R14  buy $  3,325.14   sel     $14,600.00   [strat=reciprocal_fairness_keeper]
      R15  buy $  4,156.94   sel     $14,500.00   [strat=reciprocal_fairness_keeper]
      R16  buy $  5,195.55   sel     $14,500.00   [strat=reciprocal_fairness_keeper]
   run 3 done in 7.4 min

   run 4/30 on 2019 Honda Accord Sport 1.5T  seed=21362423
      R 1  buy $  3,076.42   sel     $25,500.00   [strat=opponent_aware_diagnostic] *
      R 2  buy $  9,402.91   sel     $24,000.00   [strat=opponent_aware_diagnostic]
      R 3  buy $  1,398.09   sel     $23,000.00   [strat=opponent_aware_diagnostic]
      R 4  buy $  4,638.92   sel     $23,000.00   [strat=opponent_aware_diagnostic]
      R 5  buy $ 17,352.59   sel     $22,000.00   [strat=opponent_aware_diagnostic]
      R 6  buy $ 21,414.64   sel     $21,700.00   [strat=market_expert_value_justifier] *
      R 7  buy $ 11,606.35   sel     $21,700.00   [strat=market_expert_value_justifier]
      R 8  buy $  2,800.40   sel     $21,000.00   [strat=market_expert_value_justifier]
      R 9  buy $  8,513.77   sel     $20,500.00   [strat=market_expert_value_justifier]
      R10  buy $    522.29   sel     $20,500.00   [strat=market_expert_value_justifier]
      R11  buy $ 15,005.01   sel     $18,000.00   [strat=market_expert_value_justifier]
      R12  buy $    941.57   sel     $17,500.00   [strat=reciprocal_fairness_keeper] *
      R13  buy $  2,292.28   sel     $17,500.00   [strat=reciprocal_fairness_keeper]
      R14  buy $  7,229.39   sel     $17,000.00   [strat=reciprocal_fairness_keeper]
      R15  buy $ 12,761.89   sel     $16,500.00   [strat=reciprocal_fairness_keeper]
      R16  buy $  3,388.56   sel     $16,500.00   [strat=reciprocal_fairness_keeper]
   run 4 done in 7.4 min

   run 5/30 on 2019 Honda Accord Sport 1.5T  seed=21362424
      R 1  buy $  3,334.10   sel     $26,500.00   [strat=opponent_aware_diagnostic] *
      R 2  buy $ 10,366.36   sel     $25,500.00   [strat=opponent_aware_diagnostic]
      R 3  buy $  7,504.45   sel     $24,900.00   [strat=opponent_aware_diagnostic]
      R 4  buy $ 11,959.25   sel     $24,500.00   [strat=opponent_aware_diagnostic]
      R 5  buy $ 16,475.60   sel     $23,000.00   [strat=opponent_aware_diagnostic]
      R 6  buy $ 16,031.10   sel     $22,500.00   [strat=market_expert_value_justifier] *
      R 7  buy $ 10,567.55   sel     $22,000.00   [strat=market_expert_value_justifier]
      R 8  buy $  7,859.08   sel     $21,500.00   [strat=market_expert_value_justifier]
      R 9  buy $  5,485.66   sel     $20,500.00   [strat=market_expert_value_justifier]
      R10  buy $ 17,622.48   sel     $20,000.00   [strat=market_expert_value_justifier]
      R11  buy $ 19,011.01   sel     $19,500.00   [strat=market_expert_value_justifier]
      R12  buy $  5,759.48   sel     $20,000.00   [strat=reciprocal_fairness_keeper] *
      R13  buy $  1,473.41   sel     $19,000.00   [strat=reciprocal_fairness_keeper]
      R14  buy $  5,191.68   sel     $18,500.00   [strat=reciprocal_fairness_keeper]
      R15  buy $ 15,854.24   sel     $17,500.00   [strat=reciprocal_fairness_keeper]
      R16  buy $ 13,791.69   sel     $16,000.00   [strat=reciprocal_fairness_keeper]
   run 5 done in 5.7 min

   run 6/30 on 2019 Honda Accord Sport 1.5T  seed=21362425
      R 1  buy $ 25,525.40   sel     $27,500.00   [strat=opponent_aware_diagnostic] *
      R 2  buy $ 13,237.10   sel     $26,999.00   [strat=opponent_aware_diagnostic]
      R 3  buy $ 15,223.52   sel     $26,600.00   [strat=opponent_aware_diagnostic]
      R 4  buy $ 21,673.21   sel     $26,300.00   [strat=opponent_aware_diagnostic]
      R 5  buy $ 17,974.16   sel     $25,999.00   [strat=opponent_aware_diagnostic]
      R 6  buy $  8,901.57   sel     $25,999.00   [strat=market_expert_value_justifier] *
      R 7  buy $ 20,972.15   sel     $25,500.00   [strat=market_expert_value_justifier]
      R 8  buy $ 18,937.72   sel     $25,500.00   [strat=market_expert_value_justifier]
      R 9  buy $  2,966.03   sel     $25,000.00   [strat=market_expert_value_justifier]
      R10  buy $ 23,184.96   sel     $24,900.00   [strat=market_expert_value_justifier]
      R11  buy $  9,229.45   sel     $24,500.00   [strat=market_expert_value_justifier]
      R12  buy $ 17,157.65   sel     $24,400.00   [strat=reciprocal_fairness_keeper] *
      R13  buy $ 17,873.50   sel     $24,000.00   [strat=reciprocal_fairness_keeper]
      R14  buy $ 10,683.88   sel     $23,900.00   [strat=reciprocal_fairness_keeper]
      R15  buy $  1,857.36   sel     $23,900.00   [strat=reciprocal_fairness_keeper]
      R16  buy $ 22,611.87   sel     $23,500.00   [strat=reciprocal_fairness_keeper]
   run 6 done in 7.0 min

   run 7/30 on 2019 Honda Accord Sport 1.5T  seed=21362426
      R 1  buy $  8,890.80   sel     $18,500.00   [strat=opponent_aware_diagnostic] *
      R 2  buy $  7,271.42   sel     $17,500.00   [strat=opponent_aware_diagnostic]
      R 3  buy $  5,636.88   sel     $16,500.00   [strat=opponent_aware_diagnostic]
      R 4  buy $  5,081.63   sel     $16,000.00   [strat=opponent_aware_diagnostic]
      R 5  buy $    233.70   sel     $16,000.00   [strat=opponent_aware_diagnostic]
      R 6  buy $  6,898.98   sel     $15,900.00   [strat=market_expert_value_justifier] *
      R 7  buy $  9,188.17   sel     $15,800.00   [strat=market_expert_value_justifier]
      R 8  buy $  4,567.77   sel     $15,800.00   [strat=market_expert_value_justifier]
      R 9  buy $ 13,532.45   sel     $15,500.00   [strat=market_expert_value_justifier]
      R10  buy $    619.62   sel     $15,500.00   [strat=market_expert_value_justifier]
      R11  buy $ 11,296.58   sel     $14,900.00   [strat=market_expert_value_justifier]
      R12  buy $  4,950.68   sel     $14,900.00   [strat=reciprocal_fairness_keeper] *
      R13  buy $    549.66   sel     $14,800.00   [strat=reciprocal_fairness_keeper]
      R14  buy $    607.48   sel     $14,750.00   [strat=reciprocal_fairness_keeper]
      R15  buy $ 11,382.11   sel     $14,750.00   [strat=reciprocal_fairness_keeper]
      R16  buy $  6,738.16   sel     $14,700.00   [strat=reciprocal_fairness_keeper]
   run 7 done in 6.0 min

   run 8/30 on 2019 Honda Accord Sport 1.5T  seed=21362427
      R 1  buy $ 18,749.61   sel     $25,995.00   [strat=opponent_aware_diagnostic] *
      R 2  buy $ 19,641.18   sel     $24,500.00   [strat=opponent_aware_diagnostic]
      R 3  buy $  9,372.98   sel     $24,000.00   [strat=opponent_aware_diagnostic]
      R 4  buy $ 13,601.32   sel     $23,500.00   [strat=opponent_aware_diagnostic]
      R 5  buy $ 10,275.37   sel     $23,000.00   [strat=opponent_aware_diagnostic]
      R 6  buy $ 18,153.37   sel     $22,500.00   [strat=market_expert_value_justifier] *
      R 7  buy $  1,672.32   sel     $22,500.00   [strat=market_expert_value_justifier]
      R 8  buy $ 19,985.90   sel     $21,500.00   [strat=market_expert_value_justifier]
      R 9  buy $  3,313.23   sel     $21,000.00   [strat=market_expert_value_justifier]
      R10  buy $  5,246.98   sel     $20,500.00   [strat=market_expert_value_justifier]
      R11  buy $ 11,831.58   sel     $19,500.00   [strat=market_expert_value_justifier]
      R12  buy $ 10,136.68   sel     $19,000.00   [strat=reciprocal_fairness_keeper] *
      R13  buy $ 16,628.19   sel     $18,000.00   [strat=reciprocal_fairness_keeper]
      R14  buy $  6,663.81   sel     $17,500.00   [strat=reciprocal_fairness_keeper]
      R15  buy $ 17,467.30   sel     $17,467.30   [strat=reciprocal_fairness_keeper]
      R16  buy $  2,774.72   sel     $17,000.00   [strat=reciprocal_fairness_keeper]
   run 8 done in 6.3 min

   run 9/30 on 2019 Honda Accord Sport 1.5T  seed=21362428
      R 1  buy $  4,901.22   sel     $24,999.00   [strat=opponent_aware_diagnostic] *
      R 2  buy $  3,053.91   sel     $24,999.00   [strat=opponent_aware_diagnostic]
      R 3  buy $  7,351.28   sel     $24,800.00   [strat=opponent_aware_diagnostic]
      R 4  buy $  9,035.88   sel     $24,600.00   [strat=opponent_aware_diagnostic]
      R 5  buy $  4,968.85   sel     $24,400.00   [strat=opponent_aware_diagnostic]
      R 6  buy $ 18,737.05   sel     $23,500.00   [strat=market_expert_value_justifier] *
      R 7  buy $  2,066.92   sel     $23,000.00   [strat=market_expert_value_justifier]
      R 8  buy $ 10,609.35   sel     $22,500.00   [strat=market_expert_value_justifier]
      R 9  buy $ 13,875.44   sel     $21,500.00   [strat=market_expert_value_justifier]
      R10  buy $  6,479.72   sel     $21,000.00   [strat=market_expert_value_justifier]
      R11  buy $ 10,936.80   sel     $20,500.00   [strat=market_expert_value_justifier]
      R12  buy $  9,060.41   sel     $20,000.00   [strat=reciprocal_fairness_keeper] *
      R13  buy $ 13,446.71   sel     $19,500.00   [strat=reciprocal_fairness_keeper]
      R14  buy $  4,243.58   sel     $19,000.00   [strat=reciprocal_fairness_keeper]
      R15  buy $ 13,889.45   sel     $18,500.00   [strat=reciprocal_fairness_keeper]
      R16  buy $    727.27   sel     $18,500.00   [strat=reciprocal_fairness_keeper]
   run 9 done in 7.1 min

   run 10/30 on 2019 Honda Accord Sport 1.5T  seed=21362429
      R 1  buy $  2,655.89   sel     $26,500.00   [strat=opponent_aware_diagnostic] *
      R 2  buy $  9,834.93   sel     $25,500.00   [strat=opponent_aware_diagnostic]
      R 3  buy $  6,033.52   sel     $24,500.00   [strat=opponent_aware_diagnostic]
      R 4  buy $  4,551.47   sel     $23,500.00   [strat=opponent_aware_diagnostic]
      R 5  buy $ 17,095.48   sel     $22,500.00   [strat=opponent_aware_diagnostic]
      R 6  buy $ 12,111.54   sel     $22,500.00   [strat=market_expert_value_justifier] *
      R 7  buy $  1,458.35   sel     $22,500.00   [strat=market_expert_value_justifier]
      R 8  buy $  7,382.96   sel     $22,500.00   [strat=market_expert_value_justifier]
      R 9  buy $ 18,095.31   sel     $21,500.00   [strat=market_expert_value_justifier]
      R10  buy $ 13,355.17   sel     $21,500.00   [strat=market_expert_value_justifier]
      R11  buy $ 13,142.45   sel     $21,000.00   [strat=market_expert_value_justifier]
      R12  buy $    128.65   sel     $21,000.00   [strat=reciprocal_fairness_keeper] *
      R13  buy $ 20,699.66   sel     $20,699.66   [strat=reciprocal_fairness_keeper]
      R14  buy $ 20,590.17   sel     $20,590.17   [strat=reciprocal_fairness_keeper]
      R15  buy $ 13,831.35   sel     $21,000.00   [strat=reciprocal_fairness_keeper]
      R16  buy $ 15,012.00   sel     $20,500.00   [strat=reciprocal_fairness_keeper]
   run 10 done in 5.6 min

   run 11/30 on 2019 Honda Accord Sport 1.5T  seed=21362430
      R 1  buy $ 24,297.85   sel     $26,500.00   [strat=opponent_aware_diagnostic] *
      R 2  buy $ 15,264.34   sel     $24,000.00   [strat=opponent_aware_diagnostic]
      R 3  buy $  8,216.10   sel     $24,000.00   [strat=opponent_aware_diagnostic]
      R 4  buy $  9,285.65   sel     $24,000.00   [strat=opponent_aware_diagnostic]
      R 5  buy $  6,822.26   sel     $24,000.00   [strat=opponent_aware_diagnostic]
      R 6  buy $  7,379.80   sel     $24,000.00   [strat=market_expert_value_justifier] *
      R 7  buy $  6,476.18   sel     $24,000.00   [strat=market_expert_value_justifier]
      R 8  buy $ 14,532.98   sel     $23,500.00   [strat=market_expert_value_justifier]
      R 9  buy $ 22,999.93   sel     $23,400.00   [strat=market_expert_value_justifier]
      R10  buy $ 22,625.81   sel     $23,100.00   [strat=market_expert_value_justifier]
      R11  buy $  8,153.82   sel     $23,100.00   [strat=market_expert_value_justifier]
      R12  buy $ 21,499.17   sel     $22,000.00   [strat=reciprocal_fairness_keeper] *
      R13  buy $  4,312.25   sel     $22,000.00   [strat=reciprocal_fairness_keeper]
      R14  buy $ 20,782.00   sel     $22,000.00   [strat=reciprocal_fairness_keeper]
      R15  buy $ 12,977.30   sel     $22,000.00   [strat=reciprocal_fairness_keeper]
      R16  buy $ 17,565.45   sel     $22,000.00   [strat=reciprocal_fairness_keeper]
   run 11 done in 7.1 min

   run 12/30 on 2019 Honda Accord Sport 1.5T  seed=21362431
      R 1  buy $  9,213.56   sel     $24,999.00   [strat=opponent_aware_diagnostic] *
      R 2  buy $  5,652.38   sel     $24,500.00   [strat=opponent_aware_diagnostic]
      R 3  buy $ 13,691.09   sel     $21,500.00   [strat=opponent_aware_diagnostic]
      R 4  buy $ 14,916.92   sel     $19,999.00   [strat=opponent_aware_diagnostic]
      R 5  buy $  5,725.95   sel     $18,500.00   [strat=opponent_aware_diagnostic]
      R 6  buy $ 11,163.83   sel     $17,500.00   [strat=market_expert_value_justifier] *
      R 7  buy $ 17,237.98   sel     $17,000.00   [strat=market_expert_value_justifier]
      R 8  buy $  3,388.32   sel     $17,000.00   [strat=market_expert_value_justifier]
      R 9  buy $  8,858.47   sel     $17,000.00   [strat=market_expert_value_justifier]
      R10  buy $ 13,584.89   sel     $16,000.00   [strat=market_expert_value_justifier]
      R11  buy $ 14,634.35   sel     $15,500.00   [strat=market_expert_value_justifier]
      R12  buy $  1,036.42   sel     $15,500.00   [strat=reciprocal_fairness_keeper] *
      R13  buy $ 11,208.17   sel     $15,000.00   [strat=reciprocal_fairness_keeper]
      R14  buy $  2,267.92   sel     $15,000.00   [strat=reciprocal_fairness_keeper]
      R15  buy $  6,241.41   sel     $14,500.00   [strat=reciprocal_fairness_keeper]
      R16  buy $ 10,271.00   sel     $14,400.00   [strat=reciprocal_fairness_keeper]
   run 12 done in 6.6 min

   run 13/30 on 2019 Honda Accord Sport 1.5T  seed=21362432
      R 1  buy $ 12,757.49   sel     $26,500.00   [strat=opponent_aware_diagnostic] *
      R 2  buy $  3,036.78   sel     $26,500.00   [strat=opponent_aware_diagnostic]
      R 3  buy $ 26,362.00   sel     $26,400.00   [strat=opponent_aware_diagnostic]
      R 4  buy $  3,141.94   sel     $26,400.00   [strat=opponent_aware_diagnostic]
      R 5  buy $  8,676.19   sel     $26,000.00   [strat=opponent_aware_diagnostic]
      R 6  buy $ 21,926.34   sel     $23,950.00   [strat=market_expert_value_justifier] *
      R 7  buy $ 23,778.87   sel     $23,778.87   [strat=market_expert_value_justifier]
      R 8  buy $  8,805.44   sel     $24,500.00   [strat=market_expert_value_justifier]
      R 9  buy $  3,343.77   sel     $23,500.00   [strat=market_expert_value_justifier]
      R10  buy $ 11,894.64   sel     $22,500.00   [strat=market_expert_value_justifier]
      R11  buy $ 22,320.85   sel     $22,320.85   [strat=market_expert_value_justifier]
      R12  buy $ 14,368.44   sel     $22,000.00   [strat=reciprocal_fairness_keeper] *
      R13  buy $ 12,264.62   sel     $21,500.00   [strat=reciprocal_fairness_keeper]
      R14  buy $  8,247.80   sel     $21,000.00   [strat=reciprocal_fairness_keeper]
      R15  buy $    295.56   sel     $21,000.00   [strat=reciprocal_fairness_keeper]
      R16  buy $  4,084.45   sel     $20,500.00   [strat=reciprocal_fairness_keeper]
   run 13 done in 6.2 min

   run 14/30 on 2019 Honda Accord Sport 1.5T  seed=21362433
      R 1  buy $ 24,961.02   sel     $27,000.00   [strat=opponent_aware_diagnostic] *
      R 2  buy $  7,417.19   sel     $25,500.00   [strat=opponent_aware_diagnostic]
      R 3  buy $ 17,386.76   sel     $24,500.00   [strat=opponent_aware_diagnostic]
      R 4  buy $ 21,479.43   sel     $22,900.00   [strat=opponent_aware_diagnostic]
      R 5  buy $ 16,344.79   sel     $22,500.00   [strat=opponent_aware_diagnostic]
      R 6  buy $  6,861.34   sel     $22,000.00   [strat=market_expert_value_justifier] *
      R 7  buy $ 14,848.61   sel     $21,500.00   [strat=market_expert_value_justifier]
      R 8  buy $  8,426.20   sel     $21,500.00   [strat=market_expert_value_justifier]
      R 9  buy $ 17,519.22   sel     $20,500.00   [strat=market_expert_value_justifier]
      R10  buy $ 17,212.11   sel     $19,000.00   [strat=market_expert_value_justifier]
      R11  buy $  7,921.25   sel     $18,500.00   [strat=market_expert_value_justifier]
      R12  buy $ 18,217.93   sel     $18,300.00   [strat=reciprocal_fairness_keeper] *
      R13  buy $  9,392.58   sel     $18,300.00   [strat=reciprocal_fairness_keeper]
      R14  buy $ 10,408.91   sel     $18,300.00   [strat=reciprocal_fairness_keeper]
      R15  buy $ 14,763.76   sel     $17,000.00   [strat=reciprocal_fairness_keeper]
      R16  buy $  7,665.54   sel     $17,000.00   [strat=reciprocal_fairness_keeper]
   run 14 done in 8.3 min

   run 15/30 on 2019 Honda Accord Sport 1.5T  seed=21362434
      R 1  buy $ 27,237.40   sel     $27,800.00   [strat=opponent_aware_diagnostic] *
      R 2  buy $ 18,260.73   sel     $27,500.00   [strat=opponent_aware_diagnostic]
      R 3  buy $ 10,744.82   sel     $27,000.00   [strat=opponent_aware_diagnostic]
      R 4  buy $  2,462.99   sel     $26,500.00   [strat=opponent_aware_diagnostic]
      R 5  buy $  5,627.34   sel     $26,500.00   [strat=opponent_aware_diagnostic]
      R 6  buy $    695.39   sel     $26,500.00   [strat=market_expert_value_justifier] *
      R 7  buy $ 14,835.10   sel     $25,000.00   [strat=market_expert_value_justifier]
      R 8  buy $ 10,181.95   sel     $24,000.00   [strat=market_expert_value_justifier]
      R 9  buy $ 21,699.11   sel     $23,000.00   [strat=market_expert_value_justifier]
      R10  buy $  9,098.44   sel     $22,500.00   [strat=market_expert_value_justifier]
      R11  buy $  3,533.21   sel     $22,000.00   [strat=market_expert_value_justifier]
      R12  buy $  7,051.23   sel     $21,500.00   [strat=reciprocal_fairness_keeper] *
      R13  buy $  7,140.86   sel     $21,000.00   [strat=reciprocal_fairness_keeper]
      R14  buy $  6,098.50   sel     $21,000.00   [strat=reciprocal_fairness_keeper]
      R15  buy $  9,730.92   sel     $20,500.00   [strat=reciprocal_fairness_keeper]
      R16  buy $  4,511.93   sel     $20,000.00   [strat=reciprocal_fairness_keeper]
   run 15 done in 7.4 min

   run 16/30 on 2019 Honda Accord Sport 1.5T  seed=21362435
      R 1  buy $    813.30   sel     $27,500.00   [strat=opponent_aware_diagnostic] *
      R 2  buy $ 15,156.71   sel     $26,500.00   [strat=opponent_aware_diagnostic]
      R 3  buy $  1,549.99   sel     $26,000.00   [strat=opponent_aware_diagnostic]
      R 4  buy $ 20,821.46   sel     $25,500.00   [strat=opponent_aware_diagnostic]
      R 5  buy $ 14,940.11   sel     $24,900.00   [strat=opponent_aware_diagnostic]
      R 6  buy $  9,372.84   sel     $24,500.00   [strat=market_expert_value_justifier] *
      R 7  buy $ 17,966.45   sel     $24,000.00   [strat=market_expert_value_justifier]
      R 8  buy $ 16,545.94   sel     $23,500.00   [strat=market_expert_value_justifier]
      R 9  buy $ 20,347.49   sel     $23,000.00   [strat=market_expert_value_justifier]
      R10  buy $  8,769.06   sel     $22,500.00   [strat=market_expert_value_justifier]
      R11  buy $  4,498.82   sel     $22,500.00   [strat=market_expert_value_justifier]
      R12  buy $ 15,677.75   sel     $22,000.00   [strat=reciprocal_fairness_keeper] *
      R13  buy $  9,525.31   sel     $21,500.00   [strat=reciprocal_fairness_keeper]
      R14  buy $ 12,497.29   sel     $21,000.00   [strat=reciprocal_fairness_keeper]
      R15  buy $ 20,841.52   sel     $20,900.00   [strat=reciprocal_fairness_keeper]
      R16  buy $    688.27   sel     $20,900.00   [strat=reciprocal_fairness_keeper]
   run 16 done in 5.7 min

   run 17/30 on 2019 Honda Accord Sport 1.5T  seed=21362436
      R 1  buy $  4,195.81   sel     $24,500.00   [strat=opponent_aware_diagnostic] *
      R 2  buy $ 13,595.22   sel     $23,000.00   [strat=opponent_aware_diagnostic]
      R 3  buy $ 12,529.21   sel     $22,500.00   [strat=opponent_aware_diagnostic]
      R 4  buy $ 15,842.30   sel     $22,000.00   [strat=opponent_aware_diagnostic]
      R 5  buy $ 19,640.79   sel     $21,500.00   [strat=opponent_aware_diagnostic]
      R 6  buy $ 21,378.90   sel     $21,378.90   [strat=market_expert_value_justifier] *
      R 7  buy $ 16,283.74   sel     $21,000.00   [strat=market_expert_value_justifier]
      R 8  buy $  2,506.31   sel     $20,000.00   [strat=market_expert_value_justifier]
      R 9  buy $  1,135.75   sel     $19,000.00   [strat=market_expert_value_justifier]
      R10  buy $  3,840.43   sel     $18,500.00   [strat=market_expert_value_justifier]
      R11  buy $ 17,950.46   sel     $18,200.00   [strat=market_expert_value_justifier]
      R12  buy $    260.17   sel     $18,100.00   [strat=reciprocal_fairness_keeper] *
      R13  buy $  8,468.13   sel     $17,500.00   [strat=reciprocal_fairness_keeper]
      R14  buy $  5,041.31   sel     $17,500.00   [strat=reciprocal_fairness_keeper]
      R15  buy $  7,298.08   sel     $17,000.00   [strat=reciprocal_fairness_keeper]
      R16  buy $  4,757.71   sel     $16,500.00   [strat=reciprocal_fairness_keeper]
   run 17 done in 7.5 min

   run 18/30 on 2019 Honda Accord Sport 1.5T  seed=21362437
      R 1  buy $ 15,311.86   sel     $16,500.00   [strat=opponent_aware_diagnostic] *
      R 2  buy $ 13,551.20   sel     $16,200.00   [strat=opponent_aware_diagnostic]
      R 3  buy $ 12,614.42   sel     $16,000.00   [strat=opponent_aware_diagnostic]
      R 4  buy $ 12,974.72   sel     $15,800.00   [strat=opponent_aware_diagnostic]
      R 5  buy $  4,792.47   sel     $15,800.00   [strat=opponent_aware_diagnostic]
      R 6  buy $  8,404.85   sel     $15,800.00   [strat=market_expert_value_justifier] *
      R 7  buy $ 14,335.14   sel     $15,500.00   [strat=market_expert_value_justifier]
      R 8  buy $ 10,850.74   sel     $15,500.00   [strat=market_expert_value_justifier]
      R 9  buy $  1,792.95   sel     $15,500.00   [strat=market_expert_value_justifier]
      R10  buy $  4,499.24   sel     $15,500.00   [strat=market_expert_value_justifier]
      R11  buy $    222.91   sel     $15,500.00   [strat=market_expert_value_justifier]
      R12  buy $  7,934.97   sel     $15,250.00   [strat=reciprocal_fairness_keeper] *
      R13  buy $ 13,355.66   sel     $15,000.00   [strat=reciprocal_fairness_keeper]
      R14  buy $  1,551.12   sel     $15,000.00   [strat=reciprocal_fairness_keeper]
      R15  buy $  4,984.76   sel     $15,000.00   [strat=reciprocal_fairness_keeper]
      R16  buy $ 13,126.24   sel     $14,900.00   [strat=reciprocal_fairness_keeper]
   run 18 done in 8.4 min

   run 19/30 on 2019 Honda Accord Sport 1.5T  seed=21362438
      R 1  buy $  5,020.05   sel     $26,500.00   [strat=opponent_aware_diagnostic] *
      R 2  buy $ 21,395.51   sel     $25,000.00   [strat=opponent_aware_diagnostic]
      R 3  buy $  8,438.17   sel     $24,000.00   [strat=opponent_aware_diagnostic]
      R 4  buy $  4,011.91   sel     $23,500.00   [strat=opponent_aware_diagnostic]
      R 5  buy $ 20,584.22   sel     $22,000.00   [strat=opponent_aware_diagnostic]
      R 6  buy $    844.20   sel     $21,500.00   [strat=market_expert_value_justifier] *
      R 7  buy $ 17,042.68   sel     $19,500.00   [strat=market_expert_value_justifier]
      R 8  buy $ 18,896.09   sel     $19,250.00   [strat=market_expert_value_justifier]
      R 9  buy $  9,879.94   sel     $19,000.00   [strat=market_expert_value_justifier]
      R10  buy $ 12,580.85   sel     $18,500.00   [strat=market_expert_value_justifier]
      R11  buy $ 13,808.71   sel     $18,500.00   [strat=market_expert_value_justifier]
      R12  buy $ 15,436.55   sel     $18,000.00   [strat=reciprocal_fairness_keeper] *
      R13  buy $  5,991.07   sel     $18,000.00   [strat=reciprocal_fairness_keeper]
      R14  buy $ 17,718.13   sel     $17,718.13   [strat=reciprocal_fairness_keeper]
      R15  buy $    793.53   sel     $17,718.13   [strat=reciprocal_fairness_keeper]
      R16  buy $ 11,777.65   sel     $17,000.00   [strat=reciprocal_fairness_keeper]
   run 19 done in 7.1 min

   run 20/30 on 2019 Honda Accord Sport 1.5T  seed=21362439
      R 1  buy $  6,253.52   sel     $22,500.00   [strat=opponent_aware_diagnostic] *
      R 2  buy $ 10,882.94   sel     $21,000.00   [strat=opponent_aware_diagnostic]
      R 3  buy $ 14,671.31   sel     $19,000.00   [strat=opponent_aware_diagnostic]
      R 4  buy $  8,561.20   sel     $18,500.00   [strat=opponent_aware_diagnostic]
      R 5  buy $  1,488.91   sel     $17,000.00   [strat=opponent_aware_diagnostic]
      R 6  buy $  4,050.79   sel     $16,000.00   [strat=market_expert_value_justifier] *
      R 7  buy $ 14,914.05   sel     $15,500.00   [strat=market_expert_value_justifier]
      R 8  buy $    955.48   sel     $15,500.00   [strat=market_expert_value_justifier]
      R 9  buy $  1,129.84   sel     $15,500.00   [strat=market_expert_value_justifier]
      R10  buy $  9,516.81   sel     PARSE-FAIL   [strat=market_expert_value_justifier]
      R11  buy $ 10,747.04   sel     $15,500.00   [strat=market_expert_value_justifier]
      R12  buy $ 10,496.40   sel     $15,500.00   [strat=reciprocal_fairness_keeper] *
      R13  buy $ 12,238.58   sel     $15,000.00   [strat=reciprocal_fairness_keeper]
      R14  buy $ 13,089.71   sel     $14,750.00   [strat=reciprocal_fairness_keeper]
      R15  buy $  1,203.16   sel     $14,500.00   [strat=reciprocal_fairness_keeper]
      R16  buy $    312.85   sel     $14,500.00   [strat=reciprocal_fairness_keeper]
   run 20 done in 8.5 min

   run 21/30 on 2019 Honda Accord Sport 1.5T  seed=21362440
      R 1  buy $ 21,974.58   sel     $25,995.00   [strat=opponent_aware_diagnostic] *
      R 2  buy $ 11,321.51   sel     $25,995.00   [strat=opponent_aware_diagnostic]
      R 3  buy $ 14,869.23   sel     $15,500.00   [strat=opponent_aware_diagnostic]
      R 4  buy $  2,979.32   sel     $15,500.00   [strat=opponent_aware_diagnostic]
      R 5  buy $  5,756.17   sel     $15,500.00   [strat=opponent_aware_diagnostic]
      R 6  buy $  1,908.39   sel     $15,500.00   [strat=market_expert_value_justifier] *
      R 7  buy $    240.96   sel     $15,500.00   [strat=market_expert_value_justifier]
      R 8  buy $  9,471.16   sel     $15,500.00   [strat=market_expert_value_justifier]
      R 9  buy $ 12,833.68   sel     $14,500.00   [strat=market_expert_value_justifier]
      R10  buy $  2,488.89   sel     $14,500.00   [strat=market_expert_value_justifier]
      R11  buy $ 13,361.83   sel     $14,200.00   [strat=market_expert_value_justifier]
      R12  buy $  9,386.06   sel     $14,200.00   [strat=reciprocal_fairness_keeper] *
      R13  buy $  5,258.95   sel     $14,200.00   [strat=reciprocal_fairness_keeper]
      R14  buy $    453.78   sel     $14,200.00   [strat=reciprocal_fairness_keeper]
      R15  buy $  4,691.83   sel     $14,200.00   [strat=reciprocal_fairness_keeper]
      R16  buy $  3,905.62   sel     $14,200.00   [strat=reciprocal_fairness_keeper]
   run 21 done in 7.5 min

   run 22/30 on 2019 Honda Accord Sport 1.5T  seed=21362441
      R 1  buy $ 11,401.60   sel     $25,500.00   [strat=opponent_aware_diagnostic] *
      R 2  buy $ 10,905.61   sel     $24,500.00   [strat=opponent_aware_diagnostic]
      R 3  buy $ 20,750.08   sel     $23,500.00   [strat=opponent_aware_diagnostic]
      R 4  buy $ 17,743.52   sel     $22,500.00   [strat=opponent_aware_diagnostic]
      R 5  buy $  6,150.94   sel     PARSE-FAIL   [strat=opponent_aware_diagnostic]
      R 6  buy $  5,008.82   sel     $22,500.00   [strat=market_expert_value_justifier] *
      R 7  buy $ 20,938.97   sel     $21,250.00   [strat=market_expert_value_justifier]
      R 8  buy $  9,668.35   sel     $21,000.00   [strat=market_expert_value_justifier]
      R 9  buy $ 14,874.50   sel     $20,500.00   [strat=market_expert_value_justifier]
      R10  buy $ 18,711.35   sel     $19,500.00   [strat=market_expert_value_justifier]
      R11  buy $ 13,056.03   sel     $19,000.00   [strat=market_expert_value_justifier]
      R12  buy $ 15,681.94   sel     $18,500.00   [strat=reciprocal_fairness_keeper] *
      R13  buy $ 13,333.40   sel     $18,000.00   [strat=reciprocal_fairness_keeper]
      R14  buy $  7,234.04   sel     $17,500.00   [strat=reciprocal_fairness_keeper]
      R15  buy $  2,337.48   sel     $17,000.00   [strat=reciprocal_fairness_keeper]
      R16  buy $ 12,943.00   sel     $16,500.00   [strat=reciprocal_fairness_keeper]
   run 22 done in 7.4 min

   run 23/30 on 2019 Honda Accord Sport 1.5T  seed=21362442
      R 1  buy $ 25,215.71   sel     $27,995.00   [strat=opponent_aware_diagnostic] *
      R 2  buy $ 25,716.28   sel     $27,500.00   [strat=opponent_aware_diagnostic]
      R 3  buy $ 20,356.00   sel     $27,000.00   [strat=opponent_aware_diagnostic]
      R 4  buy $ 11,362.41   sel     $26,500.00   [strat=opponent_aware_diagnostic]
      R 5  buy $ 14,098.64   sel     $24,500.00   [strat=opponent_aware_diagnostic]
      R 6  buy $  5,580.78   sel     $24,500.00   [strat=market_expert_value_justifier] *
      R 7  buy $ 18,752.14   sel     $23,500.00   [strat=market_expert_value_justifier]
      R 8  buy $ 17,170.59   sel     $22,500.00   [strat=market_expert_value_justifier]
      R 9  buy $ 12,817.44   sel     $20,000.00   [strat=market_expert_value_justifier]
      R10  buy $ 15,215.68   sel     $20,000.00   [strat=market_expert_value_justifier]
      R11  buy $ 19,913.88   sel     $19,913.88   [strat=market_expert_value_justifier]
      R12  buy $  4,531.37   sel     $19,913.88   [strat=reciprocal_fairness_keeper] *
      R13  buy $ 10,550.64   sel     $19,913.88   [strat=reciprocal_fairness_keeper]
      R14  buy $ 17,085.11   sel     $19,000.00   [strat=reciprocal_fairness_keeper]
      R15  buy $  7,177.89   sel     $19,000.00   [strat=reciprocal_fairness_keeper]
      R16  buy $  6,496.57   sel     $18,500.00   [strat=reciprocal_fairness_keeper]
   run 23 done in 9.5 min

   run 24/30 on 2019 Honda Accord Sport 1.5T  seed=21362443
      R 1  buy $ 25,937.51   sel     $27,499.00   [strat=opponent_aware_diagnostic] *
      R 2  buy $ 17,342.94   sel     $26,500.00   [strat=opponent_aware_diagnostic]
      R 3  buy $ 17,885.72   sel     $25,999.00   [strat=opponent_aware_diagnostic]
      R 4  buy $ 16,051.30   sel     $25,499.00   [strat=opponent_aware_diagnostic]
      R 5  buy $ 15,841.07   sel     $25,250.00   [strat=opponent_aware_diagnostic]
      R 6  buy $ 12,566.46   sel     $24,999.00   [strat=market_expert_value_justifier] *
      R 7  buy $  5,518.27   sel     $24,500.00   [strat=market_expert_value_justifier]
      R 8  buy $  7,868.60   sel     $24,000.00   [strat=market_expert_value_justifier]
      R 9  buy $ 13,550.66   sel     $23,750.00   [strat=market_expert_value_justifier]
      R10  buy $    708.91   sel     $23,500.00   [strat=market_expert_value_justifier]
      R11  buy $ 20,100.25   sel     $23,000.00   [strat=market_expert_value_justifier]
      R12  buy $ 14,895.26   sel     $21,000.00   [strat=reciprocal_fairness_keeper] *
      R13  buy $  3,073.78   sel     $20,000.00   [strat=reciprocal_fairness_keeper]
      R14  buy $  2,571.93   sel     $19,500.00   [strat=reciprocal_fairness_keeper]
      R15  buy $ 15,067.33   sel     $18,500.00   [strat=reciprocal_fairness_keeper]
      R16  buy $ 15,786.42   sel     $17,500.00   [strat=reciprocal_fairness_keeper]
   run 24 done in 6.8 min

   run 25/30 on 2019 Honda Accord Sport 1.5T  seed=21362444
      R 1  buy $ 11,420.15   sel     $15,995.00   [strat=opponent_aware_diagnostic] *
      R 2  buy $    425.41   sel     $15,995.00   [strat=opponent_aware_diagnostic]
      R 3  buy $  5,564.83   sel     $15,995.00   [strat=opponent_aware_diagnostic]
      R 4  buy $ 15,532.44   sel     $15,763.72   [strat=opponent_aware_diagnostic]
      R 5  buy $ 15,478.24   sel     $15,600.00   [strat=opponent_aware_diagnostic]
      R 6  buy $  8,082.35   sel     $15,600.00   [strat=market_expert_value_justifier] *
      R 7  buy $  1,643.33   sel     $15,600.00   [strat=market_expert_value_justifier]
      R 8  buy $  5,215.57   sel     $15,600.00   [strat=market_expert_value_justifier]
      R 9  buy $  1,326.71   sel     $15,550.00   [strat=market_expert_value_justifier]
      R10  buy $  3,256.00   sel     $15,550.00   [strat=market_expert_value_justifier]
      R11  buy $ 14,742.51   sel     $15,146.26   [strat=market_expert_value_justifier]
      R12  buy $ 11,221.39   sel     $14,995.00   [strat=reciprocal_fairness_keeper] *
      R13  buy $ 14,441.89   sel     $14,700.00   [strat=reciprocal_fairness_keeper]
      R14  buy $  1,868.85   sel     $14,700.00   [strat=reciprocal_fairness_keeper]
      R15  buy $  5,008.85   sel     $14,700.00   [strat=reciprocal_fairness_keeper]
      R16  buy $    912.60   sel     $14,700.00   [strat=reciprocal_fairness_keeper]
   run 25 done in 7.7 min

   run 26/30 on 2019 Honda Accord Sport 1.5T  seed=21362445
      R 1  buy $ 18,861.22   sel     $24,995.00   [strat=opponent_aware_diagnostic] *
      R 2  buy $ 14,351.10   sel     $24,500.00   [strat=opponent_aware_diagnostic]
      R 3  buy $ 11,019.14   sel     $24,000.00   [strat=opponent_aware_diagnostic]
      R 4  buy $  5,537.16   sel     $23,500.00   [strat=opponent_aware_diagnostic]
      R 5  buy $ 20,353.09   sel     $22,500.00   [strat=opponent_aware_diagnostic]
      R 6  buy $ 13,959.63   sel     $21,500.00   [strat=market_expert_value_justifier] *
      R 7  buy $  6,735.03   sel     $21,000.00   [strat=market_expert_value_justifier]
      R 8  buy $ 17,098.60   sel     $20,000.00   [strat=market_expert_value_justifier]
      R 9  buy $  6,840.30   sel     $19,500.00   [strat=market_expert_value_justifier]
      R10  buy $ 13,734.31   sel     $19,000.00   [strat=market_expert_value_justifier]
      R11  buy $ 12,077.53   sel     $18,500.00   [strat=market_expert_value_justifier]
      R12  buy $ 12,210.03   sel     $18,250.00   [strat=reciprocal_fairness_keeper] *
      R13  buy $ 11,162.15   sel     $18,000.00   [strat=reciprocal_fairness_keeper]
      R14  buy $ 14,470.19   sel     $17,750.00   [strat=reciprocal_fairness_keeper]
      R15  buy $ 15,810.99   sel     $17,000.00   [strat=reciprocal_fairness_keeper]
      R16  buy $  4,904.83   sel     $16,500.00   [strat=reciprocal_fairness_keeper]
   run 26 done in 9.9 min

   run 27/30 on 2019 Honda Accord Sport 1.5T  seed=21362446
      R 1  buy $ 26,616.54   sel     $27,995.00   [strat=opponent_aware_diagnostic] *
      R 2  buy $  8,146.53   sel     $27,500.00   [strat=opponent_aware_diagnostic]
      R 3  buy $  8,498.91   sel     $26,995.00   [strat=opponent_aware_diagnostic]
      R 4  buy $  5,835.81   sel     $26,500.00   [strat=opponent_aware_diagnostic]
      R 5  buy $ 11,402.88   sel     $24,500.00   [strat=opponent_aware_diagnostic]
      R 6  buy $ 22,933.61   sel     $23,999.00   [strat=market_expert_value_justifier] *
      R 7  buy $  4,617.58   sel     $23,999.00   [strat=market_expert_value_justifier]
      R 8  buy $ 21,431.38   sel     $23,000.00   [strat=market_expert_value_justifier]
      R 9  buy $ 16,518.51   sel     $20,999.00   [strat=market_expert_value_justifier]
      R10  buy $  5,595.43   sel     $19,500.00   [strat=market_expert_value_justifier]
      R11  buy $  6,286.17   sel     $18,999.00   [strat=market_expert_value_justifier]
      R12  buy $  1,204.05   sel     $18,999.00   [strat=reciprocal_fairness_keeper] *
      R13  buy $ 18,116.01   sel     $18,500.00   [strat=reciprocal_fairness_keeper]
      R14  buy $  3,087.04   sel     $17,999.00   [strat=reciprocal_fairness_keeper]
      R15  buy $  3,403.51   sel     $17,999.00   [strat=reciprocal_fairness_keeper]
      R16  buy $ 17,515.91   sel     $17,757.00   [strat=reciprocal_fairness_keeper]
   run 27 done in 7.8 min

   run 28/30 on 2019 Honda Accord Sport 1.5T  seed=21362447
      R 1  buy $  6,348.19   sel     $25,999.99   [strat=opponent_aware_diagnostic] *
      R 2  buy $ 12,264.77   sel     $24,999.99   [strat=opponent_aware_diagnostic]
      R 3  buy $  7,772.00   sel     $24,499.99   [strat=opponent_aware_diagnostic]
      R 4  buy $ 18,200.49   sel     $23,500.00   [strat=opponent_aware_diagnostic]
      R 5  buy $ 10,605.98   sel     $22,999.00   [strat=opponent_aware_diagnostic]
      R 6  buy $ 12,084.01   sel     $22,499.00   [strat=market_expert_value_justifier] *
      R 7  buy $  6,745.58   sel     $21,999.00   [strat=market_expert_value_justifier]
      R 8  buy $  5,645.10   sel     $21,499.00   [strat=market_expert_value_justifier]
      R 9  buy $  9,725.19   sel     $21,000.00   [strat=market_expert_value_justifier]
      R10  buy $  3,737.34   sel     $20,500.00   [strat=market_expert_value_justifier]
      R11  buy $  5,043.33   sel     $20,500.00   [strat=market_expert_value_justifier]
      R12  buy $ 12,535.32   sel     $20,500.00   [strat=reciprocal_fairness_keeper] *
      R13  buy $  5,177.19   sel     $20,000.00   [strat=reciprocal_fairness_keeper]
      R14  buy $ 17,305.89   sel     $18,500.00   [strat=reciprocal_fairness_keeper]
      R15  buy $  1,079.99   sel     $18,500.00   [strat=reciprocal_fairness_keeper]
      R16  buy $  7,736.05   sel     $18,000.00   [strat=reciprocal_fairness_keeper]
   run 28 done in 8.8 min

   run 29/30 on 2019 Honda Accord Sport 1.5T  seed=21362448
      R 1  buy $  1,152.64   sel     $25,500.00   [strat=opponent_aware_diagnostic] *
      R 2  buy $  2,748.94   sel     $25,000.00   [strat=opponent_aware_diagnostic]
      R 3  buy $ 15,622.15   sel     $24,000.00   [strat=opponent_aware_diagnostic]
      R 4  buy $ 11,439.75   sel     $23,500.00   [strat=opponent_aware_diagnostic]
      R 5  buy $  5,242.62   sel     $23,000.00   [strat=opponent_aware_diagnostic]
      R 6  buy $ 10,078.35   sel     $22,500.00   [strat=market_expert_value_justifier] *
      R 7  buy $  1,959.04   sel     $22,000.00   [strat=market_expert_value_justifier]
      R 8  buy $ 19,266.78   sel     $21,500.00   [strat=market_expert_value_justifier]
      R 9  buy $ 18,015.79   sel     $20,500.00   [strat=market_expert_value_justifier]
      R10  buy $  7,558.45   sel     $19,999.00   [strat=market_expert_value_justifier]
      R11  buy $ 14,745.53   sel     $18,500.00   [strat=market_expert_value_justifier]
      R12  buy $  9,076.58   sel     $17,500.00   [strat=reciprocal_fairness_keeper] *
      R13  buy $  5,655.89   sel     $17,500.00   [strat=reciprocal_fairness_keeper]
      R14  buy $  1,456.37   sel     $17,500.00   [strat=reciprocal_fairness_keeper]
      R15  buy $    840.68   sel     $17,500.00   [strat=reciprocal_fairness_keeper]
      R16  buy $ 10,887.34   sel     $16,500.00   [strat=reciprocal_fairness_keeper]
   run 29 done in 7.8 min

   run 30/30 on 2019 Honda Accord Sport 1.5T  seed=21362449
      R 1  buy $ 25,539.54   sel     $27,500.00   [strat=opponent_aware_diagnostic] *
      R 2  buy $  2,490.82   sel     $27,000.00   [strat=opponent_aware_diagnostic]
      R 3  buy $  6,888.10   sel     $26,500.00   [strat=opponent_aware_diagnostic]
      R 4  buy $ 13,265.10   sel     $26,000.00   [strat=opponent_aware_diagnostic]
      R 5  buy $  6,917.26   sel     $25,500.00   [strat=opponent_aware_diagnostic]
      R 6  buy $  6,228.21   sel     $25,500.00   [strat=market_expert_value_justifier] *
      R 7  buy $  3,646.27   sel     $25,500.00   [strat=market_expert_value_justifier]
      R 8  buy $  3,561.56   sel     $25,500.00   [strat=market_expert_value_justifier]
      R 9  buy $ 12,287.73   sel     $25,500.00   [strat=market_expert_value_justifier]
      R10  buy $ 18,231.41   sel     $24,500.00   [strat=market_expert_value_justifier]
      R11  buy $ 11,381.44   sel     $23,500.00   [strat=market_expert_value_justifier]
      R12  buy $ 16,680.75   sel     $22,000.00   [strat=reciprocal_fairness_keeper] *
      R13  buy $  4,626.06   sel     $21,000.00   [strat=reciprocal_fairness_keeper]
      R14  buy $ 10,641.99   sel     $20,000.00   [strat=reciprocal_fairness_keeper]
      R15  buy $  1,596.99   sel     $19,000.00   [strat=reciprocal_fairness_keeper]
      R16  buy $  7,138.63   sel     $18,500.00   [strat=reciprocal_fairness_keeper]
   run 30 done in 8.6 min

   ---> checkpoint: car 3/5 done in 218.4 min; total so far 646.4 min; saved 90 runs to exp11_transitionB_rep3.json

--- CAR 4/5: 2022 Toyota RAV4 XLE AWD  (M=$32,000.00  cost=$20,800.00  cost/M=65.00%) ---

   run 1/30 on 2022 Toyota RAV4 XLE AWD  seed=21363420
      R 1  buy $  8,288.48   sel     $29,995.00   [strat=opponent_aware_diagnostic] *
      R 2  buy $  8,144.76   sel     $29,995.00   [strat=opponent_aware_diagnostic]
      R 3  buy $ 23,280.43   sel     $28,995.00   [strat=opponent_aware_diagnostic]
      R 4  buy $  9,713.47   sel     $28,995.00   [strat=opponent_aware_diagnostic]
      R 5  buy $ 25,685.16   sel     $28,500.00   [strat=opponent_aware_diagnostic]
      R 6  buy $ 15,579.54   sel     $28,250.00   [strat=market_expert_value_justifier] *
      R 7  buy $ 17,573.51   sel     $28,000.00   [strat=market_expert_value_justifier]
      R 8  buy $ 21,853.33   sel     $27,500.00   [strat=market_expert_value_justifier]
      R 9  buy $  7,302.84   sel     $27,000.00   [strat=market_expert_value_justifier]
      R10  buy $ 16,806.97   sel     $26,500.00   [strat=market_expert_value_justifier]
      R11  buy $ 15,577.42   sel     $26,000.00   [strat=market_expert_value_justifier]
      R12  buy $  2,261.34   sel     $26,000.00   [strat=reciprocal_fairness_keeper] *
      R13  buy $ 12,705.43   sel     $26,000.00   [strat=reciprocal_fairness_keeper]
      R14  buy $ 12,477.39   sel     $25,500.00   [strat=reciprocal_fairness_keeper]
      R15  buy $ 21,362.98   sel     $25,000.00   [strat=reciprocal_fairness_keeper]
      R16  buy $ 19,972.06   sel     $24,500.00   [strat=reciprocal_fairness_keeper]
   run 1 done in 6.6 min

   run 2/30 on 2022 Toyota RAV4 XLE AWD  seed=21363421
      R 1  buy $ 15,256.92   sel     $30,995.00   [strat=opponent_aware_diagnostic] *
      R 2  buy $  7,640.72   sel     $27,500.00   [strat=opponent_aware_diagnostic]
      R 3  buy $ 26,851.62   sel     $27,000.00   [strat=opponent_aware_diagnostic]
      R 4  buy $  8,798.61   sel     $26,900.00   [strat=opponent_aware_diagnostic]
      R 5  buy $ 22,361.67   sel     $26,500.00   [strat=opponent_aware_diagnostic]
      R 6  buy $ 18,789.94   sel     $26,000.00   [strat=market_expert_value_justifier] *
      R 7  buy $ 13,243.51   sel     $25,500.00   [strat=market_expert_value_justifier]
      R 8  buy $    178.59   sel     $25,500.00   [strat=market_expert_value_justifier]
      R 9  buy $ 16,964.45   sel     $25,000.00   [strat=market_expert_value_justifier]
      R10  buy $  3,237.00   sel     $24,900.00   [strat=market_expert_value_justifier]
      R11  buy $  8,303.73   sel     $24,800.00   [strat=market_expert_value_justifier]
      R12  buy $ 15,978.84   sel     $24,700.00   [strat=reciprocal_fairness_keeper] *
      R13  buy $ 10,559.26   sel     $24,700.00   [strat=reciprocal_fairness_keeper]
      R14  buy $ 24,656.08   sel     $24,656.08   [strat=reciprocal_fairness_keeper]
      R15  buy $ 19,848.71   sel     $24,400.00   [strat=reciprocal_fairness_keeper]
      R16  buy $ 16,291.91   sel     $24,400.00   [strat=reciprocal_fairness_keeper]
   run 2 done in 6.9 min

   run 3/30 on 2022 Toyota RAV4 XLE AWD  seed=21363422
      R 1  buy $  9,721.45   sel     $29,995.00   [strat=opponent_aware_diagnostic] *
      R 2  buy $ 16,180.80   sel     $28,995.00   [strat=opponent_aware_diagnostic]
      R 3  buy $ 19,100.08   sel     $27,995.00   [strat=opponent_aware_diagnostic]
      R 4  buy $ 24,833.58   sel     $27,500.00   [strat=opponent_aware_diagnostic]
      R 5  buy $  5,219.97   sel     $27,500.00   [strat=opponent_aware_diagnostic]
      R 6  buy $ 13,582.65   sel     $27,000.00   [strat=market_expert_value_justifier] *
      R 7  buy $  1,264.27   sel     $26,500.00   [strat=market_expert_value_justifier]
      R 8  buy $  8,348.70   sel     $26,000.00   [strat=market_expert_value_justifier]
      R 9  buy $ 19,606.36   sel     $25,500.00   [strat=market_expert_value_justifier]
      R10  buy $ 10,879.19   sel     $25,000.00   [strat=market_expert_value_justifier]
      R11  buy $  4,510.91   sel     $24,500.00   [strat=market_expert_value_justifier]
      R12  buy $ 24,211.96   sel     $24,350.00   [strat=reciprocal_fairness_keeper] *
      R13  buy $ 10,392.56   sel     $24,500.00   [strat=reciprocal_fairness_keeper]
      R14  buy $ 21,851.51   sel     $23,995.00   [strat=reciprocal_fairness_keeper]
      R15  buy $  5,490.86   sel     $23,500.00   [strat=reciprocal_fairness_keeper]
      R16  buy $  5,436.70   sel     $23,000.00   [strat=reciprocal_fairness_keeper]
   run 3 done in 6.3 min

   run 4/30 on 2022 Toyota RAV4 XLE AWD  seed=21363423
      R 1  buy $ 19,700.81   sel     $31,500.00   [strat=opponent_aware_diagnostic] *
      R 2  buy $  4,722.70   sel     $30,800.00   [strat=opponent_aware_diagnostic]
      R 3  buy $  9,533.19   sel     $30,000.00   [strat=opponent_aware_diagnostic]
      R 4  buy $  7,338.53   sel     $29,500.00   [strat=opponent_aware_diagnostic]
      R 5  buy $ 16,738.72   sel     $24,500.00   [strat=opponent_aware_diagnostic]
      R 6  buy $  7,806.80   sel     $24,500.00   [strat=market_expert_value_justifier] *
      R 7  buy $  1,517.89   sel     PARSE-FAIL   [strat=market_expert_value_justifier]
      R 8  buy $  9,889.70   sel     $24,500.00   [strat=market_expert_value_justifier]
      R 9  buy $ 16,594.02   sel     $23,900.00   [strat=market_expert_value_justifier]
      R10  buy $ 21,468.30   sel     $22,900.00   [strat=market_expert_value_justifier]
      R11  buy $ 17,433.35   sel     $22,500.00   [strat=market_expert_value_justifier]
      R12  buy $ 21,809.83   sel     $22,250.00   [strat=reciprocal_fairness_keeper] *
      R13  buy $ 18,086.84   sel     $22,000.00   [strat=reciprocal_fairness_keeper]
      R14  buy $  8,026.82   sel     $22,000.00   [strat=reciprocal_fairness_keeper]
      R15  buy $  3,514.43   sel     $22,000.00   [strat=reciprocal_fairness_keeper]
      R16  buy $ 20,454.52   sel     $21,250.00   [strat=reciprocal_fairness_keeper]
   run 4 done in 6.1 min

   run 5/30 on 2022 Toyota RAV4 XLE AWD  seed=21363424
      R 1  buy $ 17,965.97   sel     $29,995.00   [strat=opponent_aware_diagnostic] *
      R 2  buy $  8,895.24   sel     $28,500.00   [strat=opponent_aware_diagnostic]
      R 3  buy $ 13,746.56   sel     $27,500.00   [strat=opponent_aware_diagnostic]
      R 4  buy $ 10,038.47   sel     $26,500.00   [strat=opponent_aware_diagnostic]
      R 5  buy $ 15,952.02   sel     $25,750.00   [strat=opponent_aware_diagnostic]
      R 6  buy $ 22,573.82   sel     $24,900.00   [strat=market_expert_value_justifier] *
      R 7  buy $  4,538.66   sel     $24,500.00   [strat=market_expert_value_justifier]
      R 8  buy $  2,607.87   sel     $24,000.00   [strat=market_expert_value_justifier]
      R 9  buy $ 15,218.86   sel     $23,500.00   [strat=market_expert_value_justifier]
      R10  buy $  5,479.27   sel     $23,500.00   [strat=market_expert_value_justifier]
      R11  buy $ 21,882.69   sel     $23,000.00   [strat=market_expert_value_justifier]
      R12  buy $  4,266.37   sel     $22,500.00   [strat=reciprocal_fairness_keeper] *
      R13  buy $  6,482.86   sel     $22,000.00   [strat=reciprocal_fairness_keeper]
      R14  buy $  1,499.87   sel     $22,000.00   [strat=reciprocal_fairness_keeper]
      R15  buy $ 21,903.43   sel     $21,903.43   [strat=reciprocal_fairness_keeper]
      R16  buy $  3,667.35   sel     $22,000.00   [strat=reciprocal_fairness_keeper]
   run 5 done in 6.7 min

   run 6/30 on 2022 Toyota RAV4 XLE AWD  seed=21363425
      R 1  buy $ 14,138.00   sel     $30,995.00   [strat=opponent_aware_diagnostic] *
      R 2  buy $  5,736.76   sel     $30,495.00   [strat=opponent_aware_diagnostic]
      R 3  buy $  8,327.39   sel     $30,495.00   [strat=opponent_aware_diagnostic]
      R 4  buy $ 21,507.21   sel     $28,495.00   [strat=opponent_aware_diagnostic]
      R 5  buy $ 21,052.55   sel     $27,995.00   [strat=opponent_aware_diagnostic]
      R 6  buy $ 23,098.83   sel     $26,995.00   [strat=market_expert_value_justifier] *
      R 7  buy $  5,676.66   sel     $26,995.00   [strat=market_expert_value_justifier]
      R 8  buy $  6,612.94   sel     $26,995.00   [strat=market_expert_value_justifier]
      R 9  buy $  4,436.83   sel     $26,995.00   [strat=market_expert_value_justifier]
      R10  buy $  8,318.77   sel     $26,995.00   [strat=market_expert_value_justifier]
      R11  buy $    813.76   sel     $26,995.00   [strat=market_expert_value_justifier]
      R12  buy $ 11,389.04   sel     $26,995.00   [strat=reciprocal_fairness_keeper] *
      R13  buy $  8,152.53   sel     $26,995.00   [strat=reciprocal_fairness_keeper]
      R14  buy $ 14,459.11   sel     $26,495.00   [strat=reciprocal_fairness_keeper]
      R15  buy $  8,238.20   sel     $26,495.00   [strat=reciprocal_fairness_keeper]
      R16  buy $  2,458.62   sel     $25,995.00   [strat=reciprocal_fairness_keeper]
   run 6 done in 6.9 min

   run 7/30 on 2022 Toyota RAV4 XLE AWD  seed=21363426
      R 1  buy $ 25,233.45   sel     $29,995.00   [strat=opponent_aware_diagnostic] *
      R 2  buy $ 29,195.61   sel     $29,695.00   [strat=opponent_aware_diagnostic]
      R 3  buy $ 23,449.88   sel     $28,995.00   [strat=opponent_aware_diagnostic]
      R 4  buy $ 19,178.50   sel     $28,495.00   [strat=opponent_aware_diagnostic]
      R 5  buy $  4,676.46   sel     $27,995.00   [strat=opponent_aware_diagnostic]
      R 6  buy $ 21,233.52   sel     $27,500.00   [strat=market_expert_value_justifier] *
      R 7  buy $ 21,065.69   sel     $27,000.00   [strat=market_expert_value_justifier]
      R 8  buy $  4,368.53   sel     $26,500.00   [strat=market_expert_value_justifier]
      R 9  buy $  3,448.03   sel     $26,000.00   [strat=market_expert_value_justifier]
      R10  buy $ 10,072.46   sel     $25,500.00   [strat=market_expert_value_justifier]
      R11  buy $ 19,058.25   sel     $25,000.00   [strat=market_expert_value_justifier]
      R12  buy $ 12,868.67   sel     $25,000.00   [strat=reciprocal_fairness_keeper] *
      R13  buy $  4,375.61   sel     $24,900.00   [strat=reciprocal_fairness_keeper]
      R14  buy $  2,844.36   sel     $24,500.00   [strat=reciprocal_fairness_keeper]
      R15  buy $ 11,672.74   sel     $24,500.00   [strat=reciprocal_fairness_keeper]
      R16  buy $ 22,022.89   sel     $23,500.00   [strat=reciprocal_fairness_keeper]
   run 7 done in 7.2 min

   run 8/30 on 2022 Toyota RAV4 XLE AWD  seed=21363427
      R 1  buy $ 13,333.03   sel     $29,500.00   [strat=opponent_aware_diagnostic] *
      R 2  buy $ 17,128.79   sel     $27,900.00   [strat=opponent_aware_diagnostic]
      R 3  buy $ 27,717.80   sel     $27,650.00   [strat=opponent_aware_diagnostic]
      R 4  buy $  7,281.52   sel     $27,650.00   [strat=opponent_aware_diagnostic]
      R 5  buy $ 16,403.77   sel     $25,500.00   [strat=opponent_aware_diagnostic]
      R 6  buy $ 19,729.76   sel     $24,500.00   [strat=market_expert_value_justifier] *
      R 7  buy $ 19,354.04   sel     $23,900.00   [strat=market_expert_value_justifier]
      R 8  buy $  6,539.55   sel     $23,500.00   [strat=market_expert_value_justifier]
      R 9  buy $  1,618.90   sel     $23,000.00   [strat=market_expert_value_justifier]
      R10  buy $ 18,632.63   sel     $22,000.00   [strat=market_expert_value_justifier]
      R11  buy $  7,615.37   sel     $22,000.00   [strat=market_expert_value_justifier]
      R12  buy $    360.74   sel     $21,000.00   [strat=reciprocal_fairness_keeper] *
      R13  buy $ 17,808.80   sel     $20,900.00   [strat=reciprocal_fairness_keeper]
      R14  buy $  8,213.21   sel     $20,900.00   [strat=reciprocal_fairness_keeper]
      R15  buy $ 20,725.80   sel     $20,850.00   [strat=reciprocal_fairness_keeper]
      R16  buy $ 12,203.20   sel     $20,500.00   [strat=reciprocal_fairness_keeper]
   run 8 done in 7.1 min

   run 9/30 on 2022 Toyota RAV4 XLE AWD  seed=21363428
      R 1  buy $ 21,173.03   sel     $24,500.00   [strat=opponent_aware_diagnostic] *
      R 2  buy $ 11,933.46   sel     $24,000.00   [strat=opponent_aware_diagnostic]
      R 3  buy $  6,891.75   sel     $23,500.00   [strat=opponent_aware_diagnostic]
      R 4  buy $ 16,326.56   sel     $23,000.00   [strat=opponent_aware_diagnostic]
      R 5  buy $ 18,933.28   sel     $22,500.00   [strat=opponent_aware_diagnostic]
      R 6  buy $ 18,534.46   sel     $22,000.00   [strat=market_expert_value_justifier] *
      R 7  buy $  4,942.70   sel     $22,000.00   [strat=market_expert_value_justifier]
      R 8  buy $ 21,400.27   sel     $21,700.00   [strat=market_expert_value_justifier]
      R 9  buy $  4,087.61   sel     $21,500.00   [strat=market_expert_value_justifier]
      R10  buy $ 19,572.08   sel     $21,000.00   [strat=market_expert_value_justifier]
      R11  buy $    289.24   sel     $21,000.00   [strat=market_expert_value_justifier]
      R12  buy $  5,293.36   sel     $20,900.00   [strat=reciprocal_fairness_keeper] *
      R13  buy $ 19,129.30   sel     $20,800.00   [strat=reciprocal_fairness_keeper]
      R14  buy $ 15,899.25   sel     $20,500.00   [strat=reciprocal_fairness_keeper]
      R15  buy $  5,640.55   sel     $20,500.00   [strat=reciprocal_fairness_keeper]
      R16  buy $ 16,579.79   sel     $20,800.00   [strat=reciprocal_fairness_keeper]
   run 9 done in 7.5 min

   run 10/30 on 2022 Toyota RAV4 XLE AWD  seed=21363429
      R 1  buy $ 25,046.81   sel     $30,500.00   [strat=opponent_aware_diagnostic] *
      R 2  buy $ 14,645.59   sel     $30,500.00   [strat=opponent_aware_diagnostic]
      R 3  buy $ 29,002.46   sel     $29,500.00   [strat=opponent_aware_diagnostic]
      R 4  buy $ 23,297.08   sel     $28,500.00   [strat=opponent_aware_diagnostic]
      R 5  buy $ 19,938.30   sel     $27,900.00   [strat=opponent_aware_diagnostic]
      R 6  buy $ 20,120.36   sel     $27,500.00   [strat=market_expert_value_justifier] *
      R 7  buy $  3,796.61   sel     $27,500.00   [strat=market_expert_value_justifier]
      R 8  buy $ 20,303.20   sel     $26,500.00   [strat=market_expert_value_justifier]
      R 9  buy $  9,384.96   sel     $25,999.00   [strat=market_expert_value_justifier]
      R10  buy $    881.28   sel     $25,500.00   [strat=market_expert_value_justifier]
      R11  buy $  9,293.02   sel     $24,999.00   [strat=market_expert_value_justifier]
      R12  buy $ 23,539.23   sel     $24,500.00   [strat=reciprocal_fairness_keeper] *
      R13  buy $ 18,613.94   sel     $24,000.00   [strat=reciprocal_fairness_keeper]
      R14  buy $ 11,581.15   sel     $23,500.00   [strat=reciprocal_fairness_keeper]
      R15  buy $    854.72   sel     $23,000.00   [strat=reciprocal_fairness_keeper]
      R16  buy $ 18,835.17   sel     $22,500.00   [strat=reciprocal_fairness_keeper]
   run 10 done in 6.4 min

   run 11/30 on 2022 Toyota RAV4 XLE AWD  seed=21363430
      R 1  buy $ 19,457.91   sel     $24,999.99   [strat=opponent_aware_diagnostic] *
      R 2  buy $  6,763.53   sel     $23,999.99   [strat=opponent_aware_diagnostic]
      R 3  buy $ 10,250.47   sel     $22,999.99   [strat=opponent_aware_diagnostic]
      R 4  buy $ 16,670.65   sel     $21,999.99   [strat=opponent_aware_diagnostic]
      R 5  buy $  6,354.34   sel     $21,500.00   [strat=opponent_aware_diagnostic]
      R 6  buy $  6,395.89   sel     $21,000.00   [strat=market_expert_value_justifier] *
      R 7  buy $ 11,390.21   sel     $21,000.00   [strat=market_expert_value_justifier]
      R 8  buy $ 19,237.88   sel     $20,800.00   [strat=market_expert_value_justifier]
      R 9  buy $  4,083.29   sel     $20,800.00   [strat=market_expert_value_justifier]
      R10  buy $ 16,786.96   sel     $20,800.00   [strat=market_expert_value_justifier]
      R11  buy $ 17,617.79   sel     $20,700.00   [strat=market_expert_value_justifier]
      R12  buy $ 18,988.48   sel     $20,800.00   [strat=reciprocal_fairness_keeper] *
      R13  buy $ 10,143.73   sel     $20,800.00   [strat=reciprocal_fairness_keeper]
      R14  buy $  3,762.24   sel     $20,800.00   [strat=reciprocal_fairness_keeper]
      R15  buy $  4,558.13   sel     $20,800.00   [strat=reciprocal_fairness_keeper]
      R16  buy $  4,581.71   sel     $20,800.00   [strat=reciprocal_fairness_keeper]
   run 11 done in 8.9 min

   run 12/30 on 2022 Toyota RAV4 XLE AWD  seed=21363431
      R 1  buy $ 16,463.47   sel     $29,995.00   [strat=opponent_aware_diagnostic] *
      R 2  buy $ 23,871.33   sel     $28,495.00   [strat=opponent_aware_diagnostic]
      R 3  buy $    708.85   sel     $27,995.00   [strat=opponent_aware_diagnostic]
      R 4  buy $ 15,594.30   sel     $27,495.00   [strat=opponent_aware_diagnostic]
      R 5  buy $ 10,363.91   sel     $27,000.00   [strat=opponent_aware_diagnostic]
      R 6  buy $  5,585.38   sel     $27,000.00   [strat=market_expert_value_justifier] *
      R 7  buy $ 11,449.48   sel     $27,000.00   [strat=market_expert_value_justifier]
      R 8  buy $ 11,073.78   sel     $27,000.00   [strat=market_expert_value_justifier]
      R 9  buy $ 25,358.34   sel     $26,500.00   [strat=market_expert_value_justifier]
      R10  buy $  7,233.38   sel     $26,000.00   [strat=market_expert_value_justifier]
      R11  buy $  5,976.17   sel     $25,500.00   [strat=market_expert_value_justifier]
      R12  buy $    539.12   sel     $25,500.00   [strat=reciprocal_fairness_keeper] *
      R13  buy $  7,370.17   sel     $25,500.00   [strat=reciprocal_fairness_keeper]
      R14  buy $ 25,222.35   sel     $25,350.00   [strat=reciprocal_fairness_keeper]
      R15  buy $  6,403.18   sel     $25,350.00   [strat=reciprocal_fairness_keeper]
      R16  buy $ 11,591.51   sel     $25,000.00   [strat=reciprocal_fairness_keeper]
   run 12 done in 5.8 min

   run 13/30 on 2022 Toyota RAV4 XLE AWD  seed=21363432
      R 1  buy $  4,707.10   sel     $31,500.00   [strat=opponent_aware_diagnostic] *
      R 2  buy $  5,024.42   sel     $31,500.00   [strat=opponent_aware_diagnostic]
      R 3  buy $  5,238.29   sel     $30,900.00   [strat=opponent_aware_diagnostic]
      R 4  buy $  6,093.65   sel     $30,500.00   [strat=opponent_aware_diagnostic]
      R 5  buy $    595.55   sel     $30,500.00   [strat=opponent_aware_diagnostic]
      R 6  buy $ 14,920.37   sel     $29,900.00   [strat=market_expert_value_justifier] *
      R 7  buy $ 21,499.80   sel     $28,500.00   [strat=market_expert_value_justifier]
      R 8  buy $ 20,939.87   sel     $26,900.00   [strat=market_expert_value_justifier]
      R 9  buy $ 19,777.08   sel     $25,900.00   [strat=market_expert_value_justifier]
      R10  buy $ 19,463.63   sel     $24,900.00   [strat=market_expert_value_justifier]
      R11  buy $ 12,142.37   sel     $24,500.00   [strat=market_expert_value_justifier]
      R12  buy $  8,683.36   sel     $24,300.00   [strat=reciprocal_fairness_keeper] *
      R13  buy $  9,753.61   sel     $23,900.00   [strat=reciprocal_fairness_keeper]
      R14  buy $  4,553.61   sel     $23,500.00   [strat=reciprocal_fairness_keeper]
      R15  buy $ 17,840.83   sel     $22,900.00   [strat=reciprocal_fairness_keeper]
      R16  buy $ 21,580.12   sel     $22,500.00   [strat=reciprocal_fairness_keeper]
   run 13 done in 7.6 min

   run 14/30 on 2022 Toyota RAV4 XLE AWD  seed=21363433
      R 1  buy $  7,800.57   sel     $31,995.57   [strat=opponent_aware_diagnostic] *
      R 2  buy $    851.92   sel     $31,500.00   [strat=opponent_aware_diagnostic]
      R 3  buy $  6,641.50   sel     $31,200.00   [strat=opponent_aware_diagnostic]
      R 4  buy $ 21,279.08   sel     $29,995.00   [strat=opponent_aware_diagnostic]
      R 5  buy $ 13,437.68   sel     $28,500.00   [strat=opponent_aware_diagnostic]
      R 6  buy $  2,734.66   sel     $28,500.00   [strat=market_expert_value_justifier] *
      R 7  buy $ 24,204.38   sel     $27,900.00   [strat=market_expert_value_justifier]
      R 8  buy $ 17,183.22   sel     $26,900.00   [strat=market_expert_value_justifier]
      R 9  buy $ 26,179.07   sel     $26,500.00   [strat=market_expert_value_justifier]
      R10  buy $ 24,338.64   sel     $25,900.00   [strat=market_expert_value_justifier]
      R11  buy $ 19,901.42   sel     $25,500.00   [strat=market_expert_value_justifier]
      R12  buy $  3,425.98   sel     $24,900.00   [strat=reciprocal_fairness_keeper] *
      R13  buy $ 11,758.00   sel     $24,500.00   [strat=reciprocal_fairness_keeper]
      R14  buy $ 10,138.13   sel     $24,400.00   [strat=reciprocal_fairness_keeper]
      R15  buy $  8,120.76   sel     $24,400.00   [strat=reciprocal_fairness_keeper]
      R16  buy $ 23,681.06   sel     $24,400.00   [strat=reciprocal_fairness_keeper]
   run 14 done in 7.0 min

   run 15/30 on 2022 Toyota RAV4 XLE AWD  seed=21363434
      R 1  buy $ 10,398.27   sel     $30,995.00   [strat=opponent_aware_diagnostic] *
      R 2  buy $ 16,694.95   sel     $29,500.00   [strat=opponent_aware_diagnostic]
      R 3  buy $  9,159.52   sel     $28,995.00   [strat=opponent_aware_diagnostic]
      R 4  buy $ 18,049.37   sel     $27,500.00   [strat=opponent_aware_diagnostic]
      R 5  buy $ 24,843.05   sel     $26,000.00   [strat=opponent_aware_diagnostic]
      R 6  buy $ 21,600.59   sel     $25,500.00   [strat=market_expert_value_justifier] *
      R 7  buy $  6,280.33   sel     $25,250.00   [strat=market_expert_value_justifier]
      R 8  buy $ 21,563.89   sel     $25,000.00   [strat=market_expert_value_justifier]
      R 9  buy $ 18,940.12   sel     $24,750.00   [strat=market_expert_value_justifier]
      R10  buy $ 14,604.84   sel     $24,500.00   [strat=market_expert_value_justifier]
      R11  buy $  2,183.46   sel     $24,250.00   [strat=market_expert_value_justifier]
      R12  buy $  7,559.56   sel     $24,000.00   [strat=reciprocal_fairness_keeper] *
      R13  buy $  4,452.73   sel     $24,000.00   [strat=reciprocal_fairness_keeper]
      R14  buy $ 13,941.96   sel     $23,800.00   [strat=reciprocal_fairness_keeper]
      R15  buy $ 10,518.82   sel     $23,500.00   [strat=reciprocal_fairness_keeper]
      R16  buy $  4,194.20   sel     $23,250.00   [strat=reciprocal_fairness_keeper]
   run 15 done in 6.8 min

   run 16/30 on 2022 Toyota RAV4 XLE AWD  seed=21363435
      R 1  buy $ 31,036.15   sel     $32,495.00   [strat=opponent_aware_diagnostic] *
      R 2  buy $ 18,909.70   sel     $31,800.00   [strat=opponent_aware_diagnostic]
      R 3  buy $ 13,979.64   sel     $31,500.00   [strat=opponent_aware_diagnostic]
      R 4  buy $  2,565.31   sel     $31,250.00   [strat=opponent_aware_diagnostic]
      R 5  buy $  8,895.78   sel     $31,000.00   [strat=opponent_aware_diagnostic]
      R 6  buy $ 30,129.18   sel     $30,750.00   [strat=market_expert_value_justifier] *
      R 7  buy $ 22,022.31   sel     $30,500.00   [strat=market_expert_value_justifier]
      R 8  buy $ 15,797.64   sel     $30,000.00   [strat=market_expert_value_justifier]
      R 9  buy $ 25,833.15   sel     $29,750.00   [strat=market_expert_value_justifier]
      R10  buy $ 10,774.22   sel     $29,500.00   [strat=market_expert_value_justifier]
      R11  buy $ 11,152.00   sel     $29,000.00   [strat=market_expert_value_justifier]
      R12  buy $ 14,477.48   sel     $28,500.00   [strat=reciprocal_fairness_keeper] *
      R13  buy $  5,104.70   sel     $28,000.00   [strat=reciprocal_fairness_keeper]
      R14  buy $ 27,351.70   sel     $27,750.00   [strat=reciprocal_fairness_keeper]
      R15  buy $ 11,192.98   sel     $27,500.00   [strat=reciprocal_fairness_keeper]
      R16  buy $ 23,815.71   sel     $26,500.00   [strat=reciprocal_fairness_keeper]
   run 16 done in 8.0 min

   run 17/30 on 2022 Toyota RAV4 XLE AWD  seed=21363436
      R 1  buy $ 19,315.11   sel     $29,995.00   [strat=opponent_aware_diagnostic] *
      R 2  buy $ 28,570.77   sel     $29,495.00   [strat=opponent_aware_diagnostic]
      R 3  buy $ 24,212.70   sel     $29,295.00   [strat=opponent_aware_diagnostic]
      R 4  buy $  9,436.73   sel     $29,295.00   [strat=opponent_aware_diagnostic]
      R 5  buy $ 15,539.58   sel     $28,995.00   [strat=opponent_aware_diagnostic]
      R 6  buy $  6,131.66   sel     $28,750.00   [strat=market_expert_value_justifier] *
      R 7  buy $ 22,286.18   sel     $28,500.00   [strat=market_expert_value_justifier]
      R 8  buy $  8,299.72   sel     $28,400.00   [strat=market_expert_value_justifier]
      R 9  buy $ 14,417.92   sel     $28,400.00   [strat=market_expert_value_justifier]
      R10  buy $ 16,197.96   sel     $28,000.00   [strat=market_expert_value_justifier]
      R11  buy $  3,458.32   sel     $28,000.00   [strat=market_expert_value_justifier]
      R12  buy $ 25,754.78   sel     $27,500.00   [strat=reciprocal_fairness_keeper] *
      R13  buy $ 26,410.47   sel     $27,000.00   [strat=reciprocal_fairness_keeper]
      R14  buy $  2,286.14   sel     $26,800.00   [strat=reciprocal_fairness_keeper]
      R15  buy $  4,341.32   sel     $27,000.00   [strat=reciprocal_fairness_keeper]
      R16  buy $ 24,060.31   sel     $26,500.00   [strat=reciprocal_fairness_keeper]
   run 17 done in 7.0 min

   run 18/30 on 2022 Toyota RAV4 XLE AWD  seed=21363437
      R 1  buy $ 20,930.68   sel     $28,500.00   [strat=opponent_aware_diagnostic] *
      R 2  buy $ 23,723.87   sel     $27,995.00   [strat=opponent_aware_diagnostic]
      R 3  buy $ 10,144.35   sel     $27,500.00   [strat=opponent_aware_diagnostic]
      R 4  buy $ 18,826.17   sel     $26,995.00   [strat=opponent_aware_diagnostic]
      R 5  buy $ 25,412.07   sel     $26,000.00   [strat=opponent_aware_diagnostic]
      R 6  buy $ 11,355.07   sel     $26,000.00   [strat=market_expert_value_justifier] *
      R 7  buy $  1,372.38   sel     $26,000.00   [strat=market_expert_value_justifier]
      R 8  buy $  3,223.80   sel     $26,000.00   [strat=market_expert_value_justifier]
      R 9  buy $ 22,388.51   sel     $26,000.00   [strat=market_expert_value_justifier]
      R10  buy $  3,980.14   sel     $26,000.00   [strat=market_expert_value_justifier]
      R11  buy $ 17,702.86   sel     $25,500.00   [strat=market_expert_value_justifier]
      R12  buy $  3,363.25   sel     $25,500.00   [strat=reciprocal_fairness_keeper] *
      R13  buy $ 20,801.18   sel     $24,000.00   [strat=reciprocal_fairness_keeper]
      R14  buy $  1,089.87   sel     $24,000.00   [strat=reciprocal_fairness_keeper]
      R15  buy $ 15,193.46   sel     $23,000.00   [strat=reciprocal_fairness_keeper]
      R16  buy $ 19,278.22   sel     $22,500.00   [strat=reciprocal_fairness_keeper]
   run 18 done in 7.6 min

   run 19/30 on 2022 Toyota RAV4 XLE AWD  seed=21363438
      R 1  buy $  2,296.33   sel     $31,750.00   [strat=opponent_aware_diagnostic] *
      R 2  buy $ 15,785.57   sel     $31,250.00   [strat=opponent_aware_diagnostic]
      R 3  buy $ 21,976.15   sel     $30,500.00   [strat=opponent_aware_diagnostic]
      R 4  buy $  5,561.10   sel     $30,000.00   [strat=opponent_aware_diagnostic]
      R 5  buy $ 29,183.21   sel     $29,900.00   [strat=opponent_aware_diagnostic]
      R 6  buy $  8,803.93   sel     $29,750.00   [strat=market_expert_value_justifier] *
      R 7  buy $ 24,555.78   sel     $28,750.00   [strat=market_expert_value_justifier]
      R 8  buy $ 12,859.67   sel     $28,250.00   [strat=market_expert_value_justifier]
      R 9  buy $ 12,793.97   sel     $27,750.00   [strat=market_expert_value_justifier]
      R10  buy $ 23,463.30   sel     $26,500.00   [strat=market_expert_value_justifier]
      R11  buy $  4,365.92   sel     $25,900.00   [strat=market_expert_value_justifier]
      R12  buy $ 16,392.47   sel     $25,500.00   [strat=reciprocal_fairness_keeper] *
      R13  buy $  8,820.92   sel     $25,000.00   [strat=reciprocal_fairness_keeper]
      R14  buy $ 15,189.44   sel     $24,500.00   [strat=reciprocal_fairness_keeper]
      R15  buy $ 13,278.61   sel     $24,000.00   [strat=reciprocal_fairness_keeper]
      R16  buy $ 17,941.48   sel     $23,000.00   [strat=reciprocal_fairness_keeper]
   run 19 done in 8.0 min

   run 20/30 on 2022 Toyota RAV4 XLE AWD  seed=21363439
      R 1  buy $ 20,794.15   sel     $25,000.00   [strat=opponent_aware_diagnostic] *
      R 2  buy $  7,884.61   sel     $23,500.00   [strat=opponent_aware_diagnostic]
      R 3  buy $ 20,786.59   sel     $22,500.00   [strat=opponent_aware_diagnostic]
      R 4  buy $  5,718.54   sel     $22,250.00   [strat=opponent_aware_diagnostic]
      R 5  buy $ 18,819.18   sel     $21,999.00   [strat=opponent_aware_diagnostic]
      R 6  buy $ 19,526.05   sel     $21,500.00   [strat=market_expert_value_justifier] *
      R 7  buy $ 20,008.71   sel     $21,300.00   [strat=market_expert_value_justifier]
      R 8  buy $ 10,535.16   sel     $21,100.00   [strat=market_expert_value_justifier]
      R 9  buy $ 11,059.22   sel     $21,000.00   [strat=market_expert_value_justifier]
      R10  buy $  1,915.25   sel     $21,000.00   [strat=market_expert_value_justifier]
      R11  buy $  9,107.05   sel     $20,900.00   [strat=market_expert_value_justifier]
      R12  buy $ 16,698.30   sel     $20,800.00   [strat=reciprocal_fairness_keeper] *
      R13  buy $  7,353.22   sel     $20,700.00   [strat=reciprocal_fairness_keeper]
      R14  buy $  7,163.11   sel     $20,600.00   [strat=reciprocal_fairness_keeper]
      R15  buy $  5,023.55   sel     $20,500.00   [strat=reciprocal_fairness_keeper]
      R16  buy $  3,404.70   sel     $20,500.00   [strat=reciprocal_fairness_keeper]
   run 20 done in 8.2 min

   run 21/30 on 2022 Toyota RAV4 XLE AWD  seed=21363440
      R 1  buy $ 10,267.63   sel     $29,500.00   [strat=opponent_aware_diagnostic] *
      R 2  buy $ 25,151.52   sel     $27,500.00   [strat=opponent_aware_diagnostic]
      R 3  buy $ 16,303.63   sel     $26,500.00   [strat=opponent_aware_diagnostic]
      R 4  buy $ 25,413.70   sel     $25,800.00   [strat=opponent_aware_diagnostic]
      R 5  buy $  4,225.46   sel     $25,800.00   [strat=opponent_aware_diagnostic]
      R 6  buy $  1,276.49   sel     $25,800.00   [strat=market_expert_value_justifier] *
      R 7  buy $ 17,260.13   sel     $25,500.00   [strat=market_expert_value_justifier]
      R 8  buy $ 25,448.93   sel     $25,448.93   [strat=market_expert_value_justifier]
      R 9  buy $ 16,891.85   sel     $25,300.00   [strat=market_expert_value_justifier]
      R10  buy $  9,384.06   sel     $25,300.00   [strat=market_expert_value_justifier]
      R11  buy $ 18,101.93   sel     $25,000.00   [strat=market_expert_value_justifier]
      R12  buy $ 10,652.36   sel     $24,800.00   [strat=reciprocal_fairness_keeper] *
      R13  buy $  8,855.63   sel     $24,500.00   [strat=reciprocal_fairness_keeper]
      R14  buy $  7,729.50   sel     $24,400.00   [strat=reciprocal_fairness_keeper]
      R15  buy $ 22,993.25   sel     $23,500.00   [strat=reciprocal_fairness_keeper]
      R16  buy $ 20,855.37   sel     $22,500.00   [strat=reciprocal_fairness_keeper]
   run 21 done in 6.9 min

   run 22/30 on 2022 Toyota RAV4 XLE AWD  seed=21363441
      R 1  buy $ 20,819.53   sel     $30,000.00   [strat=opponent_aware_diagnostic] *
      R 2  buy $ 18,825.73   sel     $29,000.00   [strat=opponent_aware_diagnostic]
      R 3  buy $  5,151.97   sel     $28,500.00   [strat=opponent_aware_diagnostic]
      R 4  buy $  7,315.32   sel     $27,900.00   [strat=opponent_aware_diagnostic]
      R 5  buy $  3,239.99   sel     $27,500.00   [strat=opponent_aware_diagnostic]
      R 6  buy $ 12,432.84   sel     $27,500.00   [strat=market_expert_value_justifier] *
      R 7  buy $ 22,314.10   sel     $26,500.00   [strat=market_expert_value_justifier]
      R 8  buy $ 10,631.02   sel     $25,500.00   [strat=market_expert_value_justifier]
      R 9  buy $  6,713.14   sel     $24,500.00   [strat=market_expert_value_justifier]
      R10  buy $  3,668.74   sel     $24,000.00   [strat=market_expert_value_justifier]
      R11  buy $ 12,224.09   sel     $23,500.00   [strat=market_expert_value_justifier]
      R12  buy $ 17,871.82   sel     $23,000.00   [strat=reciprocal_fairness_keeper] *
      R13  buy $  2,940.45   sel     $23,000.00   [strat=reciprocal_fairness_keeper]
      R14  buy $ 14,185.55   sel     $22,500.00   [strat=reciprocal_fairness_keeper]
      R15  buy $ 13,043.75   sel     $22,500.00   [strat=reciprocal_fairness_keeper]
      R16  buy $    963.51   sel     $22,500.00   [strat=reciprocal_fairness_keeper]
   run 22 done in 9.3 min

   run 23/30 on 2022 Toyota RAV4 XLE AWD  seed=21363442
      R 1  buy $ 27,808.85   sel     $31,500.00   [strat=opponent_aware_diagnostic] *
      R 2  buy $ 15,162.67   sel     $30,500.00   [strat=opponent_aware_diagnostic]
      R 3  buy $ 19,447.07   sel     $29,500.00   [strat=opponent_aware_diagnostic]
      R 4  buy $  6,226.77   sel     $28,500.00   [strat=opponent_aware_diagnostic]
      R 5  buy $ 23,905.30   sel     $27,000.00   [strat=opponent_aware_diagnostic]
      R 6  buy $ 13,160.61   sel     $26,500.00   [strat=market_expert_value_justifier] *
      R 7  buy $ 13,762.34   sel     $25,500.00   [strat=market_expert_value_justifier]
      R 8  buy $ 21,089.27   sel     $24,000.00   [strat=market_expert_value_justifier]
      R 9  buy $ 10,929.98   sel     $23,500.00   [strat=market_expert_value_justifier]
      R10  buy $ 17,809.25   sel     $22,500.00   [strat=market_expert_value_justifier]
      R11  buy $  8,180.46   sel     $21,500.00   [strat=market_expert_value_justifier]
      R12  buy $  2,356.53   sel     $21,000.00   [strat=reciprocal_fairness_keeper] *
      R13  buy $ 11,870.10   sel     $21,000.00   [strat=reciprocal_fairness_keeper]
      R14  buy $ 12,136.02   sel     $21,000.00   [strat=reciprocal_fairness_keeper]
      R15  buy $ 12,862.96   sel     $21,000.00   [strat=reciprocal_fairness_keeper]
      R16  buy $ 14,405.06   sel     $21,000.00   [strat=reciprocal_fairness_keeper]
   run 23 done in 10.0 min

   run 24/30 on 2022 Toyota RAV4 XLE AWD  seed=21363443
      R 1  buy $ 20,513.76   sel     $27,995.00   [strat=opponent_aware_diagnostic] *
      R 2  buy $  9,843.33   sel     $27,500.00   [strat=opponent_aware_diagnostic]
      R 3  buy $ 14,271.56   sel     $27,000.00   [strat=opponent_aware_diagnostic]
      R 4  buy $ 21,171.86   sel     $26,500.00   [strat=opponent_aware_diagnostic]
      R 5  buy $ 17,803.75   sel     $26,300.00   [strat=opponent_aware_diagnostic]
      R 6  buy $  3,570.71   sel     $26,100.00   [strat=market_expert_value_justifier] *
      R 7  buy $ 24,844.88   sel     $25,500.00   [strat=market_expert_value_justifier]
      R 8  buy $ 15,394.17   sel     $25,200.00   [strat=market_expert_value_justifier]
      R 9  buy $  1,907.23   sel     $25,000.00   [strat=market_expert_value_justifier]
      R10  buy $ 20,902.13   sel     $24,800.00   [strat=market_expert_value_justifier]
      R11  buy $ 11,587.24   sel     $24,500.00   [strat=market_expert_value_justifier]
      R12  buy $ 12,996.12   sel     $24,250.00   [strat=reciprocal_fairness_keeper] *
      R13  buy $ 14,689.56   sel     $24,250.00   [strat=reciprocal_fairness_keeper]
      R14  buy $ 11,324.31   sel     $24,000.00   [strat=reciprocal_fairness_keeper]
      R15  buy $  3,711.24   sel     $23,800.00   [strat=reciprocal_fairness_keeper]
      R16  buy $ 13,206.64   sel     $23,600.00   [strat=reciprocal_fairness_keeper]
   run 24 done in 9.3 min

   run 25/30 on 2022 Toyota RAV4 XLE AWD  seed=21363444
      R 1  buy $ 19,915.08   sel     $29,500.00   [strat=opponent_aware_diagnostic] *
      R 2  buy $ 20,892.38   sel     $28,995.00   [strat=opponent_aware_diagnostic]
      R 3  buy $    714.26   sel     $28,800.00   [strat=opponent_aware_diagnostic]
      R 4  buy $ 12,818.73   sel     $28,600.00   [strat=opponent_aware_diagnostic]
      R 5  buy $  7,199.50   sel     $28,400.00   [strat=opponent_aware_diagnostic]
      R 6  buy $  6,557.65   sel     $28,300.00   [strat=market_expert_value_justifier] *
      R 7  buy $ 11,213.97   sel     $28,200.00   [strat=market_expert_value_justifier]
      R 8  buy $ 11,253.48   sel     $28,000.00   [strat=market_expert_value_justifier]
      R 9  buy $ 16,145.86   sel     $27,800.00   [strat=market_expert_value_justifier]
      R10  buy $  2,206.66   sel     $27,500.00   [strat=market_expert_value_justifier]
      R11  buy $ 25,897.21   sel     $27,300.00   [strat=market_expert_value_justifier]
      R12  buy $ 10,968.63   sel     $27,000.00   [strat=reciprocal_fairness_keeper] *
      R13  buy $  3,603.39   sel     $27,300.00   [strat=reciprocal_fairness_keeper]
      R14  buy $ 17,986.84   sel     $27,000.00   [strat=reciprocal_fairness_keeper]
      R15  buy $  6,817.12   sel     $27,000.00   [strat=reciprocal_fairness_keeper]
      R16  buy $ 11,261.04   sel     $27,000.00   [strat=reciprocal_fairness_keeper]
   run 25 done in 8.0 min

   run 26/30 on 2022 Toyota RAV4 XLE AWD  seed=21363445
      R 1  buy $  8,626.71   sel     $29,995.00   [strat=opponent_aware_diagnostic] *
      R 2  buy $ 23,444.41   sel     $26,750.00   [strat=opponent_aware_diagnostic]
      R 3  buy $ 22,687.22   sel     $26,250.00   [strat=opponent_aware_diagnostic]
      R 4  buy $ 18,431.88   sel     $25,999.00   [strat=opponent_aware_diagnostic]
      R 5  buy $  2,163.58   sel     $25,750.00   [strat=opponent_aware_diagnostic]
      R 6  buy $  5,712.73   sel     $25,500.00   [strat=market_expert_value_justifier] *
      R 7  buy $  2,511.27   sel     $25,250.00   [strat=market_expert_value_justifier]
      R 8  buy $ 17,920.75   sel     $25,000.00   [strat=market_expert_value_justifier]
      R 9  buy $  8,166.24   sel     $24,900.00   [strat=market_expert_value_justifier]
      R10  buy $ 18,201.44   sel     $24,500.00   [strat=market_expert_value_justifier]
      R11  buy $ 13,768.13   sel     $24,250.00   [strat=market_expert_value_justifier]
      R12  buy $  8,636.63   sel     $24,000.00   [strat=reciprocal_fairness_keeper] *
      R13  buy $ 19,986.31   sel     $23,750.00   [strat=reciprocal_fairness_keeper]
      R14  buy $ 20,172.49   sel     $23,500.00   [strat=reciprocal_fairness_keeper]
      R15  buy $ 21,101.16   sel     $23,000.00   [strat=reciprocal_fairness_keeper]
      R16  buy $  3,167.30   sel     $22,500.00   [strat=reciprocal_fairness_keeper]
   run 26 done in 7.3 min

   run 27/30 on 2022 Toyota RAV4 XLE AWD  seed=21363446
      R 1  buy $ 11,993.91   sel     $30,495.00   [strat=opponent_aware_diagnostic] *
      R 2  buy $  1,659.91   sel     $29,995.00   [strat=opponent_aware_diagnostic]
      R 3  buy $ 21,168.91   sel     $27,995.00   [strat=opponent_aware_diagnostic]
      R 4  buy $  4,812.32   sel     $27,995.00   [strat=opponent_aware_diagnostic]
      R 5  buy $ 24,042.01   sel     $26,495.00   [strat=opponent_aware_diagnostic]
      R 6  buy $  8,541.34   sel     $26,495.00   [strat=market_expert_value_justifier] *
      R 7  buy $  2,550.98   sel     $26,495.00   [strat=market_expert_value_justifier]
      R 8  buy $ 21,398.82   sel     $25,495.00   [strat=market_expert_value_justifier]
      R 9  buy $ 25,006.38   sel     $25,395.00   [strat=market_expert_value_justifier]
      R10  buy $ 25,271.25   sel     $25,271.25   [strat=market_expert_value_justifier]
      R11  buy $  3,828.63   sel     $25,271.25   [strat=market_expert_value_justifier]
      R12  buy $  5,380.49   sel     $25,271.25   [strat=reciprocal_fairness_keeper] *
      R13  buy $  8,226.18   sel     $24,995.00   [strat=reciprocal_fairness_keeper]
      R14  buy $ 23,466.42   sel     $24,500.00   [strat=reciprocal_fairness_keeper]
      R15  buy $  2,538.57   sel     $24,500.00   [strat=reciprocal_fairness_keeper]
      R16  buy $  6,577.24   sel     $24,000.00   [strat=reciprocal_fairness_keeper]
   run 27 done in 9.9 min

   run 28/30 on 2022 Toyota RAV4 XLE AWD  seed=21363447
      R 1  buy $ 22,263.60   sel     $29,500.00   [strat=opponent_aware_diagnostic] *
      R 2  buy $ 14,664.23   sel     $28,900.00   [strat=opponent_aware_diagnostic]
      R 3  buy $ 18,226.99   sel     $28,500.00   [strat=opponent_aware_diagnostic]
      R 4  buy $ 26,895.13   sel     $27,995.00   [strat=opponent_aware_diagnostic]
      R 5  buy $  9,436.55   sel     $27,995.00   [strat=opponent_aware_diagnostic]
      R 6  buy $ 22,517.96   sel     $27,500.00   [strat=market_expert_value_justifier] *
      R 7  buy $ 24,896.43   sel     $26,995.00   [strat=market_expert_value_justifier]
      R 8  buy $ 17,463.29   sel     $26,995.00   [strat=market_expert_value_justifier]
      R 9  buy $  2,926.25   sel     $26,995.00   [strat=market_expert_value_justifier]
      R10  buy $ 14,331.30   sel     $26,500.00   [strat=market_expert_value_justifier]
      R11  buy $ 25,062.40   sel     $25,995.00   [strat=market_expert_value_justifier]
      R12  buy $  1,479.62   sel     $25,995.00   [strat=reciprocal_fairness_keeper] *
      R13  buy $  6,236.51   sel     $25,500.00   [strat=reciprocal_fairness_keeper]
      R14  buy $ 13,280.50   sel     $25,500.00   [strat=reciprocal_fairness_keeper]
      R15  buy $  7,094.66   sel     $25,500.00   [strat=reciprocal_fairness_keeper]
      R16  buy $ 17,658.54   sel     $24,500.00   [strat=reciprocal_fairness_keeper]
   run 28 done in 8.3 min

   run 29/30 on 2022 Toyota RAV4 XLE AWD  seed=21363448
      R 1  buy $ 31,444.23   sel     $31,800.00   [strat=opponent_aware_diagnostic] *
      R 2  buy $ 17,861.90   sel     $31,800.00   [strat=opponent_aware_diagnostic]
      R 3  buy $ 14,540.28   sel     $31,800.00   [strat=opponent_aware_diagnostic]
      R 4  buy $  8,793.22   sel     $31,800.00   [strat=opponent_aware_diagnostic]
      R 5  buy $ 31,511.47   sel     $31,511.47   [strat=opponent_aware_diagnostic]
      R 6  buy $ 20,256.27   sel     $31,511.47   [strat=market_expert_value_justifier] *
      R 7  buy $ 16,334.74   sel     $31,511.47   [strat=market_expert_value_justifier]
      R 8  buy $ 21,444.34   sel     $31,000.00   [strat=market_expert_value_justifier]
      R 9  buy $  5,936.71   sel     $30,500.00   [strat=market_expert_value_justifier]
      R10  buy $  9,952.66   sel     $30,000.00   [strat=market_expert_value_justifier]
      R11  buy $ 22,623.93   sel     $27,500.00   [strat=market_expert_value_justifier]
      R12  buy $ 14,010.08   sel     $27,000.00   [strat=reciprocal_fairness_keeper] *
      R13  buy $ 12,608.30   sel     $27,000.00   [strat=reciprocal_fairness_keeper]
      R14  buy $  1,352.13   sel     $27,000.00   [strat=reciprocal_fairness_keeper]
      R15  buy $  6,088.91   sel     $26,500.00   [strat=reciprocal_fairness_keeper]
      R16  buy $ 20,584.76   sel     $25,500.00   [strat=reciprocal_fairness_keeper]
   run 29 done in 10.2 min

   run 30/30 on 2022 Toyota RAV4 XLE AWD  seed=21363449
      R 1  buy $ 15,812.04   sel     $31,500.00   [strat=opponent_aware_diagnostic] *
      R 2  buy $ 11,370.29   sel     $30,000.00   [strat=opponent_aware_diagnostic]
      R 3  buy $ 29,130.28   sel     $29,500.00   [strat=opponent_aware_diagnostic]
      R 4  buy $  3,776.96   sel     $29,500.00   [strat=opponent_aware_diagnostic]
      R 5  buy $ 28,160.61   sel     $29,250.00   [strat=opponent_aware_diagnostic]
      R 6  buy $ 11,758.03   sel     $29,000.00   [strat=market_expert_value_justifier] *
      R 7  buy $  5,818.59   sel     $28,500.00   [strat=market_expert_value_justifier]
      R 8  buy $  6,972.07   sel     $28,500.00   [strat=market_expert_value_justifier]
      R 9  buy $  4,595.86   sel     $28,500.00   [strat=market_expert_value_justifier]
      R10  buy $ 13,345.68   sel     $28,500.00   [strat=market_expert_value_justifier]
      R11  buy $ 10,770.97   sel     $28,500.00   [strat=market_expert_value_justifier]
      R12  buy $ 14,194.89   sel     $28,500.00   [strat=reciprocal_fairness_keeper] *
      R13  buy $ 22,781.53   sel     $26,500.00   [strat=reciprocal_fairness_keeper]
      R14  buy $ 17,946.16   sel     $25,000.00   [strat=reciprocal_fairness_keeper]
      R15  buy $ 15,478.06   sel     $24,500.00   [strat=reciprocal_fairness_keeper]
      R16  buy $ 13,642.33   sel     $24,000.00   [strat=reciprocal_fairness_keeper]
   run 30 done in 7.4 min

   ---> checkpoint: car 4/5 done in 229.4 min; total so far 875.7 min; saved 120 runs to exp11_transitionB_rep3.json

--- CAR 5/5: 2023 Ford Mustang GT Premium  (M=$45,000.00  cost=$36,000.00  cost/M=80.00%) ---

   run 1/30 on 2023 Ford Mustang GT Premium  seed=21364420
      R 1  buy $ 44,085.84   sel     $46,500.00   [strat=opponent_aware_diagnostic] *
      R 2  buy $  5,277.79   sel     $46,500.00   [strat=opponent_aware_diagnostic]
      R 3  buy $ 43,019.95   sel     $45,000.00   [strat=opponent_aware_diagnostic]
      R 4  buy $ 38,199.75   sel     $43,500.00   [strat=opponent_aware_diagnostic]
      R 5  buy $  4,206.15   sel     $43,000.00   [strat=opponent_aware_diagnostic]
      R 6  buy $ 25,931.80   sel     $42,500.00   [strat=market_expert_value_justifier] *
      R 7  buy $ 20,292.57   sel     $42,000.00   [strat=market_expert_value_justifier]
      R 8  buy $ 31,688.13   sel     $41,500.00   [strat=market_expert_value_justifier]
      R 9  buy $ 35,621.07   sel     $40,000.00   [strat=market_expert_value_justifier]
      R10  buy $ 14,939.71   sel     $39,500.00   [strat=market_expert_value_justifier]
      R11  buy $  6,451.02   sel     $39,000.00   [strat=market_expert_value_justifier]
      R12  buy $  5,410.53   sel     $38,500.00   [strat=reciprocal_fairness_keeper] *
      R13  buy $ 10,242.92   sel     $38,250.00   [strat=reciprocal_fairness_keeper]
      R14  buy $  2,638.09   sel     $38,000.00   [strat=reciprocal_fairness_keeper]
      R15  buy $ 31,046.42   sel     $37,500.00   [strat=reciprocal_fairness_keeper]
      R16  buy $ 30,593.80   sel     $37,000.00   [strat=reciprocal_fairness_keeper]
   run 1 done in 7.0 min

   run 2/30 on 2023 Ford Mustang GT Premium  seed=21364421
      R 1  buy $ 33,867.11   sel     $43,500.00   [strat=opponent_aware_diagnostic] *
      R 2  buy $ 37,607.60   sel     $42,000.00   [strat=opponent_aware_diagnostic]
      R 3  buy $ 31,462.17   sel     $41,500.00   [strat=opponent_aware_diagnostic]
      R 4  buy $ 23,601.28   sel     $40,500.00   [strat=opponent_aware_diagnostic]
      R 5  buy $ 39,687.94   sel     $40,000.00   [strat=opponent_aware_diagnostic]
      R 6  buy $  9,180.49   sel     $39,999.00   [strat=market_expert_value_justifier] *
      R 7  buy $ 15,792.29   sel     $39,999.00   [strat=market_expert_value_justifier]
      R 8  buy $ 35,852.72   sel     $38,500.00   [strat=market_expert_value_justifier]
      R 9  buy $ 15,472.97   sel     $38,000.00   [strat=market_expert_value_justifier]
      R10  buy $ 26,198.64   sel     $37,500.00   [strat=market_expert_value_justifier]
      R11  buy $ 24,852.20   sel     $37,000.00   [strat=market_expert_value_justifier]
      R12  buy $  1,179.16   sel     $36,500.00   [strat=reciprocal_fairness_keeper] *
      R13  buy $ 31,600.33   sel     $36,400.00   [strat=reciprocal_fairness_keeper]
      R14  buy $ 17,731.44   sel     $36,300.00   [strat=reciprocal_fairness_keeper]
      R15  buy $ 10,450.81   sel     $36,200.00   [strat=reciprocal_fairness_keeper]
      R16  buy $  8,831.08   sel     $36,100.00   [strat=reciprocal_fairness_keeper]
   run 2 done in 7.9 min

   run 3/30 on 2023 Ford Mustang GT Premium  seed=21364422
      R 1  buy $ 20,039.74   sel     $43,500.00   [strat=opponent_aware_diagnostic] *
      R 2  buy $ 34,505.24   sel     $41,500.00   [strat=opponent_aware_diagnostic]
      R 3  buy $ 11,666.85   sel     $40,500.00   [strat=opponent_aware_diagnostic]
      R 4  buy $ 29,647.25   sel     $39,500.00   [strat=opponent_aware_diagnostic]
      R 5  buy $ 30,055.04   sel     $38,500.00   [strat=opponent_aware_diagnostic]
      R 6  buy $  1,105.72   sel     $38,500.00   [strat=market_expert_value_justifier] *
      R 7  buy $ 24,814.02   sel     $38,000.00   [strat=market_expert_value_justifier]
      R 8  buy $ 29,959.61   sel     $37,500.00   [strat=market_expert_value_justifier]
      R 9  buy $ 32,816.83   sel     $37,000.00   [strat=market_expert_value_justifier]
      R10  buy $ 12,456.21   sel     $36,500.00   [strat=market_expert_value_justifier]
      R11  buy $ 17,606.11   sel     $36,000.00   [strat=market_expert_value_justifier]
      R12  buy $ 12,340.09   sel     $36,000.00   [strat=reciprocal_fairness_keeper] *
      R13  buy $ 19,435.36   sel     $36,000.00   [strat=reciprocal_fairness_keeper]
      R14  buy $  2,257.01   sel     $36,000.00   [strat=reciprocal_fairness_keeper]
      R15  buy $ 10,818.60   sel     $36,000.00   [strat=reciprocal_fairness_keeper]
      R16  buy $ 12,499.45   sel     $36,000.00   [strat=reciprocal_fairness_keeper]
   run 3 done in 9.5 min

   run 4/30 on 2023 Ford Mustang GT Premium  seed=21364423
      R 1  buy $ 35,005.86   sel     $39,500.00   [strat=opponent_aware_diagnostic] *
      R 2  buy $ 24,192.17   sel     $38,900.00   [strat=opponent_aware_diagnostic]
      R 3  buy $ 14,089.05   sel     $38,900.00   [strat=opponent_aware_diagnostic]
      R 4  buy $ 37,452.98   sel     $38,000.00   [strat=opponent_aware_diagnostic]
      R 5  buy $ 13,548.46   sel     $37,500.00   [strat=opponent_aware_diagnostic]
      R 6  buy $  8,171.10   sel     $37,500.00   [strat=market_expert_value_justifier] *
      R 7  buy $  2,647.57   sel     $37,500.00   [strat=market_expert_value_justifier]
      R 8  buy $ 10,306.65   sel     $37,500.00   [strat=market_expert_value_justifier]
      R 9  buy $ 33,140.82   sel     $36,500.00   [strat=market_expert_value_justifier]
      R10  buy $ 32,029.57   sel     $36,250.00   [strat=market_expert_value_justifier]
      R11  buy $ 10,877.46   sel     $36,000.00   [strat=market_expert_value_justifier]
      R12  buy $ 10,188.93   sel     $36,000.00   [strat=reciprocal_fairness_keeper] *
      R13  buy $ 24,921.88   sel     $36,000.00   [strat=reciprocal_fairness_keeper]
      R14  buy $ 29,244.86   sel     $36,000.00   [strat=reciprocal_fairness_keeper]
      R15  buy $ 30,373.87   sel     $36,000.00   [strat=reciprocal_fairness_keeper]
      R16  buy $ 16,120.09   sel     $36,000.00   [strat=reciprocal_fairness_keeper]
   run 4 done in 10.2 min

   run 5/30 on 2023 Ford Mustang GT Premium  seed=21364424
      R 1  buy $ 41,220.03   sel     $43,599.00   [strat=opponent_aware_diagnostic] *
      R 2  buy $ 11,891.64   sel     $43,000.00   [strat=opponent_aware_diagnostic]
      R 3  buy $ 28,509.27   sel     $43,000.00   [strat=opponent_aware_diagnostic]
      R 4  buy $ 25,117.64   sel     $42,500.00   [strat=opponent_aware_diagnostic]
      R 5  buy $ 19,741.52   sel     $42,000.00   [strat=opponent_aware_diagnostic]
      R 6  buy $ 21,549.90   sel     $42,000.00   [strat=market_expert_value_justifier] *
      R 7  buy $  4,316.83   sel     $42,000.00   [strat=market_expert_value_justifier]
      R 8  buy $ 25,606.86   sel     $42,000.00   [strat=market_expert_value_justifier]
      R 9  buy $ 28,790.30   sel     $42,000.00   [strat=market_expert_value_justifier]
      R10  buy $ 26,164.86   sel     $42,000.00   [strat=market_expert_value_justifier]
      R11  buy $ 10,137.04   sel     $42,000.00   [strat=market_expert_value_justifier]
      R12  buy $  2,503.35   sel     $42,000.00   [strat=reciprocal_fairness_keeper] *
      R13  buy $ 25,581.62   sel     $42,000.00   [strat=reciprocal_fairness_keeper]
      R14  buy $ 35,575.77   sel     $42,000.00   [strat=reciprocal_fairness_keeper]
      R15  buy $ 33,908.06   sel     $42,000.00   [strat=reciprocal_fairness_keeper]
      R16  buy $  4,933.14   sel     $42,000.00   [strat=reciprocal_fairness_keeper]
   run 5 done in 9.4 min

   run 6/30 on 2023 Ford Mustang GT Premium  seed=21364425
      R 1  buy $    512.84   sel     $44,500.00   [strat=opponent_aware_diagnostic] *
      R 2  buy $  4,578.41   sel     $43,500.00   [strat=opponent_aware_diagnostic]
      R 3  buy $  9,165.21   sel     $42,500.00   [strat=opponent_aware_diagnostic]
      R 4  buy $  7,022.81   sel     $42,000.00   [strat=opponent_aware_diagnostic]
      R 5  buy $ 33,955.93   sel     $41,500.00   [strat=opponent_aware_diagnostic]
      R 6  buy $ 20,372.78   sel     $40,500.00   [strat=market_expert_value_justifier] *
      R 7  buy $ 12,173.78   sel     $39,900.00   [strat=market_expert_value_justifier]
      R 8  buy $  8,128.01   sel     $39,900.00   [strat=market_expert_value_justifier]
      R 9  buy $  8,218.35   sel     $39,500.00   [strat=market_expert_value_justifier]
      R10  buy $ 38,969.80   sel     $39,200.00   [strat=market_expert_value_justifier]
      R11  buy $  9,322.80   sel     $38,900.00   [strat=market_expert_value_justifier]
      R12  buy $ 25,898.52   sel     $38,900.00   [strat=reciprocal_fairness_keeper] *
      R13  buy $ 23,200.52   sel     $38,900.00   [strat=reciprocal_fairness_keeper]
      R14  buy $ 28,019.71   sel     $38,900.00   [strat=reciprocal_fairness_keeper]
      R15  buy $ 34,351.57   sel     $38,500.00   [strat=reciprocal_fairness_keeper]
      R16  buy $ 14,860.89   sel     $38,000.00   [strat=reciprocal_fairness_keeper]
   run 6 done in 8.3 min

   run 7/30 on 2023 Ford Mustang GT Premium  seed=21364426
      R 1  buy $ 25,916.51   sel     $42,995.00   [strat=opponent_aware_diagnostic] *
      R 2  buy $ 11,807.78   sel     $42,995.00   [strat=opponent_aware_diagnostic]
      R 3  buy $ 26,315.71   sel     $39,995.00   [strat=opponent_aware_diagnostic]
      R 4  buy $ 35,239.95   sel     $38,500.00   [strat=opponent_aware_diagnostic]
      R 5  buy $ 36,656.12   sel     $38,000.00   [strat=opponent_aware_diagnostic]
      R 6  buy $ 25,054.32   sel     $37,500.00   [strat=market_expert_value_justifier] *
      R 7  buy $ 34,663.31   sel     $36,500.00   [strat=market_expert_value_justifier]
      R 8  buy $     65.16   sel     $36,500.00   [strat=market_expert_value_justifier]
      R 9  buy $  4,706.73   sel     $36,300.00   [strat=market_expert_value_justifier]
      R10  buy $ 14,680.94   sel     $36,300.00   [strat=market_expert_value_justifier]
      R11  buy $ 26,262.35   sel     $36,300.00   [strat=market_expert_value_justifier]
      R12  buy $  5,966.97   sel     $36,300.00   [strat=reciprocal_fairness_keeper] *
      R13  buy $ 35,755.25   sel     $36,000.00   [strat=reciprocal_fairness_keeper]
      R14  buy $ 26,900.96   sel     $36,000.00   [strat=reciprocal_fairness_keeper]
      R15  buy $ 34,618.48   sel     $36,000.00   [strat=reciprocal_fairness_keeper]
      R16  buy $ 10,752.01   sel     $36,500.00   [strat=reciprocal_fairness_keeper]
   run 7 done in 8.7 min

   run 8/30 on 2023 Ford Mustang GT Premium  seed=21364427
      R 1  buy $ 31,713.29   sel     $42,500.00   [strat=opponent_aware_diagnostic] *
      R 2  buy $ 39,448.76   sel     $41,000.00   [strat=opponent_aware_diagnostic]
      R 3  buy $  3,137.48   sel     $41,000.00   [strat=opponent_aware_diagnostic]
      R 4  buy $ 22,861.31   sel     $40,000.00   [strat=opponent_aware_diagnostic]
      R 5  buy $ 28,392.90   sel     $39,000.00   [strat=opponent_aware_diagnostic]
      R 6  buy $ 24,084.02   sel     $38,000.00   [strat=market_expert_value_justifier] *
      R 7  buy $ 12,005.90   sel     $38,000.00   [strat=market_expert_value_justifier]
      R 8  buy $ 35,384.68   sel     $37,500.00   [strat=market_expert_value_justifier]
      R 9  buy $  4,017.22   sel     $37,500.00   [strat=market_expert_value_justifier]
      R10  buy $ 33,670.07   sel     $37,000.00   [strat=market_expert_value_justifier]
      R11  buy $ 31,769.79   sel     $36,500.00   [strat=market_expert_value_justifier]
      R12  buy $ 26,789.30   sel     $36,500.00   [strat=reciprocal_fairness_keeper] *
      R13  buy $ 13,006.99   sel     $36,250.00   [strat=reciprocal_fairness_keeper]
      R14  buy $ 25,678.76   sel     $36,250.00   [strat=reciprocal_fairness_keeper]
      R15  buy $  7,484.52   sel     $36,250.00   [strat=reciprocal_fairness_keeper]
      R16  buy $ 28,864.20   sel     $36,000.00   [strat=reciprocal_fairness_keeper]
   run 8 done in 9.6 min

   run 9/30 on 2023 Ford Mustang GT Premium  seed=21364428
      R 1  buy $  1,763.34   sel     $44,500.00   [strat=opponent_aware_diagnostic] *
      R 2  buy $ 13,166.81   sel     $43,500.00   [strat=opponent_aware_diagnostic]
      R 3  buy $  1,854.74   sel     $43,000.00   [strat=opponent_aware_diagnostic]
      R 4  buy $ 31,484.42   sel     $42,500.00   [strat=opponent_aware_diagnostic]
      R 5  buy $ 26,071.98   sel     $42,000.00   [strat=opponent_aware_diagnostic]
      R 6  buy $ 18,108.69   sel     $41,500.00   [strat=market_expert_value_justifier] *
      R 7  buy $ 31,384.37   sel     $40,500.00   [strat=market_expert_value_justifier]
      R 8  buy $  8,660.73   sel     $41,000.00   [strat=market_expert_value_justifier]
      R 9  buy $ 20,403.05   sel     $40,500.00   [strat=market_expert_value_justifier]
      R10  buy $ 25,417.73   sel     $40,000.00   [strat=market_expert_value_justifier]
      R11  buy $ 17,524.08   sel     $40,000.00   [strat=market_expert_value_justifier]
      R12  buy $ 14,736.29   sel     $40,000.00   [strat=reciprocal_fairness_keeper] *
      R13  buy $ 25,812.35   sel     $39,000.00   [strat=reciprocal_fairness_keeper]
      R14  buy $ 13,334.85   sel     $39,000.00   [strat=reciprocal_fairness_keeper]
      R15  buy $ 19,556.21   sel     $38,500.00   [strat=reciprocal_fairness_keeper]
      R16  buy $ 32,749.19   sel     $37,500.00   [strat=reciprocal_fairness_keeper]
   run 9 done in 8.1 min

   run 10/30 on 2023 Ford Mustang GT Premium  seed=21364429
      R 1  buy $ 31,591.02   sel     $42,500.00   [strat=opponent_aware_diagnostic] *
      R 2  buy $  4,573.82   sel     $42,000.00   [strat=opponent_aware_diagnostic]
      R 3  buy $ 41,464.34   sel     $41,732.17   [strat=opponent_aware_diagnostic]
      R 4  buy $ 17,315.99   sel     $41,732.17   [strat=opponent_aware_diagnostic]
      R 5  buy $ 29,930.17   sel     $41,500.00   [strat=opponent_aware_diagnostic]
      R 6  buy $ 35,418.97   sel     $41,400.00   [strat=market_expert_value_justifier] *
      R 7  buy $ 15,371.70   sel     $41,400.00   [strat=market_expert_value_justifier]
      R 8  buy $ 30,375.48   sel     $41,000.00   [strat=market_expert_value_justifier]
      R 9  buy $  1,519.93   sel     $41,000.00   [strat=market_expert_value_justifier]
      R10  buy $ 28,926.09   sel     $41,000.00   [strat=market_expert_value_justifier]
      R11  buy $ 38,065.03   sel     $40,500.00   [strat=market_expert_value_justifier]
      R12  buy $  9,443.79   sel     $40,000.00   [strat=reciprocal_fairness_keeper] *
      R13  buy $ 30,643.42   sel     $39,500.00   [strat=reciprocal_fairness_keeper]
      R14  buy $ 33,735.41   sel     $38,500.00   [strat=reciprocal_fairness_keeper]
      R15  buy $ 16,277.47   sel     $38,000.00   [strat=reciprocal_fairness_keeper]
      R16  buy $ 23,988.34   sel     $37,500.00   [strat=reciprocal_fairness_keeper]
   run 10 done in 8.8 min

   run 11/30 on 2023 Ford Mustang GT Premium  seed=21364430
      R 1  buy $ 33,772.24   sel     $44,500.00   [strat=opponent_aware_diagnostic] *
      R 2  buy $ 40,512.05   sel     $43,000.00   [strat=opponent_aware_diagnostic]
      R 3  buy $ 22,867.04   sel     $42,500.00   [strat=opponent_aware_diagnostic]
      R 4  buy $  4,888.44   sel     $42,000.00   [strat=opponent_aware_diagnostic]
      R 5  buy $ 22,422.21   sel     $41,500.00   [strat=opponent_aware_diagnostic]
      R 6  buy $ 21,552.38   sel     $41,000.00   [strat=market_expert_value_justifier] *
      R 7  buy $ 11,728.15   sel     $40,500.00   [strat=market_expert_value_justifier]
      R 8  buy $ 37,763.06   sel     $40,000.00   [strat=market_expert_value_justifier]
      R 9  buy $ 16,108.72   sel     $39,500.00   [strat=market_expert_value_justifier]
      R10  buy $  6,601.76   sel     $39,000.00   [strat=market_expert_value_justifier]
      R11  buy $ 18,654.72   sel     $38,500.00   [strat=market_expert_value_justifier]
      R12  buy $ 19,419.11   sel     $38,500.00   [strat=reciprocal_fairness_keeper] *
      R13  buy $    645.51   sel     $38,000.00   [strat=reciprocal_fairness_keeper]
      R14  buy $  1,106.01   sel     $38,000.00   [strat=reciprocal_fairness_keeper]
      R15  buy $ 26,736.45   sel     $38,000.00   [strat=reciprocal_fairness_keeper]
      R16  buy $ 35,019.58   sel     $37,000.00   [strat=reciprocal_fairness_keeper]
   run 11 done in 7.2 min

   run 12/30 on 2023 Ford Mustang GT Premium  seed=21364431
      R 1  buy $  4,180.27   sel     $44,500.00   [strat=opponent_aware_diagnostic] *
      R 2  buy $ 12,907.79   sel     $43,900.00   [strat=opponent_aware_diagnostic]
      R 3  buy $     92.18   sel     $43,500.00   [strat=opponent_aware_diagnostic]
      R 4  buy $ 28,764.81   sel     $42,500.00   [strat=opponent_aware_diagnostic]
      R 5  buy $ 12,033.65   sel     $42,000.00   [strat=opponent_aware_diagnostic]
      R 6  buy $ 31,032.91   sel     $41,000.00   [strat=market_expert_value_justifier] *
      R 7  buy $ 27,861.63   sel     $41,000.00   [strat=market_expert_value_justifier]
      R 8  buy $  2,521.16   sel     $41,000.00   [strat=market_expert_value_justifier]
      R 9  buy $ 34,978.41   sel     $40,000.00   [strat=market_expert_value_justifier]
      R10  buy $ 37,125.01   sel     $39,000.00   [strat=market_expert_value_justifier]
      R11  buy $ 22,024.35   sel     $38,500.00   [strat=market_expert_value_justifier]
      R12  buy $  6,118.39   sel     $38,000.00   [strat=reciprocal_fairness_keeper] *
      R13  buy $ 29,159.08   sel     $37,500.00   [strat=reciprocal_fairness_keeper]
      R14  buy $ 29,664.75   sel     $37,000.00   [strat=reciprocal_fairness_keeper]
      R15  buy $  7,579.73   sel     $36,900.00   [strat=reciprocal_fairness_keeper]
      R16  buy $  8,927.69   sel     $36,900.00   [strat=reciprocal_fairness_keeper]
   run 12 done in 9.0 min

   run 13/30 on 2023 Ford Mustang GT Premium  seed=21364432
      R 1  buy $ 13,246.02   sel     $42,500.00   [strat=opponent_aware_diagnostic] *
      R 2  buy $ 30,612.19   sel     $41,900.00   [strat=opponent_aware_diagnostic]
      R 3  buy $ 38,046.94   sel     $40,500.00   [strat=opponent_aware_diagnostic]
      R 4  buy $ 29,113.66   sel     $40,000.00   [strat=opponent_aware_diagnostic]
      R 5  buy $ 29,218.11   sel     $39,900.00   [strat=opponent_aware_diagnostic]
      R 6  buy $  3,571.74   sel     $39,800.00   [strat=market_expert_value_justifier] *
      R 7  buy $ 13,418.61   sel     $39,800.00   [strat=market_expert_value_justifier]
      R 8  buy $ 38,082.26   sel     $39,500.00   [strat=market_expert_value_justifier]
      R 9  buy $  4,237.30   sel     $39,500.00   [strat=market_expert_value_justifier]
      R10  buy $ 10,925.58   sel     $39,400.00   [strat=market_expert_value_justifier]
      R11  buy $    648.58   sel     $39,300.00   [strat=market_expert_value_justifier]
      R12  buy $  3,814.70   sel     $39,300.00   [strat=reciprocal_fairness_keeper] *
      R13  buy $ 15,462.39   sel     $39,200.00   [strat=reciprocal_fairness_keeper]
      R14  buy $ 28,015.61   sel     $39,000.00   [strat=reciprocal_fairness_keeper]
      R15  buy $  7,953.62   sel     $38,800.00   [strat=reciprocal_fairness_keeper]
      R16  buy $  7,329.34   sel     $38,500.00   [strat=reciprocal_fairness_keeper]
   run 13 done in 8.5 min

   run 14/30 on 2023 Ford Mustang GT Premium  seed=21364433
      R 1  buy $ 18,481.21   sel     $42,500.00   [strat=opponent_aware_diagnostic] *
      R 2  buy $ 20,286.21   sel     $41,000.00   [strat=opponent_aware_diagnostic]
      R 3  buy $ 19,170.75   sel     $39,500.00   [strat=opponent_aware_diagnostic]
      R 4  buy $ 11,421.90   sel     $39,500.00   [strat=opponent_aware_diagnostic]
      R 5  buy $  7,237.76   sel     $38,000.00   [strat=opponent_aware_diagnostic]
      R 6  buy $ 28,552.62   sel     $37,500.00   [strat=market_expert_value_justifier] *
      R 7  buy $ 35,469.46   sel     $37,000.00   [strat=market_expert_value_justifier]
      R 8  buy $ 34,259.16   sel     $36,500.00   [strat=market_expert_value_justifier]
      R 9  buy $ 25,718.09   sel     $36,250.00   [strat=market_expert_value_justifier]
      R10  buy $  4,202.70   sel     $36,000.00   [strat=market_expert_value_justifier]
      R11  buy $ 28,848.61   sel     $36,000.00   [strat=market_expert_value_justifier]
      R12  buy $  2,243.29   sel     $36,000.00   [strat=reciprocal_fairness_keeper] *
      R13  buy $ 33,127.14   sel     $36,000.00   [strat=reciprocal_fairness_keeper]
      R14  buy $  5,420.45   sel     $36,000.00   [strat=reciprocal_fairness_keeper]
      R15  buy $ 33,287.87   sel     $36,000.00   [strat=reciprocal_fairness_keeper]
      R16  buy $ 22,077.88   sel     $36,000.00   [strat=reciprocal_fairness_keeper]
   run 14 done in 7.1 min

   run 15/30 on 2023 Ford Mustang GT Premium  seed=21364434
      R 1  buy $  9,769.24   sel     $44,500.00   [strat=opponent_aware_diagnostic] *
      R 2  buy $ 39,661.66   sel     $43,000.00   [strat=opponent_aware_diagnostic]
      R 3  buy $  2,491.93   sel     $42,500.00   [strat=opponent_aware_diagnostic]
      R 4  buy $ 35,537.78   sel     $41,500.00   [strat=opponent_aware_diagnostic]
      R 5  buy $ 12,639.90   sel     $41,000.00   [strat=opponent_aware_diagnostic]
      R 6  buy $ 36,998.00   sel     $39,500.00   [strat=market_expert_value_justifier] *
      R 7  buy $ 10,504.29   sel     $38,500.00   [strat=market_expert_value_justifier]
      R 8  buy $ 29,456.73   sel     $38,000.00   [strat=market_expert_value_justifier]
      R 9  buy $ 10,117.68   sel     $38,000.00   [strat=market_expert_value_justifier]
      R10  buy $ 26,995.97   sel     $37,500.00   [strat=market_expert_value_justifier]
      R11  buy $ 24,835.01   sel     $37,000.00   [strat=market_expert_value_justifier]
      R12  buy $ 27,618.95   sel     $36,500.00   [strat=reciprocal_fairness_keeper] *
      R13  buy $ 27,156.95   sel     $36,500.00   [strat=reciprocal_fairness_keeper]
      R14  buy $ 32,234.25   sel     $36,500.00   [strat=reciprocal_fairness_keeper]
      R15  buy $ 22,500.37   sel     $36,500.00   [strat=reciprocal_fairness_keeper]
      R16  buy $  3,038.64   sel     $36,500.00   [strat=reciprocal_fairness_keeper]
   run 15 done in 9.1 min

   run 16/30 on 2023 Ford Mustang GT Premium  seed=21364435
      R 1  buy $ 27,379.25   sel     $42,500.00   [strat=opponent_aware_diagnostic] *
      R 2  buy $ 31,025.42   sel     $40,000.00   [strat=opponent_aware_diagnostic]
      R 3  buy $ 38,635.59   sel     $39,500.00   [strat=opponent_aware_diagnostic]
      R 4  buy $ 15,489.10   sel     $39,500.00   [strat=opponent_aware_diagnostic]
      R 5  buy $ 25,375.58   sel     $38,000.00   [strat=opponent_aware_diagnostic]
      R 6  buy $ 33,036.91   sel     $37,500.00   [strat=market_expert_value_justifier] *
      R 7  buy $ 10,955.64   sel     $37,000.00   [strat=market_expert_value_justifier]
      R 8  buy $  8,228.08   sel     $37,000.00   [strat=market_expert_value_justifier]
      R 9  buy $ 10,837.36   sel     $37,000.00   [strat=market_expert_value_justifier]
      R10  buy $ 35,784.32   sel     $36,500.00   [strat=market_expert_value_justifier]
      R11  buy $ 10,230.04   sel     $36,500.00   [strat=market_expert_value_justifier]
      R12  buy $  5,012.58   sel     $36,500.00   [strat=reciprocal_fairness_keeper] *
      R13  buy $ 31,707.58   sel     $36,250.00   [strat=reciprocal_fairness_keeper]
      R14  buy $ 18,773.60   sel     $36,200.00   [strat=reciprocal_fairness_keeper]
      R15  buy $ 11,600.12   sel     $36,000.00   [strat=reciprocal_fairness_keeper]
      R16  buy $ 25,998.29   sel     $36,000.00   [strat=reciprocal_fairness_keeper]
   run 16 done in 8.5 min

   run 17/30 on 2023 Ford Mustang GT Premium  seed=21364436
      R 1  buy $ 21,255.32   sel     $43,500.00   [strat=opponent_aware_diagnostic] *
      R 2  buy $ 37,928.52   sel     $41,500.00   [strat=opponent_aware_diagnostic]
      R 3  buy $ 15,903.40   sel     $41,000.00   [strat=opponent_aware_diagnostic]
      R 4  buy $    805.15   sel     $40,000.00   [strat=opponent_aware_diagnostic]
      R 5  buy $  4,296.78   sel     $39,500.00   [strat=opponent_aware_diagnostic]
      R 6  buy $ 20,041.30   sel     $39,000.00   [strat=market_expert_value_justifier] *
      R 7  buy $ 10,330.07   sel     $38,500.00   [strat=market_expert_value_justifier]
      R 8  buy $ 27,749.42   sel     $38,000.00   [strat=market_expert_value_justifier]
      R 9  buy $  2,714.02   sel     $37,500.00   [strat=market_expert_value_justifier]
      R10  buy $ 15,978.48   sel     $37,000.00   [strat=market_expert_value_justifier]
      R11  buy $ 36,383.96   sel     $36,800.00   [strat=market_expert_value_justifier]
      R12  buy $ 27,902.45   sel     $36,700.00   [strat=reciprocal_fairness_keeper] *
      R13  buy $ 27,266.39   sel     $36,600.00   [strat=reciprocal_fairness_keeper]
      R14  buy $ 19,432.46   sel     $36,500.00   [strat=reciprocal_fairness_keeper]
      R15  buy $  5,078.08   sel     $36,400.00   [strat=reciprocal_fairness_keeper]
      R16  buy $  9,704.37   sel     $36,300.00   [strat=reciprocal_fairness_keeper]
   run 17 done in 8.0 min

   run 18/30 on 2023 Ford Mustang GT Premium  seed=21364437
      R 1  buy $ 34,590.00   sel     $44,995.00   [strat=opponent_aware_diagnostic] *
      R 2  buy $ 41,556.03   sel     $44,500.00   [strat=opponent_aware_diagnostic]
      R 3  buy $  7,878.14   sel     $44,000.00   [strat=opponent_aware_diagnostic]
      R 4  buy $  3,140.67   sel     $43,500.00   [strat=opponent_aware_diagnostic]
      R 5  buy $  8,493.31   sel     $43,000.00   [strat=opponent_aware_diagnostic]
      R 6  buy $ 42,476.28   sel     $42,800.00   [strat=market_expert_value_justifier] *
      R 7  buy $  2,701.72   sel     $42,600.00   [strat=market_expert_value_justifier]
      R 8  buy $ 14,338.08   sel     $42,600.00   [strat=market_expert_value_justifier]
      R 9  buy $  6,532.62   sel     $42,250.00   [strat=market_expert_value_justifier]
      R10  buy $ 25,614.71   sel     $42,000.00   [strat=market_expert_value_justifier]
      R11  buy $ 30,029.20   sel     $41,500.00   [strat=market_expert_value_justifier]
      R12  buy $ 36,474.36   sel     $40,500.00   [strat=reciprocal_fairness_keeper] *
      R13  buy $    793.16   sel     $40,000.00   [strat=reciprocal_fairness_keeper]
      R14  buy $ 36,893.06   sel     $39,000.00   [strat=reciprocal_fairness_keeper]
      R15  buy $ 13,078.50   sel     $38,500.00   [strat=reciprocal_fairness_keeper]
      R16  buy $ 18,027.28   sel     $38,250.00   [strat=reciprocal_fairness_keeper]
   run 18 done in 7.9 min

   run 19/30 on 2023 Ford Mustang GT Premium  seed=21364438
      R 1  buy $  1,886.97   sel     $43,999.00   [strat=opponent_aware_diagnostic] *
      R 2  buy $  5,855.28   sel     $42,999.00   [strat=opponent_aware_diagnostic]
      R 3  buy $ 36,803.15   sel     $41,999.00   [strat=opponent_aware_diagnostic]
      R 4  buy $ 27,914.49   sel     $40,999.00   [strat=opponent_aware_diagnostic]
      R 5  buy $ 39,773.21   sel     $40,299.00   [strat=opponent_aware_diagnostic]
      R 6  buy $  1,156.13   sel     $40,299.00   [strat=market_expert_value_justifier] *
      R 7  buy $ 11,625.55   sel     $40,299.00   [strat=market_expert_value_justifier]
      R 8  buy $ 12,487.36   sel     $40,299.00   [strat=market_expert_value_justifier]
      R 9  buy $ 39,827.31   sel     $40,000.00   [strat=market_expert_value_justifier]
      R10  buy $  8,850.75   sel     $40,000.00   [strat=market_expert_value_justifier]
      R11  buy $ 15,440.69   sel     $40,000.00   [strat=market_expert_value_justifier]
      R12  buy $  6,535.44   sel     $40,000.00   [strat=reciprocal_fairness_keeper] *
      R13  buy $ 37,726.93   sel     $38,863.47   [strat=reciprocal_fairness_keeper]
      R14  buy $ 30,482.32   sel     $38,863.47   [strat=reciprocal_fairness_keeper]
      R15  buy $ 24,822.97   sel     $38,863.47   [strat=reciprocal_fairness_keeper]
      R16  buy $ 25,926.60   sel     $38,863.47   [strat=reciprocal_fairness_keeper]
   run 19 done in 7.7 min

   run 20/30 on 2023 Ford Mustang GT Premium  seed=21364439
      R 1  buy $ 13,468.75   sel     $43,995.00   [strat=opponent_aware_diagnostic] *
      R 2  buy $ 41,910.26   sel     $42,500.00   [strat=opponent_aware_diagnostic]
      R 3  buy $  3,509.51   sel     $42,500.00   [strat=opponent_aware_diagnostic]
      R 4  buy $  2,145.83   sel     $42,500.00   [strat=opponent_aware_diagnostic]
      R 5  buy $ 20,446.52   sel     $42,500.00   [strat=opponent_aware_diagnostic]
      R 6  buy $ 25,415.92   sel     $42,500.00   [strat=market_expert_value_justifier] *
      R 7  buy $ 12,309.76   sel     $42,500.00   [strat=market_expert_value_justifier]
      R 8  buy $  5,895.41   sel     $42,500.00   [strat=market_expert_value_justifier]
      R 9  buy $ 25,384.59   sel     $42,500.00   [strat=market_expert_value_justifier]
      R10  buy $ 25,459.26   sel     $42,500.00   [strat=market_expert_value_justifier]
      R11  buy $ 15,879.35   sel     $42,500.00   [strat=market_expert_value_justifier]
      R12  buy $ 17,062.34   sel     $42,500.00   [strat=reciprocal_fairness_keeper] *
      R13  buy $  4,208.87   sel     $42,500.00   [strat=reciprocal_fairness_keeper]
      R14  buy $ 26,050.67   sel     $42,000.00   [strat=reciprocal_fairness_keeper]
      R15  buy $ 27,268.42   sel     $42,000.00   [strat=reciprocal_fairness_keeper]
      R16  buy $ 16,887.59   sel     $42,000.00   [strat=reciprocal_fairness_keeper]
   run 20 done in 8.4 min

   run 21/30 on 2023 Ford Mustang GT Premium  seed=21364440
      R 1  buy $ 14,632.63   sel     $44,500.00   [strat=opponent_aware_diagnostic] *
      R 2  buy $ 36,731.18   sel     $44,000.00   [strat=opponent_aware_diagnostic]
      R 3  buy $ 23,252.44   sel     $43,500.00   [strat=opponent_aware_diagnostic]
      R 4  buy $ 10,099.56   sel     $43,000.00   [strat=opponent_aware_diagnostic]
      R 5  buy $ 18,722.18   sel     $42,500.00   [strat=opponent_aware_diagnostic]
      R 6  buy $ 27,999.93   sel     $42,000.00   [strat=market_expert_value_justifier] *
      R 7  buy $ 22,295.90   sel     $41,500.00   [strat=market_expert_value_justifier]
      R 8  buy $  2,501.47   sel     $41,000.00   [strat=market_expert_value_justifier]
      R 9  buy $  2,520.07   sel     $40,500.00   [strat=market_expert_value_justifier]
      R10  buy $  1,047.91   sel     $40,000.00   [strat=market_expert_value_justifier]
      R11  buy $ 26,476.84   sel     $39,500.00   [strat=market_expert_value_justifier]
      R12  buy $  5,293.19   sel     $39,000.00   [strat=reciprocal_fairness_keeper] *
      R13  buy $    577.91   sel     $38,500.00   [strat=reciprocal_fairness_keeper]
      R14  buy $ 16,704.88   sel     $38,300.00   [strat=reciprocal_fairness_keeper]
      R15  buy $ 14,681.12   sel     $38,200.00   [strat=reciprocal_fairness_keeper]
      R16  buy $ 11,488.67   sel     $38,100.00   [strat=reciprocal_fairness_keeper]
   run 21 done in 8.7 min

   run 22/30 on 2023 Ford Mustang GT Premium  seed=21364441
      R 1  buy $ 36,353.38   sel     $38,500.00   [strat=opponent_aware_diagnostic] *
      R 2  buy $ 32,767.07   sel     $37,900.00   [strat=opponent_aware_diagnostic]
      R 3  buy $ 19,007.90   sel     $37,900.00   [strat=opponent_aware_diagnostic]
      R 4  buy $ 27,130.05   sel     $37,500.00   [strat=opponent_aware_diagnostic]
      R 5  buy $  1,144.46   sel     $37,500.00   [strat=opponent_aware_diagnostic]
      R 6  buy $ 29,179.33   sel     $37,500.00   [strat=market_expert_value_justifier] *
      R 7  buy $  8,421.47   sel     $37,500.00   [strat=market_expert_value_justifier]
      R 8  buy $ 22,198.34   sel     $37,250.00   [strat=market_expert_value_justifier]
      R 9  buy $ 36,764.82   sel     $36,764.82   [strat=market_expert_value_justifier]
      R10  buy $ 30,544.52   sel     $37,250.00   [strat=market_expert_value_justifier]
      R11  buy $ 31,620.23   sel     $37,250.00   [strat=market_expert_value_justifier]
      R12  buy $  4,694.55   sel     $37,250.00   [strat=reciprocal_fairness_keeper] *
      R13  buy $ 30,547.32   sel     $36,900.00   [strat=reciprocal_fairness_keeper]
      R14  buy $ 31,725.09   sel     PARSE-FAIL   [strat=reciprocal_fairness_keeper]
      R15  buy $ 31,175.33   sel     $36,750.00   [strat=reciprocal_fairness_keeper]
      R16  buy $  2,165.37   sel     $36,750.00   [strat=reciprocal_fairness_keeper]
   run 22 done in 7.0 min

   run 23/30 on 2023 Ford Mustang GT Premium  seed=21364442
      R 1  buy $ 22,057.47   sel     $42,500.00   [strat=opponent_aware_diagnostic] *
      R 2  buy $  1,810.17   sel     $40,000.00   [strat=opponent_aware_diagnostic]
      R 3  buy $ 21,304.24   sel     $39,500.00   [strat=opponent_aware_diagnostic]
      R 4  buy $ 36,500.67   sel     $38,500.00   [strat=opponent_aware_diagnostic]
      R 5  buy $ 34,327.69   sel     $38,500.00   [strat=opponent_aware_diagnostic]
      R 6  buy $ 25,041.69   sel     $38,500.00   [strat=market_expert_value_justifier] *
      R 7  buy $ 32,549.31   sel     $38,000.00   [strat=market_expert_value_justifier]
      R 8  buy $  5,869.78   sel     $38,500.00   [strat=market_expert_value_justifier]
      R 9  buy $ 34,036.58   sel     $37,500.00   [strat=market_expert_value_justifier]
      R10  buy $ 14,221.80   sel     $37,000.00   [strat=market_expert_value_justifier]
      R11  buy $ 31,098.65   sel     $36,500.00   [strat=market_expert_value_justifier]
      R12  buy $ 19,016.75   sel     $36,500.00   [strat=reciprocal_fairness_keeper] *
      R13  buy $ 29,197.43   sel     $36,200.00   [strat=reciprocal_fairness_keeper]
      R14  buy $ 22,157.32   sel     $36,150.00   [strat=reciprocal_fairness_keeper]
      R15  buy $ 18,419.36   sel     $36,100.00   [strat=reciprocal_fairness_keeper]
      R16  buy $  9,861.54   sel     $36,000.00   [strat=reciprocal_fairness_keeper]
   run 23 done in 8.3 min

   run 24/30 on 2023 Ford Mustang GT Premium  seed=21364443
      R 1  buy $ 34,940.73   sel     $42,500.00   [strat=opponent_aware_diagnostic] *
      R 2  buy $ 17,386.49   sel     $41,000.00   [strat=opponent_aware_diagnostic]
      R 3  buy $ 16,613.83   sel     $40,500.00   [strat=opponent_aware_diagnostic]
      R 4  buy $ 36,070.91   sel     $37,500.00   [strat=opponent_aware_diagnostic]
      R 5  buy $  1,550.30   sel     $37,500.00   [strat=opponent_aware_diagnostic]
      R 6  buy $ 16,149.27   sel     $37,500.00   [strat=market_expert_value_justifier] *
      R 7  buy $ 34,055.15   sel     $36,500.00   [strat=market_expert_value_justifier]
      R 8  buy $  5,465.75   sel     $36,500.00   [strat=market_expert_value_justifier]
      R 9  buy $  9,828.86   sel     $36,500.00   [strat=market_expert_value_justifier]
      R10  buy $  2,599.40   sel     $36,500.00   [strat=market_expert_value_justifier]
      R11  buy $  3,402.40   sel     $36,500.00   [strat=market_expert_value_justifier]
      R12  buy $ 36,070.28   sel     $36,070.28   [strat=reciprocal_fairness_keeper] *
      R13  buy $  4,280.99   sel     $36,070.28   [strat=reciprocal_fairness_keeper]
      R14  buy $  1,821.06   sel     $36,070.28   [strat=reciprocal_fairness_keeper]
      R15  buy $ 23,068.71   sel     $36,070.28   [strat=reciprocal_fairness_keeper]
      R16  buy $  7,497.03   sel     $36,070.28   [strat=reciprocal_fairness_keeper]
   run 24 done in 6.2 min

   run 25/30 on 2023 Ford Mustang GT Premium  seed=21364444
      R 1  buy $  3,745.05   sel     $44,500.00   [strat=opponent_aware_diagnostic] *
      R 2  buy $ 16,591.21   sel     $43,500.00   [strat=opponent_aware_diagnostic]
      R 3  buy $ 18,412.02   sel     $42,500.00   [strat=opponent_aware_diagnostic]
      R 4  buy $ 23,599.73   sel     $41,500.00   [strat=opponent_aware_diagnostic]
      R 5  buy $ 32,355.41   sel     $40,500.00   [strat=opponent_aware_diagnostic]
      R 6  buy $  3,379.85   sel     $40,500.00   [strat=market_expert_value_justifier] *
      R 7  buy $  2,911.28   sel     $40,500.00   [strat=market_expert_value_justifier]
      R 8  buy $ 39,303.71   sel     $40,000.00   [strat=market_expert_value_justifier]
      R 9  buy $ 31,877.60   sel     $39,500.00   [strat=market_expert_value_justifier]
      R10  buy $ 27,163.77   sel     $39,000.00   [strat=market_expert_value_justifier]
      R11  buy $ 29,551.74   sel     $38,500.00   [strat=market_expert_value_justifier]
      R12  buy $ 20,871.05   sel     $38,500.00   [strat=reciprocal_fairness_keeper] *
      R13  buy $ 29,025.24   sel     $38,000.00   [strat=reciprocal_fairness_keeper]
      R14  buy $ 18,353.33   sel     $38,000.00   [strat=reciprocal_fairness_keeper]
      R15  buy $ 36,430.21   sel     $37,000.00   [strat=reciprocal_fairness_keeper]
      R16  buy $  8,263.28   sel     $38,000.00   [strat=reciprocal_fairness_keeper]
   run 25 done in 7.3 min

   run 26/30 on 2023 Ford Mustang GT Premium  seed=21364445
      R 1  buy $  9,335.54   sel     $40,000.00   [strat=opponent_aware_diagnostic] *
      R 2  buy $ 32,510.34   sel     $38,500.00   [strat=opponent_aware_diagnostic]
      R 3  buy $ 10,795.78   sel     $38,000.00   [strat=opponent_aware_diagnostic]
      R 4  buy $  4,582.32   sel     $37,500.00   [strat=opponent_aware_diagnostic]
      R 5  buy $  3,512.85   sel     $37,000.00   [strat=opponent_aware_diagnostic]
      R 6  buy $ 13,472.09   sel     $36,500.00   [strat=market_expert_value_justifier] *
      R 7  buy $  9,594.74   sel     $36,500.00   [strat=market_expert_value_justifier]
      R 8  buy $ 36,448.19   sel     $36,448.19   [strat=market_expert_value_justifier]
      R 9  buy $ 30,045.11   sel     $36,400.00   [strat=market_expert_value_justifier]
      R10  buy $  6,843.35   sel     $36,400.00   [strat=market_expert_value_justifier]
      R11  buy $    783.77   sel     $36,400.00   [strat=market_expert_value_justifier]
      R12  buy $ 19,160.89   sel     $36,300.00   [strat=reciprocal_fairness_keeper] *
      R13  buy $ 14,882.21   sel     $36,200.00   [strat=reciprocal_fairness_keeper]
      R14  buy $  5,923.89   sel     $36,100.00   [strat=reciprocal_fairness_keeper]
      R15  buy $ 19,808.95   sel     $36,050.00   [strat=reciprocal_fairness_keeper]
      R16  buy $ 26,894.16   sel     $36,025.00   [strat=reciprocal_fairness_keeper]
   run 26 done in 7.8 min

   run 27/30 on 2023 Ford Mustang GT Premium  seed=21364446
      R 1  buy $ 16,098.37   sel     $41,500.00   [strat=opponent_aware_diagnostic] *
      R 2  buy $  5,110.66   sel     $40,900.00   [strat=opponent_aware_diagnostic]
      R 3  buy $ 16,080.33   sel     $40,600.00   [strat=opponent_aware_diagnostic]
      R 4  buy $ 38,443.89   sel     $40,200.00   [strat=opponent_aware_diagnostic]
      R 5  buy $ 22,336.62   sel     $40,200.00   [strat=opponent_aware_diagnostic]
      R 6  buy $ 35,231.47   sel     $39,500.00   [strat=market_expert_value_justifier] *
      R 7  buy $ 29,507.26   sel     $38,500.00   [strat=market_expert_value_justifier]
      R 8  buy $ 21,369.21   sel     $38,500.00   [strat=market_expert_value_justifier]
      R 9  buy $    993.39   sel     $38,500.00   [strat=market_expert_value_justifier]
      R10  buy $  5,612.94   sel     $38,500.00   [strat=market_expert_value_justifier]
      R11  buy $ 24,146.53   sel     $38,000.00   [strat=market_expert_value_justifier]
      R12  buy $ 25,564.71   sel     $37,500.00   [strat=reciprocal_fairness_keeper] *
      R13  buy $ 11,270.41   sel     $37,000.00   [strat=reciprocal_fairness_keeper]
      R14  buy $ 25,439.51   sel     $36,500.00   [strat=reciprocal_fairness_keeper]
      R15  buy $ 11,765.96   sel     $36,250.00   [strat=reciprocal_fairness_keeper]
      R16  buy $  2,431.54   sel     $36,250.00   [strat=reciprocal_fairness_keeper]
   run 27 done in 7.4 min

   run 28/30 on 2023 Ford Mustang GT Premium  seed=21364447
      R 1  buy $ 35,848.65   sel     $42,500.00   [strat=opponent_aware_diagnostic] *
      R 2  buy $  2,639.77   sel     $40,000.00   [strat=opponent_aware_diagnostic]
      R 3  buy $ 29,374.06   sel     $38,500.00   [strat=opponent_aware_diagnostic]
      R 4  buy $ 18,132.04   sel     $37,500.00   [strat=opponent_aware_diagnostic]
      R 5  buy $ 12,659.22   sel     $37,000.00   [strat=opponent_aware_diagnostic]
      R 6  buy $ 33,482.33   sel     $36,500.00   [strat=market_expert_value_justifier] *
      R 7  buy $ 24,086.08   sel     $36,500.00   [strat=market_expert_value_justifier]
      R 8  buy $ 21,706.13   sel     $36,500.00   [strat=market_expert_value_justifier]
      R 9  buy $ 22,693.29   sel     $36,500.00   [strat=market_expert_value_justifier]
      R10  buy $ 21,396.95   sel     $36,500.00   [strat=market_expert_value_justifier]
      R11  buy $     44.14   sel     $36,500.00   [strat=market_expert_value_justifier]
      R12  buy $ 15,173.50   sel     $36,500.00   [strat=reciprocal_fairness_keeper] *
      R13  buy $ 20,789.02   sel     $36,500.00   [strat=reciprocal_fairness_keeper]
      R14  buy $ 25,619.73   sel     $36,500.00   [strat=reciprocal_fairness_keeper]
      R15  buy $ 21,616.66   sel     $36,000.00   [strat=reciprocal_fairness_keeper]
      R16  buy $ 12,832.80   sel     $36,000.00   [strat=reciprocal_fairness_keeper]
   run 28 done in 7.9 min

   run 29/30 on 2023 Ford Mustang GT Premium  seed=21364448
      R 1  buy $ 33,410.56   sel     $37,500.00   [strat=opponent_aware_diagnostic] *
      R 2  buy $ 22,825.02   sel     $36,900.00   [strat=opponent_aware_diagnostic]
      R 3  buy $  3,456.21   sel     $36,500.00   [strat=opponent_aware_diagnostic]
      R 4  buy $  1,462.40   sel     $36,250.00   [strat=opponent_aware_diagnostic]
      R 5  buy $ 14,451.73   sel     $36,200.00   [strat=opponent_aware_diagnostic]
      R 6  buy $ 23,509.56   sel     $36,100.00   [strat=market_expert_value_justifier] *
      R 7  buy $ 30,511.71   sel     $36,000.00   [strat=market_expert_value_justifier]
      R 8  buy $  5,507.98   sel     $36,000.00   [strat=market_expert_value_justifier]
      R 9  buy $ 21,190.38   sel     $36,000.00   [strat=market_expert_value_justifier]
      R10  buy $ 10,234.06   sel     $36,000.00   [strat=market_expert_value_justifier]
      R11  buy $ 31,033.58   sel     $35,900.00   [strat=market_expert_value_justifier]
      R12  buy $ 29,800.49   sel     $36,000.00   [strat=reciprocal_fairness_keeper] *
      R13  buy $ 33,774.88   sel     $35,900.00   [strat=reciprocal_fairness_keeper]
      R14  buy $ 22,233.22   sel     $36,000.00   [strat=reciprocal_fairness_keeper]
      R15  buy $ 17,680.27   sel     $36,000.00   [strat=reciprocal_fairness_keeper]
      R16  buy $ 10,954.88   sel     $36,000.00   [strat=reciprocal_fairness_keeper]
   run 29 done in 7.1 min

   run 30/30 on 2023 Ford Mustang GT Premium  seed=21364449
      R 1  buy $ 34,038.18   sel     $42,500.00   [strat=opponent_aware_diagnostic] *
      R 2  buy $ 41,042.44   sel     $41,900.00   [strat=opponent_aware_diagnostic]
      R 3  buy $ 20,989.27   sel     $41,900.00   [strat=opponent_aware_diagnostic]
      R 4  buy $ 28,230.71   sel     $41,500.00   [strat=opponent_aware_diagnostic]
      R 5  buy $ 26,483.71   sel     $41,000.00   [strat=opponent_aware_diagnostic]
      R 6  buy $  3,665.78   sel     $41,000.00   [strat=market_expert_value_justifier] *
      R 7  buy $ 25,117.03   sel     $41,000.00   [strat=market_expert_value_justifier]
      R 8  buy $ 25,017.49   sel     $41,000.00   [strat=market_expert_value_justifier]
      R 9  buy $ 28,227.34   sel     $40,500.00   [strat=market_expert_value_justifier]
      R10  buy $  1,001.82   sel     $40,500.00   [strat=market_expert_value_justifier]
      R11  buy $  4,003.73   sel     $40,500.00   [strat=market_expert_value_justifier]
      R12  buy $ 14,738.89   sel     $40,000.00   [strat=reciprocal_fairness_keeper] *
      R13  buy $ 21,693.57   sel     $40,000.00   [strat=reciprocal_fairness_keeper]
      R14  buy $  1,821.06   sel     $40,000.00   [strat=reciprocal_fairness_keeper]
      R15  buy $  4,030.10   sel     $40,000.00   [strat=reciprocal_fairness_keeper]
      R16  buy $ 10,599.75   sel     $40,000.00   [strat=reciprocal_fairness_keeper]
   run 30 done in 6.0 min

   ---> checkpoint: car 5/5 done in 242.7 min; total so far 1118.4 min; saved 150 runs to exp11_transitionB_rep3.json

=== FINISH exp11_transitionB_rep3 in 18.64 h (150 runs) -> results\exp11_transitionB_rep3.json ===
